month_key,date_key,gateway,payment_method,decline_reason,failed_count
202407,20240701,GW-ATLAS,BNPL,3DS Authentication Failed,299
202407,20240701,GW-ATLAS,BNPL,Gateway Timeout,352
202407,20240701,GW-ATLAS,BNPL,Insufficient Funds,661
202407,20240701,GW-ATLAS,BNPL,Invalid Card / Account Data,334
202407,20240701,GW-ATLAS,BNPL,Issuer Decline,334
202407,20240701,GW-ATLAS,BNPL,Risk / Fraud Rule,4535
202407,20240701,GW-ATLAS,CARD,3DS Authentication Failed,13833
202407,20240701,GW-ATLAS,CARD,Gateway Timeout,4132
202407,20240701,GW-ATLAS,CARD,Insufficient Funds,15145
202407,20240701,GW-ATLAS,CARD,Invalid Card / Account Data,5435
202407,20240701,GW-ATLAS,CARD,Issuer Decline,23778
202407,20240701,GW-ATLAS,CARD,Risk / Fraud Rule,7050
202407,20240701,GW-ATLAS,TOKEN,3DS Authentication Failed,215
202407,20240701,GW-ATLAS,TOKEN,Gateway Timeout,352
202407,20240701,GW-ATLAS,TOKEN,Insufficient Funds,1144
202407,20240701,GW-ATLAS,TOKEN,Invalid Card / Account Data,440
202407,20240701,GW-ATLAS,TOKEN,Issuer Decline,1762
202407,20240701,GW-ATLAS,TOKEN,Risk / Fraud Rule,531
202407,20240701,GW-NILE,BANKTR,Gateway Timeout,215
202407,20240701,GW-NILE,BANKTR,Insufficient Funds,297
202407,20240701,GW-NILE,BANKTR,Invalid Card / Account Data,352
202407,20240701,GW-NILE,BANKTR,Issuer Decline,97
202407,20240701,GW-NILE,BANKTR,Risk / Fraud Rule,48
202407,20240701,GW-NILE,BNPL,3DS Authentication Failed,89
202407,20240701,GW-NILE,BNPL,Gateway Timeout,70
202407,20240701,GW-NILE,BNPL,Insufficient Funds,138
202407,20240701,GW-NILE,BNPL,Invalid Card / Account Data,88
202407,20240701,GW-NILE,BNPL,Issuer Decline,76
202407,20240701,GW-NILE,BNPL,Risk / Fraud Rule,1095
202407,20240701,GW-NILE,CARD,3DS Authentication Failed,2591
202407,20240701,GW-NILE,CARD,Gateway Timeout,784
202407,20240701,GW-NILE,CARD,Insufficient Funds,2827
202407,20240701,GW-NILE,CARD,Invalid Card / Account Data,1014
202407,20240701,GW-NILE,CARD,Issuer Decline,4312
202407,20240701,GW-NILE,CARD,Risk / Fraud Rule,1256
202407,20240701,GW-NILE,LDEBIT,3DS Authentication Failed,1150
202407,20240701,GW-NILE,LDEBIT,Gateway Timeout,855
202407,20240701,GW-NILE,LDEBIT,Insufficient Funds,4336
202407,20240701,GW-NILE,LDEBIT,Invalid Card / Account Data,1151
202407,20240701,GW-NILE,LDEBIT,Issuer Decline,3418
202407,20240701,GW-NILE,LDEBIT,Risk / Fraud Rule,598
202407,20240701,GW-NILE,TOKEN,3DS Authentication Failed,134
202407,20240701,GW-NILE,TOKEN,Gateway Timeout,226
202407,20240701,GW-NILE,TOKEN,Insufficient Funds,773
202407,20240701,GW-NILE,TOKEN,Invalid Card / Account Data,293
202407,20240701,GW-NILE,TOKEN,Issuer Decline,1194
202407,20240701,GW-NILE,TOKEN,Risk / Fraud Rule,337
202407,20240701,GW-NILE,WALLET,3DS Authentication Failed,5205
202407,20240701,GW-NILE,WALLET,Gateway Timeout,5035
202407,20240701,GW-NILE,WALLET,Insufficient Funds,11920
202407,20240701,GW-NILE,WALLET,Invalid Card / Account Data,3393
202407,20240701,GW-NILE,WALLET,Issuer Decline,6758
202407,20240701,GW-NILE,WALLET,Risk / Fraud Rule,1740
202407,20240701,GW-NIMBUS,BANKTR,Gateway Timeout,63
202407,20240701,GW-NIMBUS,BANKTR,Insufficient Funds,129
202407,20240701,GW-NIMBUS,BANKTR,Invalid Card / Account Data,140
202407,20240701,GW-NIMBUS,BANKTR,Issuer Decline,35
202407,20240701,GW-NIMBUS,BANKTR,Risk / Fraud Rule,13
202407,20240701,GW-NIMBUS,CARD,3DS Authentication Failed,5918
202407,20240701,GW-NIMBUS,CARD,Gateway Timeout,1753
202407,20240701,GW-NIMBUS,CARD,Insufficient Funds,6518
202407,20240701,GW-NIMBUS,CARD,Invalid Card / Account Data,2351
202407,20240701,GW-NIMBUS,CARD,Issuer Decline,10181
202407,20240701,GW-NIMBUS,CARD,Risk / Fraud Rule,2982
202407,20240701,GW-NIMBUS,LDEBIT,3DS Authentication Failed,766
202407,20240701,GW-NIMBUS,LDEBIT,Gateway Timeout,546
202407,20240701,GW-NIMBUS,LDEBIT,Insufficient Funds,3008
202407,20240701,GW-NIMBUS,LDEBIT,Invalid Card / Account Data,838
202407,20240701,GW-NIMBUS,LDEBIT,Issuer Decline,2427
202407,20240701,GW-NIMBUS,LDEBIT,Risk / Fraud Rule,410
202407,20240701,GW-NIMBUS,TOKEN,3DS Authentication Failed,96
202407,20240701,GW-NIMBUS,TOKEN,Gateway Timeout,159
202407,20240701,GW-NIMBUS,TOKEN,Insufficient Funds,498
202407,20240701,GW-NIMBUS,TOKEN,Invalid Card / Account Data,246
202407,20240701,GW-NIMBUS,TOKEN,Issuer Decline,884
202407,20240701,GW-NIMBUS,TOKEN,Risk / Fraud Rule,260
202407,20240701,GW-ORION,CARD,3DS Authentication Failed,6539
202407,20240701,GW-ORION,CARD,Gateway Timeout,1995
202407,20240701,GW-ORION,CARD,Insufficient Funds,7207
202407,20240701,GW-ORION,CARD,Invalid Card / Account Data,2675
202407,20240701,GW-ORION,CARD,Issuer Decline,11217
202407,20240701,GW-ORION,CARD,Risk / Fraud Rule,3319
202407,20240701,GW-ORION,TOKEN,3DS Authentication Failed,180
202407,20240701,GW-ORION,TOKEN,Gateway Timeout,238
202407,20240701,GW-ORION,TOKEN,Insufficient Funds,736
202407,20240701,GW-ORION,TOKEN,Invalid Card / Account Data,332
202407,20240701,GW-ORION,TOKEN,Issuer Decline,1161
202407,20240701,GW-ORION,TOKEN,Risk / Fraud Rule,376
202408,20240801,GW-ATLAS,BNPL,3DS Authentication Failed,327
202408,20240801,GW-ATLAS,BNPL,Gateway Timeout,324
202408,20240801,GW-ATLAS,BNPL,Insufficient Funds,643
202408,20240801,GW-ATLAS,BNPL,Invalid Card / Account Data,338
202408,20240801,GW-ATLAS,BNPL,Issuer Decline,307
202408,20240801,GW-ATLAS,BNPL,Risk / Fraud Rule,4575
202408,20240801,GW-ATLAS,CARD,3DS Authentication Failed,14058
202408,20240801,GW-ATLAS,CARD,Gateway Timeout,4346
202408,20240801,GW-ATLAS,CARD,Insufficient Funds,15696
202408,20240801,GW-ATLAS,CARD,Invalid Card / Account Data,5603
202408,20240801,GW-ATLAS,CARD,Issuer Decline,24215
202408,20240801,GW-ATLAS,CARD,Risk / Fraud Rule,7290
202408,20240801,GW-ATLAS,TOKEN,3DS Authentication Failed,211
202408,20240801,GW-ATLAS,TOKEN,Gateway Timeout,370
202408,20240801,GW-ATLAS,TOKEN,Insufficient Funds,1144
202408,20240801,GW-ATLAS,TOKEN,Invalid Card / Account Data,449
202408,20240801,GW-ATLAS,TOKEN,Issuer Decline,1775
202408,20240801,GW-ATLAS,TOKEN,Risk / Fraud Rule,569
202408,20240801,GW-NILE,BANKTR,Gateway Timeout,166
202408,20240801,GW-NILE,BANKTR,Insufficient Funds,233
202408,20240801,GW-NILE,BANKTR,Invalid Card / Account Data,308
202408,20240801,GW-NILE,BANKTR,Issuer Decline,73
202408,20240801,GW-NILE,BANKTR,Risk / Fraud Rule,50
202408,20240801,GW-NILE,BNPL,3DS Authentication Failed,74
202408,20240801,GW-NILE,BNPL,Gateway Timeout,57
202408,20240801,GW-NILE,BNPL,Insufficient Funds,145
202408,20240801,GW-NILE,BNPL,Invalid Card / Account Data,63
202408,20240801,GW-NILE,BNPL,Issuer Decline,82
202408,20240801,GW-NILE,BNPL,Risk / Fraud Rule,1059
202408,20240801,GW-NILE,CARD,3DS Authentication Failed,2670
202408,20240801,GW-NILE,CARD,Gateway Timeout,848
202408,20240801,GW-NILE,CARD,Insufficient Funds,2993
202408,20240801,GW-NILE,CARD,Invalid Card / Account Data,1109
202408,20240801,GW-NILE,CARD,Issuer Decline,4552
202408,20240801,GW-NILE,CARD,Risk / Fraud Rule,1347
202408,20240801,GW-NILE,LDEBIT,3DS Authentication Failed,1290
202408,20240801,GW-NILE,LDEBIT,Gateway Timeout,890
202408,20240801,GW-NILE,LDEBIT,Insufficient Funds,4527
202408,20240801,GW-NILE,LDEBIT,Invalid Card / Account Data,1172
202408,20240801,GW-NILE,LDEBIT,Issuer Decline,3636
202408,20240801,GW-NILE,LDEBIT,Risk / Fraud Rule,590
202408,20240801,GW-NILE,TOKEN,3DS Authentication Failed,139
202408,20240801,GW-NILE,TOKEN,Gateway Timeout,237
202408,20240801,GW-NILE,TOKEN,Insufficient Funds,711
202408,20240801,GW-NILE,TOKEN,Invalid Card / Account Data,302
202408,20240801,GW-NILE,TOKEN,Issuer Decline,1153
202408,20240801,GW-NILE,TOKEN,Risk / Fraud Rule,317
202408,20240801,GW-NILE,WALLET,3DS Authentication Failed,5359
202408,20240801,GW-NILE,WALLET,Gateway Timeout,5266
202408,20240801,GW-NILE,WALLET,Insufficient Funds,12327
202408,20240801,GW-NILE,WALLET,Invalid Card / Account Data,3522
202408,20240801,GW-NILE,WALLET,Issuer Decline,7009
202408,20240801,GW-NILE,WALLET,Risk / Fraud Rule,1749
202408,20240801,GW-NIMBUS,BANKTR,Gateway Timeout,89
202408,20240801,GW-NIMBUS,BANKTR,Insufficient Funds,133
202408,20240801,GW-NIMBUS,BANKTR,Invalid Card / Account Data,137
202408,20240801,GW-NIMBUS,BANKTR,Issuer Decline,50
202408,20240801,GW-NIMBUS,BANKTR,Risk / Fraud Rule,28
202408,20240801,GW-NIMBUS,CARD,3DS Authentication Failed,5886
202408,20240801,GW-NIMBUS,CARD,Gateway Timeout,1849
202408,20240801,GW-NIMBUS,CARD,Insufficient Funds,6412
202408,20240801,GW-NIMBUS,CARD,Invalid Card / Account Data,2375
202408,20240801,GW-NIMBUS,CARD,Issuer Decline,10101
202408,20240801,GW-NIMBUS,CARD,Risk / Fraud Rule,2932
202408,20240801,GW-NIMBUS,LDEBIT,3DS Authentication Failed,819
202408,20240801,GW-NIMBUS,LDEBIT,Gateway Timeout,606
202408,20240801,GW-NIMBUS,LDEBIT,Insufficient Funds,3100
202408,20240801,GW-NIMBUS,LDEBIT,Invalid Card / Account Data,939
202408,20240801,GW-NIMBUS,LDEBIT,Issuer Decline,2463
202408,20240801,GW-NIMBUS,LDEBIT,Risk / Fraud Rule,396
202408,20240801,GW-NIMBUS,TOKEN,3DS Authentication Failed,112
202408,20240801,GW-NIMBUS,TOKEN,Gateway Timeout,193
202408,20240801,GW-NIMBUS,TOKEN,Insufficient Funds,591
202408,20240801,GW-NIMBUS,TOKEN,Invalid Card / Account Data,269
202408,20240801,GW-NIMBUS,TOKEN,Issuer Decline,913
202408,20240801,GW-NIMBUS,TOKEN,Risk / Fraud Rule,309
202408,20240801,GW-ORION,CARD,3DS Authentication Failed,6632
202408,20240801,GW-ORION,CARD,Gateway Timeout,2037
202408,20240801,GW-ORION,CARD,Insufficient Funds,7432
202408,20240801,GW-ORION,CARD,Invalid Card / Account Data,2645
202408,20240801,GW-ORION,CARD,Issuer Decline,11411
202408,20240801,GW-ORION,CARD,Risk / Fraud Rule,3385
202408,20240801,GW-ORION,TOKEN,3DS Authentication Failed,152
202408,20240801,GW-ORION,TOKEN,Gateway Timeout,251
202408,20240801,GW-ORION,TOKEN,Insufficient Funds,746
202408,20240801,GW-ORION,TOKEN,Invalid Card / Account Data,302
202408,20240801,GW-ORION,TOKEN,Issuer Decline,1204
202408,20240801,GW-ORION,TOKEN,Risk / Fraud Rule,382
202409,20240901,GW-ATLAS,BNPL,3DS Authentication Failed,336
202409,20240901,GW-ATLAS,BNPL,Gateway Timeout,288
202409,20240901,GW-ATLAS,BNPL,Insufficient Funds,646
202409,20240901,GW-ATLAS,BNPL,Invalid Card / Account Data,360
202409,20240901,GW-ATLAS,BNPL,Issuer Decline,345
202409,20240901,GW-ATLAS,BNPL,Risk / Fraud Rule,4568
202409,20240901,GW-ATLAS,CARD,3DS Authentication Failed,14515
202409,20240901,GW-ATLAS,CARD,Gateway Timeout,4289
202409,20240901,GW-ATLAS,CARD,Insufficient Funds,16000
202409,20240901,GW-ATLAS,CARD,Invalid Card / Account Data,5878
202409,20240901,GW-ATLAS,CARD,Issuer Decline,24655
202409,20240901,GW-ATLAS,CARD,Risk / Fraud Rule,7170
202409,20240901,GW-ATLAS,TOKEN,3DS Authentication Failed,211
202409,20240901,GW-ATLAS,TOKEN,Gateway Timeout,348
202409,20240901,GW-ATLAS,TOKEN,Insufficient Funds,1075
202409,20240901,GW-ATLAS,TOKEN,Invalid Card / Account Data,423
202409,20240901,GW-ATLAS,TOKEN,Issuer Decline,1846
202409,20240901,GW-ATLAS,TOKEN,Risk / Fraud Rule,528
202409,20240901,GW-NILE,BANKTR,Gateway Timeout,172
202409,20240901,GW-NILE,BANKTR,Insufficient Funds,286
202409,20240901,GW-NILE,BANKTR,Invalid Card / Account Data,308
202409,20240901,GW-NILE,BANKTR,Issuer Decline,92
202409,20240901,GW-NILE,BANKTR,Risk / Fraud Rule,39
202409,20240901,GW-NILE,BNPL,3DS Authentication Failed,82
202409,20240901,GW-NILE,BNPL,Gateway Timeout,67
202409,20240901,GW-NILE,BNPL,Insufficient Funds,147
202409,20240901,GW-NILE,BNPL,Invalid Card / Account Data,87
202409,20240901,GW-NILE,BNPL,Issuer Decline,90
202409,20240901,GW-NILE,BNPL,Risk / Fraud Rule,1059
202409,20240901,GW-NILE,CARD,3DS Authentication Failed,3438
202409,20240901,GW-NILE,CARD,Gateway Timeout,1034
202409,20240901,GW-NILE,CARD,Insufficient Funds,3752
202409,20240901,GW-NILE,CARD,Invalid Card / Account Data,1348
202409,20240901,GW-NILE,CARD,Issuer Decline,5816
202409,20240901,GW-NILE,CARD,Risk / Fraud Rule,1722
202409,20240901,GW-NILE,LDEBIT,3DS Authentication Failed,1349
202409,20240901,GW-NILE,LDEBIT,Gateway Timeout,930
202409,20240901,GW-NILE,LDEBIT,Insufficient Funds,4921
202409,20240901,GW-NILE,LDEBIT,Invalid Card / Account Data,1296
202409,20240901,GW-NILE,LDEBIT,Issuer Decline,3849
202409,20240901,GW-NILE,LDEBIT,Risk / Fraud Rule,671
202409,20240901,GW-NILE,TOKEN,3DS Authentication Failed,135
202409,20240901,GW-NILE,TOKEN,Gateway Timeout,238
202409,20240901,GW-NILE,TOKEN,Insufficient Funds,743
202409,20240901,GW-NILE,TOKEN,Invalid Card / Account Data,317
202409,20240901,GW-NILE,TOKEN,Issuer Decline,1224
202409,20240901,GW-NILE,TOKEN,Risk / Fraud Rule,367
202409,20240901,GW-NILE,WALLET,3DS Authentication Failed,5853
202409,20240901,GW-NILE,WALLET,Gateway Timeout,5927
202409,20240901,GW-NILE,WALLET,Insufficient Funds,13685
202409,20240901,GW-NILE,WALLET,Invalid Card / Account Data,3945
202409,20240901,GW-NILE,WALLET,Issuer Decline,7816
202409,20240901,GW-NILE,WALLET,Risk / Fraud Rule,1971
202409,20240901,GW-NIMBUS,BANKTR,Gateway Timeout,65
202409,20240901,GW-NIMBUS,BANKTR,Insufficient Funds,123
202409,20240901,GW-NIMBUS,BANKTR,Invalid Card / Account Data,131
202409,20240901,GW-NIMBUS,BANKTR,Issuer Decline,43
202409,20240901,GW-NIMBUS,BANKTR,Risk / Fraud Rule,27
202409,20240901,GW-NIMBUS,CARD,3DS Authentication Failed,6217
202409,20240901,GW-NIMBUS,CARD,Gateway Timeout,1935
202409,20240901,GW-NIMBUS,CARD,Insufficient Funds,6811
202409,20240901,GW-NIMBUS,CARD,Invalid Card / Account Data,2396
202409,20240901,GW-NIMBUS,CARD,Issuer Decline,10512
202409,20240901,GW-NIMBUS,CARD,Risk / Fraud Rule,3041
202409,20240901,GW-NIMBUS,LDEBIT,3DS Authentication Failed,859
202409,20240901,GW-NIMBUS,LDEBIT,Gateway Timeout,620
202409,20240901,GW-NIMBUS,LDEBIT,Insufficient Funds,3239
202409,20240901,GW-NIMBUS,LDEBIT,Invalid Card / Account Data,872
202409,20240901,GW-NIMBUS,LDEBIT,Issuer Decline,2578
202409,20240901,GW-NIMBUS,LDEBIT,Risk / Fraud Rule,429
202409,20240901,GW-NIMBUS,TOKEN,3DS Authentication Failed,99
202409,20240901,GW-NIMBUS,TOKEN,Gateway Timeout,173
202409,20240901,GW-NIMBUS,TOKEN,Insufficient Funds,570
202409,20240901,GW-NIMBUS,TOKEN,Invalid Card / Account Data,211
202409,20240901,GW-NIMBUS,TOKEN,Issuer Decline,925
202409,20240901,GW-NIMBUS,TOKEN,Risk / Fraud Rule,249
202409,20240901,GW-ORION,CARD,3DS Authentication Failed,6920
202409,20240901,GW-ORION,CARD,Gateway Timeout,2002
202409,20240901,GW-ORION,CARD,Insufficient Funds,7557
202409,20240901,GW-ORION,CARD,Invalid Card / Account Data,2726
202409,20240901,GW-ORION,CARD,Issuer Decline,11841
202409,20240901,GW-ORION,CARD,Risk / Fraud Rule,3330
202409,20240901,GW-ORION,TOKEN,3DS Authentication Failed,140
202409,20240901,GW-ORION,TOKEN,Gateway Timeout,230
202409,20240901,GW-ORION,TOKEN,Insufficient Funds,729
202409,20240901,GW-ORION,TOKEN,Invalid Card / Account Data,285
202409,20240901,GW-ORION,TOKEN,Issuer Decline,1182
202409,20240901,GW-ORION,TOKEN,Risk / Fraud Rule,344
202410,20241001,GW-ATLAS,BNPL,3DS Authentication Failed,335
202410,20241001,GW-ATLAS,BNPL,Gateway Timeout,331
202410,20241001,GW-ATLAS,BNPL,Insufficient Funds,705
202410,20241001,GW-ATLAS,BNPL,Invalid Card / Account Data,329
202410,20241001,GW-ATLAS,BNPL,Issuer Decline,327
202410,20241001,GW-ATLAS,BNPL,Risk / Fraud Rule,4812
202410,20241001,GW-ATLAS,CARD,3DS Authentication Failed,14577
202410,20241001,GW-ATLAS,CARD,Gateway Timeout,4283
202410,20241001,GW-ATLAS,CARD,Insufficient Funds,16102
202410,20241001,GW-ATLAS,CARD,Invalid Card / Account Data,5798
202410,20241001,GW-ATLAS,CARD,Issuer Decline,24750
202410,20241001,GW-ATLAS,CARD,Risk / Fraud Rule,7410
202410,20241001,GW-ATLAS,TOKEN,3DS Authentication Failed,225
202410,20241001,GW-ATLAS,TOKEN,Gateway Timeout,348
202410,20241001,GW-ATLAS,TOKEN,Insufficient Funds,1145
202410,20241001,GW-ATLAS,TOKEN,Invalid Card / Account Data,473
202410,20241001,GW-ATLAS,TOKEN,Issuer Decline,1783
202410,20241001,GW-ATLAS,TOKEN,Risk / Fraud Rule,552
202410,20241001,GW-NILE,BANKTR,Gateway Timeout,156
202410,20241001,GW-NILE,BANKTR,Insufficient Funds,222
202410,20241001,GW-NILE,BANKTR,Invalid Card / Account Data,318
202410,20241001,GW-NILE,BANKTR,Issuer Decline,73
202410,20241001,GW-NILE,BANKTR,Risk / Fraud Rule,40
202410,20241001,GW-NILE,BNPL,3DS Authentication Failed,86
202410,20241001,GW-NILE,BNPL,Gateway Timeout,73
202410,20241001,GW-NILE,BNPL,Insufficient Funds,169
202410,20241001,GW-NILE,BNPL,Invalid Card / Account Data,76
202410,20241001,GW-NILE,BNPL,Issuer Decline,91
202410,20241001,GW-NILE,BNPL,Risk / Fraud Rule,1085
202410,20241001,GW-NILE,CARD,3DS Authentication Failed,3616
202410,20241001,GW-NILE,CARD,Gateway Timeout,1102
202410,20241001,GW-NILE,CARD,Insufficient Funds,4007
202410,20241001,GW-NILE,CARD,Invalid Card / Account Data,1517
202410,20241001,GW-NILE,CARD,Issuer Decline,6302
202410,20241001,GW-NILE,CARD,Risk / Fraud Rule,1866
202410,20241001,GW-NILE,LDEBIT,3DS Authentication Failed,1302
202410,20241001,GW-NILE,LDEBIT,Gateway Timeout,939
202410,20241001,GW-NILE,LDEBIT,Insufficient Funds,5105
202410,20241001,GW-NILE,LDEBIT,Invalid Card / Account Data,1344
202410,20241001,GW-NILE,LDEBIT,Issuer Decline,4067
202410,20241001,GW-NILE,LDEBIT,Risk / Fraud Rule,634
202410,20241001,GW-NILE,TOKEN,3DS Authentication Failed,144
202410,20241001,GW-NILE,TOKEN,Gateway Timeout,259
202410,20241001,GW-NILE,TOKEN,Insufficient Funds,686
202410,20241001,GW-NILE,TOKEN,Invalid Card / Account Data,302
202410,20241001,GW-NILE,TOKEN,Issuer Decline,1233
202410,20241001,GW-NILE,TOKEN,Risk / Fraud Rule,380
202410,20241001,GW-NILE,WALLET,3DS Authentication Failed,6169
202410,20241001,GW-NILE,WALLET,Gateway Timeout,6067
202410,20241001,GW-NILE,WALLET,Insufficient Funds,14379
202410,20241001,GW-NILE,WALLET,Invalid Card / Account Data,4061
202410,20241001,GW-NILE,WALLET,Issuer Decline,8267
202410,20241001,GW-NILE,WALLET,Risk / Fraud Rule,2086
202410,20241001,GW-NIMBUS,BANKTR,Gateway Timeout,89
202410,20241001,GW-NIMBUS,BANKTR,Insufficient Funds,142
202410,20241001,GW-NIMBUS,BANKTR,Invalid Card / Account Data,170
202410,20241001,GW-NIMBUS,BANKTR,Issuer Decline,50
202410,20241001,GW-NIMBUS,BANKTR,Risk / Fraud Rule,22
202410,20241001,GW-NIMBUS,CARD,3DS Authentication Failed,6345
202410,20241001,GW-NIMBUS,CARD,Gateway Timeout,1948
202410,20241001,GW-NIMBUS,CARD,Insufficient Funds,7113
202410,20241001,GW-NIMBUS,CARD,Invalid Card / Account Data,2381
202410,20241001,GW-NIMBUS,CARD,Issuer Decline,10556
202410,20241001,GW-NIMBUS,CARD,Risk / Fraud Rule,3152
202410,20241001,GW-NIMBUS,LDEBIT,3DS Authentication Failed,844
202410,20241001,GW-NIMBUS,LDEBIT,Gateway Timeout,562
202410,20241001,GW-NIMBUS,LDEBIT,Insufficient Funds,3257
202410,20241001,GW-NIMBUS,LDEBIT,Invalid Card / Account Data,797
202410,20241001,GW-NIMBUS,LDEBIT,Issuer Decline,2532
202410,20241001,GW-NIMBUS,LDEBIT,Risk / Fraud Rule,432
202410,20241001,GW-NIMBUS,TOKEN,3DS Authentication Failed,104
202410,20241001,GW-NIMBUS,TOKEN,Gateway Timeout,193
202410,20241001,GW-NIMBUS,TOKEN,Insufficient Funds,597
202410,20241001,GW-NIMBUS,TOKEN,Invalid Card / Account Data,231
202410,20241001,GW-NIMBUS,TOKEN,Issuer Decline,935
202410,20241001,GW-NIMBUS,TOKEN,Risk / Fraud Rule,283
202410,20241001,GW-ORION,CARD,3DS Authentication Failed,7034
202410,20241001,GW-ORION,CARD,Gateway Timeout,2088
202410,20241001,GW-ORION,CARD,Insufficient Funds,7631
202410,20241001,GW-ORION,CARD,Invalid Card / Account Data,2732
202410,20241001,GW-ORION,CARD,Issuer Decline,11802
202410,20241001,GW-ORION,CARD,Risk / Fraud Rule,3489
202410,20241001,GW-ORION,TOKEN,3DS Authentication Failed,160
202410,20241001,GW-ORION,TOKEN,Gateway Timeout,223
202410,20241001,GW-ORION,TOKEN,Insufficient Funds,841
202410,20241001,GW-ORION,TOKEN,Invalid Card / Account Data,319
202410,20241001,GW-ORION,TOKEN,Issuer Decline,1279
202410,20241001,GW-ORION,TOKEN,Risk / Fraud Rule,374
202411,20241101,GW-ATLAS,BNPL,3DS Authentication Failed,348
202411,20241101,GW-ATLAS,BNPL,Gateway Timeout,346
202411,20241101,GW-ATLAS,BNPL,Insufficient Funds,729
202411,20241101,GW-ATLAS,BNPL,Invalid Card / Account Data,338
202411,20241101,GW-ATLAS,BNPL,Issuer Decline,340
202411,20241101,GW-ATLAS,BNPL,Risk / Fraud Rule,5205
202411,20241101,GW-ATLAS,CARD,3DS Authentication Failed,15396
202411,20241101,GW-ATLAS,CARD,Gateway Timeout,4599
202411,20241101,GW-ATLAS,CARD,Insufficient Funds,17028
202411,20241101,GW-ATLAS,CARD,Invalid Card / Account Data,6239
202411,20241101,GW-ATLAS,CARD,Issuer Decline,26436
202411,20241101,GW-ATLAS,CARD,Risk / Fraud Rule,7827
202411,20241101,GW-ATLAS,TOKEN,3DS Authentication Failed,240
202411,20241101,GW-ATLAS,TOKEN,Gateway Timeout,430
202411,20241101,GW-ATLAS,TOKEN,Insufficient Funds,1256
202411,20241101,GW-ATLAS,TOKEN,Invalid Card / Account Data,443
202411,20241101,GW-ATLAS,TOKEN,Issuer Decline,1904
202411,20241101,GW-ATLAS,TOKEN,Risk / Fraud Rule,594
202411,20241101,GW-NILE,BANKTR,Gateway Timeout,169
202411,20241101,GW-NILE,BANKTR,Insufficient Funds,227
202411,20241101,GW-NILE,BANKTR,Invalid Card / Account Data,279
202411,20241101,GW-NILE,BANKTR,Issuer Decline,84
202411,20241101,GW-NILE,BANKTR,Risk / Fraud Rule,37
202411,20241101,GW-NILE,BNPL,3DS Authentication Failed,84
202411,20241101,GW-NILE,BNPL,Gateway Timeout,109
202411,20241101,GW-NILE,BNPL,Insufficient Funds,159
202411,20241101,GW-NILE,BNPL,Invalid Card / Account Data,88
202411,20241101,GW-NILE,BNPL,Issuer Decline,77
202411,20241101,GW-NILE,BNPL,Risk / Fraud Rule,1239
202411,20241101,GW-NILE,CARD,3DS Authentication Failed,4072
202411,20241101,GW-NILE,CARD,Gateway Timeout,1190
202411,20241101,GW-NILE,CARD,Insufficient Funds,4404
202411,20241101,GW-NILE,CARD,Invalid Card / Account Data,1584
202411,20241101,GW-NILE,CARD,Issuer Decline,6862
202411,20241101,GW-NILE,CARD,Risk / Fraud Rule,2051
202411,20241101,GW-NILE,LDEBIT,3DS Authentication Failed,1347
202411,20241101,GW-NILE,LDEBIT,Gateway Timeout,928
202411,20241101,GW-NILE,LDEBIT,Insufficient Funds,5197
202411,20241101,GW-NILE,LDEBIT,Invalid Card / Account Data,1396
202411,20241101,GW-NILE,LDEBIT,Issuer Decline,4062
202411,20241101,GW-NILE,LDEBIT,Risk / Fraud Rule,686
202411,20241101,GW-NILE,TOKEN,3DS Authentication Failed,149
202411,20241101,GW-NILE,TOKEN,Gateway Timeout,260
202411,20241101,GW-NILE,TOKEN,Insufficient Funds,791
202411,20241101,GW-NILE,TOKEN,Invalid Card / Account Data,294
202411,20241101,GW-NILE,TOKEN,Issuer Decline,1243
202411,20241101,GW-NILE,TOKEN,Risk / Fraud Rule,361
202411,20241101,GW-NILE,WALLET,3DS Authentication Failed,6266
202411,20241101,GW-NILE,WALLET,Gateway Timeout,6244
202411,20241101,GW-NILE,WALLET,Insufficient Funds,14546
202411,20241101,GW-NILE,WALLET,Invalid Card / Account Data,4221
202411,20241101,GW-NILE,WALLET,Issuer Decline,8413
202411,20241101,GW-NILE,WALLET,Risk / Fraud Rule,2139
202411,20241101,GW-NIMBUS,BANKTR,Gateway Timeout,102
202411,20241101,GW-NIMBUS,BANKTR,Insufficient Funds,167
202411,20241101,GW-NIMBUS,BANKTR,Invalid Card / Account Data,153
202411,20241101,GW-NIMBUS,BANKTR,Issuer Decline,57
202411,20241101,GW-NIMBUS,BANKTR,Risk / Fraud Rule,26
202411,20241101,GW-NIMBUS,CARD,3DS Authentication Failed,7272
202411,20241101,GW-NIMBUS,CARD,Gateway Timeout,2098
202411,20241101,GW-NIMBUS,CARD,Insufficient Funds,7852
202411,20241101,GW-NIMBUS,CARD,Invalid Card / Account Data,2894
202411,20241101,GW-NIMBUS,CARD,Issuer Decline,12132
202411,20241101,GW-NIMBUS,CARD,Risk / Fraud Rule,3526
202411,20241101,GW-NIMBUS,LDEBIT,3DS Authentication Failed,854
202411,20241101,GW-NIMBUS,LDEBIT,Gateway Timeout,651
202411,20241101,GW-NIMBUS,LDEBIT,Insufficient Funds,3507
202411,20241101,GW-NIMBUS,LDEBIT,Invalid Card / Account Data,945
202411,20241101,GW-NIMBUS,LDEBIT,Issuer Decline,2823
202411,20241101,GW-NIMBUS,LDEBIT,Risk / Fraud Rule,463
202411,20241101,GW-NIMBUS,TOKEN,3DS Authentication Failed,128
202411,20241101,GW-NIMBUS,TOKEN,Gateway Timeout,219
202411,20241101,GW-NIMBUS,TOKEN,Insufficient Funds,685
202411,20241101,GW-NIMBUS,TOKEN,Invalid Card / Account Data,273
202411,20241101,GW-NIMBUS,TOKEN,Issuer Decline,1098
202411,20241101,GW-NIMBUS,TOKEN,Risk / Fraud Rule,331
202411,20241101,GW-ORION,CARD,3DS Authentication Failed,7038
202411,20241101,GW-ORION,CARD,Gateway Timeout,2099
202411,20241101,GW-ORION,CARD,Insufficient Funds,7773
202411,20241101,GW-ORION,CARD,Invalid Card / Account Data,2800
202411,20241101,GW-ORION,CARD,Issuer Decline,11987
202411,20241101,GW-ORION,CARD,Risk / Fraud Rule,3459
202411,20241101,GW-ORION,TOKEN,3DS Authentication Failed,169
202411,20241101,GW-ORION,TOKEN,Gateway Timeout,251
202411,20241101,GW-ORION,TOKEN,Insufficient Funds,807
202411,20241101,GW-ORION,TOKEN,Invalid Card / Account Data,335
202411,20241101,GW-ORION,TOKEN,Issuer Decline,1324
202411,20241101,GW-ORION,TOKEN,Risk / Fraud Rule,397
202412,20241201,GW-ATLAS,BNPL,3DS Authentication Failed,424
202412,20241201,GW-ATLAS,BNPL,Gateway Timeout,372
202412,20241201,GW-ATLAS,BNPL,Insufficient Funds,781
202412,20241201,GW-ATLAS,BNPL,Invalid Card / Account Data,374
202412,20241201,GW-ATLAS,BNPL,Issuer Decline,369
202412,20241201,GW-ATLAS,BNPL,Risk / Fraud Rule,5344
202412,20241201,GW-ATLAS,CARD,3DS Authentication Failed,15845
202412,20241201,GW-ATLAS,CARD,Gateway Timeout,4605
202412,20241201,GW-ATLAS,CARD,Insufficient Funds,17055
202412,20241201,GW-ATLAS,CARD,Invalid Card / Account Data,6324
202412,20241201,GW-ATLAS,CARD,Issuer Decline,26941
202412,20241201,GW-ATLAS,CARD,Risk / Fraud Rule,7853
202412,20241201,GW-ATLAS,TOKEN,3DS Authentication Failed,268
202412,20241201,GW-ATLAS,TOKEN,Gateway Timeout,375
202412,20241201,GW-ATLAS,TOKEN,Insufficient Funds,1237
202412,20241201,GW-ATLAS,TOKEN,Invalid Card / Account Data,474
202412,20241201,GW-ATLAS,TOKEN,Issuer Decline,1911
202412,20241201,GW-ATLAS,TOKEN,Risk / Fraud Rule,609
202412,20241201,GW-NILE,BANKTR,Gateway Timeout,206
202412,20241201,GW-NILE,BANKTR,Insufficient Funds,293
202412,20241201,GW-NILE,BANKTR,Invalid Card / Account Data,339
202412,20241201,GW-NILE,BANKTR,Issuer Decline,90
202412,20241201,GW-NILE,BANKTR,Risk / Fraud Rule,47
202412,20241201,GW-NILE,BNPL,3DS Authentication Failed,66
202412,20241201,GW-NILE,BNPL,Gateway Timeout,85
202412,20241201,GW-NILE,BNPL,Insufficient Funds,161
202412,20241201,GW-NILE,BNPL,Invalid Card / Account Data,87
202412,20241201,GW-NILE,BNPL,Issuer Decline,80
202412,20241201,GW-NILE,BNPL,Risk / Fraud Rule,1180
202412,20241201,GW-NILE,CARD,3DS Authentication Failed,3945
202412,20241201,GW-NILE,CARD,Gateway Timeout,1200
202412,20241201,GW-NILE,CARD,Insufficient Funds,4349
202412,20241201,GW-NILE,CARD,Invalid Card / Account Data,1566
202412,20241201,GW-NILE,CARD,Issuer Decline,6897
202412,20241201,GW-NILE,CARD,Risk / Fraud Rule,2033
202412,20241201,GW-NILE,LDEBIT,3DS Authentication Failed,1469
202412,20241201,GW-NILE,LDEBIT,Gateway Timeout,967
202412,20241201,GW-NILE,LDEBIT,Insufficient Funds,5536
202412,20241201,GW-NILE,LDEBIT,Invalid Card / Account Data,1461
202412,20241201,GW-NILE,LDEBIT,Issuer Decline,4271
202412,20241201,GW-NILE,LDEBIT,Risk / Fraud Rule,710
202412,20241201,GW-NILE,TOKEN,3DS Authentication Failed,141
202412,20241201,GW-NILE,TOKEN,Gateway Timeout,284
202412,20241201,GW-NILE,TOKEN,Insufficient Funds,805
202412,20241201,GW-NILE,TOKEN,Invalid Card / Account Data,319
202412,20241201,GW-NILE,TOKEN,Issuer Decline,1357
202412,20241201,GW-NILE,TOKEN,Risk / Fraud Rule,422
202412,20241201,GW-NILE,WALLET,3DS Authentication Failed,6620
202412,20241201,GW-NILE,WALLET,Gateway Timeout,6425
202412,20241201,GW-NILE,WALLET,Insufficient Funds,15391
202412,20241201,GW-NILE,WALLET,Invalid Card / Account Data,4298
202412,20241201,GW-NILE,WALLET,Issuer Decline,8694
202412,20241201,GW-NILE,WALLET,Risk / Fraud Rule,2256
202412,20241201,GW-NIMBUS,BANKTR,Gateway Timeout,77
202412,20241201,GW-NIMBUS,BANKTR,Insufficient Funds,132
202412,20241201,GW-NIMBUS,BANKTR,Invalid Card / Account Data,122
202412,20241201,GW-NIMBUS,BANKTR,Issuer Decline,38
202412,20241201,GW-NIMBUS,BANKTR,Risk / Fraud Rule,16
202412,20241201,GW-NIMBUS,CARD,3DS Authentication Failed,7042
202412,20241201,GW-NIMBUS,CARD,Gateway Timeout,2043
202412,20241201,GW-NIMBUS,CARD,Insufficient Funds,7608
202412,20241201,GW-NIMBUS,CARD,Invalid Card / Account Data,2864
202412,20241201,GW-NIMBUS,CARD,Issuer Decline,11784
202412,20241201,GW-NIMBUS,CARD,Risk / Fraud Rule,3522
202412,20241201,GW-NIMBUS,LDEBIT,3DS Authentication Failed,916
202412,20241201,GW-NIMBUS,LDEBIT,Gateway Timeout,708
202412,20241201,GW-NIMBUS,LDEBIT,Insufficient Funds,3473
202412,20241201,GW-NIMBUS,LDEBIT,Invalid Card / Account Data,901
202412,20241201,GW-NIMBUS,LDEBIT,Issuer Decline,2841
202412,20241201,GW-NIMBUS,LDEBIT,Risk / Fraud Rule,490
202412,20241201,GW-NIMBUS,TOKEN,3DS Authentication Failed,142
202412,20241201,GW-NIMBUS,TOKEN,Gateway Timeout,205
202412,20241201,GW-NIMBUS,TOKEN,Insufficient Funds,699
202412,20241201,GW-NIMBUS,TOKEN,Invalid Card / Account Data,288
202412,20241201,GW-NIMBUS,TOKEN,Issuer Decline,1054
202412,20241201,GW-NIMBUS,TOKEN,Risk / Fraud Rule,334
202412,20241201,GW-ORION,CARD,3DS Authentication Failed,7193
202412,20241201,GW-ORION,CARD,Gateway Timeout,2114
202412,20241201,GW-ORION,CARD,Insufficient Funds,7688
202412,20241201,GW-ORION,CARD,Invalid Card / Account Data,2800
202412,20241201,GW-ORION,CARD,Issuer Decline,12309
202412,20241201,GW-ORION,CARD,Risk / Fraud Rule,3588
202412,20241201,GW-ORION,TOKEN,3DS Authentication Failed,161
202412,20241201,GW-ORION,TOKEN,Gateway Timeout,273
202412,20241201,GW-ORION,TOKEN,Insufficient Funds,835
202412,20241201,GW-ORION,TOKEN,Invalid Card / Account Data,314
202412,20241201,GW-ORION,TOKEN,Issuer Decline,1381
202412,20241201,GW-ORION,TOKEN,Risk / Fraud Rule,388
202501,20250101,GW-ATLAS,BNPL,3DS Authentication Failed,432
202501,20250101,GW-ATLAS,BNPL,Gateway Timeout,406
202501,20250101,GW-ATLAS,BNPL,Insufficient Funds,853
202501,20250101,GW-ATLAS,BNPL,Invalid Card / Account Data,420
202501,20250101,GW-ATLAS,BNPL,Issuer Decline,424
202501,20250101,GW-ATLAS,BNPL,Risk / Fraud Rule,6013
202501,20250101,GW-ATLAS,CARD,3DS Authentication Failed,16501
202501,20250101,GW-ATLAS,CARD,Gateway Timeout,4948
202501,20250101,GW-ATLAS,CARD,Insufficient Funds,17995
202501,20250101,GW-ATLAS,CARD,Invalid Card / Account Data,6468
202501,20250101,GW-ATLAS,CARD,Issuer Decline,27857
202501,20250101,GW-ATLAS,CARD,Risk / Fraud Rule,8430
202501,20250101,GW-ATLAS,TOKEN,3DS Authentication Failed,276
202501,20250101,GW-ATLAS,TOKEN,Gateway Timeout,364
202501,20250101,GW-ATLAS,TOKEN,Insufficient Funds,1249
202501,20250101,GW-ATLAS,TOKEN,Invalid Card / Account Data,554
202501,20250101,GW-ATLAS,TOKEN,Issuer Decline,2058
202501,20250101,GW-ATLAS,TOKEN,Risk / Fraud Rule,596
202501,20250101,GW-NILE,BANKTR,Gateway Timeout,111
202501,20250101,GW-NILE,BANKTR,Insufficient Funds,180
202501,20250101,GW-NILE,BANKTR,Invalid Card / Account Data,187
202501,20250101,GW-NILE,BANKTR,Issuer Decline,55
202501,20250101,GW-NILE,BANKTR,Risk / Fraud Rule,28
202501,20250101,GW-NILE,BNPL,3DS Authentication Failed,95
202501,20250101,GW-NILE,BNPL,Gateway Timeout,78
202501,20250101,GW-NILE,BNPL,Insufficient Funds,171
202501,20250101,GW-NILE,BNPL,Invalid Card / Account Data,61
202501,20250101,GW-NILE,BNPL,Issuer Decline,79
202501,20250101,GW-NILE,BNPL,Risk / Fraud Rule,1118
202501,20250101,GW-NILE,CARD,3DS Authentication Failed,3845
202501,20250101,GW-NILE,CARD,Gateway Timeout,1174
202501,20250101,GW-NILE,CARD,Insufficient Funds,4389
202501,20250101,GW-NILE,CARD,Invalid Card / Account Data,1507
202501,20250101,GW-NILE,CARD,Issuer Decline,6539
202501,20250101,GW-NILE,CARD,Risk / Fraud Rule,1952
202501,20250101,GW-NILE,LDEBIT,3DS Authentication Failed,1421
202501,20250101,GW-NILE,LDEBIT,Gateway Timeout,1060
202501,20250101,GW-NILE,LDEBIT,Insufficient Funds,5511
202501,20250101,GW-NILE,LDEBIT,Invalid Card / Account Data,1455
202501,20250101,GW-NILE,LDEBIT,Issuer Decline,4336
202501,20250101,GW-NILE,LDEBIT,Risk / Fraud Rule,736
202501,20250101,GW-NILE,TOKEN,3DS Authentication Failed,146
202501,20250101,GW-NILE,TOKEN,Gateway Timeout,260
202501,20250101,GW-NILE,TOKEN,Insufficient Funds,788
202501,20250101,GW-NILE,TOKEN,Invalid Card / Account Data,325
202501,20250101,GW-NILE,TOKEN,Issuer Decline,1268
202501,20250101,GW-NILE,TOKEN,Risk / Fraud Rule,365
202501,20250101,GW-NILE,WALLET,3DS Authentication Failed,6711
202501,20250101,GW-NILE,WALLET,Gateway Timeout,6610
202501,20250101,GW-NILE,WALLET,Insufficient Funds,15487
202501,20250101,GW-NILE,WALLET,Invalid Card / Account Data,4407
202501,20250101,GW-NILE,WALLET,Issuer Decline,8919
202501,20250101,GW-NILE,WALLET,Risk / Fraud Rule,2198
202501,20250101,GW-NIMBUS,BANKTR,Gateway Timeout,112
202501,20250101,GW-NIMBUS,BANKTR,Insufficient Funds,148
202501,20250101,GW-NIMBUS,BANKTR,Invalid Card / Account Data,184
202501,20250101,GW-NIMBUS,BANKTR,Issuer Decline,55
202501,20250101,GW-NIMBUS,BANKTR,Risk / Fraud Rule,25
202501,20250101,GW-NIMBUS,CARD,3DS Authentication Failed,6449
202501,20250101,GW-NIMBUS,CARD,Gateway Timeout,1909
202501,20250101,GW-NIMBUS,CARD,Insufficient Funds,7067
202501,20250101,GW-NIMBUS,CARD,Invalid Card / Account Data,2539
202501,20250101,GW-NIMBUS,CARD,Issuer Decline,10917
202501,20250101,GW-NIMBUS,CARD,Risk / Fraud Rule,3239
202501,20250101,GW-NIMBUS,LDEBIT,3DS Authentication Failed,987
202501,20250101,GW-NIMBUS,LDEBIT,Gateway Timeout,670
202501,20250101,GW-NIMBUS,LDEBIT,Insufficient Funds,3724
202501,20250101,GW-NIMBUS,LDEBIT,Invalid Card / Account Data,989
202501,20250101,GW-NIMBUS,LDEBIT,Issuer Decline,2841
202501,20250101,GW-NIMBUS,LDEBIT,Risk / Fraud Rule,467
202501,20250101,GW-NIMBUS,TOKEN,3DS Authentication Failed,119
202501,20250101,GW-NIMBUS,TOKEN,Gateway Timeout,184
202501,20250101,GW-NIMBUS,TOKEN,Insufficient Funds,580
202501,20250101,GW-NIMBUS,TOKEN,Invalid Card / Account Data,258
202501,20250101,GW-NIMBUS,TOKEN,Issuer Decline,947
202501,20250101,GW-NIMBUS,TOKEN,Risk / Fraud Rule,282
202501,20250101,GW-ORION,CARD,3DS Authentication Failed,6972
202501,20250101,GW-ORION,CARD,Gateway Timeout,2057
202501,20250101,GW-ORION,CARD,Insufficient Funds,7970
202501,20250101,GW-ORION,CARD,Invalid Card / Account Data,2813
202501,20250101,GW-ORION,CARD,Issuer Decline,12325
202501,20250101,GW-ORION,CARD,Risk / Fraud Rule,3645
202501,20250101,GW-ORION,TOKEN,3DS Authentication Failed,148
202501,20250101,GW-ORION,TOKEN,Gateway Timeout,268
202501,20250101,GW-ORION,TOKEN,Insufficient Funds,814
202501,20250101,GW-ORION,TOKEN,Invalid Card / Account Data,311
202501,20250101,GW-ORION,TOKEN,Issuer Decline,1212
202501,20250101,GW-ORION,TOKEN,Risk / Fraud Rule,362
202502,20250201,GW-ATLAS,BNPL,3DS Authentication Failed,512
202502,20250201,GW-ATLAS,BNPL,Gateway Timeout,513
202502,20250201,GW-ATLAS,BNPL,Insufficient Funds,926
202502,20250201,GW-ATLAS,BNPL,Invalid Card / Account Data,463
202502,20250201,GW-ATLAS,BNPL,Issuer Decline,468
202502,20250201,GW-ATLAS,BNPL,Risk / Fraud Rule,6595
202502,20250201,GW-ATLAS,CARD,3DS Authentication Failed,17243
202502,20250201,GW-ATLAS,CARD,Gateway Timeout,5157
202502,20250201,GW-ATLAS,CARD,Insufficient Funds,18974
202502,20250201,GW-ATLAS,CARD,Invalid Card / Account Data,6761
202502,20250201,GW-ATLAS,CARD,Issuer Decline,29373
202502,20250201,GW-ATLAS,CARD,Risk / Fraud Rule,8519
202502,20250201,GW-ATLAS,TOKEN,3DS Authentication Failed,262
202502,20250201,GW-ATLAS,TOKEN,Gateway Timeout,448
202502,20250201,GW-ATLAS,TOKEN,Insufficient Funds,1380
202502,20250201,GW-ATLAS,TOKEN,Invalid Card / Account Data,545
202502,20250201,GW-ATLAS,TOKEN,Issuer Decline,2203
202502,20250201,GW-ATLAS,TOKEN,Risk / Fraud Rule,712
202502,20250201,GW-NILE,BANKTR,Gateway Timeout,111
202502,20250201,GW-NILE,BANKTR,Insufficient Funds,170
202502,20250201,GW-NILE,BANKTR,Invalid Card / Account Data,194
202502,20250201,GW-NILE,BANKTR,Issuer Decline,50
202502,20250201,GW-NILE,BANKTR,Risk / Fraud Rule,37
202502,20250201,GW-NILE,BNPL,3DS Authentication Failed,74
202502,20250201,GW-NILE,BNPL,Gateway Timeout,77
202502,20250201,GW-NILE,BNPL,Insufficient Funds,157
202502,20250201,GW-NILE,BNPL,Invalid Card / Account Data,70
202502,20250201,GW-NILE,BNPL,Issuer Decline,81
202502,20250201,GW-NILE,BNPL,Risk / Fraud Rule,1044
202502,20250201,GW-NILE,CARD,3DS Authentication Failed,4297
202502,20250201,GW-NILE,CARD,Gateway Timeout,1256
202502,20250201,GW-NILE,CARD,Insufficient Funds,4879
202502,20250201,GW-NILE,CARD,Invalid Card / Account Data,1798
202502,20250201,GW-NILE,CARD,Issuer Decline,7381
202502,20250201,GW-NILE,CARD,Risk / Fraud Rule,2136
202502,20250201,GW-NILE,LDEBIT,3DS Authentication Failed,1408
202502,20250201,GW-NILE,LDEBIT,Gateway Timeout,1089
202502,20250201,GW-NILE,LDEBIT,Insufficient Funds,5705
202502,20250201,GW-NILE,LDEBIT,Invalid Card / Account Data,1533
202502,20250201,GW-NILE,LDEBIT,Issuer Decline,4411
202502,20250201,GW-NILE,LDEBIT,Risk / Fraud Rule,720
202502,20250201,GW-NILE,TOKEN,3DS Authentication Failed,164
202502,20250201,GW-NILE,TOKEN,Gateway Timeout,264
202502,20250201,GW-NILE,TOKEN,Insufficient Funds,817
202502,20250201,GW-NILE,TOKEN,Invalid Card / Account Data,336
202502,20250201,GW-NILE,TOKEN,Issuer Decline,1277
202502,20250201,GW-NILE,TOKEN,Risk / Fraud Rule,372
202502,20250201,GW-NILE,WALLET,3DS Authentication Failed,6883
202502,20250201,GW-NILE,WALLET,Gateway Timeout,7058
202502,20250201,GW-NILE,WALLET,Insufficient Funds,16135
202502,20250201,GW-NILE,WALLET,Invalid Card / Account Data,4568
202502,20250201,GW-NILE,WALLET,Issuer Decline,9239
202502,20250201,GW-NILE,WALLET,Risk / Fraud Rule,2399
202502,20250201,GW-NIMBUS,BANKTR,Gateway Timeout,109
202502,20250201,GW-NIMBUS,BANKTR,Insufficient Funds,168
202502,20250201,GW-NIMBUS,BANKTR,Invalid Card / Account Data,195
202502,20250201,GW-NIMBUS,BANKTR,Issuer Decline,56
202502,20250201,GW-NIMBUS,BANKTR,Risk / Fraud Rule,32
202502,20250201,GW-NIMBUS,CARD,3DS Authentication Failed,7332
202502,20250201,GW-NIMBUS,CARD,Gateway Timeout,2246
202502,20250201,GW-NIMBUS,CARD,Insufficient Funds,8019
202502,20250201,GW-NIMBUS,CARD,Invalid Card / Account Data,2971
202502,20250201,GW-NIMBUS,CARD,Issuer Decline,12460
202502,20250201,GW-NIMBUS,CARD,Risk / Fraud Rule,3603
202502,20250201,GW-NIMBUS,LDEBIT,3DS Authentication Failed,1050
202502,20250201,GW-NIMBUS,LDEBIT,Gateway Timeout,796
202502,20250201,GW-NIMBUS,LDEBIT,Insufficient Funds,4071
202502,20250201,GW-NIMBUS,LDEBIT,Invalid Card / Account Data,1025
202502,20250201,GW-NIMBUS,LDEBIT,Issuer Decline,3230
202502,20250201,GW-NIMBUS,LDEBIT,Risk / Fraud Rule,548
202502,20250201,GW-NIMBUS,TOKEN,3DS Authentication Failed,146
202502,20250201,GW-NIMBUS,TOKEN,Gateway Timeout,252
202502,20250201,GW-NIMBUS,TOKEN,Insufficient Funds,630
202502,20250201,GW-NIMBUS,TOKEN,Invalid Card / Account Data,260
202502,20250201,GW-NIMBUS,TOKEN,Issuer Decline,1043
202502,20250201,GW-NIMBUS,TOKEN,Risk / Fraud Rule,349
202502,20250201,GW-ORION,CARD,3DS Authentication Failed,7242
202502,20250201,GW-ORION,CARD,Gateway Timeout,2176
202502,20250201,GW-ORION,CARD,Insufficient Funds,7926
202502,20250201,GW-ORION,CARD,Invalid Card / Account Data,2895
202502,20250201,GW-ORION,CARD,Issuer Decline,12295
202502,20250201,GW-ORION,CARD,Risk / Fraud Rule,3713
202502,20250201,GW-ORION,TOKEN,3DS Authentication Failed,154
202502,20250201,GW-ORION,TOKEN,Gateway Timeout,244
202502,20250201,GW-ORION,TOKEN,Insufficient Funds,842
202502,20250201,GW-ORION,TOKEN,Invalid Card / Account Data,363
202502,20250201,GW-ORION,TOKEN,Issuer Decline,1369
202502,20250201,GW-ORION,TOKEN,Risk / Fraud Rule,404
202503,20250301,GW-ATLAS,BNPL,3DS Authentication Failed,559
202503,20250301,GW-ATLAS,BNPL,Gateway Timeout,508
202503,20250301,GW-ATLAS,BNPL,Insufficient Funds,1059
202503,20250301,GW-ATLAS,BNPL,Invalid Card / Account Data,526
202503,20250301,GW-ATLAS,BNPL,Issuer Decline,503
202503,20250301,GW-ATLAS,BNPL,Risk / Fraud Rule,7552
202503,20250301,GW-ATLAS,CARD,3DS Authentication Failed,20240
202503,20250301,GW-ATLAS,CARD,Gateway Timeout,6010
202503,20250301,GW-ATLAS,CARD,Insufficient Funds,22497
202503,20250301,GW-ATLAS,CARD,Invalid Card / Account Data,8168
202503,20250301,GW-ATLAS,CARD,Issuer Decline,34323
202503,20250301,GW-ATLAS,CARD,Risk / Fraud Rule,10211
202503,20250301,GW-ATLAS,TOKEN,3DS Authentication Failed,300
202503,20250301,GW-ATLAS,TOKEN,Gateway Timeout,497
202503,20250301,GW-ATLAS,TOKEN,Insufficient Funds,1529
202503,20250301,GW-ATLAS,TOKEN,Invalid Card / Account Data,583
202503,20250301,GW-ATLAS,TOKEN,Issuer Decline,2466
202503,20250301,GW-ATLAS,TOKEN,Risk / Fraud Rule,749
202503,20250301,GW-NILE,BANKTR,Gateway Timeout,89
202503,20250301,GW-NILE,BANKTR,Insufficient Funds,144
202503,20250301,GW-NILE,BANKTR,Invalid Card / Account Data,172
202503,20250301,GW-NILE,BANKTR,Issuer Decline,44
202503,20250301,GW-NILE,BANKTR,Risk / Fraud Rule,21
202503,20250301,GW-NILE,BNPL,3DS Authentication Failed,79
202503,20250301,GW-NILE,BNPL,Gateway Timeout,81
202503,20250301,GW-NILE,BNPL,Insufficient Funds,187
202503,20250301,GW-NILE,BNPL,Invalid Card / Account Data,90
202503,20250301,GW-NILE,BNPL,Issuer Decline,96
202503,20250301,GW-NILE,BNPL,Risk / Fraud Rule,1316
202503,20250301,GW-NILE,CARD,3DS Authentication Failed,5301
202503,20250301,GW-NILE,CARD,Gateway Timeout,1511
202503,20250301,GW-NILE,CARD,Insufficient Funds,5942
202503,20250301,GW-NILE,CARD,Invalid Card / Account Data,2135
202503,20250301,GW-NILE,CARD,Issuer Decline,9177
202503,20250301,GW-NILE,CARD,Risk / Fraud Rule,2599
202503,20250301,GW-NILE,LDEBIT,3DS Authentication Failed,1769
202503,20250301,GW-NILE,LDEBIT,Gateway Timeout,1157
202503,20250301,GW-NILE,LDEBIT,Insufficient Funds,6752
202503,20250301,GW-NILE,LDEBIT,Invalid Card / Account Data,1805
202503,20250301,GW-NILE,LDEBIT,Issuer Decline,5219
202503,20250301,GW-NILE,LDEBIT,Risk / Fraud Rule,930
202503,20250301,GW-NILE,TOKEN,3DS Authentication Failed,162
202503,20250301,GW-NILE,TOKEN,Gateway Timeout,299
202503,20250301,GW-NILE,TOKEN,Insufficient Funds,856
202503,20250301,GW-NILE,TOKEN,Invalid Card / Account Data,386
202503,20250301,GW-NILE,TOKEN,Issuer Decline,1449
202503,20250301,GW-NILE,TOKEN,Risk / Fraud Rule,418
202503,20250301,GW-NILE,WALLET,3DS Authentication Failed,8311
202503,20250301,GW-NILE,WALLET,Gateway Timeout,8442
202503,20250301,GW-NILE,WALLET,Insufficient Funds,19584
202503,20250301,GW-NILE,WALLET,Invalid Card / Account Data,5482
202503,20250301,GW-NILE,WALLET,Issuer Decline,11113
202503,20250301,GW-NILE,WALLET,Risk / Fraud Rule,2775
202503,20250301,GW-NIMBUS,BANKTR,Gateway Timeout,125
202503,20250301,GW-NIMBUS,BANKTR,Insufficient Funds,164
202503,20250301,GW-NIMBUS,BANKTR,Invalid Card / Account Data,198
202503,20250301,GW-NIMBUS,BANKTR,Issuer Decline,62
202503,20250301,GW-NIMBUS,BANKTR,Risk / Fraud Rule,33
202503,20250301,GW-NIMBUS,CARD,3DS Authentication Failed,8369
202503,20250301,GW-NIMBUS,CARD,Gateway Timeout,2613
202503,20250301,GW-NIMBUS,CARD,Insufficient Funds,9130
202503,20250301,GW-NIMBUS,CARD,Invalid Card / Account Data,3453
202503,20250301,GW-NIMBUS,CARD,Issuer Decline,14626
202503,20250301,GW-NIMBUS,CARD,Risk / Fraud Rule,4288
202503,20250301,GW-NIMBUS,LDEBIT,3DS Authentication Failed,1200
202503,20250301,GW-NIMBUS,LDEBIT,Gateway Timeout,884
202503,20250301,GW-NIMBUS,LDEBIT,Insufficient Funds,4914
202503,20250301,GW-NIMBUS,LDEBIT,Invalid Card / Account Data,1233
202503,20250301,GW-NIMBUS,LDEBIT,Issuer Decline,3635
202503,20250301,GW-NIMBUS,LDEBIT,Risk / Fraud Rule,603
202503,20250301,GW-NIMBUS,TOKEN,3DS Authentication Failed,173
202503,20250301,GW-NIMBUS,TOKEN,Gateway Timeout,272
202503,20250301,GW-NIMBUS,TOKEN,Insufficient Funds,812
202503,20250301,GW-NIMBUS,TOKEN,Invalid Card / Account Data,318
202503,20250301,GW-NIMBUS,TOKEN,Issuer Decline,1304
202503,20250301,GW-NIMBUS,TOKEN,Risk / Fraud Rule,410
202503,20250301,GW-ORION,CARD,3DS Authentication Failed,8461
202503,20250301,GW-ORION,CARD,Gateway Timeout,2607
202503,20250301,GW-ORION,CARD,Insufficient Funds,9280
202503,20250301,GW-ORION,CARD,Invalid Card / Account Data,3349
202503,20250301,GW-ORION,CARD,Issuer Decline,14502
202503,20250301,GW-ORION,CARD,Risk / Fraud Rule,4217
202503,20250301,GW-ORION,TOKEN,3DS Authentication Failed,185
202503,20250301,GW-ORION,TOKEN,Gateway Timeout,306
202503,20250301,GW-ORION,TOKEN,Insufficient Funds,936
202503,20250301,GW-ORION,TOKEN,Invalid Card / Account Data,387
202503,20250301,GW-ORION,TOKEN,Issuer Decline,1554
202503,20250301,GW-ORION,TOKEN,Risk / Fraud Rule,444
202504,20250401,GW-ATLAS,BNPL,3DS Authentication Failed,525
202504,20250401,GW-ATLAS,BNPL,Gateway Timeout,495
202504,20250401,GW-ATLAS,BNPL,Insufficient Funds,1038
202504,20250401,GW-ATLAS,BNPL,Invalid Card / Account Data,537
202504,20250401,GW-ATLAS,BNPL,Issuer Decline,477
202504,20250401,GW-ATLAS,BNPL,Risk / Fraud Rule,7113
202504,20250401,GW-ATLAS,CARD,3DS Authentication Failed,17792
202504,20250401,GW-ATLAS,CARD,Gateway Timeout,5348
202504,20250401,GW-ATLAS,CARD,Insufficient Funds,19419
202504,20250401,GW-ATLAS,CARD,Invalid Card / Account Data,7087
202504,20250401,GW-ATLAS,CARD,Issuer Decline,29616
202504,20250401,GW-ATLAS,CARD,Risk / Fraud Rule,8755
202504,20250401,GW-ATLAS,TOKEN,3DS Authentication Failed,251
202504,20250401,GW-ATLAS,TOKEN,Gateway Timeout,486
202504,20250401,GW-ATLAS,TOKEN,Insufficient Funds,1463
202504,20250401,GW-ATLAS,TOKEN,Invalid Card / Account Data,583
202504,20250401,GW-ATLAS,TOKEN,Issuer Decline,2303
202504,20250401,GW-ATLAS,TOKEN,Risk / Fraud Rule,698
202504,20250401,GW-NILE,BANKTR,Gateway Timeout,142
202504,20250401,GW-NILE,BANKTR,Insufficient Funds,164
202504,20250401,GW-NILE,BANKTR,Invalid Card / Account Data,209
202504,20250401,GW-NILE,BANKTR,Issuer Decline,62
202504,20250401,GW-NILE,BANKTR,Risk / Fraud Rule,23
202504,20250401,GW-NILE,BNPL,3DS Authentication Failed,67
202504,20250401,GW-NILE,BNPL,Gateway Timeout,85
202504,20250401,GW-NILE,BNPL,Insufficient Funds,160
202504,20250401,GW-NILE,BNPL,Invalid Card / Account Data,72
202504,20250401,GW-NILE,BNPL,Issuer Decline,85
202504,20250401,GW-NILE,BNPL,Risk / Fraud Rule,1159
202504,20250401,GW-NILE,CARD,3DS Authentication Failed,4748
202504,20250401,GW-NILE,CARD,Gateway Timeout,1363
202504,20250401,GW-NILE,CARD,Insufficient Funds,5184
202504,20250401,GW-NILE,CARD,Invalid Card / Account Data,1930
202504,20250401,GW-NILE,CARD,Issuer Decline,8103
202504,20250401,GW-NILE,CARD,Risk / Fraud Rule,2376
202504,20250401,GW-NILE,LDEBIT,3DS Authentication Failed,1602
202504,20250401,GW-NILE,LDEBIT,Gateway Timeout,1075
202504,20250401,GW-NILE,LDEBIT,Insufficient Funds,5788
202504,20250401,GW-NILE,LDEBIT,Invalid Card / Account Data,1538
202504,20250401,GW-NILE,LDEBIT,Issuer Decline,4574
202504,20250401,GW-NILE,LDEBIT,Risk / Fraud Rule,763
202504,20250401,GW-NILE,TOKEN,3DS Authentication Failed,175
202504,20250401,GW-NILE,TOKEN,Gateway Timeout,304
202504,20250401,GW-NILE,TOKEN,Insufficient Funds,916
202504,20250401,GW-NILE,TOKEN,Invalid Card / Account Data,366
202504,20250401,GW-NILE,TOKEN,Issuer Decline,1435
202504,20250401,GW-NILE,TOKEN,Risk / Fraud Rule,406
202504,20250401,GW-NILE,WALLET,3DS Authentication Failed,7342
202504,20250401,GW-NILE,WALLET,Gateway Timeout,7476
202504,20250401,GW-NILE,WALLET,Insufficient Funds,17123
202504,20250401,GW-NILE,WALLET,Invalid Card / Account Data,4890
202504,20250401,GW-NILE,WALLET,Issuer Decline,9957
202504,20250401,GW-NILE,WALLET,Risk / Fraud Rule,2527
202504,20250401,GW-NIMBUS,BANKTR,Gateway Timeout,139
202504,20250401,GW-NIMBUS,BANKTR,Insufficient Funds,214
202504,20250401,GW-NIMBUS,BANKTR,Invalid Card / Account Data,280
202504,20250401,GW-NIMBUS,BANKTR,Issuer Decline,87
202504,20250401,GW-NIMBUS,BANKTR,Risk / Fraud Rule,43
202504,20250401,GW-NIMBUS,CARD,3DS Authentication Failed,7740
202504,20250401,GW-NIMBUS,CARD,Gateway Timeout,2355
202504,20250401,GW-NIMBUS,CARD,Insufficient Funds,8518
202504,20250401,GW-NIMBUS,CARD,Invalid Card / Account Data,3052
202504,20250401,GW-NIMBUS,CARD,Issuer Decline,13014
202504,20250401,GW-NIMBUS,CARD,Risk / Fraud Rule,3832
202504,20250401,GW-NIMBUS,LDEBIT,3DS Authentication Failed,1208
202504,20250401,GW-NIMBUS,LDEBIT,Gateway Timeout,811
202504,20250401,GW-NIMBUS,LDEBIT,Insufficient Funds,4471
202504,20250401,GW-NIMBUS,LDEBIT,Invalid Card / Account Data,1177
202504,20250401,GW-NIMBUS,LDEBIT,Issuer Decline,3642
202504,20250401,GW-NIMBUS,LDEBIT,Risk / Fraud Rule,593
202504,20250401,GW-NIMBUS,TOKEN,3DS Authentication Failed,143
202504,20250401,GW-NIMBUS,TOKEN,Gateway Timeout,249
202504,20250401,GW-NIMBUS,TOKEN,Insufficient Funds,697
202504,20250401,GW-NIMBUS,TOKEN,Invalid Card / Account Data,256
202504,20250401,GW-NIMBUS,TOKEN,Issuer Decline,1101
202504,20250401,GW-NIMBUS,TOKEN,Risk / Fraud Rule,349
202504,20250401,GW-ORION,CARD,3DS Authentication Failed,7677
202504,20250401,GW-ORION,CARD,Gateway Timeout,2315
202504,20250401,GW-ORION,CARD,Insufficient Funds,8516
202504,20250401,GW-ORION,CARD,Invalid Card / Account Data,3047
202504,20250401,GW-ORION,CARD,Issuer Decline,12994
202504,20250401,GW-ORION,CARD,Risk / Fraud Rule,3847
202504,20250401,GW-ORION,TOKEN,3DS Authentication Failed,172
202504,20250401,GW-ORION,TOKEN,Gateway Timeout,279
202504,20250401,GW-ORION,TOKEN,Insufficient Funds,849
202504,20250401,GW-ORION,TOKEN,Invalid Card / Account Data,304
202504,20250401,GW-ORION,TOKEN,Issuer Decline,1392
202504,20250401,GW-ORION,TOKEN,Risk / Fraud Rule,375
202505,20250501,GW-ATLAS,BNPL,3DS Authentication Failed,497
202505,20250501,GW-ATLAS,BNPL,Gateway Timeout,504
202505,20250501,GW-ATLAS,BNPL,Insufficient Funds,1043
202505,20250501,GW-ATLAS,BNPL,Invalid Card / Account Data,515
202505,20250501,GW-ATLAS,BNPL,Issuer Decline,519
202505,20250501,GW-ATLAS,BNPL,Risk / Fraud Rule,7136
202505,20250501,GW-ATLAS,CARD,3DS Authentication Failed,17607
202505,20250501,GW-ATLAS,CARD,Gateway Timeout,5271
202505,20250501,GW-ATLAS,CARD,Insufficient Funds,19387
202505,20250501,GW-ATLAS,CARD,Invalid Card / Account Data,7035
202505,20250501,GW-ATLAS,CARD,Issuer Decline,29991
202505,20250501,GW-ATLAS,CARD,Risk / Fraud Rule,8898
202505,20250501,GW-ATLAS,TOKEN,3DS Authentication Failed,279
202505,20250501,GW-ATLAS,TOKEN,Gateway Timeout,487
202505,20250501,GW-ATLAS,TOKEN,Insufficient Funds,1403
202505,20250501,GW-ATLAS,TOKEN,Invalid Card / Account Data,565
202505,20250501,GW-ATLAS,TOKEN,Issuer Decline,2244
202505,20250501,GW-ATLAS,TOKEN,Risk / Fraud Rule,681
202505,20250501,GW-NILE,BANKTR,Gateway Timeout,102
202505,20250501,GW-NILE,BANKTR,Insufficient Funds,152
202505,20250501,GW-NILE,BANKTR,Invalid Card / Account Data,186
202505,20250501,GW-NILE,BANKTR,Issuer Decline,47
202505,20250501,GW-NILE,BANKTR,Risk / Fraud Rule,28
202505,20250501,GW-NILE,BNPL,3DS Authentication Failed,75
202505,20250501,GW-NILE,BNPL,Gateway Timeout,80
202505,20250501,GW-NILE,BNPL,Insufficient Funds,162
202505,20250501,GW-NILE,BNPL,Invalid Card / Account Data,84
202505,20250501,GW-NILE,BNPL,Issuer Decline,93
202505,20250501,GW-NILE,BNPL,Risk / Fraud Rule,1067
202505,20250501,GW-NILE,CARD,3DS Authentication Failed,4942
202505,20250501,GW-NILE,CARD,Gateway Timeout,1502
202505,20250501,GW-NILE,CARD,Insufficient Funds,5304
202505,20250501,GW-NILE,CARD,Invalid Card / Account Data,1999
202505,20250501,GW-NILE,CARD,Issuer Decline,8316
202505,20250501,GW-NILE,CARD,Risk / Fraud Rule,2488
202505,20250501,GW-NILE,LDEBIT,3DS Authentication Failed,1609
202505,20250501,GW-NILE,LDEBIT,Gateway Timeout,1110
202505,20250501,GW-NILE,LDEBIT,Insufficient Funds,5923
202505,20250501,GW-NILE,LDEBIT,Invalid Card / Account Data,1565
202505,20250501,GW-NILE,LDEBIT,Issuer Decline,4761
202505,20250501,GW-NILE,LDEBIT,Risk / Fraud Rule,775
202505,20250501,GW-NILE,TOKEN,3DS Authentication Failed,186
202505,20250501,GW-NILE,TOKEN,Gateway Timeout,284
202505,20250501,GW-NILE,TOKEN,Insufficient Funds,859
202505,20250501,GW-NILE,TOKEN,Invalid Card / Account Data,367
202505,20250501,GW-NILE,TOKEN,Issuer Decline,1473
202505,20250501,GW-NILE,TOKEN,Risk / Fraud Rule,415
202505,20250501,GW-NILE,WALLET,3DS Authentication Failed,7377
202505,20250501,GW-NILE,WALLET,Gateway Timeout,7620
202505,20250501,GW-NILE,WALLET,Insufficient Funds,17379
202505,20250501,GW-NILE,WALLET,Invalid Card / Account Data,5020
202505,20250501,GW-NILE,WALLET,Issuer Decline,9953
202505,20250501,GW-NILE,WALLET,Risk / Fraud Rule,2506
202505,20250501,GW-NIMBUS,BANKTR,Gateway Timeout,139
202505,20250501,GW-NIMBUS,BANKTR,Insufficient Funds,210
202505,20250501,GW-NIMBUS,BANKTR,Invalid Card / Account Data,221
202505,20250501,GW-NIMBUS,BANKTR,Issuer Decline,68
202505,20250501,GW-NIMBUS,BANKTR,Risk / Fraud Rule,42
202505,20250501,GW-NIMBUS,CARD,3DS Authentication Failed,8262
202505,20250501,GW-NIMBUS,CARD,Gateway Timeout,2474
202505,20250501,GW-NIMBUS,CARD,Insufficient Funds,8828
202505,20250501,GW-NIMBUS,CARD,Invalid Card / Account Data,3281
202505,20250501,GW-NIMBUS,CARD,Issuer Decline,13876
202505,20250501,GW-NIMBUS,CARD,Risk / Fraud Rule,4113
202505,20250501,GW-NIMBUS,LDEBIT,3DS Authentication Failed,1181
202505,20250501,GW-NIMBUS,LDEBIT,Gateway Timeout,839
202505,20250501,GW-NIMBUS,LDEBIT,Insufficient Funds,4649
202505,20250501,GW-NIMBUS,LDEBIT,Invalid Card / Account Data,1239
202505,20250501,GW-NIMBUS,LDEBIT,Issuer Decline,3611
202505,20250501,GW-NIMBUS,LDEBIT,Risk / Fraud Rule,615
202505,20250501,GW-NIMBUS,TOKEN,3DS Authentication Failed,116
202505,20250501,GW-NIMBUS,TOKEN,Gateway Timeout,237
202505,20250501,GW-NIMBUS,TOKEN,Insufficient Funds,721
202505,20250501,GW-NIMBUS,TOKEN,Invalid Card / Account Data,278
202505,20250501,GW-NIMBUS,TOKEN,Issuer Decline,1170
202505,20250501,GW-NIMBUS,TOKEN,Risk / Fraud Rule,317
202505,20250501,GW-ORION,CARD,3DS Authentication Failed,7750
202505,20250501,GW-ORION,CARD,Gateway Timeout,2253
202505,20250501,GW-ORION,CARD,Insufficient Funds,8693
202505,20250501,GW-ORION,CARD,Invalid Card / Account Data,3155
202505,20250501,GW-ORION,CARD,Issuer Decline,13322
202505,20250501,GW-ORION,CARD,Risk / Fraud Rule,3826
202505,20250501,GW-ORION,TOKEN,3DS Authentication Failed,145
202505,20250501,GW-ORION,TOKEN,Gateway Timeout,285
202505,20250501,GW-ORION,TOKEN,Insufficient Funds,861
202505,20250501,GW-ORION,TOKEN,Invalid Card / Account Data,321
202505,20250501,GW-ORION,TOKEN,Issuer Decline,1394
202505,20250501,GW-ORION,TOKEN,Risk / Fraud Rule,445
202506,20250601,GW-ATLAS,BNPL,3DS Authentication Failed,524
202506,20250601,GW-ATLAS,BNPL,Gateway Timeout,507
202506,20250601,GW-ATLAS,BNPL,Insufficient Funds,1032
202506,20250601,GW-ATLAS,BNPL,Invalid Card / Account Data,526
202506,20250601,GW-ATLAS,BNPL,Issuer Decline,537
202506,20250601,GW-ATLAS,BNPL,Risk / Fraud Rule,7516
202506,20250601,GW-ATLAS,CARD,3DS Authentication Failed,18563
202506,20250601,GW-ATLAS,CARD,Gateway Timeout,5599
202506,20250601,GW-ATLAS,CARD,Insufficient Funds,20099
202506,20250601,GW-ATLAS,CARD,Invalid Card / Account Data,7313
202506,20250601,GW-ATLAS,CARD,Issuer Decline,31186
202506,20250601,GW-ATLAS,CARD,Risk / Fraud Rule,9317
202506,20250601,GW-ATLAS,TOKEN,3DS Authentication Failed,270
202506,20250601,GW-ATLAS,TOKEN,Gateway Timeout,477
202506,20250601,GW-ATLAS,TOKEN,Insufficient Funds,1446
202506,20250601,GW-ATLAS,TOKEN,Invalid Card / Account Data,609
202506,20250601,GW-ATLAS,TOKEN,Issuer Decline,2242
202506,20250601,GW-ATLAS,TOKEN,Risk / Fraud Rule,680
202506,20250601,GW-NILE,BANKTR,Gateway Timeout,112
202506,20250601,GW-NILE,BANKTR,Insufficient Funds,151
202506,20250601,GW-NILE,BANKTR,Invalid Card / Account Data,205
202506,20250601,GW-NILE,BANKTR,Issuer Decline,56
202506,20250601,GW-NILE,BANKTR,Risk / Fraud Rule,25
202506,20250601,GW-NILE,BNPL,3DS Authentication Failed,70
202506,20250601,GW-NILE,BNPL,Gateway Timeout,83
202506,20250601,GW-NILE,BNPL,Insufficient Funds,183
202506,20250601,GW-NILE,BNPL,Invalid Card / Account Data,89
202506,20250601,GW-NILE,BNPL,Issuer Decline,67
202506,20250601,GW-NILE,BNPL,Risk / Fraud Rule,1114
202506,20250601,GW-NILE,CARD,3DS Authentication Failed,4950
202506,20250601,GW-NILE,CARD,Gateway Timeout,1465
202506,20250601,GW-NILE,CARD,Insufficient Funds,5456
202506,20250601,GW-NILE,CARD,Invalid Card / Account Data,2034
202506,20250601,GW-NILE,CARD,Issuer Decline,8683
202506,20250601,GW-NILE,CARD,Risk / Fraud Rule,2466
202506,20250601,GW-NILE,LDEBIT,3DS Authentication Failed,1564
202506,20250601,GW-NILE,LDEBIT,Gateway Timeout,1166
202506,20250601,GW-NILE,LDEBIT,Insufficient Funds,6176
202506,20250601,GW-NILE,LDEBIT,Invalid Card / Account Data,1641
202506,20250601,GW-NILE,LDEBIT,Issuer Decline,4933
202506,20250601,GW-NILE,LDEBIT,Risk / Fraud Rule,821
202506,20250601,GW-NILE,TOKEN,3DS Authentication Failed,185
202506,20250601,GW-NILE,TOKEN,Gateway Timeout,280
202506,20250601,GW-NILE,TOKEN,Insufficient Funds,879
202506,20250601,GW-NILE,TOKEN,Invalid Card / Account Data,370
202506,20250601,GW-NILE,TOKEN,Issuer Decline,1409
202506,20250601,GW-NILE,TOKEN,Risk / Fraud Rule,398
202506,20250601,GW-NILE,WALLET,3DS Authentication Failed,7699
202506,20250601,GW-NILE,WALLET,Gateway Timeout,7561
202506,20250601,GW-NILE,WALLET,Insufficient Funds,18012
202506,20250601,GW-NILE,WALLET,Invalid Card / Account Data,5138
202506,20250601,GW-NILE,WALLET,Issuer Decline,10273
202506,20250601,GW-NILE,WALLET,Risk / Fraud Rule,2489
202506,20250601,GW-NIMBUS,BANKTR,Gateway Timeout,134
202506,20250601,GW-NIMBUS,BANKTR,Insufficient Funds,187
202506,20250601,GW-NIMBUS,BANKTR,Invalid Card / Account Data,229
202506,20250601,GW-NIMBUS,BANKTR,Issuer Decline,65
202506,20250601,GW-NIMBUS,BANKTR,Risk / Fraud Rule,28
202506,20250601,GW-NIMBUS,CARD,3DS Authentication Failed,8390
202506,20250601,GW-NIMBUS,CARD,Gateway Timeout,2549
202506,20250601,GW-NIMBUS,CARD,Insufficient Funds,9308
202506,20250601,GW-NIMBUS,CARD,Invalid Card / Account Data,3428
202506,20250601,GW-NIMBUS,CARD,Issuer Decline,14317
202506,20250601,GW-NIMBUS,CARD,Risk / Fraud Rule,4118
202506,20250601,GW-NIMBUS,LDEBIT,3DS Authentication Failed,1266
202506,20250601,GW-NIMBUS,LDEBIT,Gateway Timeout,908
202506,20250601,GW-NIMBUS,LDEBIT,Insufficient Funds,4692
202506,20250601,GW-NIMBUS,LDEBIT,Invalid Card / Account Data,1212
202506,20250601,GW-NIMBUS,LDEBIT,Issuer Decline,3741
202506,20250601,GW-NIMBUS,LDEBIT,Risk / Fraud Rule,608
202506,20250601,GW-NIMBUS,TOKEN,3DS Authentication Failed,142
202506,20250601,GW-NIMBUS,TOKEN,Gateway Timeout,229
202506,20250601,GW-NIMBUS,TOKEN,Insufficient Funds,729
202506,20250601,GW-NIMBUS,TOKEN,Invalid Card / Account Data,256
202506,20250601,GW-NIMBUS,TOKEN,Issuer Decline,1070
202506,20250601,GW-NIMBUS,TOKEN,Risk / Fraud Rule,325
202506,20250601,GW-ORION,CARD,3DS Authentication Failed,7800
202506,20250601,GW-ORION,CARD,Gateway Timeout,2372
202506,20250601,GW-ORION,CARD,Insufficient Funds,8838
202506,20250601,GW-ORION,CARD,Invalid Card / Account Data,3202
202506,20250601,GW-ORION,CARD,Issuer Decline,13404
202506,20250601,GW-ORION,CARD,Risk / Fraud Rule,3833
202506,20250601,GW-ORION,TOKEN,3DS Authentication Failed,209
202506,20250601,GW-ORION,TOKEN,Gateway Timeout,267
202506,20250601,GW-ORION,TOKEN,Insufficient Funds,876
202506,20250601,GW-ORION,TOKEN,Invalid Card / Account Data,353
202506,20250601,GW-ORION,TOKEN,Issuer Decline,1399
202506,20250601,GW-ORION,TOKEN,Risk / Fraud Rule,426
202507,20250701,GW-ATLAS,BNPL,3DS Authentication Failed,533
202507,20250701,GW-ATLAS,BNPL,Gateway Timeout,586
202507,20250701,GW-ATLAS,BNPL,Insufficient Funds,1081
202507,20250701,GW-ATLAS,BNPL,Invalid Card / Account Data,560
202507,20250701,GW-ATLAS,BNPL,Issuer Decline,492
202507,20250701,GW-ATLAS,BNPL,Risk / Fraud Rule,7810
202507,20250701,GW-ATLAS,CARD,3DS Authentication Failed,19129
202507,20250701,GW-ATLAS,CARD,Gateway Timeout,5709
202507,20250701,GW-ATLAS,CARD,Insufficient Funds,20896
202507,20250701,GW-ATLAS,CARD,Invalid Card / Account Data,7664
202507,20250701,GW-ATLAS,CARD,Issuer Decline,32309
202507,20250701,GW-ATLAS,CARD,Risk / Fraud Rule,9387
202507,20250701,GW-ATLAS,TOKEN,3DS Authentication Failed,298
202507,20250701,GW-ATLAS,TOKEN,Gateway Timeout,474
202507,20250701,GW-ATLAS,TOKEN,Insufficient Funds,1530
202507,20250701,GW-ATLAS,TOKEN,Invalid Card / Account Data,588
202507,20250701,GW-ATLAS,TOKEN,Issuer Decline,2461
202507,20250701,GW-ATLAS,TOKEN,Risk / Fraud Rule,695
202507,20250701,GW-NILE,BANKTR,Gateway Timeout,114
202507,20250701,GW-NILE,BANKTR,Insufficient Funds,173
202507,20250701,GW-NILE,BANKTR,Invalid Card / Account Data,263
202507,20250701,GW-NILE,BANKTR,Issuer Decline,73
202507,20250701,GW-NILE,BANKTR,Risk / Fraud Rule,32
202507,20250701,GW-NILE,BNPL,3DS Authentication Failed,76
202507,20250701,GW-NILE,BNPL,Gateway Timeout,70
202507,20250701,GW-NILE,BNPL,Insufficient Funds,138
202507,20250701,GW-NILE,BNPL,Invalid Card / Account Data,97
202507,20250701,GW-NILE,BNPL,Issuer Decline,84
202507,20250701,GW-NILE,BNPL,Risk / Fraud Rule,1031
202507,20250701,GW-NILE,CARD,3DS Authentication Failed,5060
202507,20250701,GW-NILE,CARD,Gateway Timeout,1547
202507,20250701,GW-NILE,CARD,Insufficient Funds,5718
202507,20250701,GW-NILE,CARD,Invalid Card / Account Data,2095
202507,20250701,GW-NILE,CARD,Issuer Decline,8644
202507,20250701,GW-NILE,CARD,Risk / Fraud Rule,2525
202507,20250701,GW-NILE,LDEBIT,3DS Authentication Failed,1635
202507,20250701,GW-NILE,LDEBIT,Gateway Timeout,1129
202507,20250701,GW-NILE,LDEBIT,Insufficient Funds,6372
202507,20250701,GW-NILE,LDEBIT,Invalid Card / Account Data,1588
202507,20250701,GW-NILE,LDEBIT,Issuer Decline,4935
202507,20250701,GW-NILE,LDEBIT,Risk / Fraud Rule,824
202507,20250701,GW-NILE,TOKEN,3DS Authentication Failed,171
202507,20250701,GW-NILE,TOKEN,Gateway Timeout,272
202507,20250701,GW-NILE,TOKEN,Insufficient Funds,889
202507,20250701,GW-NILE,TOKEN,Invalid Card / Account Data,363
202507,20250701,GW-NILE,TOKEN,Issuer Decline,1513
202507,20250701,GW-NILE,TOKEN,Risk / Fraud Rule,428
202507,20250701,GW-NILE,WALLET,3DS Authentication Failed,7820
202507,20250701,GW-NILE,WALLET,Gateway Timeout,8190
202507,20250701,GW-NILE,WALLET,Insufficient Funds,18912
202507,20250701,GW-NILE,WALLET,Invalid Card / Account Data,5337
202507,20250701,GW-NILE,WALLET,Issuer Decline,10728
202507,20250701,GW-NILE,WALLET,Risk / Fraud Rule,2732
202507,20250701,GW-NIMBUS,BANKTR,Gateway Timeout,160
202507,20250701,GW-NIMBUS,BANKTR,Insufficient Funds,264
202507,20250701,GW-NIMBUS,BANKTR,Invalid Card / Account Data,313
202507,20250701,GW-NIMBUS,BANKTR,Issuer Decline,89
202507,20250701,GW-NIMBUS,BANKTR,Risk / Fraud Rule,41
202507,20250701,GW-NIMBUS,CARD,3DS Authentication Failed,8751
202507,20250701,GW-NIMBUS,CARD,Gateway Timeout,2603
202507,20250701,GW-NIMBUS,CARD,Insufficient Funds,9723
202507,20250701,GW-NIMBUS,CARD,Invalid Card / Account Data,3559
202507,20250701,GW-NIMBUS,CARD,Issuer Decline,15311
202507,20250701,GW-NIMBUS,CARD,Risk / Fraud Rule,4394
202507,20250701,GW-NIMBUS,LDEBIT,3DS Authentication Failed,1285
202507,20250701,GW-NIMBUS,LDEBIT,Gateway Timeout,895
202507,20250701,GW-NIMBUS,LDEBIT,Insufficient Funds,4943
202507,20250701,GW-NIMBUS,LDEBIT,Invalid Card / Account Data,1262
202507,20250701,GW-NIMBUS,LDEBIT,Issuer Decline,4058
202507,20250701,GW-NIMBUS,LDEBIT,Risk / Fraud Rule,655
202507,20250701,GW-NIMBUS,TOKEN,3DS Authentication Failed,164
202507,20250701,GW-NIMBUS,TOKEN,Gateway Timeout,236
202507,20250701,GW-NIMBUS,TOKEN,Insufficient Funds,728
202507,20250701,GW-NIMBUS,TOKEN,Invalid Card / Account Data,251
202507,20250701,GW-NIMBUS,TOKEN,Issuer Decline,1200
202507,20250701,GW-NIMBUS,TOKEN,Risk / Fraud Rule,345
202507,20250701,GW-ORION,CARD,3DS Authentication Failed,7714
202507,20250701,GW-ORION,CARD,Gateway Timeout,2389
202507,20250701,GW-ORION,CARD,Insufficient Funds,8735
202507,20250701,GW-ORION,CARD,Invalid Card / Account Data,3080
202507,20250701,GW-ORION,CARD,Issuer Decline,13514
202507,20250701,GW-ORION,CARD,Risk / Fraud Rule,4044
202507,20250701,GW-ORION,TOKEN,3DS Authentication Failed,174
202507,20250701,GW-ORION,TOKEN,Gateway Timeout,296
202507,20250701,GW-ORION,TOKEN,Insufficient Funds,871
202507,20250701,GW-ORION,TOKEN,Invalid Card / Account Data,371
202507,20250701,GW-ORION,TOKEN,Issuer Decline,1383
202507,20250701,GW-ORION,TOKEN,Risk / Fraud Rule,413
202508,20250801,GW-ATLAS,BNPL,3DS Authentication Failed,585
202508,20250801,GW-ATLAS,BNPL,Gateway Timeout,583
202508,20250801,GW-ATLAS,BNPL,Insufficient Funds,1133
202508,20250801,GW-ATLAS,BNPL,Invalid Card / Account Data,540
202508,20250801,GW-ATLAS,BNPL,Issuer Decline,573
202508,20250801,GW-ATLAS,BNPL,Risk / Fraud Rule,7863
202508,20250801,GW-ATLAS,CARD,3DS Authentication Failed,19307
202508,20250801,GW-ATLAS,CARD,Gateway Timeout,5726
202508,20250801,GW-ATLAS,CARD,Insufficient Funds,21063
202508,20250801,GW-ATLAS,CARD,Invalid Card / Account Data,7766
202508,20250801,GW-ATLAS,CARD,Issuer Decline,32731
202508,20250801,GW-ATLAS,CARD,Risk / Fraud Rule,9616
202508,20250801,GW-ATLAS,TOKEN,3DS Authentication Failed,298
202508,20250801,GW-ATLAS,TOKEN,Gateway Timeout,486
202508,20250801,GW-ATLAS,TOKEN,Insufficient Funds,1527
202508,20250801,GW-ATLAS,TOKEN,Invalid Card / Account Data,628
202508,20250801,GW-ATLAS,TOKEN,Issuer Decline,2418
202508,20250801,GW-ATLAS,TOKEN,Risk / Fraud Rule,785
202508,20250801,GW-NILE,BANKTR,Gateway Timeout,126
202508,20250801,GW-NILE,BANKTR,Insufficient Funds,208
202508,20250801,GW-NILE,BANKTR,Invalid Card / Account Data,218
202508,20250801,GW-NILE,BANKTR,Issuer Decline,61
202508,20250801,GW-NILE,BANKTR,Risk / Fraud Rule,29
202508,20250801,GW-NILE,BNPL,3DS Authentication Failed,61
202508,20250801,GW-NILE,BNPL,Gateway Timeout,76
202508,20250801,GW-NILE,BNPL,Insufficient Funds,153
202508,20250801,GW-NILE,BNPL,Invalid Card / Account Data,76
202508,20250801,GW-NILE,BNPL,Issuer Decline,72
202508,20250801,GW-NILE,BNPL,Risk / Fraud Rule,1151
202508,20250801,GW-NILE,CARD,3DS Authentication Failed,5203
202508,20250801,GW-NILE,CARD,Gateway Timeout,1615
202508,20250801,GW-NILE,CARD,Insufficient Funds,5658
202508,20250801,GW-NILE,CARD,Invalid Card / Account Data,2047
202508,20250801,GW-NILE,CARD,Issuer Decline,8898
202508,20250801,GW-NILE,CARD,Risk / Fraud Rule,2558
202508,20250801,GW-NILE,LDEBIT,3DS Authentication Failed,1665
202508,20250801,GW-NILE,LDEBIT,Gateway Timeout,1150
202508,20250801,GW-NILE,LDEBIT,Insufficient Funds,6446
202508,20250801,GW-NILE,LDEBIT,Invalid Card / Account Data,1697
202508,20250801,GW-NILE,LDEBIT,Issuer Decline,5086
202508,20250801,GW-NILE,LDEBIT,Risk / Fraud Rule,822
202508,20250801,GW-NILE,TOKEN,3DS Authentication Failed,188
202508,20250801,GW-NILE,TOKEN,Gateway Timeout,295
202508,20250801,GW-NILE,TOKEN,Insufficient Funds,959
202508,20250801,GW-NILE,TOKEN,Invalid Card / Account Data,385
202508,20250801,GW-NILE,TOKEN,Issuer Decline,1502
202508,20250801,GW-NILE,TOKEN,Risk / Fraud Rule,441
202508,20250801,GW-NILE,WALLET,3DS Authentication Failed,8002
202508,20250801,GW-NILE,WALLET,Gateway Timeout,8052
202508,20250801,GW-NILE,WALLET,Insufficient Funds,18922
202508,20250801,GW-NILE,WALLET,Invalid Card / Account Data,5284
202508,20250801,GW-NILE,WALLET,Issuer Decline,10812
202508,20250801,GW-NILE,WALLET,Risk / Fraud Rule,2655
202508,20250801,GW-NIMBUS,BANKTR,Gateway Timeout,149
202508,20250801,GW-NIMBUS,BANKTR,Insufficient Funds,200
202508,20250801,GW-NIMBUS,BANKTR,Invalid Card / Account Data,269
202508,20250801,GW-NIMBUS,BANKTR,Issuer Decline,72
202508,20250801,GW-NIMBUS,BANKTR,Risk / Fraud Rule,34
202508,20250801,GW-NIMBUS,CARD,3DS Authentication Failed,8949
202508,20250801,GW-NIMBUS,CARD,Gateway Timeout,2625
202508,20250801,GW-NIMBUS,CARD,Insufficient Funds,9790
202508,20250801,GW-NIMBUS,CARD,Invalid Card / Account Data,3571
202508,20250801,GW-NIMBUS,CARD,Issuer Decline,15196
202508,20250801,GW-NIMBUS,CARD,Risk / Fraud Rule,4465
202508,20250801,GW-NIMBUS,LDEBIT,3DS Authentication Failed,1351
202508,20250801,GW-NIMBUS,LDEBIT,Gateway Timeout,876
202508,20250801,GW-NIMBUS,LDEBIT,Insufficient Funds,4866
202508,20250801,GW-NIMBUS,LDEBIT,Invalid Card / Account Data,1319
202508,20250801,GW-NIMBUS,LDEBIT,Issuer Decline,3941
202508,20250801,GW-NIMBUS,LDEBIT,Risk / Fraud Rule,646
202508,20250801,GW-NIMBUS,TOKEN,3DS Authentication Failed,163
202508,20250801,GW-NIMBUS,TOKEN,Gateway Timeout,251
202508,20250801,GW-NIMBUS,TOKEN,Insufficient Funds,795
202508,20250801,GW-NIMBUS,TOKEN,Invalid Card / Account Data,327
202508,20250801,GW-NIMBUS,TOKEN,Issuer Decline,1295
202508,20250801,GW-NIMBUS,TOKEN,Risk / Fraud Rule,389
202508,20250801,GW-ORION,CARD,3DS Authentication Failed,8149
202508,20250801,GW-ORION,CARD,Gateway Timeout,2445
202508,20250801,GW-ORION,CARD,Insufficient Funds,9076
202508,20250801,GW-ORION,CARD,Invalid Card / Account Data,3228
202508,20250801,GW-ORION,CARD,Issuer Decline,14004
202508,20250801,GW-ORION,CARD,Risk / Fraud Rule,3998
202508,20250801,GW-ORION,TOKEN,3DS Authentication Failed,213
202508,20250801,GW-ORION,TOKEN,Gateway Timeout,291
202508,20250801,GW-ORION,TOKEN,Insufficient Funds,984
202508,20250801,GW-ORION,TOKEN,Invalid Card / Account Data,367
202508,20250801,GW-ORION,TOKEN,Issuer Decline,1535
202508,20250801,GW-ORION,TOKEN,Risk / Fraud Rule,445
202509,20250901,GW-ATLAS,BNPL,3DS Authentication Failed,582
202509,20250901,GW-ATLAS,BNPL,Gateway Timeout,593
202509,20250901,GW-ATLAS,BNPL,Insufficient Funds,1202
202509,20250901,GW-ATLAS,BNPL,Invalid Card / Account Data,601
202509,20250901,GW-ATLAS,BNPL,Issuer Decline,550
202509,20250901,GW-ATLAS,BNPL,Risk / Fraud Rule,7970
202509,20250901,GW-ATLAS,CARD,3DS Authentication Failed,19569
202509,20250901,GW-ATLAS,CARD,Gateway Timeout,5867
202509,20250901,GW-ATLAS,CARD,Insufficient Funds,21340
202509,20250901,GW-ATLAS,CARD,Invalid Card / Account Data,7808
202509,20250901,GW-ATLAS,CARD,Issuer Decline,33279
202509,20250901,GW-ATLAS,CARD,Risk / Fraud Rule,9928
202509,20250901,GW-ATLAS,TOKEN,3DS Authentication Failed,331
202509,20250901,GW-ATLAS,TOKEN,Gateway Timeout,498
202509,20250901,GW-ATLAS,TOKEN,Insufficient Funds,1725
202509,20250901,GW-ATLAS,TOKEN,Invalid Card / Account Data,637
202509,20250901,GW-ATLAS,TOKEN,Issuer Decline,2629
202509,20250901,GW-ATLAS,TOKEN,Risk / Fraud Rule,780
202509,20250901,GW-NILE,BANKTR,Gateway Timeout,103
202509,20250901,GW-NILE,BANKTR,Insufficient Funds,183
202509,20250901,GW-NILE,BANKTR,Invalid Card / Account Data,207
202509,20250901,GW-NILE,BANKTR,Issuer Decline,60
202509,20250901,GW-NILE,BANKTR,Risk / Fraud Rule,27
202509,20250901,GW-NILE,BNPL,3DS Authentication Failed,72
202509,20250901,GW-NILE,BNPL,Gateway Timeout,80
202509,20250901,GW-NILE,BNPL,Insufficient Funds,195
202509,20250901,GW-NILE,BNPL,Invalid Card / Account Data,86
202509,20250901,GW-NILE,BNPL,Issuer Decline,71
202509,20250901,GW-NILE,BNPL,Risk / Fraud Rule,1195
202509,20250901,GW-NILE,CARD,3DS Authentication Failed,5343
202509,20250901,GW-NILE,CARD,Gateway Timeout,1621
202509,20250901,GW-NILE,CARD,Insufficient Funds,5766
202509,20250901,GW-NILE,CARD,Invalid Card / Account Data,2126
202509,20250901,GW-NILE,CARD,Issuer Decline,8985
202509,20250901,GW-NILE,CARD,Risk / Fraud Rule,2724
202509,20250901,GW-NILE,LDEBIT,3DS Authentication Failed,1754
202509,20250901,GW-NILE,LDEBIT,Gateway Timeout,1251
202509,20250901,GW-NILE,LDEBIT,Insufficient Funds,6661
202509,20250901,GW-NILE,LDEBIT,Invalid Card / Account Data,1743
202509,20250901,GW-NILE,LDEBIT,Issuer Decline,5127
202509,20250901,GW-NILE,LDEBIT,Risk / Fraud Rule,886
202509,20250901,GW-NILE,TOKEN,3DS Authentication Failed,206
202509,20250901,GW-NILE,TOKEN,Gateway Timeout,310
202509,20250901,GW-NILE,TOKEN,Insufficient Funds,979
202509,20250901,GW-NILE,TOKEN,Invalid Card / Account Data,372
202509,20250901,GW-NILE,TOKEN,Issuer Decline,1573
202509,20250901,GW-NILE,TOKEN,Risk / Fraud Rule,487
202509,20250901,GW-NILE,WALLET,3DS Authentication Failed,8157
202509,20250901,GW-NILE,WALLET,Gateway Timeout,8217
202509,20250901,GW-NILE,WALLET,Insufficient Funds,19537
202509,20250901,GW-NILE,WALLET,Invalid Card / Account Data,5613
202509,20250901,GW-NILE,WALLET,Issuer Decline,11144
202509,20250901,GW-NILE,WALLET,Risk / Fraud Rule,2793
202509,20250901,GW-NIMBUS,BANKTR,Gateway Timeout,136
202509,20250901,GW-NIMBUS,BANKTR,Insufficient Funds,239
202509,20250901,GW-NIMBUS,BANKTR,Invalid Card / Account Data,285
202509,20250901,GW-NIMBUS,BANKTR,Issuer Decline,81
202509,20250901,GW-NIMBUS,BANKTR,Risk / Fraud Rule,38
202509,20250901,GW-NIMBUS,CARD,3DS Authentication Failed,8881
202509,20250901,GW-NIMBUS,CARD,Gateway Timeout,2667
202509,20250901,GW-NIMBUS,CARD,Insufficient Funds,9952
202509,20250901,GW-NIMBUS,CARD,Invalid Card / Account Data,3566
202509,20250901,GW-NIMBUS,CARD,Issuer Decline,15346
202509,20250901,GW-NIMBUS,CARD,Risk / Fraud Rule,4499
202509,20250901,GW-NIMBUS,LDEBIT,3DS Authentication Failed,1358
202509,20250901,GW-NIMBUS,LDEBIT,Gateway Timeout,969
202509,20250901,GW-NIMBUS,LDEBIT,Insufficient Funds,5356
202509,20250901,GW-NIMBUS,LDEBIT,Invalid Card / Account Data,1449
202509,20250901,GW-NIMBUS,LDEBIT,Issuer Decline,4211
202509,20250901,GW-NIMBUS,LDEBIT,Risk / Fraud Rule,665
202509,20250901,GW-NIMBUS,TOKEN,3DS Authentication Failed,162
202509,20250901,GW-NIMBUS,TOKEN,Gateway Timeout,243
202509,20250901,GW-NIMBUS,TOKEN,Insufficient Funds,790
202509,20250901,GW-NIMBUS,TOKEN,Invalid Card / Account Data,350
202509,20250901,GW-NIMBUS,TOKEN,Issuer Decline,1335
202509,20250901,GW-NIMBUS,TOKEN,Risk / Fraud Rule,390
202509,20250901,GW-ORION,CARD,3DS Authentication Failed,8341
202509,20250901,GW-ORION,CARD,Gateway Timeout,2502
202509,20250901,GW-ORION,CARD,Insufficient Funds,9170
202509,20250901,GW-ORION,CARD,Invalid Card / Account Data,3343
202509,20250901,GW-ORION,CARD,Issuer Decline,14230
202509,20250901,GW-ORION,CARD,Risk / Fraud Rule,4157
202509,20250901,GW-ORION,TOKEN,3DS Authentication Failed,169
202509,20250901,GW-ORION,TOKEN,Gateway Timeout,301
202509,20250901,GW-ORION,TOKEN,Insufficient Funds,973
202509,20250901,GW-ORION,TOKEN,Invalid Card / Account Data,373
202509,20250901,GW-ORION,TOKEN,Issuer Decline,1558
202509,20250901,GW-ORION,TOKEN,Risk / Fraud Rule,439
202510,20251001,GW-ATLAS,BNPL,3DS Authentication Failed,555
202510,20251001,GW-ATLAS,BNPL,Gateway Timeout,558
202510,20251001,GW-ATLAS,BNPL,Insufficient Funds,1244
202510,20251001,GW-ATLAS,BNPL,Invalid Card / Account Data,593
202510,20251001,GW-ATLAS,BNPL,Issuer Decline,580
202510,20251001,GW-ATLAS,BNPL,Risk / Fraud Rule,7946
202510,20251001,GW-ATLAS,CARD,3DS Authentication Failed,20890
202510,20251001,GW-ATLAS,CARD,Gateway Timeout,6462
202510,20251001,GW-ATLAS,CARD,Insufficient Funds,22891
202510,20251001,GW-ATLAS,CARD,Invalid Card / Account Data,8351
202510,20251001,GW-ATLAS,CARD,Issuer Decline,35747
202510,20251001,GW-ATLAS,CARD,Risk / Fraud Rule,10580
202510,20251001,GW-ATLAS,TOKEN,3DS Authentication Failed,333
202510,20251001,GW-ATLAS,TOKEN,Gateway Timeout,538
202510,20251001,GW-ATLAS,TOKEN,Insufficient Funds,1692
202510,20251001,GW-ATLAS,TOKEN,Invalid Card / Account Data,639
202510,20251001,GW-ATLAS,TOKEN,Issuer Decline,2570
202510,20251001,GW-ATLAS,TOKEN,Risk / Fraud Rule,793
202510,20251001,GW-NILE,BANKTR,Gateway Timeout,136
202510,20251001,GW-NILE,BANKTR,Insufficient Funds,167
202510,20251001,GW-NILE,BANKTR,Invalid Card / Account Data,225
202510,20251001,GW-NILE,BANKTR,Issuer Decline,69
202510,20251001,GW-NILE,BANKTR,Risk / Fraud Rule,33
202510,20251001,GW-NILE,BNPL,3DS Authentication Failed,85
202510,20251001,GW-NILE,BNPL,Gateway Timeout,75
202510,20251001,GW-NILE,BNPL,Insufficient Funds,156
202510,20251001,GW-NILE,BNPL,Invalid Card / Account Data,78
202510,20251001,GW-NILE,BNPL,Issuer Decline,76
202510,20251001,GW-NILE,BNPL,Risk / Fraud Rule,1138
202510,20251001,GW-NILE,CARD,3DS Authentication Failed,5535
202510,20251001,GW-NILE,CARD,Gateway Timeout,1668
202510,20251001,GW-NILE,CARD,Insufficient Funds,6292
202510,20251001,GW-NILE,CARD,Invalid Card / Account Data,2180
202510,20251001,GW-NILE,CARD,Issuer Decline,9583
202510,20251001,GW-NILE,CARD,Risk / Fraud Rule,2799
202510,20251001,GW-NILE,LDEBIT,3DS Authentication Failed,1728
202510,20251001,GW-NILE,LDEBIT,Gateway Timeout,1256
202510,20251001,GW-NILE,LDEBIT,Insufficient Funds,6719
202510,20251001,GW-NILE,LDEBIT,Invalid Card / Account Data,1846
202510,20251001,GW-NILE,LDEBIT,Issuer Decline,5331
202510,20251001,GW-NILE,LDEBIT,Risk / Fraud Rule,874
202510,20251001,GW-NILE,TOKEN,3DS Authentication Failed,187
202510,20251001,GW-NILE,TOKEN,Gateway Timeout,344
202510,20251001,GW-NILE,TOKEN,Insufficient Funds,932
202510,20251001,GW-NILE,TOKEN,Invalid Card / Account Data,364
202510,20251001,GW-NILE,TOKEN,Issuer Decline,1609
202510,20251001,GW-NILE,TOKEN,Risk / Fraud Rule,505
202510,20251001,GW-NILE,WALLET,3DS Authentication Failed,8535
202510,20251001,GW-NILE,WALLET,Gateway Timeout,8516
202510,20251001,GW-NILE,WALLET,Insufficient Funds,19488
202510,20251001,GW-NILE,WALLET,Invalid Card / Account Data,5682
202510,20251001,GW-NILE,WALLET,Issuer Decline,11336
202510,20251001,GW-NILE,WALLET,Risk / Fraud Rule,2767
202510,20251001,GW-NIMBUS,BANKTR,Gateway Timeout,166
202510,20251001,GW-NIMBUS,BANKTR,Insufficient Funds,252
202510,20251001,GW-NIMBUS,BANKTR,Invalid Card / Account Data,294
202510,20251001,GW-NIMBUS,BANKTR,Issuer Decline,80
202510,20251001,GW-NIMBUS,BANKTR,Risk / Fraud Rule,37
202510,20251001,GW-NIMBUS,CARD,3DS Authentication Failed,9022
202510,20251001,GW-NIMBUS,CARD,Gateway Timeout,2695
202510,20251001,GW-NIMBUS,CARD,Insufficient Funds,9968
202510,20251001,GW-NIMBUS,CARD,Invalid Card / Account Data,3673
202510,20251001,GW-NIMBUS,CARD,Issuer Decline,15471
202510,20251001,GW-NIMBUS,CARD,Risk / Fraud Rule,4494
202510,20251001,GW-NIMBUS,LDEBIT,3DS Authentication Failed,1474
202510,20251001,GW-NIMBUS,LDEBIT,Gateway Timeout,1057
202510,20251001,GW-NIMBUS,LDEBIT,Insufficient Funds,5366
202510,20251001,GW-NIMBUS,LDEBIT,Invalid Card / Account Data,1455
202510,20251001,GW-NIMBUS,LDEBIT,Issuer Decline,4291
202510,20251001,GW-NIMBUS,LDEBIT,Risk / Fraud Rule,677
202510,20251001,GW-NIMBUS,TOKEN,3DS Authentication Failed,168
202510,20251001,GW-NIMBUS,TOKEN,Gateway Timeout,261
202510,20251001,GW-NIMBUS,TOKEN,Insufficient Funds,865
202510,20251001,GW-NIMBUS,TOKEN,Invalid Card / Account Data,313
202510,20251001,GW-NIMBUS,TOKEN,Issuer Decline,1418
202510,20251001,GW-NIMBUS,TOKEN,Risk / Fraud Rule,399
202510,20251001,GW-ORION,CARD,3DS Authentication Failed,4326
202510,20251001,GW-ORION,CARD,Gateway Timeout,81690
202510,20251001,GW-ORION,CARD,Insufficient Funds,4684
202510,20251001,GW-ORION,CARD,Invalid Card / Account Data,1718
202510,20251001,GW-ORION,CARD,Issuer Decline,7310
202510,20251001,GW-ORION,CARD,Risk / Fraud Rule,2153
202510,20251001,GW-ORION,TOKEN,3DS Authentication Failed,90
202510,20251001,GW-ORION,TOKEN,Gateway Timeout,14770
202510,20251001,GW-ORION,TOKEN,Insufficient Funds,462
202510,20251001,GW-ORION,TOKEN,Invalid Card / Account Data,185
202510,20251001,GW-ORION,TOKEN,Issuer Decline,725
202510,20251001,GW-ORION,TOKEN,Risk / Fraud Rule,221
202511,20251101,GW-ATLAS,BNPL,3DS Authentication Failed,662
202511,20251101,GW-ATLAS,BNPL,Gateway Timeout,626
202511,20251101,GW-ATLAS,BNPL,Insufficient Funds,1261
202511,20251101,GW-ATLAS,BNPL,Invalid Card / Account Data,643
202511,20251101,GW-ATLAS,BNPL,Issuer Decline,628
202511,20251101,GW-ATLAS,BNPL,Risk / Fraud Rule,8858
202511,20251101,GW-ATLAS,CARD,3DS Authentication Failed,22208
202511,20251101,GW-ATLAS,CARD,Gateway Timeout,6685
202511,20251101,GW-ATLAS,CARD,Insufficient Funds,24371
202511,20251101,GW-ATLAS,CARD,Invalid Card / Account Data,8913
202511,20251101,GW-ATLAS,CARD,Issuer Decline,37754
202511,20251101,GW-ATLAS,CARD,Risk / Fraud Rule,11067
202511,20251101,GW-ATLAS,TOKEN,3DS Authentication Failed,349
202511,20251101,GW-ATLAS,TOKEN,Gateway Timeout,527
202511,20251101,GW-ATLAS,TOKEN,Insufficient Funds,1736
202511,20251101,GW-ATLAS,TOKEN,Invalid Card / Account Data,693
202511,20251101,GW-ATLAS,TOKEN,Issuer Decline,2847
202511,20251101,GW-ATLAS,TOKEN,Risk / Fraud Rule,892
202511,20251101,GW-NILE,BANKTR,Gateway Timeout,109
202511,20251101,GW-NILE,BANKTR,Insufficient Funds,146
202511,20251101,GW-NILE,BANKTR,Invalid Card / Account Data,196
202511,20251101,GW-NILE,BANKTR,Issuer Decline,61
202511,20251101,GW-NILE,BANKTR,Risk / Fraud Rule,30
202511,20251101,GW-NILE,BNPL,3DS Authentication Failed,102
202511,20251101,GW-NILE,BNPL,Gateway Timeout,76
202511,20251101,GW-NILE,BNPL,Insufficient Funds,191
202511,20251101,GW-NILE,BNPL,Invalid Card / Account Data,87
202511,20251101,GW-NILE,BNPL,Issuer Decline,103
202511,20251101,GW-NILE,BNPL,Risk / Fraud Rule,1281
202511,20251101,GW-NILE,CARD,3DS Authentication Failed,6263
202511,20251101,GW-NILE,CARD,Gateway Timeout,1834
202511,20251101,GW-NILE,CARD,Insufficient Funds,6736
202511,20251101,GW-NILE,CARD,Invalid Card / Account Data,2521
202511,20251101,GW-NILE,CARD,Issuer Decline,10442
202511,20251101,GW-NILE,CARD,Risk / Fraud Rule,3089
202511,20251101,GW-NILE,LDEBIT,3DS Authentication Failed,1854
202511,20251101,GW-NILE,LDEBIT,Gateway Timeout,1320
202511,20251101,GW-NILE,LDEBIT,Insufficient Funds,6846
202511,20251101,GW-NILE,LDEBIT,Invalid Card / Account Data,1810
202511,20251101,GW-NILE,LDEBIT,Issuer Decline,5578
202511,20251101,GW-NILE,LDEBIT,Risk / Fraud Rule,981
202511,20251101,GW-NILE,TOKEN,3DS Authentication Failed,232
202511,20251101,GW-NILE,TOKEN,Gateway Timeout,355
202511,20251101,GW-NILE,TOKEN,Insufficient Funds,1107
202511,20251101,GW-NILE,TOKEN,Invalid Card / Account Data,450
202511,20251101,GW-NILE,TOKEN,Issuer Decline,1703
202511,20251101,GW-NILE,TOKEN,Risk / Fraud Rule,534
202511,20251101,GW-NILE,WALLET,3DS Authentication Failed,9148
202511,20251101,GW-NILE,WALLET,Gateway Timeout,9075
202511,20251101,GW-NILE,WALLET,Insufficient Funds,21056
202511,20251101,GW-NILE,WALLET,Invalid Card / Account Data,6005
202511,20251101,GW-NILE,WALLET,Issuer Decline,12082
202511,20251101,GW-NILE,WALLET,Risk / Fraud Rule,3046
202511,20251101,GW-NIMBUS,BANKTR,Gateway Timeout,146
202511,20251101,GW-NIMBUS,BANKTR,Insufficient Funds,241
202511,20251101,GW-NIMBUS,BANKTR,Invalid Card / Account Data,281
202511,20251101,GW-NIMBUS,BANKTR,Issuer Decline,79
202511,20251101,GW-NIMBUS,BANKTR,Risk / Fraud Rule,25
202511,20251101,GW-NIMBUS,CARD,3DS Authentication Failed,10198
202511,20251101,GW-NIMBUS,CARD,Gateway Timeout,3121
202511,20251101,GW-NIMBUS,CARD,Insufficient Funds,11270
202511,20251101,GW-NIMBUS,CARD,Invalid Card / Account Data,4007
202511,20251101,GW-NIMBUS,CARD,Issuer Decline,17155
202511,20251101,GW-NIMBUS,CARD,Risk / Fraud Rule,5011
202511,20251101,GW-NIMBUS,LDEBIT,3DS Authentication Failed,1629
202511,20251101,GW-NIMBUS,LDEBIT,Gateway Timeout,1093
202511,20251101,GW-NIMBUS,LDEBIT,Insufficient Funds,6009
202511,20251101,GW-NIMBUS,LDEBIT,Invalid Card / Account Data,1509
202511,20251101,GW-NIMBUS,LDEBIT,Issuer Decline,4689
202511,20251101,GW-NIMBUS,LDEBIT,Risk / Fraud Rule,802
202511,20251101,GW-NIMBUS,TOKEN,3DS Authentication Failed,201
202511,20251101,GW-NIMBUS,TOKEN,Gateway Timeout,370
202511,20251101,GW-NIMBUS,TOKEN,Insufficient Funds,1029
202511,20251101,GW-NIMBUS,TOKEN,Invalid Card / Account Data,431
202511,20251101,GW-NIMBUS,TOKEN,Issuer Decline,1695
202511,20251101,GW-NIMBUS,TOKEN,Risk / Fraud Rule,511
202511,20251101,GW-ORION,CARD,3DS Authentication Failed,8575
202511,20251101,GW-ORION,CARD,Gateway Timeout,2467
202511,20251101,GW-ORION,CARD,Insufficient Funds,9524
202511,20251101,GW-ORION,CARD,Invalid Card / Account Data,3345
202511,20251101,GW-ORION,CARD,Issuer Decline,14525
202511,20251101,GW-ORION,CARD,Risk / Fraud Rule,4313
202511,20251101,GW-ORION,TOKEN,3DS Authentication Failed,203
202511,20251101,GW-ORION,TOKEN,Gateway Timeout,294
202511,20251101,GW-ORION,TOKEN,Insufficient Funds,997
202511,20251101,GW-ORION,TOKEN,Invalid Card / Account Data,371
202511,20251101,GW-ORION,TOKEN,Issuer Decline,1624
202511,20251101,GW-ORION,TOKEN,Risk / Fraud Rule,507
202512,20251201,GW-ATLAS,BNPL,3DS Authentication Failed,548
202512,20251201,GW-ATLAS,BNPL,Gateway Timeout,626
202512,20251201,GW-ATLAS,BNPL,Insufficient Funds,1169
202512,20251201,GW-ATLAS,BNPL,Invalid Card / Account Data,590
202512,20251201,GW-ATLAS,BNPL,Issuer Decline,602
202512,20251201,GW-ATLAS,BNPL,Risk / Fraud Rule,8120
202512,20251201,GW-ATLAS,CARD,3DS Authentication Failed,21425
202512,20251201,GW-ATLAS,CARD,Gateway Timeout,6436
202512,20251201,GW-ATLAS,CARD,Insufficient Funds,23777
202512,20251201,GW-ATLAS,CARD,Invalid Card / Account Data,8700
202512,20251201,GW-ATLAS,CARD,Issuer Decline,35997
202512,20251201,GW-ATLAS,CARD,Risk / Fraud Rule,10966
202512,20251201,GW-ATLAS,TOKEN,3DS Authentication Failed,359
202512,20251201,GW-ATLAS,TOKEN,Gateway Timeout,534
202512,20251201,GW-ATLAS,TOKEN,Insufficient Funds,1675
202512,20251201,GW-ATLAS,TOKEN,Invalid Card / Account Data,710
202512,20251201,GW-ATLAS,TOKEN,Issuer Decline,2821
202512,20251201,GW-ATLAS,TOKEN,Risk / Fraud Rule,837
202512,20251201,GW-NILE,BANKTR,Gateway Timeout,131
202512,20251201,GW-NILE,BANKTR,Insufficient Funds,181
202512,20251201,GW-NILE,BANKTR,Invalid Card / Account Data,244
202512,20251201,GW-NILE,BANKTR,Issuer Decline,78
202512,20251201,GW-NILE,BANKTR,Risk / Fraud Rule,32
202512,20251201,GW-NILE,BNPL,3DS Authentication Failed,94
202512,20251201,GW-NILE,BNPL,Gateway Timeout,81
202512,20251201,GW-NILE,BNPL,Insufficient Funds,144
202512,20251201,GW-NILE,BNPL,Invalid Card / Account Data,92
202512,20251201,GW-NILE,BNPL,Issuer Decline,90
202512,20251201,GW-NILE,BNPL,Risk / Fraud Rule,1227
202512,20251201,GW-NILE,CARD,3DS Authentication Failed,6115
202512,20251201,GW-NILE,CARD,Gateway Timeout,1809
202512,20251201,GW-NILE,CARD,Insufficient Funds,6557
202512,20251201,GW-NILE,CARD,Invalid Card / Account Data,2535
202512,20251201,GW-NILE,CARD,Issuer Decline,10450
202512,20251201,GW-NILE,CARD,Risk / Fraud Rule,3085
202512,20251201,GW-NILE,LDEBIT,3DS Authentication Failed,1907
202512,20251201,GW-NILE,LDEBIT,Gateway Timeout,1294
202512,20251201,GW-NILE,LDEBIT,Insufficient Funds,7123
202512,20251201,GW-NILE,LDEBIT,Invalid Card / Account Data,1863
202512,20251201,GW-NILE,LDEBIT,Issuer Decline,5795
202512,20251201,GW-NILE,LDEBIT,Risk / Fraud Rule,934
202512,20251201,GW-NILE,TOKEN,3DS Authentication Failed,202
202512,20251201,GW-NILE,TOKEN,Gateway Timeout,379
202512,20251201,GW-NILE,TOKEN,Insufficient Funds,1086
202512,20251201,GW-NILE,TOKEN,Invalid Card / Account Data,417
202512,20251201,GW-NILE,TOKEN,Issuer Decline,1693
202512,20251201,GW-NILE,TOKEN,Risk / Fraud Rule,529
202512,20251201,GW-NILE,WALLET,3DS Authentication Failed,9208
202512,20251201,GW-NILE,WALLET,Gateway Timeout,9261
202512,20251201,GW-NILE,WALLET,Insufficient Funds,21189
202512,20251201,GW-NILE,WALLET,Invalid Card / Account Data,6041
202512,20251201,GW-NILE,WALLET,Issuer Decline,12368
202512,20251201,GW-NILE,WALLET,Risk / Fraud Rule,3087
202512,20251201,GW-NIMBUS,BANKTR,Gateway Timeout,194
202512,20251201,GW-NIMBUS,BANKTR,Insufficient Funds,243
202512,20251201,GW-NIMBUS,BANKTR,Invalid Card / Account Data,293
202512,20251201,GW-NIMBUS,BANKTR,Issuer Decline,89
202512,20251201,GW-NIMBUS,BANKTR,Risk / Fraud Rule,47
202512,20251201,GW-NIMBUS,CARD,3DS Authentication Failed,9892
202512,20251201,GW-NIMBUS,CARD,Gateway Timeout,3007
202512,20251201,GW-NIMBUS,CARD,Insufficient Funds,10895
202512,20251201,GW-NIMBUS,CARD,Invalid Card / Account Data,4082
202512,20251201,GW-NIMBUS,CARD,Issuer Decline,16768
202512,20251201,GW-NIMBUS,CARD,Risk / Fraud Rule,5004
202512,20251201,GW-NIMBUS,LDEBIT,3DS Authentication Failed,1537
202512,20251201,GW-NIMBUS,LDEBIT,Gateway Timeout,1046
202512,20251201,GW-NIMBUS,LDEBIT,Insufficient Funds,5718
202512,20251201,GW-NIMBUS,LDEBIT,Invalid Card / Account Data,1539
202512,20251201,GW-NIMBUS,LDEBIT,Issuer Decline,4594
202512,20251201,GW-NIMBUS,LDEBIT,Risk / Fraud Rule,756
202512,20251201,GW-NIMBUS,TOKEN,3DS Authentication Failed,229
202512,20251201,GW-NIMBUS,TOKEN,Gateway Timeout,315
202512,20251201,GW-NIMBUS,TOKEN,Insufficient Funds,963
202512,20251201,GW-NIMBUS,TOKEN,Invalid Card / Account Data,383
202512,20251201,GW-NIMBUS,TOKEN,Issuer Decline,1644
202512,20251201,GW-NIMBUS,TOKEN,Risk / Fraud Rule,486
202512,20251201,GW-ORION,CARD,3DS Authentication Failed,8334
202512,20251201,GW-ORION,CARD,Gateway Timeout,2505
202512,20251201,GW-ORION,CARD,Insufficient Funds,9232
202512,20251201,GW-ORION,CARD,Invalid Card / Account Data,3440
202512,20251201,GW-ORION,CARD,Issuer Decline,14316
202512,20251201,GW-ORION,CARD,Risk / Fraud Rule,4126
202512,20251201,GW-ORION,TOKEN,3DS Authentication Failed,189
202512,20251201,GW-ORION,TOKEN,Gateway Timeout,266
202512,20251201,GW-ORION,TOKEN,Insufficient Funds,925
202512,20251201,GW-ORION,TOKEN,Invalid Card / Account Data,351
202512,20251201,GW-ORION,TOKEN,Issuer Decline,1436
202512,20251201,GW-ORION,TOKEN,Risk / Fraud Rule,445
202601,20260101,GW-ATLAS,BNPL,3DS Authentication Failed,584
202601,20260101,GW-ATLAS,BNPL,Gateway Timeout,561
202601,20260101,GW-ATLAS,BNPL,Insufficient Funds,1248
202601,20260101,GW-ATLAS,BNPL,Invalid Card / Account Data,631
202601,20260101,GW-ATLAS,BNPL,Issuer Decline,601
202601,20260101,GW-ATLAS,BNPL,Risk / Fraud Rule,8291
202601,20260101,GW-ATLAS,CARD,3DS Authentication Failed,21897
202601,20260101,GW-ATLAS,CARD,Gateway Timeout,6445
202601,20260101,GW-ATLAS,CARD,Insufficient Funds,24278
202601,20260101,GW-ATLAS,CARD,Invalid Card / Account Data,8803
202601,20260101,GW-ATLAS,CARD,Issuer Decline,37264
202601,20260101,GW-ATLAS,CARD,Risk / Fraud Rule,10951
202601,20260101,GW-ATLAS,TOKEN,3DS Authentication Failed,336
202601,20260101,GW-ATLAS,TOKEN,Gateway Timeout,537
202601,20260101,GW-ATLAS,TOKEN,Insufficient Funds,1703
202601,20260101,GW-ATLAS,TOKEN,Invalid Card / Account Data,707
202601,20260101,GW-ATLAS,TOKEN,Issuer Decline,2637
202601,20260101,GW-ATLAS,TOKEN,Risk / Fraud Rule,833
202601,20260101,GW-NILE,BANKTR,Gateway Timeout,134
202601,20260101,GW-NILE,BANKTR,Insufficient Funds,211
202601,20260101,GW-NILE,BANKTR,Invalid Card / Account Data,215
202601,20260101,GW-NILE,BANKTR,Issuer Decline,68
202601,20260101,GW-NILE,BANKTR,Risk / Fraud Rule,42
202601,20260101,GW-NILE,BNPL,3DS Authentication Failed,72
202601,20260101,GW-NILE,BNPL,Gateway Timeout,86
202601,20260101,GW-NILE,BNPL,Insufficient Funds,160
202601,20260101,GW-NILE,BNPL,Invalid Card / Account Data,68
202601,20260101,GW-NILE,BNPL,Issuer Decline,95
202601,20260101,GW-NILE,BNPL,Risk / Fraud Rule,1088
202601,20260101,GW-NILE,CARD,3DS Authentication Failed,5904
202601,20260101,GW-NILE,CARD,Gateway Timeout,1705
202601,20260101,GW-NILE,CARD,Insufficient Funds,6414
202601,20260101,GW-NILE,CARD,Invalid Card / Account Data,2327
202601,20260101,GW-NILE,CARD,Issuer Decline,9901
202601,20260101,GW-NILE,CARD,Risk / Fraud Rule,2936
202601,20260101,GW-NILE,LDEBIT,3DS Authentication Failed,1864
202601,20260101,GW-NILE,LDEBIT,Gateway Timeout,1327
202601,20260101,GW-NILE,LDEBIT,Insufficient Funds,7147
202601,20260101,GW-NILE,LDEBIT,Invalid Card / Account Data,1949
202601,20260101,GW-NILE,LDEBIT,Issuer Decline,5569
202601,20260101,GW-NILE,LDEBIT,Risk / Fraud Rule,948
202601,20260101,GW-NILE,TOKEN,3DS Authentication Failed,229
202601,20260101,GW-NILE,TOKEN,Gateway Timeout,355
202601,20260101,GW-NILE,TOKEN,Insufficient Funds,1049
202601,20260101,GW-NILE,TOKEN,Invalid Card / Account Data,414
202601,20260101,GW-NILE,TOKEN,Issuer Decline,1728
202601,20260101,GW-NILE,TOKEN,Risk / Fraud Rule,505
202601,20260101,GW-NILE,WALLET,3DS Authentication Failed,9746
202601,20260101,GW-NILE,WALLET,Gateway Timeout,15108
202601,20260101,GW-NILE,WALLET,Insufficient Funds,16975
202601,20260101,GW-NILE,WALLET,Invalid Card / Account Data,6508
202601,20260101,GW-NILE,WALLET,Issuer Decline,12916
202601,20260101,GW-NILE,WALLET,Risk / Fraud Rule,3203
202601,20260101,GW-NIMBUS,BANKTR,Gateway Timeout,153
202601,20260101,GW-NIMBUS,BANKTR,Insufficient Funds,229
202601,20260101,GW-NIMBUS,BANKTR,Invalid Card / Account Data,291
202601,20260101,GW-NIMBUS,BANKTR,Issuer Decline,73
202601,20260101,GW-NIMBUS,BANKTR,Risk / Fraud Rule,40
202601,20260101,GW-NIMBUS,CARD,3DS Authentication Failed,8937
202601,20260101,GW-NIMBUS,CARD,Gateway Timeout,2659
202601,20260101,GW-NIMBUS,CARD,Insufficient Funds,9922
202601,20260101,GW-NIMBUS,CARD,Invalid Card / Account Data,3497
202601,20260101,GW-NIMBUS,CARD,Issuer Decline,15272
202601,20260101,GW-NIMBUS,CARD,Risk / Fraud Rule,4636
202601,20260101,GW-NIMBUS,LDEBIT,3DS Authentication Failed,1482
202601,20260101,GW-NIMBUS,LDEBIT,Gateway Timeout,1092
202601,20260101,GW-NIMBUS,LDEBIT,Insufficient Funds,5709
202601,20260101,GW-NIMBUS,LDEBIT,Invalid Card / Account Data,1446
202601,20260101,GW-NIMBUS,LDEBIT,Issuer Decline,4503
202601,20260101,GW-NIMBUS,LDEBIT,Risk / Fraud Rule,720
202601,20260101,GW-NIMBUS,TOKEN,3DS Authentication Failed,179
202601,20260101,GW-NIMBUS,TOKEN,Gateway Timeout,311
202601,20260101,GW-NIMBUS,TOKEN,Insufficient Funds,849
202601,20260101,GW-NIMBUS,TOKEN,Invalid Card / Account Data,330
202601,20260101,GW-NIMBUS,TOKEN,Issuer Decline,1392
202601,20260101,GW-NIMBUS,TOKEN,Risk / Fraud Rule,409
202601,20260101,GW-ORION,CARD,3DS Authentication Failed,7935
202601,20260101,GW-ORION,CARD,Gateway Timeout,2329
202601,20260101,GW-ORION,CARD,Insufficient Funds,8859
202601,20260101,GW-ORION,CARD,Invalid Card / Account Data,3100
202601,20260101,GW-ORION,CARD,Issuer Decline,13499
202601,20260101,GW-ORION,CARD,Risk / Fraud Rule,3847
202601,20260101,GW-ORION,TOKEN,3DS Authentication Failed,182
202601,20260101,GW-ORION,TOKEN,Gateway Timeout,266
202601,20260101,GW-ORION,TOKEN,Insufficient Funds,851
202601,20260101,GW-ORION,TOKEN,Invalid Card / Account Data,343
202601,20260101,GW-ORION,TOKEN,Issuer Decline,1325
202601,20260101,GW-ORION,TOKEN,Risk / Fraud Rule,389
202602,20260201,GW-ATLAS,BNPL,3DS Authentication Failed,607
202602,20260201,GW-ATLAS,BNPL,Gateway Timeout,657
202602,20260201,GW-ATLAS,BNPL,Insufficient Funds,1301
202602,20260201,GW-ATLAS,BNPL,Invalid Card / Account Data,657
202602,20260201,GW-ATLAS,BNPL,Issuer Decline,635
202602,20260201,GW-ATLAS,BNPL,Risk / Fraud Rule,9191
202602,20260201,GW-ATLAS,CARD,3DS Authentication Failed,23633
202602,20260201,GW-ATLAS,CARD,Gateway Timeout,7245
202602,20260201,GW-ATLAS,CARD,Insufficient Funds,26478
202602,20260201,GW-ATLAS,CARD,Invalid Card / Account Data,9460
202602,20260201,GW-ATLAS,CARD,Issuer Decline,40476
202602,20260201,GW-ATLAS,CARD,Risk / Fraud Rule,11870
202602,20260201,GW-ATLAS,TOKEN,3DS Authentication Failed,388
202602,20260201,GW-ATLAS,TOKEN,Gateway Timeout,613
202602,20260201,GW-ATLAS,TOKEN,Insufficient Funds,1859
202602,20260201,GW-ATLAS,TOKEN,Invalid Card / Account Data,740
202602,20260201,GW-ATLAS,TOKEN,Issuer Decline,2988
202602,20260201,GW-ATLAS,TOKEN,Risk / Fraud Rule,903
202602,20260201,GW-NILE,BANKTR,Gateway Timeout,137
202602,20260201,GW-NILE,BANKTR,Insufficient Funds,217
202602,20260201,GW-NILE,BANKTR,Invalid Card / Account Data,260
202602,20260201,GW-NILE,BANKTR,Issuer Decline,67
202602,20260201,GW-NILE,BANKTR,Risk / Fraud Rule,39
202602,20260201,GW-NILE,BNPL,3DS Authentication Failed,83
202602,20260201,GW-NILE,BNPL,Gateway Timeout,85
202602,20260201,GW-NILE,BNPL,Insufficient Funds,189
202602,20260201,GW-NILE,BNPL,Invalid Card / Account Data,68
202602,20260201,GW-NILE,BNPL,Issuer Decline,85
202602,20260201,GW-NILE,BNPL,Risk / Fraud Rule,1172
202602,20260201,GW-NILE,CARD,3DS Authentication Failed,6475
202602,20260201,GW-NILE,CARD,Gateway Timeout,1897
202602,20260201,GW-NILE,CARD,Insufficient Funds,7294
202602,20260201,GW-NILE,CARD,Invalid Card / Account Data,2593
202602,20260201,GW-NILE,CARD,Issuer Decline,11259
202602,20260201,GW-NILE,CARD,Risk / Fraud Rule,3286
202602,20260201,GW-NILE,LDEBIT,3DS Authentication Failed,2025
202602,20260201,GW-NILE,LDEBIT,Gateway Timeout,1462
202602,20260201,GW-NILE,LDEBIT,Insufficient Funds,7797
202602,20260201,GW-NILE,LDEBIT,Invalid Card / Account Data,2059
202602,20260201,GW-NILE,LDEBIT,Issuer Decline,6261
202602,20260201,GW-NILE,LDEBIT,Risk / Fraud Rule,1022
202602,20260201,GW-NILE,TOKEN,3DS Authentication Failed,219
202602,20260201,GW-NILE,TOKEN,Gateway Timeout,331
202602,20260201,GW-NILE,TOKEN,Insufficient Funds,1103
202602,20260201,GW-NILE,TOKEN,Invalid Card / Account Data,430
202602,20260201,GW-NILE,TOKEN,Issuer Decline,1828
202602,20260201,GW-NILE,TOKEN,Risk / Fraud Rule,492
202602,20260201,GW-NILE,WALLET,3DS Authentication Failed,11765
202602,20260201,GW-NILE,WALLET,Gateway Timeout,18465
202602,20260201,GW-NILE,WALLET,Insufficient Funds,20622
202602,20260201,GW-NILE,WALLET,Invalid Card / Account Data,7797
202602,20260201,GW-NILE,WALLET,Issuer Decline,15797
202602,20260201,GW-NILE,WALLET,Risk / Fraud Rule,3874
202602,20260201,GW-NIMBUS,BANKTR,Gateway Timeout,155
202602,20260201,GW-NIMBUS,BANKTR,Insufficient Funds,223
202602,20260201,GW-NIMBUS,BANKTR,Invalid Card / Account Data,276
202602,20260201,GW-NIMBUS,BANKTR,Issuer Decline,82
202602,20260201,GW-NIMBUS,BANKTR,Risk / Fraud Rule,34
202602,20260201,GW-NIMBUS,CARD,3DS Authentication Failed,10265
202602,20260201,GW-NIMBUS,CARD,Gateway Timeout,2973
202602,20260201,GW-NIMBUS,CARD,Insufficient Funds,10887
202602,20260201,GW-NIMBUS,CARD,Invalid Card / Account Data,3947
202602,20260201,GW-NIMBUS,CARD,Issuer Decline,16843
202602,20260201,GW-NIMBUS,CARD,Risk / Fraud Rule,5078
202602,20260201,GW-NIMBUS,LDEBIT,3DS Authentication Failed,1705
202602,20260201,GW-NIMBUS,LDEBIT,Gateway Timeout,1143
202602,20260201,GW-NIMBUS,LDEBIT,Insufficient Funds,6382
202602,20260201,GW-NIMBUS,LDEBIT,Invalid Card / Account Data,1631
202602,20260201,GW-NIMBUS,LDEBIT,Issuer Decline,4913
202602,20260201,GW-NIMBUS,LDEBIT,Risk / Fraud Rule,813
202602,20260201,GW-NIMBUS,TOKEN,3DS Authentication Failed,217
202602,20260201,GW-NIMBUS,TOKEN,Gateway Timeout,332
202602,20260201,GW-NIMBUS,TOKEN,Insufficient Funds,1082
202602,20260201,GW-NIMBUS,TOKEN,Invalid Card / Account Data,426
202602,20260201,GW-NIMBUS,TOKEN,Issuer Decline,1642
202602,20260201,GW-NIMBUS,TOKEN,Risk / Fraud Rule,488
202602,20260201,GW-ORION,CARD,3DS Authentication Failed,8861
202602,20260201,GW-ORION,CARD,Gateway Timeout,2584
202602,20260201,GW-ORION,CARD,Insufficient Funds,9828
202602,20260201,GW-ORION,CARD,Invalid Card / Account Data,3562
202602,20260201,GW-ORION,CARD,Issuer Decline,15048
202602,20260201,GW-ORION,CARD,Risk / Fraud Rule,4395
202602,20260201,GW-ORION,TOKEN,3DS Authentication Failed,207
202602,20260201,GW-ORION,TOKEN,Gateway Timeout,290
202602,20260201,GW-ORION,TOKEN,Insufficient Funds,939
202602,20260201,GW-ORION,TOKEN,Invalid Card / Account Data,408
202602,20260201,GW-ORION,TOKEN,Issuer Decline,1524
202602,20260201,GW-ORION,TOKEN,Risk / Fraud Rule,492
202603,20260301,GW-ATLAS,BNPL,3DS Authentication Failed,695
202603,20260301,GW-ATLAS,BNPL,Gateway Timeout,676
202603,20260301,GW-ATLAS,BNPL,Insufficient Funds,1316
202603,20260301,GW-ATLAS,BNPL,Invalid Card / Account Data,655
202603,20260301,GW-ATLAS,BNPL,Issuer Decline,676
202603,20260301,GW-ATLAS,BNPL,Risk / Fraud Rule,9542
202603,20260301,GW-ATLAS,CARD,3DS Authentication Failed,25589
202603,20260301,GW-ATLAS,CARD,Gateway Timeout,7607
202603,20260301,GW-ATLAS,CARD,Insufficient Funds,27940
202603,20260301,GW-ATLAS,CARD,Invalid Card / Account Data,10104
202603,20260301,GW-ATLAS,CARD,Issuer Decline,43439
202603,20260301,GW-ATLAS,CARD,Risk / Fraud Rule,12813
202603,20260301,GW-ATLAS,TOKEN,3DS Authentication Failed,410
202603,20260301,GW-ATLAS,TOKEN,Gateway Timeout,597
202603,20260301,GW-ATLAS,TOKEN,Insufficient Funds,2012
202603,20260301,GW-ATLAS,TOKEN,Invalid Card / Account Data,808
202603,20260301,GW-ATLAS,TOKEN,Issuer Decline,3243
202603,20260301,GW-ATLAS,TOKEN,Risk / Fraud Rule,956
202603,20260301,GW-NILE,BANKTR,Gateway Timeout,136
202603,20260301,GW-NILE,BANKTR,Insufficient Funds,193
202603,20260301,GW-NILE,BANKTR,Invalid Card / Account Data,260
202603,20260301,GW-NILE,BANKTR,Issuer Decline,75
202603,20260301,GW-NILE,BANKTR,Risk / Fraud Rule,51
202603,20260301,GW-NILE,BNPL,3DS Authentication Failed,89
202603,20260301,GW-NILE,BNPL,Gateway Timeout,97
202603,20260301,GW-NILE,BNPL,Insufficient Funds,191
202603,20260301,GW-NILE,BNPL,Invalid Card / Account Data,77
202603,20260301,GW-NILE,BNPL,Issuer Decline,90
202603,20260301,GW-NILE,BNPL,Risk / Fraud Rule,1195
202603,20260301,GW-NILE,CARD,3DS Authentication Failed,6725
202603,20260301,GW-NILE,CARD,Gateway Timeout,2054
202603,20260301,GW-NILE,CARD,Insufficient Funds,7600
202603,20260301,GW-NILE,CARD,Invalid Card / Account Data,2727
202603,20260301,GW-NILE,CARD,Issuer Decline,11530
202603,20260301,GW-NILE,CARD,Risk / Fraud Rule,3369
202603,20260301,GW-NILE,LDEBIT,3DS Authentication Failed,2186
202603,20260301,GW-NILE,LDEBIT,Gateway Timeout,1461
202603,20260301,GW-NILE,LDEBIT,Insufficient Funds,8212
202603,20260301,GW-NILE,LDEBIT,Invalid Card / Account Data,2170
202603,20260301,GW-NILE,LDEBIT,Issuer Decline,6596
202603,20260301,GW-NILE,LDEBIT,Risk / Fraud Rule,1163
202603,20260301,GW-NILE,TOKEN,3DS Authentication Failed,247
202603,20260301,GW-NILE,TOKEN,Gateway Timeout,397
202603,20260301,GW-NILE,TOKEN,Insufficient Funds,1275
202603,20260301,GW-NILE,TOKEN,Invalid Card / Account Data,501
202603,20260301,GW-NILE,TOKEN,Issuer Decline,1947
202603,20260301,GW-NILE,TOKEN,Risk / Fraud Rule,575
202603,20260301,GW-NILE,WALLET,3DS Authentication Failed,13680
202603,20260301,GW-NILE,WALLET,Gateway Timeout,21595
202603,20260301,GW-NILE,WALLET,Insufficient Funds,23932
202603,20260301,GW-NILE,WALLET,Invalid Card / Account Data,8962
202603,20260301,GW-NILE,WALLET,Issuer Decline,18005
202603,20260301,GW-NILE,WALLET,Risk / Fraud Rule,4511
202603,20260301,GW-NIMBUS,BANKTR,Gateway Timeout,197
202603,20260301,GW-NIMBUS,BANKTR,Insufficient Funds,239
202603,20260301,GW-NIMBUS,BANKTR,Invalid Card / Account Data,310
202603,20260301,GW-NIMBUS,BANKTR,Issuer Decline,84
202603,20260301,GW-NIMBUS,BANKTR,Risk / Fraud Rule,48
202603,20260301,GW-NIMBUS,CARD,3DS Authentication Failed,10407
202603,20260301,GW-NIMBUS,CARD,Gateway Timeout,3050
202603,20260301,GW-NIMBUS,CARD,Insufficient Funds,11333
202603,20260301,GW-NIMBUS,CARD,Invalid Card / Account Data,4135
202603,20260301,GW-NIMBUS,CARD,Issuer Decline,17405
202603,20260301,GW-NIMBUS,CARD,Risk / Fraud Rule,5170
202603,20260301,GW-NIMBUS,LDEBIT,3DS Authentication Failed,1760
202603,20260301,GW-NIMBUS,LDEBIT,Gateway Timeout,1204
202603,20260301,GW-NIMBUS,LDEBIT,Insufficient Funds,6429
202603,20260301,GW-NIMBUS,LDEBIT,Invalid Card / Account Data,1590
202603,20260301,GW-NIMBUS,LDEBIT,Issuer Decline,5179
202603,20260301,GW-NIMBUS,LDEBIT,Risk / Fraud Rule,854
202603,20260301,GW-NIMBUS,TOKEN,3DS Authentication Failed,213
202603,20260301,GW-NIMBUS,TOKEN,Gateway Timeout,339
202603,20260301,GW-NIMBUS,TOKEN,Insufficient Funds,1079
202603,20260301,GW-NIMBUS,TOKEN,Invalid Card / Account Data,392
202603,20260301,GW-NIMBUS,TOKEN,Issuer Decline,1667
202603,20260301,GW-NIMBUS,TOKEN,Risk / Fraud Rule,498
202603,20260301,GW-ORION,CARD,3DS Authentication Failed,9043
202603,20260301,GW-ORION,CARD,Gateway Timeout,2651
202603,20260301,GW-ORION,CARD,Insufficient Funds,9625
202603,20260301,GW-ORION,CARD,Invalid Card / Account Data,3585
202603,20260301,GW-ORION,CARD,Issuer Decline,15142
202603,20260301,GW-ORION,CARD,Risk / Fraud Rule,4372
202603,20260301,GW-ORION,TOKEN,3DS Authentication Failed,217
202603,20260301,GW-ORION,TOKEN,Gateway Timeout,333
202603,20260301,GW-ORION,TOKEN,Insufficient Funds,985
202603,20260301,GW-ORION,TOKEN,Invalid Card / Account Data,403
202603,20260301,GW-ORION,TOKEN,Issuer Decline,1567
202603,20260301,GW-ORION,TOKEN,Risk / Fraud Rule,438
202604,20260401,GW-ATLAS,BNPL,3DS Authentication Failed,721
202604,20260401,GW-ATLAS,BNPL,Gateway Timeout,632
202604,20260401,GW-ATLAS,BNPL,Insufficient Funds,1385
202604,20260401,GW-ATLAS,BNPL,Invalid Card / Account Data,627
202604,20260401,GW-ATLAS,BNPL,Issuer Decline,692
202604,20260401,GW-ATLAS,BNPL,Risk / Fraud Rule,9447
202604,20260401,GW-ATLAS,CARD,3DS Authentication Failed,23752
202604,20260401,GW-ATLAS,CARD,Gateway Timeout,7060
202604,20260401,GW-ATLAS,CARD,Insufficient Funds,26018
202604,20260401,GW-ATLAS,CARD,Invalid Card / Account Data,9415
202604,20260401,GW-ATLAS,CARD,Issuer Decline,40202
202604,20260401,GW-ATLAS,CARD,Risk / Fraud Rule,11923
202604,20260401,GW-ATLAS,TOKEN,3DS Authentication Failed,351
202604,20260401,GW-ATLAS,TOKEN,Gateway Timeout,605
202604,20260401,GW-ATLAS,TOKEN,Insufficient Funds,1794
202604,20260401,GW-ATLAS,TOKEN,Invalid Card / Account Data,724
202604,20260401,GW-ATLAS,TOKEN,Issuer Decline,2971
202604,20260401,GW-ATLAS,TOKEN,Risk / Fraud Rule,909
202604,20260401,GW-NILE,BANKTR,Gateway Timeout,133
202604,20260401,GW-NILE,BANKTR,Insufficient Funds,190
202604,20260401,GW-NILE,BANKTR,Invalid Card / Account Data,225
202604,20260401,GW-NILE,BANKTR,Issuer Decline,91
202604,20260401,GW-NILE,BANKTR,Risk / Fraud Rule,32
202604,20260401,GW-NILE,BNPL,3DS Authentication Failed,75
202604,20260401,GW-NILE,BNPL,Gateway Timeout,55
202604,20260401,GW-NILE,BNPL,Insufficient Funds,168
202604,20260401,GW-NILE,BNPL,Invalid Card / Account Data,73
202604,20260401,GW-NILE,BNPL,Issuer Decline,69
202604,20260401,GW-NILE,BNPL,Risk / Fraud Rule,1063
202604,20260401,GW-NILE,CARD,3DS Authentication Failed,6379
202604,20260401,GW-NILE,CARD,Gateway Timeout,1896
202604,20260401,GW-NILE,CARD,Insufficient Funds,6986
202604,20260401,GW-NILE,CARD,Invalid Card / Account Data,2525
202604,20260401,GW-NILE,CARD,Issuer Decline,11079
202604,20260401,GW-NILE,CARD,Risk / Fraud Rule,3097
202604,20260401,GW-NILE,LDEBIT,3DS Authentication Failed,2083
202604,20260401,GW-NILE,LDEBIT,Gateway Timeout,1435
202604,20260401,GW-NILE,LDEBIT,Insufficient Funds,7954
202604,20260401,GW-NILE,LDEBIT,Invalid Card / Account Data,2097
202604,20260401,GW-NILE,LDEBIT,Issuer Decline,6193
202604,20260401,GW-NILE,LDEBIT,Risk / Fraud Rule,1015
202604,20260401,GW-NILE,TOKEN,3DS Authentication Failed,221
202604,20260401,GW-NILE,TOKEN,Gateway Timeout,378
202604,20260401,GW-NILE,TOKEN,Insufficient Funds,1129
202604,20260401,GW-NILE,TOKEN,Invalid Card / Account Data,437
202604,20260401,GW-NILE,TOKEN,Issuer Decline,1799
202604,20260401,GW-NILE,TOKEN,Risk / Fraud Rule,524
202604,20260401,GW-NILE,WALLET,3DS Authentication Failed,14193
202604,20260401,GW-NILE,WALLET,Gateway Timeout,22357
202604,20260401,GW-NILE,WALLET,Insufficient Funds,24935
202604,20260401,GW-NILE,WALLET,Invalid Card / Account Data,9465
202604,20260401,GW-NILE,WALLET,Issuer Decline,18937
202604,20260401,GW-NILE,WALLET,Risk / Fraud Rule,4755
202604,20260401,GW-NIMBUS,BANKTR,Gateway Timeout,198
202604,20260401,GW-NIMBUS,BANKTR,Insufficient Funds,272
202604,20260401,GW-NIMBUS,BANKTR,Invalid Card / Account Data,360
202604,20260401,GW-NIMBUS,BANKTR,Issuer Decline,99
202604,20260401,GW-NIMBUS,BANKTR,Risk / Fraud Rule,47
202604,20260401,GW-NIMBUS,CARD,3DS Authentication Failed,9899
202604,20260401,GW-NIMBUS,CARD,Gateway Timeout,2949
202604,20260401,GW-NIMBUS,CARD,Insufficient Funds,10842
202604,20260401,GW-NIMBUS,CARD,Invalid Card / Account Data,4071
202604,20260401,GW-NIMBUS,CARD,Issuer Decline,16659
202604,20260401,GW-NIMBUS,CARD,Risk / Fraud Rule,4974
202604,20260401,GW-NIMBUS,LDEBIT,3DS Authentication Failed,1635
202604,20260401,GW-NIMBUS,LDEBIT,Gateway Timeout,1111
202604,20260401,GW-NIMBUS,LDEBIT,Insufficient Funds,6349
202604,20260401,GW-NIMBUS,LDEBIT,Invalid Card / Account Data,1607
202604,20260401,GW-NIMBUS,LDEBIT,Issuer Decline,4974
202604,20260401,GW-NIMBUS,LDEBIT,Risk / Fraud Rule,840
202604,20260401,GW-NIMBUS,TOKEN,3DS Authentication Failed,210
202604,20260401,GW-NIMBUS,TOKEN,Gateway Timeout,315
202604,20260401,GW-NIMBUS,TOKEN,Insufficient Funds,1040
202604,20260401,GW-NIMBUS,TOKEN,Invalid Card / Account Data,394
202604,20260401,GW-NIMBUS,TOKEN,Issuer Decline,1656
202604,20260401,GW-NIMBUS,TOKEN,Risk / Fraud Rule,477
202604,20260401,GW-ORION,CARD,3DS Authentication Failed,8276
202604,20260401,GW-ORION,CARD,Gateway Timeout,2466
202604,20260401,GW-ORION,CARD,Insufficient Funds,8957
202604,20260401,GW-ORION,CARD,Invalid Card / Account Data,3311
202604,20260401,GW-ORION,CARD,Issuer Decline,14230
202604,20260401,GW-ORION,CARD,Risk / Fraud Rule,4116
202604,20260401,GW-ORION,TOKEN,3DS Authentication Failed,178
202604,20260401,GW-ORION,TOKEN,Gateway Timeout,308
202604,20260401,GW-ORION,TOKEN,Insufficient Funds,905
202604,20260401,GW-ORION,TOKEN,Invalid Card / Account Data,367
202604,20260401,GW-ORION,TOKEN,Issuer Decline,1497
202604,20260401,GW-ORION,TOKEN,Risk / Fraud Rule,413
202605,20260501,GW-ATLAS,BNPL,3DS Authentication Failed,674
202605,20260501,GW-ATLAS,BNPL,Gateway Timeout,667
202605,20260501,GW-ATLAS,BNPL,Insufficient Funds,1327
202605,20260501,GW-ATLAS,BNPL,Invalid Card / Account Data,678
202605,20260501,GW-ATLAS,BNPL,Issuer Decline,658
202605,20260501,GW-ATLAS,BNPL,Risk / Fraud Rule,9313
202605,20260501,GW-ATLAS,CARD,3DS Authentication Failed,23873
202605,20260501,GW-ATLAS,CARD,Gateway Timeout,7129
202605,20260501,GW-ATLAS,CARD,Insufficient Funds,26653
202605,20260501,GW-ATLAS,CARD,Invalid Card / Account Data,9610
202605,20260501,GW-ATLAS,CARD,Issuer Decline,40937
202605,20260501,GW-ATLAS,CARD,Risk / Fraud Rule,11957
202605,20260501,GW-ATLAS,TOKEN,3DS Authentication Failed,393
202605,20260501,GW-ATLAS,TOKEN,Gateway Timeout,553
202605,20260501,GW-ATLAS,TOKEN,Insufficient Funds,1915
202605,20260501,GW-ATLAS,TOKEN,Invalid Card / Account Data,750
202605,20260501,GW-ATLAS,TOKEN,Issuer Decline,3030
202605,20260501,GW-ATLAS,TOKEN,Risk / Fraud Rule,953
202605,20260501,GW-NILE,BANKTR,Gateway Timeout,137
202605,20260501,GW-NILE,BANKTR,Insufficient Funds,210
202605,20260501,GW-NILE,BANKTR,Invalid Card / Account Data,251
202605,20260501,GW-NILE,BANKTR,Issuer Decline,81
202605,20260501,GW-NILE,BANKTR,Risk / Fraud Rule,31
202605,20260501,GW-NILE,BNPL,3DS Authentication Failed,64
202605,20260501,GW-NILE,BNPL,Gateway Timeout,54
202605,20260501,GW-NILE,BNPL,Insufficient Funds,150
202605,20260501,GW-NILE,BNPL,Invalid Card / Account Data,65
202605,20260501,GW-NILE,BNPL,Issuer Decline,82
202605,20260501,GW-NILE,BNPL,Risk / Fraud Rule,936
202605,20260501,GW-NILE,CARD,3DS Authentication Failed,6541
202605,20260501,GW-NILE,CARD,Gateway Timeout,1809
202605,20260501,GW-NILE,CARD,Insufficient Funds,6941
202605,20260501,GW-NILE,CARD,Invalid Card / Account Data,2490
202605,20260501,GW-NILE,CARD,Issuer Decline,10701
202605,20260501,GW-NILE,CARD,Risk / Fraud Rule,3080
202605,20260501,GW-NILE,LDEBIT,3DS Authentication Failed,2045
202605,20260501,GW-NILE,LDEBIT,Gateway Timeout,1403
202605,20260501,GW-NILE,LDEBIT,Insufficient Funds,7843
202605,20260501,GW-NILE,LDEBIT,Invalid Card / Account Data,2016
202605,20260501,GW-NILE,LDEBIT,Issuer Decline,6113
202605,20260501,GW-NILE,LDEBIT,Risk / Fraud Rule,1048
202605,20260501,GW-NILE,TOKEN,3DS Authentication Failed,219
202605,20260501,GW-NILE,TOKEN,Gateway Timeout,340
202605,20260501,GW-NILE,TOKEN,Insufficient Funds,1146
202605,20260501,GW-NILE,TOKEN,Invalid Card / Account Data,461
202605,20260501,GW-NILE,TOKEN,Issuer Decline,1894
202605,20260501,GW-NILE,TOKEN,Risk / Fraud Rule,536
202605,20260501,GW-NILE,WALLET,3DS Authentication Failed,15384
202605,20260501,GW-NILE,WALLET,Gateway Timeout,24606
202605,20260501,GW-NILE,WALLET,Insufficient Funds,27258
202605,20260501,GW-NILE,WALLET,Invalid Card / Account Data,10201
202605,20260501,GW-NILE,WALLET,Issuer Decline,21028
202605,20260501,GW-NILE,WALLET,Risk / Fraud Rule,5274
202605,20260501,GW-NIMBUS,BANKTR,Gateway Timeout,172
202605,20260501,GW-NIMBUS,BANKTR,Insufficient Funds,262
202605,20260501,GW-NIMBUS,BANKTR,Invalid Card / Account Data,294
202605,20260501,GW-NIMBUS,BANKTR,Issuer Decline,89
202605,20260501,GW-NIMBUS,BANKTR,Risk / Fraud Rule,40
202605,20260501,GW-NIMBUS,CARD,3DS Authentication Failed,9918
202605,20260501,GW-NIMBUS,CARD,Gateway Timeout,3062
202605,20260501,GW-NIMBUS,CARD,Insufficient Funds,10842
202605,20260501,GW-NIMBUS,CARD,Invalid Card / Account Data,4010
202605,20260501,GW-NIMBUS,CARD,Issuer Decline,16902
202605,20260501,GW-NIMBUS,CARD,Risk / Fraud Rule,5017
202605,20260501,GW-NIMBUS,LDEBIT,3DS Authentication Failed,1690
202605,20260501,GW-NIMBUS,LDEBIT,Gateway Timeout,1245
202605,20260501,GW-NIMBUS,LDEBIT,Insufficient Funds,6730
202605,20260501,GW-NIMBUS,LDEBIT,Invalid Card / Account Data,1785
202605,20260501,GW-NIMBUS,LDEBIT,Issuer Decline,5311
202605,20260501,GW-NIMBUS,LDEBIT,Risk / Fraud Rule,895
202605,20260501,GW-NIMBUS,TOKEN,3DS Authentication Failed,212
202605,20260501,GW-NIMBUS,TOKEN,Gateway Timeout,326
202605,20260501,GW-NIMBUS,TOKEN,Insufficient Funds,1114
202605,20260501,GW-NIMBUS,TOKEN,Invalid Card / Account Data,450
202605,20260501,GW-NIMBUS,TOKEN,Issuer Decline,1832
202605,20260501,GW-NIMBUS,TOKEN,Risk / Fraud Rule,582
202605,20260501,GW-ORION,CARD,3DS Authentication Failed,8857
202605,20260501,GW-ORION,CARD,Gateway Timeout,2614
202605,20260501,GW-ORION,CARD,Insufficient Funds,9629
202605,20260501,GW-ORION,CARD,Invalid Card / Account Data,3534
202605,20260501,GW-ORION,CARD,Issuer Decline,14894
202605,20260501,GW-ORION,CARD,Risk / Fraud Rule,4330
202605,20260501,GW-ORION,TOKEN,3DS Authentication Failed,176
202605,20260501,GW-ORION,TOKEN,Gateway Timeout,283
202605,20260501,GW-ORION,TOKEN,Insufficient Funds,920
202605,20260501,GW-ORION,TOKEN,Invalid Card / Account Data,358
202605,20260501,GW-ORION,TOKEN,Issuer Decline,1440
202605,20260501,GW-ORION,TOKEN,Risk / Fraud Rule,385
202606,20260601,GW-ATLAS,BNPL,3DS Authentication Failed,685
202606,20260601,GW-ATLAS,BNPL,Gateway Timeout,723
202606,20260601,GW-ATLAS,BNPL,Insufficient Funds,1371
202606,20260601,GW-ATLAS,BNPL,Invalid Card / Account Data,707
202606,20260601,GW-ATLAS,BNPL,Issuer Decline,696
202606,20260601,GW-ATLAS,BNPL,Risk / Fraud Rule,9579
202606,20260601,GW-ATLAS,CARD,3DS Authentication Failed,24354
202606,20260601,GW-ATLAS,CARD,Gateway Timeout,7189
202606,20260601,GW-ATLAS,CARD,Insufficient Funds,26486
202606,20260601,GW-ATLAS,CARD,Invalid Card / Account Data,9630
202606,20260601,GW-ATLAS,CARD,Issuer Decline,41558
202606,20260601,GW-ATLAS,CARD,Risk / Fraud Rule,12167
202606,20260601,GW-ATLAS,TOKEN,3DS Authentication Failed,426
202606,20260601,GW-ATLAS,TOKEN,Gateway Timeout,607
202606,20260601,GW-ATLAS,TOKEN,Insufficient Funds,1945
202606,20260601,GW-ATLAS,TOKEN,Invalid Card / Account Data,771
202606,20260601,GW-ATLAS,TOKEN,Issuer Decline,3119
202606,20260601,GW-ATLAS,TOKEN,Risk / Fraud Rule,847
202606,20260601,GW-NILE,BANKTR,Gateway Timeout,134
202606,20260601,GW-NILE,BANKTR,Insufficient Funds,200
202606,20260601,GW-NILE,BANKTR,Invalid Card / Account Data,205
202606,20260601,GW-NILE,BANKTR,Issuer Decline,69
202606,20260601,GW-NILE,BANKTR,Risk / Fraud Rule,23
202606,20260601,GW-NILE,BNPL,3DS Authentication Failed,76
202606,20260601,GW-NILE,BNPL,Gateway Timeout,62
202606,20260601,GW-NILE,BNPL,Insufficient Funds,161
202606,20260601,GW-NILE,BNPL,Invalid Card / Account Data,60
202606,20260601,GW-NILE,BNPL,Issuer Decline,77
202606,20260601,GW-NILE,BNPL,Risk / Fraud Rule,999
202606,20260601,GW-NILE,CARD,3DS Authentication Failed,6275
202606,20260601,GW-NILE,CARD,Gateway Timeout,1938
202606,20260601,GW-NILE,CARD,Insufficient Funds,6872
202606,20260601,GW-NILE,CARD,Invalid Card / Account Data,2549
202606,20260601,GW-NILE,CARD,Issuer Decline,10681
202606,20260601,GW-NILE,CARD,Risk / Fraud Rule,3232
202606,20260601,GW-NILE,LDEBIT,3DS Authentication Failed,2079
202606,20260601,GW-NILE,LDEBIT,Gateway Timeout,1497
202606,20260601,GW-NILE,LDEBIT,Insufficient Funds,7906
202606,20260601,GW-NILE,LDEBIT,Invalid Card / Account Data,2166
202606,20260601,GW-NILE,LDEBIT,Issuer Decline,6269
202606,20260601,GW-NILE,LDEBIT,Risk / Fraud Rule,1082
202606,20260601,GW-NILE,TOKEN,3DS Authentication Failed,217
202606,20260601,GW-NILE,TOKEN,Gateway Timeout,342
202606,20260601,GW-NILE,TOKEN,Insufficient Funds,1112
202606,20260601,GW-NILE,TOKEN,Invalid Card / Account Data,448
202606,20260601,GW-NILE,TOKEN,Issuer Decline,1776
202606,20260601,GW-NILE,TOKEN,Risk / Fraud Rule,554
202606,20260601,GW-NILE,WALLET,3DS Authentication Failed,17685
202606,20260601,GW-NILE,WALLET,Gateway Timeout,27958
202606,20260601,GW-NILE,WALLET,Insufficient Funds,30953
202606,20260601,GW-NILE,WALLET,Invalid Card / Account Data,11785
202606,20260601,GW-NILE,WALLET,Issuer Decline,23517
202606,20260601,GW-NILE,WALLET,Risk / Fraud Rule,5936
202606,20260601,GW-NIMBUS,BANKTR,Gateway Timeout,203
202606,20260601,GW-NIMBUS,BANKTR,Insufficient Funds,317
202606,20260601,GW-NIMBUS,BANKTR,Invalid Card / Account Data,357
202606,20260601,GW-NIMBUS,BANKTR,Issuer Decline,98
202606,20260601,GW-NIMBUS,BANKTR,Risk / Fraud Rule,65
202606,20260601,GW-NIMBUS,CARD,3DS Authentication Failed,10246
202606,20260601,GW-NIMBUS,CARD,Gateway Timeout,3066
202606,20260601,GW-NIMBUS,CARD,Insufficient Funds,11226
202606,20260601,GW-NIMBUS,CARD,Invalid Card / Account Data,4004
202606,20260601,GW-NIMBUS,CARD,Issuer Decline,17309
202606,20260601,GW-NIMBUS,CARD,Risk / Fraud Rule,5149
202606,20260601,GW-NIMBUS,LDEBIT,3DS Authentication Failed,1758
202606,20260601,GW-NIMBUS,LDEBIT,Gateway Timeout,1222
202606,20260601,GW-NIMBUS,LDEBIT,Insufficient Funds,6741
202606,20260601,GW-NIMBUS,LDEBIT,Invalid Card / Account Data,1750
202606,20260601,GW-NIMBUS,LDEBIT,Issuer Decline,5378
202606,20260601,GW-NIMBUS,LDEBIT,Risk / Fraud Rule,930
202606,20260601,GW-NIMBUS,TOKEN,3DS Authentication Failed,250
202606,20260601,GW-NIMBUS,TOKEN,Gateway Timeout,394
202606,20260601,GW-NIMBUS,TOKEN,Insufficient Funds,1193
202606,20260601,GW-NIMBUS,TOKEN,Invalid Card / Account Data,486
202606,20260601,GW-NIMBUS,TOKEN,Issuer Decline,1967
202606,20260601,GW-NIMBUS,TOKEN,Risk / Fraud Rule,578
202606,20260601,GW-ORION,CARD,3DS Authentication Failed,8858
202606,20260601,GW-ORION,CARD,Gateway Timeout,2529
202606,20260601,GW-ORION,CARD,Insufficient Funds,9858
202606,20260601,GW-ORION,CARD,Invalid Card / Account Data,3490
202606,20260601,GW-ORION,CARD,Issuer Decline,14840
202606,20260601,GW-ORION,CARD,Risk / Fraud Rule,4346
202606,20260601,GW-ORION,TOKEN,3DS Authentication Failed,199
202606,20260601,GW-ORION,TOKEN,Gateway Timeout,326
202606,20260601,GW-ORION,TOKEN,Insufficient Funds,855
202606,20260601,GW-ORION,TOKEN,Invalid Card / Account Data,392
202606,20260601,GW-ORION,TOKEN,Issuer Decline,1422
202606,20260601,GW-ORION,TOKEN,Risk / Fraud Rule,448
