merchant_key,merchant_id,mid,merchant_name,country_code,segment,vertical,service,integration_type,settlement_type,account_manager,signup_date,live_date,first_txn_date,live_date_corrected,last_txn_date,days_signup_to_live,days_live_to_first_txn,is_activated,lifecycle_status,signup_cohort,live_cohort,live_fy,is_new_in_period,signup_date_key,live_date_key,first_txn_date_key,last_txn_date_key
1,M00001,SA138962665,Bright Labs,SA,SME,Healthcare,Online Checkout,Hosted Checkout,T+2,Reem Al-Ghamdi,2020-09-01,2020-09-16,2024-07-01,0,2026-06-30,15.0,1384.0,0,Active,2020-09,2020-09,2021.0,0,20200901,20200916,20240701,20260630
2,M00002,AE208762198,Sand Deals,AE,Online,E-commerce,Online Checkout,Direct API,T+2,Layla Haddad,2020-09-04,2020-10-30,2024-07-01,0,2026-06-30,56.0,1340.0,0,Active,2020-09,2020-10,2021.0,0,20200904,20201030,20240701,20260630
3,M00003,SA168621990,Crescent Medical,SA,SME,Unclassified,Online Checkout,Direct API,T+1,Reem Al-Ghamdi,2020-09-07,2020-12-28,2024-07-01,0,2026-06-30,112.0,1281.0,0,Active,2020-09,2020-12,2021.0,0,20200907,20201228,20240701,20260630
4,M00004,SA865281392,Swift Consulting,SA,SME,Professional Services,Payment Links,Payment Links,T+1,Reem Al-Ghamdi,2020-09-08,2020-09-14,2024-07-01,0,2026-06-30,6.0,1386.0,0,Active,2020-09,2020-09,2021.0,0,20200908,20200914,20240701,20260630
5,M00005,EG855745273,Coral Mart,EG,SME,Retail,Online Checkout,E-commerce Plugin,T+2,Hany Soliman,2020-09-10,2020-09-15,2024-07-01,0,2024-10-31,5.0,1385.0,0,Churned,2020-09,2020-09,2021.0,0,20200910,20200915,20240701,20241031
6,M00006,AE901159238,Prime Care,AE,SME,Healthcare,POS Acceptance,POS Terminal,Instant,Layla Haddad,2020-09-15,2020-10-20,2024-07-01,0,2026-06-30,35.0,1350.0,0,Active,2020-09,2020-10,2021.0,0,20200915,20201020,20240701,20260630
7,M00007,AE923160667,Silver Advisory,AE,SME,Professional Services,POS Acceptance,POS Terminal,Instant,Yousef Al-Marri,2020-09-19,2020-10-01,2024-07-01,0,2026-06-30,12.0,1369.0,0,Active,2020-09,2020-10,2021.0,0,20200919,20201001,20240701,20260630
8,M00008,SA311285465,Palm Games,SA,Online,Digital Services,Online Checkout,Direct API,T+2,Omar Al-Anazi,2020-09-20,2020-12-20,,0,,91.0,,0,Live - never transacted,2020-09,2020-12,2021.0,0,20200920,20201220,,
9,M00009,SA829535554,Royal Supply,SA,B2B,Distribution & Wholesale,B2B Collections,Direct API,Weekly,Turki Al-Shammari,2020-09-28,2020-12-15,2024-07-01,0,2026-06-28,78.0,1294.0,0,Active,2020-09,2020-12,2021.0,0,20200928,20201215,20240701,20260628
10,M00010,SA420885285,Prime Mart,SA,SME,Retail,Online Checkout,Direct API,T+2,Reem Al-Ghamdi,2020-10-03,2021-01-15,2024-07-01,0,2026-06-29,104.0,1263.0,0,Active,2020-10,2021-01,2021.0,0,20201003,20210115,20240701,20260629
11,M00011,SA765577175,Crescent Kitchen,SA,Enterprise,Food & Beverage,Payment Links,Payment Links,T+2,Turki Al-Shammari,2020-10-04,2020-10-11,2024-07-01,0,2026-06-30,7.0,1359.0,0,Active,2020-10,2020-10,2021.0,0,20201004,20201011,20240701,20260630
12,M00012,OM267217098,Palm Utilities,OM,Enterprise,Telecom & Utilities,Payment Links,Payment Links,Weekly,Salim Al-Harthy,2020-10-05,2020-10-11,2024-07-01,0,2026-06-30,6.0,1359.0,0,Active,2020-10,2020-10,2021.0,0,20201005,20201011,20240701,20260630
13,M00013,SA719959686,Metro Roastery,SA,SME,Food & Beverage,Payment Links,Payment Links,T+2,Omar Al-Anazi,2020-10-07,2020-10-10,,0,,3.0,,0,Live - never transacted,2020-10,2020-10,2021.0,0,20201007,20201010,,
14,M00014,AE288662037,Coral Cargo,AE,B2B,Logistics,B2B Collections,Payment Links,T+1,Yousef Al-Marri,2020-10-13,2020-10-17,,0,,4.0,,0,Live - never transacted,2020-10,2020-10,2021.0,0,20201013,20201017,,
15,M00015,AE987618927,Oasis Streaming,AE,Online,Digital Services,Online Checkout,Hosted Checkout,T+2,Yousef Al-Marri,2020-10-17,2020-10-31,2024-07-01,0,2026-06-30,14.0,1339.0,0,Active,2020-10,2020-10,2021.0,0,20201017,20201031,20240701,20260630
16,M00016,SA159383546,Cedar Grill,SA,SME,Food & Beverage,POS Acceptance,POS Terminal,T+2,Reem Al-Ghamdi,2020-10-17,2020-11-19,2024-07-01,0,2026-06-30,33.0,1320.0,0,Active,2020-10,2020-11,2021.0,0,20201017,20201119,20240701,20260630
17,M00017,AE338852002,Palm Stores,AE,SME,Retail,Online Checkout,Hosted Checkout,Instant,Layla Haddad,2020-10-19,2020-10-31,2024-07-01,0,2026-06-30,12.0,1339.0,0,Active,2020-10,2020-10,2021.0,0,20201019,20201031,20240701,20260630
18,M00018,SA781674979,Coral Kitchen,SA,SME,Food & Beverage,Online Checkout,Hosted Checkout,Instant,Omar Al-Anazi,2020-10-20,2020-11-05,2024-07-01,0,2026-06-28,16.0,1334.0,0,Active,2020-10,2020-11,2021.0,0,20201020,20201105,20240701,20260628
19,M00019,EG772389130,Silver Trading,EG,B2B,Distribution & Wholesale,Payment Links,Payment Links,Weekly,Hany Soliman,2020-10-25,2020-11-01,2024-07-01,0,2026-06-28,7.0,1338.0,0,Active,2020-10,2020-11,2021.0,0,20201025,20201101,20240701,20260628
20,M00020,AE970872555,Amber Market,AE,SME,Retail,Online Checkout,Hosted Checkout,T+2,Yousef Al-Marri,2020-10-27,2020-11-21,2024-07-01,0,2026-06-30,25.0,1318.0,0,Active,2020-10,2020-11,2021.0,0,20201027,20201121,20240701,20260630
21,M00021,EG327327982,Silver Grill,EG,SME,Food & Beverage,Payment Links,Payment Links,T+1,Nadia Fouad,2020-10-28,2020-11-07,2024-07-01,0,2026-06-30,10.0,1332.0,0,Active,2020-10,2020-11,2021.0,0,20201028,20201107,20240701,20260630
22,M00022,EG943656964,Coral Digital,EG,Online,Digital Services,Online Checkout,Direct API,T+2,Nadia Fouad,2020-10-30,2020-12-24,2024-07-01,0,2026-06-30,55.0,1285.0,0,Active,2020-10,2020-12,2021.0,0,20201030,20201224,20240701,20260630
23,M00023,SA466668047,Golden Cafe,SA,Online,Food & Beverage,Online Checkout,E-commerce Plugin,T+2,Omar Al-Anazi,2020-11-01,2020-11-16,2024-07-01,0,2026-06-30,15.0,1323.0,0,Active,2020-11,2020-11,2021.0,0,20201101,20201116,20240701,20260630
24,M00024,EG416828825,Silver Journeys,EG,Online,Travel & Hospitality,Online Checkout,Direct API,T+2,Nadia Fouad,2020-11-06,2021-02-17,2024-07-01,0,2026-06-30,103.0,1230.0,0,Active,2020-11,2021-02,2021.0,0,20201106,20210217,20240701,20260630
25,M00025,SA786403853,Crescent Market,SA,Enterprise,Retail,Payment Links,Payment Links,T+2,Turki Al-Shammari,2020-11-08,,,0,,,,0,Onboarding (not live),2020-11,,,0,20201108,,,
26,M00026,AE642488904,Swift Journeys,AE,Enterprise,Travel & Hospitality,Online Checkout,E-commerce Plugin,T+1,Yousef Al-Marri,2020-11-10,2020-11-18,2024-07-01,0,2026-06-30,8.0,1321.0,0,Active,2020-11,2020-11,2021.0,0,20201110,20201118,20240701,20260630
27,M00027,EG439677893,Metro Online,EG,Online,E-commerce,Online Checkout,Direct API,T+1,Mai Ragab,2020-11-12,,,0,,,,0,Onboarding (not live),2020-11,,,0,20201112,,,
28,M00028,AE519251741,Pearl Online,AE,Online,E-commerce,Online Checkout,Direct API,T+2,Layla Haddad,2020-11-20,,,0,,,,0,Onboarding (not live),2020-11,,,0,20201120,,,
29,M00029,EG542845011,Bright Stores,EG,SME,Retail,Online Checkout,Hosted Checkout,T+1,Nadia Fouad,2020-11-22,2020-12-24,2024-07-01,0,2026-06-29,32.0,1285.0,0,Active,2020-11,2020-12,2021.0,0,20201122,20201224,20240701,20260629
30,M00030,AE396175229,Cedar Mart,AE,SME,Retail,POS Acceptance,POS Terminal,T+1,Yousef Al-Marri,2020-11-22,2020-12-21,2024-07-02,0,2025-01-31,29.0,1289.0,0,Churned,2020-11,2020-12,2021.0,0,20201122,20201221,20240702,20250131
31,M00031,AE870997409,Pearl Shop,AE,Online,E-commerce,Online Checkout,Direct API,T+2,Layla Haddad,2020-11-23,2021-03-04,2024-07-01,0,2025-11-30,101.0,1215.0,0,Churned,2020-11,2021-03,2021.0,0,20201123,20210304,20240701,20251130
32,M00032,EG178731082,Swift Streaming,EG,Online,Digital Services,Online Checkout,Direct API,T+1,Mai Ragab,2020-11-25,2021-01-08,2024-07-01,0,2026-03-31,44.0,1270.0,0,Churned,2020-11,2021-01,2021.0,0,20201125,20210108,20240701,20260331
33,M00033,EG622719015,Cedar Tours,EG,Online,Travel & Hospitality,Online Checkout,Direct API,T+1,Hany Soliman,2020-11-27,2021-03-02,2024-07-03,0,2026-06-30,95.0,1219.0,0,Active,2020-11,2021-03,2021.0,0,20201127,20210302,20240703,20260630
34,M00034,AE462770123,Amber Consulting,AE,SME,Professional Services,Payment Links,Payment Links,T+1,Yousef Al-Marri,2020-11-27,2020-12-07,2024-07-01,0,2026-06-28,10.0,1302.0,0,Active,2020-11,2020-12,2021.0,0,20201127,20201207,20240701,20260628
35,M00035,SA944601083,Falcon Services,SA,SME,Professional Services,POS Acceptance,POS Terminal,Instant,Reem Al-Ghamdi,2020-12-01,2021-01-04,2024-07-01,0,2026-06-30,34.0,1274.0,0,Active,2020-12,2021-01,2021.0,0,20201201,20210104,20240701,20260630
36,M00036,EG397022030,Prime Wholesale,EG,B2B,Distribution & Wholesale,B2B Collections,Direct API,T+1,Karim Ezzat,2020-12-03,2021-03-17,2024-07-01,0,2026-06-25,104.0,1202.0,0,Active,2020-12,2021-03,2021.0,0,20201203,20210317,20240701,20260625
37,M00037,OM939316312,Prime Outlet,OM,SME,Retail,POS Acceptance,POS Terminal,T+2,Salim Al-Harthy,2020-12-06,2021-01-09,2024-07-02,0,2026-06-30,34.0,1270.0,0,Active,2020-12,2021-01,2021.0,0,20201206,20210109,20240702,20260630
38,M00038,AE861319254,Crescent Deals,AE,Online,E-commerce,Online Checkout,Hosted Checkout,Instant,Yousef Al-Marri,2020-12-07,2020-12-27,2024-07-01,0,2026-06-30,20.0,1282.0,0,Active,2020-12,2020-12,2021.0,0,20201207,20201227,20240701,20260630
39,M00039,OM222996492,Golden Traders,OM,B2B,Distribution & Wholesale,B2B Collections,Direct API,T+1,Salim Al-Harthy,2020-12-08,2021-02-10,2024-07-01,0,2026-06-29,64.0,1237.0,0,Active,2020-12,2021-02,2021.0,0,20201208,20210210,20240701,20260629
40,M00040,EG474829702,Bright Institute,EG,Online,Education,Online Checkout,Direct API,T+2,Hany Soliman,2020-12-08,2021-03-03,2024-07-01,0,2026-06-30,85.0,1216.0,0,Active,2020-12,2021-03,2021.0,0,20201208,20210303,20240701,20260630
41,M00041,AE204415052,Horizon Market,AE,SME,Retail,Payment Links,Payment Links,Instant,Yousef Al-Marri,2020-12-09,2020-12-17,2024-07-03,0,2025-08-31,8.0,1294.0,0,Churned,2020-12,2020-12,2021.0,0,20201209,20201217,20240703,20250831
42,M00042,SA711632487,Pearl Bakery,SA,SME,Food & Beverage,POS Acceptance,POS Terminal,T+1,Reem Al-Ghamdi,2020-12-10,2021-01-11,2024-07-01,0,2026-06-30,32.0,1267.0,0,Active,2020-12,2021-01,2021.0,0,20201210,20210111,20240701,20260630
43,M00043,AE667080643,Falcon Basket,AE,Online,E-commerce,Subscriptions,Direct API,Instant,Layla Haddad,2020-12-15,2021-01-15,2024-07-01,0,2026-06-30,31.0,1263.0,0,Active,2020-12,2021-01,2021.0,0,20201215,20210115,20240701,20260630
44,M00044,EG537155658,Urban Kitchen,EG,SME,Food & Beverage,POS Acceptance,POS Terminal,T+2,Nadia Fouad,2020-12-15,2021-01-05,2024-07-01,0,2026-06-30,21.0,1273.0,0,Active,2020-12,2021-01,2021.0,0,20201215,20210105,20240701,20260630
45,M00045,AE957433919,Prime Stores,AE,Enterprise,Retail,Online Checkout,Direct API,Weekly,Layla Haddad,2020-12-15,2021-01-14,2024-07-01,0,2026-06-30,30.0,1264.0,0,Active,2020-12,2021-01,2021.0,0,20201215,20210114,20240701,20260630
46,M00046,EG680139391,Coral Roastery,EG,Online,Food & Beverage,Online Checkout,Direct API,Instant,Hany Soliman,2020-12-16,2021-02-25,2024-07-01,0,2026-06-30,71.0,1222.0,0,Active,2020-12,2021-02,2021.0,0,20201216,20210225,20240701,20260630
47,M00047,SA925677957,Silver EdTech,SA,SME,Education,POS Acceptance,POS Terminal,T+1,Omar Al-Anazi,2020-12-20,2021-01-19,2024-07-01,0,2026-06-30,30.0,1259.0,0,Active,2020-12,2021-01,2021.0,0,20201220,20210119,20240701,20260630
48,M00048,SA567182035,Royal Academy,SA,SME,Education,POS Acceptance,POS Terminal,T+1,Reem Al-Ghamdi,2020-12-28,,,0,,,,0,Onboarding (not live),2020-12,,,0,20201228,,,
49,M00049,OM136025016,Green Express,OM,B2B,Logistics,Payment Links,Payment Links,Weekly,Salim Al-Harthy,2020-12-30,,,0,,,,0,Onboarding (not live),2020-12,,,0,20201230,,,
50,M00050,EG199157533,Metro Boutique,EG,SME,Retail,POS Acceptance,POS Terminal,T+2,Mai Ragab,2020-12-30,2021-02-03,2024-07-01,0,2026-06-29,35.0,1244.0,0,Active,2020-12,2021-02,2021.0,0,20201230,20210203,20240701,20260629
51,M00051,OM501692260,Pearl Schools,OM,Online,Education,Online Checkout,Direct API,T+1,Salim Al-Harthy,2020-12-30,2021-02-02,2024-07-01,0,2026-03-31,34.0,1245.0,0,Churned,2020-12,2021-02,2021.0,0,20201230,20210202,20240701,20260331
52,M00052,EG290794122,Green Academy,EG,SME,Education,Payment Links,Payment Links,T+1,Mai Ragab,2020-12-31,2021-01-05,2024-07-01,0,2026-06-30,5.0,1273.0,0,Active,2020-12,2021-01,2021.0,0,20201231,20210105,20240701,20260630
53,M00053,OM861947173,Swift Medical,OM,SME,Healthcare,POS Acceptance,POS Terminal,T+2,Salim Al-Harthy,2021-01-13,2021-02-08,2024-07-01,0,2026-06-27,26.0,1239.0,0,Active,2021-01,2021-02,2021.0,0,20210113,20210208,20240701,20260627
54,M00054,SA588810791,Coral Telecom,SA,B2B,Telecom & Utilities,Payment Links,Payment Links,T+1,Omar Al-Anazi,2021-01-14,2021-01-23,2024-07-01,0,2026-06-25,9.0,1255.0,0,Active,2021-01,2021-01,2021.0,0,20210114,20210123,20240701,20260625
55,M00055,SA999694215,Royal Care,SA,SME,Healthcare,Payment Links,Payment Links,T+2,Turki Al-Shammari,2021-01-14,2021-01-21,2024-07-01,0,2026-06-28,7.0,1257.0,0,Active,2021-01,2021-01,2021.0,0,20210114,20210121,20240701,20260628
56,M00056,EG991914423,Blue Outlet,EG,SME,Retail,Payment Links,Payment Links,T+1,Mai Ragab,2021-01-22,2021-01-29,2024-07-02,0,2026-06-26,7.0,1250.0,0,Active,2021-01,2021-01,2021.0,0,20210122,20210129,20240702,20260626
57,M00057,SA843654782,Oasis Logistics,SA,B2B,Logistics,B2B Collections,Direct API,T+1,Reem Al-Ghamdi,2021-01-22,2021-03-14,2024-07-02,0,2026-06-25,51.0,1206.0,0,Active,2021-01,2021-03,2021.0,0,20210122,20210314,20240702,20260625
58,M00058,OM206534144,Golden Partners,OM,SME,Professional Services,Payment Links,Payment Links,T+2,Salim Al-Harthy,2021-01-23,2021-01-28,2024-07-01,0,2026-06-30,5.0,1250.0,0,Active,2021-01,2021-01,2021.0,0,20210123,20210128,20240701,20260630
59,M00059,AE744794983,Pearl Deals,AE,Online,E-commerce,Subscriptions,Direct API,T+1,Yousef Al-Marri,2021-01-24,2021-05-04,2024-07-01,0,2026-06-30,100.0,1154.0,0,Active,2021-01,2021-05,2021.0,0,20210124,20210504,20240701,20260630
60,M00060,EG605770113,Horizon Labs,EG,SME,Healthcare,Payment Links,Payment Links,Instant,Mai Ragab,2021-01-31,2021-02-05,2024-07-02,0,2025-04-29,5.0,1243.0,0,Churned,2021-01,2021-02,2021.0,0,20210131,20210205,20240702,20250429
61,M00061,EG989134753,Zenith Travel,EG,Enterprise,Travel & Hospitality,Online Checkout,E-commerce Plugin,T+2,Mai Ragab,2021-02-01,2021-02-11,2024-07-01,0,2026-06-30,10.0,1236.0,0,Active,2021-02,2021-02,2021.0,0,20210201,20210211,20240701,20260630
62,M00062,AE901367882,Oasis Online,AE,Enterprise,E-commerce,POS Acceptance,POS Terminal,T+1,Layla Haddad,2021-02-08,2021-03-14,,0,,34.0,,0,Live - never transacted,2021-02,2021-03,2021.0,0,20210208,20210314,,
63,M00063,SA502327003,Bright Pharmacy,SA,SME,Healthcare,Online Checkout,Direct API,T+2,Omar Al-Anazi,2021-02-10,2021-04-19,2024-07-01,0,2026-06-30,68.0,1169.0,0,Active,2021-02,2021-04,2021.0,0,20210210,20210419,20240701,20260630
64,M00064,EG559913630,Swift Institute,EG,Online,Education,Online Checkout,Hosted Checkout,T+2,Mai Ragab,2021-02-10,2021-03-20,2024-07-02,0,2026-06-30,38.0,1200.0,0,Active,2021-02,2021-03,2021.0,0,20210210,20210320,20240702,20260630
65,M00065,EG270479119,Coral Stores,EG,SME,Retail,Online Checkout,Hosted Checkout,T+2,Karim Ezzat,2021-02-11,2021-03-04,,0,,21.0,,0,Live - never transacted,2021-02,2021-03,2021.0,0,20210211,20210304,,
66,M00066,EG952454778,Oasis Grill,EG,SME,Food & Beverage,Online Checkout,Direct API,T+1,Nadia Fouad,2021-02-13,2021-04-20,2024-07-01,0,2026-06-30,66.0,1168.0,0,Active,2021-02,2021-04,2021.0,0,20210213,20210420,20240701,20260630
67,M00067,SA624172387,Oasis Roastery,SA,SME,Food & Beverage,POS Acceptance,POS Terminal,T+2,Turki Al-Shammari,2021-02-16,2021-03-15,2024-07-01,0,2026-06-30,27.0,1204.0,0,Active,2021-02,2021-03,2021.0,0,20210216,20210315,20240701,20260630
68,M00068,SA951904107,Green Cart,SA,Online,E-commerce,Online Checkout,E-commerce Plugin,Instant,Turki Al-Shammari,2021-02-16,2021-02-24,2024-07-01,0,2025-06-30,8.0,1223.0,0,Churned,2021-02,2021-02,2021.0,0,20210216,20210224,20240701,20250630
69,M00069,AE551105480,Silver Partners,AE,SME,Professional Services,Payment Links,Payment Links,T+2,Yousef Al-Marri,2021-02-16,2021-02-19,2024-07-02,0,2026-06-30,3.0,1229.0,0,Active,2021-02,2021-02,2021.0,0,20210216,20210219,20240702,20260630
70,M00070,AE405837168,Coral Shop,AE,Online,E-commerce,Online Checkout,Direct API,T+1,Yousef Al-Marri,2021-02-20,,,0,,,,0,Onboarding (not live),2021-02,,,0,20210220,,,
71,M00071,SA184014126,Oasis Cafe,SA,Online,Food & Beverage,Subscriptions,Direct API,Instant,Turki Al-Shammari,2021-02-21,2021-04-23,2024-07-01,0,2026-06-30,61.0,1165.0,0,Active,2021-02,2021-04,2021.0,0,20210221,20210423,20240701,20260630
72,M00072,AE634747251,Amber Academy,AE,Online,Education,Online Checkout,Direct API,T+2,Yousef Al-Marri,2021-02-21,2021-06-13,,0,,112.0,,0,Live - never transacted,2021-02,2021-06,2021.0,0,20210221,20210613,,
73,M00073,EG312940892,Nova Consulting,EG,SME,Professional Services,POS Acceptance,POS Terminal,T+2,Mai Ragab,2021-02-23,2021-03-05,,0,,10.0,,0,Live - never transacted,2021-02,2021-03,2021.0,0,20210223,20210305,,
74,M00074,OM869288062,Sand Stays,OM,Online,Travel & Hospitality,Online Checkout,Direct API,T+1,Salim Al-Harthy,2021-02-24,2021-04-25,2024-07-04,0,2026-06-28,60.0,1166.0,0,Active,2021-02,2021-04,2021.0,0,20210224,20210425,20240704,20260628
75,M00075,EG161643120,Horizon Stores,EG,SME,Retail,POS Acceptance,POS Terminal,T+1,Mai Ragab,2021-02-26,2021-03-08,2024-07-01,0,2026-06-30,10.0,1211.0,0,Active,2021-02,2021-03,2021.0,0,20210226,20210308,20240701,20260630
76,M00076,SA435110503,Swift Partners,SA,B2B,Professional Services,B2B Collections,Payment Links,Weekly,Reem Al-Ghamdi,2021-02-27,2021-03-02,2024-07-01,0,2026-06-29,3.0,1217.0,0,Active,2021-02,2021-03,2021.0,0,20210227,20210302,20240701,20260629
77,M00077,EG544762327,Silver Market,EG,SME,Retail,POS Acceptance,POS Terminal,Instant,Karim Ezzat,2021-02-28,2021-03-22,,0,,22.0,,0,Live - never transacted,2021-02,2021-03,2021.0,0,20210228,20210322,,
78,M00078,EG629727686,Prime Cafe,EG,SME,Food & Beverage,Payment Links,Payment Links,T+1,Hany Soliman,2021-03-02,2021-03-05,2024-07-01,0,2026-06-29,3.0,1214.0,0,Active,2021-03,2021-03,2021.0,0,20210302,20210305,20240701,20260629
79,M00079,SA147303844,Urban Deals,SA,Online,E-commerce,Subscriptions,Direct API,T+1,Omar Al-Anazi,2021-03-03,2021-05-14,2024-07-01,0,2026-06-30,72.0,1144.0,0,Active,2021-03,2021-05,2021.0,0,20210303,20210514,20240701,20260630
80,M00080,EG893131097,Nova Boutique,EG,SME,Retail,Online Checkout,Direct API,T+2,Karim Ezzat,2021-03-05,,,0,,,,0,Onboarding (not live),2021-03,,,0,20210305,,,
81,M00081,AE836534480,Green Services,AE,SME,Professional Services,Online Checkout,E-commerce Plugin,T+2,Layla Haddad,2021-03-09,2021-03-25,2024-07-01,0,2026-06-30,16.0,1194.0,0,Active,2021-03,2021-03,2021.0,0,20210309,20210325,20240701,20260630
82,M00082,EG460895383,Amber Services,EG,SME,Professional Services,Online Checkout,Hosted Checkout,T+1,Hany Soliman,2021-03-11,,,0,,,,0,Onboarding (not live),2021-03,,,0,20210311,,,
83,M00083,SA407055199,Urban Outlet,SA,SME,Retail,Online Checkout,Hosted Checkout,Instant,Reem Al-Ghamdi,2021-03-11,2021-03-30,2024-07-01,0,2026-06-30,19.0,1189.0,0,Active,2021-03,2021-03,2021.0,0,20210311,20210330,20240701,20260630
84,M00084,EG892567447,Bright Boutique,EG,SME,Retail,Payment Links,Payment Links,T+1,Mai Ragab,2021-03-15,2021-03-24,,0,,9.0,,0,Live - never transacted,2021-03,2021-03,2021.0,0,20210315,20210324,,
85,M00085,EG899270559,Silver Telecom,EG,B2B,Telecom & Utilities,B2B Collections,Payment Links,Weekly,Nadia Fouad,2021-03-15,2021-03-21,,0,,6.0,,0,Live - never transacted,2021-03,2021-03,2021.0,0,20210315,20210321,,
86,M00086,EG849029255,Prime Bakery,EG,SME,Unclassified,POS Acceptance,POS Terminal,T+2,Nadia Fouad,2021-03-18,2021-04-09,2024-07-01,0,2026-06-30,22.0,1179.0,0,Active,2021-03,2021-04,2021.0,0,20210318,20210409,20240701,20260630
87,M00087,AE201167720,Zenith Logistics,AE,B2B,Logistics,B2B Collections,Direct API,T+1,Layla Haddad,2021-03-23,2021-05-09,2024-07-02,0,2026-06-30,47.0,1150.0,0,Active,2021-03,2021-05,2021.0,0,20210323,20210509,20240702,20260630
88,M00088,OM194734403,Prime Medical,OM,SME,Healthcare,POS Acceptance,POS Terminal,T+1,Salim Al-Harthy,2021-03-24,2021-04-22,2024-07-01,0,2026-06-30,29.0,1166.0,0,Active,2021-03,2021-04,2021.0,0,20210324,20210422,20240701,20260630
89,M00089,AE984737156,Prime Consulting,AE,SME,Professional Services,Payment Links,Payment Links,Instant,Layla Haddad,2021-03-25,2021-03-31,2024-07-01,0,2026-06-30,6.0,1188.0,0,Active,2021-03,2021-03,2021.0,0,20210325,20210331,20240701,20260630
90,M00090,EG179674340,Pearl Mart,EG,SME,Retail,Payment Links,Payment Links,Instant,Karim Ezzat,2021-03-30,,,0,,,,0,Onboarding (not live),2021-03,,,0,20210330,,,
91,M00091,OM107384993,Nova Stores,OM,Enterprise,Retail,Online Checkout,Hosted Checkout,T+2,Salim Al-Harthy,2021-03-30,2021-04-14,2024-07-01,0,2026-06-30,15.0,1174.0,0,Active,2021-03,2021-04,2021.0,0,20210330,20210414,20240701,20260630
92,M00092,AE535684565,Prime Grill,AE,SME,Food & Beverage,Payment Links,Payment Links,T+1,Yousef Al-Marri,2021-04-01,2021-04-06,,0,,5.0,,0,Live - never transacted,2021-04,2021-04,2021.0,0,20210401,20210406,,
93,M00093,AE779021046,Nova Travel,AE,Online,Travel & Hospitality,Online Checkout,Direct API,T+1,Layla Haddad,2021-04-01,2021-05-01,2024-07-01,0,2026-06-30,30.0,1157.0,0,Active,2021-04,2021-05,2021.0,0,20210401,20210501,20240701,20260630
94,M00094,OM730950792,Silver Shop,OM,Online,E-commerce,Subscriptions,Direct API,T+1,Salim Al-Harthy,2021-04-02,2021-06-20,2024-07-01,0,2026-06-30,79.0,1107.0,0,Active,2021-04,2021-06,2021.0,0,20210402,20210620,20240701,20260630
95,M00095,AE798073466,Amber Cart,AE,Online,E-commerce,Online Checkout,Hosted Checkout,T+2,Yousef Al-Marri,2021-04-03,2021-04-20,2024-07-01,0,2026-06-30,17.0,1168.0,0,Active,2021-04,2021-04,2021.0,0,20210403,20210420,20240701,20260630
96,M00096,EG555612612,Swift Deals,EG,Online,E-commerce,Online Checkout,E-commerce Plugin,T+2,Karim Ezzat,2021-04-06,2021-04-25,,0,,19.0,,0,Live - never transacted,2021-04,2021-04,2021.0,0,20210406,20210425,,
97,M00097,AE572051786,Blue Cafe,AE,SME,Food & Beverage,POS Acceptance,POS Terminal,Instant,Layla Haddad,2021-04-06,2021-05-11,2024-07-01,0,2026-06-30,35.0,1147.0,0,Active,2021-04,2021-05,2021.0,0,20210406,20210511,20240701,20260630
98,M00098,SA576895050,Urban Mart,SA,SME,Retail,Payment Links,Payment Links,Instant,Reem Al-Ghamdi,2021-04-07,2021-04-12,2024-07-01,0,2026-05-31,5.0,1176.0,0,Active,2021-04,2021-04,2021.0,0,20210407,20210412,20240701,20260531
99,M00099,EG867607945,Blue Medical,EG,SME,Healthcare,POS Acceptance,POS Terminal,Instant,Nadia Fouad,2021-04-09,2021-04-26,2024-07-01,0,2026-06-30,17.0,1162.0,0,Active,2021-04,2021-04,2021.0,0,20210409,20210426,20240701,20260630
100,M00100,SA206829187,Green Partners,SA,SME,Professional Services,POS Acceptance,POS Terminal,T+1,Omar Al-Anazi,2021-04-11,2021-04-26,2024-07-03,0,2026-06-30,15.0,1164.0,0,Active,2021-04,2021-04,2021.0,0,20210411,20210426,20240703,20260630
101,M00101,EG216145371,Green Consulting,EG,SME,Professional Services,POS Acceptance,POS Terminal,T+2,Hany Soliman,2021-04-11,2021-04-24,2024-07-01,0,2026-06-30,13.0,1164.0,0,Active,2021-04,2021-04,2021.0,0,20210411,20210424,20240701,20260630
102,M00102,SA859807984,Palm Tours,SA,Online,Travel & Hospitality,Subscriptions,Direct API,Instant,Turki Al-Shammari,2021-04-12,2021-06-19,2024-07-01,0,2026-06-30,68.0,1108.0,0,Active,2021-04,2021-06,2021.0,0,20210412,20210619,20240701,20260630
103,M00103,SA526087400,Crescent Online,SA,Online,E-commerce,Subscriptions,Direct API,T+2,Reem Al-Ghamdi,2021-04-21,,,0,,,,0,Onboarding (not live),2021-04,,,0,20210421,,,
104,M00104,AE779615691,Coral Learning,AE,Online,Education,Online Checkout,Direct API,Instant,Layla Haddad,2021-04-28,,,0,,,,0,Onboarding (not live),2021-04,,,0,20210428,,,
105,M00105,EG934737958,Urban Apps,EG,Online,Digital Services,Online Checkout,E-commerce Plugin,T+1,Karim Ezzat,2021-04-28,2021-05-12,2024-07-01,0,2026-06-30,14.0,1146.0,0,Active,2021-04,2021-05,2021.0,0,20210428,20210512,20240701,20260630
106,M00106,EG299020051,Horizon Pharmacy,EG,SME,Healthcare,POS Acceptance,POS Terminal,T+1,Karim Ezzat,2021-04-29,2021-05-27,2024-07-02,0,2026-06-30,28.0,1132.0,0,Active,2021-04,2021-05,2021.0,0,20210429,20210527,20240702,20260630
107,M00107,OM528658283,Prime Partners,OM,SME,Professional Services,Payment Links,Payment Links,T+1,Salim Al-Harthy,2021-05-01,2021-05-04,2024-07-01,0,2026-04-30,3.0,1154.0,0,Dormant,2021-05,2021-05,2021.0,0,20210501,20210504,20240701,20260430
108,M00108,EG181564804,Sand Cafe,EG,Enterprise,Food & Beverage,Payment Links,Payment Links,T+2,Mai Ragab,2021-05-04,2021-05-10,2024-07-01,0,2026-06-30,6.0,1148.0,0,Active,2021-05,2021-05,2021.0,0,20210504,20210510,20240701,20260630
109,M00109,SA976443961,Oasis Supply,SA,B2B,Distribution & Wholesale,B2B Collections,Payment Links,Weekly,Omar Al-Anazi,2021-05-04,2021-05-10,2024-07-01,0,2026-06-30,6.0,1148.0,0,Active,2021-05,2021-05,2021.0,0,20210504,20210510,20240701,20260630
110,M00110,EG856516161,Sand Boutique,EG,SME,Retail,Online Checkout,Direct API,T+2,Mai Ragab,2021-05-05,2021-07-28,,0,,84.0,,0,Live - never transacted,2021-05,2021-07,2022.0,0,20210505,20210728,,
111,M00111,SA572424588,Silver Bakery,SA,SME,Food & Beverage,Payment Links,Payment Links,T+2,Reem Al-Ghamdi,2021-05-05,2021-05-10,,0,,5.0,,0,Live - never transacted,2021-05,2021-05,2021.0,0,20210505,20210510,,
112,M00112,SA694571512,Urban Institute,SA,SME,Education,POS Acceptance,POS Terminal,T+2,Omar Al-Anazi,2021-05-07,2021-05-29,2024-07-03,0,2024-11-30,22.0,1131.0,0,Churned,2021-05,2021-05,2021.0,0,20210507,20210529,20240703,20241130
113,M00113,OM618125464,Amber Basket,OM,Online,E-commerce,Online Checkout,Direct API,T+2,Salim Al-Harthy,2021-05-08,2021-07-29,,0,,82.0,,0,Live - never transacted,2021-05,2021-07,2022.0,0,20210508,20210729,,
114,M00114,SA710370541,Prime Learning,SA,Enterprise,Education,POS Acceptance,POS Terminal,T+1,Turki Al-Shammari,2021-05-09,2021-06-05,2024-07-01,0,2026-06-30,27.0,1122.0,0,Active,2021-05,2021-06,2021.0,0,20210509,20210605,20240701,20260630
115,M00115,AE808885338,Blue Mart,AE,SME,Retail,POS Acceptance,POS Terminal,T+1,Layla Haddad,2021-05-12,2021-05-31,2024-07-01,0,2026-06-29,19.0,1127.0,0,Active,2021-05,2021-05,2021.0,0,20210512,20210531,20240701,20260629
116,M00116,EG544329487,Bright Academy,EG,Online,Education,Online Checkout,Direct API,T+2,Mai Ragab,2021-05-17,2021-07-09,2024-07-01,0,2026-06-29,53.0,1088.0,0,Active,2021-05,2021-07,2022.0,0,20210517,20210709,20240701,20260629
117,M00117,EG135986426,Horizon Supply,EG,B2B,Distribution & Wholesale,B2B Collections,Direct API,Weekly,Karim Ezzat,2021-05-17,2021-07-10,2024-07-02,0,2026-06-30,54.0,1088.0,0,Active,2021-05,2021-07,2022.0,0,20210517,20210710,20240702,20260630
118,M00118,SA698801738,Palm Kitchen,SA,SME,Food & Beverage,POS Acceptance,POS Terminal,Instant,Turki Al-Shammari,2021-05-17,2021-06-19,,0,,33.0,,0,Live - never transacted,2021-05,2021-06,2021.0,0,20210517,20210619,,
119,M00119,EG867935936,Palm Academy,EG,Online,Education,Online Checkout,Direct API,T+1,Karim Ezzat,2021-05-19,2021-08-29,2024-07-12,0,2026-06-12,102.0,1048.0,0,Active,2021-05,2021-08,2022.0,0,20210519,20210829,20240712,20260612
120,M00120,SA267227056,Metro Deals,SA,Enterprise,E-commerce,POS Acceptance,POS Terminal,Weekly,Reem Al-Ghamdi,2021-05-30,2021-06-23,2024-07-01,0,2026-06-30,24.0,1104.0,0,Active,2021-05,2021-06,2021.0,0,20210530,20210623,20240701,20260630
121,M00121,SA390995470,Coral Pharmacy,SA,SME,Healthcare,Payment Links,Payment Links,T+2,Turki Al-Shammari,2021-05-30,2021-06-05,2024-07-01,0,2026-06-30,6.0,1122.0,0,Active,2021-05,2021-06,2021.0,0,20210530,20210605,20240701,20260630
122,M00122,AE282120405,Royal Bakery,AE,SME,Food & Beverage,POS Acceptance,POS Terminal,T+1,Yousef Al-Marri,2021-06-02,2021-06-22,2024-07-01,0,2026-06-30,20.0,1105.0,0,Active,2021-06,2021-06,2021.0,0,20210602,20210622,20240701,20260630
123,M00123,EG918104848,Prime Digital,EG,Online,Digital Services,Online Checkout,Hosted Checkout,T+2,Mai Ragab,2021-06-03,2021-07-05,2024-07-01,0,2025-01-31,32.0,1092.0,0,Churned,2021-06,2021-07,2022.0,0,20210603,20210705,20240701,20250131
124,M00124,AE588030458,Palm Market,AE,SME,Retail,POS Acceptance,POS Terminal,T+2,Yousef Al-Marri,2021-06-06,2021-06-23,2024-07-01,0,2026-06-30,17.0,1104.0,0,Active,2021-06,2021-06,2021.0,0,20210606,20210623,20240701,20260630
125,M00125,SA189353734,Zenith Bakery,SA,Online,Food & Beverage,Subscriptions,Direct API,T+2,Turki Al-Shammari,2021-06-08,2021-08-06,2024-07-01,0,2026-06-30,59.0,1060.0,0,Active,2021-06,2021-08,2022.0,0,20210608,20210806,20240701,20260630
126,M00126,OM780225802,Nova Cafe,OM,SME,Food & Beverage,POS Acceptance,POS Terminal,T+2,Salim Al-Harthy,2021-06-12,2021-07-14,2024-07-02,0,2026-06-29,32.0,1084.0,0,Active,2021-06,2021-07,2022.0,0,20210612,20210714,20240702,20260629
127,M00127,EG100648072,Horizon Advisory,EG,SME,Professional Services,Online Checkout,Hosted Checkout,T+2,Karim Ezzat,2021-06-19,2021-07-13,2024-07-01,0,2026-06-30,24.0,1084.0,0,Active,2021-06,2021-07,2022.0,0,20210619,20210713,20240701,20260630
128,M00128,EG704826709,Blue Stores,EG,SME,Retail,POS Acceptance,POS Terminal,T+2,Hany Soliman,2021-06-19,2021-07-24,2024-07-02,0,2025-02-28,35.0,1074.0,0,Churned,2021-06,2021-07,2022.0,0,20210619,20210724,20240702,20250228
129,M00129,AE348507314,Crescent Journeys,AE,Online,Travel & Hospitality,Online Checkout,Hosted Checkout,T+1,Layla Haddad,2021-06-20,2021-07-10,2024-07-01,0,2026-06-30,20.0,1087.0,0,Active,2021-06,2021-07,2022.0,0,20210620,20210710,20240701,20260630
130,M00130,EG344164016,Palm Cafe,EG,SME,Food & Beverage,POS Acceptance,POS Terminal,Instant,Nadia Fouad,2021-06-21,2021-07-26,2024-07-03,0,2026-06-30,35.0,1073.0,0,Active,2021-06,2021-07,2022.0,0,20210621,20210726,20240703,20260630
131,M00131,SA124881724,Prime Power,SA,Enterprise,Telecom & Utilities,POS Acceptance,POS Terminal,T+2,Reem Al-Ghamdi,2021-06-22,2021-07-24,2024-07-01,0,2026-06-30,32.0,1073.0,0,Active,2021-06,2021-07,2022.0,0,20210622,20210724,20240701,20260630
132,M00132,SA674924548,Royal Kitchen,SA,SME,Food & Beverage,Payment Links,Payment Links,T+2,Turki Al-Shammari,2021-06-25,2021-06-28,2024-07-01,0,2025-12-31,3.0,1099.0,0,Churned,2021-06,2021-06,2021.0,0,20210625,20210628,20240701,20251231
133,M00133,EG386547356,Golden Supply,EG,B2B,Distribution & Wholesale,B2B Collections,Direct API,T+1,Nadia Fouad,2021-06-27,2021-09-25,2024-07-01,0,2026-06-21,90.0,1010.0,0,Active,2021-06,2021-09,2022.0,0,20210627,20210925,20240701,20260621
134,M00134,AE603567666,Prime Deals,AE,Online,E-commerce,Online Checkout,Direct API,T+2,Layla Haddad,2021-06-29,2021-08-16,2024-07-01,0,2025-12-31,48.0,1050.0,0,Churned,2021-06,2021-08,2022.0,0,20210629,20210816,20240701,20251231
135,M00135,SA139966565,Sand Grill,SA,SME,Food & Beverage,Payment Links,Payment Links,T+2,Reem Al-Ghamdi,2021-07-04,2021-07-09,2024-07-01,0,2026-06-29,5.0,1088.0,0,Active,2021-07,2021-07,2022.0,0,20210704,20210709,20240701,20260629
136,M00136,EG280455389,Crescent Cart,EG,Online,E-commerce,Subscriptions,Direct API,T+2,Karim Ezzat,2021-07-05,2021-09-03,2024-07-01,0,2026-06-30,60.0,1032.0,0,Active,2021-07,2021-09,2022.0,0,20210705,20210903,20240701,20260630
137,M00137,SA895143129,Pearl Medical,SA,SME,Healthcare,Payment Links,Payment Links,T+2,Turki Al-Shammari,2021-07-18,2021-07-28,,0,,10.0,,0,Live - never transacted,2021-07,2021-07,2022.0,0,20210718,20210728,,
138,M00138,OM454436104,Nova EdTech,OM,SME,Education,POS Acceptance,POS Terminal,T+2,Salim Al-Harthy,2021-07-19,2021-08-23,2024-07-05,0,2026-06-25,35.0,1047.0,0,Active,2021-07,2021-08,2022.0,0,20210719,20210823,20240705,20260625
139,M00139,EG679079810,Crescent Bakery,EG,SME,Food & Beverage,Payment Links,Payment Links,T+1,Mai Ragab,2021-07-19,2021-07-27,2024-07-01,0,2026-06-30,8.0,1070.0,0,Active,2021-07,2021-07,2022.0,0,20210719,20210727,20240701,20260630
140,M00140,EG497915590,Sand Institute,EG,Online,Education,Subscriptions,Direct API,T+2,Mai Ragab,2021-07-19,2021-10-08,2024-07-01,0,2026-06-30,81.0,997.0,0,Active,2021-07,2021-10,2022.0,0,20210719,20211008,20240701,20260630
141,M00141,SA887297988,Falcon Stores,SA,SME,Retail,POS Acceptance,POS Terminal,T+1,Omar Al-Anazi,2021-07-19,2021-08-13,2024-07-01,0,2024-09-29,25.0,1053.0,0,Churned,2021-07,2021-08,2022.0,0,20210719,20210813,20240701,20240929
142,M00142,SA423374323,Royal Mart,SA,SME,Retail,Payment Links,Payment Links,Instant,Reem Al-Ghamdi,2021-07-22,2021-07-27,2024-07-02,0,2026-06-30,5.0,1071.0,0,Active,2021-07,2021-07,2022.0,0,20210722,20210727,20240702,20260630
143,M00143,SA912413819,Prime Cloud,SA,Online,Digital Services,Subscriptions,Direct API,T+1,Reem Al-Ghamdi,2021-07-24,2021-08-31,2024-07-01,0,2026-06-30,38.0,1035.0,0,Active,2021-07,2021-08,2022.0,0,20210724,20210831,20240701,20260630
144,M00144,EG511884968,Zenith Services,EG,SME,Professional Services,Online Checkout,Hosted Checkout,T+1,Hany Soliman,2021-07-28,2021-08-30,2024-07-01,0,2026-06-29,33.0,1036.0,0,Active,2021-07,2021-08,2022.0,0,20210728,20210830,20240701,20260629
145,M00145,AE783290352,Falcon Kitchen,AE,SME,Food & Beverage,Online Checkout,Hosted Checkout,T+2,Yousef Al-Marri,2021-08-05,2021-09-11,2024-07-01,0,2026-06-30,37.0,1024.0,0,Active,2021-08,2021-09,2022.0,0,20210805,20210911,20240701,20260630
146,M00146,SA775621648,Silver Cafe,SA,SME,Food & Beverage,POS Acceptance,POS Terminal,T+2,Omar Al-Anazi,2021-08-07,2021-09-01,2024-07-02,0,2026-03-31,25.0,1035.0,0,Churned,2021-08,2021-09,2022.0,0,20210807,20210901,20240702,20260331
147,M00147,AE554805022,Oasis Journeys,AE,Online,Travel & Hospitality,Online Checkout,Direct API,T+2,Yousef Al-Marri,2021-08-07,2021-09-18,2024-07-01,0,2026-06-30,42.0,1017.0,0,Active,2021-08,2021-09,2022.0,0,20210807,20210918,20240701,20260630
148,M00148,SA520439829,Sand Services,SA,B2B,Professional Services,B2B Collections,Payment Links,Weekly,Reem Al-Ghamdi,2021-08-07,2021-08-12,2024-07-01,0,2026-06-30,5.0,1054.0,0,Active,2021-08,2021-08,2022.0,0,20210807,20210812,20240701,20260630
149,M00149,EG875100630,Amber Boutique,EG,SME,Retail,Online Checkout,Direct API,T+2,Hany Soliman,2021-08-13,2021-11-21,2024-07-03,0,2026-06-30,100.0,955.0,0,Active,2021-08,2021-11,2022.0,0,20210813,20211121,20240703,20260630
150,M00150,SA900572493,Royal Legal,SA,SME,Professional Services,Online Checkout,E-commerce Plugin,T+1,Omar Al-Anazi,2021-08-18,2021-08-24,2024-07-01,0,2026-06-30,6.0,1042.0,0,Active,2021-08,2021-08,2022.0,0,20210818,20210824,20240701,20260630
151,M00151,AE427050210,Silver Consulting,AE,SME,Professional Services,Payment Links,Payment Links,T+2,Yousef Al-Marri,2021-08-21,2021-08-24,,0,,3.0,,0,Live - never transacted,2021-08,2021-08,2022.0,0,20210821,20210824,,
152,M00152,AE389283318,Horizon Power,AE,Enterprise,Telecom & Utilities,Payment Links,Payment Links,T+1,Layla Haddad,2021-08-25,2021-09-04,2024-07-01,0,2026-06-30,10.0,1031.0,0,Active,2021-08,2021-09,2022.0,0,20210825,20210904,20240701,20260630
153,M00153,SA517497912,Zenith Grill,SA,SME,Food & Beverage,POS Acceptance,POS Terminal,T+2,Reem Al-Ghamdi,2021-08-28,2021-09-22,2024-07-02,0,2026-06-30,25.0,1014.0,0,Active,2021-08,2021-09,2022.0,0,20210828,20210922,20240702,20260630
154,M00154,SA320986752,Urban EdTech,SA,Enterprise,Education,POS Acceptance,POS Terminal,Weekly,Turki Al-Shammari,2021-08-28,2021-09-09,2024-07-01,0,2026-06-30,12.0,1026.0,0,Active,2021-08,2021-09,2022.0,0,20210828,20210909,20240701,20260630
155,M00155,EG588041363,Golden EdTech,EG,SME,Education,POS Acceptance,POS Terminal,T+2,Hany Soliman,2021-09-04,,,0,,,,0,Onboarding (not live),2021-09,,,0,20210904,,,
156,M00156,SA779341840,Falcon Online,SA,Online,E-commerce,Online Checkout,Hosted Checkout,T+1,Turki Al-Shammari,2021-09-07,2021-10-17,2024-07-01,0,2026-06-30,40.0,988.0,0,Active,2021-09,2021-10,2022.0,0,20210907,20211017,20240701,20260630
157,M00157,EG447972836,Cedar Stores,EG,SME,Retail,POS Acceptance,POS Terminal,T+2,Karim Ezzat,2021-09-09,2021-09-21,2024-07-01,0,2026-06-30,12.0,1014.0,0,Active,2021-09,2021-09,2022.0,0,20210909,20210921,20240701,20260630
158,M00158,AE561735990,Cedar Institute,AE,SME,Education,Online Checkout,E-commerce Plugin,T+1,Layla Haddad,2021-09-12,2021-10-06,2024-07-01,0,2026-06-28,24.0,999.0,0,Active,2021-09,2021-10,2022.0,0,20210912,20211006,20240701,20260628
159,M00159,EG676342880,Swift Boutique,EG,SME,Retail,Payment Links,Payment Links,T+1,Karim Ezzat,2021-09-13,2021-09-16,2024-07-01,0,2026-06-28,3.0,1019.0,0,Active,2021-09,2021-09,2022.0,0,20210913,20210916,20240701,20260628
160,M00160,SA627300378,Crescent Advisory,SA,SME,Professional Services,Payment Links,Payment Links,T+2,Turki Al-Shammari,2021-09-20,2021-09-24,2024-07-01,0,2026-06-28,4.0,1011.0,0,Active,2021-09,2021-09,2022.0,0,20210920,20210924,20240701,20260628
161,M00161,OM892693620,Bright Online,OM,Online,E-commerce,Online Checkout,Hosted Checkout,T+1,Salim Al-Harthy,2021-09-24,2021-10-18,2024-07-01,0,2025-05-31,24.0,987.0,0,Churned,2021-09,2021-10,2022.0,0,20210924,20211018,20240701,20250531
162,M00162,EG877654092,Amber Telecom,EG,Enterprise,Telecom & Utilities,POS Acceptance,POS Terminal,T+1,Nadia Fouad,2021-09-30,2021-10-10,2024-07-01,0,2026-06-30,10.0,995.0,0,Active,2021-09,2021-10,2022.0,0,20210930,20211010,20240701,20260630
163,M00163,SA776589285,Swift Online,SA,Online,E-commerce,Online Checkout,Direct API,T+1,Turki Al-Shammari,2021-10-01,2021-12-09,2024-07-01,0,2026-06-30,69.0,935.0,0,Active,2021-10,2021-12,2022.0,0,20211001,20211209,20240701,20260630
164,M00164,EG981274071,Palm Cloud,EG,Online,Digital Services,Online Checkout,Direct API,T+2,Hany Soliman,2021-10-05,2021-12-25,2024-07-01,0,2026-06-30,81.0,919.0,0,Active,2021-10,2021-12,2022.0,0,20211005,20211225,20240701,20260630
165,M00165,AE608679106,Crescent Cafe,AE,SME,Food & Beverage,Payment Links,Payment Links,T+1,Layla Haddad,2021-10-07,2021-10-09,2024-07-01,0,2026-06-29,2.0,996.0,0,Active,2021-10,2021-10,2022.0,0,20211007,20211009,20240701,20260629
166,M00167,SA189309853,Horizon Deals,SA,Online,E-commerce,Online Checkout,Direct API,T+2,Omar Al-Anazi,2021-10-12,2022-01-25,2024-07-01,0,2026-06-30,105.0,888.0,0,Active,2021-10,2022-01,2022.0,0,20211012,20220125,20240701,20260630
167,M00168,EG538857731,Pearl Cart,EG,Online,E-commerce,Subscriptions,Direct API,T+2,Mai Ragab,2021-10-13,2021-12-21,2024-07-01,0,2026-06-30,69.0,923.0,0,Active,2021-10,2021-12,2022.0,0,20211013,20211221,20240701,20260630
168,M00169,EG110254241,Metro Mart,EG,SME,Retail,Online Checkout,Hosted Checkout,T+1,Nadia Fouad,2021-10-16,2021-11-15,2024-07-01,0,2026-06-30,30.0,959.0,0,Active,2021-10,2021-11,2022.0,0,20211016,20211115,20240701,20260630
169,M00170,EG704053078,Silver Institute,EG,Enterprise,Education,Online Checkout,Hosted Checkout,T+1,Nadia Fouad,2021-10-16,2021-11-23,2024-07-01,0,2026-06-30,38.0,951.0,0,Active,2021-10,2021-11,2022.0,0,20211016,20211123,20240701,20260630
170,M00171,EG761087060,Cedar Cart,EG,Online,E-commerce,Subscriptions,Direct API,T+2,Karim Ezzat,2021-10-19,2021-12-07,2024-07-01,0,2026-06-30,49.0,937.0,0,Active,2021-10,2021-12,2022.0,0,20211019,20211207,20240701,20260630
171,M00172,EG482640702,Golden Online,EG,Online,E-commerce,Online Checkout,Direct API,T+2,Mai Ragab,2021-10-20,2021-12-24,2024-07-01,0,2026-04-30,65.0,920.0,0,Dormant,2021-10,2021-12,2022.0,0,20211020,20211224,20240701,20260430
172,M00173,SA662517521,Amber Advisory,SA,B2B,Professional Services,Payment Links,Payment Links,Weekly,Turki Al-Shammari,2021-10-21,2021-10-29,,0,,8.0,,0,Live - never transacted,2021-10,2021-10,2022.0,0,20211021,20211029,,
173,M00174,SA507131461,Cedar Market,SA,SME,Retail,Payment Links,Payment Links,T+2,Omar Al-Anazi,2021-10-24,2021-10-26,2024-07-01,0,2026-06-30,2.0,979.0,0,Active,2021-10,2021-10,2022.0,0,20211024,20211026,20240701,20260630
174,M00175,EG766165674,Green Institute,EG,Online,Education,Online Checkout,Direct API,T+2,Mai Ragab,2021-10-27,2022-02-23,2024-07-01,0,2026-06-30,119.0,859.0,0,Active,2021-10,2022-02,2022.0,0,20211027,20220223,20240701,20260630
175,M00176,EG465172400,Zenith Advisory,EG,SME,Professional Services,Payment Links,Payment Links,T+1,Nadia Fouad,2021-11-03,2021-11-12,2024-07-01,0,2026-06-30,9.0,962.0,0,Active,2021-11,2021-11,2022.0,0,20211103,20211112,20240701,20260630
176,M00177,SA892484380,Zenith Academy,SA,SME,Education,Payment Links,Payment Links,T+1,Turki Al-Shammari,2021-11-04,2021-11-12,2024-07-01,0,2026-06-29,8.0,962.0,0,Active,2021-11,2021-11,2022.0,0,20211104,20211112,20240701,20260629
177,M00178,OM954248664,Coral Grill,OM,Online,Food & Beverage,Online Checkout,E-commerce Plugin,T+2,Salim Al-Harthy,2021-11-09,2021-11-17,2024-07-01,0,2026-06-30,8.0,957.0,0,Active,2021-11,2021-11,2022.0,0,20211109,20211117,20240701,20260630
178,M00179,EG352362522,Urban Care,EG,SME,Healthcare,Payment Links,Payment Links,T+1,Nadia Fouad,2021-11-11,2021-11-20,2024-07-01,0,2026-06-29,9.0,954.0,0,Active,2021-11,2021-11,2022.0,0,20211111,20211120,20240701,20260629
179,M00180,SA485114821,Golden Cloud,SA,Online,Digital Services,Online Checkout,Direct API,T+2,Reem Al-Ghamdi,2021-11-12,2022-03-02,2024-07-01,0,2025-06-30,110.0,852.0,0,Churned,2021-11,2022-03,2022.0,0,20211112,20220302,20240701,20250630
180,M00181,AE878919871,Royal Basket,AE,Online,E-commerce,Online Checkout,Hosted Checkout,T+2,Yousef Al-Marri,2021-11-14,2021-12-18,2024-07-01,0,2026-06-30,34.0,926.0,0,Active,2021-11,2021-12,2022.0,0,20211114,20211218,20240701,20260630
181,M00182,AE301462734,Oasis Kitchen,AE,SME,Food & Beverage,POS Acceptance,POS Terminal,T+1,Layla Haddad,2021-11-16,2021-12-03,2024-07-01,0,2026-06-30,17.0,941.0,0,Active,2021-11,2021-12,2022.0,0,20211116,20211203,20240701,20260630
182,M00166,EG573406141,Falcon Market,EG,SME,Retail,POS Acceptance,POS Terminal,T+2,Nadia Fouad,2021-11-08,2021-11-08,2024-07-02,0,2026-06-30,0.0,967.0,0,Active,2021-11,2021-11,2022.0,0,20211108,20211108,20240702,20260630
183,M00183,SA391765371,Crescent Schools,SA,Online,Unclassified,Online Checkout,E-commerce Plugin,T+2,Reem Al-Ghamdi,2021-11-23,,,0,,,,0,Onboarding (not live),2021-11,,,0,20211123,,,
184,M00184,EG624580946,Sand Digital,EG,Online,Digital Services,Online Checkout,Hosted Checkout,T+2,Mai Ragab,2021-11-23,2021-12-03,2024-07-01,0,2026-06-30,10.0,941.0,0,Active,2021-11,2021-12,2022.0,0,20211123,20211203,20240701,20260630
185,M00185,EG283786715,Green Market,EG,SME,Retail,POS Acceptance,POS Terminal,T+2,Hany Soliman,2021-11-23,2021-12-21,2024-07-01,0,2025-04-30,28.0,923.0,0,Churned,2021-11,2021-12,2022.0,0,20211123,20211221,20240701,20250430
186,M00186,AE563552817,Urban Market,AE,SME,Retail,Payment Links,Payment Links,T+2,Yousef Al-Marri,2021-11-24,2021-11-28,2024-07-02,0,2025-05-31,4.0,947.0,0,Churned,2021-11,2021-11,2022.0,0,20211124,20211128,20240702,20250531
187,M00187,EG875318556,Urban Stores,EG,SME,Retail,Online Checkout,Hosted Checkout,T+1,Hany Soliman,2021-11-24,2022-01-02,2024-07-01,0,2025-05-30,39.0,911.0,0,Churned,2021-11,2022-01,2022.0,0,20211124,20220102,20240701,20250530
188,M00188,SA749593761,Oasis Outlet,SA,SME,Retail,Payment Links,Payment Links,Instant,Omar Al-Anazi,2021-11-25,2021-11-27,,0,,2.0,,0,Live - never transacted,2021-11,2021-11,2022.0,0,20211125,20211127,,
189,M00189,SA534917472,Bright Bakery,SA,SME,Food & Beverage,POS Acceptance,POS Terminal,T+2,Omar Al-Anazi,2021-11-28,2021-12-30,2024-07-01,0,2026-06-30,32.0,914.0,0,Active,2021-11,2021-12,2022.0,0,20211128,20211230,20240701,20260630
190,M00190,SA416884588,Coral Cart,SA,Online,E-commerce,Online Checkout,Direct API,T+2,Reem Al-Ghamdi,2021-11-28,2022-01-12,2024-07-01,0,2026-06-30,45.0,901.0,0,Active,2021-11,2022-01,2022.0,0,20211128,20220112,20240701,20260630
191,M00191,SA954952952,Bright Streaming,SA,Online,Digital Services,Online Checkout,E-commerce Plugin,T+2,Turki Al-Shammari,2021-12-03,2021-12-24,2024-07-01,0,2026-06-30,21.0,920.0,0,Active,2021-12,2021-12,2022.0,0,20211203,20211224,20240701,20260630
192,M00192,EG799440003,Coral Traders,EG,B2B,Distribution & Wholesale,Payment Links,Payment Links,Weekly,Nadia Fouad,2021-12-03,2021-12-08,2024-07-01,0,2026-06-30,5.0,936.0,0,Active,2021-12,2021-12,2022.0,0,20211203,20211208,20240701,20260630
193,M00193,SA683492515,Bright Outlet,SA,SME,Retail,Payment Links,Payment Links,Instant,Turki Al-Shammari,2021-12-10,,,0,,,,0,Onboarding (not live),2021-12,,,0,20211210,,,
194,M00194,EG231422873,Metro EdTech,EG,Online,Education,Subscriptions,Direct API,T+1,Karim Ezzat,2021-12-13,2022-02-16,2024-07-01,0,2026-06-30,65.0,866.0,0,Active,2021-12,2022-02,2022.0,0,20211213,20220216,20240701,20260630
195,M00195,SA845331728,Horizon Hotels,SA,Online,Travel & Hospitality,Online Checkout,Hosted Checkout,T+2,Reem Al-Ghamdi,2021-12-16,2022-01-15,2024-07-01,0,2026-06-30,30.0,898.0,0,Active,2021-12,2022-01,2022.0,0,20211216,20220115,20240701,20260630
196,M00196,EG284431976,Crescent Boutique,EG,SME,Retail,POS Acceptance,POS Terminal,Instant,Mai Ragab,2021-12-17,2022-01-11,2024-07-01,0,2026-06-30,25.0,902.0,0,Active,2021-12,2022-01,2022.0,0,20211217,20220111,20240701,20260630
197,M00197,EG823617801,Swift Bakery,EG,SME,Food & Beverage,POS Acceptance,POS Terminal,T+2,Nadia Fouad,2021-12-17,2022-01-09,2024-07-01,0,2026-06-30,23.0,904.0,0,Active,2021-12,2022-01,2022.0,0,20211217,20220109,20240701,20260630
198,M00198,AE932795909,Oasis Pharmacy,AE,Enterprise,Healthcare,Online Checkout,E-commerce Plugin,T+1,Layla Haddad,2021-12-23,2021-12-28,2024-07-01,0,2026-06-30,5.0,916.0,0,Active,2021-12,2021-12,2022.0,0,20211223,20211228,20240701,20260630
199,M00199,EG816834588,Green Clinics,EG,SME,Healthcare,Payment Links,Payment Links,T+2,Karim Ezzat,2021-12-27,2021-12-31,2024-07-01,0,2026-04-30,4.0,913.0,0,Dormant,2021-12,2021-12,2022.0,0,20211227,20211231,20240701,20260430
200,M00200,AE520556972,Palm Telecom,AE,B2B,Telecom & Utilities,Payment Links,Payment Links,Weekly,Layla Haddad,2021-12-28,2022-01-02,2024-07-01,0,2026-06-30,5.0,911.0,0,Active,2021-12,2022-01,2022.0,0,20211228,20220102,20240701,20260630
201,M00201,AE333371080,Zenith Consulting,AE,SME,Professional Services,Payment Links,Payment Links,T+2,Layla Haddad,2021-12-30,2022-01-05,2024-07-02,0,2026-06-30,6.0,909.0,0,Active,2021-12,2022-01,2022.0,0,20211230,20220105,20240702,20260630
202,M00202,SA205739809,Amber Cafe,SA,SME,Food & Beverage,POS Acceptance,POS Terminal,T+1,Turki Al-Shammari,2022-01-11,2022-01-30,2024-07-01,0,2026-06-30,19.0,883.0,0,Active,2022-01,2022-01,2022.0,0,20220111,20220130,20240701,20260630
203,M00203,SA545085858,Falcon Mart,SA,SME,Retail,Payment Links,Payment Links,T+2,Turki Al-Shammari,2022-01-17,2022-01-27,,0,,10.0,,0,Live - never transacted,2022-01,2022-01,2022.0,0,20220117,20220127,,
204,M00204,SA196173797,Swift Stores,SA,SME,Retail,POS Acceptance,POS Terminal,Instant,Turki Al-Shammari,2022-01-18,2022-02-20,2024-07-01,0,2026-06-30,33.0,862.0,0,Active,2022-01,2022-02,2022.0,0,20220118,20220220,20240701,20260630
205,M00205,EG275709942,Cedar Deals,EG,Enterprise,E-commerce,POS Acceptance,POS Terminal,T+1,Mai Ragab,2022-01-18,2022-02-21,2024-07-01,0,2026-06-30,34.0,861.0,0,Active,2022-01,2022-02,2022.0,0,20220118,20220221,20240701,20260630
206,M00206,EG911025364,Nova Bakery,EG,SME,Food & Beverage,Online Checkout,Hosted Checkout,T+1,Nadia Fouad,2022-01-18,2022-02-08,2024-07-01,0,2026-06-30,21.0,874.0,0,Active,2022-01,2022-02,2022.0,0,20220118,20220208,20240701,20260630
207,M00207,EG165126097,Palm Basket,EG,Online,E-commerce,Subscriptions,Direct API,T+2,Mai Ragab,2022-01-19,2022-04-14,2024-07-01,0,2026-06-30,85.0,809.0,0,Active,2022-01,2022-04,2022.0,0,20220119,20220414,20240701,20260630
208,M00208,AE678947423,Golden Shop,AE,Online,E-commerce,Online Checkout,Hosted Checkout,Instant,Layla Haddad,2022-01-26,2022-03-07,2024-07-01,0,2025-10-31,40.0,847.0,0,Churned,2022-01,2022-03,2022.0,0,20220126,20220307,20240701,20251031
209,M00209,EG744158614,Zenith Basket,EG,Online,E-commerce,Subscriptions,Direct API,T+2,Mai Ragab,2022-01-27,2022-02-28,2024-07-01,0,2026-06-30,32.0,854.0,0,Active,2022-01,2022-02,2022.0,0,20220127,20220228,20240701,20260630
210,M00210,EG207904094,Oasis Wholesale,EG,B2B,Distribution & Wholesale,B2B Collections,Payment Links,Weekly,Karim Ezzat,2022-01-31,2022-02-08,,0,,8.0,,0,Live - never transacted,2022-01,2022-02,2022.0,0,20220131,20220208,,
211,M00211,SA794064500,Cedar Online,SA,Online,E-commerce,Online Checkout,Direct API,T+2,Turki Al-Shammari,2022-02-03,,,0,,,,0,Onboarding (not live),2022-02,,,0,20220203,,,
212,M00212,AE346681166,Urban Shop,AE,Online,E-commerce,Online Checkout,E-commerce Plugin,T+2,Layla Haddad,2022-02-04,2022-02-19,2024-07-01,0,2026-06-30,15.0,863.0,0,Active,2022-02,2022-02,2022.0,0,20220204,20220219,20240701,20260630
213,M00213,EG622517179,Golden Bakery,EG,SME,Food & Beverage,Online Checkout,E-commerce Plugin,T+1,Hany Soliman,2022-02-06,2022-02-18,2024-07-01,0,2026-06-30,12.0,864.0,0,Active,2022-02,2022-02,2022.0,0,20220206,20220218,20240701,20260630
214,M00214,EG728979434,Crescent Services,EG,SME,Professional Services,POS Acceptance,POS Terminal,Instant,Hany Soliman,2022-02-06,2022-03-13,2024-07-01,0,2025-09-30,35.0,841.0,0,Churned,2022-02,2022-03,2022.0,0,20220206,20220313,20240701,20250930
215,M00215,EG105628327,Green Online,EG,Online,E-commerce,Online Checkout,Hosted Checkout,T+1,Karim Ezzat,2022-02-06,2022-02-18,,0,,12.0,,0,Live - never transacted,2022-02,2022-02,2022.0,0,20220206,20220218,,
216,M00216,OM713381935,Horizon Schools,OM,Online,Education,Online Checkout,Hosted Checkout,T+1,Salim Al-Harthy,2022-02-08,2022-03-14,2024-07-01,0,2026-06-30,34.0,840.0,0,Active,2022-02,2022-03,2022.0,0,20220208,20220314,20240701,20260630
217,M00217,AE339334302,Silver Supply,AE,B2B,Distribution & Wholesale,B2B Collections,Direct API,Weekly,Yousef Al-Marri,2022-02-10,2022-03-30,2024-07-02,0,2026-06-30,48.0,825.0,0,Active,2022-02,2022-03,2022.0,0,20220210,20220330,20240702,20260630
218,M00218,EG935471821,Silver Kitchen,EG,SME,Food & Beverage,Payment Links,Payment Links,T+2,Nadia Fouad,2022-02-10,2022-02-12,,0,,2.0,,0,Live - never transacted,2022-02,2022-02,2022.0,0,20220210,20220212,,
219,M00219,EG768201701,Bright Roastery,EG,SME,Food & Beverage,POS Acceptance,POS Terminal,T+2,Mai Ragab,2022-02-10,,,0,,,,0,Onboarding (not live),2022-02,,,0,20220210,,,
220,M00220,EG998632198,Prime Cart,EG,Online,E-commerce,Online Checkout,Hosted Checkout,T+1,Hany Soliman,2022-02-14,2022-03-21,2024-07-01,0,2026-06-30,35.0,833.0,0,Active,2022-02,2022-03,2022.0,0,20220214,20220321,20240701,20260630
221,M00221,EG286990334,Amber Wholesale,EG,B2B,Distribution & Wholesale,Payment Links,Payment Links,Weekly,Hany Soliman,2022-02-19,2022-02-21,2024-07-01,0,2026-06-30,2.0,861.0,0,Active,2022-02,2022-02,2022.0,0,20220219,20220221,20240701,20260630
222,M00222,EG839115780,Golden Institute,EG,SME,Education,POS Acceptance,POS Terminal,Instant,Karim Ezzat,2022-02-20,2022-03-04,2024-07-01,0,2026-06-30,12.0,850.0,0,Active,2022-02,2022-03,2022.0,0,20220220,20220304,20240701,20260630
223,M00223,AE782539735,Urban Cloud,AE,Online,Digital Services,Online Checkout,Hosted Checkout,T+2,Layla Haddad,2022-02-21,2022-03-30,2024-07-01,0,2026-06-30,37.0,824.0,0,Active,2022-02,2022-03,2022.0,0,20220221,20220330,20240701,20260630
224,M00224,OM362279591,Nova Tours,OM,Online,Travel & Hospitality,Online Checkout,Direct API,T+2,Salim Al-Harthy,2022-02-23,2022-04-21,2024-07-02,0,2026-06-28,57.0,803.0,0,Active,2022-02,2022-04,2022.0,0,20220223,20220421,20240702,20260628
225,M00225,AE605101733,Urban Pharmacy,AE,SME,Healthcare,Payment Links,Payment Links,T+1,Yousef Al-Marri,2022-02-24,2022-03-03,,0,,7.0,,0,Live - never transacted,2022-02,2022-03,2022.0,0,20220224,20220303,,
226,M00226,EG987489356,Sand Cloud,EG,Online,Digital Services,Online Checkout,Hosted Checkout,Instant,Karim Ezzat,2022-02-26,2022-03-08,2024-07-01,0,2026-06-30,10.0,846.0,0,Active,2022-02,2022-03,2022.0,0,20220226,20220308,20240701,20260630
227,M00227,EG933744774,Oasis Freight,EG,B2B,Logistics,B2B Collections,Direct API,T+1,Nadia Fouad,2022-02-28,2022-06-22,2024-07-07,0,2026-06-30,114.0,746.0,0,Active,2022-02,2022-06,2022.0,0,20220228,20220622,20240707,20260630
228,M00228,AE123781768,Sand Bakery,AE,Enterprise,Food & Beverage,POS Acceptance,POS Terminal,T+1,Layla Haddad,2022-03-03,2022-04-02,2024-07-01,0,2026-06-30,30.0,821.0,0,Active,2022-03,2022-04,2022.0,0,20220303,20220402,20240701,20260630
229,M00229,OM509470813,Blue EdTech,OM,SME,Education,Online Checkout,Direct API,Instant,Salim Al-Harthy,2022-03-07,,,0,,,,0,Onboarding (not live),2022-03,,,0,20220307,,,
230,M00230,AE174460555,Blue Online,AE,Online,E-commerce,Subscriptions,Direct API,Instant,Layla Haddad,2022-03-08,2022-04-14,2024-07-01,0,2026-06-30,37.0,809.0,0,Active,2022-03,2022-04,2022.0,0,20220308,20220414,20240701,20260630
231,M00231,EG613159214,Pearl Telecom,EG,B2B,Telecom & Utilities,B2B Collections,Payment Links,T+1,Hany Soliman,2022-03-09,2022-03-13,2024-07-02,0,2026-06-30,4.0,842.0,0,Active,2022-03,2022-03,2022.0,0,20220309,20220313,20240702,20260630
232,M00232,OM765991018,Metro Medical,OM,SME,Healthcare,Online Checkout,Direct API,T+2,Salim Al-Harthy,2022-03-10,2022-05-26,2024-07-01,0,2026-06-30,77.0,767.0,0,Active,2022-03,2022-05,2022.0,0,20220310,20220526,20240701,20260630
233,M00233,EG235600888,Bright EdTech,EG,Online,Education,Online Checkout,E-commerce Plugin,T+2,Karim Ezzat,2022-03-12,2022-03-22,2024-07-01,0,2026-06-30,10.0,832.0,0,Active,2022-03,2022-03,2022.0,0,20220312,20220322,20240701,20260630
234,M00234,EG485824653,Amber Supply,EG,B2B,Distribution & Wholesale,B2B Collections,Payment Links,Weekly,Nadia Fouad,2022-03-15,2022-03-18,,0,,3.0,,0,Live - never transacted,2022-03,2022-03,2022.0,0,20220315,20220318,,
235,M00235,AE707625102,Golden Services,AE,SME,Unclassified,POS Acceptance,POS Terminal,T+2,Yousef Al-Marri,2022-03-16,2022-03-31,2024-07-01,0,2026-06-29,15.0,823.0,0,Active,2022-03,2022-03,2022.0,0,20220316,20220331,20240701,20260629
236,M00236,EG656793347,Zenith Supply,EG,B2B,Distribution & Wholesale,Payment Links,Payment Links,Weekly,Mai Ragab,2022-03-16,2022-03-20,2024-07-01,0,2026-06-29,4.0,834.0,0,Active,2022-03,2022-03,2022.0,0,20220316,20220320,20240701,20260629
237,M00237,SA796857151,Green Journeys,SA,Online,Travel & Hospitality,Online Checkout,Direct API,T+2,Turki Al-Shammari,2022-03-19,2022-06-21,2024-07-01,0,2026-06-30,94.0,741.0,0,Active,2022-03,2022-06,2022.0,0,20220319,20220621,20240701,20260630
238,M00238,AE162515553,Royal Travel,AE,Online,Travel & Hospitality,Online Checkout,Hosted Checkout,T+1,Layla Haddad,2022-03-21,2022-04-07,2024-07-01,0,2026-06-30,17.0,816.0,0,Active,2022-03,2022-04,2022.0,0,20220321,20220407,20240701,20260630
239,M00239,OM667112904,Crescent Roastery,OM,SME,Food & Beverage,POS Acceptance,POS Terminal,T+1,Salim Al-Harthy,2022-03-22,2022-04-19,2024-07-02,0,2026-06-30,28.0,805.0,0,Active,2022-03,2022-04,2022.0,0,20220322,20220419,20240702,20260630
240,M00240,SA508515348,Bright Basket,SA,Online,E-commerce,Online Checkout,Direct API,T+2,Reem Al-Ghamdi,2022-03-26,2022-04-30,2024-07-01,0,2026-06-30,35.0,793.0,0,Active,2022-03,2022-04,2022.0,0,20220326,20220430,20240701,20260630
241,M00241,EG799575469,Horizon Apps,EG,Online,Digital Services,Online Checkout,Direct API,T+2,Nadia Fouad,2022-03-30,2022-06-19,2024-07-01,0,2026-06-30,81.0,743.0,0,Active,2022-03,2022-06,2022.0,0,20220330,20220619,20240701,20260630
242,M00242,SA190250693,Zenith Institute,SA,SME,Education,POS Acceptance,POS Terminal,T+2,Reem Al-Ghamdi,2022-04-06,2022-05-05,2024-07-02,0,2026-06-30,29.0,789.0,0,Active,2022-04,2022-05,2022.0,0,20220406,20220505,20240702,20260630
243,M00243,SA575207038,Falcon Cargo,SA,B2B,Logistics,B2B Collections,Payment Links,Weekly,Reem Al-Ghamdi,2022-04-08,2022-04-17,2024-07-01,0,2026-06-30,9.0,806.0,0,Active,2022-04,2022-04,2022.0,0,20220408,20220417,20240701,20260630
244,M00244,EG508110442,Palm Distribution,EG,B2B,Distribution & Wholesale,B2B Collections,Payment Links,T+1,Nadia Fouad,2022-04-13,2022-04-17,2024-07-03,0,2026-06-30,4.0,808.0,0,Active,2022-04,2022-04,2022.0,0,20220413,20220417,20240703,20260630
245,M00245,EG259754316,Coral Games,EG,Online,Digital Services,Online Checkout,Direct API,T+2,Mai Ragab,2022-04-17,2022-07-06,2024-07-01,0,2026-06-30,80.0,726.0,0,Active,2022-04,2022-07,2023.0,0,20220417,20220706,20240701,20260630
246,M00246,EG550259154,Royal Cloud,EG,Online,Digital Services,Online Checkout,Direct API,T+2,Mai Ragab,2022-04-19,2022-06-20,2024-07-01,0,2026-06-30,62.0,742.0,0,Active,2022-04,2022-06,2022.0,0,20220419,20220620,20240701,20260630
247,M00247,SA352518639,Horizon Legal,SA,B2B,Professional Services,B2B Collections,Direct API,T+1,Turki Al-Shammari,2022-04-20,2022-07-07,2024-07-01,0,2026-06-30,78.0,725.0,0,Active,2022-04,2022-07,2023.0,0,20220420,20220707,20240701,20260630
248,M00248,SA716580826,Royal Roastery,SA,SME,Food & Beverage,POS Acceptance,POS Terminal,Instant,Omar Al-Anazi,2022-04-23,2022-05-12,2024-07-01,0,2026-06-29,19.0,781.0,0,Active,2022-04,2022-05,2022.0,0,20220423,20220512,20240701,20260629
249,M00249,EG246247584,Urban Services,EG,B2B,Professional Services,B2B Collections,Payment Links,Weekly,Karim Ezzat,2022-04-29,2022-05-02,,0,,3.0,,0,Live - never transacted,2022-04,2022-05,2022.0,0,20220429,20220502,,
250,M00250,AE889475271,Sand Kitchen,AE,SME,Food & Beverage,POS Acceptance,POS Terminal,T+2,Layla Haddad,2022-05-01,2022-05-25,2024-07-02,0,2026-06-30,24.0,769.0,0,Active,2022-05,2022-05,2022.0,0,20220501,20220525,20240702,20260630
251,M00251,EG584658548,Horizon Bakery,EG,SME,Food & Beverage,Payment Links,Payment Links,T+1,Karim Ezzat,2022-05-01,2022-05-05,,0,,4.0,,0,Live - never transacted,2022-05,2022-05,2022.0,0,20220501,20220505,,
252,M00252,SA577673991,Crescent Labs,SA,SME,Healthcare,Online Checkout,E-commerce Plugin,T+1,Omar Al-Anazi,2022-05-06,2022-05-11,2024-07-01,0,2026-06-29,5.0,782.0,0,Active,2022-05,2022-05,2022.0,0,20220506,20220511,20240701,20260629
253,M00253,SA251636450,Nova Kitchen,SA,SME,Food & Beverage,Online Checkout,Hosted Checkout,T+2,Omar Al-Anazi,2022-05-06,2022-06-07,2024-07-02,0,2026-06-30,32.0,756.0,0,Active,2022-05,2022-06,2022.0,0,20220506,20220607,20240702,20260630
254,M00254,EG237932689,Green Kitchen,EG,SME,Food & Beverage,Online Checkout,Direct API,T+1,Hany Soliman,2022-05-16,2022-07-20,2024-07-03,0,2026-06-30,65.0,714.0,0,Active,2022-05,2022-07,2023.0,0,20220516,20220720,20240703,20260630
255,M00255,EG310107271,Palm Partners,EG,SME,Professional Services,POS Acceptance,POS Terminal,T+2,Nadia Fouad,2022-05-17,2022-06-07,2024-07-01,0,2025-02-28,21.0,755.0,0,Churned,2022-05,2022-06,2022.0,0,20220517,20220607,20240701,20250228
256,M00256,EG309629254,Falcon Freight,EG,B2B,Logistics,B2B Collections,Payment Links,Weekly,Mai Ragab,2022-05-17,,,0,,,,0,Onboarding (not live),2022-05,,,0,20220517,,,
257,M00257,AE584770998,Zenith Boutique,AE,SME,Retail,Payment Links,Payment Links,T+1,Yousef Al-Marri,2022-05-21,2022-05-28,2024-07-02,0,2024-12-31,7.0,766.0,0,Churned,2022-05,2022-05,2022.0,0,20220521,20220528,20240702,20241231
258,M00258,EG614021979,Coral Power,EG,B2B,Telecom & Utilities,Payment Links,Payment Links,Weekly,Nadia Fouad,2022-05-22,2022-05-25,,0,,3.0,,0,Live - never transacted,2022-05,2022-05,2022.0,0,20220522,20220525,,
259,M00259,EG509980512,Swift Kitchen,EG,Online,Food & Beverage,Online Checkout,E-commerce Plugin,T+1,Nadia Fouad,2022-05-22,2022-06-02,2024-07-01,0,2026-06-30,11.0,760.0,0,Active,2022-05,2022-06,2022.0,0,20220522,20220602,20240701,20260630
260,M00260,AE937738745,Blue Market,AE,Enterprise,Retail,Payment Links,Payment Links,T+1,Layla Haddad,2022-05-23,2022-05-28,,0,,5.0,,0,Live - never transacted,2022-05,2022-05,2022.0,0,20220523,20220528,,
261,M00261,AE205330599,Silver Boutique,AE,SME,Retail,Online Checkout,Direct API,T+1,Yousef Al-Marri,2022-05-23,2022-09-08,2024-07-01,0,2026-06-30,108.0,662.0,0,Active,2022-05,2022-09,2023.0,0,20220523,20220908,20240701,20260630
262,M00262,AE688405384,Horizon Cart,AE,Online,E-commerce,Online Checkout,Direct API,T+2,Yousef Al-Marri,2022-05-24,,,0,,,,0,Onboarding (not live),2022-05,,,0,20220524,,,
263,M00263,EG400875498,Prime Advisory,EG,SME,Professional Services,Payment Links,Payment Links,T+2,Mai Ragab,2022-05-24,2022-06-02,2024-07-01,0,2026-06-30,9.0,760.0,0,Active,2022-05,2022-06,2022.0,0,20220524,20220602,20240701,20260630
264,M00264,AE360087333,Blue Digital,AE,Online,Digital Services,Subscriptions,Direct API,T+1,Layla Haddad,2022-05-26,2022-06-30,2024-07-01,0,2026-06-30,35.0,732.0,0,Active,2022-05,2022-06,2022.0,0,20220526,20220630,20240701,20260630
265,M00265,SA582972742,Green Medical,SA,SME,Healthcare,Payment Links,Payment Links,Instant,Reem Al-Ghamdi,2022-05-26,2022-05-31,2024-07-01,0,2026-06-30,5.0,762.0,0,Active,2022-05,2022-05,2022.0,0,20220526,20220531,20240701,20260630
266,M00266,SA597581402,Green Cafe,SA,SME,Food & Beverage,Online Checkout,Direct API,T+2,Turki Al-Shammari,2022-05-27,,,0,,,,0,Onboarding (not live),2022-05,,,0,20220527,,,
267,M00267,OM958516072,Crescent Trading,OM,B2B,Distribution & Wholesale,Payment Links,Payment Links,T+1,Salim Al-Harthy,2022-05-29,2022-06-01,2024-07-01,0,2026-06-30,3.0,761.0,0,Active,2022-05,2022-06,2022.0,0,20220529,20220601,20240701,20260630
268,M00268,EG304469248,Falcon Institute,EG,SME,Education,Payment Links,Payment Links,T+2,Karim Ezzat,2022-06-01,2022-06-10,2024-07-01,0,2026-06-27,9.0,752.0,0,Active,2022-06,2022-06,2022.0,0,20220601,20220610,20240701,20260627
269,M00269,EG249264164,Royal Pharmacy,EG,SME,Healthcare,POS Acceptance,POS Terminal,T+2,Nadia Fouad,2022-06-09,2022-06-23,2024-07-01,0,2026-06-30,14.0,739.0,0,Active,2022-06,2022-06,2022.0,0,20220609,20220623,20240701,20260630
270,M00270,AE521533668,Nova Online,AE,Online,E-commerce,Online Checkout,Direct API,T+2,Yousef Al-Marri,2022-06-11,2022-07-12,2024-07-01,0,2026-06-30,31.0,720.0,0,Active,2022-06,2022-07,2023.0,0,20220611,20220712,20240701,20260630
271,M00271,EG511893937,Cedar Medical,EG,SME,Healthcare,Online Checkout,Direct API,T+2,Hany Soliman,2022-06-13,2022-10-08,2024-07-02,0,2026-06-27,117.0,633.0,0,Active,2022-06,2022-10,2023.0,0,20220613,20221008,20240702,20260627
272,M00272,AE934873526,Nova Partners,AE,SME,Professional Services,POS Acceptance,POS Terminal,T+2,Layla Haddad,2022-06-14,2022-07-17,2024-07-02,0,2026-06-30,33.0,716.0,0,Active,2022-06,2022-07,2023.0,0,20220614,20220717,20240702,20260630
273,M00273,SA955742346,Sand Schools,SA,Online,Education,Online Checkout,Direct API,T+2,Reem Al-Ghamdi,2022-06-18,2022-07-20,2024-07-01,0,2026-06-30,32.0,712.0,0,Active,2022-06,2022-07,2023.0,0,20220618,20220720,20240701,20260630
274,M00274,SA110751010,Falcon Games,SA,Online,Digital Services,Subscriptions,Direct API,T+2,Omar Al-Anazi,2022-06-19,2022-08-05,2024-07-01,0,2026-06-30,47.0,696.0,0,Active,2022-06,2022-08,2023.0,0,20220619,20220805,20240701,20260630
275,M00275,SA414248851,Pearl Care,SA,Enterprise,Healthcare,POS Acceptance,POS Terminal,T+1,Omar Al-Anazi,2022-06-21,2022-07-20,,0,,29.0,,0,Live - never transacted,2022-06,2022-07,2023.0,0,20220621,20220720,,
276,M00276,OM909997571,Horizon EdTech,OM,SME,Education,Payment Links,Payment Links,Instant,Salim Al-Harthy,2022-06-23,2022-06-27,,0,,4.0,,0,Live - never transacted,2022-06,2022-06,2022.0,0,20220623,20220627,,
277,M00277,EG724883181,Horizon Cloud,EG,Online,Digital Services,Online Checkout,Direct API,T+2,Hany Soliman,2022-06-24,2022-09-23,2024-07-01,0,2026-06-30,91.0,647.0,0,Active,2022-06,2022-09,2023.0,0,20220624,20220923,20240701,20260630
278,M00278,SA434781636,Nova Mart,SA,SME,Retail,POS Acceptance,POS Terminal,Instant,Turki Al-Shammari,2022-06-26,2022-07-10,2024-07-01,0,2026-06-30,14.0,722.0,0,Active,2022-06,2022-07,2023.0,0,20220626,20220710,20240701,20260630
279,M00279,EG435300882,Green Grill,EG,SME,Food & Beverage,POS Acceptance,POS Terminal,T+2,Mai Ragab,2022-06-27,2022-07-07,,0,,10.0,,0,Live - never transacted,2022-06,2022-07,2023.0,0,20220627,20220707,,
280,M00280,EG728794730,Falcon Telecom,EG,B2B,Telecom & Utilities,B2B Collections,Payment Links,T+1,Karim Ezzat,2022-06-28,2022-06-30,,0,,2.0,,0,Live - never transacted,2022-06,2022-06,2022.0,0,20220628,20220630,,
281,M00281,SA847687864,Royal Labs,SA,SME,Healthcare,POS Acceptance,POS Terminal,T+2,Turki Al-Shammari,2022-06-29,2022-07-12,2024-07-01,0,2026-06-30,13.0,720.0,0,Active,2022-06,2022-07,2023.0,0,20220629,20220712,20240701,20260630
282,M00282,EG248756723,Metro Cafe,EG,SME,Food & Beverage,Payment Links,Payment Links,T+2,Nadia Fouad,2022-07-01,2022-07-11,2024-07-02,0,2026-06-30,10.0,722.0,0,Active,2022-07,2022-07,2023.0,0,20220701,20220711,20240702,20260630
283,M00283,EG488319036,Golden Streaming,EG,Online,Digital Services,Online Checkout,Direct API,T+2,Karim Ezzat,2022-07-01,2022-09-20,,0,,81.0,,0,Live - never transacted,2022-07,2022-09,2023.0,0,20220701,20220920,,
284,M00284,EG874835199,Golden Kitchen,EG,SME,Food & Beverage,POS Acceptance,POS Terminal,T+2,Karim Ezzat,2022-07-03,2022-08-07,2024-07-02,0,2024-12-30,35.0,695.0,0,Churned,2022-07,2022-08,2023.0,0,20220703,20220807,20240702,20241230
285,M00285,SA860742247,Zenith Medical,SA,Enterprise,Healthcare,Online Checkout,E-commerce Plugin,Weekly,Turki Al-Shammari,2022-07-04,2022-07-11,2024-07-01,0,2026-06-30,7.0,721.0,0,Active,2022-07,2022-07,2023.0,0,20220704,20220711,20240701,20260630
286,M00286,EG758836714,Urban Clinics,EG,SME,Healthcare,POS Acceptance,POS Terminal,T+2,Hany Soliman,2022-07-08,2022-08-09,2024-07-01,0,2026-06-30,32.0,692.0,0,Active,2022-07,2022-08,2023.0,0,20220708,20220809,20240701,20260630
287,M00287,OM781490538,Horizon Academy,OM,Online,Education,Online Checkout,Direct API,T+2,Salim Al-Harthy,2022-07-10,2022-08-25,2024-07-02,0,2026-06-30,46.0,677.0,0,Active,2022-07,2022-08,2023.0,0,20220710,20220825,20240702,20260630
288,M00288,SA586124263,Pearl Kitchen,SA,SME,Food & Beverage,Online Checkout,Hosted Checkout,T+2,Turki Al-Shammari,2022-07-12,2022-08-13,2024-07-01,0,2026-03-31,32.0,688.0,0,Churned,2022-07,2022-08,2023.0,0,20220712,20220813,20240701,20260331
289,M00289,EG730609269,Palm Consulting,EG,SME,Professional Services,Online Checkout,Direct API,T+2,Nadia Fouad,2022-07-14,2022-09-10,2024-07-01,0,2026-06-27,58.0,660.0,0,Active,2022-07,2022-09,2023.0,0,20220714,20220910,20240701,20260627
290,M00290,AE738504243,Prime Online,AE,Online,E-commerce,Online Checkout,E-commerce Plugin,T+1,Layla Haddad,2022-07-14,2022-07-24,2024-07-01,0,2026-06-30,10.0,708.0,0,Active,2022-07,2022-07,2023.0,0,20220714,20220724,20240701,20260630
291,M00291,OM214883127,Blue Bakery,OM,SME,Food & Beverage,POS Acceptance,POS Terminal,T+1,Salim Al-Harthy,2022-07-18,2022-08-13,2024-07-01,0,2026-06-30,26.0,688.0,0,Active,2022-07,2022-08,2023.0,0,20220718,20220813,20240701,20260630
292,M00292,EG345706176,Oasis Partners,EG,SME,Professional Services,POS Acceptance,POS Terminal,Instant,Karim Ezzat,2022-07-19,2022-08-05,2024-07-01,0,2026-06-30,17.0,696.0,0,Active,2022-07,2022-08,2023.0,0,20220719,20220805,20240701,20260630
293,M00293,AE436682771,Metro Care,AE,SME,Healthcare,POS Acceptance,POS Terminal,T+1,Yousef Al-Marri,2022-07-22,2022-08-16,2024-07-03,0,2026-06-29,25.0,687.0,0,Active,2022-07,2022-08,2023.0,0,20220722,20220816,20240703,20260629
294,M00294,AE784175593,Horizon Basket,AE,Online,E-commerce,Online Checkout,Direct API,T+2,Yousef Al-Marri,2022-07-23,,,0,,,,0,Onboarding (not live),2022-07,,,0,20220723,,,
295,M00295,EG342155019,Swift Trading,EG,B2B,Distribution & Wholesale,B2B Collections,Payment Links,T+1,Nadia Fouad,2022-07-24,2022-07-26,2024-07-01,0,2026-06-30,2.0,706.0,0,Active,2022-07,2022-07,2023.0,0,20220724,20220726,20240701,20260630
296,M00296,SA363626228,Metro Trading,SA,B2B,Distribution & Wholesale,B2B Collections,Payment Links,Weekly,Reem Al-Ghamdi,2022-07-24,2022-08-01,2024-07-03,0,2024-11-28,8.0,702.0,0,Churned,2022-07,2022-08,2023.0,0,20220724,20220801,20240703,20241128
297,M00297,EG774885021,Urban Learning,EG,Online,Education,Subscriptions,Direct API,T+1,Nadia Fouad,2022-07-24,2022-09-10,2024-07-01,0,2026-06-30,48.0,660.0,0,Active,2022-07,2022-09,2023.0,0,20220724,20220910,20240701,20260630
298,M00298,AE741353303,Silver Apps,AE,Online,Digital Services,Online Checkout,Direct API,T+2,Yousef Al-Marri,2022-07-24,2022-08-30,2024-07-01,0,2026-06-30,37.0,671.0,0,Active,2022-07,2022-08,2023.0,0,20220724,20220830,20240701,20260630
299,M00299,SA337097778,Pearl Services,SA,B2B,Professional Services,Payment Links,Payment Links,T+1,Omar Al-Anazi,2022-07-25,2022-08-01,2024-07-02,0,2026-06-30,7.0,701.0,0,Active,2022-07,2022-08,2023.0,0,20220725,20220801,20240702,20260630
300,M00300,EG217500923,Green Roastery,EG,Online,Food & Beverage,Online Checkout,Direct API,T+2,Nadia Fouad,2022-07-25,2022-10-22,2024-07-01,0,2026-06-30,89.0,618.0,0,Active,2022-07,2022-10,2023.0,0,20220725,20221022,20240701,20260630
301,M00301,EG696983188,Coral Cafe,EG,SME,Food & Beverage,Payment Links,Payment Links,T+1,Nadia Fouad,2022-07-25,2022-07-31,2024-07-01,0,2026-06-30,6.0,701.0,0,Active,2022-07,2022-07,2023.0,0,20220725,20220731,20240701,20260630
302,M00302,SA166309903,Coral Advisory,SA,SME,Professional Services,Payment Links,Payment Links,T+1,Reem Al-Ghamdi,2022-07-27,2022-07-29,,0,,2.0,,0,Live - never transacted,2022-07,2022-07,2023.0,0,20220727,20220729,,
303,M00303,SA556781756,Nova Roastery,SA,Online,Food & Beverage,Online Checkout,Hosted Checkout,T+2,Reem Al-Ghamdi,2022-07-29,2022-08-10,2024-07-01,0,2026-06-30,12.0,691.0,0,Active,2022-07,2022-08,2023.0,0,20220729,20220810,20240701,20260630
304,M00304,SA479684490,Urban Streaming,SA,Online,Digital Services,Online Checkout,Direct API,T+1,Turki Al-Shammari,2022-07-29,2022-11-13,2024-07-01,0,2026-06-30,107.0,596.0,0,Active,2022-07,2022-11,2023.0,0,20220729,20221113,20240701,20260630
305,M00305,AE172157388,Cedar Supply,AE,B2B,Distribution & Wholesale,B2B Collections,Direct API,T+1,Yousef Al-Marri,2022-08-01,2022-10-16,2024-07-01,0,2026-06-30,76.0,624.0,0,Active,2022-08,2022-10,2023.0,0,20220801,20221016,20240701,20260630
306,M00306,OM978131111,Pearl Market,OM,SME,Retail,POS Acceptance,POS Terminal,Instant,Salim Al-Harthy,2022-08-02,2022-08-21,2024-07-02,0,2026-06-30,19.0,681.0,0,Active,2022-08,2022-08,2023.0,0,20220802,20220821,20240702,20260630
307,M00307,SA142705306,Pearl Travel,SA,Online,Travel & Hospitality,Online Checkout,Direct API,T+1,Omar Al-Anazi,2022-08-08,2022-11-06,2024-07-01,0,2026-06-30,90.0,603.0,0,Active,2022-08,2022-11,2023.0,0,20220808,20221106,20240701,20260630
308,M00308,OM188757830,Green Learning,OM,Online,Education,Online Checkout,Direct API,Instant,Salim Al-Harthy,2022-08-09,2022-09-22,2024-07-01,0,2026-06-30,44.0,648.0,0,Active,2022-08,2022-09,2023.0,0,20220809,20220922,20240701,20260630
309,M00309,AE239330460,Cedar Kitchen,AE,SME,Food & Beverage,POS Acceptance,POS Terminal,Instant,Yousef Al-Marri,2022-08-11,2022-08-29,2024-07-01,0,2026-06-30,18.0,672.0,0,Active,2022-08,2022-08,2023.0,0,20220811,20220829,20240701,20260630
310,M00310,SA592705693,Coral Travel,SA,Online,Travel & Hospitality,Online Checkout,E-commerce Plugin,T+2,Turki Al-Shammari,2022-08-13,2022-09-02,2024-07-01,0,2026-06-30,20.0,668.0,0,Active,2022-08,2022-09,2023.0,0,20220813,20220902,20240701,20260630
311,M00311,EG775891339,Urban Boutique,EG,SME,Retail,Online Checkout,E-commerce Plugin,T+1,Nadia Fouad,2022-08-15,2022-08-22,2024-07-01,0,2026-06-30,7.0,679.0,0,Active,2022-08,2022-08,2023.0,0,20220815,20220822,20240701,20260630
312,M00313,EG988355477,Falcon Consulting,EG,SME,Professional Services,Online Checkout,E-commerce Plugin,T+2,Karim Ezzat,2022-08-21,2022-09-10,2024-07-02,0,2026-06-30,20.0,661.0,0,Active,2022-08,2022-09,2023.0,0,20220821,20220910,20240702,20260630
313,M00314,EG838350410,Coral Legal,EG,SME,Professional Services,POS Acceptance,POS Terminal,T+2,Mai Ragab,2022-08-24,2022-09-11,2024-07-02,0,2026-06-29,18.0,660.0,0,Active,2022-08,2022-09,2023.0,0,20220824,20220911,20240702,20260629
314,M00315,EG792191738,Swift Mart,EG,SME,Retail,Payment Links,Payment Links,T+1,Mai Ragab,2022-08-24,2022-09-01,2024-07-02,0,2026-06-30,8.0,670.0,0,Active,2022-08,2022-09,2023.0,0,20220824,20220901,20240702,20260630
315,M00316,SA307616362,Palm Bakery,SA,Online,Food & Beverage,Online Checkout,E-commerce Plugin,T+1,Omar Al-Anazi,2022-08-24,2022-09-04,2024-07-01,0,2026-06-30,11.0,666.0,0,Active,2022-08,2022-09,2023.0,0,20220824,20220904,20240701,20260630
316,M00317,SA332563719,Urban Bakery,SA,SME,Food & Beverage,POS Acceptance,POS Terminal,T+1,Reem Al-Ghamdi,2022-08-25,2022-09-17,2024-07-01,0,2026-06-29,23.0,653.0,0,Active,2022-08,2022-09,2023.0,0,20220825,20220917,20240701,20260629
317,M00318,EG105351460,Golden Deals,EG,Online,E-commerce,Online Checkout,E-commerce Plugin,T+2,Nadia Fouad,2022-08-31,2022-09-15,2024-07-01,0,2026-02-28,15.0,655.0,0,Churned,2022-08,2022-09,2023.0,0,20220831,20220915,20240701,20260228
318,M00319,AE761816465,Crescent Outlet,AE,SME,Retail,POS Acceptance,POS Terminal,Instant,Layla Haddad,2022-09-05,2022-10-03,2024-07-01,0,2026-06-30,28.0,637.0,0,Active,2022-09,2022-10,2023.0,0,20220905,20221003,20240701,20260630
319,M00320,SA660258875,Royal Boutique,SA,SME,Retail,Online Checkout,Direct API,T+2,Turki Al-Shammari,2022-09-06,2022-12-19,2024-07-01,0,2026-06-30,104.0,560.0,0,Active,2022-09,2022-12,2023.0,0,20220906,20221219,20240701,20260630
320,M00321,OM224536276,Falcon Cafe,OM,SME,Food & Beverage,Payment Links,Payment Links,T+2,Salim Al-Harthy,2022-09-09,2022-09-15,2024-07-02,0,2026-06-30,6.0,656.0,0,Active,2022-09,2022-09,2023.0,0,20220909,20220915,20240702,20260630
321,M00322,EG820064163,Crescent Mart,EG,SME,Retail,Payment Links,Payment Links,T+1,Karim Ezzat,2022-09-11,2022-09-18,2024-07-01,0,2026-06-29,7.0,652.0,0,Active,2022-09,2022-09,2023.0,0,20220911,20220918,20240701,20260629
322,M00323,EG145730757,Cedar Schools,EG,Online,Education,Online Checkout,Hosted Checkout,T+1,Nadia Fouad,2022-09-11,2022-09-28,2024-07-01,0,2024-12-31,17.0,642.0,0,Churned,2022-09,2022-09,2023.0,0,20220911,20220928,20240701,20241231
323,M00312,SA133788044,Silver Deals,SA,Enterprise,E-commerce,Payment Links,Payment Links,T+1,Turki Al-Shammari,2022-08-28,2022-08-28,,0,,0.0,,0,Live - never transacted,2022-08,2022-08,2023.0,0,20220828,20220828,,
324,M00324,AE822826995,Metro Bakery,AE,SME,Food & Beverage,Payment Links,Payment Links,T+2,Yousef Al-Marri,2022-09-15,2022-09-18,,0,,3.0,,0,Live - never transacted,2022-09,2022-09,2023.0,0,20220915,20220918,,
325,M00325,OM869421466,Cedar Traders,OM,B2B,Distribution & Wholesale,B2B Collections,Payment Links,Weekly,Salim Al-Harthy,2022-09-16,2022-09-20,2024-07-01,0,2026-06-28,4.0,650.0,0,Active,2022-09,2022-09,2023.0,0,20220916,20220920,20240701,20260628
326,M00326,OM173271126,Silver Outlet,OM,SME,Retail,POS Acceptance,POS Terminal,T+1,Salim Al-Harthy,2022-09-16,2022-10-01,2024-07-01,0,2026-02-28,15.0,639.0,0,Churned,2022-09,2022-10,2023.0,0,20220916,20221001,20240701,20260228
327,M00327,SA256650029,Silver Cart,SA,Online,E-commerce,Subscriptions,Direct API,T+2,Reem Al-Ghamdi,2022-09-19,2023-01-03,2024-07-01,0,2026-06-30,106.0,545.0,0,Active,2022-09,2023-01,2023.0,0,20220919,20230103,20240701,20260630
328,M00328,AE711049967,Green Trading,AE,B2B,Distribution & Wholesale,B2B Collections,Direct API,Weekly,Layla Haddad,2022-09-22,2023-01-06,2024-07-01,0,2026-06-30,106.0,542.0,0,Active,2022-09,2023-01,2023.0,0,20220922,20230106,20240701,20260630
329,M00329,AE333147027,Royal Tours,AE,Online,Travel & Hospitality,Subscriptions,Direct API,T+2,Yousef Al-Marri,2022-09-24,2023-01-18,2024-07-01,0,2024-10-30,116.0,530.0,0,Churned,2022-09,2023-01,2023.0,0,20220924,20230118,20240701,20241030
330,M00330,AE526176909,Bright Consulting,AE,SME,Professional Services,POS Acceptance,POS Terminal,T+2,Yousef Al-Marri,2022-09-25,2022-10-29,2024-07-01,0,2026-06-27,34.0,611.0,0,Active,2022-09,2022-10,2023.0,0,20220925,20221029,20240701,20260627
331,M00331,AE317795493,Silver Online,AE,Enterprise,E-commerce,Online Checkout,E-commerce Plugin,T+2,Layla Haddad,2022-09-26,2022-10-09,2024-07-01,0,2026-06-30,13.0,631.0,0,Active,2022-09,2022-10,2023.0,0,20220926,20221009,20240701,20260630
332,M00332,EG215045135,Prime Travel,EG,Enterprise,Travel & Hospitality,Online Checkout,Hosted Checkout,T+1,Karim Ezzat,2022-09-26,2022-11-03,2024-07-01,0,2026-06-30,38.0,606.0,0,Active,2022-09,2022-11,2023.0,0,20220926,20221103,20240701,20260630
333,M00333,AE628221217,Amber Legal,AE,SME,Professional Services,POS Acceptance,POS Terminal,T+1,Layla Haddad,2022-09-27,2022-10-21,2024-07-01,0,2026-06-29,24.0,619.0,0,Active,2022-09,2022-10,2023.0,0,20220927,20221021,20240701,20260629
334,M00334,OM334471218,Blue Cart,OM,Online,E-commerce,Online Checkout,Hosted Checkout,T+2,Salim Al-Harthy,2022-09-27,2022-10-29,2024-07-01,0,2026-06-30,32.0,611.0,0,Active,2022-09,2022-10,2023.0,0,20220927,20221029,20240701,20260630
335,M00335,SA945807399,Oasis Institute,SA,SME,Education,Payment Links,Payment Links,T+2,Turki Al-Shammari,2022-09-28,2022-10-03,2024-07-01,0,2026-06-28,5.0,637.0,0,Active,2022-09,2022-10,2023.0,0,20220928,20221003,20240701,20260628
336,M00336,EG819867905,Palm EdTech,EG,Online,Education,Online Checkout,Direct API,T+1,Nadia Fouad,2022-10-02,2022-11-27,2024-07-11,0,2026-06-26,56.0,592.0,0,Active,2022-10,2022-11,2023.0,0,20221002,20221127,20240711,20260626
337,M00337,SA971949588,Royal Outlet,SA,Enterprise,Retail,POS Acceptance,POS Terminal,T+1,Omar Al-Anazi,2022-10-02,,,0,,,,0,Onboarding (not live),2022-10,,,0,20221002,,,
338,M00338,SA531068167,Swift Cafe,SA,SME,Food & Beverage,Payment Links,Payment Links,T+2,Turki Al-Shammari,2022-10-04,2022-10-09,,0,,5.0,,0,Live - never transacted,2022-10,2022-10,2023.0,0,20221004,20221009,,
339,M00339,SA259363162,Cedar Outlet,SA,SME,Retail,POS Acceptance,POS Terminal,T+2,Omar Al-Anazi,2022-10-04,2022-11-07,2024-07-01,0,2026-06-29,34.0,602.0,0,Active,2022-10,2022-11,2023.0,0,20221004,20221107,20240701,20260629
340,M00340,SA165400141,Sand Roastery,SA,SME,Food & Beverage,Online Checkout,E-commerce Plugin,Instant,Turki Al-Shammari,2022-10-09,2022-10-27,2024-07-01,0,2026-06-30,18.0,613.0,0,Active,2022-10,2022-10,2023.0,0,20221009,20221027,20240701,20260630
341,M00341,SA721650034,Cedar Boutique,SA,SME,Retail,POS Acceptance,POS Terminal,T+2,Omar Al-Anazi,2022-10-19,2022-11-15,,0,,27.0,,0,Live - never transacted,2022-10,2022-11,2023.0,0,20221019,20221115,,
342,M00342,AE998528073,Pearl Basket,AE,Online,E-commerce,Online Checkout,Hosted Checkout,T+1,Layla Haddad,2022-10-19,2022-11-15,2024-07-01,0,2026-06-30,27.0,594.0,0,Active,2022-10,2022-11,2023.0,0,20221019,20221115,20240701,20260630
343,M00343,EG670766393,Silver Medical,EG,SME,Healthcare,POS Acceptance,POS Terminal,T+2,Hany Soliman,2022-10-27,2022-11-19,2024-07-01,0,2026-06-29,23.0,590.0,0,Active,2022-10,2022-11,2023.0,0,20221027,20221119,20240701,20260629
344,M00344,EG468145711,Nova Market,EG,SME,Retail,POS Acceptance,POS Terminal,T+2,Karim Ezzat,2022-10-31,2022-11-26,2024-07-01,0,2026-06-29,26.0,583.0,0,Active,2022-10,2022-11,2023.0,0,20221031,20221126,20240701,20260629
345,M00345,AE671906697,Royal Cafe,AE,Enterprise,Food & Beverage,Online Checkout,Hosted Checkout,T+1,Layla Haddad,2022-11-06,2022-12-16,2024-07-01,0,2026-06-30,40.0,563.0,0,Active,2022-11,2022-12,2023.0,0,20221106,20221216,20240701,20260630
346,M00346,SA620446884,Amber Outlet,SA,SME,Retail,POS Acceptance,POS Terminal,T+2,Omar Al-Anazi,2022-11-06,2022-12-04,2024-07-01,0,2026-06-30,28.0,575.0,0,Active,2022-11,2022-12,2023.0,0,20221106,20221204,20240701,20260630
347,M00347,EG537272220,Green Deals,EG,Online,E-commerce,Online Checkout,E-commerce Plugin,T+2,Karim Ezzat,2022-11-06,2022-12-01,2024-07-01,0,2026-06-30,25.0,578.0,0,Active,2022-11,2022-12,2023.0,0,20221106,20221201,20240701,20260630
348,M00348,EG511253320,Coral Bakery,EG,SME,Food & Beverage,POS Acceptance,POS Terminal,T+1,Nadia Fouad,2022-11-13,2022-11-23,2024-07-02,0,2026-06-30,10.0,587.0,0,Active,2022-11,2022-11,2023.0,0,20221113,20221123,20240702,20260630
349,M00349,AE609791679,Golden Mart,AE,SME,Retail,Online Checkout,Hosted Checkout,Instant,Yousef Al-Marri,2022-11-16,2022-12-25,2024-07-02,0,2026-06-29,39.0,555.0,0,Active,2022-11,2022-12,2023.0,0,20221116,20221225,20240702,20260629
350,M00350,SA977935480,Silver Mart,SA,SME,Retail,POS Acceptance,POS Terminal,Instant,Turki Al-Shammari,2022-11-19,2022-12-10,2024-07-01,0,2026-06-29,21.0,569.0,0,Active,2022-11,2022-12,2023.0,0,20221119,20221210,20240701,20260629
351,M00351,EG214548323,Zenith Distribution,EG,B2B,Distribution & Wholesale,B2B Collections,Direct API,Weekly,Nadia Fouad,2022-11-20,,,0,,,,0,Onboarding (not live),2022-11,,,0,20221120,,,
352,M00352,EG699756627,Golden Legal,EG,SME,Professional Services,Payment Links,Payment Links,Instant,Mai Ragab,2022-11-22,2022-12-01,2024-07-01,0,2026-06-30,9.0,578.0,0,Active,2022-11,2022-12,2023.0,0,20221122,20221201,20240701,20260630
353,M00353,OM441483176,Swift Shop,OM,Online,E-commerce,Online Checkout,Direct API,Instant,Salim Al-Harthy,2022-11-24,2023-02-10,2024-07-01,0,2026-06-30,78.0,507.0,0,Active,2022-11,2023-02,2023.0,0,20221124,20230210,20240701,20260630
354,M00354,EG706540547,Horizon Outlet,EG,SME,Retail,Payment Links,Payment Links,Instant,Mai Ragab,2022-11-25,2022-12-04,,0,,9.0,,0,Live - never transacted,2022-11,2022-12,2023.0,0,20221125,20221204,,
355,M00355,SA462175242,Sand Stores,SA,SME,Retail,POS Acceptance,POS Terminal,T+2,Turki Al-Shammari,2022-11-26,2022-12-28,2024-07-01,0,2026-06-30,32.0,551.0,0,Active,2022-11,2022-12,2023.0,0,20221126,20221228,20240701,20260630
356,M00356,SA280340580,Blue Services,SA,SME,Professional Services,POS Acceptance,POS Terminal,T+1,Reem Al-Ghamdi,2022-11-28,2022-12-25,2024-07-01,0,2026-06-30,27.0,554.0,0,Active,2022-11,2022-12,2023.0,0,20221128,20221225,20240701,20260630
357,M00357,EG331354329,Blue Grill,EG,Enterprise,Food & Beverage,Online Checkout,Hosted Checkout,T+1,Karim Ezzat,2022-11-29,2022-12-13,2024-07-01,0,2026-06-30,14.0,566.0,0,Active,2022-11,2022-12,2023.0,0,20221129,20221213,20240701,20260630
358,M00358,SA845256570,Metro Outlet,SA,SME,Retail,Online Checkout,Direct API,T+1,Omar Al-Anazi,2022-11-29,,,0,,,,0,Onboarding (not live),2022-11,,,0,20221129,,,
359,M00359,SA218399497,Royal Grill,SA,SME,Food & Beverage,POS Acceptance,POS Terminal,T+2,Omar Al-Anazi,2022-12-01,2023-01-05,2024-07-01,0,2026-06-30,35.0,543.0,0,Active,2022-12,2023-01,2023.0,0,20221201,20230105,20240701,20260630
360,M00360,EG219821138,Crescent Cloud,EG,Online,Digital Services,Online Checkout,Hosted Checkout,T+2,Nadia Fouad,2022-12-17,2023-01-21,2024-07-01,0,2026-06-30,35.0,527.0,0,Active,2022-12,2023-01,2023.0,0,20221217,20230121,20240701,20260630
361,M00361,EG130340960,Zenith Roastery,EG,SME,Food & Beverage,Online Checkout,Direct API,T+2,Hany Soliman,2022-12-18,,,0,,,,0,Onboarding (not live),2022-12,,,0,20221218,,,
362,M00362,SA914955375,Zenith Cart,SA,Online,E-commerce,Online Checkout,E-commerce Plugin,T+1,Omar Al-Anazi,2022-12-22,2023-01-01,2024-07-01,0,2026-06-30,10.0,547.0,0,Active,2022-12,2023-01,2023.0,0,20221222,20230101,20240701,20260630
363,M00363,AE853501645,Crescent Streaming,AE,Online,Digital Services,Online Checkout,Direct API,T+1,Layla Haddad,2022-12-22,2023-03-16,2024-07-01,0,2026-06-30,84.0,473.0,0,Active,2022-12,2023-03,2023.0,0,20221222,20230316,20240701,20260630
364,M00364,SA315873581,Blue Streaming,SA,Online,Digital Services,Online Checkout,E-commerce Plugin,T+2,Reem Al-Ghamdi,2022-12-24,2023-01-10,2024-07-01,0,2026-06-30,17.0,538.0,0,Active,2022-12,2023-01,2023.0,0,20221224,20230110,20240701,20260630
365,M00365,EG140153041,Sand Outlet,EG,SME,Retail,POS Acceptance,POS Terminal,Instant,Karim Ezzat,2022-12-24,2023-01-26,2024-07-01,0,2026-06-29,33.0,522.0,0,Active,2022-12,2023-01,2023.0,0,20221224,20230126,20240701,20260629
366,M00366,EG431057266,Crescent Stays,EG,Online,Travel & Hospitality,Subscriptions,Direct API,T+2,Mai Ragab,2022-12-24,2023-03-25,2024-07-01,0,2026-06-30,91.0,464.0,0,Active,2022-12,2023-03,2023.0,0,20221224,20230325,20240701,20260630
367,M00367,AE818669574,Sand Consulting,AE,SME,Professional Services,POS Acceptance,POS Terminal,T+2,Yousef Al-Marri,2022-12-26,2023-01-11,2024-07-01,0,2026-06-27,16.0,537.0,0,Active,2022-12,2023-01,2023.0,0,20221226,20230111,20240701,20260627
368,M00368,OM141192539,Oasis Shop,OM,Online,E-commerce,Online Checkout,Direct API,T+2,Salim Al-Harthy,2022-12-26,2023-03-24,2024-07-01,0,2026-06-30,88.0,465.0,0,Active,2022-12,2023-03,2023.0,0,20221226,20230324,20240701,20260630
369,M00369,SA640104269,Amber Tours,SA,Enterprise,Travel & Hospitality,Online Checkout,E-commerce Plugin,T+1,Turki Al-Shammari,2022-12-29,2023-01-19,2024-07-01,0,2026-06-30,21.0,529.0,0,Active,2022-12,2023-01,2023.0,0,20221229,20230119,20240701,20260630
370,M00370,EG583232915,Metro Shop,EG,Online,E-commerce,Subscriptions,Direct API,T+2,Karim Ezzat,2022-12-29,,,0,,,,0,Onboarding (not live),2022-12,,,0,20221229,,,
371,M00371,SA517229087,Green Outlet,SA,SME,Retail,Payment Links,Payment Links,T+2,Reem Al-Ghamdi,2023-01-01,2023-01-05,,0,,4.0,,0,Live - never transacted,2023-01,2023-01,2023.0,0,20230101,20230105,,
372,M00372,EG872519745,Horizon Grill,EG,SME,Unclassified,Online Checkout,E-commerce Plugin,T+1,Nadia Fouad,2023-01-01,2023-01-18,2024-07-01,0,2025-06-30,17.0,530.0,0,Churned,2023-01,2023-01,2023.0,0,20230101,20230118,20240701,20250630
373,M00373,SA268987858,Silver Cloud,SA,Online,Digital Services,Online Checkout,Direct API,T+1,Reem Al-Ghamdi,2023-01-06,2023-04-06,2024-07-01,0,2026-06-30,90.0,452.0,0,Active,2023-01,2023-04,2023.0,0,20230106,20230406,20240701,20260630
374,M00374,EG645757397,Urban Trading,EG,B2B,Distribution & Wholesale,B2B Collections,Payment Links,T+1,Karim Ezzat,2023-01-09,,,0,,,,0,Onboarding (not live),2023-01,,,0,20230109,,,
375,M00375,EG873952802,Horizon Boutique,EG,Enterprise,Retail,Online Checkout,Hosted Checkout,T+1,Nadia Fouad,2023-01-10,2023-02-03,2024-07-01,0,2026-06-30,24.0,514.0,0,Active,2023-01,2023-02,2023.0,0,20230110,20230203,20240701,20260630
376,M00376,EG578179109,Blue Hotels,EG,Online,Travel & Hospitality,Online Checkout,Direct API,T+2,Karim Ezzat,2023-01-10,2023-03-01,2024-07-01,0,2026-06-30,50.0,488.0,0,Active,2023-01,2023-03,2023.0,0,20230110,20230301,20240701,20260630
377,M00377,OM450405182,Horizon Cafe,OM,Online,Food & Beverage,Online Checkout,Direct API,T+1,Salim Al-Harthy,2023-01-11,2023-05-03,2024-07-01,0,2026-06-30,112.0,425.0,0,Active,2023-01,2023-05,2023.0,0,20230111,20230503,20240701,20260630
378,M00379,EG564007643,Prime Hotels,EG,Online,Travel & Hospitality,Online Checkout,Direct API,T+1,Mai Ragab,2023-01-14,,,0,,,,0,Onboarding (not live),2023-01,,,0,20230114,,,
379,M00380,AE618504164,Prime Kitchen,AE,SME,Food & Beverage,POS Acceptance,POS Terminal,T+1,Layla Haddad,2023-01-16,2023-02-17,2024-07-01,0,2026-06-30,32.0,500.0,0,Active,2023-01,2023-02,2023.0,0,20230116,20230217,20240701,20260630
380,M00381,EG785459891,Cedar Express,EG,B2B,Logistics,B2B Collections,Payment Links,T+1,Mai Ragab,2023-01-16,2023-01-26,2024-07-01,0,2026-06-29,10.0,522.0,0,Active,2023-01,2023-01,2023.0,0,20230116,20230126,20240701,20260629
381,M00382,EG191889591,Sand Shop,EG,Online,E-commerce,Subscriptions,Direct API,T+2,Mai Ragab,2023-01-23,2023-05-21,2024-07-01,0,2026-06-30,118.0,407.0,0,Active,2023-01,2023-05,2023.0,0,20230123,20230521,20240701,20260630
382,M00383,SA433295013,Metro Connect,SA,B2B,Telecom & Utilities,B2B Collections,Direct API,Weekly,Reem Al-Ghamdi,2023-01-23,2023-04-12,2024-07-01,0,2026-06-25,79.0,446.0,0,Active,2023-01,2023-04,2023.0,0,20230123,20230412,20240701,20260625
383,M00378,EG196294472,Blue Roastery,EG,SME,Food & Beverage,Payment Links,Payment Links,T+2,Hany Soliman,2023-01-16,2023-01-16,,0,,0.0,,0,Live - never transacted,2023-01,2023-01,2023.0,0,20230116,20230116,,
384,M00384,AE345303542,Pearl Grill,AE,SME,Food & Beverage,POS Acceptance,POS Terminal,T+1,Yousef Al-Marri,2023-01-31,2023-02-14,2024-07-01,0,2026-06-30,14.0,503.0,0,Active,2023-01,2023-02,2023.0,0,20230131,20230214,20240701,20260630
385,M00385,EG623813968,Coral Services,EG,SME,Professional Services,POS Acceptance,POS Terminal,T+1,Nadia Fouad,2023-02-01,2023-02-23,2024-07-01,0,2026-06-30,22.0,494.0,0,Active,2023-02,2023-02,2023.0,0,20230201,20230223,20240701,20260630
386,M00386,SA851607798,Zenith Cafe,SA,Enterprise,Food & Beverage,POS Acceptance,POS Terminal,T+2,Turki Al-Shammari,2023-02-05,2023-02-22,2024-07-01,0,2026-06-30,17.0,495.0,0,Active,2023-02,2023-02,2023.0,0,20230205,20230222,20240701,20260630
387,M00387,SA589749602,Amber Online,SA,Online,E-commerce,Online Checkout,Hosted Checkout,T+2,Omar Al-Anazi,2023-02-06,2023-03-16,2024-07-01,0,2026-06-30,38.0,473.0,0,Active,2023-02,2023-03,2023.0,0,20230206,20230316,20240701,20260630
388,M00388,AE307567415,Palm Online,AE,Enterprise,E-commerce,Online Checkout,Direct API,T+2,Layla Haddad,2023-02-08,2023-04-24,2024-07-01,0,2026-06-30,75.0,434.0,0,Active,2023-02,2023-04,2023.0,0,20230208,20230424,20240701,20260630
389,M00389,AE779121586,Swift Cargo,AE,B2B,Logistics,Payment Links,Payment Links,T+1,Yousef Al-Marri,2023-02-09,2023-02-12,,0,,3.0,,0,Live - never transacted,2023-02,2023-02,2023.0,0,20230209,20230212,,
390,M00390,OM526413827,Amber Stores,OM,SME,Retail,POS Acceptance,POS Terminal,T+2,Salim Al-Harthy,2023-02-21,2023-03-17,2024-07-02,0,2026-06-30,24.0,473.0,0,Active,2023-02,2023-03,2023.0,0,20230221,20230317,20240702,20260630
391,M00391,EG167120747,Zenith Schools,EG,SME,Education,POS Acceptance,POS Terminal,Instant,Mai Ragab,2023-02-22,2023-03-18,2024-07-01,0,2026-06-30,24.0,471.0,0,Active,2023-02,2023-03,2023.0,0,20230222,20230318,20240701,20260630
392,M00392,EG235283002,Prime Legal,EG,B2B,Professional Services,B2B Collections,Direct API,Weekly,Karim Ezzat,2023-02-25,2023-06-25,2024-07-02,0,2026-06-30,120.0,373.0,0,Active,2023-02,2023-06,2023.0,0,20230225,20230625,20240702,20260630
393,M00393,EG325044783,Zenith Market,EG,SME,Retail,POS Acceptance,POS Terminal,T+2,Nadia Fouad,2023-02-26,2023-03-12,2024-07-01,0,2026-06-30,14.0,477.0,0,Active,2023-02,2023-03,2023.0,0,20230226,20230312,20240701,20260630
394,M00394,AE172124002,Nova Clinics,AE,SME,Healthcare,Payment Links,Payment Links,T+1,Layla Haddad,2023-02-26,2023-03-02,2024-07-02,0,2026-06-30,4.0,488.0,0,Active,2023-02,2023-03,2023.0,0,20230226,20230302,20240702,20260630
395,M00395,EG643904514,Golden Roastery,EG,Online,Food & Beverage,Online Checkout,Direct API,T+2,Hany Soliman,2023-03-02,2023-04-02,2024-07-01,0,2025-02-28,31.0,456.0,0,Churned,2023-03,2023-04,2023.0,0,20230302,20230402,20240701,20250228
396,M00396,EG389262771,Cedar Roastery,EG,Online,Food & Beverage,Online Checkout,Direct API,T+2,Mai Ragab,2023-03-04,2023-05-07,2024-07-01,0,2026-06-30,64.0,421.0,0,Active,2023-03,2023-05,2023.0,0,20230304,20230507,20240701,20260630
397,M00397,EG763647415,Cedar Travel,EG,Online,Travel & Hospitality,Online Checkout,Direct API,T+1,Nadia Fouad,2023-03-06,2023-04-25,2024-07-01,0,2026-06-30,50.0,433.0,0,Active,2023-03,2023-04,2023.0,0,20230306,20230425,20240701,20260630
398,M00398,EG204164575,Silver Roastery,EG,Online,Food & Beverage,Subscriptions,Direct API,Instant,Karim Ezzat,2023-03-10,2023-04-22,2024-07-01,0,2026-06-30,43.0,436.0,0,Active,2023-03,2023-04,2023.0,0,20230310,20230422,20240701,20260630
399,M00399,EG518450463,Pearl Stores,EG,SME,Retail,Online Checkout,Direct API,T+2,Karim Ezzat,2023-03-12,2023-05-22,2024-07-02,0,2026-06-30,71.0,407.0,0,Active,2023-03,2023-05,2023.0,0,20230312,20230522,20240702,20260630
400,M00400,SA306273888,Golden Stores,SA,SME,Retail,Online Checkout,E-commerce Plugin,T+2,Omar Al-Anazi,2023-03-16,2023-03-25,2024-07-02,0,2026-06-30,9.0,465.0,0,Active,2023-03,2023-03,2023.0,0,20230316,20230325,20240702,20260630
401,M00401,EG920470377,Blue Shop,EG,Online,E-commerce,Online Checkout,E-commerce Plugin,T+1,Hany Soliman,2023-03-17,2023-04-11,2024-07-01,0,2026-06-30,25.0,447.0,0,Active,2023-03,2023-04,2023.0,0,20230317,20230411,20240701,20260630
402,M00402,OM590437110,Nova Outlet,OM,SME,Retail,POS Acceptance,POS Terminal,T+1,Salim Al-Harthy,2023-03-17,2023-04-02,2024-07-01,0,2026-06-30,16.0,456.0,0,Active,2023-03,2023-04,2023.0,0,20230317,20230402,20240701,20260630
403,M00403,SA426436949,Falcon Grill,SA,Online,Food & Beverage,Online Checkout,Hosted Checkout,Instant,Turki Al-Shammari,2023-03-19,2023-03-30,2024-07-01,0,2026-01-31,11.0,459.0,0,Churned,2023-03,2023-03,2023.0,0,20230319,20230330,20240701,20260131
404,M00404,OM731245762,Golden Movers,OM,B2B,Logistics,B2B Collections,Direct API,T+1,Salim Al-Harthy,2023-03-21,,,0,,,,0,Onboarding (not live),2023-03,,,0,20230321,,,
405,M00405,EG750576392,Swift Market,EG,SME,Retail,POS Acceptance,POS Terminal,T+2,Karim Ezzat,2023-03-23,2023-04-07,2024-07-01,0,2026-06-29,15.0,451.0,0,Active,2023-03,2023-04,2023.0,0,20230323,20230407,20240701,20260629
406,M00406,SA813270664,Blue Kitchen,SA,SME,Food & Beverage,POS Acceptance,POS Terminal,T+2,Omar Al-Anazi,2023-03-26,2023-04-20,2024-07-01,0,2026-06-30,25.0,438.0,0,Active,2023-03,2023-04,2023.0,0,20230326,20230420,20240701,20260630
407,M00407,AE565285480,Blue Learning,AE,Online,Education,Online Checkout,Hosted Checkout,T+2,Layla Haddad,2023-03-27,2023-04-13,,0,,17.0,,0,Live - never transacted,2023-03,2023-04,2023.0,0,20230327,20230413,,
408,M00408,EG229215706,Amber Bakery,EG,SME,Food & Beverage,Payment Links,Payment Links,T+1,Mai Ragab,2023-03-28,2023-03-30,2024-07-02,0,2026-06-30,2.0,460.0,0,Active,2023-03,2023-03,2023.0,0,20230328,20230330,20240702,20260630
409,M00409,EG799496821,Green Boutique,EG,Enterprise,Retail,Online Checkout,E-commerce Plugin,T+1,Hany Soliman,2023-04-02,2023-04-26,2024-07-01,0,2026-06-30,24.0,432.0,0,Active,2023-04,2023-04,2023.0,0,20230402,20230426,20240701,20260630
410,M00410,EG165675111,Prime Services,EG,SME,Professional Services,POS Acceptance,POS Terminal,T+2,Mai Ragab,2023-04-03,2023-04-26,2024-07-01,0,2026-06-29,23.0,432.0,0,Active,2023-04,2023-04,2023.0,0,20230403,20230426,20240701,20260629
411,M00411,EG767462127,Coral Hotels,EG,Online,Travel & Hospitality,Online Checkout,E-commerce Plugin,T+2,Nadia Fouad,2023-04-04,2023-04-09,,0,,5.0,,0,Live - never transacted,2023-04,2023-04,2023.0,0,20230404,20230409,,
412,M00412,SA592950341,Crescent Clinics,SA,SME,Healthcare,POS Acceptance,POS Terminal,Instant,Turki Al-Shammari,2023-04-06,2023-05-02,2024-07-01,0,2026-06-29,26.0,426.0,0,Active,2023-04,2023-05,2023.0,0,20230406,20230502,20240701,20260629
413,M00413,EG486344028,Horizon Roastery,EG,SME,Food & Beverage,POS Acceptance,POS Terminal,Instant,Hany Soliman,2023-04-06,2023-05-09,2024-07-01,0,2026-06-30,33.0,419.0,0,Active,2023-04,2023-05,2023.0,0,20230406,20230509,20240701,20260630
414,M00414,AE468236624,Royal Journeys,AE,Online,Travel & Hospitality,Online Checkout,E-commerce Plugin,Instant,Yousef Al-Marri,2023-04-07,2023-04-27,2024-07-01,0,2026-06-30,20.0,431.0,0,Active,2023-04,2023-04,2023.0,0,20230407,20230427,20240701,20260630
415,M00415,AE728035822,Oasis Boutique,AE,SME,Retail,POS Acceptance,POS Terminal,T+2,Yousef Al-Marri,2023-04-07,2023-05-04,2024-07-01,0,2026-06-30,27.0,424.0,0,Active,2023-04,2023-05,2023.0,0,20230407,20230504,20240701,20260630
416,M00416,EG687418503,Falcon Roastery,EG,SME,Food & Beverage,Payment Links,Payment Links,T+2,Nadia Fouad,2023-04-08,2023-04-11,,0,,3.0,,0,Live - never transacted,2023-04,2023-04,2023.0,0,20230408,20230411,,
417,M00417,EG449636175,Amber Kitchen,EG,Enterprise,Food & Beverage,POS Acceptance,POS Terminal,T+1,Karim Ezzat,2023-04-09,2023-05-07,2024-07-01,0,2026-06-30,28.0,421.0,0,Active,2023-04,2023-05,2023.0,0,20230409,20230507,20240701,20260630
418,M00418,OM898958663,Urban Academy,OM,SME,Education,POS Acceptance,POS Terminal,Instant,Salim Al-Harthy,2023-04-11,2023-04-29,2024-07-01,0,2026-06-28,18.0,429.0,0,Active,2023-04,2023-04,2023.0,0,20230411,20230429,20240701,20260628
419,M00419,EG193187403,Green Wholesale,EG,B2B,Distribution & Wholesale,B2B Collections,Payment Links,T+1,Hany Soliman,2023-04-15,2023-04-18,,0,,3.0,,0,Live - never transacted,2023-04,2023-04,2023.0,0,20230415,20230418,,
420,M00420,SA767514500,Falcon Hotels,SA,Enterprise,Unclassified,Online Checkout,Direct API,T+1,Omar Al-Anazi,2023-04-16,,,0,,,,0,Onboarding (not live),2023-04,,,0,20230416,,,
421,M00421,SA837285263,Cedar Services,SA,SME,Professional Services,POS Acceptance,POS Terminal,Instant,Turki Al-Shammari,2023-04-16,2023-05-16,2024-07-02,0,2026-06-30,30.0,413.0,0,Active,2023-04,2023-05,2023.0,0,20230416,20230516,20240702,20260630
422,M00422,AE230827204,Coral Labs,AE,SME,Healthcare,Payment Links,Payment Links,Instant,Layla Haddad,2023-04-17,2023-04-25,,0,,8.0,,0,Live - never transacted,2023-04,2023-04,2023.0,0,20230417,20230425,,
423,M00423,EG962999704,Cedar Telecom,EG,B2B,Telecom & Utilities,B2B Collections,Payment Links,T+1,Mai Ragab,2023-04-18,2023-04-21,2024-07-01,0,2024-12-31,3.0,437.0,0,Churned,2023-04,2023-04,2023.0,0,20230418,20230421,20240701,20241231
424,M00424,EG730442129,Amber Distribution,EG,B2B,Distribution & Wholesale,B2B Collections,Payment Links,T+1,Hany Soliman,2023-04-20,2023-04-27,2024-07-01,0,2026-06-30,7.0,431.0,0,Active,2023-04,2023-04,2023.0,0,20230420,20230427,20240701,20260630
425,M00425,EG279421850,Bright Legal,EG,B2B,Professional Services,B2B Collections,Direct API,T+1,Hany Soliman,2023-04-25,2023-06-15,2024-07-01,0,2026-06-30,51.0,382.0,0,Active,2023-04,2023-06,2023.0,0,20230425,20230615,20240701,20260630
426,M00426,EG357144481,Pearl Cafe,EG,SME,Food & Beverage,POS Acceptance,POS Terminal,Instant,Mai Ragab,2023-04-26,2023-05-24,2024-07-01,0,2026-06-30,28.0,404.0,0,Active,2023-04,2023-05,2023.0,0,20230426,20230524,20240701,20260630
427,M00427,AE355257464,Urban Supply,AE,B2B,Distribution & Wholesale,B2B Collections,Payment Links,T+1,Yousef Al-Marri,2023-04-26,2023-04-28,2024-07-01,0,2026-06-25,2.0,430.0,0,Active,2023-04,2023-04,2023.0,0,20230426,20230428,20240701,20260625
428,M00428,AE375396549,Zenith Partners,AE,SME,Professional Services,Online Checkout,Direct API,T+2,Yousef Al-Marri,2023-04-29,2023-06-26,2024-07-01,0,2025-08-31,58.0,371.0,0,Churned,2023-04,2023-06,2023.0,0,20230429,20230626,20240701,20250831
429,M00429,EG744743048,Metro Cart,EG,Online,E-commerce,Subscriptions,Direct API,T+2,Nadia Fouad,2023-05-11,2023-08-13,2024-07-01,0,2026-06-30,94.0,323.0,0,Active,2023-05,2023-08,2024.0,0,20230511,20230813,20240701,20260630
430,M00430,SA118340145,Amber Roastery,SA,SME,Food & Beverage,Online Checkout,Direct API,T+2,Reem Al-Ghamdi,2023-05-12,2023-06-19,2024-07-01,0,2025-08-31,38.0,378.0,0,Churned,2023-05,2023-06,2023.0,0,20230512,20230619,20240701,20250831
431,M00431,EG910545189,Amber Shop,EG,Online,E-commerce,Online Checkout,Hosted Checkout,T+2,Mai Ragab,2023-05-14,2023-06-09,,0,,26.0,,0,Live - never transacted,2023-05,2023-06,2023.0,0,20230514,20230609,,
432,M00432,AE125858239,Green Basket,AE,Online,E-commerce,Online Checkout,Direct API,T+2,Layla Haddad,2023-05-14,2023-06-17,2024-07-01,0,2026-06-30,34.0,380.0,0,Active,2023-05,2023-06,2023.0,0,20230514,20230617,20240701,20260630
433,M00433,EG903275069,Palm Roastery,EG,Online,Food & Beverage,Online Checkout,Hosted Checkout,T+2,Nadia Fouad,2023-05-15,2023-06-04,2024-07-01,0,2026-06-30,20.0,393.0,0,Active,2023-05,2023-06,2023.0,0,20230515,20230604,20240701,20260630
434,M00434,SA913968180,Horizon Freight,SA,B2B,Logistics,B2B Collections,Direct API,T+1,Reem Al-Ghamdi,2023-05-16,,,0,,,,0,Onboarding (not live),2023-05,,,0,20230516,,,
435,M00435,SA473410995,Golden Basket,SA,Online,E-commerce,Online Checkout,Direct API,T+2,Omar Al-Anazi,2023-05-16,2023-06-28,2024-07-01,0,2026-06-30,43.0,369.0,0,Active,2023-05,2023-06,2023.0,0,20230516,20230628,20240701,20260630
436,M00436,OM679216914,Prime Schools,OM,SME,Education,Payment Links,Payment Links,Instant,Salim Al-Harthy,2023-05-20,2023-05-25,,0,,5.0,,0,Live - never transacted,2023-05,2023-05,2023.0,0,20230520,20230525,,
437,M00437,SA178095010,Green Advisory,SA,B2B,Professional Services,B2B Collections,Payment Links,Weekly,Turki Al-Shammari,2023-05-26,2023-06-05,,0,,10.0,,0,Live - never transacted,2023-05,2023-06,2023.0,0,20230526,20230605,,
438,M00438,EG806758000,Prime Boutique,EG,SME,Retail,POS Acceptance,POS Terminal,T+2,Karim Ezzat,2023-05-28,2023-06-25,2024-07-02,0,2026-06-30,28.0,373.0,0,Active,2023-05,2023-06,2023.0,0,20230528,20230625,20240702,20260630
439,M00439,SA397922238,Crescent Shop,SA,Online,E-commerce,Online Checkout,Hosted Checkout,T+2,Reem Al-Ghamdi,2023-06-02,,,0,,,,0,Onboarding (not live),2023-06,,,0,20230602,,,
440,M00440,EG529532780,Horizon Shop,EG,Online,E-commerce,Subscriptions,Direct API,T+2,Karim Ezzat,2023-06-05,2023-09-20,2024-07-01,0,2026-06-30,107.0,285.0,0,Active,2023-06,2023-09,2024.0,0,20230605,20230920,20240701,20260630
441,M00441,AE299289826,Bright Apps,AE,Online,Digital Services,Online Checkout,E-commerce Plugin,T+1,Layla Haddad,2023-06-10,2023-06-22,2024-07-01,0,2025-03-31,12.0,375.0,0,Churned,2023-06,2023-06,2023.0,0,20230610,20230622,20240701,20250331
442,M00442,EG493663143,Cedar Bakery,EG,SME,Food & Beverage,Payment Links,Payment Links,T+1,Karim Ezzat,2023-06-12,,,0,,,,0,Onboarding (not live),2023-06,,,0,20230612,,,
443,M00443,SA362023155,Nova Grill,SA,Online,Food & Beverage,Online Checkout,Direct API,T+1,Reem Al-Ghamdi,2023-06-15,2023-10-13,2024-07-01,0,2026-06-30,120.0,262.0,0,Active,2023-06,2023-10,2024.0,0,20230615,20231013,20240701,20260630
444,M00444,SA293357195,Bright Kitchen,SA,SME,Food & Beverage,Online Checkout,Hosted Checkout,T+2,Turki Al-Shammari,2023-06-17,,,0,,,,0,Onboarding (not live),2023-06,,,0,20230617,,,
445,M00445,SA344056722,Cedar Cargo,SA,B2B,Logistics,B2B Collections,Direct API,T+1,Reem Al-Ghamdi,2023-06-18,2023-08-30,2024-07-01,0,2026-06-30,73.0,306.0,0,Active,2023-06,2023-08,2024.0,0,20230618,20230830,20240701,20260630
446,M00446,OM284198769,Royal Market,OM,Enterprise,Retail,POS Acceptance,POS Terminal,T+1,Salim Al-Harthy,2023-06-19,2023-07-06,2024-07-01,0,2026-06-30,17.0,361.0,0,Active,2023-06,2023-07,2024.0,0,20230619,20230706,20240701,20260630
447,M00447,AE934539772,Bright Services,AE,SME,Professional Services,POS Acceptance,POS Terminal,T+1,Layla Haddad,2023-06-25,2023-07-23,2024-07-01,0,2026-06-30,28.0,344.0,0,Active,2023-06,2023-07,2024.0,0,20230625,20230723,20240701,20260630
448,M00448,EG740392546,Golden Advisory,EG,SME,Professional Services,Payment Links,Payment Links,T+1,Karim Ezzat,2023-06-27,2023-06-30,,0,,3.0,,0,Live - never transacted,2023-06,2023-06,2023.0,0,20230627,20230630,,
449,M00449,EG134531316,Zenith Online,EG,Online,E-commerce,Online Checkout,Hosted Checkout,T+2,Karim Ezzat,2023-06-28,2023-07-16,2024-07-01,0,2026-06-30,18.0,351.0,0,Active,2023-06,2023-07,2024.0,0,20230628,20230716,20240701,20260630
450,M00450,EG899495597,Amber Partners,EG,SME,Professional Services,Payment Links,Payment Links,T+2,Mai Ragab,2023-06-28,2023-07-02,2024-07-01,0,2026-06-30,4.0,365.0,0,Active,2023-06,2023-07,2024.0,0,20230628,20230702,20240701,20260630
451,M00451,SA177886357,Urban Advisory,SA,SME,Professional Services,POS Acceptance,POS Terminal,T+1,Turki Al-Shammari,2023-07-01,2023-07-31,2024-07-01,0,2026-06-30,30.0,336.0,0,Active,2023-07,2023-07,2024.0,0,20230701,20230731,20240701,20260630
452,M00452,SA722880043,Amber Stays,SA,Online,Travel & Hospitality,Online Checkout,Hosted Checkout,T+1,Turki Al-Shammari,2023-07-01,2023-08-06,2024-07-01,0,2026-06-30,36.0,330.0,0,Active,2023-07,2023-08,2024.0,0,20230701,20230806,20240701,20260630
453,M00453,EG832002580,Royal Institute,EG,Online,Education,Subscriptions,Direct API,T+2,Mai Ragab,2023-07-01,2023-10-25,2024-07-01,0,2026-06-30,116.0,250.0,0,Active,2023-07,2023-10,2024.0,0,20230701,20231025,20240701,20260630
454,M00454,AE713987880,Crescent Stores,AE,SME,Retail,POS Acceptance,POS Terminal,T+1,Layla Haddad,2023-07-05,2023-07-24,2024-07-01,0,2026-06-30,19.0,343.0,0,Active,2023-07,2023-07,2024.0,0,20230705,20230724,20240701,20260630
455,M00455,SA734980407,Green Bakery,SA,Enterprise,Food & Beverage,Online Checkout,Hosted Checkout,T+1,Omar Al-Anazi,2023-07-12,2023-08-14,2024-07-01,0,2026-06-30,33.0,322.0,0,Active,2023-07,2023-08,2024.0,0,20230712,20230814,20240701,20260630
456,M00456,SA138780824,Golden Market,SA,SME,Retail,POS Acceptance,POS Terminal,T+2,Omar Al-Anazi,2023-07-16,2023-08-15,2024-07-01,0,2026-06-30,30.0,321.0,0,Active,2023-07,2023-08,2024.0,0,20230716,20230815,20240701,20260630
457,M00457,SA512016562,Horizon Kitchen,SA,Online,Food & Beverage,Online Checkout,Direct API,T+1,Reem Al-Ghamdi,2023-07-22,2023-10-25,2024-07-01,0,2026-06-30,95.0,250.0,0,Active,2023-07,2023-10,2024.0,0,20230722,20231025,20240701,20260630
458,M00458,EG955763785,Coral Outlet,EG,SME,Retail,POS Acceptance,POS Terminal,T+1,Karim Ezzat,2023-07-22,2023-08-18,2024-07-02,0,2026-06-30,27.0,319.0,0,Active,2023-07,2023-08,2024.0,0,20230722,20230818,20240702,20260630
459,M00459,SA891035844,Urban Online,SA,Online,E-commerce,Subscriptions,Direct API,T+1,Turki Al-Shammari,2023-07-29,2023-11-11,2024-07-01,0,2026-06-30,105.0,233.0,0,Active,2023-07,2023-11,2024.0,0,20230729,20231111,20240701,20260630
460,M00460,OM907588437,Coral Partners,OM,SME,Professional Services,Payment Links,Payment Links,T+2,Salim Al-Harthy,2023-08-03,2023-08-10,,0,,7.0,,0,Live - never transacted,2023-08,2023-08,2024.0,0,20230803,20230810,,
461,M00461,EG293670432,Pearl Apps,EG,Online,Digital Services,Online Checkout,Hosted Checkout,T+1,Karim Ezzat,2023-08-08,2023-08-23,2024-07-01,0,2026-06-30,15.0,313.0,0,Active,2023-08,2023-08,2024.0,0,20230808,20230823,20240701,20260630
462,M00462,SA262297053,Palm Deals,SA,Online,E-commerce,Online Checkout,Direct API,T+2,Turki Al-Shammari,2023-08-10,2023-09-29,,0,,50.0,,0,Live - never transacted,2023-08,2023-09,2024.0,0,20230810,20230929,,
463,M00463,AE520409719,Falcon Shop,AE,Online,E-commerce,Online Checkout,Direct API,T+2,Layla Haddad,2023-08-11,2023-09-14,2024-07-01,0,2026-06-30,34.0,291.0,0,Active,2023-08,2023-09,2024.0,0,20230811,20230914,20240701,20260630
464,M00464,SA758672424,Golden Boutique,SA,SME,Retail,POS Acceptance,POS Terminal,T+2,Turki Al-Shammari,2023-08-16,2023-09-15,2024-07-01,0,2026-06-30,30.0,290.0,0,Active,2023-08,2023-09,2024.0,0,20230816,20230915,20240701,20260630
465,M00465,EG674673242,Royal EdTech,EG,Online,Education,Subscriptions,Direct API,T+2,Mai Ragab,2023-08-21,2023-12-07,2024-07-01,0,2026-06-30,108.0,207.0,0,Active,2023-08,2023-12,2024.0,0,20230821,20231207,20240701,20260630
466,M00466,EG671577733,Metro Partners,EG,SME,Professional Services,POS Acceptance,POS Terminal,T+1,Karim Ezzat,2023-08-23,2023-09-16,2024-07-02,0,2024-10-31,24.0,290.0,0,Churned,2023-08,2023-09,2024.0,0,20230823,20230916,20240702,20241031
467,M00468,SA852543984,Horizon Services,SA,SME,Professional Services,POS Acceptance,POS Terminal,T+1,Turki Al-Shammari,2023-08-30,2023-09-21,2024-07-01,0,2026-06-30,22.0,284.0,0,Active,2023-08,2023-09,2024.0,0,20230830,20230921,20240701,20260630
468,M00469,EG717546000,Urban Basket,EG,Enterprise,E-commerce,Online Checkout,Direct API,T+2,Karim Ezzat,2023-09-01,,,0,,,,0,Onboarding (not live),2023-09,,,0,20230901,,,
469,M00470,EG277115617,Bright Grill,EG,SME,Food & Beverage,Online Checkout,Direct API,T+2,Nadia Fouad,2023-09-02,2023-11-04,,0,,63.0,,0,Live - never transacted,2023-09,2023-11,2024.0,0,20230902,20231104,,
470,M00471,EG221032323,Nova Shop,EG,Online,E-commerce,Subscriptions,Direct API,T+2,Mai Ragab,2023-09-06,2023-11-29,2024-07-01,0,2026-06-30,84.0,215.0,0,Active,2023-09,2023-11,2024.0,0,20230906,20231129,20240701,20260630
471,M00472,SA966321681,Zenith Mart,SA,SME,Retail,POS Acceptance,POS Terminal,T+1,Turki Al-Shammari,2023-09-11,2023-10-02,2024-07-01,0,2026-06-30,21.0,273.0,0,Active,2023-09,2023-10,2024.0,0,20230911,20231002,20240701,20260630
472,M00473,AE235728700,Blue Basket,AE,Online,E-commerce,Online Checkout,Hosted Checkout,T+1,Layla Haddad,2023-09-12,2023-10-16,2024-07-01,0,2026-06-30,34.0,259.0,0,Active,2023-09,2023-10,2024.0,0,20230912,20231016,20240701,20260630
473,M00474,SA847623511,Falcon Boutique,SA,SME,Retail,POS Acceptance,POS Terminal,T+1,Reem Al-Ghamdi,2023-09-22,2023-10-20,2024-07-01,0,2026-06-30,28.0,255.0,0,Active,2023-09,2023-10,2024.0,0,20230922,20231020,20240701,20260630
474,M00475,EG771233717,Green Shop,EG,Online,E-commerce,Subscriptions,Direct API,T+2,Mai Ragab,2023-09-22,2023-11-06,2024-07-01,0,2026-06-30,45.0,238.0,0,Active,2023-09,2023-11,2024.0,0,20230922,20231106,20240701,20260630
475,M00476,SA987666099,Silver Net,SA,B2B,Telecom & Utilities,B2B Collections,Direct API,T+1,Reem Al-Ghamdi,2023-09-24,2023-12-20,2024-07-01,0,2026-06-29,87.0,194.0,0,Active,2023-09,2023-12,2024.0,0,20230924,20231220,20240701,20260629
476,M00477,SA374496858,Cedar Journeys,SA,Online,Travel & Hospitality,Subscriptions,Direct API,Instant,Turki Al-Shammari,2023-09-25,,,0,,,,0,Onboarding (not live),2023-09,,,0,20230925,,,
477,M00478,OM938270735,Coral Deals,OM,Online,E-commerce,Online Checkout,E-commerce Plugin,T+2,Salim Al-Harthy,2023-09-28,2023-10-15,,0,,17.0,,0,Live - never transacted,2023-09,2023-10,2024.0,0,20230928,20231015,,
478,M00479,SA652255380,Silver Academy,SA,Online,Education,Online Checkout,E-commerce Plugin,T+1,Turki Al-Shammari,2023-09-29,2023-10-23,2024-07-01,0,2024-09-30,24.0,252.0,0,Churned,2023-09,2023-10,2024.0,0,20230929,20231023,20240701,20240930
479,M00480,OM761036673,Bright Digital,OM,Online,Digital Services,Online Checkout,E-commerce Plugin,T+1,Salim Al-Harthy,2023-10-03,2023-10-25,2024-07-01,0,2026-06-30,22.0,250.0,0,Active,2023-10,2023-10,2024.0,0,20231003,20231025,20240701,20260630
480,M00481,OM236113503,Golden Pharmacy,OM,Enterprise,Healthcare,POS Acceptance,POS Terminal,T+1,Salim Al-Harthy,2023-10-04,2023-10-23,2024-07-01,0,2026-06-30,19.0,252.0,0,Active,2023-10,2023-10,2024.0,0,20231004,20231023,20240701,20260630
481,M00482,SA676493356,Zenith Deals,SA,Online,E-commerce,Subscriptions,Direct API,T+1,Reem Al-Ghamdi,2023-10-08,2023-12-02,2024-07-01,0,2026-06-30,55.0,212.0,0,Active,2023-10,2023-12,2024.0,0,20231008,20231202,20240701,20260630
482,M00483,SA814924785,Prime Institute,SA,Online,Education,Online Checkout,Direct API,T+2,Reem Al-Ghamdi,2023-10-11,2023-11-22,2024-07-01,0,2026-06-30,42.0,222.0,0,Active,2023-10,2023-11,2024.0,0,20231011,20231122,20240701,20260630
483,M00484,EG537339465,Prime Roastery,EG,Enterprise,Food & Beverage,POS Acceptance,POS Terminal,T+1,Hany Soliman,2023-10-13,2023-11-11,2024-07-01,0,2026-06-30,29.0,233.0,0,Active,2023-10,2023-11,2024.0,0,20231013,20231111,20240701,20260630
484,M00485,SA391124455,Silver Stores,SA,SME,Retail,POS Acceptance,POS Terminal,T+1,Omar Al-Anazi,2023-10-16,2023-10-26,2024-07-01,0,2026-06-28,10.0,249.0,0,Active,2023-10,2023-10,2024.0,0,20231016,20231026,20240701,20260628
485,M00486,EG662011429,Bright Deals,EG,Online,E-commerce,Online Checkout,Direct API,Instant,Hany Soliman,2023-10-23,,,0,,,,0,Onboarding (not live),2023-10,,,0,20231023,,,
486,M00487,SA754882184,Horizon Clinics,SA,SME,Unclassified,POS Acceptance,POS Terminal,Instant,Reem Al-Ghamdi,2023-10-25,2023-11-14,2024-07-01,0,2026-06-30,20.0,230.0,0,Active,2023-10,2023-11,2024.0,0,20231025,20231114,20240701,20260630
487,M00488,EG982441707,Zenith Kitchen,EG,SME,Food & Beverage,Payment Links,Payment Links,T+2,Karim Ezzat,2023-10-30,2023-11-08,2024-07-01,0,2026-06-30,9.0,236.0,0,Active,2023-10,2023-11,2024.0,0,20231030,20231108,20240701,20260630
488,M00489,AE904440734,Urban Cafe,AE,SME,Food & Beverage,Payment Links,Payment Links,T+2,Yousef Al-Marri,2023-11-02,2023-11-11,2024-07-02,0,2026-06-30,9.0,234.0,0,Active,2023-11,2023-11,2024.0,0,20231102,20231111,20240702,20260630
489,M00490,EG741980516,Cedar Consulting,EG,B2B,Professional Services,B2B Collections,Payment Links,Weekly,Mai Ragab,2023-11-03,2023-11-11,2024-07-03,0,2026-06-30,8.0,235.0,0,Active,2023-11,2023-11,2024.0,0,20231103,20231111,20240703,20260630
490,M00491,AE538589512,Palm Labs,AE,SME,Healthcare,POS Acceptance,POS Terminal,T+2,Layla Haddad,2023-11-04,2023-11-28,2024-07-01,0,2026-06-30,24.0,216.0,0,Active,2023-11,2023-11,2024.0,0,20231104,20231128,20240701,20260630
491,M00492,OM494744219,Pearl EdTech,OM,SME,Education,POS Acceptance,POS Terminal,T+1,Salim Al-Harthy,2023-11-05,2023-12-01,2024-07-01,0,2026-06-30,26.0,213.0,0,Active,2023-11,2023-12,2024.0,0,20231105,20231201,20240701,20260630
492,M00493,SA773581532,Bright Learning,SA,Online,Education,Online Checkout,E-commerce Plugin,Instant,Reem Al-Ghamdi,2023-11-07,2023-12-01,2024-07-01,0,2026-06-30,24.0,213.0,0,Active,2023-11,2023-12,2024.0,0,20231107,20231201,20240701,20260630
493,M00494,AE202986349,Falcon Outlet,AE,SME,Retail,Online Checkout,Direct API,Instant,Yousef Al-Marri,2023-11-07,2024-01-24,2024-07-01,0,2026-06-30,78.0,159.0,0,Active,2023-11,2024-01,2024.0,0,20231107,20240124,20240701,20260630
494,M00495,AE411900541,Green Care,AE,SME,Healthcare,Payment Links,Payment Links,T+2,Layla Haddad,2023-11-07,2023-11-10,,0,,3.0,,0,Live - never transacted,2023-11,2023-11,2024.0,0,20231107,20231110,,
495,M00496,EG680228975,Golden Travel,EG,Enterprise,Travel & Hospitality,Payment Links,Payment Links,T+2,Karim Ezzat,2023-11-10,2023-11-15,2024-07-01,0,2026-06-30,5.0,229.0,0,Active,2023-11,2023-11,2024.0,0,20231110,20231115,20240701,20260630
496,M00497,SA258088449,Amber Mart,SA,SME,Retail,Payment Links,Payment Links,T+2,Reem Al-Ghamdi,2023-11-13,2023-11-15,,0,,2.0,,0,Live - never transacted,2023-11,2023-11,2024.0,0,20231113,20231115,,
497,M00498,AE350312583,Blue Boutique,AE,Enterprise,Retail,Payment Links,Payment Links,Weekly,Yousef Al-Marri,2023-11-14,2023-11-21,,0,,7.0,,0,Live - never transacted,2023-11,2023-11,2024.0,0,20231114,20231121,,
498,M00499,EG762971123,Falcon Care,EG,SME,Healthcare,Online Checkout,E-commerce Plugin,Instant,Hany Soliman,2023-11-15,2023-11-23,2024-07-01,0,2026-06-30,8.0,221.0,0,Active,2023-11,2023-11,2024.0,0,20231115,20231123,20240701,20260630
499,M00500,SA811044755,Blue Academy,SA,SME,Education,Payment Links,Payment Links,T+1,Turki Al-Shammari,2023-11-16,2023-11-20,2024-07-02,0,2026-06-29,4.0,225.0,0,Active,2023-11,2023-11,2024.0,0,20231116,20231120,20240702,20260629
500,M00501,EG770407516,Oasis Bakery,EG,Online,Food & Beverage,Subscriptions,Direct API,Instant,Mai Ragab,2023-11-16,2024-01-20,2024-07-01,0,2026-06-30,65.0,163.0,0,Active,2023-11,2024-01,2024.0,0,20231116,20240120,20240701,20260630
501,M00502,AE676714739,Swift Roastery,AE,SME,Food & Beverage,POS Acceptance,POS Terminal,Instant,Yousef Al-Marri,2023-11-18,2023-12-23,2024-07-01,0,2025-09-30,35.0,191.0,0,Churned,2023-11,2023-12,2024.0,0,20231118,20231223,20240701,20250930
502,M00503,EG912011978,Crescent Care,EG,SME,Healthcare,Payment Links,Payment Links,T+1,Hany Soliman,2023-11-18,2023-11-26,,0,,8.0,,0,Live - never transacted,2023-11,2023-11,2024.0,0,20231118,20231126,,
503,M00504,AE638004344,Pearl Labs,AE,SME,Healthcare,Payment Links,Payment Links,T+1,Yousef Al-Marri,2023-11-21,2023-11-28,2024-07-01,0,2026-06-30,7.0,216.0,0,Active,2023-11,2023-11,2024.0,0,20231121,20231128,20240701,20260630
504,M00505,SA853040870,Bright Cafe,SA,Online,Food & Beverage,Online Checkout,Direct API,T+1,Omar Al-Anazi,2023-11-24,2024-01-17,2024-07-01,0,2026-06-30,54.0,166.0,0,Active,2023-11,2024-01,2024.0,0,20231124,20240117,20240701,20260630
505,M00506,SA887395947,Silver Freight,SA,B2B,Logistics,B2B Collections,Direct API,T+1,Reem Al-Ghamdi,2023-11-25,2024-03-07,2024-07-01,0,2026-06-28,103.0,116.0,0,Active,2023-11,2024-03,2024.0,0,20231125,20240307,20240701,20260628
506,M00507,SA986462340,Amber Apps,SA,Online,Digital Services,Subscriptions,Direct API,T+2,Reem Al-Ghamdi,2023-11-25,2024-01-18,2024-07-01,0,2026-06-30,54.0,165.0,0,Active,2023-11,2024-01,2024.0,0,20231125,20240118,20240701,20260630
507,M00508,EG552283131,Blue Advisory,EG,SME,Professional Services,POS Acceptance,POS Terminal,T+1,Hany Soliman,2023-11-26,2023-12-20,2024-07-01,0,2026-06-30,24.0,194.0,0,Active,2023-11,2023-12,2024.0,0,20231126,20231220,20240701,20260630
508,M00509,SA268961677,Golden Outlet,SA,SME,Retail,Payment Links,Payment Links,T+2,Turki Al-Shammari,2023-12-01,2023-12-06,2024-07-01,0,2026-06-30,5.0,208.0,0,Active,2023-12,2023-12,2024.0,0,20231201,20231206,20240701,20260630
509,M00510,AE918231431,Swift Schools,AE,SME,Education,POS Acceptance,POS Terminal,T+2,Layla Haddad,2023-12-02,2023-12-21,2024-07-01,0,2026-06-30,19.0,193.0,0,Active,2023-12,2023-12,2024.0,0,20231202,20231221,20240701,20260630
510,M00511,SA295911590,Golden Cart,SA,Online,E-commerce,Online Checkout,Direct API,T+2,Reem Al-Ghamdi,2023-12-03,2024-02-23,2024-07-01,0,2026-06-30,82.0,129.0,0,Active,2023-12,2024-02,2024.0,0,20231203,20240223,20240701,20260630
511,M00512,EG468167807,Sand Learning,EG,SME,Education,POS Acceptance,POS Terminal,T+2,Karim Ezzat,2023-12-11,2024-01-12,2024-07-01,0,2026-06-28,32.0,171.0,0,Active,2023-12,2024-01,2024.0,0,20231211,20240112,20240701,20260628
512,M00513,EG401975537,Silver Services,EG,B2B,Professional Services,B2B Collections,Payment Links,T+1,Mai Ragab,2023-12-12,2023-12-14,2024-07-03,0,2025-06-30,2.0,202.0,0,Churned,2023-12,2023-12,2024.0,0,20231212,20231214,20240703,20250630
513,M00514,OM543606528,Pearl Boutique,OM,SME,Retail,POS Acceptance,POS Terminal,T+1,Salim Al-Harthy,2023-12-14,2024-01-07,2024-07-01,0,2026-06-30,24.0,176.0,0,Active,2023-12,2024-01,2024.0,0,20231214,20240107,20240701,20260630
514,M00515,SA887216708,Falcon EdTech,SA,Online,Education,Online Checkout,Direct API,Instant,Turki Al-Shammari,2023-12-14,2024-03-20,2024-07-01,0,2026-06-30,97.0,103.0,0,Active,2023-12,2024-03,2024.0,0,20231214,20240320,20240701,20260630
515,M00516,SA155061152,Oasis Cart,SA,Online,E-commerce,Online Checkout,Direct API,T+1,Omar Al-Anazi,2023-12-15,,,0,,,,0,Onboarding (not live),2023-12,,,0,20231215,,,
516,M00517,SA972748866,Amber Power,SA,Enterprise,Telecom & Utilities,Online Checkout,Direct API,T+1,Reem Al-Ghamdi,2023-12-22,2024-02-10,2024-07-01,0,2026-06-30,50.0,142.0,0,Active,2023-12,2024-02,2024.0,0,20231222,20240210,20240701,20260630
517,M00518,SA742513174,Cedar Cafe,SA,SME,Food & Beverage,POS Acceptance,POS Terminal,T+1,Turki Al-Shammari,2023-12-22,2024-01-07,2024-07-01,0,2026-06-27,16.0,176.0,0,Active,2023-12,2024-01,2024.0,0,20231222,20240107,20240701,20260627
518,M00519,EG813796112,Swift Legal,EG,SME,Professional Services,POS Acceptance,POS Terminal,T+1,Karim Ezzat,2023-12-28,2024-01-18,2024-07-02,0,2026-06-30,21.0,166.0,0,Active,2023-12,2024-01,2024.0,0,20231228,20240118,20240702,20260630
519,M00520,SA828250977,Horizon Partners,SA,SME,Professional Services,POS Acceptance,POS Terminal,T+2,Turki Al-Shammari,2023-12-29,2024-01-27,2024-07-01,0,2026-06-30,29.0,156.0,0,Active,2023-12,2024-01,2024.0,0,20231229,20240127,20240701,20260630
520,M00521,AE241754747,Crescent Grill,AE,SME,Food & Beverage,Payment Links,Payment Links,T+1,Yousef Al-Marri,2023-12-29,2024-01-04,2024-07-03,0,2026-06-30,6.0,181.0,0,Active,2023-12,2024-01,2024.0,0,20231229,20240104,20240703,20260630
521,M00467,SA695199900,Metro Market,SA,SME,Retail,Online Checkout,Direct API,T+2,Omar Al-Anazi,2023-12-18,2023-12-18,2024-07-01,0,2026-06-30,0.0,196.0,0,Active,2023-12,2023-12,2024.0,0,20231218,20231218,20240701,20260630
522,M00522,OM936304206,Prime Basket,OM,Online,E-commerce,Online Checkout,E-commerce Plugin,T+2,Salim Al-Harthy,2024-01-02,2024-01-26,2024-07-01,0,2026-06-30,24.0,157.0,0,Active,2024-01,2024-01,2024.0,0,20240102,20240126,20240701,20260630
523,M00523,OM761371745,Golden Tours,OM,Online,Travel & Hospitality,Online Checkout,Hosted Checkout,T+2,Salim Al-Harthy,2024-01-04,2024-01-28,2024-07-01,0,2026-06-30,24.0,155.0,0,Active,2024-01,2024-01,2024.0,0,20240104,20240128,20240701,20260630
524,M00524,EG344294172,Oasis Stores,EG,SME,Retail,Payment Links,Payment Links,Instant,Hany Soliman,2024-01-05,2024-01-10,,0,,5.0,,0,Live - never transacted,2024-01,2024-01,2024.0,0,20240105,20240110,,
525,M00525,SA375386305,Oasis Consulting,SA,SME,Professional Services,POS Acceptance,POS Terminal,T+1,Reem Al-Ghamdi,2024-01-06,2024-01-22,2024-07-03,0,2026-06-30,16.0,163.0,0,Active,2024-01,2024-01,2024.0,0,20240106,20240122,20240703,20260630
526,M00526,SA247327945,Green Supply,SA,B2B,Distribution & Wholesale,Payment Links,Payment Links,Weekly,Reem Al-Ghamdi,2024-01-08,2024-01-15,2024-07-03,0,2026-06-30,7.0,170.0,0,Active,2024-01,2024-01,2024.0,0,20240108,20240115,20240703,20260630
527,M00527,EG987146982,Zenith Utilities,EG,B2B,Telecom & Utilities,B2B Collections,Payment Links,T+1,Karim Ezzat,2024-01-15,2024-01-25,2024-07-01,0,2026-06-28,10.0,158.0,0,Active,2024-01,2024-01,2024.0,0,20240115,20240125,20240701,20260628
528,M00528,AE853214019,Palm Shop,AE,Online,E-commerce,Online Checkout,Direct API,Instant,Layla Haddad,2024-01-15,,,0,,,,0,Onboarding (not live),2024-01,,,0,20240115,,,
529,M00529,EG921502804,Pearl Hotels,EG,Online,Travel & Hospitality,Subscriptions,Direct API,T+2,Karim Ezzat,2024-01-16,2024-04-28,,0,,103.0,,0,Live - never transacted,2024-01,2024-04,2024.0,0,20240116,20240428,,
530,M00530,AE296224706,Coral Supply,AE,B2B,Distribution & Wholesale,B2B Collections,Payment Links,Weekly,Layla Haddad,2024-01-17,2024-01-22,,0,,5.0,,0,Live - never transacted,2024-01,2024-01,2024.0,0,20240117,20240122,,
531,M00531,OM857939005,Urban Cart,OM,Online,E-commerce,Online Checkout,Direct API,Instant,Salim Al-Harthy,2024-01-20,,,0,,,,0,Onboarding (not live),2024-01,,,0,20240120,,,
532,M00532,SA753222305,Palm Medical,SA,SME,Healthcare,Online Checkout,Direct API,T+1,Reem Al-Ghamdi,2024-01-24,2024-04-20,2024-07-01,0,2026-06-30,87.0,72.0,0,Active,2024-01,2024-04,2024.0,0,20240124,20240420,20240701,20260630
533,M00533,AE928104158,Palm Cart,AE,Online,E-commerce,Online Checkout,Hosted Checkout,T+2,Yousef Al-Marri,2024-01-25,2024-02-10,,0,,16.0,,0,Live - never transacted,2024-01,2024-02,2024.0,0,20240125,20240210,,
534,M00534,SA705652485,Swift Outlet,SA,Enterprise,Retail,POS Acceptance,POS Terminal,Weekly,Reem Al-Ghamdi,2024-02-01,2024-02-19,2024-07-01,0,2026-06-30,18.0,133.0,0,Active,2024-02,2024-02,2024.0,0,20240201,20240219,20240701,20260630
535,M00535,AE920778970,Pearl Institute,AE,SME,Education,POS Acceptance,POS Terminal,T+1,Layla Haddad,2024-02-03,2024-02-24,2024-07-01,0,2026-06-30,21.0,128.0,0,Active,2024-02,2024-02,2024.0,0,20240203,20240224,20240701,20260630
536,M00536,EG464447848,Blue Tours,EG,Online,Travel & Hospitality,Online Checkout,Direct API,T+2,Hany Soliman,2024-02-04,2024-05-23,2024-07-01,0,2026-06-29,109.0,39.0,0,Active,2024-02,2024-05,2024.0,0,20240204,20240523,20240701,20260629
537,M00537,EG308894080,Swift Learning,EG,SME,Education,Online Checkout,Hosted Checkout,T+2,Karim Ezzat,2024-02-05,2024-02-16,2024-07-01,0,2026-06-30,11.0,136.0,0,Active,2024-02,2024-02,2024.0,0,20240205,20240216,20240701,20260630
538,M00538,EG123423908,Falcon Legal,EG,SME,Professional Services,Payment Links,Payment Links,T+1,Karim Ezzat,2024-02-15,2024-02-21,2024-07-02,0,2026-06-30,6.0,132.0,0,Active,2024-02,2024-02,2024.0,0,20240215,20240221,20240702,20260630
539,M00539,EG266138287,Metro Kitchen,EG,SME,Food & Beverage,POS Acceptance,POS Terminal,T+2,Karim Ezzat,2024-02-15,2024-03-15,2024-07-01,0,2026-06-30,29.0,108.0,0,Active,2024-02,2024-03,2024.0,0,20240215,20240315,20240701,20260630
540,M00540,EG409635726,Blue Stays,EG,Online,Travel & Hospitality,Subscriptions,Direct API,T+2,Mai Ragab,2024-02-15,2024-04-28,2024-07-04,0,2026-06-29,73.0,67.0,0,Active,2024-02,2024-04,2024.0,0,20240215,20240428,20240704,20260629
541,M00541,EG926950694,Royal Deals,EG,Enterprise,E-commerce,POS Acceptance,POS Terminal,Weekly,Hany Soliman,2024-02-17,2024-03-04,2024-07-01,0,2026-06-30,16.0,119.0,0,Active,2024-02,2024-03,2024.0,0,20240217,20240304,20240701,20260630
542,M00542,EG373213017,Nova Deals,EG,Online,E-commerce,Online Checkout,Direct API,T+2,Mai Ragab,2024-02-18,2024-06-11,2024-07-01,0,2026-06-30,114.0,20.0,1,Active,2024-02,2024-06,2024.0,0,20240218,20240611,20240701,20260630
543,M00543,EG655465870,Royal Digital,EG,Online,Digital Services,Subscriptions,Direct API,T+2,Hany Soliman,2024-02-24,2024-05-14,2024-07-01,0,2026-06-30,80.0,48.0,0,Active,2024-02,2024-05,2024.0,0,20240224,20240514,20240701,20260630
544,M00544,OM995225132,Silver Legal,OM,SME,Professional Services,POS Acceptance,POS Terminal,T+2,Salim Al-Harthy,2024-02-26,2024-03-07,2024-07-02,0,2026-06-27,10.0,117.0,0,Active,2024-02,2024-03,2024.0,0,20240226,20240307,20240702,20260627
545,M00545,EG728358410,Blue Deals,EG,Online,E-commerce,Online Checkout,Direct API,Instant,Nadia Fouad,2024-02-28,2024-04-11,2024-07-01,0,2026-06-30,43.0,81.0,0,Active,2024-02,2024-04,2024.0,0,20240228,20240411,20240701,20260630
546,M00546,EG554455116,Pearl Stays,EG,Online,Travel & Hospitality,Online Checkout,Hosted Checkout,T+1,Mai Ragab,2024-03-04,2024-04-10,2024-07-01,0,2026-06-30,37.0,82.0,0,Active,2024-03,2024-04,2024.0,0,20240304,20240410,20240701,20260630
547,M00547,OM238929570,Golden Learning,OM,SME,Education,Online Checkout,E-commerce Plugin,T+1,Salim Al-Harthy,2024-03-05,2024-03-18,2024-07-03,0,2026-06-28,13.0,107.0,0,Active,2024-03,2024-03,2024.0,0,20240305,20240318,20240703,20260628
548,M00548,EG193422000,Prime Shop,EG,Online,E-commerce,Online Checkout,E-commerce Plugin,T+2,Nadia Fouad,2024-03-05,2024-03-19,,0,,14.0,,0,Live - never transacted,2024-03,2024-03,2024.0,0,20240305,20240319,,
549,M00549,EG220900048,Coral Online,EG,Online,E-commerce,Online Checkout,Direct API,T+2,Karim Ezzat,2024-03-06,2024-05-27,2024-07-01,0,2026-06-30,82.0,35.0,0,Active,2024-03,2024-05,2024.0,0,20240306,20240527,20240701,20260630
550,M00550,AE297956981,Urban Grill,AE,SME,Food & Beverage,Payment Links,Payment Links,T+2,Yousef Al-Marri,2024-03-07,2024-03-09,,0,,2.0,,0,Live - never transacted,2024-03,2024-03,2024.0,0,20240307,20240309,,
551,M00551,AE150170200,Golden Journeys,AE,Online,Travel & Hospitality,Subscriptions,Direct API,T+1,Yousef Al-Marri,2024-03-10,2024-05-14,2024-07-01,0,2026-06-30,65.0,48.0,0,Active,2024-03,2024-05,2024.0,0,20240310,20240514,20240701,20260630
552,M00552,SA474123129,Golden Grill,SA,Online,Food & Beverage,Online Checkout,Direct API,T+1,Reem Al-Ghamdi,2024-03-10,2024-06-27,2024-07-05,0,2026-06-30,109.0,8.0,1,Active,2024-03,2024-06,2024.0,0,20240310,20240627,20240705,20260630
553,M00553,EG420159724,Bright Advisory,EG,SME,Professional Services,POS Acceptance,POS Terminal,T+2,Karim Ezzat,2024-03-12,2024-04-14,2024-07-01,0,2026-06-30,33.0,78.0,0,Active,2024-03,2024-04,2024.0,0,20240312,20240414,20240701,20260630
554,M00554,EG651123908,Urban Consulting,EG,SME,Professional Services,Payment Links,Payment Links,T+2,Karim Ezzat,2024-03-12,2024-03-14,,0,,2.0,,0,Live - never transacted,2024-03,2024-03,2024.0,0,20240312,20240314,,
555,M00555,AE881349842,Cedar Logistics,AE,B2B,Logistics,Payment Links,Payment Links,T+1,Yousef Al-Marri,2024-03-13,2024-03-16,2024-07-02,0,2026-06-30,3.0,108.0,0,Active,2024-03,2024-03,2024.0,0,20240313,20240316,20240702,20260630
556,M00556,AE875103901,Urban Games,AE,Online,Digital Services,Online Checkout,Hosted Checkout,T+2,Yousef Al-Marri,2024-03-15,2024-04-08,2024-07-01,0,2026-06-30,24.0,84.0,0,Active,2024-03,2024-04,2024.0,0,20240315,20240408,20240701,20260630
557,M00557,SA909908733,Swift Basket,SA,Online,E-commerce,Subscriptions,Direct API,T+2,Omar Al-Anazi,2024-03-16,2024-06-30,2024-07-04,0,2026-06-30,106.0,4.0,1,Active,2024-03,2024-06,2024.0,0,20240316,20240630,20240704,20260630
558,M00558,AE393818965,Sand Advisory,AE,B2B,Professional Services,B2B Collections,Payment Links,Weekly,Yousef Al-Marri,2024-03-17,2024-03-23,,0,,6.0,,0,Live - never transacted,2024-03,2024-03,2024.0,0,20240317,20240323,,
559,M00559,EG544696241,Bright Journeys,EG,Online,Travel & Hospitality,Online Checkout,E-commerce Plugin,T+2,Mai Ragab,2024-03-29,2024-04-08,2024-07-01,0,2026-06-30,10.0,84.0,0,Active,2024-03,2024-04,2024.0,0,20240329,20240408,20240701,20260630
560,M00560,EG270952584,Horizon Mart,EG,SME,Retail,Payment Links,Payment Links,T+2,Mai Ragab,2024-03-30,,,0,,,,0,Onboarding (not live),2024-03,,,0,20240330,,,
561,M00561,SA844850083,Amber Learning,SA,SME,Education,POS Acceptance,POS Terminal,Instant,Omar Al-Anazi,2024-07-03,2024-07-14,2024-07-19,0,2026-06-24,11.0,5.0,1,Active,2024-07,2024-07,2025.0,1,20240703,20240714,20240719,20260624
562,M00562,AE195154121,Amber Deals,AE,Online,E-commerce,Subscriptions,Direct API,T+2,Layla Haddad,2024-07-08,2024-10-28,2024-11-16,0,2025-09-30,112.0,19.0,1,Churned,2024-07,2024-10,2025.0,1,20240708,20241028,20241116,20250930
563,M00563,AE647447711,Palm Boutique,AE,SME,Retail,Payment Links,Payment Links,T+2,Yousef Al-Marri,2024-07-10,2024-07-14,2024-07-30,0,2026-06-29,4.0,16.0,1,Active,2024-07,2024-07,2025.0,1,20240710,20240714,20240730,20260629
564,M00564,SA604765470,Nova Bakery 564,SA,SME,Food & Beverage,POS Acceptance,POS Terminal,T+1,Omar Al-Anazi,2024-07-10,2024-07-31,2024-07-31,0,2026-06-30,21.0,0.0,1,Active,2024-07,2024-07,2025.0,1,20240710,20240731,20240731,20260630
565,M00565,SA555426966,Zenith Stores,SA,SME,Retail,POS Acceptance,POS Terminal,T+2,Omar Al-Anazi,2024-07-11,2024-07-22,2024-07-27,0,2026-06-30,11.0,5.0,1,Active,2024-07,2024-07,2025.0,1,20240711,20240722,20240727,20260630
566,M00566,EG856875467,Golden Digital,EG,Online,Digital Services,Subscriptions,Direct API,T+2,Nadia Fouad,2024-07-12,2024-10-20,2024-11-09,0,2026-06-30,100.0,20.0,1,Active,2024-07,2024-10,2025.0,1,20240712,20241020,20241109,20260630
567,M00567,EG717847087,Nova Basket,EG,Online,E-commerce,Online Checkout,Direct API,T+2,Mai Ragab,2024-07-16,2024-09-21,2024-10-01,0,2026-06-30,67.0,10.0,1,Active,2024-07,2024-09,2025.0,1,20240716,20240921,20241001,20260630
568,M00568,AE486272694,Royal Advisory,AE,SME,Professional Services,POS Acceptance,POS Terminal,T+2,Yousef Al-Marri,2024-07-19,2024-08-16,2024-08-16,0,2026-06-30,28.0,0.0,1,Active,2024-07,2024-08,2025.0,1,20240719,20240816,20240816,20260630
569,M00569,AE381359654,Falcon Bakery,AE,SME,Food & Beverage,POS Acceptance,POS Terminal,T+2,Yousef Al-Marri,2024-07-19,2024-07-29,2024-08-04,0,2026-06-29,10.0,6.0,1,Active,2024-07,2024-07,2025.0,1,20240719,20240729,20240804,20260629
570,M00570,EG710934040,Coral Market,EG,SME,Retail,Payment Links,Payment Links,T+1,Nadia Fouad,2024-07-22,2024-07-26,,0,,4.0,,0,Live - never transacted,2024-07,2024-07,2025.0,1,20240722,20240726,,
571,M00571,EG139657763,Sand Mart,EG,Enterprise,Retail,POS Acceptance,POS Terminal,Weekly,Nadia Fouad,2024-07-22,2024-08-03,2024-08-06,0,2025-03-31,12.0,3.0,1,Churned,2024-07,2024-08,2025.0,1,20240722,20240803,20240806,20250331
572,M00572,SA472968758,Crescent Consulting,SA,SME,Professional Services,Payment Links,Payment Links,T+1,Turki Al-Shammari,2024-07-26,2024-08-01,2024-08-26,0,2026-06-30,6.0,25.0,1,Active,2024-07,2024-08,2025.0,1,20240726,20240801,20240826,20260630
573,M00573,EG963028660,Sand Partners,EG,SME,Professional Services,Payment Links,Payment Links,T+1,Karim Ezzat,2024-07-27,2024-07-29,2024-08-18,0,2026-06-30,2.0,20.0,1,Active,2024-07,2024-07,2025.0,1,20240727,20240729,20240818,20260630
574,M00574,EG701137966,Metro Freight,EG,B2B,Logistics,Payment Links,Payment Links,Weekly,Karim Ezzat,2024-07-28,2024-08-02,2024-08-05,0,2026-06-30,5.0,3.0,1,Active,2024-07,2024-08,2025.0,1,20240728,20240802,20240805,20260630
575,M00575,AE299080753,Falcon Cart,AE,Online,E-commerce,Online Checkout,Direct API,T+2,Yousef Al-Marri,2024-07-29,,,0,,,,0,Onboarding (not live),2024-07,,,0,20240729,,,
576,M00576,AE509423191,Falcon Schools,AE,Online,Education,Subscriptions,Direct API,T+2,Yousef Al-Marri,2024-08-01,2024-09-14,,0,,44.0,,0,Live - never transacted,2024-08,2024-09,2025.0,1,20240801,20240914,,
577,M00577,AE787062785,Royal Connect,AE,Enterprise,Telecom & Utilities,POS Acceptance,POS Terminal,T+2,Layla Haddad,2024-08-04,2024-08-27,2024-08-30,0,2026-06-30,23.0,3.0,1,Active,2024-08,2024-08,2025.0,1,20240804,20240827,20240830,20260630
578,M00578,EG979007692,Oasis Market,EG,SME,Retail,POS Acceptance,POS Terminal,T+2,Mai Ragab,2024-08-05,2024-08-15,2024-08-17,0,2026-06-30,10.0,2.0,1,Active,2024-08,2024-08,2025.0,1,20240805,20240815,20240817,20260630
579,M00579,EG373280861,Metro Grill,EG,Online,Food & Beverage,Online Checkout,Hosted Checkout,T+1,Karim Ezzat,2024-08-09,2024-08-19,2024-08-27,0,2026-06-30,10.0,8.0,1,Active,2024-08,2024-08,2025.0,1,20240809,20240819,20240827,20260630
580,M00580,SA763491142,Nova Advisory,SA,SME,Professional Services,POS Acceptance,POS Terminal,T+2,Turki Al-Shammari,2024-08-09,2024-09-03,2024-09-03,0,2026-06-30,25.0,0.0,1,Active,2024-08,2024-09,2025.0,1,20240809,20240903,20240903,20260630
581,M00581,EG967183698,Pearl Roastery,EG,Enterprise,Food & Beverage,Payment Links,Payment Links,T+1,Mai Ragab,2024-08-11,2024-08-17,2024-08-23,0,2026-06-30,6.0,6.0,1,Active,2024-08,2024-08,2025.0,1,20240811,20240817,20240823,20260630
582,M00582,OM817062602,Silver Basket,OM,Online,E-commerce,Online Checkout,E-commerce Plugin,T+2,Salim Al-Harthy,2024-08-15,2024-09-07,2024-09-14,0,2026-06-30,23.0,7.0,1,Active,2024-08,2024-09,2025.0,1,20240815,20240907,20240914,20260630
583,M00583,SA623621170,Swift Grill,SA,SME,Food & Beverage,POS Acceptance,POS Terminal,T+1,Turki Al-Shammari,2024-08-17,2024-09-06,2024-09-08,0,2026-06-30,20.0,2.0,1,Active,2024-08,2024-09,2025.0,1,20240817,20240906,20240908,20260630
584,M00584,EG311647011,Coral Tours,EG,Online,Travel & Hospitality,Online Checkout,Direct API,T+2,Hany Soliman,2024-08-17,,,0,,,,0,Onboarding (not live),2024-08,,,0,20240817,,,
585,M00585,AE195822932,Zenith Shop,AE,Online,E-commerce,Online Checkout,Direct API,T+2,Yousef Al-Marri,2024-08-18,2024-10-06,2024-10-18,0,2026-06-30,49.0,12.0,1,Active,2024-08,2024-10,2025.0,1,20240818,20241006,20241018,20260630
586,M00586,AE439650362,Sand Market,AE,SME,Retail,Payment Links,Payment Links,T+2,Layla Haddad,2024-08-18,2024-08-27,2024-09-01,0,2026-06-27,9.0,5.0,1,Active,2024-08,2024-08,2025.0,1,20240818,20240827,20240901,20260627
587,M00587,AE767122784,Amber Pharmacy,AE,SME,Healthcare,Online Checkout,Hosted Checkout,T+1,Yousef Al-Marri,2024-08-19,2024-09-24,2024-09-27,0,2026-06-30,36.0,3.0,1,Active,2024-08,2024-09,2025.0,1,20240819,20240924,20240927,20260630
588,M00588,EG403388419,Crescent Basket,EG,Online,E-commerce,Online Checkout,Hosted Checkout,T+1,Karim Ezzat,2024-08-19,2024-09-02,2024-09-04,0,2026-06-30,14.0,2.0,1,Active,2024-08,2024-09,2025.0,1,20240819,20240902,20240904,20260630
589,M00589,SA106854641,Palm Outlet,SA,SME,Retail,Payment Links,Payment Links,T+2,Reem Al-Ghamdi,2024-08-21,2024-08-23,,0,,2.0,,0,Live - never transacted,2024-08,2024-08,2025.0,1,20240821,20240823,,
590,M00590,AE403257742,Pearl Wholesale,AE,B2B,Distribution & Wholesale,B2B Collections,Payment Links,Weekly,Layla Haddad,2024-08-26,2024-09-03,2024-09-23,0,2026-06-30,8.0,20.0,1,Active,2024-08,2024-09,2025.0,1,20240826,20240903,20240923,20260630
591,M00591,SA772263667,Amber Grill,SA,SME,Food & Beverage,POS Acceptance,POS Terminal,T+2,Reem Al-Ghamdi,2024-08-28,2024-09-13,2024-09-17,0,2026-06-30,16.0,4.0,1,Active,2024-08,2024-09,2025.0,1,20240828,20240913,20240917,20260630
592,M00592,AE719619202,Royal Consulting,AE,SME,Professional Services,POS Acceptance,POS Terminal,T+2,Layla Haddad,2024-08-31,2024-10-01,2024-10-02,0,2026-06-30,31.0,1.0,1,Active,2024-08,2024-10,2025.0,1,20240831,20241001,20241002,20260630
593,M00593,EG888467038,Green Tours,EG,Online,Travel & Hospitality,Online Checkout,Direct API,T+2,Nadia Fouad,2024-09-05,2024-11-07,2024-11-09,0,2026-06-30,63.0,2.0,1,Active,2024-09,2024-11,2025.0,1,20240905,20241107,20241109,20260630
594,M00594,SA815162718,Zenith Labs,SA,SME,Healthcare,POS Acceptance,POS Terminal,T+2,Reem Al-Ghamdi,2024-09-10,2024-10-08,2024-10-12,0,2026-06-30,28.0,4.0,1,Active,2024-09,2024-10,2025.0,1,20240910,20241008,20241012,20260630
595,M00595,EG853730833,Amber Medical,EG,SME,Healthcare,Payment Links,Payment Links,T+2,Mai Ragab,2024-09-14,2024-09-16,2024-09-20,0,2026-06-30,2.0,4.0,1,Active,2024-09,2024-09,2025.0,1,20240914,20240916,20240920,20260630
596,M00596,SA633817671,Urban Roastery,SA,SME,Food & Beverage,Payment Links,Payment Links,T+2,Turki Al-Shammari,2024-09-15,2024-09-23,2024-09-23,0,2026-06-30,8.0,0.0,1,Active,2024-09,2024-09,2025.0,1,20240915,20240923,20240923,20260630
597,M00597,EG952768191,Bright Tours,EG,Online,Travel & Hospitality,Online Checkout,Direct API,T+2,Nadia Fouad,2024-09-15,2025-01-01,,0,,108.0,,0,Live - never transacted,2024-09,2025-01,2025.0,1,20240915,20250101,,
598,M00598,EG327394766,Bright Shop,EG,Online,E-commerce,Online Checkout,Hosted Checkout,Instant,Mai Ragab,2024-09-16,2024-10-17,2024-10-24,0,2026-06-30,31.0,7.0,1,Active,2024-09,2024-10,2025.0,1,20240916,20241017,20241024,20260630
599,M00599,OM214161280,Zenith Bakery 599,OM,SME,Food & Beverage,Payment Links,Payment Links,T+2,Salim Al-Harthy,2024-09-16,2024-09-21,,0,,5.0,,0,Live - never transacted,2024-09,2024-09,2025.0,1,20240916,20240921,,
600,M00600,AE841408383,Golden Grill 600,AE,Online,Food & Beverage,Online Checkout,Direct API,T+2,Yousef Al-Marri,2024-09-20,2024-10-28,2024-10-29,0,2026-06-30,38.0,1.0,1,Active,2024-09,2024-10,2025.0,1,20240920,20241028,20241029,20260630
601,M00601,SA777243922,Palm Grill,SA,SME,Food & Beverage,POS Acceptance,POS Terminal,T+1,Omar Al-Anazi,2024-09-20,2024-10-06,2024-10-12,0,2026-06-30,16.0,6.0,1,Active,2024-09,2024-10,2025.0,1,20240920,20241006,20241012,20260630
602,M00602,SA992726873,Crescent Traders,SA,B2B,Distribution & Wholesale,Payment Links,Payment Links,Weekly,Reem Al-Ghamdi,2024-09-21,2024-09-25,2024-10-03,0,2024-12-26,4.0,8.0,1,Churned,2024-09,2024-09,2025.0,1,20240921,20240925,20241003,20241226
603,M00603,SA343787744,Green Stores,SA,SME,Retail,Online Checkout,Direct API,T+2,Omar Al-Anazi,2024-09-22,,,0,,,,0,Onboarding (not live),2024-09,,,0,20240922,,,
604,M00604,SA819868069,Oasis Mart,SA,Enterprise,Retail,Payment Links,Payment Links,T+2,Reem Al-Ghamdi,2024-09-22,2024-10-02,2024-10-11,0,2026-06-30,10.0,9.0,1,Active,2024-09,2024-10,2025.0,1,20240922,20241002,20241011,20260630
605,M00605,EG276584921,Nova Cart,EG,Online,E-commerce,Online Checkout,Direct API,Instant,Karim Ezzat,2024-09-23,2024-12-08,2024-12-08,0,2026-06-30,76.0,0.0,1,Active,2024-09,2024-12,2025.0,1,20240923,20241208,20241208,20260630
606,M00606,EG361515615,Royal Cart,EG,Online,E-commerce,Online Checkout,Hosted Checkout,T+2,Karim Ezzat,2024-09-24,2024-10-30,2024-11-30,0,2026-06-30,36.0,31.0,0,Active,2024-09,2024-10,2025.0,1,20240924,20241030,20241130,20260630
607,M00607,SA623969133,Sand Basket,SA,Online,E-commerce,Online Checkout,Hosted Checkout,T+2,Omar Al-Anazi,2024-09-27,2024-10-25,2024-10-27,0,2026-06-30,28.0,2.0,1,Active,2024-09,2024-10,2025.0,1,20240927,20241025,20241027,20260630
608,M00608,SA233359257,Horizon Cargo,SA,B2B,Logistics,B2B Collections,Payment Links,T+1,Turki Al-Shammari,2024-09-30,2024-10-07,2024-10-17,0,2026-06-30,7.0,10.0,1,Active,2024-09,2024-10,2025.0,1,20240930,20241007,20241017,20260630
609,M00609,EG450716760,Nova Services,EG,SME,Professional Services,Online Checkout,Direct API,T+2,Nadia Fouad,2024-10-03,2024-11-14,2024-11-17,0,2026-06-30,42.0,3.0,1,Active,2024-10,2024-11,2025.0,1,20241003,20241114,20241117,20260630
610,M00610,SA626499422,Coral Wholesale,SA,B2B,Distribution & Wholesale,B2B Collections,Direct API,T+1,Turki Al-Shammari,2024-10-04,2025-01-03,,0,,91.0,,0,Live - never transacted,2024-10,2025-01,2025.0,1,20241004,20250103,,
611,M00611,SA779172798,Oasis Basket,SA,Online,E-commerce,Online Checkout,E-commerce Plugin,T+2,Turki Al-Shammari,2024-10-04,2024-10-24,2024-10-26,0,2026-06-30,20.0,2.0,1,Active,2024-10,2024-10,2025.0,1,20241004,20241024,20241026,20260630
612,M00612,EG716286440,Blue Schools,EG,Online,Education,Online Checkout,Direct API,T+1,Karim Ezzat,2024-10-05,2025-01-28,2025-01-28,0,2026-06-30,115.0,0.0,1,Active,2024-10,2025-01,2025.0,1,20241005,20250128,20250128,20260630
613,M00613,EG348432509,Silver Learning,EG,SME,Education,POS Acceptance,POS Terminal,T+1,Karim Ezzat,2024-10-09,2024-10-24,2024-10-27,0,2026-06-30,15.0,3.0,1,Active,2024-10,2024-10,2025.0,1,20241009,20241024,20241027,20260630
614,M00614,SA487858809,Amber Grill 614,SA,Online,Food & Beverage,Online Checkout,Direct API,T+1,Turki Al-Shammari,2024-10-12,2024-11-20,2024-11-21,0,2026-06-30,39.0,1.0,1,Active,2024-10,2024-11,2025.0,1,20241012,20241120,20241121,20260630
615,M00615,SA192187024,Green Travel,SA,Online,Travel & Hospitality,Online Checkout,Hosted Checkout,T+1,Turki Al-Shammari,2024-10-13,,,0,,,,0,Onboarding (not live),2024-10,,,0,20241013,,,
616,M00616,SA813150489,Sand Utilities,SA,Enterprise,Telecom & Utilities,Online Checkout,Hosted Checkout,T+1,Omar Al-Anazi,2024-10-14,2024-10-30,2024-11-08,0,2025-04-30,16.0,9.0,1,Churned,2024-10,2024-10,2025.0,1,20241014,20241030,20241108,20250430
617,M00617,EG193916126,Oasis Roastery 617,EG,SME,Food & Beverage,POS Acceptance,POS Terminal,T+2,Mai Ragab,2024-10-14,2024-10-28,2024-10-29,0,2026-06-30,14.0,1.0,1,Active,2024-10,2024-10,2025.0,1,20241014,20241028,20241029,20260630
618,M00618,EG631844222,Silver Roastery 618,EG,SME,Food & Beverage,Payment Links,Payment Links,T+2,Hany Soliman,2024-10-15,2024-10-18,2024-10-30,0,2026-06-30,3.0,12.0,1,Active,2024-10,2024-10,2025.0,1,20241015,20241018,20241030,20260630
619,M00619,EG686030808,Palm Mart,EG,Enterprise,Retail,Online Checkout,Direct API,T+1,Karim Ezzat,2024-10-15,2025-02-11,2025-02-11,0,2026-06-30,119.0,0.0,1,Active,2024-10,2025-02,2025.0,1,20241015,20250211,20250211,20260630
620,M00620,EG431162218,Blue Consulting,EG,B2B,Professional Services,B2B Collections,Payment Links,Weekly,Hany Soliman,2024-10-16,2024-10-25,2024-10-27,0,2026-06-30,9.0,2.0,1,Active,2024-10,2024-10,2025.0,1,20241016,20241025,20241027,20260630
621,M00621,EG513863820,Royal Bakery 621,EG,SME,Food & Beverage,Payment Links,Payment Links,T+1,Karim Ezzat,2024-10-16,2024-10-22,,0,,6.0,,0,Live - never transacted,2024-10,2024-10,2025.0,1,20241016,20241022,,
622,M00622,SA887092113,Zenith Pharmacy,SA,SME,Healthcare,Online Checkout,E-commerce Plugin,T+2,Turki Al-Shammari,2024-10-18,2024-11-05,2024-11-08,0,2026-06-28,18.0,3.0,1,Active,2024-10,2024-11,2025.0,1,20241018,20241105,20241108,20260628
623,M00623,SA390198893,Urban Partners,SA,SME,Professional Services,POS Acceptance,POS Terminal,T+1,Turki Al-Shammari,2024-10-19,2024-11-14,,0,,26.0,,0,Live - never transacted,2024-10,2024-11,2025.0,1,20241019,20241114,,
624,M00624,EG800117892,Oasis Schools,EG,Online,Education,Online Checkout,Direct API,T+2,Hany Soliman,2024-10-22,2025-01-23,2025-01-23,0,2026-06-30,93.0,0.0,1,Active,2024-10,2025-01,2025.0,1,20241022,20250123,20250123,20260630
625,M00625,SA550486234,Coral Boutique,SA,SME,Retail,Online Checkout,Hosted Checkout,T+2,Omar Al-Anazi,2024-10-23,2024-11-28,2024-12-02,0,2026-06-29,36.0,4.0,1,Active,2024-10,2024-11,2025.0,1,20241023,20241128,20241202,20260629
626,M00626,AE211109637,Cedar Academy,AE,SME,Education,Online Checkout,E-commerce Plugin,T+2,Yousef Al-Marri,2024-10-24,2024-11-11,2024-11-24,0,2026-06-29,18.0,13.0,1,Active,2024-10,2024-11,2025.0,1,20241024,20241111,20241124,20260629
627,M00627,SA247197710,Royal Partners,SA,SME,Professional Services,Payment Links,Payment Links,T+2,Turki Al-Shammari,2024-10-25,2024-11-02,2024-11-25,0,2026-06-29,8.0,23.0,1,Active,2024-10,2024-11,2025.0,1,20241025,20241102,20241125,20260629
628,M00628,EG723980954,Prime Roastery 628,EG,SME,Food & Beverage,POS Acceptance,POS Terminal,T+2,Hany Soliman,2024-10-26,2024-11-18,2024-11-20,0,2026-06-29,23.0,2.0,1,Active,2024-10,2024-11,2025.0,1,20241026,20241118,20241120,20260629
629,M00629,SA665920142,Golden Bakery 629,SA,Online,Food & Beverage,Subscriptions,Direct API,T+2,Reem Al-Ghamdi,2024-10-27,,,0,,,,0,Onboarding (not live),2024-10,,,0,20241027,,,
630,M00630,EG934454177,Horizon Online,EG,Enterprise,E-commerce,Payment Links,Payment Links,T+1,Nadia Fouad,2024-10-29,2024-11-06,2024-11-07,0,2026-06-30,8.0,1.0,1,Active,2024-10,2024-11,2025.0,1,20241029,20241106,20241107,20260630
631,M00631,AE776685743,Metro Institute,AE,SME,Education,POS Acceptance,POS Terminal,T+2,Yousef Al-Marri,2024-10-30,2024-11-30,2024-12-12,0,2026-06-29,31.0,12.0,1,Active,2024-10,2024-11,2025.0,1,20241030,20241130,20241212,20260629
632,M00632,AE163417336,Nova Supply,AE,B2B,Distribution & Wholesale,B2B Collections,Direct API,T+1,Yousef Al-Marri,2024-11-01,2025-02-27,2025-02-27,0,2026-06-30,118.0,0.0,1,Active,2024-11,2025-02,2025.0,1,20241101,20250227,20250227,20260630
633,M00633,SA764037736,Cedar Care,SA,Enterprise,Healthcare,Payment Links,Payment Links,T+1,Turki Al-Shammari,2024-11-01,2024-11-09,2025-01-05,0,2026-06-30,8.0,57.0,0,Active,2024-11,2024-11,2025.0,1,20241101,20241109,20250105,20260630
634,M00634,AE366451684,Metro Stores,AE,SME,Retail,POS Acceptance,POS Terminal,T+2,Yousef Al-Marri,2024-11-02,2024-11-19,2024-11-21,0,2026-06-27,17.0,2.0,1,Active,2024-11,2024-11,2025.0,1,20241102,20241119,20241121,20260627
635,M00635,AE626038015,Green Stays,AE,Enterprise,Travel & Hospitality,POS Acceptance,POS Terminal,T+2,Yousef Al-Marri,2024-11-03,2024-11-13,2024-11-17,0,2026-06-30,10.0,4.0,1,Active,2024-11,2024-11,2025.0,1,20241103,20241113,20241117,20260630
636,M00636,EG627712868,Bright Cart,EG,Online,E-commerce,Online Checkout,Hosted Checkout,T+1,Nadia Fouad,2024-11-04,,,0,,,,0,Onboarding (not live),2024-11,,,0,20241104,,,
637,M00637,SA597658531,Oasis Connect,SA,Enterprise,Telecom & Utilities,Online Checkout,Direct API,T+1,Turki Al-Shammari,2024-11-09,2024-12-17,2024-12-23,0,2026-06-30,38.0,6.0,1,Active,2024-11,2024-12,2025.0,1,20241109,20241217,20241223,20260630
638,M00638,SA158425015,Swift Cafe 638,SA,SME,Food & Beverage,POS Acceptance,POS Terminal,T+2,Omar Al-Anazi,2024-11-09,2024-12-04,2024-12-06,0,2026-06-30,25.0,2.0,1,Active,2024-11,2024-12,2025.0,1,20241109,20241204,20241206,20260630
639,M00639,SA211354199,Metro Basket,SA,Online,E-commerce,Online Checkout,Direct API,T+2,Turki Al-Shammari,2024-11-10,2025-01-14,2025-01-16,0,2026-06-30,65.0,2.0,1,Active,2024-11,2025-01,2025.0,1,20241110,20250114,20250116,20260630
640,M00640,SA182543031,Bright Market,SA,SME,Retail,POS Acceptance,POS Terminal,T+1,Omar Al-Anazi,2024-11-13,2024-12-06,2024-12-07,0,2026-06-30,23.0,1.0,1,Active,2024-11,2024-12,2025.0,1,20241113,20241206,20241207,20260630
641,M00641,AE226845726,Oasis Deals,AE,Online,E-commerce,Subscriptions,Direct API,T+2,Yousef Al-Marri,2024-11-15,2025-02-10,2025-02-13,0,2026-06-30,87.0,3.0,1,Active,2024-11,2025-02,2025.0,1,20241115,20250210,20250213,20260630
642,M00642,SA988802623,Cedar Shop,SA,Online,E-commerce,Online Checkout,Direct API,T+2,Turki Al-Shammari,2024-11-16,2025-01-13,2025-01-16,0,2026-06-30,58.0,3.0,1,Active,2024-11,2025-01,2025.0,1,20241116,20250113,20250116,20260630
643,M00643,AE585192811,Prime Market,AE,SME,Retail,Payment Links,Payment Links,T+2,Yousef Al-Marri,2024-11-16,2024-11-22,2024-12-13,0,2025-07-31,6.0,21.0,1,Churned,2024-11,2024-11,2025.0,1,20241116,20241122,20241213,20250731
644,M00644,SA112481566,Royal Stores,SA,SME,Retail,POS Acceptance,POS Terminal,Instant,Reem Al-Ghamdi,2024-11-16,2024-11-30,2024-12-03,0,2026-06-30,14.0,3.0,1,Active,2024-11,2024-11,2025.0,1,20241116,20241130,20241203,20260630
645,M00645,EG647781107,Metro Outlet 645,EG,SME,Retail,POS Acceptance,POS Terminal,T+2,Mai Ragab,2024-11-20,2024-12-19,2024-12-22,0,2026-06-30,29.0,3.0,1,Active,2024-11,2024-12,2025.0,1,20241120,20241219,20241222,20260630
646,M00646,SA295202841,Pearl Power,SA,B2B,Telecom & Utilities,B2B Collections,Payment Links,Weekly,Reem Al-Ghamdi,2024-11-21,2024-11-29,2024-12-17,0,2025-02-27,8.0,18.0,1,Churned,2024-11,2024-11,2025.0,1,20241121,20241129,20241217,20250227
647,M00647,SA597673425,Golden Roastery 647,SA,SME,Food & Beverage,POS Acceptance,POS Terminal,T+2,Turki Al-Shammari,2024-11-21,2024-12-24,2024-12-24,0,2026-06-29,33.0,0.0,1,Active,2024-11,2024-12,2025.0,1,20241121,20241224,20241224,20260629
648,M00648,SA534389906,Swift Freight,SA,B2B,Logistics,B2B Collections,Direct API,T+1,Reem Al-Ghamdi,2024-11-22,2025-02-15,2025-02-16,0,2026-06-30,85.0,1.0,1,Active,2024-11,2025-02,2025.0,1,20241122,20250215,20250216,20260630
649,M00649,AE143636134,Pearl Movers,AE,B2B,Logistics,B2B Collections,Direct API,Weekly,Yousef Al-Marri,2024-11-23,2025-01-12,2025-01-23,0,2026-06-28,50.0,11.0,1,Active,2024-11,2025-01,2025.0,1,20241123,20250112,20250123,20260628
650,M00650,AE229934676,Pearl Net,AE,B2B,Telecom & Utilities,B2B Collections,Direct API,T+1,Layla Haddad,2024-11-24,2025-02-17,2025-02-23,0,2026-06-29,85.0,6.0,1,Active,2024-11,2025-02,2025.0,1,20241124,20250217,20250223,20260629
651,M00651,EG531121056,Cedar Basket,EG,Online,Unclassified,Online Checkout,Direct API,T+1,Karim Ezzat,2024-11-27,2025-03-12,2025-03-19,0,2025-09-30,105.0,7.0,1,Churned,2024-11,2025-03,2025.0,1,20241127,20250312,20250319,20250930
652,M00652,SA897535524,Sand EdTech,SA,Online,Education,Online Checkout,Direct API,T+2,Reem Al-Ghamdi,2024-11-29,2025-03-14,2025-03-24,0,2026-06-30,105.0,10.0,1,Active,2024-11,2025-03,2025.0,1,20241129,20250314,20250324,20260630
653,M00653,SA165160063,Urban Medical,SA,SME,Healthcare,POS Acceptance,POS Terminal,T+2,Omar Al-Anazi,2024-11-29,2024-12-22,2024-12-23,0,2026-06-29,23.0,1.0,1,Active,2024-11,2024-12,2025.0,1,20241129,20241222,20241223,20260629
654,M00654,EG839904793,Swift Kitchen 654,EG,SME,Food & Beverage,Online Checkout,E-commerce Plugin,T+1,Nadia Fouad,2024-11-29,2024-12-12,2024-12-24,0,2026-06-30,13.0,12.0,1,Active,2024-11,2024-12,2025.0,1,20241129,20241212,20241224,20260630
655,M00655,AE632922055,Golden Wholesale,AE,B2B,Distribution & Wholesale,B2B Collections,Payment Links,T+1,Yousef Al-Marri,2024-11-30,2024-12-08,2024-12-12,0,2026-06-30,8.0,4.0,1,Active,2024-11,2024-12,2025.0,1,20241130,20241208,20241212,20260630
656,M00656,EG662461256,Cedar Pharmacy,EG,SME,Healthcare,Online Checkout,E-commerce Plugin,T+2,Hany Soliman,2024-11-30,,,0,,,,0,Onboarding (not live),2024-11,,,0,20241130,,,
657,M00657,EG707591429,Pearl Outlet,EG,SME,Retail,Payment Links,Payment Links,T+2,Karim Ezzat,2024-11-30,2024-12-06,2024-12-09,0,2026-06-30,6.0,3.0,1,Active,2024-11,2024-12,2025.0,1,20241130,20241206,20241209,20260630
658,M00658,SA284947269,Oasis Trading,SA,B2B,Distribution & Wholesale,Payment Links,Payment Links,Weekly,Reem Al-Ghamdi,2024-12-03,2024-12-10,2024-12-10,0,2026-06-29,7.0,0.0,1,Active,2024-12,2024-12,2025.0,1,20241203,20241210,20241210,20260629
659,M00659,EG944244262,Prime Logistics,EG,B2B,Logistics,B2B Collections,Payment Links,T+1,Hany Soliman,2024-12-03,2024-12-06,2024-12-15,0,2026-06-30,3.0,9.0,1,Active,2024-12,2024-12,2025.0,1,20241203,20241206,20241215,20260630
660,M00660,EG843137256,Sand Cart,EG,Online,E-commerce,Online Checkout,E-commerce Plugin,Instant,Nadia Fouad,2024-12-04,2024-12-11,2024-12-12,0,2026-06-30,7.0,1.0,1,Active,2024-12,2024-12,2025.0,1,20241204,20241211,20241212,20260630
661,M00661,AE473998128,Cedar Apps,AE,Online,Digital Services,Online Checkout,Direct API,T+1,Layla Haddad,2024-12-06,,,0,,,,0,Onboarding (not live),2024-12,,,0,20241206,,,
662,M00662,EG871225734,Cedar Bakery 662,EG,Online,Food & Beverage,Online Checkout,Direct API,T+1,Hany Soliman,2024-12-08,2025-03-11,,0,,93.0,,0,Live - never transacted,2024-12,2025-03,2025.0,1,20241208,20250311,,
663,M00663,SA473783633,Metro Schools,SA,Online,Education,Online Checkout,Direct API,T+2,Omar Al-Anazi,2024-12-11,2025-03-27,2025-04-06,0,2026-06-30,106.0,10.0,1,Active,2024-12,2025-03,2025.0,1,20241211,20250327,20250406,20260630
664,M00664,SA236233076,Urban Tours,SA,Online,Travel & Hospitality,Online Checkout,Direct API,T+2,Reem Al-Ghamdi,2024-12-13,,,0,,,,0,Onboarding (not live),2024-12,,,0,20241213,,,
665,M00665,AE727701879,Green Mart,AE,SME,Retail,POS Acceptance,POS Terminal,T+1,Yousef Al-Marri,2024-12-15,2025-01-15,2025-01-19,0,2026-06-30,31.0,4.0,1,Active,2024-12,2025-01,2025.0,1,20241215,20250115,20250119,20260630
666,M00666,EG783358166,Horizon Grill 666,EG,SME,Food & Beverage,POS Acceptance,POS Terminal,Instant,Karim Ezzat,2024-12-16,2025-01-08,2025-01-12,0,2026-06-30,23.0,4.0,1,Active,2024-12,2025-01,2025.0,1,20241216,20250108,20250112,20260630
667,M00667,SA712951009,Coral Academy,SA,SME,Education,POS Acceptance,POS Terminal,T+2,Omar Al-Anazi,2024-12-17,2025-01-09,2025-01-11,0,2026-06-30,23.0,2.0,1,Active,2024-12,2025-01,2025.0,1,20241217,20250109,20250111,20260630
668,M00668,AE634298413,Sand Roastery 668,AE,SME,Food & Beverage,Payment Links,Payment Links,T+2,Layla Haddad,2024-12-18,2024-12-26,2024-12-28,0,2026-06-30,8.0,2.0,1,Active,2024-12,2024-12,2025.0,1,20241218,20241226,20241228,20260630
669,M00669,OM377214746,Crescent Partners,OM,SME,Professional Services,POS Acceptance,POS Terminal,Instant,Salim Al-Harthy,2024-12-21,2025-01-04,2025-01-17,0,2026-06-29,14.0,13.0,1,Active,2024-12,2025-01,2025.0,1,20241221,20250104,20250117,20260629
670,M00670,SA791415571,Horizon Express,SA,B2B,Logistics,B2B Collections,Payment Links,Weekly,Reem Al-Ghamdi,2024-12-22,2024-12-30,2025-01-01,0,2025-01-30,8.0,2.0,1,Churned,2024-12,2024-12,2025.0,1,20241222,20241230,20250101,20250130
671,M00671,EG720267421,Golden Grill 671,EG,SME,Food & Beverage,POS Acceptance,POS Terminal,Instant,Nadia Fouad,2024-12-23,,,0,,,,0,Onboarding (not live),2024-12,,,0,20241223,,,
672,M00672,SA939182412,Green Grill 672,SA,SME,Food & Beverage,Payment Links,Payment Links,T+1,Turki Al-Shammari,2024-12-26,2025-01-03,2025-02-13,0,2026-06-30,8.0,41.0,0,Active,2024-12,2025-01,2025.0,1,20241226,20250103,20250213,20260630
673,M00673,OM895940388,Zenith Outlet,OM,SME,Retail,Payment Links,Payment Links,T+2,Salim Al-Harthy,2024-12-29,2025-01-05,,0,,7.0,,0,Live - never transacted,2024-12,2025-01,2025.0,1,20241229,20250105,,
674,M00674,AE265367413,Oasis Roastery 674,AE,SME,Food & Beverage,Payment Links,Payment Links,T+2,Yousef Al-Marri,2025-01-01,2025-01-05,2025-01-07,0,2026-06-30,4.0,2.0,1,Active,2025-01,2025-01,2025.0,1,20250101,20250105,20250107,20260630
675,M00675,AE624999065,Swift Cart,AE,Online,E-commerce,Subscriptions,Direct API,T+1,Yousef Al-Marri,2025-01-01,,,0,,,,0,Onboarding (not live),2025-01,,,0,20250101,,,
676,M00676,EG711736356,Prime Cafe 676,EG,SME,Food & Beverage,POS Acceptance,POS Terminal,T+2,Hany Soliman,2025-01-02,,,0,,,,0,Onboarding (not live),2025-01,,,0,20250102,,,
677,M00677,EG631107574,Coral Grill 677,EG,SME,Food & Beverage,Payment Links,Payment Links,Instant,Nadia Fouad,2025-01-03,2025-01-12,2025-01-24,0,2026-06-30,9.0,12.0,1,Active,2025-01,2025-01,2025.0,1,20250103,20250112,20250124,20260630
678,M00678,OM570805252,Palm Travel,OM,Online,Travel & Hospitality,Online Checkout,Direct API,T+2,Salim Al-Harthy,2025-01-05,,,0,,,,0,Onboarding (not live),2025-01,,,0,20250105,,,
679,M00679,EG474518016,Royal Shop,EG,Online,E-commerce,Online Checkout,Hosted Checkout,T+1,Nadia Fouad,2025-01-06,2025-01-26,2025-01-30,0,2026-06-30,20.0,4.0,1,Active,2025-01,2025-01,2025.0,1,20250106,20250126,20250130,20260630
680,M00680,EG645057217,Falcon Deals,EG,Online,E-commerce,Online Checkout,Hosted Checkout,T+1,Mai Ragab,2025-01-07,2025-02-03,2025-02-04,0,2026-06-30,27.0,1.0,1,Active,2025-01,2025-02,2025.0,1,20250107,20250203,20250204,20260630
681,M00681,AE558189150,Oasis Clinics,AE,SME,Healthcare,Payment Links,Payment Links,T+1,Layla Haddad,2025-01-10,2025-01-18,2025-02-08,0,2026-06-30,8.0,21.0,1,Active,2025-01,2025-01,2025.0,1,20250110,20250118,20250208,20260630
682,M00682,SA247609412,Prime Cafe 682,SA,Online,Food & Beverage,Online Checkout,Hosted Checkout,T+1,Omar Al-Anazi,2025-01-11,2025-02-06,2025-02-06,0,2026-06-30,26.0,0.0,1,Active,2025-01,2025-02,2025.0,1,20250111,20250206,20250206,20260630
683,M00683,OM251384670,Horizon Consulting,OM,SME,Professional Services,POS Acceptance,POS Terminal,T+1,Salim Al-Harthy,2025-01-14,2025-02-12,2025-02-14,0,2026-06-30,29.0,2.0,1,Active,2025-01,2025-02,2025.0,1,20250114,20250212,20250214,20260630
684,M00684,SA868774915,Oasis EdTech,SA,SME,Education,Payment Links,Payment Links,T+1,Turki Al-Shammari,2025-01-15,2025-01-19,2025-01-19,0,2026-06-30,4.0,0.0,1,Active,2025-01,2025-01,2025.0,1,20250115,20250119,20250119,20260630
685,M00685,AE827819347,Falcon Kitchen 685,AE,Online,Food & Beverage,Online Checkout,Direct API,T+2,Yousef Al-Marri,2025-01-16,2025-03-06,2025-03-06,0,2026-06-30,49.0,0.0,1,Active,2025-01,2025-03,2025.0,1,20250116,20250306,20250306,20260630
686,M00686,EG897740135,Zenith Games,EG,Online,Digital Services,Online Checkout,Hosted Checkout,T+2,Nadia Fouad,2025-01-17,2025-02-15,2025-02-15,0,2026-06-30,29.0,0.0,1,Active,2025-01,2025-02,2025.0,1,20250117,20250215,20250215,20260630
687,M00687,EG594214015,Sand Roastery 687,EG,SME,Food & Beverage,POS Acceptance,POS Terminal,T+2,Hany Soliman,2025-01-19,2025-02-18,2025-02-18,0,2026-06-30,30.0,0.0,1,Active,2025-01,2025-02,2025.0,1,20250119,20250218,20250218,20260630
688,M00688,AE502481662,Swift Advisory,AE,B2B,Professional Services,B2B Collections,Payment Links,T+1,Yousef Al-Marri,2025-01-20,2025-01-29,2025-02-02,0,2026-06-30,9.0,4.0,1,Active,2025-01,2025-01,2025.0,1,20250120,20250129,20250202,20260630
689,M00689,SA358724361,Royal Bakery 689,SA,SME,Food & Beverage,Payment Links,Payment Links,T+1,Turki Al-Shammari,2025-01-20,2025-01-30,2025-02-14,0,2026-06-30,10.0,15.0,1,Active,2025-01,2025-01,2025.0,1,20250120,20250130,20250214,20260630
690,M00690,EG408005333,Green Traders,EG,B2B,Distribution & Wholesale,B2B Collections,Direct API,Weekly,Hany Soliman,2025-01-20,2025-03-08,2025-03-13,0,2026-06-30,47.0,5.0,1,Active,2025-01,2025-03,2025.0,1,20250120,20250308,20250313,20260630
691,M00691,EG608887054,Amber Traders,EG,B2B,Distribution & Wholesale,B2B Collections,Direct API,Weekly,Nadia Fouad,2025-01-20,2025-03-06,2025-03-09,0,2026-06-29,45.0,3.0,1,Active,2025-01,2025-03,2025.0,1,20250120,20250306,20250309,20260629
692,M00692,AE410140017,Sand Connect,AE,Enterprise,Telecom & Utilities,Payment Links,Payment Links,T+2,Layla Haddad,2025-01-22,2025-02-01,2025-02-04,0,2026-06-30,10.0,3.0,1,Active,2025-01,2025-02,2025.0,1,20250122,20250201,20250204,20260630
693,M00693,SA811026603,Prime Clinics,SA,SME,Healthcare,POS Acceptance,POS Terminal,T+2,Reem Al-Ghamdi,2025-01-22,2025-02-14,2025-02-16,0,2026-06-30,23.0,2.0,1,Active,2025-01,2025-02,2025.0,1,20250122,20250214,20250216,20260630
694,M00694,SA816274059,Blue Grill 694,SA,SME,Food & Beverage,POS Acceptance,POS Terminal,T+1,Omar Al-Anazi,2025-01-22,2025-02-07,,0,,16.0,,0,Live - never transacted,2025-01,2025-02,2025.0,1,20250122,20250207,,
695,M00695,AE891480332,Sand Online,AE,Online,E-commerce,Online Checkout,Direct API,T+1,Layla Haddad,2025-01-22,,,0,,,,0,Onboarding (not live),2025-01,,,0,20250122,,,
696,M00696,OM645445112,Cedar Labs,OM,SME,Healthcare,POS Acceptance,POS Terminal,Instant,Salim Al-Harthy,2025-01-23,2025-02-16,,0,,24.0,,0,Live - never transacted,2025-01,2025-02,2025.0,1,20250123,20250216,,
697,M00697,EG883484273,Blue Distribution,EG,B2B,Distribution & Wholesale,B2B Collections,Payment Links,Weekly,Mai Ragab,2025-01-24,2025-01-29,2025-02-06,0,2026-06-30,5.0,8.0,1,Active,2025-01,2025-01,2025.0,1,20250124,20250129,20250206,20260630
698,M00698,SA605999505,Coral Basket,SA,Enterprise,E-commerce,Online Checkout,Direct API,T+1,Turki Al-Shammari,2025-01-25,2025-04-14,2025-04-22,0,2025-11-30,79.0,8.0,1,Churned,2025-01,2025-04,2025.0,1,20250125,20250414,20250422,20251130
699,M00699,SA122822556,Nova Cafe 699,SA,SME,Food & Beverage,POS Acceptance,POS Terminal,T+2,Reem Al-Ghamdi,2025-01-25,2025-02-26,2025-03-05,0,2026-06-30,32.0,7.0,1,Active,2025-01,2025-02,2025.0,1,20250125,20250226,20250305,20260630
700,M00700,EG707758852,Bright Mart,EG,SME,Retail,POS Acceptance,POS Terminal,T+2,Karim Ezzat,2025-01-31,2025-03-07,2025-03-11,0,2026-06-30,35.0,4.0,1,Active,2025-01,2025-03,2025.0,1,20250131,20250307,20250311,20260630
701,M00701,EG735951857,Zenith Stores 701,EG,SME,Retail,POS Acceptance,POS Terminal,T+1,Hany Soliman,2025-02-01,2025-03-06,2025-03-07,0,2025-07-31,33.0,1.0,1,Churned,2025-02,2025-03,2025.0,1,20250201,20250306,20250307,20250731
702,M00702,EG786386215,Golden Care,EG,SME,Healthcare,POS Acceptance,POS Terminal,Instant,Hany Soliman,2025-02-01,2025-02-26,2025-03-03,0,2026-06-30,25.0,5.0,1,Active,2025-02,2025-02,2025.0,1,20250201,20250226,20250303,20260630
703,M00703,AE779501806,Horizon Institute,AE,Online,Education,Online Checkout,Direct API,T+1,Layla Haddad,2025-02-10,2025-05-26,2025-06-04,0,2026-02-28,105.0,9.0,1,Churned,2025-02,2025-05,2025.0,1,20250210,20250526,20250604,20260228
704,M00704,AE859143846,Pearl Learning,AE,Online,Education,Online Checkout,Direct API,T+2,Yousef Al-Marri,2025-02-10,2025-05-05,2025-05-11,0,2026-06-30,84.0,6.0,1,Active,2025-02,2025-05,2025.0,1,20250210,20250505,20250511,20260630
705,M00705,SA865588306,Crescent Market 705,SA,SME,Retail,POS Acceptance,POS Terminal,T+2,Turki Al-Shammari,2025-02-11,2025-03-06,2025-03-12,0,2026-06-30,23.0,6.0,1,Active,2025-02,2025-03,2025.0,1,20250211,20250306,20250312,20260630
706,M00706,SA385404287,Palm Streaming,SA,Online,Digital Services,Online Checkout,Hosted Checkout,T+1,Omar Al-Anazi,2025-02-11,2025-02-26,2025-02-28,0,2026-06-30,15.0,2.0,1,Active,2025-02,2025-02,2025.0,1,20250211,20250226,20250228,20260630
707,M00707,OM697006312,Royal Kitchen 707,OM,SME,Food & Beverage,Payment Links,Payment Links,T+2,Salim Al-Harthy,2025-02-16,2025-02-23,,0,,7.0,,0,Live - never transacted,2025-02,2025-02,2025.0,1,20250216,20250223,,
708,M00708,EG614572570,Royal Learning,EG,Online,Education,Online Checkout,Direct API,T+2,Mai Ragab,2025-02-18,2025-03-25,2025-03-27,0,2026-06-30,35.0,2.0,1,Active,2025-02,2025-03,2025.0,1,20250218,20250325,20250327,20260630
709,M00709,SA732202482,Falcon Grill 709,SA,Online,Food & Beverage,Online Checkout,Direct API,T+1,Turki Al-Shammari,2025-02-20,2025-05-15,2025-05-28,0,2026-06-30,84.0,13.0,1,Active,2025-02,2025-05,2025.0,1,20250220,20250515,20250528,20260630
710,M00710,EG470401998,Golden Hotels,EG,Online,Travel & Hospitality,Online Checkout,E-commerce Plugin,T+2,Nadia Fouad,2025-02-22,2025-03-17,2025-03-18,0,2025-04-30,23.0,1.0,1,Churned,2025-02,2025-03,2025.0,1,20250222,20250317,20250318,20250430
711,M00711,OM486301998,Silver Cafe 711,OM,SME,Food & Beverage,Payment Links,Payment Links,T+2,Salim Al-Harthy,2025-02-23,2025-02-27,2025-03-04,0,2026-06-30,4.0,5.0,1,Active,2025-02,2025-02,2025.0,1,20250223,20250227,20250304,20260630
712,M00712,SA461496308,Palm Express,SA,B2B,Logistics,Payment Links,Payment Links,T+1,Omar Al-Anazi,2025-02-23,2025-02-28,,0,,5.0,,0,Live - never transacted,2025-02,2025-02,2025.0,1,20250223,20250228,,
713,M00713,AE244784158,Golden Stays,AE,Online,Travel & Hospitality,Subscriptions,Direct API,T+2,Yousef Al-Marri,2025-02-23,2025-05-07,,0,,73.0,,0,Live - never transacted,2025-02,2025-05,2025.0,1,20250223,20250507,,
714,M00714,SA407393102,Royal Bakery 714,SA,SME,Food & Beverage,Payment Links,Payment Links,Instant,Omar Al-Anazi,2025-02-27,2025-03-01,2025-03-01,0,2026-06-30,2.0,0.0,1,Active,2025-02,2025-03,2025.0,1,20250227,20250301,20250301,20260630
715,M00715,EG342246625,Palm Services,EG,SME,Professional Services,Payment Links,Payment Links,T+2,Hany Soliman,2025-02-27,2025-03-05,2025-03-21,0,2026-06-29,6.0,16.0,1,Active,2025-02,2025-03,2025.0,1,20250227,20250305,20250321,20260629
716,M00716,AE548451543,Bright Bakery 716,AE,SME,Food & Beverage,Payment Links,Payment Links,T+1,Yousef Al-Marri,2025-03-01,2025-03-06,2025-03-21,0,2026-06-30,5.0,15.0,1,Active,2025-03,2025-03,2025.0,1,20250301,20250306,20250321,20260630
717,M00717,SA818206797,Silver Stores 717,SA,SME,Retail,POS Acceptance,POS Terminal,T+1,Omar Al-Anazi,2025-03-02,2025-03-16,2025-03-18,0,2026-06-30,14.0,2.0,1,Active,2025-03,2025-03,2025.0,1,20250302,20250316,20250318,20260630
718,M00718,SA647753119,Cedar Boutique 718,SA,SME,Retail,POS Acceptance,POS Terminal,T+2,Omar Al-Anazi,2025-03-03,2025-03-16,2025-03-17,0,2026-06-30,13.0,1.0,1,Active,2025-03,2025-03,2025.0,1,20250303,20250316,20250317,20260630
719,M00719,AE581665247,Blue Legal,AE,SME,Professional Services,Payment Links,Payment Links,T+1,Layla Haddad,2025-03-05,2025-03-15,,0,,10.0,,0,Live - never transacted,2025-03,2025-03,2025.0,1,20250305,20250315,,
720,M00720,EG577212501,Silver Roastery 720,EG,SME,Food & Beverage,POS Acceptance,POS Terminal,T+2,Nadia Fouad,2025-03-08,2025-03-24,2025-03-26,0,2026-06-30,16.0,2.0,1,Active,2025-03,2025-03,2025.0,1,20250308,20250324,20250326,20260630
721,M00721,AE132301545,Royal Online,AE,Online,E-commerce,Subscriptions,Direct API,T+2,Yousef Al-Marri,2025-03-11,2025-06-08,2025-06-09,0,2026-06-30,89.0,1.0,1,Active,2025-03,2025-06,2025.0,1,20250311,20250608,20250609,20260630
722,M00722,EG963669023,Amber Bakery 722,EG,SME,Food & Beverage,Online Checkout,Hosted Checkout,T+2,Karim Ezzat,2025-03-15,2025-04-04,,0,,20.0,,0,Live - never transacted,2025-03,2025-04,2025.0,1,20250315,20250404,,
723,M00723,AE642764712,Amber Freight,AE,B2B,Logistics,B2B Collections,Payment Links,Weekly,Layla Haddad,2025-03-16,2025-03-23,2025-03-26,0,2026-06-30,7.0,3.0,1,Active,2025-03,2025-03,2025.0,1,20250316,20250323,20250326,20260630
724,M00724,SA174215481,Coral Shop 724,SA,Online,E-commerce,Online Checkout,Direct API,T+1,Turki Al-Shammari,2025-03-17,2025-06-18,2025-06-18,0,2026-06-30,93.0,0.0,1,Active,2025-03,2025-06,2025.0,1,20250317,20250618,20250618,20260630
725,M00725,EG714930904,Sand Supply,EG,B2B,Distribution & Wholesale,B2B Collections,Direct API,T+1,Nadia Fouad,2025-03-17,2025-06-08,2025-06-08,0,2026-06-25,83.0,0.0,1,Active,2025-03,2025-06,2025.0,1,20250317,20250608,20250608,20260625
726,M00726,AE755938199,Metro Hotels,AE,Online,Travel & Hospitality,Subscriptions,Direct API,T+1,Yousef Al-Marri,2025-03-18,2025-05-06,2025-05-14,0,2026-06-30,49.0,8.0,1,Active,2025-03,2025-05,2025.0,1,20250318,20250506,20250514,20260630
727,M00727,AE274153176,Metro Stays,AE,Online,Travel & Hospitality,Online Checkout,Hosted Checkout,T+2,Yousef Al-Marri,2025-03-19,2025-04-20,2025-05-21,0,2026-06-30,32.0,31.0,0,Active,2025-03,2025-04,2025.0,1,20250319,20250420,20250521,20260630
728,M00728,AE117482517,Palm Deals 728,AE,Online,E-commerce,Online Checkout,Direct API,Instant,Yousef Al-Marri,2025-03-19,,,0,,,,0,Onboarding (not live),2025-03,,,0,20250319,,,
729,M00729,AE248835332,Palm Online 729,AE,Online,E-commerce,Online Checkout,Hosted Checkout,T+2,Yousef Al-Marri,2025-03-20,2025-04-28,,0,,39.0,,0,Live - never transacted,2025-03,2025-04,2025.0,1,20250320,20250428,,
730,M00730,AE389040029,Golden Distribution,AE,B2B,Distribution & Wholesale,B2B Collections,Payment Links,Weekly,Yousef Al-Marri,2025-03-20,,,0,,,,0,Onboarding (not live),2025-03,,,0,20250320,,,
731,M00731,EG144775218,Coral Freight,EG,B2B,Logistics,B2B Collections,Direct API,T+1,Hany Soliman,2025-03-22,,,0,,,,0,Onboarding (not live),2025-03,,,0,20250322,,,
732,M00732,SA447120771,Metro Legal,SA,SME,Professional Services,Payment Links,Payment Links,T+2,Omar Al-Anazi,2025-03-23,2025-03-28,2025-04-10,0,2026-06-30,5.0,13.0,1,Active,2025-03,2025-03,2025.0,1,20250323,20250328,20250410,20260630
733,M00733,EG546754192,Falcon Mart 733,EG,Enterprise,Retail,Online Checkout,Direct API,T+2,Karim Ezzat,2025-03-24,2025-05-28,2025-05-30,0,2025-05-31,65.0,2.0,1,Churned,2025-03,2025-05,2025.0,1,20250324,20250528,20250530,20250531
734,M00734,EG861848123,Amber Mart 734,EG,SME,Retail,Payment Links,Payment Links,Instant,Nadia Fouad,2025-03-24,2025-03-30,2025-04-09,0,2026-06-30,6.0,10.0,1,Active,2025-03,2025-03,2025.0,1,20250324,20250330,20250409,20260630
735,M00735,EG275445878,Pearl Market 735,EG,SME,Retail,POS Acceptance,POS Terminal,Instant,Hany Soliman,2025-03-26,2025-04-23,2025-04-23,0,2026-06-30,28.0,0.0,1,Active,2025-03,2025-04,2025.0,1,20250326,20250423,20250423,20260630
736,M00736,SA289229597,Cedar Partners,SA,SME,Professional Services,Payment Links,Payment Links,T+2,Reem Al-Ghamdi,2025-03-26,2025-04-03,2025-04-04,0,2026-06-30,8.0,1.0,1,Active,2025-03,2025-04,2025.0,1,20250326,20250403,20250404,20260630
737,M00737,AE295967621,Crescent Basket 737,AE,Online,E-commerce,Online Checkout,E-commerce Plugin,T+1,Layla Haddad,2025-03-29,2025-04-03,2025-05-23,0,2026-06-30,5.0,50.0,0,Active,2025-03,2025-04,2025.0,1,20250329,20250403,20250523,20260630
738,M00738,SA596495663,Nova Cloud,SA,Online,Digital Services,Subscriptions,Direct API,Instant,Omar Al-Anazi,2025-03-31,2025-06-13,2025-07-05,0,2026-06-30,74.0,22.0,1,Active,2025-03,2025-06,2025.0,1,20250331,20250613,20250705,20260630
739,M00739,SA886598559,Cedar Online 739,SA,Online,E-commerce,Online Checkout,Direct API,T+1,Turki Al-Shammari,2025-04-01,2025-05-11,2025-05-11,0,2026-06-30,40.0,0.0,1,Active,2025-04,2025-05,2025.0,1,20250401,20250511,20250511,20260630
740,M00740,SA848487072,Zenith Journeys,SA,Enterprise,Travel & Hospitality,Online Checkout,Direct API,T+2,Turki Al-Shammari,2025-04-01,2025-06-12,2025-06-14,0,2026-05-31,72.0,2.0,1,Active,2025-04,2025-06,2025.0,1,20250401,20250612,20250614,20260531
741,M00741,EG771551439,Crescent Supply,EG,B2B,Unclassified,B2B Collections,Direct API,T+1,Nadia Fouad,2025-04-02,2025-07-24,2025-07-29,0,2026-06-30,113.0,5.0,1,Active,2025-04,2025-07,2026.0,1,20250402,20250724,20250729,20260630
742,M00742,SA552501231,Nova Hotels,SA,Online,Travel & Hospitality,Subscriptions,Direct API,T+1,Reem Al-Ghamdi,2025-04-04,2025-07-03,2025-07-07,0,2026-06-30,90.0,4.0,1,Active,2025-04,2025-07,2026.0,1,20250404,20250703,20250707,20260630
743,M00743,SA696833214,Crescent Shop 743,SA,Online,E-commerce,Online Checkout,Direct API,Instant,Omar Al-Anazi,2025-04-04,2025-06-12,2025-06-15,0,2026-06-30,69.0,3.0,1,Active,2025-04,2025-06,2025.0,1,20250404,20250612,20250615,20260630
744,M00744,AE655884055,Silver Schools,AE,Online,Education,Online Checkout,Direct API,Instant,Layla Haddad,2025-04-05,,,0,,,,0,Onboarding (not live),2025-04,,,0,20250405,,,
745,M00745,EG154810799,Amber Outlet 745,EG,SME,Retail,POS Acceptance,POS Terminal,Instant,Karim Ezzat,2025-04-08,2025-04-27,2025-04-29,0,2026-06-30,19.0,2.0,1,Active,2025-04,2025-04,2025.0,1,20250408,20250427,20250429,20260630
746,M00746,SA200244788,Cedar Games,SA,Online,Digital Services,Subscriptions,Direct API,T+2,Reem Al-Ghamdi,2025-04-10,2025-07-11,2025-07-15,0,2026-06-30,92.0,4.0,1,Active,2025-04,2025-07,2026.0,1,20250410,20250711,20250715,20260630
747,M00747,AE107661633,Silver Basket 747,AE,Online,E-commerce,Online Checkout,Direct API,T+2,Layla Haddad,2025-04-10,2025-07-03,2025-07-09,0,2026-06-30,84.0,6.0,1,Active,2025-04,2025-07,2026.0,1,20250410,20250703,20250709,20260630
748,M00748,AE595956042,Metro Shop 748,AE,Online,E-commerce,Online Checkout,Direct API,T+2,Yousef Al-Marri,2025-04-10,2025-07-16,2025-07-18,0,2026-06-30,97.0,2.0,1,Active,2025-04,2025-07,2026.0,1,20250410,20250716,20250718,20260630
749,M00749,EG788681599,Amber EdTech,EG,Online,Education,Online Checkout,Direct API,Instant,Mai Ragab,2025-04-11,2025-07-18,2025-08-09,0,2026-06-30,98.0,22.0,1,Active,2025-04,2025-07,2026.0,1,20250411,20250718,20250809,20260630
750,M00750,EG711763863,Cedar Roastery 750,EG,SME,Food & Beverage,POS Acceptance,POS Terminal,T+2,Mai Ragab,2025-04-11,2025-05-08,2025-05-10,0,2025-11-30,27.0,2.0,1,Churned,2025-04,2025-05,2025.0,1,20250411,20250508,20250510,20251130
751,M00751,SA382289892,Cedar Online 751,SA,Online,E-commerce,Online Checkout,Direct API,T+2,Omar Al-Anazi,2025-04-11,2025-05-15,2025-05-22,0,2026-06-30,34.0,7.0,1,Active,2025-04,2025-05,2025.0,1,20250411,20250515,20250522,20260630
752,M00752,SA393227273,Prime Kitchen 752,SA,Enterprise,Food & Beverage,POS Acceptance,POS Terminal,Weekly,Reem Al-Ghamdi,2025-04-13,2025-05-12,,0,,29.0,,0,Live - never transacted,2025-04,2025-05,2025.0,1,20250413,20250512,,
753,M00753,EG166348157,Swift Services,EG,SME,Professional Services,Payment Links,Payment Links,T+2,Karim Ezzat,2025-04-15,2025-04-25,,0,,10.0,,0,Live - never transacted,2025-04,2025-04,2025.0,1,20250415,20250425,,
754,M00754,EG244579582,Silver Distribution,EG,B2B,Distribution & Wholesale,B2B Collections,Direct API,T+1,Mai Ragab,2025-04-16,2025-07-10,2025-07-15,0,2026-06-29,85.0,5.0,1,Active,2025-04,2025-07,2026.0,1,20250416,20250710,20250715,20260629
755,M00755,SA901680809,Crescent Academy,SA,SME,Education,Payment Links,Payment Links,T+1,Omar Al-Anazi,2025-04-20,2025-04-26,2025-05-14,0,2026-06-29,6.0,18.0,1,Active,2025-04,2025-04,2025.0,1,20250420,20250426,20250514,20260629
756,M00756,SA241226283,Crescent Legal,SA,B2B,Professional Services,B2B Collections,Direct API,Weekly,Omar Al-Anazi,2025-04-22,2025-06-15,2025-06-16,0,2026-06-29,54.0,1.0,1,Active,2025-04,2025-06,2025.0,1,20250422,20250615,20250616,20260629
757,M00757,AE467155530,Cedar EdTech,AE,SME,Education,Online Checkout,Hosted Checkout,T+1,Layla Haddad,2025-04-22,2025-05-19,2025-05-20,0,2026-06-28,27.0,1.0,1,Active,2025-04,2025-05,2025.0,1,20250422,20250519,20250520,20260628
758,M00758,SA227757131,Zenith Grill 758,SA,SME,Food & Beverage,Payment Links,Payment Links,T+2,Omar Al-Anazi,2025-04-27,2025-05-02,,0,,5.0,,0,Live - never transacted,2025-04,2025-05,2025.0,1,20250427,20250502,,
759,M00759,AE518894994,Nova Cafe 759,AE,Enterprise,Food & Beverage,Payment Links,Payment Links,T+1,Layla Haddad,2025-04-27,2025-04-29,2025-05-06,0,2026-06-30,2.0,7.0,1,Active,2025-04,2025-04,2025.0,1,20250427,20250429,20250506,20260630
760,M00760,OM371938797,Cedar Bakery 760,OM,Enterprise,Food & Beverage,Online Checkout,Direct API,T+1,Salim Al-Harthy,2025-04-29,2025-08-19,2025-08-26,0,2026-06-30,112.0,7.0,1,Active,2025-04,2025-08,2026.0,1,20250429,20250819,20250826,20260630
761,M00761,SA726680999,Silver Roastery 761,SA,SME,Food & Beverage,POS Acceptance,POS Terminal,T+2,Omar Al-Anazi,2025-04-30,2025-06-02,2025-06-02,0,2026-06-30,33.0,0.0,1,Active,2025-04,2025-06,2025.0,1,20250430,20250602,20250602,20260630
762,M00762,AE201707915,Nova Roastery 762,AE,SME,Food & Beverage,Payment Links,Payment Links,T+2,Layla Haddad,2025-05-01,2025-05-09,2025-05-10,0,2026-06-29,8.0,1.0,1,Active,2025-05,2025-05,2025.0,1,20250501,20250509,20250510,20260629
763,M00763,EG292925935,Bright Basket 763,EG,Online,E-commerce,Subscriptions,Direct API,T+2,Karim Ezzat,2025-05-02,2025-06-10,2025-06-14,0,2026-06-30,39.0,4.0,1,Active,2025-05,2025-06,2025.0,1,20250502,20250610,20250614,20260630
764,M00764,OM436896345,Sand Cafe 764,OM,SME,Food & Beverage,POS Acceptance,POS Terminal,T+2,Salim Al-Harthy,2025-05-02,2025-06-05,2025-06-16,0,2026-06-30,34.0,11.0,1,Active,2025-05,2025-06,2025.0,1,20250502,20250605,20250616,20260630
765,M00765,SA806929470,Nova Learning,SA,SME,Education,POS Acceptance,POS Terminal,T+1,Turki Al-Shammari,2025-05-04,2025-05-18,2025-05-20,0,2026-06-30,14.0,2.0,1,Active,2025-05,2025-05,2025.0,1,20250504,20250518,20250520,20260630
766,M00766,SA561553381,Pearl Legal,SA,SME,Professional Services,Online Checkout,Hosted Checkout,T+2,Omar Al-Anazi,2025-05-04,,,0,,,,0,Onboarding (not live),2025-05,,,0,20250504,,,
767,M00767,EG422365719,Pearl Partners,EG,SME,Professional Services,POS Acceptance,POS Terminal,T+1,Karim Ezzat,2025-05-05,2025-05-28,2025-06-06,0,2026-06-30,23.0,9.0,1,Active,2025-05,2025-05,2025.0,1,20250505,20250528,20250606,20260630
768,M00768,EG576244470,Bright Games,EG,Online,Digital Services,Online Checkout,Direct API,T+2,Mai Ragab,2025-05-06,2025-06-07,2025-06-09,0,2025-08-31,32.0,2.0,1,Churned,2025-05,2025-06,2025.0,1,20250506,20250607,20250609,20250831
769,M00769,SA419800769,Metro Roastery 769,SA,SME,Food & Beverage,Online Checkout,Hosted Checkout,T+2,Turki Al-Shammari,2025-05-08,2025-06-02,2025-06-03,0,2026-06-30,25.0,1.0,1,Active,2025-05,2025-06,2025.0,1,20250508,20250602,20250603,20260630
770,M00770,OM688926128,Palm Net,OM,Enterprise,Telecom & Utilities,Online Checkout,Hosted Checkout,T+1,Salim Al-Harthy,2025-05-08,2025-06-06,2025-06-12,0,2026-06-30,29.0,6.0,1,Active,2025-05,2025-06,2025.0,1,20250508,20250606,20250612,20260630
771,M00771,AE333118951,Metro Market 771,AE,SME,Retail,POS Acceptance,POS Terminal,T+1,Layla Haddad,2025-05-08,2025-05-30,2025-06-01,0,2026-06-30,22.0,2.0,1,Active,2025-05,2025-05,2025.0,1,20250508,20250530,20250601,20260630
772,M00772,OM377293460,Sand Basket 772,OM,Online,E-commerce,Online Checkout,E-commerce Plugin,T+2,Salim Al-Harthy,2025-05-08,2025-05-28,2025-05-30,0,2026-06-30,20.0,2.0,1,Active,2025-05,2025-05,2025.0,1,20250508,20250528,20250530,20260630
773,M00773,SA396263603,Green Online 773,SA,Online,E-commerce,Subscriptions,Direct API,T+2,Omar Al-Anazi,2025-05-08,2025-08-30,,0,,114.0,,0,Live - never transacted,2025-05,2025-08,2026.0,1,20250508,20250830,,
774,M00774,AE545364971,Prime Market 774,AE,SME,Retail,POS Acceptance,POS Terminal,T+2,Layla Haddad,2025-05-10,2025-05-24,2025-05-26,0,2026-06-28,14.0,2.0,1,Active,2025-05,2025-05,2025.0,1,20250510,20250524,20250526,20260628
775,M00775,EG723843125,Amber Digital,EG,Online,Digital Services,Online Checkout,Direct API,T+2,Nadia Fouad,2025-05-10,2025-06-14,2025-06-17,0,2026-06-30,35.0,3.0,1,Active,2025-05,2025-06,2025.0,1,20250510,20250614,20250617,20260630
776,M00776,EG271950140,Zenith Boutique 776,EG,SME,Retail,Payment Links,Payment Links,T+2,Karim Ezzat,2025-05-10,2025-05-15,2025-05-22,0,2026-06-30,5.0,7.0,1,Active,2025-05,2025-05,2025.0,1,20250510,20250515,20250522,20260630
777,M00777,AE786280232,Blue Freight,AE,B2B,Logistics,B2B Collections,Payment Links,Weekly,Yousef Al-Marri,2025-05-10,2025-05-18,2025-06-23,0,2026-05-28,8.0,36.0,0,Dormant,2025-05,2025-05,2025.0,1,20250510,20250518,20250623,20260528
778,M00778,EG144615489,Prime Grill 778,EG,SME,Food & Beverage,POS Acceptance,POS Terminal,T+2,Mai Ragab,2025-05-11,2025-06-08,2025-06-08,0,2026-06-29,28.0,0.0,1,Active,2025-05,2025-06,2025.0,1,20250511,20250608,20250608,20260629
779,M00779,SA605409640,Pearl Stores 779,SA,SME,Retail,Payment Links,Payment Links,T+2,Omar Al-Anazi,2025-05-11,2025-05-13,2025-06-04,0,2026-06-30,2.0,22.0,1,Active,2025-05,2025-05,2025.0,1,20250511,20250513,20250604,20260630
780,M00780,EG740706106,Urban Travel,EG,Online,Travel & Hospitality,Online Checkout,Direct API,T+2,Karim Ezzat,2025-05-13,2025-08-12,2025-08-19,0,2026-06-30,91.0,7.0,1,Active,2025-05,2025-08,2026.0,1,20250513,20250812,20250819,20260630
781,M00781,AE273918504,Palm Apps,AE,Online,Digital Services,Online Checkout,E-commerce Plugin,T+2,Layla Haddad,2025-05-18,2025-05-27,2025-06-02,0,2026-06-30,9.0,6.0,1,Active,2025-05,2025-05,2025.0,1,20250518,20250527,20250602,20260630
782,M00782,OM221133708,Bright Outlet 782,OM,SME,Retail,POS Acceptance,POS Terminal,T+1,Salim Al-Harthy,2025-05-20,2025-06-22,2025-06-26,0,2026-06-30,33.0,4.0,1,Active,2025-05,2025-06,2025.0,1,20250520,20250622,20250626,20260630
783,M00783,SA382347763,Coral Online 783,SA,Online,E-commerce,Subscriptions,Direct API,T+1,Turki Al-Shammari,2025-05-21,,,0,,,,0,Onboarding (not live),2025-05,,,0,20250521,,,
784,M00784,AE145480560,Bright Cloud,AE,Online,Unclassified,Subscriptions,Direct API,T+1,Layla Haddad,2025-05-26,,,0,,,,0,Onboarding (not live),2025-05,,,0,20250526,,,
785,M00785,OM433175041,Sand Labs,OM,SME,Healthcare,Online Checkout,Direct API,T+2,Salim Al-Harthy,2025-05-26,,,0,,,,0,Onboarding (not live),2025-05,,,0,20250526,,,
786,M00786,AE913123490,Metro Advisory,AE,SME,Professional Services,Payment Links,Payment Links,T+1,Yousef Al-Marri,2025-05-26,2025-06-03,,0,,8.0,,0,Live - never transacted,2025-05,2025-06,2025.0,1,20250526,20250603,,
787,M00787,AE292707167,Zenith Online 787,AE,Enterprise,E-commerce,POS Acceptance,POS Terminal,T+1,Layla Haddad,2025-05-26,2025-06-24,,0,,29.0,,0,Live - never transacted,2025-05,2025-06,2025.0,1,20250526,20250624,,
788,M00788,OM299792062,Oasis Online 788,OM,Online,E-commerce,Online Checkout,Hosted Checkout,T+2,Salim Al-Harthy,2025-05-27,,,0,,,,0,Onboarding (not live),2025-05,,,0,20250527,,,
789,M00789,AE617017126,Palm Legal,AE,SME,Professional Services,POS Acceptance,POS Terminal,Instant,Layla Haddad,2025-05-28,2025-07-01,2025-07-05,0,2026-03-31,34.0,4.0,1,Churned,2025-05,2025-07,2026.0,1,20250528,20250701,20250705,20260331
790,M00790,EG125693032,Blue Kitchen 790,EG,SME,Food & Beverage,Online Checkout,Direct API,Instant,Karim Ezzat,2025-05-28,2025-07-06,2025-07-12,0,2026-06-30,39.0,6.0,1,Active,2025-05,2025-07,2026.0,1,20250528,20250706,20250712,20260630
791,M00791,EG389371308,Sand Shop 791,EG,Online,E-commerce,Online Checkout,Hosted Checkout,T+1,Karim Ezzat,2025-06-01,2025-07-10,2025-07-13,0,2026-06-30,39.0,3.0,1,Active,2025-06,2025-07,2026.0,1,20250601,20250710,20250713,20260630
792,M00792,SA955449063,Cedar Roastery 792,SA,SME,Food & Beverage,Payment Links,Payment Links,T+1,Turki Al-Shammari,2025-06-01,2025-06-06,2025-06-19,0,2026-06-30,5.0,13.0,1,Active,2025-06,2025-06,2025.0,1,20250601,20250606,20250619,20260630
793,M00793,OM933600305,Blue Partners,OM,SME,Professional Services,POS Acceptance,POS Terminal,Instant,Salim Al-Harthy,2025-06-01,2025-06-22,2025-06-24,0,2026-06-29,21.0,2.0,1,Active,2025-06,2025-06,2025.0,1,20250601,20250622,20250624,20260629
794,M00794,SA856834042,Silver Boutique 794,SA,SME,Retail,Payment Links,Payment Links,T+2,Omar Al-Anazi,2025-06-02,2025-06-05,2025-06-10,0,2026-06-30,3.0,5.0,1,Active,2025-06,2025-06,2025.0,1,20250602,20250605,20250610,20260630
795,M00795,EG336915801,Cedar Roastery 795,EG,SME,Food & Beverage,Online Checkout,Direct API,T+1,Nadia Fouad,2025-06-04,2025-08-22,2025-08-22,1,2026-06-29,79.0,0.0,1,Active,2025-06,2025-08,2026.0,1,20250604,20250822,20250822,20260629
796,M00796,SA220762380,Crescent Power,SA,B2B,Telecom & Utilities,B2B Collections,Payment Links,T+1,Omar Al-Anazi,2025-06-04,2025-06-07,2025-06-16,0,2026-06-30,3.0,9.0,1,Active,2025-06,2025-06,2025.0,1,20250604,20250607,20250616,20260630
797,M00797,EG453339370,Metro Services,EG,SME,Professional Services,POS Acceptance,POS Terminal,T+1,Karim Ezzat,2025-06-04,2025-06-22,2025-06-29,0,2026-06-29,18.0,7.0,1,Active,2025-06,2025-06,2025.0,1,20250604,20250622,20250629,20260629
798,M00798,SA743288037,Bright Connect,SA,B2B,Telecom & Utilities,B2B Collections,Payment Links,T+1,Turki Al-Shammari,2025-06-06,,,0,,,,0,Onboarding (not live),2025-06,,,0,20250606,,,
799,M00799,AE439271848,Metro Traders,AE,B2B,Distribution & Wholesale,Payment Links,Payment Links,Weekly,Yousef Al-Marri,2025-06-07,2025-06-12,,0,,5.0,,0,Live - never transacted,2025-06,2025-06,2025.0,1,20250607,20250612,,
800,M00800,EG150005962,Pearl Cafe 800,EG,Online,Food & Beverage,Online Checkout,E-commerce Plugin,T+2,Nadia Fouad,2025-06-07,2025-06-18,2025-06-18,0,2026-06-30,11.0,0.0,1,Active,2025-06,2025-06,2025.0,1,20250607,20250618,20250618,20260630
801,M00801,EG286749405,Metro Boutique 801,EG,SME,Retail,Online Checkout,Direct API,T+1,Mai Ragab,2025-06-09,,,0,,,,0,Onboarding (not live),2025-06,,,0,20250609,,,
802,M00802,EG646018463,Silver Streaming,EG,Online,Digital Services,Online Checkout,Direct API,T+2,Hany Soliman,2025-06-09,,,0,,,,0,Onboarding (not live),2025-06,,,0,20250609,,,
803,M00803,EG345985720,Amber Basket 803,EG,Online,E-commerce,Subscriptions,Direct API,T+2,Hany Soliman,2025-06-10,2025-10-01,2025-10-17,0,2026-06-30,113.0,16.0,1,Active,2025-06,2025-10,2026.0,1,20250610,20251001,20251017,20260630
804,M00804,AE547591847,Silver Basket 804,AE,Online,E-commerce,Online Checkout,E-commerce Plugin,T+2,Yousef Al-Marri,2025-06-12,2025-06-27,2025-07-01,0,2026-06-30,15.0,4.0,1,Active,2025-06,2025-06,2025.0,1,20250612,20250627,20250701,20260630
805,M00805,EG895075137,Bright Telecom,EG,B2B,Telecom & Utilities,B2B Collections,Payment Links,T+1,Hany Soliman,2025-06-14,2025-06-17,2025-06-23,0,2026-06-24,3.0,6.0,1,Active,2025-06,2025-06,2025.0,1,20250614,20250617,20250623,20260624
806,M00806,SA687319923,Swift EdTech,SA,Enterprise,Education,Online Checkout,Hosted Checkout,T+2,Turki Al-Shammari,2025-06-15,2025-07-07,2025-07-07,0,2026-06-30,22.0,0.0,1,Active,2025-06,2025-07,2026.0,1,20250615,20250707,20250707,20260630
807,M00807,EG817160608,Oasis Cafe 807,EG,SME,Food & Beverage,POS Acceptance,POS Terminal,Instant,Mai Ragab,2025-06-15,2025-07-15,2025-07-16,0,2026-06-30,30.0,1.0,1,Active,2025-06,2025-07,2026.0,1,20250615,20250715,20250716,20260630
808,M00808,AE854744566,Horizon Boutique 808,AE,SME,Retail,Payment Links,Payment Links,T+2,Layla Haddad,2025-06-15,2025-06-23,2025-06-24,0,2026-06-29,8.0,1.0,1,Active,2025-06,2025-06,2025.0,1,20250615,20250623,20250624,20260629
809,M00809,AE681860470,Falcon Stores 809,AE,SME,Retail,Payment Links,Payment Links,Instant,Yousef Al-Marri,2025-06-16,2025-06-24,2025-07-12,0,2026-06-29,8.0,18.0,1,Active,2025-06,2025-06,2025.0,1,20250616,20250624,20250712,20260629
810,M00810,AE811959369,Amber Hotels,AE,Online,Travel & Hospitality,Online Checkout,Direct API,T+2,Yousef Al-Marri,2025-06-16,,,0,,,,0,Onboarding (not live),2025-06,,,0,20250616,,,
811,M00811,EG611254298,Metro Digital,EG,Online,Digital Services,Online Checkout,E-commerce Plugin,T+2,Mai Ragab,2025-06-16,2025-06-25,2025-06-28,0,2026-06-30,9.0,3.0,1,Active,2025-06,2025-06,2025.0,1,20250616,20250625,20250628,20260630
812,M00812,SA921192561,Urban Deals 812,SA,Online,E-commerce,Subscriptions,Direct API,T+2,Reem Al-Ghamdi,2025-06-17,2025-08-11,2025-08-20,0,2026-06-30,55.0,9.0,1,Active,2025-06,2025-08,2026.0,1,20250617,20250811,20250820,20260630
813,M00813,SA732374987,Prime Cafe 813,SA,Online,Food & Beverage,Online Checkout,Hosted Checkout,T+2,Reem Al-Ghamdi,2025-06-17,2025-07-02,2025-07-08,0,2026-06-30,15.0,6.0,1,Active,2025-06,2025-07,2026.0,1,20250617,20250702,20250708,20260630
814,M00814,EG389592600,Coral Cafe 814,EG,SME,Food & Beverage,Payment Links,Payment Links,T+2,Nadia Fouad,2025-06-18,2025-06-28,2025-07-07,0,2026-06-30,10.0,9.0,1,Active,2025-06,2025-06,2025.0,1,20250618,20250628,20250707,20260630
815,M00815,SA771478693,Royal Power,SA,Enterprise,Telecom & Utilities,POS Acceptance,POS Terminal,T+2,Omar Al-Anazi,2025-06-18,2025-07-07,2025-07-09,0,2026-05-31,19.0,2.0,1,Active,2025-06,2025-07,2026.0,1,20250618,20250707,20250709,20260531
816,M00816,AE200431265,Coral Schools,AE,Online,Education,Online Checkout,Direct API,T+1,Layla Haddad,2025-06-21,2025-09-30,2025-10-02,0,2026-06-30,101.0,2.0,1,Active,2025-06,2025-09,2026.0,1,20250621,20250930,20251002,20260630
817,M00817,EG599017636,Silver Labs,EG,SME,Healthcare,POS Acceptance,POS Terminal,T+2,Karim Ezzat,2025-06-22,2025-07-15,2025-07-18,0,2026-06-30,23.0,3.0,1,Active,2025-06,2025-07,2026.0,1,20250622,20250715,20250718,20260630
818,M00818,EG930327972,Coral Institute,EG,SME,Education,POS Acceptance,POS Terminal,T+2,Hany Soliman,2025-06-22,2025-07-04,2025-07-05,0,2026-06-28,12.0,1.0,1,Active,2025-06,2025-07,2026.0,1,20250622,20250704,20250705,20260628
819,M00819,AE228494793,Golden Basket 819,AE,Online,E-commerce,Online Checkout,Hosted Checkout,T+2,Layla Haddad,2025-06-24,2025-07-13,2025-07-14,0,2026-06-30,19.0,1.0,1,Active,2025-06,2025-07,2026.0,1,20250624,20250713,20250714,20260630
820,M00820,EG760725891,Crescent Shop 820,EG,Online,E-commerce,Online Checkout,E-commerce Plugin,T+2,Mai Ragab,2025-06-25,2025-07-15,2025-07-23,0,2026-06-30,20.0,8.0,1,Active,2025-06,2025-07,2026.0,1,20250625,20250715,20250723,20260630
821,M00821,EG625584592,Prime Pharmacy,EG,SME,Healthcare,Payment Links,Payment Links,T+2,Mai Ragab,2025-06-25,2025-06-29,2025-07-23,0,2025-12-30,4.0,24.0,1,Churned,2025-06,2025-06,2025.0,1,20250625,20250629,20250723,20251230
822,M00822,EG916667859,Blue Outlet 822,EG,SME,Retail,POS Acceptance,POS Terminal,T+2,Karim Ezzat,2025-06-26,2025-07-19,2025-07-24,0,2026-06-30,23.0,5.0,1,Active,2025-06,2025-07,2026.0,1,20250626,20250719,20250724,20260630
823,M00823,AE806113189,Falcon Online 823,AE,Online,E-commerce,Online Checkout,Hosted Checkout,T+2,Yousef Al-Marri,2025-06-26,2025-07-21,,0,,25.0,,0,Live - never transacted,2025-06,2025-07,2026.0,1,20250626,20250721,,
824,M00824,SA542475635,Metro Consulting,SA,SME,Professional Services,POS Acceptance,POS Terminal,T+2,Omar Al-Anazi,2025-06-27,2025-07-08,,0,,11.0,,0,Live - never transacted,2025-06,2025-07,2026.0,1,20250627,20250708,,
825,M00825,OM770457253,Coral Basket 825,OM,Online,E-commerce,Subscriptions,Direct API,T+2,Salim Al-Harthy,2025-06-28,2025-08-19,,0,,52.0,,0,Live - never transacted,2025-06,2025-08,2026.0,1,20250628,20250819,,
826,M00826,EG124719628,Pearl Advisory,EG,SME,Professional Services,POS Acceptance,POS Terminal,T+2,Hany Soliman,2025-06-30,2025-07-16,2025-07-17,0,2026-06-30,16.0,1.0,1,Active,2025-06,2025-07,2026.0,1,20250630,20250716,20250717,20260630
827,M00827,SA580727871,Amber Games,SA,Online,Digital Services,Online Checkout,Hosted Checkout,T+1,Omar Al-Anazi,2025-07-03,2025-08-07,2025-08-12,0,2026-06-30,35.0,5.0,1,Active,2025-07,2025-08,2026.0,1,20250703,20250807,20250812,20260630
828,M00828,SA186131558,Sand Legal,SA,SME,Professional Services,POS Acceptance,POS Terminal,T+1,Omar Al-Anazi,2025-07-03,2025-07-31,2025-08-06,0,2026-06-30,28.0,6.0,1,Active,2025-07,2025-07,2026.0,1,20250703,20250731,20250806,20260630
829,M00829,AE242638729,Palm Institute,AE,SME,Education,POS Acceptance,POS Terminal,T+2,Yousef Al-Marri,2025-07-04,2025-07-20,2025-07-31,0,2026-06-30,16.0,11.0,1,Active,2025-07,2025-07,2026.0,1,20250704,20250720,20250731,20260630
830,M00830,SA865900656,Oasis Outlet 830,SA,SME,Unclassified,POS Acceptance,POS Terminal,T+2,Turki Al-Shammari,2025-07-05,2025-08-05,2025-08-09,0,2026-06-30,31.0,4.0,1,Active,2025-07,2025-08,2026.0,1,20250705,20250805,20250809,20260630
831,M00831,SA288575225,Nova Market 831,SA,SME,Retail,Payment Links,Payment Links,T+1,Reem Al-Ghamdi,2025-07-06,2025-07-08,2025-07-14,0,2026-06-30,2.0,6.0,1,Active,2025-07,2025-07,2026.0,1,20250706,20250708,20250714,20260630
832,M00832,AE375645881,Oasis Learning,AE,SME,Education,POS Acceptance,POS Terminal,T+1,Yousef Al-Marri,2025-07-07,2025-08-10,2025-08-12,0,2026-06-30,34.0,2.0,1,Active,2025-07,2025-08,2026.0,1,20250707,20250810,20250812,20260630
833,M00833,EG432619696,Metro Streaming,EG,Online,Digital Services,Online Checkout,Hosted Checkout,T+1,Karim Ezzat,2025-07-08,2025-07-20,2025-08-04,0,2026-06-30,12.0,15.0,1,Active,2025-07,2025-07,2026.0,1,20250708,20250720,20250804,20260630
834,M00834,AE732739303,Bright Deals 834,AE,Online,E-commerce,Online Checkout,E-commerce Plugin,Instant,Layla Haddad,2025-07-09,2025-07-17,2025-07-18,0,2026-06-30,8.0,1.0,1,Active,2025-07,2025-07,2026.0,1,20250709,20250717,20250718,20260630
835,M00835,SA511027598,Prime Labs,SA,Enterprise,Healthcare,Payment Links,Payment Links,T+1,Omar Al-Anazi,2025-07-09,2025-07-13,,0,,4.0,,0,Live - never transacted,2025-07,2025-07,2026.0,1,20250709,20250713,,
836,M00836,OM400622242,Royal Services,OM,SME,Professional Services,Online Checkout,Hosted Checkout,T+1,Salim Al-Harthy,2025-07-10,,,0,,,,0,Onboarding (not live),2025-07,,,0,20250710,,,
837,M00837,AE426640224,Silver Digital,AE,Online,Digital Services,Online Checkout,E-commerce Plugin,Instant,Yousef Al-Marri,2025-07-12,2025-07-21,2025-07-24,0,2026-06-30,9.0,3.0,1,Active,2025-07,2025-07,2026.0,1,20250712,20250721,20250724,20260630
838,M00838,EG739149448,Green Schools,EG,Online,Education,Online Checkout,Hosted Checkout,T+2,Mai Ragab,2025-07-14,2025-08-05,,0,,22.0,,0,Live - never transacted,2025-07,2025-08,2026.0,1,20250714,20250805,,
839,M00839,EG697551722,Amber Stores 839,EG,Enterprise,Retail,POS Acceptance,POS Terminal,T+2,Hany Soliman,2025-07-14,2025-08-07,2025-08-08,0,2026-06-30,24.0,1.0,1,Active,2025-07,2025-08,2026.0,1,20250714,20250807,20250808,20260630
840,M00840,SA720574277,Bright Roastery 840,SA,SME,Food & Beverage,Online Checkout,Hosted Checkout,T+1,Omar Al-Anazi,2025-07-14,2025-07-27,2025-08-04,0,2026-06-30,13.0,8.0,1,Active,2025-07,2025-07,2026.0,1,20250714,20250727,20250804,20260630
841,M00841,AE920243360,Palm Hotels,AE,Online,Travel & Hospitality,Online Checkout,Direct API,T+2,Yousef Al-Marri,2025-07-15,,,0,,,,0,Onboarding (not live),2025-07,,,0,20250715,,,
842,M00842,SA772140690,Crescent Cart 842,SA,Online,E-commerce,Subscriptions,Direct API,T+2,Reem Al-Ghamdi,2025-07-20,,,0,,,,0,Onboarding (not live),2025-07,,,0,20250720,,,
843,M00843,EG941026276,Zenith Learning,EG,SME,Education,Payment Links,Payment Links,T+2,Mai Ragab,2025-07-21,2025-07-27,,0,,6.0,,0,Live - never transacted,2025-07,2025-07,2026.0,1,20250721,20250727,,
844,M00844,EG984686648,Urban Grill 844,EG,Online,Food & Beverage,Subscriptions,Direct API,T+2,Nadia Fouad,2025-07-23,2025-11-02,2025-11-06,0,2026-06-30,102.0,4.0,1,Active,2025-07,2025-11,2026.0,1,20250723,20251102,20251106,20260630
845,M00845,SA884997089,Pearl Consulting,SA,SME,Professional Services,Online Checkout,Direct API,T+1,Turki Al-Shammari,2025-07-23,2025-08-22,2025-08-25,0,2026-06-30,30.0,3.0,1,Active,2025-07,2025-08,2026.0,1,20250723,20250822,20250825,20260630
846,M00846,SA181926560,Crescent Mart 846,SA,SME,Retail,Online Checkout,Hosted Checkout,T+2,Omar Al-Anazi,2025-07-24,2025-09-01,2025-09-08,0,2026-06-29,39.0,7.0,1,Active,2025-07,2025-09,2026.0,1,20250724,20250901,20250908,20260629
847,M00847,OM761015209,Green Legal,OM,SME,Professional Services,POS Acceptance,POS Terminal,T+2,Salim Al-Harthy,2025-07-25,2025-08-21,2025-08-29,0,2026-06-30,27.0,8.0,1,Active,2025-07,2025-08,2026.0,1,20250725,20250821,20250829,20260630
848,M00848,SA939400299,Zenith Cloud,SA,Online,Digital Services,Online Checkout,Hosted Checkout,T+2,Omar Al-Anazi,2025-07-30,2025-09-06,2025-09-15,0,2026-06-30,38.0,9.0,1,Active,2025-07,2025-09,2026.0,1,20250730,20250906,20250915,20260630
849,M00849,SA366690460,Metro Cafe 849,SA,SME,Food & Beverage,POS Acceptance,POS Terminal,T+1,Omar Al-Anazi,2025-08-01,2025-08-20,2025-08-25,0,2026-06-30,19.0,5.0,1,Active,2025-08,2025-08,2026.0,1,20250801,20250820,20250825,20260630
850,M00850,EG327245837,Amber Travel,EG,Online,Travel & Hospitality,Online Checkout,Hosted Checkout,T+2,Nadia Fouad,2025-08-02,2025-09-09,2025-09-13,0,2026-06-30,38.0,4.0,1,Active,2025-08,2025-09,2026.0,1,20250802,20250909,20250913,20260630
851,M00851,SA768323752,Coral Stores 851,SA,SME,Retail,POS Acceptance,POS Terminal,T+2,Omar Al-Anazi,2025-08-03,2025-08-23,2025-08-27,0,2026-06-29,20.0,4.0,1,Active,2025-08,2025-08,2026.0,1,20250803,20250823,20250827,20260629
852,M00852,SA237358155,Pearl Cloud,SA,Online,Digital Services,Online Checkout,Direct API,T+2,Reem Al-Ghamdi,2025-08-04,2025-10-03,2025-10-03,0,2026-06-30,60.0,0.0,1,Active,2025-08,2025-10,2026.0,1,20250804,20251003,20251003,20260630
853,M00853,EG600744950,Cedar Legal,EG,B2B,Professional Services,B2B Collections,Direct API,T+1,Karim Ezzat,2025-08-04,2025-09-20,,0,,47.0,,0,Live - never transacted,2025-08,2025-09,2026.0,1,20250804,20250920,,
854,M00854,AE769624570,Golden Schools,AE,Online,Education,Online Checkout,Hosted Checkout,Instant,Yousef Al-Marri,2025-08-06,2025-08-30,2025-09-07,0,2026-06-30,24.0,8.0,1,Active,2025-08,2025-08,2026.0,1,20250806,20250830,20250907,20260630
855,M00855,AE639255824,Green Games,AE,Online,Digital Services,Online Checkout,Direct API,Instant,Layla Haddad,2025-08-06,,,0,,,,0,Onboarding (not live),2025-08,,,0,20250806,,,
856,M00856,OM434589390,Palm Shop 856,OM,Online,E-commerce,Online Checkout,E-commerce Plugin,Instant,Salim Al-Harthy,2025-08-08,2025-08-31,2025-09-10,0,2026-06-30,23.0,10.0,1,Active,2025-08,2025-08,2026.0,1,20250808,20250831,20250910,20260630
857,M00857,AE190030385,Swift Stays,AE,Online,Travel & Hospitality,Online Checkout,Direct API,T+2,Layla Haddad,2025-08-09,2025-11-09,2025-11-10,0,2026-06-30,92.0,1.0,1,Active,2025-08,2025-11,2026.0,1,20250809,20251109,20251110,20260630
858,M00858,SA331993666,Crescent Mart 858,SA,Enterprise,Retail,Online Checkout,Hosted Checkout,T+1,Reem Al-Ghamdi,2025-08-12,2025-09-05,2025-09-05,0,2026-06-30,24.0,0.0,1,Active,2025-08,2025-09,2026.0,1,20250812,20250905,20250905,20260630
859,M00859,EG538621116,Royal Market 859,EG,SME,Retail,POS Acceptance,POS Terminal,Instant,Karim Ezzat,2025-08-12,2025-09-11,,0,,30.0,,0,Live - never transacted,2025-08,2025-09,2026.0,1,20250812,20250911,,
860,M00860,AE832517070,Prime Shop 860,AE,Online,E-commerce,Online Checkout,Direct API,T+2,Layla Haddad,2025-08-12,2025-09-22,2025-09-25,0,2026-06-30,41.0,3.0,1,Active,2025-08,2025-09,2026.0,1,20250812,20250922,20250925,20260630
861,M00861,SA936227927,Prime Academy,SA,Online,Education,Online Checkout,Direct API,T+2,Omar Al-Anazi,2025-08-13,2025-10-28,2025-11-02,0,2026-06-30,76.0,5.0,1,Active,2025-08,2025-10,2026.0,1,20250813,20251028,20251102,20260630
862,M00862,EG603162443,Sand Logistics,EG,B2B,Logistics,Payment Links,Payment Links,Weekly,Nadia Fouad,2025-08-15,2025-08-20,,0,,5.0,,0,Live - never transacted,2025-08,2025-08,2026.0,1,20250815,20250820,,
863,M00863,EG335687023,Royal Shop 863,EG,Enterprise,E-commerce,Online Checkout,E-commerce Plugin,T+2,Karim Ezzat,2025-08-19,2025-09-12,2025-09-16,0,2026-06-30,24.0,4.0,1,Active,2025-08,2025-09,2026.0,1,20250819,20250912,20250916,20260630
864,M00864,SA729864911,Sand Basket 864,SA,Online,E-commerce,Online Checkout,Direct API,T+2,Turki Al-Shammari,2025-08-23,2025-12-02,2025-12-02,0,2026-06-30,101.0,0.0,1,Active,2025-08,2025-12,2026.0,1,20250823,20251202,20251202,20260630
865,M00865,AE902175840,Bright Basket 865,AE,Online,E-commerce,Online Checkout,Direct API,T+1,Layla Haddad,2025-08-24,,,0,,,,0,Onboarding (not live),2025-08,,,0,20250824,,,
866,M00866,EG428995170,Zenith Shop 866,EG,Online,E-commerce,Online Checkout,Direct API,T+2,Mai Ragab,2025-08-25,,,0,,,,0,Onboarding (not live),2025-08,,,0,20250825,,,
867,M00867,SA569922329,Coral Distribution,SA,B2B,Distribution & Wholesale,Payment Links,Payment Links,T+1,Turki Al-Shammari,2025-08-27,2025-09-04,2025-10-08,0,2026-06-30,8.0,34.0,0,Active,2025-08,2025-09,2026.0,1,20250827,20250904,20251008,20260630
868,M00868,EG202927308,Bright Medical,EG,SME,Healthcare,Payment Links,Payment Links,T+1,Karim Ezzat,2025-08-27,2025-09-06,2025-09-10,0,2026-06-26,10.0,4.0,1,Active,2025-08,2025-09,2026.0,1,20250827,20250906,20250910,20260626
869,M00869,EG676016275,Urban Wholesale,EG,B2B,Distribution & Wholesale,B2B Collections,Direct API,Weekly,Mai Ragab,2025-08-29,2025-11-28,2025-11-30,0,2026-06-22,91.0,2.0,1,Active,2025-08,2025-11,2026.0,1,20250829,20251128,20251130,20260622
870,M00870,SA719526386,Royal Online 870,SA,Online,E-commerce,Online Checkout,Direct API,T+2,Omar Al-Anazi,2025-08-30,2025-10-14,2025-10-16,0,2026-06-30,45.0,2.0,1,Active,2025-08,2025-10,2026.0,1,20250830,20251014,20251016,20260630
871,M00871,AE733959111,Metro Academy,AE,SME,Education,Payment Links,Payment Links,T+2,Layla Haddad,2025-08-30,2025-09-02,2025-09-30,0,2026-06-26,3.0,28.0,1,Active,2025-08,2025-09,2026.0,1,20250830,20250902,20250930,20260626
872,M00872,AE501130180,Nova Grill 872,AE,Online,Food & Beverage,Online Checkout,Hosted Checkout,T+1,Layla Haddad,2025-09-01,2025-11-15,,0,,75.0,,0,Live - never transacted,2025-09,2025-11,2026.0,1,20250901,20251115,,
873,M00873,EG572299512,Silver Grill 873,EG,SME,Food & Beverage,POS Acceptance,POS Terminal,T+2,Hany Soliman,2025-09-01,2025-09-24,,0,,23.0,,0,Live - never transacted,2025-09,2025-09,2026.0,1,20250901,20250924,,
874,M00874,EG688244774,Coral Outlet 874,EG,SME,Retail,POS Acceptance,POS Terminal,T+2,Karim Ezzat,2025-09-01,2025-09-14,2025-09-23,0,2026-06-30,13.0,9.0,1,Active,2025-09,2025-09,2026.0,1,20250901,20250914,20250923,20260630
875,M00875,AE543834117,Zenith Streaming,AE,Online,Digital Services,Subscriptions,Direct API,T+1,Layla Haddad,2025-09-03,2025-11-21,2025-12-01,0,2026-06-30,79.0,10.0,1,Active,2025-09,2025-11,2026.0,1,20250903,20251121,20251201,20260630
876,M00876,EG544029480,Amber Online 876,EG,Online,E-commerce,Online Checkout,Hosted Checkout,T+1,Nadia Fouad,2025-09-03,2025-10-13,2025-10-17,0,2026-06-30,40.0,4.0,1,Active,2025-09,2025-10,2026.0,1,20250903,20251013,20251017,20260630
877,M00877,SA310301059,Swift Pharmacy,SA,SME,Healthcare,Payment Links,Payment Links,T+1,Turki Al-Shammari,2025-09-05,2025-09-14,2025-09-15,0,2026-06-30,9.0,1.0,1,Active,2025-09,2025-09,2026.0,1,20250905,20250914,20250915,20260630
878,M00878,EG451378434,Sand Pharmacy,EG,SME,Healthcare,Online Checkout,Direct API,T+2,Nadia Fouad,2025-09-06,,,0,,,,0,Onboarding (not live),2025-09,,,0,20250906,,,
879,M00879,AE852316595,Metro Mart 879,AE,SME,Retail,POS Acceptance,POS Terminal,T+2,Layla Haddad,2025-09-07,2025-09-17,2025-09-23,0,2026-06-30,10.0,6.0,1,Active,2025-09,2025-09,2026.0,1,20250907,20250917,20250923,20260630
880,M00880,EG992942821,Crescent Learning,EG,Online,Education,Online Checkout,E-commerce Plugin,T+1,Nadia Fouad,2025-09-08,2025-09-21,2025-09-23,0,2026-06-30,13.0,2.0,1,Active,2025-09,2025-09,2026.0,1,20250908,20250921,20250923,20260630
881,M00881,EG562509706,Royal Logistics,EG,B2B,Logistics,B2B Collections,Payment Links,Weekly,Mai Ragab,2025-09-10,2025-09-19,2025-09-28,0,2026-06-30,9.0,9.0,1,Active,2025-09,2025-09,2026.0,1,20250910,20250919,20250928,20260630
882,M00882,EG924302926,Nova Distribution,EG,B2B,Distribution & Wholesale,Payment Links,Payment Links,Weekly,Mai Ragab,2025-09-10,2025-09-13,2025-10-14,0,2026-06-30,3.0,31.0,0,Active,2025-09,2025-09,2026.0,1,20250910,20250913,20251014,20260630
883,M00883,EG407965941,Prime Basket 883,EG,Online,E-commerce,Online Checkout,Direct API,T+2,Karim Ezzat,2025-09-13,2025-11-05,2025-11-12,0,2026-06-30,53.0,7.0,1,Active,2025-09,2025-11,2026.0,1,20250913,20251105,20251112,20260630
884,M00884,AE264932236,Palm Advisory,AE,B2B,Professional Services,B2B Collections,Payment Links,Weekly,Layla Haddad,2025-09-14,2025-09-19,2025-11-02,0,2026-06-30,5.0,44.0,0,Active,2025-09,2025-09,2026.0,1,20250914,20250919,20251102,20260630
885,M00885,SA913218070,Urban Mart 885,SA,SME,Retail,Payment Links,Payment Links,Instant,Omar Al-Anazi,2025-09-15,2025-09-21,2025-10-28,0,2026-06-30,6.0,37.0,0,Active,2025-09,2025-09,2026.0,1,20250915,20250921,20251028,20260630
886,M00886,SA305216575,Royal Grill 886,SA,SME,Food & Beverage,Payment Links,Payment Links,T+1,Reem Al-Ghamdi,2025-09-17,2025-09-21,,0,,4.0,,0,Live - never transacted,2025-09,2025-09,2026.0,1,20250917,20250921,,
887,M00887,AE774868795,Amber Mart 887,AE,SME,Retail,POS Acceptance,POS Terminal,T+1,Yousef Al-Marri,2025-09-17,2025-10-03,,0,,16.0,,0,Live - never transacted,2025-09,2025-10,2026.0,1,20250917,20251003,,
888,M00888,SA935953139,Falcon Trading,SA,B2B,Distribution & Wholesale,Payment Links,Payment Links,T+1,Reem Al-Ghamdi,2025-09-17,,,0,,,,0,Onboarding (not live),2025-09,,,0,20250917,,,
889,M00889,EG245991238,Coral Streaming,EG,Online,Digital Services,Online Checkout,Direct API,T+1,Nadia Fouad,2025-09-19,2025-10-24,2025-10-30,0,2026-06-30,35.0,6.0,1,Active,2025-09,2025-10,2026.0,1,20250919,20251024,20251030,20260630
890,M00890,EG349230375,Urban Stays,EG,Online,Travel & Hospitality,Online Checkout,E-commerce Plugin,Instant,Mai Ragab,2025-09-22,2025-10-02,2025-10-04,0,2026-03-30,10.0,2.0,1,Churned,2025-09,2025-10,2026.0,1,20250922,20251002,20251004,20260330
891,M00891,EG841233405,Prime Shop 891,EG,Online,E-commerce,Online Checkout,Direct API,T+1,Nadia Fouad,2025-09-22,2025-11-10,2025-11-12,0,2026-06-30,49.0,2.0,1,Active,2025-09,2025-11,2026.0,1,20250922,20251110,20251112,20260630
892,M00892,SA819222940,Royal Kitchen 892,SA,SME,Food & Beverage,Payment Links,Payment Links,T+2,Turki Al-Shammari,2025-09-27,2025-10-01,2025-10-08,0,2026-06-29,4.0,7.0,1,Active,2025-09,2025-10,2026.0,1,20250927,20251001,20251008,20260629
893,M00893,AE712771156,Urban Grill 893,AE,SME,Food & Beverage,Payment Links,Payment Links,T+1,Yousef Al-Marri,2025-09-29,2025-10-04,2025-11-30,0,2026-06-29,5.0,57.0,0,Active,2025-09,2025-10,2026.0,1,20250929,20251004,20251130,20260629
894,M00894,EG429684322,Palm Bakery 894,EG,SME,Food & Beverage,POS Acceptance,POS Terminal,T+2,Mai Ragab,2025-09-29,2025-11-03,2025-11-05,0,2026-06-29,35.0,2.0,1,Active,2025-09,2025-11,2026.0,1,20250929,20251103,20251105,20260629
895,M00895,SA652586164,Green Connect,SA,Enterprise,Telecom & Utilities,POS Acceptance,POS Terminal,T+1,Reem Al-Ghamdi,2025-09-30,2025-10-11,2025-10-15,0,2026-06-30,11.0,4.0,1,Active,2025-09,2025-10,2026.0,1,20250930,20251011,20251015,20260630
896,M00896,OM423695424,Pearl Supply,OM,B2B,Distribution & Wholesale,B2B Collections,Payment Links,T+1,Salim Al-Harthy,2025-10-03,2025-10-06,2025-10-08,0,2026-06-30,3.0,2.0,1,Active,2025-10,2025-10,2026.0,1,20251003,20251006,20251008,20260630
897,M00897,EG580628831,Coral Mart 897,EG,SME,Retail,Payment Links,Payment Links,T+2,Hany Soliman,2025-10-05,2025-10-13,2025-10-27,0,2026-06-29,8.0,14.0,1,Active,2025-10,2025-10,2026.0,1,20251005,20251013,20251027,20260629
898,M00898,EG943952192,Metro Journeys,EG,Online,Travel & Hospitality,Subscriptions,Direct API,T+2,Karim Ezzat,2025-10-06,2025-11-12,2025-11-12,0,2026-06-30,37.0,0.0,1,Active,2025-10,2025-11,2026.0,1,20251006,20251112,20251112,20260630
899,M00899,AE718043205,Blue Pharmacy,AE,SME,Healthcare,Payment Links,Payment Links,T+2,Yousef Al-Marri,2025-10-07,2025-10-17,2025-10-30,0,2026-06-30,10.0,13.0,1,Active,2025-10,2025-10,2026.0,1,20251007,20251017,20251030,20260630
900,M00900,SA244366282,Falcon Supply,SA,B2B,Distribution & Wholesale,Payment Links,Payment Links,Weekly,Reem Al-Ghamdi,2025-10-08,2025-10-14,2025-10-20,0,2026-06-29,6.0,6.0,1,Active,2025-10,2025-10,2026.0,1,20251008,20251014,20251020,20260629
901,M00901,EG319798094,Falcon Medical,EG,SME,Healthcare,Payment Links,Payment Links,T+2,Karim Ezzat,2025-10-10,2025-10-19,2025-10-24,0,2026-06-29,9.0,5.0,1,Active,2025-10,2025-10,2026.0,1,20251010,20251019,20251024,20260629
902,M00902,EG563165212,Sand Stores 902,EG,SME,Retail,POS Acceptance,POS Terminal,T+2,Mai Ragab,2025-10-11,2025-11-12,2025-11-13,0,2026-06-30,32.0,1.0,1,Active,2025-10,2025-11,2026.0,1,20251011,20251112,20251113,20260630
903,M00903,EG442885235,Golden Cafe 903,EG,SME,Food & Beverage,Payment Links,Payment Links,T+1,Hany Soliman,2025-10-11,2025-10-18,,0,,7.0,,0,Live - never transacted,2025-10,2025-10,2026.0,1,20251011,20251018,,
904,M00904,EG305582435,Urban Legal,EG,SME,Professional Services,POS Acceptance,POS Terminal,T+1,Hany Soliman,2025-10-13,2025-11-09,2025-11-10,0,2026-06-30,27.0,1.0,1,Active,2025-10,2025-11,2026.0,1,20251013,20251109,20251110,20260630
905,M00905,EG303905612,Falcon Advisory,EG,SME,Professional Services,POS Acceptance,POS Terminal,T+2,Nadia Fouad,2025-10-15,2025-11-14,2025-11-18,0,2026-06-29,30.0,4.0,1,Active,2025-10,2025-11,2026.0,1,20251015,20251114,20251118,20260629
906,M00906,AE901431148,Bright Roastery 906,AE,SME,Food & Beverage,POS Acceptance,POS Terminal,T+2,Yousef Al-Marri,2025-10-16,2025-11-10,2025-11-11,0,2026-06-30,25.0,1.0,1,Active,2025-10,2025-11,2026.0,1,20251016,20251110,20251111,20260630
907,M00907,AE364520535,Prime Mart 907,AE,SME,Retail,Payment Links,Payment Links,T+2,Yousef Al-Marri,2025-10-17,2025-10-22,2025-11-17,0,2026-06-29,5.0,26.0,1,Active,2025-10,2025-10,2026.0,1,20251017,20251022,20251117,20260629
908,M00908,SA397646855,Royal Roastery 908,SA,Enterprise,Food & Beverage,Online Checkout,E-commerce Plugin,T+1,Reem Al-Ghamdi,2025-10-18,2025-11-01,2025-11-11,0,2026-06-30,14.0,10.0,1,Active,2025-10,2025-11,2026.0,1,20251018,20251101,20251111,20260630
909,M00909,AE817996070,Urban Journeys,AE,Online,Travel & Hospitality,Online Checkout,E-commerce Plugin,T+2,Yousef Al-Marri,2025-10-19,2025-10-28,2025-10-29,0,2026-06-30,9.0,1.0,1,Active,2025-10,2025-10,2026.0,1,20251019,20251028,20251029,20260630
910,M00910,SA547888476,Zenith Tours,SA,Online,Travel & Hospitality,Online Checkout,Direct API,T+2,Reem Al-Ghamdi,2025-10-19,,,0,,,,0,Onboarding (not live),2025-10,,,0,20251019,,,
911,M00911,EG379278678,Amber Shop 911,EG,Online,E-commerce,Online Checkout,Direct API,T+2,Nadia Fouad,2025-10-21,2025-12-21,2025-12-23,0,2026-06-30,61.0,2.0,1,Active,2025-10,2025-12,2026.0,1,20251021,20251221,20251223,20260630
912,M00912,EG182012188,Prime Kitchen 912,EG,SME,Food & Beverage,POS Acceptance,POS Terminal,T+1,Karim Ezzat,2025-10-23,2025-11-22,2025-11-23,0,2026-06-30,30.0,1.0,1,Active,2025-10,2025-11,2026.0,1,20251023,20251122,20251123,20260630
913,M00913,EG719592790,Nova Schools,EG,SME,Education,POS Acceptance,POS Terminal,Instant,Nadia Fouad,2025-10-25,2025-11-21,2025-12-03,0,2026-04-30,27.0,12.0,1,Dormant,2025-10,2025-11,2026.0,1,20251025,20251121,20251203,20260430
914,M00914,SA345312220,Zenith Stays,SA,Online,Travel & Hospitality,Online Checkout,E-commerce Plugin,T+2,Reem Al-Ghamdi,2025-10-26,2025-11-17,2025-11-26,0,2026-06-30,22.0,9.0,1,Active,2025-10,2025-11,2026.0,1,20251026,20251117,20251126,20260630
915,M00915,EG187417841,Swift Travel,EG,Online,Travel & Hospitality,Online Checkout,Direct API,T+1,Hany Soliman,2025-10-26,2025-12-12,2025-12-25,0,2026-06-30,47.0,13.0,1,Active,2025-10,2025-12,2026.0,1,20251026,20251212,20251225,20260630
916,M00916,OM805525842,Oasis Basket 916,OM,Online,E-commerce,Online Checkout,Direct API,T+1,Salim Al-Harthy,2025-10-27,2026-01-04,2026-01-28,0,2026-06-30,69.0,24.0,1,Active,2025-10,2026-01,2026.0,1,20251027,20260104,20260128,20260630
917,M00917,AE755836575,Coral Boutique 917,AE,SME,Retail,POS Acceptance,POS Terminal,Instant,Layla Haddad,2025-10-27,2025-11-09,2025-11-15,0,2026-06-30,13.0,6.0,1,Active,2025-10,2025-11,2026.0,1,20251027,20251109,20251115,20260630
918,M00918,AE621587952,Cedar Advisory,AE,SME,Professional Services,Online Checkout,Hosted Checkout,T+1,Yousef Al-Marri,2025-10-27,2025-11-07,2025-11-14,0,2026-06-29,11.0,7.0,1,Active,2025-10,2025-11,2026.0,1,20251027,20251107,20251114,20260629
919,M00919,EG579116624,Amber Schools,EG,SME,Education,POS Acceptance,POS Terminal,Instant,Nadia Fouad,2025-10-29,2025-11-14,2025-11-17,0,2026-06-30,16.0,3.0,1,Active,2025-10,2025-11,2026.0,1,20251029,20251114,20251117,20260630
920,M00920,AE538625118,Palm Shop 920,AE,Online,E-commerce,Online Checkout,Hosted Checkout,T+2,Layla Haddad,2025-10-30,2025-11-12,2025-12-08,0,2026-06-30,13.0,26.0,1,Active,2025-10,2025-11,2026.0,1,20251030,20251112,20251208,20260630
921,M00921,SA223828690,Nova Legal,SA,SME,Professional Services,POS Acceptance,POS Terminal,T+2,Turki Al-Shammari,2025-10-30,2025-11-26,2025-12-02,0,2026-06-30,27.0,6.0,1,Active,2025-10,2025-11,2026.0,1,20251030,20251126,20251202,20260630
922,M00922,EG244216062,Zenith EdTech,EG,SME,Education,Payment Links,Payment Links,T+1,Mai Ragab,2025-11-01,2025-11-05,2025-11-14,0,2026-06-29,4.0,9.0,1,Active,2025-11,2025-11,2026.0,1,20251101,20251105,20251114,20260629
923,M00923,EG344758416,Sand Medical,EG,SME,Healthcare,POS Acceptance,POS Terminal,T+1,Nadia Fouad,2025-11-02,2025-11-19,2025-11-21,0,2026-06-30,17.0,2.0,1,Active,2025-11,2025-11,2026.0,1,20251102,20251119,20251121,20260630
924,M00924,OM498407948,Palm Deals 924,OM,Online,E-commerce,Subscriptions,Direct API,T+2,Salim Al-Harthy,2025-11-03,2025-12-07,2025-12-09,0,2026-06-30,34.0,2.0,1,Active,2025-11,2025-12,2026.0,1,20251103,20251207,20251209,20260630
925,M00925,EG481378868,Pearl Digital,EG,Online,Digital Services,Subscriptions,Direct API,T+2,Hany Soliman,2025-11-04,,,0,,,,0,Onboarding (not live),2025-11,,,0,20251104,,,
926,M00926,EG877635192,Bright Cafe 926,EG,Online,Food & Beverage,Online Checkout,E-commerce Plugin,T+2,Karim Ezzat,2025-11-04,2025-11-15,,0,,11.0,,0,Live - never transacted,2025-11,2025-11,2026.0,1,20251104,20251115,,
927,M00927,AE808773781,Nova Net,AE,B2B,Telecom & Utilities,B2B Collections,Direct API,T+1,Yousef Al-Marri,2025-11-05,,,0,,,,0,Onboarding (not live),2025-11,,,0,20251105,,,
928,M00928,EG538819871,Cedar Freight,EG,B2B,Logistics,B2B Collections,Payment Links,Weekly,Mai Ragab,2025-11-05,2025-11-10,2025-11-11,0,2026-06-29,5.0,1.0,1,Active,2025-11,2025-11,2026.0,1,20251105,20251110,20251111,20260629
929,M00929,AE254819908,Prime Shop 929,AE,Online,E-commerce,Online Checkout,Direct API,Instant,Layla Haddad,2025-11-06,2026-02-11,2026-02-12,0,2026-06-30,97.0,1.0,1,Active,2025-11,2026-02,2026.0,1,20251106,20260211,20260212,20260630
930,M00930,OM585008071,Sand Deals 930,OM,Online,E-commerce,Online Checkout,Direct API,T+1,Salim Al-Harthy,2025-11-08,,,0,,,,0,Onboarding (not live),2025-11,,,0,20251108,,,
931,M00931,AE368709978,Coral Roastery 931,AE,Online,Food & Beverage,Online Checkout,Direct API,Instant,Layla Haddad,2025-11-10,2026-01-13,2026-01-28,0,2026-06-30,64.0,15.0,1,Active,2025-11,2026-01,2026.0,1,20251110,20260113,20260128,20260630
932,M00932,EG166655022,Swift Online 932,EG,Online,E-commerce,Online Checkout,Hosted Checkout,T+2,Hany Soliman,2025-11-11,2025-12-06,2025-12-06,0,2026-06-30,25.0,0.0,1,Active,2025-11,2025-12,2026.0,1,20251111,20251206,20251206,20260630
933,M00933,SA679105691,Swift Boutique 933,SA,SME,Retail,Payment Links,Payment Links,T+1,Turki Al-Shammari,2025-11-12,2025-11-14,2025-12-01,0,2026-06-29,2.0,17.0,1,Active,2025-11,2025-11,2026.0,1,20251112,20251114,20251201,20260629
934,M00934,EG462840280,Swift Academy,EG,Online,Education,Online Checkout,Direct API,T+2,Nadia Fouad,2025-11-18,2026-02-26,2026-03-04,0,2026-06-30,100.0,6.0,1,Active,2025-11,2026-02,2026.0,1,20251118,20260226,20260304,20260630
935,M00935,EG163862782,Bright Market 935,EG,SME,Retail,POS Acceptance,POS Terminal,T+1,Mai Ragab,2025-11-23,2025-12-06,2025-12-08,0,2026-06-30,13.0,2.0,1,Active,2025-11,2025-12,2026.0,1,20251123,20251206,20251208,20260630
936,M00936,SA776152011,Prime Cafe 936,SA,Online,Food & Beverage,Subscriptions,Direct API,T+2,Turki Al-Shammari,2025-11-24,2026-01-30,,0,,67.0,,0,Live - never transacted,2025-11,2026-01,2026.0,1,20251124,20260130,,
937,M00937,SA973356827,Nova Traders,SA,B2B,Distribution & Wholesale,Payment Links,Payment Links,T+1,Reem Al-Ghamdi,2025-11-24,2025-11-30,,0,,6.0,,0,Live - never transacted,2025-11,2025-11,2026.0,1,20251124,20251130,,
938,M00938,OM410323148,Silver Care,OM,SME,Healthcare,Payment Links,Payment Links,Instant,Salim Al-Harthy,2025-11-25,2025-11-30,2025-12-07,0,2026-06-30,5.0,7.0,1,Active,2025-11,2025-11,2026.0,1,20251125,20251130,20251207,20260630
939,M00939,EG369596833,Cedar Bakery 939,EG,SME,Food & Beverage,Payment Links,Payment Links,T+2,Nadia Fouad,2025-11-27,,,0,,,,0,Onboarding (not live),2025-11,,,0,20251127,,,
940,M00940,AE468123038,Amber Care,AE,SME,Healthcare,POS Acceptance,POS Terminal,T+2,Yousef Al-Marri,2025-11-27,2025-12-25,,0,,28.0,,0,Live - never transacted,2025-11,2025-12,2026.0,1,20251127,20251225,,
941,M00941,AE468792000,Coral Roastery 941,AE,SME,Food & Beverage,POS Acceptance,POS Terminal,T+2,Yousef Al-Marri,2025-11-28,2025-12-23,,0,,25.0,,0,Live - never transacted,2025-11,2025-12,2026.0,1,20251128,20251223,,
942,M00942,EG595418422,Bright Clinics,EG,Enterprise,Healthcare,Online Checkout,Hosted Checkout,T+1,Hany Soliman,2025-11-29,2025-12-19,2025-12-22,0,2026-06-30,20.0,3.0,1,Active,2025-11,2025-12,2026.0,1,20251129,20251219,20251222,20260630
943,M00943,EG659588181,Horizon Learning,EG,SME,Education,POS Acceptance,POS Terminal,T+2,Hany Soliman,2025-11-30,2025-12-26,2026-01-08,0,2026-06-30,26.0,13.0,1,Active,2025-11,2025-12,2026.0,1,20251130,20251226,20260108,20260630
944,M00944,SA324082703,Palm Logistics,SA,B2B,Logistics,B2B Collections,Payment Links,Weekly,Omar Al-Anazi,2025-11-30,,,0,,,,0,Onboarding (not live),2025-11,,,0,20251130,,,
945,M00945,SA638552986,Green Basket 945,SA,Online,E-commerce,Subscriptions,Direct API,T+2,Turki Al-Shammari,2025-11-30,2026-02-19,2026-02-20,0,2026-06-30,81.0,1.0,1,Active,2025-11,2026-02,2026.0,1,20251130,20260219,20260220,20260630
946,M00946,OM875678169,Nova Outlet 946,OM,SME,Retail,POS Acceptance,POS Terminal,Instant,Salim Al-Harthy,2025-12-01,2025-12-31,2026-01-07,0,2026-06-30,30.0,7.0,1,Active,2025-12,2025-12,2026.0,1,20251201,20251231,20260107,20260630
947,M00947,EG286763395,Urban Cafe 947,EG,SME,Food & Beverage,Payment Links,Payment Links,T+2,Karim Ezzat,2025-12-06,2025-12-14,,0,,8.0,,0,Live - never transacted,2025-12,2025-12,2026.0,1,20251206,20251214,,
948,M00948,EG833255534,Amber Journeys,EG,Online,Travel & Hospitality,Online Checkout,Hosted Checkout,T+2,Nadia Fouad,2025-12-07,2026-01-03,2026-01-11,0,2026-06-30,27.0,8.0,1,Active,2025-12,2026-01,2026.0,1,20251207,20260103,20260111,20260630
949,M00949,EG337514076,Metro Learning,EG,SME,Education,Payment Links,Payment Links,T+2,Nadia Fouad,2025-12-07,2025-12-09,2025-12-18,0,2026-06-30,2.0,9.0,1,Active,2025-12,2025-12,2026.0,1,20251207,20251209,20251218,20260630
950,M00950,SA743782337,Bright Grill 950,SA,SME,Food & Beverage,Payment Links,Payment Links,T+1,Omar Al-Anazi,2025-12-08,2025-12-11,2025-12-11,0,2026-06-30,3.0,0.0,1,Active,2025-12,2025-12,2026.0,1,20251208,20251211,20251211,20260630
951,M00951,EG647433267,Oasis Cloud,EG,Online,Digital Services,Subscriptions,Direct API,T+2,Hany Soliman,2025-12-10,2026-02-12,2026-02-19,0,2026-06-30,64.0,7.0,1,Active,2025-12,2026-02,2026.0,1,20251210,20260212,20260219,20260630
952,M00952,SA475489116,Golden Consulting,SA,SME,Professional Services,Payment Links,Payment Links,T+1,Omar Al-Anazi,2025-12-10,2025-12-15,2025-12-30,0,2026-06-30,5.0,15.0,1,Active,2025-12,2025-12,2026.0,1,20251210,20251215,20251230,20260630
953,M00953,EG718783003,Swift Mart 953,EG,SME,Retail,POS Acceptance,POS Terminal,T+2,Nadia Fouad,2025-12-10,2025-12-28,2025-12-28,0,2026-06-28,18.0,0.0,1,Active,2025-12,2025-12,2026.0,1,20251210,20251228,20251228,20260628
954,M00954,AE568351745,Oasis Utilities,AE,B2B,Telecom & Utilities,Payment Links,Payment Links,Weekly,Yousef Al-Marri,2025-12-11,2025-12-16,2025-12-22,0,2026-06-25,5.0,6.0,1,Active,2025-12,2025-12,2026.0,1,20251211,20251216,20251222,20260625
955,M00955,SA351197729,Urban Basket 955,SA,Online,E-commerce,Online Checkout,E-commerce Plugin,T+2,Turki Al-Shammari,2025-12-11,2026-01-03,2026-01-19,0,2026-06-30,23.0,16.0,1,Active,2025-12,2026-01,2026.0,1,20251211,20260103,20260119,20260630
956,M00956,SA489370296,Amber Institute,SA,Online,Education,Online Checkout,Hosted Checkout,Instant,Reem Al-Ghamdi,2025-12-13,2025-12-24,2025-12-29,0,2026-06-30,11.0,5.0,1,Active,2025-12,2025-12,2026.0,1,20251213,20251224,20251229,20260630
957,M00957,EG711448909,Golden Games,EG,Online,Digital Services,Online Checkout,Hosted Checkout,T+2,Mai Ragab,2025-12-13,2026-01-18,,0,,36.0,,0,Live - never transacted,2025-12,2026-01,2026.0,1,20251213,20260118,,
958,M00958,AE545350652,Pearl Trading,AE,B2B,Distribution & Wholesale,B2B Collections,Direct API,Weekly,Yousef Al-Marri,2025-12-14,,,0,,,,0,Onboarding (not live),2025-12,,,0,20251214,,,
959,M00959,SA247806531,Green Digital,SA,Online,Digital Services,Online Checkout,E-commerce Plugin,T+1,Reem Al-Ghamdi,2025-12-14,2025-12-23,2025-12-26,0,2026-06-30,9.0,3.0,1,Active,2025-12,2025-12,2026.0,1,20251214,20251223,20251226,20260630
960,M00960,SA700672253,Metro Kitchen 960,SA,Online,Food & Beverage,Online Checkout,Hosted Checkout,T+2,Turki Al-Shammari,2025-12-15,2026-01-07,2026-01-13,0,2026-06-30,23.0,6.0,1,Active,2025-12,2026-01,2026.0,1,20251215,20260107,20260113,20260630
961,M00961,EG549485086,Coral EdTech,EG,SME,Education,POS Acceptance,POS Terminal,T+2,Karim Ezzat,2025-12-16,2026-01-18,2026-01-20,0,2026-06-27,33.0,2.0,1,Active,2025-12,2026-01,2026.0,1,20251216,20260118,20260120,20260627
962,M00962,OM700192117,Royal Cafe 962,OM,SME,Food & Beverage,Payment Links,Payment Links,T+1,Salim Al-Harthy,2025-12-22,2025-12-30,,0,,8.0,,0,Live - never transacted,2025-12,2025-12,2026.0,1,20251222,20251230,,
963,M00963,AE417405784,Crescent Kitchen 963,AE,SME,Food & Beverage,Payment Links,Payment Links,Instant,Layla Haddad,2025-12-23,2025-12-26,2026-01-06,0,2026-06-29,3.0,11.0,1,Active,2025-12,2025-12,2026.0,1,20251223,20251226,20260106,20260629
964,M00964,OM942971083,Prime Market 964,OM,SME,Retail,POS Acceptance,POS Terminal,T+1,Salim Al-Harthy,2025-12-24,2026-01-11,2026-01-11,0,2026-06-30,18.0,0.0,1,Active,2025-12,2026-01,2026.0,1,20251224,20260111,20260111,20260630
965,M00965,EG908795816,Metro Wholesale,EG,B2B,Distribution & Wholesale,B2B Collections,Payment Links,T+1,Nadia Fouad,2025-12-27,2025-12-30,2025-12-30,0,2026-06-30,3.0,0.0,1,Active,2025-12,2025-12,2026.0,1,20251227,20251230,20251230,20260630
966,M00966,AE755945667,Silver Cart 966,AE,Online,E-commerce,Online Checkout,Direct API,Instant,Yousef Al-Marri,2025-12-27,,,0,,,,0,Onboarding (not live),2025-12,,,0,20251227,,,
967,M00967,SA559191767,Bright Stays,SA,Online,Travel & Hospitality,Online Checkout,Hosted Checkout,T+1,Turki Al-Shammari,2025-12-30,2026-01-10,2026-01-21,0,2026-06-30,11.0,11.0,1,Active,2025-12,2026-01,2026.0,1,20251230,20260110,20260121,20260630
968,M00968,SA693304792,Pearl Cargo,SA,B2B,Logistics,Payment Links,Payment Links,T+1,Turki Al-Shammari,2025-12-30,2026-01-06,2026-01-08,0,2026-06-29,7.0,2.0,1,Active,2025-12,2026-01,2026.0,1,20251230,20260106,20260108,20260629
969,M00969,SA506335203,Nova Academy,SA,SME,Education,POS Acceptance,POS Terminal,Instant,Reem Al-Ghamdi,2026-01-01,2026-01-27,2026-01-28,0,2026-06-29,26.0,1.0,1,Active,2026-01,2026-01,2026.0,1,20260101,20260127,20260128,20260629
970,M00970,EG374768013,Nova Games,EG,Online,Digital Services,Subscriptions,Direct API,T+1,Hany Soliman,2026-01-03,2026-02-18,2026-02-28,0,2026-06-30,46.0,10.0,1,Active,2026-01,2026-02,2026.0,1,20260103,20260218,20260228,20260630
971,M00971,OM183510174,Swift Boutique 971,OM,SME,Retail,Online Checkout,E-commerce Plugin,T+1,Salim Al-Harthy,2026-01-04,2026-01-20,2026-01-22,0,2026-06-30,16.0,2.0,1,Active,2026-01,2026-01,2026.0,1,20260104,20260120,20260122,20260630
972,M00972,EG349893032,Zenith Hotels,EG,Online,Travel & Hospitality,Online Checkout,Direct API,T+2,Karim Ezzat,2026-01-05,,,0,,,,0,Onboarding (not live),2026-01,,,0,20260105,,,
973,M00973,OM386383673,Pearl Stores 973,OM,SME,Retail,Payment Links,Payment Links,T+2,Salim Al-Harthy,2026-01-06,2026-01-13,2026-02-06,0,2026-06-30,7.0,24.0,1,Active,2026-01,2026-01,2026.0,1,20260106,20260113,20260206,20260630
974,M00974,SA333336650,Palm Cart 974,SA,Online,E-commerce,Online Checkout,E-commerce Plugin,T+1,Reem Al-Ghamdi,2026-01-07,2026-01-17,2026-01-24,0,2026-06-30,10.0,7.0,1,Active,2026-01,2026-01,2026.0,1,20260107,20260117,20260124,20260630
975,M00975,AE512828415,Metro Outlet 975,AE,SME,Retail,Online Checkout,Hosted Checkout,T+2,Yousef Al-Marri,2026-01-07,2026-02-12,2026-03-20,0,2026-06-30,36.0,36.0,0,Active,2026-01,2026-02,2026.0,1,20260107,20260212,20260320,20260630
976,M00976,EG103023484,Golden Outlet 976,EG,Enterprise,Retail,Online Checkout,Hosted Checkout,T+2,Mai Ragab,2026-01-07,2026-01-17,2026-02-10,0,2026-06-30,10.0,24.0,1,Active,2026-01,2026-01,2026.0,1,20260107,20260117,20260210,20260630
977,M00977,EG331175012,Swift Supply,EG,B2B,Distribution & Wholesale,B2B Collections,Direct API,Weekly,Hany Soliman,2026-01-07,2026-04-24,2026-04-28,0,2026-06-29,107.0,4.0,1,Active,2026-01,2026-04,2026.0,1,20260107,20260424,20260428,20260629
978,M00978,EG721697256,Blue Trading,EG,B2B,Distribution & Wholesale,B2B Collections,Direct API,T+1,Karim Ezzat,2026-01-08,2026-02-21,2026-03-01,0,2026-06-30,44.0,8.0,1,Active,2026-01,2026-02,2026.0,1,20260108,20260221,20260301,20260630
979,M00979,AE286189201,Oasis Games,AE,Online,Digital Services,Online Checkout,E-commerce Plugin,T+2,Layla Haddad,2026-01-08,2026-01-25,2026-01-27,0,2026-06-30,17.0,2.0,1,Active,2026-01,2026-01,2026.0,1,20260108,20260125,20260127,20260630
980,M00980,EG710184265,Falcon Stays,EG,Online,Travel & Hospitality,Online Checkout,Direct API,T+2,Nadia Fouad,2026-01-08,2026-03-03,,0,,54.0,,0,Live - never transacted,2026-01,2026-03,2026.0,1,20260108,20260303,,
981,M00981,OM236340585,Oasis Net,OM,B2B,Telecom & Utilities,B2B Collections,Direct API,Weekly,Salim Al-Harthy,2026-01-09,2026-03-16,2026-03-23,0,2026-06-28,66.0,7.0,1,Active,2026-01,2026-03,2026.0,1,20260109,20260316,20260323,20260628
982,M00982,EG759961492,Pearl Boutique 982,EG,SME,Retail,Payment Links,Payment Links,T+1,Nadia Fouad,2026-01-10,2026-01-15,2026-01-25,0,2026-06-30,5.0,10.0,1,Active,2026-01,2026-01,2026.0,1,20260110,20260115,20260125,20260630
983,M00983,SA147381632,Bright Hotels,SA,Online,Travel & Hospitality,Subscriptions,Direct API,T+1,Turki Al-Shammari,2026-01-11,2026-05-08,2026-05-09,0,2026-06-30,117.0,1.0,1,Active,2026-01,2026-05,2026.0,1,20260111,20260508,20260509,20260630
984,M00984,EG268345185,Crescent Distribution,EG,B2B,Distribution & Wholesale,B2B Collections,Direct API,Weekly,Hany Soliman,2026-01-12,2026-05-11,2026-05-13,0,2026-06-28,119.0,2.0,1,Active,2026-01,2026-05,2026.0,1,20260112,20260511,20260513,20260628
985,M00985,EG427255297,Oasis Academy,EG,SME,Education,Online Checkout,E-commerce Plugin,T+2,Nadia Fouad,2026-01-16,2026-02-07,2026-02-20,0,2026-06-30,22.0,13.0,1,Active,2026-01,2026-02,2026.0,1,20260116,20260207,20260220,20260630
986,M00986,EG829367161,Oasis Services,EG,SME,Professional Services,Online Checkout,Direct API,Instant,Mai Ragab,2026-01-16,2026-04-17,,0,,91.0,,0,Live - never transacted,2026-01,2026-04,2026.0,1,20260116,20260417,,
987,M00987,SA161949441,Crescent EdTech,SA,Online,Education,Online Checkout,E-commerce Plugin,T+2,Reem Al-Ghamdi,2026-01-16,2026-02-09,2026-02-19,0,2026-06-30,24.0,10.0,1,Active,2026-01,2026-02,2026.0,1,20260116,20260209,20260219,20260630
988,M00988,AE655038963,Pearl Shop 988,AE,Online,E-commerce,Online Checkout,Direct API,T+2,Yousef Al-Marri,2026-01-18,2026-05-03,2026-05-07,0,2026-06-30,105.0,4.0,1,Active,2026-01,2026-05,2026.0,1,20260118,20260503,20260507,20260630
989,M00989,SA338850328,Zenith Legal,SA,SME,Professional Services,Payment Links,Payment Links,T+2,Turki Al-Shammari,2026-01-24,2026-01-29,,0,,5.0,,0,Live - never transacted,2026-01,2026-01,2026.0,1,20260124,20260129,,
990,M00990,OM435145511,Nova Online 990,OM,Online,E-commerce,Subscriptions,Direct API,T+2,Salim Al-Harthy,2026-01-29,2026-03-11,2026-03-15,0,2026-06-30,41.0,4.0,1,Active,2026-01,2026-03,2026.0,1,20260129,20260311,20260315,20260630
991,M00991,SA460557898,Cedar Mart 991,SA,SME,Retail,Online Checkout,E-commerce Plugin,T+2,Turki Al-Shammari,2026-01-30,2026-02-22,2026-02-26,0,2026-06-30,23.0,4.0,1,Active,2026-01,2026-02,2026.0,1,20260130,20260222,20260226,20260630
992,M00992,SA400898598,Prime Distribution,SA,B2B,Distribution & Wholesale,B2B Collections,Direct API,T+1,Turki Al-Shammari,2026-01-30,,,0,,,,0,Onboarding (not live),2026-01,,,0,20260130,,,
993,M00993,OM971635430,Oasis Advisory,OM,SME,Professional Services,Online Checkout,Hosted Checkout,T+2,Salim Al-Harthy,2026-01-31,2026-03-07,2026-03-17,0,2026-06-28,35.0,10.0,1,Active,2026-01,2026-03,2026.0,1,20260131,20260307,20260317,20260628
994,M00994,SA200218731,Coral Medical,SA,SME,Healthcare,POS Acceptance,POS Terminal,T+2,Turki Al-Shammari,2026-02-01,2026-02-22,2026-02-26,0,2026-06-30,21.0,4.0,1,Active,2026-02,2026-02,2026.0,1,20260201,20260222,20260226,20260630
995,M00995,SA909427280,Cedar Basket 995,SA,Online,E-commerce,Online Checkout,E-commerce Plugin,T+1,Omar Al-Anazi,2026-02-03,2026-02-24,2026-03-04,0,2026-06-30,21.0,8.0,1,Active,2026-02,2026-02,2026.0,1,20260203,20260224,20260304,20260630
996,M00996,EG386505861,Cedar Deals 996,EG,Online,E-commerce,Online Checkout,Direct API,T+1,Karim Ezzat,2026-02-04,,,0,,,,0,Onboarding (not live),2026-02,,,0,20260204,,,
997,M00997,EG647459512,Blue Logistics,EG,B2B,Logistics,B2B Collections,Payment Links,T+1,Nadia Fouad,2026-02-04,2026-02-14,,0,,10.0,,0,Live - never transacted,2026-02,2026-02,2026.0,1,20260204,20260214,,
998,M00998,EG191085202,Pearl Academy,EG,Online,Education,Online Checkout,Hosted Checkout,T+1,Hany Soliman,2026-02-05,2026-02-26,2026-02-28,0,2026-06-30,21.0,2.0,1,Active,2026-02,2026-02,2026.0,1,20260205,20260226,20260228,20260630
999,M00999,SA502724272,Green Kitchen 999,SA,SME,Food & Beverage,Online Checkout,Direct API,Instant,Omar Al-Anazi,2026-02-08,2026-03-17,2026-03-23,0,2026-06-30,37.0,6.0,1,Active,2026-02,2026-03,2026.0,1,20260208,20260317,20260323,20260630
1000,M01000,OM504802421,Bright Partners,OM,B2B,Professional Services,B2B Collections,Direct API,Weekly,Salim Al-Harthy,2026-02-09,2026-05-21,,0,,101.0,,0,Live - never transacted,2026-02,2026-05,2026.0,1,20260209,20260521,,
1001,M01001,EG452826753,Coral Shop 1001,EG,Online,E-commerce,Subscriptions,Direct API,T+1,Nadia Fouad,2026-02-11,2026-05-30,2026-06-02,0,2026-06-30,108.0,3.0,1,Active,2026-02,2026-05,2026.0,1,20260211,20260530,20260602,20260630
1002,M01002,AE232247455,Nova Grill 1002,AE,SME,Food & Beverage,POS Acceptance,POS Terminal,T+2,Yousef Al-Marri,2026-02-11,2026-03-14,2026-03-16,0,2026-06-30,31.0,2.0,1,Active,2026-02,2026-03,2026.0,1,20260211,20260314,20260316,20260630
1003,M01003,AE285502973,Prime Stores 1003,AE,SME,Retail,POS Acceptance,POS Terminal,T+2,Yousef Al-Marri,2026-02-12,2026-03-04,2026-03-04,0,2026-06-30,20.0,0.0,1,Active,2026-02,2026-03,2026.0,1,20260212,20260304,20260304,20260630
1004,M01004,EG146602269,Prime Roastery 1004,EG,SME,Food & Beverage,Payment Links,Payment Links,T+1,Mai Ragab,2026-02-13,,,0,,,,0,Onboarding (not live),2026-02,,,0,20260213,,,
1005,M01005,EG215907507,Green Logistics,EG,B2B,Logistics,B2B Collections,Payment Links,T+1,Hany Soliman,2026-02-13,2026-02-15,,0,,2.0,,0,Live - never transacted,2026-02,2026-02,2026.0,1,20260213,20260215,,
1006,M01006,OM716128158,Amber Basket 1006,OM,Online,E-commerce,Online Checkout,Hosted Checkout,T+2,Salim Al-Harthy,2026-02-15,2026-03-22,2026-04-01,0,2026-06-30,35.0,10.0,1,Active,2026-02,2026-03,2026.0,1,20260215,20260322,20260401,20260630
1007,M01007,EG614561530,Blue Roastery 1007,EG,Online,Food & Beverage,Online Checkout,Hosted Checkout,T+1,Mai Ragab,2026-02-18,2026-03-08,2026-03-11,0,2026-06-30,18.0,3.0,1,Active,2026-02,2026-03,2026.0,1,20260218,20260308,20260311,20260630
1008,M01008,SA663148534,Bright Mart 1008,SA,SME,Retail,POS Acceptance,POS Terminal,T+1,Reem Al-Ghamdi,2026-02-19,2026-03-24,2026-03-24,0,2026-06-30,33.0,0.0,1,Active,2026-02,2026-03,2026.0,1,20260219,20260324,20260324,20260630
1009,M01009,AE940712827,Horizon Logistics,AE,B2B,Logistics,B2B Collections,Direct API,Weekly,Yousef Al-Marri,2026-02-20,2026-06-02,2026-06-07,0,2026-06-30,102.0,5.0,1,Active,2026-02,2026-06,2026.0,1,20260220,20260602,20260607,20260630
1010,M01010,AE886274746,Pearl Tours,AE,Online,Travel & Hospitality,Online Checkout,Hosted Checkout,T+2,Yousef Al-Marri,2026-02-20,2026-03-05,,0,,13.0,,0,Live - never transacted,2026-02,2026-03,2026.0,1,20260220,20260305,,
1011,M01011,SA864114720,Falcon Roastery 1011,SA,SME,Food & Beverage,POS Acceptance,POS Terminal,Instant,Turki Al-Shammari,2026-02-22,,,0,,,,0,Onboarding (not live),2026-02,,,0,20260222,,,
1012,M01012,AE278676287,Crescent Basket 1012,AE,Online,E-commerce,Online Checkout,Direct API,T+2,Layla Haddad,2026-02-22,,,0,,,,0,Onboarding (not live),2026-02,,,0,20260222,,,
1013,M01013,EG850480139,Royal Trading,EG,B2B,Distribution & Wholesale,B2B Collections,Payment Links,Weekly,Mai Ragab,2026-02-22,2026-02-27,2026-03-22,0,2026-06-29,5.0,23.0,1,Active,2026-02,2026-02,2026.0,1,20260222,20260227,20260322,20260629
1014,M01014,AE186561367,Blue Supply,AE,B2B,Distribution & Wholesale,B2B Collections,Direct API,Weekly,Yousef Al-Marri,2026-02-26,,,0,,,,0,Onboarding (not live),2026-02,,,0,20260226,,,
1015,M01015,AE309318112,Golden Shop 1015,AE,Online,E-commerce,Online Checkout,E-commerce Plugin,T+2,Yousef Al-Marri,2026-02-26,2026-03-18,2026-04-03,0,2026-06-30,20.0,16.0,1,Active,2026-02,2026-03,2026.0,1,20260226,20260318,20260403,20260630
1016,M01016,SA996021577,Silver Shop 1016,SA,Online,E-commerce,Online Checkout,Direct API,T+2,Reem Al-Ghamdi,2026-02-28,2026-04-27,2026-05-07,0,2026-06-30,58.0,10.0,1,Active,2026-02,2026-04,2026.0,1,20260228,20260427,20260507,20260630
1017,M01017,SA620362330,Blue Express,SA,B2B,Logistics,B2B Collections,Payment Links,Weekly,Turki Al-Shammari,2026-03-01,2026-03-11,2026-04-08,0,2026-06-30,10.0,28.0,1,Active,2026-03,2026-03,2026.0,1,20260301,20260311,20260408,20260630
1018,M01018,EG995663124,Silver Mart 1018,EG,SME,Retail,Payment Links,Payment Links,T+2,Karim Ezzat,2026-03-02,2026-03-07,,0,,5.0,,0,Live - never transacted,2026-03,2026-03,2026.0,1,20260302,20260307,,
1019,M01019,OM781648289,Urban Schools,OM,SME,Education,POS Acceptance,POS Terminal,T+2,Salim Al-Harthy,2026-03-02,2026-03-21,2026-03-21,0,2026-06-30,19.0,0.0,1,Active,2026-03,2026-03,2026.0,1,20260302,20260321,20260321,20260630
1020,M01020,AE950851875,Coral Shop 1020,AE,Online,E-commerce,Online Checkout,Hosted Checkout,T+2,Yousef Al-Marri,2026-03-03,2026-04-07,,0,,35.0,,0,Live - never transacted,2026-03,2026-04,2026.0,1,20260303,20260407,,
1021,M01021,EG310678152,Golden Deals 1021,EG,Online,E-commerce,Online Checkout,Direct API,T+2,Karim Ezzat,2026-03-03,2026-05-06,2026-05-16,0,2026-06-30,64.0,10.0,1,Active,2026-03,2026-05,2026.0,1,20260303,20260506,20260516,20260630
1022,M01022,EG448150005,Crescent Bakery 1022,EG,SME,Food & Beverage,Payment Links,Payment Links,Instant,Mai Ragab,2026-03-03,2026-03-13,2026-03-25,0,2026-06-30,10.0,12.0,1,Active,2026-03,2026-03,2026.0,1,20260303,20260313,20260325,20260630
1023,M01023,EG523240890,Coral Basket 1023,EG,Online,E-commerce,Subscriptions,Direct API,T+2,Hany Soliman,2026-03-04,2026-05-23,2026-05-27,0,2026-06-30,80.0,4.0,1,Active,2026-03,2026-05,2026.0,1,20260304,20260523,20260527,20260630
1024,M01024,EG879518264,Palm Learning,EG,SME,Education,POS Acceptance,POS Terminal,T+2,Karim Ezzat,2026-03-05,2026-03-19,2026-04-09,0,2026-06-30,14.0,21.0,1,Active,2026-03,2026-03,2026.0,1,20260305,20260319,20260409,20260630
1025,M01025,SA209819989,Coral Consulting,SA,SME,Professional Services,Payment Links,Payment Links,T+2,Turki Al-Shammari,2026-03-07,2026-03-15,2026-04-13,0,2026-06-30,8.0,29.0,1,Active,2026-03,2026-03,2026.0,1,20260307,20260315,20260413,20260630
1026,M01026,EG810896574,Royal Schools,EG,SME,Education,Online Checkout,Hosted Checkout,T+1,Hany Soliman,2026-03-07,2026-04-01,,0,,25.0,,0,Live - never transacted,2026-03,2026-04,2026.0,1,20260307,20260401,,
1027,M01027,EG782213097,Bright Wholesale,EG,B2B,Distribution & Wholesale,B2B Collections,Direct API,Weekly,Nadia Fouad,2026-03-08,,,0,,,,0,Onboarding (not live),2026-03,,,0,20260308,,,
1028,M01028,SA404185012,Oasis Legal,SA,SME,Professional Services,POS Acceptance,POS Terminal,T+1,Omar Al-Anazi,2026-03-08,2026-04-01,2026-04-03,0,2026-06-29,24.0,2.0,1,Active,2026-03,2026-04,2026.0,1,20260308,20260401,20260403,20260629
1029,M01029,EG392270526,Pearl Consulting 1029,EG,SME,Professional Services,POS Acceptance,POS Terminal,T+2,Nadia Fouad,2026-03-08,2026-03-27,2026-03-29,0,2026-06-30,19.0,2.0,1,Active,2026-03,2026-03,2026.0,1,20260308,20260327,20260329,20260630
1030,M01030,EG618876377,Prime Supply,EG,B2B,Distribution & Wholesale,B2B Collections,Payment Links,T+1,Mai Ragab,2026-03-08,2026-03-13,2026-03-18,0,2026-06-30,5.0,5.0,1,Active,2026-03,2026-03,2026.0,1,20260308,20260313,20260318,20260630
1031,M01031,EG457063528,Blue Institute,EG,Online,Education,Online Checkout,E-commerce Plugin,T+2,Karim Ezzat,2026-03-11,2026-03-21,2026-04-02,0,2026-06-17,10.0,12.0,1,Active,2026-03,2026-03,2026.0,1,20260311,20260321,20260402,20260617
1032,M01032,SA458701773,Sand Academy,SA,SME,Education,POS Acceptance,POS Terminal,T+2,Reem Al-Ghamdi,2026-03-12,2026-03-25,2026-03-30,0,2026-06-30,13.0,5.0,1,Active,2026-03,2026-03,2026.0,1,20260312,20260325,20260330,20260630
1033,M01033,EG699092851,Horizon Consulting 1033,EG,SME,Professional Services,Payment Links,Payment Links,T+1,Mai Ragab,2026-03-13,2026-03-20,2026-03-26,0,2026-06-30,7.0,6.0,1,Active,2026-03,2026-03,2026.0,1,20260313,20260320,20260326,20260630
1034,M01034,SA626720681,Cedar Outlet 1034,SA,SME,Retail,POS Acceptance,POS Terminal,T+1,Reem Al-Ghamdi,2026-03-13,2026-03-24,2026-03-31,0,2026-06-30,11.0,7.0,1,Active,2026-03,2026-03,2026.0,1,20260313,20260324,20260331,20260630
1035,M01035,EG314856570,Falcon Journeys,EG,Enterprise,Travel & Hospitality,Online Checkout,Direct API,T+1,Hany Soliman,2026-03-13,2026-06-29,,0,,108.0,,0,Live - never transacted,2026-03,2026-06,2026.0,1,20260313,20260629,,
1036,M01036,EG229414617,Falcon Learning,EG,SME,Education,POS Acceptance,POS Terminal,Instant,Karim Ezzat,2026-03-14,2026-04-11,2026-04-13,0,2026-06-28,28.0,2.0,1,Active,2026-03,2026-04,2026.0,1,20260314,20260411,20260413,20260628
1037,M01037,AE210471613,Falcon Partners,AE,SME,Professional Services,Payment Links,Payment Links,T+2,Yousef Al-Marri,2026-03-15,2026-03-24,,0,,9.0,,0,Live - never transacted,2026-03,2026-03,2026.0,1,20260315,20260324,,
1038,M01038,EG586961269,Amber Services 1038,EG,SME,Professional Services,POS Acceptance,POS Terminal,T+1,Mai Ragab,2026-03-16,2026-04-08,2026-04-16,0,2026-06-29,23.0,8.0,1,Active,2026-03,2026-04,2026.0,1,20260316,20260408,20260416,20260629
1039,M01039,SA321797987,Crescent Cafe 1039,SA,SME,Food & Beverage,POS Acceptance,POS Terminal,T+1,Omar Al-Anazi,2026-03-16,2026-04-01,2026-04-10,0,2026-06-30,16.0,9.0,1,Active,2026-03,2026-04,2026.0,1,20260316,20260401,20260410,20260630
1040,M01040,EG841209363,Golden Mart 1040,EG,SME,Retail,Online Checkout,Hosted Checkout,Instant,Karim Ezzat,2026-03-17,2026-04-26,,0,,40.0,,0,Live - never transacted,2026-03,2026-04,2026.0,1,20260317,20260426,,
1041,M01041,OM129768291,Prime Basket 1041,OM,Online,E-commerce,Online Checkout,Direct API,T+2,Salim Al-Harthy,2026-03-17,,,0,,,,0,Onboarding (not live),2026-03,,,0,20260317,,,
1042,M01042,AE221142304,Urban Roastery 1042,AE,SME,Food & Beverage,POS Acceptance,POS Terminal,T+1,Yousef Al-Marri,2026-03-17,2026-03-27,2026-03-28,0,2026-06-30,10.0,1.0,1,Active,2026-03,2026-03,2026.0,1,20260317,20260327,20260328,20260630
1043,M01043,SA363280396,Sand Legal 1043,SA,B2B,Professional Services,Payment Links,Payment Links,Weekly,Omar Al-Anazi,2026-03-18,2026-03-22,2026-03-22,1,2026-06-28,4.0,0.0,1,Active,2026-03,2026-03,2026.0,1,20260318,20260322,20260322,20260628
1044,M01044,AE673709124,Swift Deals 1044,AE,Online,E-commerce,Online Checkout,Direct API,T+2,Layla Haddad,2026-03-19,,,0,,,,0,Onboarding (not live),2026-03,,,0,20260319,,,
1045,M01045,SA140143161,Palm Traders,SA,B2B,Distribution & Wholesale,B2B Collections,Payment Links,Weekly,Reem Al-Ghamdi,2026-03-20,2026-03-24,2026-03-29,0,2026-06-28,4.0,5.0,1,Active,2026-03,2026-03,2026.0,1,20260320,20260324,20260329,20260628
1046,M01046,AE887809291,Horizon Deals 1046,AE,Online,E-commerce,Online Checkout,Hosted Checkout,T+2,Layla Haddad,2026-03-20,2026-04-27,,0,,38.0,,0,Live - never transacted,2026-03,2026-04,2026.0,1,20260320,20260427,,
1047,M01047,OM754795503,Silver Deals 1047,OM,Online,E-commerce,Subscriptions,Direct API,T+1,Salim Al-Harthy,2026-03-20,2026-04-19,2026-04-22,0,2026-06-30,30.0,3.0,1,Active,2026-03,2026-04,2026.0,1,20260320,20260419,20260422,20260630
1048,M01048,OM722561468,Zenith Kitchen 1048,OM,SME,Food & Beverage,POS Acceptance,POS Terminal,T+1,Salim Al-Harthy,2026-03-21,2026-03-31,2026-04-04,0,2026-06-30,10.0,4.0,1,Active,2026-03,2026-03,2026.0,1,20260321,20260331,20260404,20260630
1049,M01049,SA940007503,Oasis Boutique 1049,SA,SME,Retail,Payment Links,Payment Links,Instant,Turki Al-Shammari,2026-03-21,2026-03-26,,0,,5.0,,0,Live - never transacted,2026-03,2026-03,2026.0,1,20260321,20260326,,
1050,M01050,EG617191234,Cedar Mart 1050,EG,SME,Retail,Online Checkout,Direct API,T+1,Mai Ragab,2026-03-22,2026-06-20,,0,,90.0,,0,Live - never transacted,2026-03,2026-06,2026.0,1,20260322,20260620,,
1051,M01051,EG340916419,Oasis Tours,EG,Enterprise,Travel & Hospitality,Online Checkout,Direct API,T+1,Hany Soliman,2026-03-24,2026-06-27,,0,,95.0,,0,Live - never transacted,2026-03,2026-06,2026.0,1,20260324,20260627,,
1052,M01052,EG190957754,Crescent Legal 1052,EG,B2B,Professional Services,B2B Collections,Direct API,Weekly,Hany Soliman,2026-03-25,2026-05-15,,0,,51.0,,0,Live - never transacted,2026-03,2026-05,2026.0,1,20260325,20260515,,
1053,M01053,EG360619428,Cedar Learning,EG,SME,Education,POS Acceptance,POS Terminal,T+1,Hany Soliman,2026-03-26,2026-04-21,2026-04-26,0,2026-06-30,26.0,5.0,1,Active,2026-03,2026-04,2026.0,1,20260326,20260421,20260426,20260630
1054,M01054,EG161830237,Palm Consulting 1054,EG,SME,Professional Services,Payment Links,Payment Links,Instant,Mai Ragab,2026-03-27,2026-03-30,2026-04-08,0,2026-06-30,3.0,9.0,1,Active,2026-03,2026-03,2026.0,1,20260327,20260330,20260408,20260630
1055,M01055,EG989242475,Green Boutique 1055,EG,SME,Retail,POS Acceptance,POS Terminal,T+1,Nadia Fouad,2026-03-28,2026-05-02,2026-05-13,0,2026-06-29,35.0,11.0,1,Active,2026-03,2026-05,2026.0,1,20260328,20260502,20260513,20260629
1056,M01056,SA652243125,Falcon Outlet 1056,SA,SME,Retail,Online Checkout,Hosted Checkout,T+1,Omar Al-Anazi,2026-03-30,2026-04-28,2026-05-01,0,2026-06-30,29.0,3.0,1,Active,2026-03,2026-04,2026.0,1,20260330,20260428,20260501,20260630
1057,M01058,SA126540735,Falcon Outlet 1058,SA,SME,Retail,POS Acceptance,POS Terminal,T+2,Turki Al-Shammari,2026-03-30,2026-04-17,2026-04-19,0,2026-06-29,18.0,2.0,1,Active,2026-03,2026-04,2026.0,1,20260330,20260417,20260419,20260629
1058,M01059,SA951743097,Blue Cafe 1059,SA,SME,Food & Beverage,Payment Links,Payment Links,T+2,Turki Al-Shammari,2026-04-01,2026-04-10,,0,,9.0,,0,Live - never transacted,2026-04,2026-04,2026.0,1,20260401,20260410,,
1059,M01060,AE899860359,Cedar Roastery 1060,AE,SME,Food & Beverage,Payment Links,Payment Links,Instant,Layla Haddad,2026-04-01,2026-04-09,2026-04-18,0,2026-06-30,8.0,9.0,1,Active,2026-04,2026-04,2026.0,1,20260401,20260409,20260418,20260630
1060,M01061,EG660517576,Falcon Services 1061,EG,SME,Professional Services,Payment Links,Payment Links,T+1,Mai Ragab,2026-04-02,2026-04-09,,0,,7.0,,0,Live - never transacted,2026-04,2026-04,2026.0,1,20260402,20260409,,
1061,M01062,SA960678556,Horizon Cafe 1062,SA,SME,Food & Beverage,Payment Links,Payment Links,T+1,Omar Al-Anazi,2026-04-02,2026-04-04,2026-04-05,0,2026-06-30,2.0,1.0,1,Active,2026-04,2026-04,2026.0,1,20260402,20260404,20260405,20260630
1062,M01063,EG958671332,Bright Roastery 1063,EG,SME,Food & Beverage,Payment Links,Payment Links,T+1,Mai Ragab,2026-04-04,2026-04-07,2026-05-02,0,2026-06-30,3.0,25.0,1,Active,2026-04,2026-04,2026.0,1,20260404,20260407,20260502,20260630
1063,M01064,SA377490747,Falcon Academy,SA,SME,Education,POS Acceptance,POS Terminal,T+1,Reem Al-Ghamdi,2026-04-04,2026-04-27,2026-04-29,0,2026-06-29,23.0,2.0,1,Active,2026-04,2026-04,2026.0,1,20260404,20260427,20260429,20260629
1064,M01065,EG199464088,Golden Advisory 1065,EG,SME,Professional Services,Payment Links,Payment Links,Instant,Nadia Fouad,2026-04-04,2026-04-08,,0,,4.0,,0,Live - never transacted,2026-04,2026-04,2026.0,1,20260404,20260408,,
1065,M01066,SA375005816,Silver Hotels,SA,Online,Travel & Hospitality,Online Checkout,Hosted Checkout,T+1,Omar Al-Anazi,2026-04-05,2026-05-09,,0,,34.0,,0,Live - never transacted,2026-04,2026-05,2026.0,1,20260405,20260509,,
1066,M01067,OM491917249,Urban Freight,OM,B2B,Logistics,B2B Collections,Payment Links,T+1,Salim Al-Harthy,2026-04-08,2026-04-11,,0,,3.0,,0,Live - never transacted,2026-04,2026-04,2026.0,1,20260408,20260411,,
1067,M01068,EG279725449,Swift Boutique 1068,EG,SME,Retail,Payment Links,Payment Links,T+2,Karim Ezzat,2026-04-09,2026-04-11,2026-04-12,0,2026-06-30,2.0,1.0,1,Active,2026-04,2026-04,2026.0,1,20260409,20260411,20260412,20260630
1068,M01069,AE292119623,Sand Deals 1069,AE,Online,E-commerce,Online Checkout,Hosted Checkout,Instant,Yousef Al-Marri,2026-04-10,2026-05-11,2026-05-29,0,2026-06-30,31.0,18.0,1,Active,2026-04,2026-05,2026.0,1,20260410,20260511,20260529,20260630
1069,M01070,EG593655028,Crescent Games,EG,Online,Digital Services,Online Checkout,Direct API,T+1,Hany Soliman,2026-04-11,,,0,,,,0,Onboarding (not live),2026-04,,,0,20260411,,,
1070,M01071,AE639966691,Blue Mart 1071,AE,SME,Retail,POS Acceptance,POS Terminal,T+2,Layla Haddad,2026-04-12,2026-05-06,2026-05-10,0,2026-06-29,24.0,4.0,1,Active,2026-04,2026-05,2026.0,1,20260412,20260506,20260510,20260629
1071,M01072,OM412441067,Urban Roastery 1072,OM,SME,Food & Beverage,POS Acceptance,POS Terminal,Instant,Salim Al-Harthy,2026-04-12,2026-04-29,2026-04-29,0,2026-06-30,17.0,0.0,1,Active,2026-04,2026-04,2026.0,1,20260412,20260429,20260429,20260630
1072,M01073,SA711015471,Coral Grill 1073,SA,SME,Food & Beverage,POS Acceptance,POS Terminal,T+2,Reem Al-Ghamdi,2026-04-15,2026-05-09,2026-05-14,0,2026-06-30,24.0,5.0,1,Active,2026-04,2026-05,2026.0,1,20260415,20260509,20260514,20260630
1073,M01074,SA711109092,Zenith Roastery 1074,SA,Enterprise,Food & Beverage,POS Acceptance,POS Terminal,Weekly,Reem Al-Ghamdi,2026-04-17,2026-04-27,2026-04-30,0,2026-06-30,10.0,3.0,1,Active,2026-04,2026-04,2026.0,1,20260417,20260427,20260430,20260630
1074,M01075,AE155861221,Nova Roastery 1075,AE,SME,Food & Beverage,POS Acceptance,POS Terminal,Instant,Yousef Al-Marri,2026-04-17,2026-05-02,2026-05-03,0,2026-06-30,15.0,1.0,1,Active,2026-04,2026-05,2026.0,1,20260417,20260502,20260503,20260630
1075,M01076,SA945775986,Urban Net,SA,B2B,Telecom & Utilities,B2B Collections,Payment Links,Weekly,Reem Al-Ghamdi,2026-04-18,2026-04-23,2026-06-18,0,2026-06-30,5.0,56.0,0,Active,2026-04,2026-04,2026.0,1,20260418,20260423,20260618,20260630
1076,M01077,SA445385465,Cedar Cart 1077,SA,Online,E-commerce,Online Checkout,Hosted Checkout,T+1,Omar Al-Anazi,2026-04-21,2026-05-05,,0,,14.0,,0,Live - never transacted,2026-04,2026-05,2026.0,1,20260421,20260505,,
1077,M01078,AE813274406,Bright Deals 1078,AE,Online,E-commerce,Online Checkout,Hosted Checkout,T+2,Yousef Al-Marri,2026-04-22,2026-05-10,2026-05-10,0,2026-06-30,18.0,0.0,1,Active,2026-04,2026-05,2026.0,1,20260422,20260510,20260510,20260630
1078,M01079,AE173430132,Prime EdTech,AE,SME,Education,POS Acceptance,POS Terminal,T+2,Yousef Al-Marri,2026-04-22,2026-05-19,2026-05-29,0,2026-06-28,27.0,10.0,1,Active,2026-04,2026-05,2026.0,1,20260422,20260519,20260529,20260628
1079,M01080,EG148562196,Palm Cart 1080,EG,Online,E-commerce,Online Checkout,Direct API,Instant,Hany Soliman,2026-04-26,2026-05-29,2026-06-08,0,2026-06-30,33.0,10.0,1,Active,2026-04,2026-05,2026.0,1,20260426,20260529,20260608,20260630
1080,M01081,AE145067044,Bright Stores 1081,AE,SME,Retail,Online Checkout,E-commerce Plugin,Instant,Yousef Al-Marri,2026-04-26,2026-05-12,2026-05-23,0,2026-06-30,16.0,11.0,1,Active,2026-04,2026-05,2026.0,1,20260426,20260512,20260523,20260630
1081,M01082,EG779290435,Silver Market 1082,EG,SME,Retail,POS Acceptance,POS Terminal,T+1,Hany Soliman,2026-04-26,2026-05-21,2026-05-28,0,2026-06-28,25.0,7.0,1,Active,2026-04,2026-05,2026.0,1,20260426,20260521,20260528,20260628
1082,M01083,AE299503118,Cedar Kitchen 1083,AE,SME,Food & Beverage,POS Acceptance,POS Terminal,T+2,Layla Haddad,2026-04-27,2026-05-28,2026-05-30,0,2026-06-30,31.0,2.0,1,Active,2026-04,2026-05,2026.0,1,20260427,20260528,20260530,20260630
1083,M01084,EG886138867,Bright Trading,EG,B2B,Distribution & Wholesale,B2B Collections,Payment Links,T+1,Nadia Fouad,2026-04-27,2026-05-02,2026-05-11,0,2026-06-29,5.0,9.0,1,Active,2026-04,2026-05,2026.0,1,20260427,20260502,20260511,20260629
1084,M01085,OM645016906,Swift Wholesale,OM,B2B,Distribution & Wholesale,B2B Collections,Direct API,T+1,Salim Al-Harthy,2026-04-27,,,0,,,,0,Onboarding (not live),2026-04,,,0,20260427,,,
1085,M01086,EG191960141,Cedar Basket 1086,EG,Online,E-commerce,Online Checkout,Hosted Checkout,T+2,Mai Ragab,2026-04-28,2026-05-15,2026-05-20,0,2026-06-30,17.0,5.0,1,Active,2026-04,2026-05,2026.0,1,20260428,20260515,20260520,20260630
1086,M01087,SA674560065,Oasis Cart 1087,SA,Online,E-commerce,Online Checkout,Direct API,T+2,Omar Al-Anazi,2026-04-29,,,0,,,,0,Onboarding (not live),2026-04,,,0,20260429,,,
1087,M01088,SA672797520,Metro Travel,SA,Enterprise,Travel & Hospitality,Payment Links,Payment Links,T+2,Reem Al-Ghamdi,2026-04-30,2026-05-09,,0,,9.0,,0,Live - never transacted,2026-04,2026-05,2026.0,1,20260430,20260509,,
1088,M01089,EG514078840,Falcon Streaming,EG,Online,Digital Services,Online Checkout,Direct API,T+2,Karim Ezzat,2026-04-30,2026-05-31,,0,,31.0,,0,Live - never transacted,2026-04,2026-05,2026.0,1,20260430,20260531,,
1089,M01090,EG575473027,Coral Care,EG,SME,Healthcare,POS Acceptance,POS Terminal,T+1,Nadia Fouad,2026-05-01,2026-05-28,2026-05-30,0,2026-06-29,27.0,2.0,1,Active,2026-05,2026-05,2026.0,1,20260501,20260528,20260530,20260629
1090,M01091,SA835667996,Cedar Cloud,SA,Online,Digital Services,Online Checkout,Direct API,T+2,Omar Al-Anazi,2026-05-03,,,0,,,,0,Onboarding (not live),2026-05,,,0,20260503,,,
1091,M01092,AE678353607,Bright Schools,AE,SME,Education,POS Acceptance,POS Terminal,T+2,Yousef Al-Marri,2026-05-04,2026-05-22,,0,,18.0,,0,Live - never transacted,2026-05,2026-05,2026.0,1,20260504,20260522,,
1092,M01093,EG565168796,Crescent Institute,EG,SME,Education,POS Acceptance,POS Terminal,T+2,Nadia Fouad,2026-05-04,2026-06-04,2026-06-09,0,2026-06-27,31.0,5.0,1,Active,2026-05,2026-06,2026.0,1,20260504,20260604,20260609,20260627
1093,M01094,EG743176013,Palm Shop 1094,EG,Online,E-commerce,Subscriptions,Direct API,T+2,Nadia Fouad,2026-05-04,,,0,,,,0,Onboarding (not live),2026-05,,,0,20260504,,,
1094,M01095,EG314652282,Swift Deals 1095,EG,Online,E-commerce,Subscriptions,Direct API,T+2,Hany Soliman,2026-05-07,2026-06-12,2026-06-17,0,2026-06-30,36.0,5.0,1,Active,2026-05,2026-06,2026.0,1,20260507,20260612,20260617,20260630
1095,M01096,EG471598836,Horizon Movers,EG,B2B,Logistics,B2B Collections,Direct API,T+1,Mai Ragab,2026-05-08,,,0,,,,0,Onboarding (not live),2026-05,,,0,20260508,,,
1096,M01097,OM118285580,Swift Grill 1097,OM,SME,Food & Beverage,Payment Links,Payment Links,T+1,Salim Al-Harthy,2026-05-08,2026-05-18,2026-06-15,0,2026-06-30,10.0,28.0,1,Active,2026-05,2026-05,2026.0,1,20260508,20260518,20260615,20260630
1097,M01098,EG612590977,Cedar Basket 1098,EG,Enterprise,E-commerce,POS Acceptance,POS Terminal,T+1,Nadia Fouad,2026-05-09,2026-06-12,2026-06-12,1,2026-06-30,34.0,0.0,1,Active,2026-05,2026-06,2026.0,1,20260509,20260612,20260612,20260630
1098,M01099,EG515839669,Horizon Online 1099,EG,Online,E-commerce,Online Checkout,E-commerce Plugin,T+2,Mai Ragab,2026-05-12,2026-05-27,2026-05-28,0,2026-06-30,15.0,1.0,1,Active,2026-05,2026-05,2026.0,1,20260512,20260527,20260528,20260630
1099,M01100,EG984603749,Pearl Advisory 1100,EG,SME,Professional Services,POS Acceptance,POS Terminal,Instant,Karim Ezzat,2026-05-12,2026-06-16,2026-06-18,0,2026-06-30,35.0,2.0,1,Active,2026-05,2026-06,2026.0,1,20260512,20260616,20260618,20260630
1100,M01101,SA831010083,Palm Bakery 1101,SA,Online,Food & Beverage,Online Checkout,Hosted Checkout,T+1,Omar Al-Anazi,2026-05-13,2026-05-25,2026-06-09,0,2026-06-30,12.0,15.0,1,Active,2026-05,2026-05,2026.0,1,20260513,20260525,20260609,20260630
1101,M01102,SA731706242,Royal Boutique 1102,SA,SME,Retail,POS Acceptance,POS Terminal,T+2,Reem Al-Ghamdi,2026-05-14,2026-05-24,,0,,10.0,,0,Live - never transacted,2026-05,2026-05,2026.0,1,20260514,20260524,,
1102,M01103,EG189313449,Horizon Distribution,EG,B2B,Distribution & Wholesale,Payment Links,Payment Links,Weekly,Hany Soliman,2026-05-16,2026-05-24,2026-05-27,0,2026-06-30,8.0,3.0,1,Active,2026-05,2026-05,2026.0,1,20260516,20260524,20260527,20260630
1103,M01104,AE330041822,Sand Tours,AE,Online,Travel & Hospitality,Subscriptions,Direct API,T+2,Layla Haddad,2026-05-17,,,0,,,,0,Onboarding (not live),2026-05,,,0,20260517,,,
1104,M01105,AE725996535,Oasis Online 1105,AE,Enterprise,E-commerce,Online Checkout,E-commerce Plugin,T+2,Layla Haddad,2026-05-17,2026-06-10,,0,,24.0,,0,Live - never transacted,2026-05,2026-06,2026.0,1,20260517,20260610,,
1105,M01106,EG431349917,Urban Mart 1106,EG,SME,Retail,POS Acceptance,POS Terminal,T+2,Karim Ezzat,2026-05-22,2026-06-25,2026-06-26,0,2026-06-30,34.0,1.0,1,Active,2026-05,2026-06,2026.0,1,20260522,20260625,20260626,20260630
1106,M01107,EG542524779,Golden Trading,EG,B2B,Distribution & Wholesale,B2B Collections,Direct API,Weekly,Hany Soliman,2026-05-24,,,0,,,,0,Onboarding (not live),2026-05,,,0,20260524,,,
1107,M01108,EG623969415,Golden Academy,EG,Online,Education,Online Checkout,Direct API,T+2,Hany Soliman,2026-05-24,,,0,,,,0,Onboarding (not live),2026-05,,,0,20260524,,,
1108,M01109,EG152029310,Zenith Deals 1109,EG,Online,E-commerce,Online Checkout,Direct API,T+2,Karim Ezzat,2026-05-25,,,0,,,,0,Onboarding (not live),2026-05,,,0,20260525,,,
1109,M01110,EG906795350,Nova Institute,EG,Online,Education,Online Checkout,Direct API,T+2,Hany Soliman,2026-05-27,,,0,,,,0,Onboarding (not live),2026-05,,,0,20260527,,,
1110,M01111,SA226339675,Palm Pharmacy,SA,SME,Healthcare,POS Acceptance,POS Terminal,T+2,Turki Al-Shammari,2026-05-27,2026-06-16,2026-06-16,0,2026-06-29,20.0,0.0,1,Active,2026-05,2026-06,2026.0,1,20260527,20260616,20260616,20260629
1111,M01112,AE588309133,Prime Bakery 1112,AE,Online,Food & Beverage,Online Checkout,E-commerce Plugin,T+1,Yousef Al-Marri,2026-05-27,2026-06-09,2026-06-09,0,2026-06-30,13.0,0.0,1,Active,2026-05,2026-06,2026.0,1,20260527,20260609,20260609,20260630
1112,M01113,EG767759112,Cedar Online 1113,EG,Online,E-commerce,Online Checkout,Direct API,T+1,Mai Ragab,2026-05-29,,,0,,,,0,Onboarding (not live),2026-05,,,0,20260529,,,
1113,M01114,EG372163865,Horizon Basket 1114,EG,Online,E-commerce,Online Checkout,Direct API,T+2,Nadia Fouad,2026-05-29,,,0,,,,0,Onboarding (not live),2026-05,,,0,20260529,,,
1114,M01115,SA359897957,Royal Express,SA,B2B,Logistics,B2B Collections,Direct API,Weekly,Omar Al-Anazi,2026-06-02,,,0,,,,0,Onboarding (not live),2026-06,,,0,20260602,,,
1115,M01116,EG851255904,Blue Power,EG,B2B,Telecom & Utilities,B2B Collections,Payment Links,Weekly,Hany Soliman,2026-06-04,2026-06-13,,0,,9.0,,0,Live - never transacted,2026-06,2026-06,2026.0,1,20260604,20260613,,
1116,M01117,EG599578476,Zenith Roastery 1117,EG,SME,Food & Beverage,Payment Links,Payment Links,Instant,Nadia Fouad,2026-06-05,2026-06-09,2026-06-10,0,2026-06-30,4.0,1.0,1,Active,2026-06,2026-06,2026.0,1,20260605,20260609,20260610,20260630
1117,M01118,EG940939836,Oasis Cart 1118,EG,Online,E-commerce,Online Checkout,Direct API,T+1,Hany Soliman,2026-06-05,,,0,,,,0,Onboarding (not live),2026-06,,,0,20260605,,,
1118,M01119,OM761778384,Cedar Consulting 1119,OM,SME,Professional Services,POS Acceptance,POS Terminal,T+2,Salim Al-Harthy,2026-06-05,2026-06-16,2026-06-26,0,2026-06-30,11.0,10.0,1,Active,2026-06,2026-06,2026.0,1,20260605,20260616,20260626,20260630
1119,M01120,AE724539389,Swift Tours,AE,Enterprise,Travel & Hospitality,Online Checkout,Direct API,T+1,Layla Haddad,2026-06-06,,,0,,,,0,Onboarding (not live),2026-06,,,0,20260606,,,
1120,M01121,SA447288277,Bright Cafe 1121,SA,SME,Food & Beverage,Payment Links,Payment Links,T+1,Omar Al-Anazi,2026-06-07,2026-06-16,,0,,9.0,,0,Live - never transacted,2026-06,2026-06,2026.0,1,20260607,20260616,,
1121,M01122,OM167083845,Bright Express,OM,B2B,Logistics,B2B Collections,Payment Links,Weekly,Salim Al-Harthy,2026-06-07,2026-06-14,2026-06-29,0,2026-06-30,7.0,15.0,1,Active,2026-06,2026-06,2026.0,1,20260607,20260614,20260629,20260630
1122,M01123,EG214794708,Prime Basket 1123,EG,Online,E-commerce,Online Checkout,Direct API,T+2,Nadia Fouad,2026-06-08,,,0,,,,0,Onboarding (not live),2026-06,,,0,20260608,,,
1123,M01124,AE433042728,Green Roastery 1124,AE,SME,Food & Beverage,Payment Links,Payment Links,T+2,Yousef Al-Marri,2026-06-09,2026-06-12,2026-06-19,0,2026-06-29,3.0,7.0,1,Active,2026-06,2026-06,2026.0,1,20260609,20260612,20260619,20260629
1124,M01125,EG653206188,Amber Outlet 1125,EG,SME,Retail,Online Checkout,Direct API,T+2,Nadia Fouad,2026-06-10,,,0,,,,0,Onboarding (not live),2026-06,,,0,20260610,,,
1125,M01126,EG334957716,Falcon Legal 1126,EG,SME,Professional Services,Payment Links,Payment Links,T+2,Hany Soliman,2026-06-10,2026-06-18,,0,,8.0,,0,Live - never transacted,2026-06,2026-06,2026.0,1,20260610,20260618,,
1126,M01127,OM742411776,Prime Legal 1127,OM,SME,Professional Services,Online Checkout,Direct API,T+1,Salim Al-Harthy,2026-06-12,,,0,,,,0,Onboarding (not live),2026-06,,,0,20260612,,,
1127,M01128,SA614110469,Bright Bakery 1128,SA,SME,Food & Beverage,POS Acceptance,POS Terminal,T+2,Reem Al-Ghamdi,2026-06-12,2026-06-29,,0,,17.0,,0,Live - never transacted,2026-06,2026-06,2026.0,1,20260612,20260629,,
1128,M01129,SA323733227,Bright Bakery 1129,SA,SME,Food & Beverage,Online Checkout,E-commerce Plugin,T+2,Reem Al-Ghamdi,2026-06-13,2026-06-24,2026-06-28,0,2026-06-30,11.0,4.0,1,Active,2026-06,2026-06,2026.0,1,20260613,20260624,20260628,20260630
1129,M01130,SA331543631,Urban Labs,SA,Enterprise,Healthcare,Online Checkout,E-commerce Plugin,T+1,Turki Al-Shammari,2026-06-14,,,0,,,,0,Onboarding (not live),2026-06,,,0,20260614,,,
1130,M01131,SA384956414,Zenith Legal 1131,SA,B2B,Professional Services,B2B Collections,Direct API,T+1,Turki Al-Shammari,2026-06-14,,,0,,,,0,Onboarding (not live),2026-06,,,0,20260614,,,
1131,M01132,EG851281896,Crescent Tours,EG,Online,Travel & Hospitality,Online Checkout,Hosted Checkout,T+2,Hany Soliman,2026-06-14,,,0,,,,0,Onboarding (not live),2026-06,,,0,20260614,,,
1132,M01133,OM971061520,Urban Basket 1133,OM,Enterprise,E-commerce,POS Acceptance,POS Terminal,T+1,Salim Al-Harthy,2026-06-18,,,0,,,,0,Onboarding (not live),2026-06,,,0,20260618,,,
1133,M01134,SA370692306,Bright Grill 1134,SA,Online,Food & Beverage,Online Checkout,Hosted Checkout,T+2,Omar Al-Anazi,2026-06-20,,,0,,,,0,Onboarding (not live),2026-06,,,0,20260620,,,
1134,M01135,EG826852141,Nova Online 1135,EG,Online,E-commerce,Online Checkout,Hosted Checkout,T+1,Hany Soliman,2026-06-21,,,0,,,,0,Onboarding (not live),2026-06,,,0,20260621,,,
1135,M01136,SA544336387,Horizon Cafe 1136,SA,Online,Food & Beverage,Online Checkout,E-commerce Plugin,T+2,Turki Al-Shammari,2026-06-22,,,0,,,,0,Onboarding (not live),2026-06,,,0,20260622,,,
1136,M01137,SA353625243,Crescent Telecom,SA,B2B,Telecom & Utilities,B2B Collections,Direct API,Weekly,Reem Al-Ghamdi,2026-06-24,,,0,,,,0,Onboarding (not live),2026-06,,,0,20260624,,,
1137,M01138,EG974495840,Zenith Consulting 1138,EG,SME,Professional Services,POS Acceptance,POS Terminal,T+2,Hany Soliman,2026-06-25,,,0,,,,0,Onboarding (not live),2026-06,,,0,20260625,,,
1138,M01139,EG332562861,Oasis Shop 1139,EG,Online,E-commerce,Online Checkout,Hosted Checkout,T+1,Karim Ezzat,2026-06-25,,,0,,,,0,Onboarding (not live),2026-06,,,0,20260625,,,
1139,M01140,AE981938520,Green Pharmacy,AE,SME,Healthcare,POS Acceptance,POS Terminal,T+2,Layla Haddad,2026-06-25,,,0,,,,0,Onboarding (not live),2026-06,,,0,20260625,,,
1140,M01141,EG303725059,Prime Kitchen 1141,EG,SME,Food & Beverage,POS Acceptance,POS Terminal,T+1,Mai Ragab,2026-06-27,,,0,,,,0,Onboarding (not live),2026-06,,,0,20260627,,,
1141,M01142,EG464500775,Swift Grill 1142,EG,Online,Food & Beverage,Online Checkout,Direct API,T+2,Nadia Fouad,2026-06-29,,,0,,,,0,Onboarding (not live),2026-06,,,0,20260629,,,
1142,M01143,SA468087046,Palm Schools,SA,Online,Education,Online Checkout,E-commerce Plugin,T+1,Omar Al-Anazi,2026-06-30,,,0,,,,0,Onboarding (not live),2026-06,,,0,20260630,,,
1143,M01057,OM226712673,Crescent Roastery 1057,OM,Online,Food & Beverage,Online Checkout,Direct API,T+2,Salim Al-Harthy,2026-06-27,2026-06-27,,0,,0.0,,0,Live - never transacted,2026-06,2026-06,2026.0,1,20260627,20260627,,
