merchant_id,payment_method,mdr_pct,fixed_fee_usd,effective_from,merchant_key
M00001,CARD,0.02469,0.105,2020-09-01,1
M00001,TOKEN,0.02524,0.105,2020-09-01,1
M00001,LDEBIT,0.01207,0.053,2020-09-01,1
M00002,CARD,0.0213,0.1,2020-09-04,2
M00002,TOKEN,0.02177,0.1,2020-09-04,2
M00002,BNPL,0.0426,0.0,2020-09-04,2
M00003,CARD,0.02445,0.105,2020-09-07,3
M00003,TOKEN,0.025,0.105,2020-09-07,3
M00003,LDEBIT,0.01196,0.053,2020-09-07,3
M00004,CARD,0.02485,0.105,2020-09-08,4
M00004,LDEBIT,0.01215,0.053,2020-09-08,4
M00005,CARD,0.02291,0.105,2020-09-10,5
M00005,TOKEN,0.02342,0.105,2020-09-10,5
M00005,LDEBIT,0.0112,0.053,2020-09-10,5
M00005,WALLET,0.01833,0.053,2020-09-10,5
M00006,CARD,0.02405,0.105,2020-09-15,6
M00006,LDEBIT,0.01176,0.053,2020-09-15,6
M00006,TOKEN,0.02458,0.105,2020-09-15,6
M00007,CARD,0.02275,0.105,2020-09-19,7
M00007,LDEBIT,0.01112,0.053,2020-09-19,7
M00007,TOKEN,0.02326,0.105,2020-09-19,7
M00008,CARD,0.02376,0.1,2020-09-20,8
M00008,TOKEN,0.02429,0.1,2020-09-20,8
M00008,LDEBIT,0.01161,0.05,2020-09-20,8
M00009,BANKTR,0.0022,0.42,2020-09-28,9
M00009,CARD,0.01649,0.07,2020-09-28,9
M00010,CARD,0.02401,0.105,2020-10-03,10
M00010,TOKEN,0.02454,0.105,2020-10-03,10
M00010,LDEBIT,0.01174,0.053,2020-10-03,10
M00011,CARD,0.01347,0.072,2020-10-04,11
M00011,LDEBIT,0.00659,0.036,2020-10-04,11
M00012,CARD,0.01336,0.072,2020-10-05,12
M00012,LDEBIT,0.00653,0.036,2020-10-05,12
M00013,CARD,0.02233,0.105,2020-10-07,13
M00013,LDEBIT,0.01091,0.053,2020-10-07,13
M00014,BANKTR,0.00211,0.42,2020-10-13,14
M00014,CARD,0.01579,0.07,2020-10-13,14
M00015,CARD,0.02196,0.1,2020-10-17,15
M00015,TOKEN,0.02245,0.1,2020-10-17,15
M00015,BNPL,0.04392,0.0,2020-10-17,15
M00016,CARD,0.02404,0.105,2020-10-17,16
M00016,LDEBIT,0.01175,0.053,2020-10-17,16
M00016,TOKEN,0.02458,0.105,2020-10-17,16
M00017,CARD,0.02327,0.105,2020-10-19,17
M00017,TOKEN,0.02378,0.105,2020-10-19,17
M00017,BNPL,0.04653,0.0,2020-10-19,17
M00018,CARD,0.02462,0.105,2020-10-20,18
M00018,TOKEN,0.02517,0.105,2020-10-20,18
M00018,LDEBIT,0.01204,0.053,2020-10-20,18
M00019,CARD,0.015,0.07,2020-10-25,19
M00019,LDEBIT,0.00733,0.035,2020-10-25,19
M00019,WALLET,0.012,0.035,2020-10-25,19
M00020,CARD,0.02344,0.105,2020-10-27,20
M00020,TOKEN,0.02396,0.105,2020-10-27,20
M00020,BNPL,0.04689,0.0,2020-10-27,20
M00021,CARD,0.02431,0.105,2020-10-28,21
M00021,LDEBIT,0.01188,0.053,2020-10-28,21
M00021,WALLET,0.01945,0.053,2020-10-28,21
M00022,CARD,0.02321,0.1,2020-10-30,22
M00022,TOKEN,0.02373,0.1,2020-10-30,22
M00022,LDEBIT,0.01135,0.05,2020-10-30,22
M00022,WALLET,0.01857,0.05,2020-10-30,22
M00022,BNPL,0.04642,0.0,2020-10-30,22
M00023,CARD,0.02308,0.1,2020-11-01,23
M00023,TOKEN,0.02359,0.1,2020-11-01,23
M00023,LDEBIT,0.01128,0.05,2020-11-01,23
M00023,BNPL,0.04616,0.0,2020-11-01,23
M00024,CARD,0.02226,0.1,2020-11-06,24
M00024,TOKEN,0.02275,0.1,2020-11-06,24
M00024,LDEBIT,0.01088,0.05,2020-11-06,24
M00024,WALLET,0.0178,0.05,2020-11-06,24
M00024,BNPL,0.04451,0.0,2020-11-06,24
M00025,CARD,0.01734,0.072,2020-11-08,25
M00025,LDEBIT,0.00848,0.036,2020-11-08,25
M00026,CARD,0.01433,0.072,2020-11-10,26
M00026,TOKEN,0.01465,0.072,2020-11-10,26
M00026,BNPL,0.02866,0.0,2020-11-10,26
M00027,CARD,0.02214,0.1,2020-11-12,27
M00027,TOKEN,0.02264,0.1,2020-11-12,27
M00027,LDEBIT,0.01083,0.05,2020-11-12,27
M00027,WALLET,0.01772,0.05,2020-11-12,27
M00028,CARD,0.02384,0.1,2020-11-20,28
M00028,TOKEN,0.02437,0.1,2020-11-20,28
M00029,CARD,0.02464,0.105,2020-11-22,29
M00029,TOKEN,0.02518,0.105,2020-11-22,29
M00029,LDEBIT,0.01204,0.053,2020-11-22,29
M00029,WALLET,0.01971,0.053,2020-11-22,29
M00029,BNPL,0.04927,0.0,2020-11-22,29
M00030,CARD,0.02356,0.105,2020-11-22,30
M00030,LDEBIT,0.01152,0.053,2020-11-22,30
M00030,TOKEN,0.02409,0.105,2020-11-22,30
M00031,CARD,0.02196,0.1,2020-11-23,31
M00031,TOKEN,0.02245,0.1,2020-11-23,31
M00032,CARD,0.02317,0.1,2020-11-25,32
M00032,TOKEN,0.02368,0.1,2020-11-25,32
M00032,LDEBIT,0.01133,0.05,2020-11-25,32
M00032,WALLET,0.01854,0.05,2020-11-25,32
M00032,BNPL,0.04634,0.0,2020-11-25,32
M00033,CARD,0.02377,0.1,2020-11-27,33
M00033,TOKEN,0.0243,0.1,2020-11-27,33
M00033,LDEBIT,0.01162,0.05,2020-11-27,33
M00033,WALLET,0.01902,0.05,2020-11-27,33
M00034,CARD,0.0238,0.105,2020-11-27,34
M00034,LDEBIT,0.01163,0.053,2020-11-27,34
M00035,CARD,0.02398,0.105,2020-12-01,35
M00035,LDEBIT,0.01172,0.053,2020-12-01,35
M00035,TOKEN,0.02451,0.105,2020-12-01,35
M00036,BANKTR,0.00201,0.42,2020-12-03,36
M00036,CARD,0.0151,0.07,2020-12-03,36
M00037,CARD,0.02392,0.105,2020-12-06,37
M00037,LDEBIT,0.0117,0.053,2020-12-06,37
M00037,TOKEN,0.02445,0.105,2020-12-06,37
M00038,CARD,0.02367,0.1,2020-12-07,38
M00038,TOKEN,0.02419,0.1,2020-12-07,38
M00038,BNPL,0.04733,0.0,2020-12-07,38
M00039,BANKTR,0.00211,0.42,2020-12-08,39
M00039,CARD,0.01581,0.07,2020-12-08,39
M00040,CARD,0.02464,0.1,2020-12-08,40
M00040,TOKEN,0.02519,0.1,2020-12-08,40
M00040,LDEBIT,0.01205,0.05,2020-12-08,40
M00040,WALLET,0.01971,0.05,2020-12-08,40
M00040,BNPL,0.04928,0.0,2020-12-08,40
M00041,CARD,0.02403,0.105,2020-12-09,41
M00041,LDEBIT,0.01175,0.053,2020-12-09,41
M00042,CARD,0.02357,0.105,2020-12-10,42
M00042,LDEBIT,0.01153,0.053,2020-12-10,42
M00042,TOKEN,0.0241,0.105,2020-12-10,42
M00043,CARD,0.02356,0.1,2020-12-15,43
M00043,TOKEN,0.02408,0.1,2020-12-15,43
M00044,CARD,0.02357,0.105,2020-12-15,44
M00044,LDEBIT,0.01152,0.053,2020-12-15,44
M00044,TOKEN,0.0241,0.105,2020-12-15,44
M00044,WALLET,0.01886,0.053,2020-12-15,44
M00045,CARD,0.01957,0.072,2020-12-15,45
M00045,TOKEN,0.02,0.072,2020-12-15,45
M00046,CARD,0.02343,0.1,2020-12-16,46
M00046,TOKEN,0.02395,0.1,2020-12-16,46
M00046,LDEBIT,0.01146,0.05,2020-12-16,46
M00046,WALLET,0.01875,0.05,2020-12-16,46
M00047,CARD,0.02394,0.105,2020-12-20,47
M00047,LDEBIT,0.0117,0.053,2020-12-20,47
M00047,TOKEN,0.02447,0.105,2020-12-20,47
M00048,CARD,0.02295,0.105,2020-12-28,48
M00048,LDEBIT,0.01122,0.053,2020-12-28,48
M00048,TOKEN,0.02346,0.105,2020-12-28,48
M00049,CARD,0.01626,0.07,2020-12-30,49
M00049,LDEBIT,0.00795,0.035,2020-12-30,49
M00050,CARD,0.02426,0.105,2020-12-30,50
M00050,LDEBIT,0.01186,0.053,2020-12-30,50
M00050,TOKEN,0.0248,0.105,2020-12-30,50
M00050,WALLET,0.01941,0.053,2020-12-30,50
M00051,CARD,0.02171,0.1,2020-12-30,51
M00051,TOKEN,0.02219,0.1,2020-12-30,51
M00051,LDEBIT,0.01061,0.05,2020-12-30,51
M00052,CARD,0.02229,0.105,2020-12-31,52
M00052,LDEBIT,0.0109,0.053,2020-12-31,52
M00052,WALLET,0.01783,0.053,2020-12-31,52
M00053,CARD,0.02375,0.105,2021-01-13,53
M00053,LDEBIT,0.01161,0.053,2021-01-13,53
M00053,TOKEN,0.02428,0.105,2021-01-13,53
M00054,CARD,0.01454,0.07,2021-01-14,54
M00054,LDEBIT,0.00711,0.035,2021-01-14,54
M00055,CARD,0.0233,0.105,2021-01-14,55
M00055,LDEBIT,0.01139,0.053,2021-01-14,55
M00056,CARD,0.0237,0.105,2021-01-22,56
M00056,LDEBIT,0.01159,0.053,2021-01-22,56
M00056,WALLET,0.01896,0.053,2021-01-22,56
M00057,BANKTR,0.00208,0.42,2021-01-22,57
M00057,CARD,0.01563,0.07,2021-01-22,57
M00058,CARD,0.02477,0.105,2021-01-23,58
M00058,LDEBIT,0.01211,0.053,2021-01-23,58
M00059,CARD,0.0223,0.1,2021-01-24,59
M00059,TOKEN,0.02279,0.1,2021-01-24,59
M00060,CARD,0.02439,0.105,2021-01-31,60
M00060,LDEBIT,0.01192,0.053,2021-01-31,60
M00060,WALLET,0.01951,0.053,2021-01-31,60
M00061,CARD,0.01633,0.072,2021-02-01,61
M00061,TOKEN,0.0167,0.072,2021-02-01,61
M00061,LDEBIT,0.00799,0.036,2021-02-01,61
M00061,WALLET,0.01307,0.036,2021-02-01,61
M00062,CARD,0.01322,0.072,2021-02-08,62
M00062,LDEBIT,0.00646,0.036,2021-02-08,62
M00062,TOKEN,0.01351,0.072,2021-02-08,62
M00063,CARD,0.02427,0.105,2021-02-10,63
M00063,TOKEN,0.02481,0.105,2021-02-10,63
M00063,LDEBIT,0.01186,0.053,2021-02-10,63
M00063,BNPL,0.04854,0.0,2021-02-10,63
M00064,CARD,0.02279,0.1,2021-02-10,64
M00064,TOKEN,0.0233,0.1,2021-02-10,64
M00064,LDEBIT,0.01114,0.05,2021-02-10,64
M00064,WALLET,0.01823,0.05,2021-02-10,64
M00064,BNPL,0.04559,0.0,2021-02-10,64
M00065,CARD,0.02239,0.105,2021-02-11,65
M00065,TOKEN,0.02289,0.105,2021-02-11,65
M00065,LDEBIT,0.01095,0.053,2021-02-11,65
M00065,WALLET,0.01791,0.053,2021-02-11,65
M00065,BNPL,0.04478,0.0,2021-02-11,65
M00066,CARD,0.02297,0.105,2021-02-13,66
M00066,TOKEN,0.02348,0.105,2021-02-13,66
M00066,LDEBIT,0.01123,0.053,2021-02-13,66
M00066,WALLET,0.01838,0.053,2021-02-13,66
M00067,CARD,0.02311,0.105,2021-02-16,67
M00067,LDEBIT,0.0113,0.053,2021-02-16,67
M00067,TOKEN,0.02363,0.105,2021-02-16,67
M00068,CARD,0.02349,0.1,2021-02-16,68
M00068,TOKEN,0.02401,0.1,2021-02-16,68
M00068,LDEBIT,0.01148,0.05,2021-02-16,68
M00069,CARD,0.02312,0.105,2021-02-16,69
M00069,LDEBIT,0.0113,0.053,2021-02-16,69
M00070,CARD,0.02302,0.1,2021-02-20,70
M00070,TOKEN,0.02354,0.1,2021-02-20,70
M00071,CARD,0.02045,0.1,2021-02-21,71
M00071,TOKEN,0.02091,0.1,2021-02-21,71
M00072,CARD,0.02211,0.1,2021-02-21,72
M00072,TOKEN,0.0226,0.1,2021-02-21,72
M00073,CARD,0.02315,0.105,2021-02-23,73
M00073,LDEBIT,0.01132,0.053,2021-02-23,73
M00073,TOKEN,0.02366,0.105,2021-02-23,73
M00073,WALLET,0.01852,0.053,2021-02-23,73
M00074,CARD,0.02141,0.1,2021-02-24,74
M00074,TOKEN,0.02189,0.1,2021-02-24,74
M00074,LDEBIT,0.01047,0.05,2021-02-24,74
M00075,CARD,0.02337,0.105,2021-02-26,75
M00075,LDEBIT,0.01142,0.053,2021-02-26,75
M00075,TOKEN,0.02389,0.105,2021-02-26,75
M00075,WALLET,0.01869,0.053,2021-02-26,75
M00076,BANKTR,0.00203,0.42,2021-02-27,76
M00076,CARD,0.01521,0.07,2021-02-27,76
M00077,CARD,0.02356,0.105,2021-02-28,77
M00077,LDEBIT,0.01152,0.053,2021-02-28,77
M00077,TOKEN,0.02408,0.105,2021-02-28,77
M00077,WALLET,0.01885,0.053,2021-02-28,77
M00078,CARD,0.02282,0.105,2021-03-02,78
M00078,LDEBIT,0.01116,0.053,2021-03-02,78
M00078,WALLET,0.01826,0.053,2021-03-02,78
M00079,CARD,0.02403,0.1,2021-03-03,79
M00079,TOKEN,0.02457,0.1,2021-03-03,79
M00080,CARD,0.02433,0.105,2021-03-05,80
M00080,TOKEN,0.02487,0.105,2021-03-05,80
M00080,LDEBIT,0.01189,0.053,2021-03-05,80
M00080,WALLET,0.01946,0.053,2021-03-05,80
M00080,BNPL,0.04865,0.0,2021-03-05,80
M00081,CARD,0.02358,0.105,2021-03-09,81
M00081,TOKEN,0.0241,0.105,2021-03-09,81
M00081,BNPL,0.04716,0.0,2021-03-09,81
M00082,CARD,0.02215,0.105,2021-03-11,82
M00082,TOKEN,0.02265,0.105,2021-03-11,82
M00082,LDEBIT,0.01083,0.053,2021-03-11,82
M00082,WALLET,0.01772,0.053,2021-03-11,82
M00082,BNPL,0.04431,0.0,2021-03-11,82
M00083,CARD,0.02244,0.105,2021-03-11,83
M00083,TOKEN,0.02294,0.105,2021-03-11,83
M00083,LDEBIT,0.01097,0.053,2021-03-11,83
M00084,CARD,0.02495,0.105,2021-03-15,84
M00084,LDEBIT,0.0122,0.053,2021-03-15,84
M00084,WALLET,0.01996,0.053,2021-03-15,84
M00085,BANKTR,0.00223,0.42,2021-03-15,85
M00085,CARD,0.01674,0.07,2021-03-15,85
M00086,CARD,0.02485,0.105,2021-03-18,86
M00086,LDEBIT,0.01215,0.053,2021-03-18,86
M00086,TOKEN,0.0254,0.105,2021-03-18,86
M00086,WALLET,0.01988,0.053,2021-03-18,86
M00087,BANKTR,0.00219,0.42,2021-03-23,87
M00087,CARD,0.01639,0.07,2021-03-23,87
M00088,CARD,0.02281,0.105,2021-03-24,88
M00088,LDEBIT,0.01115,0.053,2021-03-24,88
M00088,TOKEN,0.02331,0.105,2021-03-24,88
M00089,CARD,0.02354,0.105,2021-03-25,89
M00089,LDEBIT,0.01151,0.053,2021-03-25,89
M00090,CARD,0.0223,0.105,2021-03-30,90
M00090,LDEBIT,0.0109,0.053,2021-03-30,90
M00090,WALLET,0.01784,0.053,2021-03-30,90
M00091,CARD,0.01622,0.072,2021-03-30,91
M00091,TOKEN,0.01658,0.072,2021-03-30,91
M00091,LDEBIT,0.00793,0.036,2021-03-30,91
M00092,CARD,0.02376,0.105,2021-04-01,92
M00092,LDEBIT,0.01162,0.053,2021-04-01,92
M00093,CARD,0.02379,0.1,2021-04-01,93
M00093,TOKEN,0.02432,0.1,2021-04-01,93
M00094,CARD,0.02175,0.1,2021-04-02,94
M00094,TOKEN,0.02223,0.1,2021-04-02,94
M00095,CARD,0.02225,0.1,2021-04-03,95
M00095,TOKEN,0.02275,0.1,2021-04-03,95
M00095,BNPL,0.0445,0.0,2021-04-03,95
M00096,CARD,0.0244,0.1,2021-04-06,96
M00096,TOKEN,0.02495,0.1,2021-04-06,96
M00096,LDEBIT,0.01193,0.05,2021-04-06,96
M00096,WALLET,0.01952,0.05,2021-04-06,96
M00096,BNPL,0.04881,0.0,2021-04-06,96
M00097,CARD,0.02351,0.105,2021-04-06,97
M00097,LDEBIT,0.0115,0.053,2021-04-06,97
M00097,TOKEN,0.02404,0.105,2021-04-06,97
M00098,CARD,0.02415,0.105,2021-04-07,98
M00098,LDEBIT,0.01181,0.053,2021-04-07,98
M00099,CARD,0.02354,0.105,2021-04-09,99
M00099,LDEBIT,0.01151,0.053,2021-04-09,99
M00099,TOKEN,0.02406,0.105,2021-04-09,99
M00099,WALLET,0.01883,0.053,2021-04-09,99
M00100,CARD,0.02385,0.105,2021-04-11,100
M00100,LDEBIT,0.01166,0.053,2021-04-11,100
M00100,TOKEN,0.02438,0.105,2021-04-11,100
M00101,CARD,0.02364,0.105,2021-04-11,101
M00101,LDEBIT,0.01156,0.053,2021-04-11,101
M00101,TOKEN,0.02417,0.105,2021-04-11,101
M00101,WALLET,0.01891,0.053,2021-04-11,101
M00102,CARD,0.02272,0.1,2021-04-12,102
M00102,TOKEN,0.02322,0.1,2021-04-12,102
M00103,CARD,0.02348,0.1,2021-04-21,103
M00103,TOKEN,0.024,0.1,2021-04-21,103
M00104,CARD,0.02258,0.1,2021-04-28,104
M00104,TOKEN,0.02308,0.1,2021-04-28,104
M00104,BNPL,0.04516,0.0,2021-04-28,104
M00105,CARD,0.0226,0.1,2021-04-28,105
M00105,TOKEN,0.0231,0.1,2021-04-28,105
M00105,LDEBIT,0.01105,0.05,2021-04-28,105
M00105,WALLET,0.01808,0.05,2021-04-28,105
M00106,CARD,0.02234,0.105,2021-04-29,106
M00106,LDEBIT,0.01092,0.053,2021-04-29,106
M00106,TOKEN,0.02283,0.105,2021-04-29,106
M00106,WALLET,0.01787,0.053,2021-04-29,106
M00107,CARD,0.02204,0.105,2021-05-01,107
M00107,LDEBIT,0.01077,0.053,2021-05-01,107
M00108,CARD,0.01622,0.072,2021-05-04,108
M00108,LDEBIT,0.00793,0.036,2021-05-04,108
M00108,WALLET,0.01298,0.036,2021-05-04,108
M00109,BANKTR,0.00199,0.42,2021-05-04,109
M00109,CARD,0.01494,0.07,2021-05-04,109
M00110,CARD,0.02399,0.105,2021-05-05,110
M00110,TOKEN,0.02452,0.105,2021-05-05,110
M00110,LDEBIT,0.01173,0.053,2021-05-05,110
M00110,WALLET,0.01919,0.053,2021-05-05,110
M00111,CARD,0.0236,0.105,2021-05-05,111
M00111,LDEBIT,0.01154,0.053,2021-05-05,111
M00112,CARD,0.02407,0.105,2021-05-07,112
M00112,LDEBIT,0.01177,0.053,2021-05-07,112
M00112,TOKEN,0.0246,0.105,2021-05-07,112
M00113,CARD,0.02135,0.1,2021-05-08,113
M00113,TOKEN,0.02183,0.1,2021-05-08,113
M00113,LDEBIT,0.01044,0.05,2021-05-08,113
M00114,CARD,0.01451,0.072,2021-05-09,114
M00114,LDEBIT,0.0071,0.036,2021-05-09,114
M00114,TOKEN,0.01484,0.072,2021-05-09,114
M00115,CARD,0.0244,0.105,2021-05-12,115
M00115,LDEBIT,0.01193,0.053,2021-05-12,115
M00115,TOKEN,0.02494,0.105,2021-05-12,115
M00116,CARD,0.02275,0.1,2021-05-17,116
M00116,TOKEN,0.02326,0.1,2021-05-17,116
M00116,LDEBIT,0.01112,0.05,2021-05-17,116
M00116,WALLET,0.0182,0.05,2021-05-17,116
M00116,BNPL,0.04551,0.0,2021-05-17,116
M00117,BANKTR,0.00209,0.42,2021-05-17,117
M00117,CARD,0.01567,0.07,2021-05-17,117
M00118,CARD,0.02473,0.105,2021-05-17,118
M00118,LDEBIT,0.01209,0.053,2021-05-17,118
M00118,TOKEN,0.02528,0.105,2021-05-17,118
M00119,CARD,0.02181,0.1,2021-05-19,119
M00119,TOKEN,0.0223,0.1,2021-05-19,119
M00119,LDEBIT,0.01066,0.05,2021-05-19,119
M00119,WALLET,0.01745,0.05,2021-05-19,119
M00119,BNPL,0.04363,0.0,2021-05-19,119
M00120,CARD,0.01695,0.072,2021-05-30,120
M00120,LDEBIT,0.00829,0.036,2021-05-30,120
M00120,TOKEN,0.01733,0.072,2021-05-30,120
M00121,CARD,0.02388,0.105,2021-05-30,121
M00121,LDEBIT,0.01167,0.053,2021-05-30,121
M00122,CARD,0.02368,0.105,2021-06-02,122
M00122,LDEBIT,0.01158,0.053,2021-06-02,122
M00122,TOKEN,0.0242,0.105,2021-06-02,122
M00123,CARD,0.02041,0.1,2021-06-03,123
M00123,TOKEN,0.02086,0.1,2021-06-03,123
M00123,LDEBIT,0.00998,0.05,2021-06-03,123
M00123,WALLET,0.01632,0.05,2021-06-03,123
M00123,BNPL,0.04081,0.0,2021-06-03,123
M00124,CARD,0.02339,0.105,2021-06-06,124
M00124,LDEBIT,0.01143,0.053,2021-06-06,124
M00124,TOKEN,0.02391,0.105,2021-06-06,124
M00125,CARD,0.02228,0.1,2021-06-08,125
M00125,TOKEN,0.02278,0.1,2021-06-08,125
M00126,CARD,0.02512,0.105,2021-06-12,126
M00126,LDEBIT,0.01228,0.053,2021-06-12,126
M00126,TOKEN,0.02568,0.105,2021-06-12,126
M00127,CARD,0.02461,0.105,2021-06-19,127
M00127,TOKEN,0.02516,0.105,2021-06-19,127
M00127,LDEBIT,0.01203,0.053,2021-06-19,127
M00127,WALLET,0.01969,0.053,2021-06-19,127
M00128,CARD,0.02448,0.105,2021-06-19,128
M00128,LDEBIT,0.01197,0.053,2021-06-19,128
M00128,TOKEN,0.02502,0.105,2021-06-19,128
M00128,WALLET,0.01958,0.053,2021-06-19,128
M00129,CARD,0.02249,0.1,2021-06-20,129
M00129,TOKEN,0.02299,0.1,2021-06-20,129
M00129,BNPL,0.04499,0.0,2021-06-20,129
M00130,CARD,0.02315,0.105,2021-06-21,130
M00130,LDEBIT,0.01132,0.053,2021-06-21,130
M00130,TOKEN,0.02366,0.105,2021-06-21,130
M00130,WALLET,0.01852,0.053,2021-06-21,130
M00131,CARD,0.01773,0.072,2021-06-22,131
M00131,LDEBIT,0.00867,0.036,2021-06-22,131
M00131,TOKEN,0.01813,0.072,2021-06-22,131
M00132,CARD,0.02491,0.105,2021-06-25,132
M00132,LDEBIT,0.01218,0.053,2021-06-25,132
M00133,BANKTR,0.00212,0.42,2021-06-27,133
M00133,CARD,0.01591,0.07,2021-06-27,133
M00134,CARD,0.02229,0.1,2021-06-29,134
M00134,TOKEN,0.02278,0.1,2021-06-29,134
M00134,BNPL,0.04457,0.0,2021-06-29,134
M00135,CARD,0.02581,0.105,2021-07-04,135
M00135,LDEBIT,0.01262,0.053,2021-07-04,135
M00136,CARD,0.0217,0.1,2021-07-05,136
M00136,TOKEN,0.02218,0.1,2021-07-05,136
M00137,CARD,0.02309,0.105,2021-07-18,137
M00137,LDEBIT,0.01129,0.053,2021-07-18,137
M00138,CARD,0.02369,0.105,2021-07-19,138
M00138,LDEBIT,0.01158,0.053,2021-07-19,138
M00138,TOKEN,0.02421,0.105,2021-07-19,138
M00139,CARD,0.02419,0.105,2021-07-19,139
M00139,LDEBIT,0.01182,0.053,2021-07-19,139
M00139,WALLET,0.01935,0.053,2021-07-19,139
M00140,CARD,0.02413,0.1,2021-07-19,140
M00140,TOKEN,0.02467,0.1,2021-07-19,140
M00141,CARD,0.0244,0.105,2021-07-19,141
M00141,LDEBIT,0.01193,0.053,2021-07-19,141
M00141,TOKEN,0.02494,0.105,2021-07-19,141
M00142,CARD,0.02523,0.105,2021-07-22,142
M00142,LDEBIT,0.01233,0.053,2021-07-22,142
M00143,CARD,0.02112,0.1,2021-07-24,143
M00143,TOKEN,0.02159,0.1,2021-07-24,143
M00144,CARD,0.02099,0.105,2021-07-28,144
M00144,TOKEN,0.02146,0.105,2021-07-28,144
M00144,LDEBIT,0.01026,0.053,2021-07-28,144
M00144,WALLET,0.01679,0.053,2021-07-28,144
M00144,BNPL,0.04198,0.0,2021-07-28,144
M00145,CARD,0.02505,0.105,2021-08-05,145
M00145,TOKEN,0.02561,0.105,2021-08-05,145
M00145,BNPL,0.0501,0.0,2021-08-05,145
M00146,CARD,0.02267,0.105,2021-08-07,146
M00146,LDEBIT,0.01108,0.053,2021-08-07,146
M00146,TOKEN,0.02318,0.105,2021-08-07,146
M00147,CARD,0.02259,0.1,2021-08-07,147
M00147,TOKEN,0.02309,0.1,2021-08-07,147
M00148,BANKTR,0.00208,0.42,2021-08-07,148
M00148,CARD,0.01557,0.07,2021-08-07,148
M00149,CARD,0.02343,0.105,2021-08-13,149
M00149,TOKEN,0.02395,0.105,2021-08-13,149
M00149,LDEBIT,0.01145,0.053,2021-08-13,149
M00149,WALLET,0.01874,0.053,2021-08-13,149
M00150,CARD,0.02409,0.105,2021-08-18,150
M00150,TOKEN,0.02463,0.105,2021-08-18,150
M00150,LDEBIT,0.01178,0.053,2021-08-18,150
M00151,CARD,0.02329,0.105,2021-08-21,151
M00151,LDEBIT,0.01139,0.053,2021-08-21,151
M00152,CARD,0.0177,0.072,2021-08-25,152
M00152,LDEBIT,0.00865,0.036,2021-08-25,152
M00153,CARD,0.02306,0.105,2021-08-28,153
M00153,LDEBIT,0.01127,0.053,2021-08-28,153
M00153,TOKEN,0.02357,0.105,2021-08-28,153
M00154,CARD,0.01595,0.072,2021-08-28,154
M00154,LDEBIT,0.0078,0.036,2021-08-28,154
M00154,TOKEN,0.01631,0.072,2021-08-28,154
M00155,CARD,0.02306,0.105,2021-09-04,155
M00155,LDEBIT,0.01128,0.053,2021-09-04,155
M00155,TOKEN,0.02358,0.105,2021-09-04,155
M00155,WALLET,0.01845,0.053,2021-09-04,155
M00156,CARD,0.02315,0.1,2021-09-07,156
M00156,TOKEN,0.02367,0.1,2021-09-07,156
M00156,LDEBIT,0.01132,0.05,2021-09-07,156
M00156,BNPL,0.0463,0.0,2021-09-07,156
M00157,CARD,0.0238,0.105,2021-09-09,157
M00157,LDEBIT,0.01163,0.053,2021-09-09,157
M00157,TOKEN,0.02433,0.105,2021-09-09,157
M00157,WALLET,0.01904,0.053,2021-09-09,157
M00158,CARD,0.02502,0.105,2021-09-12,158
M00158,TOKEN,0.02557,0.105,2021-09-12,158
M00159,CARD,0.02414,0.105,2021-09-13,159
M00159,LDEBIT,0.0118,0.053,2021-09-13,159
M00159,WALLET,0.01931,0.053,2021-09-13,159
M00160,CARD,0.02506,0.105,2021-09-20,160
M00160,LDEBIT,0.01225,0.053,2021-09-20,160
M00161,CARD,0.02238,0.1,2021-09-24,161
M00161,TOKEN,0.02288,0.1,2021-09-24,161
M00161,LDEBIT,0.01094,0.05,2021-09-24,161
M00162,CARD,0.01489,0.072,2021-09-30,162
M00162,LDEBIT,0.00728,0.036,2021-09-30,162
M00162,TOKEN,0.01523,0.072,2021-09-30,162
M00162,WALLET,0.01192,0.036,2021-09-30,162
M00163,CARD,0.02307,0.1,2021-10-01,163
M00163,TOKEN,0.02358,0.1,2021-10-01,163
M00163,LDEBIT,0.01128,0.05,2021-10-01,163
M00163,BNPL,0.04614,0.0,2021-10-01,163
M00164,CARD,0.02356,0.1,2021-10-05,164
M00164,TOKEN,0.02409,0.1,2021-10-05,164
M00164,LDEBIT,0.01152,0.05,2021-10-05,164
M00164,WALLET,0.01885,0.05,2021-10-05,164
M00164,BNPL,0.04712,0.0,2021-10-05,164
M00165,CARD,0.02373,0.105,2021-10-07,165
M00165,LDEBIT,0.0116,0.053,2021-10-07,165
M00166,CARD,0.02466,0.105,2021-10-08,182
M00166,LDEBIT,0.01206,0.053,2021-10-08,182
M00166,TOKEN,0.02521,0.105,2021-10-08,182
M00166,WALLET,0.01973,0.053,2021-10-08,182
M00167,CARD,0.02111,0.1,2021-10-12,166
M00167,TOKEN,0.02158,0.1,2021-10-12,166
M00167,LDEBIT,0.01032,0.05,2021-10-12,166
M00168,CARD,0.02163,0.1,2021-10-13,167
M00168,TOKEN,0.02211,0.1,2021-10-13,167
M00169,CARD,0.02285,0.105,2021-10-16,168
M00169,TOKEN,0.02336,0.105,2021-10-16,168
M00169,LDEBIT,0.01117,0.053,2021-10-16,168
M00169,WALLET,0.01828,0.053,2021-10-16,168
M00170,CARD,0.01584,0.072,2021-10-16,169
M00170,TOKEN,0.01619,0.072,2021-10-16,169
M00170,LDEBIT,0.00775,0.036,2021-10-16,169
M00170,WALLET,0.01267,0.036,2021-10-16,169
M00171,CARD,0.02286,0.1,2021-10-19,170
M00171,TOKEN,0.02336,0.1,2021-10-19,170
M00172,CARD,0.0236,0.1,2021-10-20,171
M00172,TOKEN,0.02413,0.1,2021-10-20,171
M00172,LDEBIT,0.01154,0.05,2021-10-20,171
M00172,WALLET,0.01888,0.05,2021-10-20,171
M00172,BNPL,0.0472,0.0,2021-10-20,171
M00173,CARD,0.01602,0.07,2021-10-21,172
M00173,LDEBIT,0.00783,0.035,2021-10-21,172
M00174,CARD,0.02334,0.105,2021-10-24,173
M00174,LDEBIT,0.01141,0.053,2021-10-24,173
M00175,CARD,0.02255,0.1,2021-10-27,174
M00175,TOKEN,0.02305,0.1,2021-10-27,174
M00175,LDEBIT,0.01102,0.05,2021-10-27,174
M00175,WALLET,0.01804,0.05,2021-10-27,174
M00175,BNPL,0.0451,0.0,2021-10-27,174
M00176,CARD,0.02245,0.105,2021-11-03,175
M00176,LDEBIT,0.01098,0.053,2021-11-03,175
M00176,WALLET,0.01796,0.053,2021-11-03,175
M00177,CARD,0.02285,0.105,2021-11-04,176
M00177,LDEBIT,0.01117,0.053,2021-11-04,176
M00178,CARD,0.02224,0.1,2021-11-09,177
M00178,TOKEN,0.02274,0.1,2021-11-09,177
M00178,LDEBIT,0.01088,0.05,2021-11-09,177
M00179,CARD,0.02254,0.105,2021-11-11,178
M00179,LDEBIT,0.01102,0.053,2021-11-11,178
M00179,WALLET,0.01803,0.053,2021-11-11,178
M00180,CARD,0.02244,0.1,2021-11-12,179
M00180,TOKEN,0.02294,0.1,2021-11-12,179
M00180,LDEBIT,0.01097,0.05,2021-11-12,179
M00180,BNPL,0.04488,0.0,2021-11-12,179
M00181,CARD,0.02112,0.1,2021-11-14,180
M00181,TOKEN,0.02159,0.1,2021-11-14,180
M00181,BNPL,0.04225,0.0,2021-11-14,180
M00182,CARD,0.02481,0.105,2021-11-16,181
M00182,LDEBIT,0.01213,0.053,2021-11-16,181
M00182,TOKEN,0.02536,0.105,2021-11-16,181
M00183,CARD,0.02222,0.1,2021-11-23,183
M00183,TOKEN,0.02272,0.1,2021-11-23,183
M00183,LDEBIT,0.01086,0.05,2021-11-23,183
M00183,BNPL,0.04444,0.0,2021-11-23,183
M00184,CARD,0.02256,0.1,2021-11-23,184
M00184,TOKEN,0.02306,0.1,2021-11-23,184
M00184,LDEBIT,0.01103,0.05,2021-11-23,184
M00184,WALLET,0.01805,0.05,2021-11-23,184
M00184,BNPL,0.04512,0.0,2021-11-23,184
M00185,CARD,0.02519,0.105,2021-11-23,185
M00185,LDEBIT,0.01232,0.053,2021-11-23,185
M00185,TOKEN,0.02575,0.105,2021-11-23,185
M00185,WALLET,0.02016,0.053,2021-11-23,185
M00186,CARD,0.02226,0.105,2021-11-24,186
M00186,LDEBIT,0.01088,0.053,2021-11-24,186
M00187,CARD,0.02552,0.105,2021-11-24,187
M00187,TOKEN,0.02609,0.105,2021-11-24,187
M00187,LDEBIT,0.01248,0.053,2021-11-24,187
M00187,WALLET,0.02042,0.053,2021-11-24,187
M00187,BNPL,0.05105,0.0,2021-11-24,187
M00188,CARD,0.02385,0.105,2021-11-25,188
M00188,LDEBIT,0.01166,0.053,2021-11-25,188
M00189,CARD,0.02297,0.105,2021-11-28,189
M00189,LDEBIT,0.01123,0.053,2021-11-28,189
M00189,TOKEN,0.02348,0.105,2021-11-28,189
M00190,CARD,0.02155,0.1,2021-11-28,190
M00190,TOKEN,0.02203,0.1,2021-11-28,190
M00190,LDEBIT,0.01054,0.05,2021-11-28,190
M00190,BNPL,0.0431,0.0,2021-11-28,190
M00191,CARD,0.02237,0.1,2021-12-03,191
M00191,TOKEN,0.02287,0.1,2021-12-03,191
M00191,LDEBIT,0.01094,0.05,2021-12-03,191
M00192,CARD,0.01668,0.07,2021-12-03,192
M00192,LDEBIT,0.00815,0.035,2021-12-03,192
M00192,WALLET,0.01334,0.035,2021-12-03,192
M00193,CARD,0.02341,0.105,2021-12-10,193
M00193,LDEBIT,0.01145,0.053,2021-12-10,193
M00194,CARD,0.02188,0.1,2021-12-13,194
M00194,TOKEN,0.02237,0.1,2021-12-13,194
M00195,CARD,0.02133,0.1,2021-12-16,195
M00195,TOKEN,0.0218,0.1,2021-12-16,195
M00195,LDEBIT,0.01043,0.05,2021-12-16,195
M00196,CARD,0.02199,0.105,2021-12-17,196
M00196,LDEBIT,0.01075,0.053,2021-12-17,196
M00196,TOKEN,0.02248,0.105,2021-12-17,196
M00196,WALLET,0.01759,0.053,2021-12-17,196
M00197,CARD,0.02343,0.105,2021-12-17,197
M00197,LDEBIT,0.01146,0.053,2021-12-17,197
M00197,TOKEN,0.02395,0.105,2021-12-17,197
M00197,WALLET,0.01875,0.053,2021-12-17,197
M00198,CARD,0.02025,0.072,2021-12-23,198
M00198,TOKEN,0.0207,0.072,2021-12-23,198
M00199,CARD,0.02161,0.105,2021-12-27,199
M00199,LDEBIT,0.01056,0.053,2021-12-27,199
M00199,WALLET,0.01728,0.053,2021-12-27,199
M00200,CARD,0.01405,0.07,2021-12-28,200
M00200,LDEBIT,0.00687,0.035,2021-12-28,200
M00201,CARD,0.02347,0.105,2021-12-30,201
M00201,LDEBIT,0.01147,0.053,2021-12-30,201
M00202,CARD,0.02443,0.105,2022-01-11,202
M00202,LDEBIT,0.01194,0.053,2022-01-11,202
M00202,TOKEN,0.02497,0.105,2022-01-11,202
M00203,CARD,0.02389,0.105,2022-01-17,203
M00203,LDEBIT,0.01168,0.053,2022-01-17,203
M00204,CARD,0.02188,0.105,2022-01-18,204
M00204,LDEBIT,0.0107,0.053,2022-01-18,204
M00204,TOKEN,0.02237,0.105,2022-01-18,204
M00205,CARD,0.01337,0.072,2022-01-18,205
M00205,LDEBIT,0.00653,0.036,2022-01-18,205
M00205,TOKEN,0.01366,0.072,2022-01-18,205
M00205,WALLET,0.01069,0.036,2022-01-18,205
M00206,CARD,0.02443,0.105,2022-01-18,206
M00206,TOKEN,0.02497,0.105,2022-01-18,206
M00206,LDEBIT,0.01194,0.053,2022-01-18,206
M00206,WALLET,0.01955,0.053,2022-01-18,206
M00206,BNPL,0.04886,0.0,2022-01-18,206
M00207,CARD,0.02311,0.1,2022-01-19,207
M00207,TOKEN,0.02363,0.1,2022-01-19,207
M00208,CARD,0.02329,0.1,2022-01-26,208
M00208,TOKEN,0.0238,0.1,2022-01-26,208
M00209,CARD,0.02291,0.1,2022-01-27,209
M00209,TOKEN,0.02342,0.1,2022-01-27,209
M00210,BANKTR,0.002,0.42,2022-01-31,210
M00210,CARD,0.01502,0.07,2022-01-31,210
M00211,CARD,0.02236,0.1,2022-02-03,211
M00211,TOKEN,0.02286,0.1,2022-02-03,211
M00211,LDEBIT,0.01093,0.05,2022-02-03,211
M00211,BNPL,0.04473,0.0,2022-02-03,211
M00212,CARD,0.02211,0.1,2022-02-04,212
M00212,TOKEN,0.0226,0.1,2022-02-04,212
M00213,CARD,0.02322,0.105,2022-02-06,213
M00213,TOKEN,0.02374,0.105,2022-02-06,213
M00213,LDEBIT,0.01135,0.053,2022-02-06,213
M00213,WALLET,0.01858,0.053,2022-02-06,213
M00214,CARD,0.02336,0.105,2022-02-06,214
M00214,LDEBIT,0.01142,0.053,2022-02-06,214
M00214,TOKEN,0.02388,0.105,2022-02-06,214
M00214,WALLET,0.01869,0.053,2022-02-06,214
M00215,CARD,0.02188,0.1,2022-02-06,215
M00215,TOKEN,0.02236,0.1,2022-02-06,215
M00215,LDEBIT,0.0107,0.05,2022-02-06,215
M00215,WALLET,0.0175,0.05,2022-02-06,215
M00216,CARD,0.02329,0.1,2022-02-08,216
M00216,TOKEN,0.02381,0.1,2022-02-08,216
M00216,LDEBIT,0.01139,0.05,2022-02-08,216
M00217,BANKTR,0.00215,0.42,2022-02-10,217
M00217,CARD,0.01613,0.07,2022-02-10,217
M00218,CARD,0.02218,0.105,2022-02-10,218
M00218,LDEBIT,0.01085,0.053,2022-02-10,218
M00218,WALLET,0.01775,0.053,2022-02-10,218
M00219,CARD,0.02458,0.105,2022-02-10,219
M00219,LDEBIT,0.01202,0.053,2022-02-10,219
M00219,TOKEN,0.02513,0.105,2022-02-10,219
M00219,WALLET,0.01967,0.053,2022-02-10,219
M00220,CARD,0.02142,0.1,2022-02-14,220
M00220,TOKEN,0.0219,0.1,2022-02-14,220
M00220,LDEBIT,0.01047,0.05,2022-02-14,220
M00220,WALLET,0.01714,0.05,2022-02-14,220
M00220,BNPL,0.04285,0.0,2022-02-14,220
M00221,CARD,0.01677,0.07,2022-02-19,221
M00221,LDEBIT,0.0082,0.035,2022-02-19,221
M00221,WALLET,0.01342,0.035,2022-02-19,221
M00222,CARD,0.02404,0.105,2022-02-20,222
M00222,LDEBIT,0.01175,0.053,2022-02-20,222
M00222,TOKEN,0.02458,0.105,2022-02-20,222
M00222,WALLET,0.01923,0.053,2022-02-20,222
M00223,CARD,0.02171,0.1,2022-02-21,223
M00223,TOKEN,0.02219,0.1,2022-02-21,223
M00224,CARD,0.0223,0.1,2022-02-23,224
M00224,TOKEN,0.02279,0.1,2022-02-23,224
M00224,LDEBIT,0.0109,0.05,2022-02-23,224
M00225,CARD,0.0225,0.105,2022-02-24,225
M00225,LDEBIT,0.011,0.053,2022-02-24,225
M00226,CARD,0.02296,0.1,2022-02-26,226
M00226,TOKEN,0.02347,0.1,2022-02-26,226
M00226,LDEBIT,0.01123,0.05,2022-02-26,226
M00226,WALLET,0.01837,0.05,2022-02-26,226
M00227,BANKTR,0.00205,0.42,2022-02-28,227
M00227,CARD,0.01541,0.07,2022-02-28,227
M00228,CARD,0.0116,0.072,2022-03-03,228
M00228,LDEBIT,0.00567,0.036,2022-03-03,228
M00228,TOKEN,0.01186,0.072,2022-03-03,228
M00229,CARD,0.02528,0.105,2022-03-07,229
M00229,TOKEN,0.02584,0.105,2022-03-07,229
M00229,LDEBIT,0.01236,0.053,2022-03-07,229
M00230,CARD,0.02392,0.1,2022-03-08,230
M00230,TOKEN,0.02446,0.1,2022-03-08,230
M00231,BANKTR,0.00225,0.42,2022-03-09,231
M00231,CARD,0.01685,0.07,2022-03-09,231
M00232,CARD,0.02432,0.105,2022-03-10,232
M00232,TOKEN,0.02486,0.105,2022-03-10,232
M00232,LDEBIT,0.01189,0.053,2022-03-10,232
M00233,CARD,0.02257,0.1,2022-03-12,233
M00233,TOKEN,0.02307,0.1,2022-03-12,233
M00233,LDEBIT,0.01103,0.05,2022-03-12,233
M00233,WALLET,0.01805,0.05,2022-03-12,233
M00234,BANKTR,0.00195,0.42,2022-03-15,234
M00234,CARD,0.0146,0.07,2022-03-15,234
M00235,CARD,0.02302,0.105,2022-03-16,235
M00235,LDEBIT,0.01125,0.053,2022-03-16,235
M00235,TOKEN,0.02353,0.105,2022-03-16,235
M00236,CARD,0.01608,0.07,2022-03-16,236
M00236,LDEBIT,0.00786,0.035,2022-03-16,236
M00236,WALLET,0.01287,0.035,2022-03-16,236
M00237,CARD,0.02152,0.1,2022-03-19,237
M00237,TOKEN,0.022,0.1,2022-03-19,237
M00237,LDEBIT,0.01052,0.05,2022-03-19,237
M00237,BNPL,0.04304,0.0,2022-03-19,237
M00238,CARD,0.02229,0.1,2022-03-21,238
M00238,TOKEN,0.02279,0.1,2022-03-21,238
M00239,CARD,0.02414,0.105,2022-03-22,239
M00239,LDEBIT,0.0118,0.053,2022-03-22,239
M00239,TOKEN,0.02468,0.105,2022-03-22,239
M00240,CARD,0.02273,0.1,2022-03-26,240
M00240,TOKEN,0.02324,0.1,2022-03-26,240
M00240,LDEBIT,0.01111,0.05,2022-03-26,240
M00240,BNPL,0.04546,0.0,2022-03-26,240
M00241,CARD,0.02435,0.1,2022-03-30,241
M00241,TOKEN,0.02489,0.1,2022-03-30,241
M00241,LDEBIT,0.01191,0.05,2022-03-30,241
M00241,WALLET,0.01948,0.05,2022-03-30,241
M00242,CARD,0.0237,0.105,2022-04-06,242
M00242,LDEBIT,0.01158,0.053,2022-04-06,242
M00242,TOKEN,0.02422,0.105,2022-04-06,242
M00243,BANKTR,0.00209,0.42,2022-04-08,243
M00243,CARD,0.01569,0.07,2022-04-08,243
M00244,BANKTR,0.0021,0.42,2022-04-13,244
M00244,CARD,0.01573,0.07,2022-04-13,244
M00245,CARD,0.02188,0.1,2022-04-17,245
M00245,TOKEN,0.02237,0.1,2022-04-17,245
M00245,LDEBIT,0.0107,0.05,2022-04-17,245
M00245,WALLET,0.01751,0.05,2022-04-17,245
M00245,BNPL,0.04376,0.0,2022-04-17,245
M00246,CARD,0.022,0.1,2022-04-19,246
M00246,TOKEN,0.02249,0.1,2022-04-19,246
M00246,LDEBIT,0.01076,0.05,2022-04-19,246
M00246,WALLET,0.0176,0.05,2022-04-19,246
M00247,BANKTR,0.00196,0.42,2022-04-20,247
M00247,CARD,0.01471,0.07,2022-04-20,247
M00248,CARD,0.0249,0.105,2022-04-23,248
M00248,LDEBIT,0.01217,0.053,2022-04-23,248
M00248,TOKEN,0.02545,0.105,2022-04-23,248
M00249,BANKTR,0.00204,0.42,2022-04-29,249
M00249,CARD,0.01534,0.07,2022-04-29,249
M00250,CARD,0.02363,0.105,2022-05-01,250
M00250,LDEBIT,0.01155,0.053,2022-05-01,250
M00250,TOKEN,0.02416,0.105,2022-05-01,250
M00251,CARD,0.02406,0.105,2022-05-01,251
M00251,LDEBIT,0.01176,0.053,2022-05-01,251
M00251,WALLET,0.01925,0.053,2022-05-01,251
M00252,CARD,0.02436,0.105,2022-05-06,252
M00252,TOKEN,0.0249,0.105,2022-05-06,252
M00252,LDEBIT,0.01191,0.053,2022-05-06,252
M00252,BNPL,0.04872,0.0,2022-05-06,252
M00253,CARD,0.02359,0.105,2022-05-06,253
M00253,TOKEN,0.02412,0.105,2022-05-06,253
M00253,LDEBIT,0.01153,0.053,2022-05-06,253
M00254,CARD,0.02283,0.105,2022-05-16,254
M00254,TOKEN,0.02334,0.105,2022-05-16,254
M00254,LDEBIT,0.01116,0.053,2022-05-16,254
M00254,WALLET,0.01826,0.053,2022-05-16,254
M00254,BNPL,0.04566,0.0,2022-05-16,254
M00255,CARD,0.02365,0.105,2022-05-17,255
M00255,LDEBIT,0.01156,0.053,2022-05-17,255
M00255,TOKEN,0.02417,0.105,2022-05-17,255
M00255,WALLET,0.01892,0.053,2022-05-17,255
M00256,BANKTR,0.00203,0.42,2022-05-17,256
M00256,CARD,0.01521,0.07,2022-05-17,256
M00257,CARD,0.02241,0.105,2022-05-21,257
M00257,LDEBIT,0.01096,0.053,2022-05-21,257
M00258,CARD,0.01652,0.07,2022-05-22,258
M00258,LDEBIT,0.00808,0.035,2022-05-22,258
M00258,WALLET,0.01322,0.035,2022-05-22,258
M00259,CARD,0.02371,0.1,2022-05-22,259
M00259,TOKEN,0.02424,0.1,2022-05-22,259
M00259,LDEBIT,0.01159,0.05,2022-05-22,259
M00259,WALLET,0.01897,0.05,2022-05-22,259
M00259,BNPL,0.04742,0.0,2022-05-22,259
M00260,CARD,0.01911,0.072,2022-05-23,260
M00260,LDEBIT,0.00934,0.036,2022-05-23,260
M00261,CARD,0.02469,0.105,2022-05-23,261
M00261,TOKEN,0.02523,0.105,2022-05-23,261
M00262,CARD,0.02262,0.1,2022-05-24,262
M00262,TOKEN,0.02313,0.1,2022-05-24,262
M00263,CARD,0.02434,0.105,2022-05-24,263
M00263,LDEBIT,0.0119,0.053,2022-05-24,263
M00263,WALLET,0.01947,0.053,2022-05-24,263
M00264,CARD,0.02264,0.1,2022-05-26,264
M00264,TOKEN,0.02314,0.1,2022-05-26,264
M00265,CARD,0.0248,0.105,2022-05-26,265
M00265,LDEBIT,0.01213,0.053,2022-05-26,265
M00266,CARD,0.02425,0.105,2022-05-27,266
M00266,TOKEN,0.02479,0.105,2022-05-27,266
M00266,LDEBIT,0.01186,0.053,2022-05-27,266
M00267,CARD,0.01542,0.07,2022-05-29,267
M00267,LDEBIT,0.00754,0.035,2022-05-29,267
M00268,CARD,0.02255,0.105,2022-06-01,268
M00268,LDEBIT,0.01103,0.053,2022-06-01,268
M00268,WALLET,0.01804,0.053,2022-06-01,268
M00269,CARD,0.02324,0.105,2022-06-09,269
M00269,LDEBIT,0.01136,0.053,2022-06-09,269
M00269,TOKEN,0.02376,0.105,2022-06-09,269
M00269,WALLET,0.01859,0.053,2022-06-09,269
M00270,CARD,0.02368,0.1,2022-06-11,270
M00270,TOKEN,0.0242,0.1,2022-06-11,270
M00271,CARD,0.0228,0.105,2022-06-13,271
M00271,TOKEN,0.0233,0.105,2022-06-13,271
M00271,LDEBIT,0.01114,0.053,2022-06-13,271
M00271,WALLET,0.01824,0.053,2022-06-13,271
M00272,CARD,0.02521,0.105,2022-06-14,272
M00272,LDEBIT,0.01232,0.053,2022-06-14,272
M00272,TOKEN,0.02577,0.105,2022-06-14,272
M00273,CARD,0.02299,0.1,2022-06-18,273
M00273,TOKEN,0.0235,0.1,2022-06-18,273
M00273,LDEBIT,0.01124,0.05,2022-06-18,273
M00274,CARD,0.02394,0.1,2022-06-19,274
M00274,TOKEN,0.02447,0.1,2022-06-19,274
M00275,CARD,0.01669,0.072,2022-06-21,275
M00275,LDEBIT,0.00816,0.036,2022-06-21,275
M00275,TOKEN,0.01707,0.072,2022-06-21,275
M00276,CARD,0.0232,0.105,2022-06-23,276
M00276,LDEBIT,0.01134,0.053,2022-06-23,276
M00277,CARD,0.02228,0.1,2022-06-24,277
M00277,TOKEN,0.02277,0.1,2022-06-24,277
M00277,LDEBIT,0.01089,0.05,2022-06-24,277
M00277,WALLET,0.01782,0.05,2022-06-24,277
M00278,CARD,0.02487,0.105,2022-06-26,278
M00278,LDEBIT,0.01216,0.053,2022-06-26,278
M00278,TOKEN,0.02542,0.105,2022-06-26,278
M00279,CARD,0.02428,0.105,2022-06-27,279
M00279,LDEBIT,0.01187,0.053,2022-06-27,279
M00279,TOKEN,0.02482,0.105,2022-06-27,279
M00279,WALLET,0.01942,0.053,2022-06-27,279
M00280,BANKTR,0.00205,0.42,2022-06-28,280
M00280,CARD,0.01534,0.07,2022-06-28,280
M00281,CARD,0.02425,0.105,2022-06-29,281
M00281,LDEBIT,0.01186,0.053,2022-06-29,281
M00281,TOKEN,0.02479,0.105,2022-06-29,281
M00282,CARD,0.02275,0.105,2022-07-01,282
M00282,LDEBIT,0.01112,0.053,2022-07-01,282
M00282,WALLET,0.0182,0.053,2022-07-01,282
M00283,CARD,0.02252,0.1,2022-07-01,283
M00283,TOKEN,0.02302,0.1,2022-07-01,283
M00283,LDEBIT,0.01101,0.05,2022-07-01,283
M00283,WALLET,0.01802,0.05,2022-07-01,283
M00284,CARD,0.02396,0.105,2022-07-03,284
M00284,LDEBIT,0.01171,0.053,2022-07-03,284
M00284,TOKEN,0.02449,0.105,2022-07-03,284
M00284,WALLET,0.01917,0.053,2022-07-03,284
M00285,CARD,0.01595,0.072,2022-07-04,285
M00285,TOKEN,0.0163,0.072,2022-07-04,285
M00285,LDEBIT,0.0078,0.036,2022-07-04,285
M00286,CARD,0.02501,0.105,2022-07-08,286
M00286,LDEBIT,0.01223,0.053,2022-07-08,286
M00286,TOKEN,0.02556,0.105,2022-07-08,286
M00286,WALLET,0.02001,0.053,2022-07-08,286
M00287,CARD,0.02215,0.1,2022-07-10,287
M00287,TOKEN,0.02265,0.1,2022-07-10,287
M00287,LDEBIT,0.01083,0.05,2022-07-10,287
M00288,CARD,0.02329,0.105,2022-07-12,288
M00288,TOKEN,0.0238,0.105,2022-07-12,288
M00288,LDEBIT,0.01138,0.053,2022-07-12,288
M00289,CARD,0.02408,0.105,2022-07-14,289
M00289,TOKEN,0.02461,0.105,2022-07-14,289
M00289,LDEBIT,0.01177,0.053,2022-07-14,289
M00289,WALLET,0.01926,0.053,2022-07-14,289
M00289,BNPL,0.04816,0.0,2022-07-14,289
M00290,CARD,0.02327,0.1,2022-07-14,290
M00290,TOKEN,0.02379,0.1,2022-07-14,290
M00290,BNPL,0.04655,0.0,2022-07-14,290
M00291,CARD,0.02417,0.105,2022-07-18,291
M00291,LDEBIT,0.01182,0.053,2022-07-18,291
M00291,TOKEN,0.02471,0.105,2022-07-18,291
M00292,CARD,0.02329,0.105,2022-07-19,292
M00292,LDEBIT,0.01139,0.053,2022-07-19,292
M00292,TOKEN,0.02381,0.105,2022-07-19,292
M00292,WALLET,0.01863,0.053,2022-07-19,292
M00293,CARD,0.02398,0.105,2022-07-22,293
M00293,LDEBIT,0.01172,0.053,2022-07-22,293
M00293,TOKEN,0.02451,0.105,2022-07-22,293
M00294,CARD,0.02191,0.1,2022-07-23,294
M00294,TOKEN,0.0224,0.1,2022-07-23,294
M00294,BNPL,0.04382,0.0,2022-07-23,294
M00295,BANKTR,0.00226,0.42,2022-07-24,295
M00295,CARD,0.01698,0.07,2022-07-24,295
M00296,BANKTR,0.00206,0.42,2022-07-24,296
M00296,CARD,0.01549,0.07,2022-07-24,296
M00297,CARD,0.02403,0.1,2022-07-24,297
M00297,TOKEN,0.02456,0.1,2022-07-24,297
M00298,CARD,0.02185,0.1,2022-07-24,298
M00298,TOKEN,0.02233,0.1,2022-07-24,298
M00299,CARD,0.01531,0.07,2022-07-25,299
M00299,LDEBIT,0.00749,0.035,2022-07-25,299
M00300,CARD,0.02156,0.1,2022-07-25,300
M00300,TOKEN,0.02204,0.1,2022-07-25,300
M00300,LDEBIT,0.01054,0.05,2022-07-25,300
M00300,WALLET,0.01725,0.05,2022-07-25,300
M00301,CARD,0.0233,0.105,2022-07-25,301
M00301,LDEBIT,0.01139,0.053,2022-07-25,301
M00301,WALLET,0.01864,0.053,2022-07-25,301
M00302,CARD,0.02408,0.105,2022-07-27,302
M00302,LDEBIT,0.01177,0.053,2022-07-27,302
M00303,CARD,0.02343,0.1,2022-07-29,303
M00303,TOKEN,0.02395,0.1,2022-07-29,303
M00303,LDEBIT,0.01146,0.05,2022-07-29,303
M00303,BNPL,0.04687,0.0,2022-07-29,303
M00304,CARD,0.02218,0.1,2022-07-29,304
M00304,TOKEN,0.02267,0.1,2022-07-29,304
M00304,LDEBIT,0.01084,0.05,2022-07-29,304
M00305,BANKTR,0.00215,0.42,2022-08-01,305
M00305,CARD,0.01611,0.07,2022-08-01,305
M00306,CARD,0.02429,0.105,2022-08-02,306
M00306,LDEBIT,0.01188,0.053,2022-08-02,306
M00306,TOKEN,0.02483,0.105,2022-08-02,306
M00307,CARD,0.022,0.1,2022-08-08,307
M00307,TOKEN,0.02249,0.1,2022-08-08,307
M00307,LDEBIT,0.01075,0.05,2022-08-08,307
M00308,CARD,0.02389,0.1,2022-08-09,308
M00308,TOKEN,0.02442,0.1,2022-08-09,308
M00308,LDEBIT,0.01168,0.05,2022-08-09,308
M00309,CARD,0.0249,0.105,2022-08-11,309
M00309,LDEBIT,0.01217,0.053,2022-08-11,309
M00309,TOKEN,0.02545,0.105,2022-08-11,309
M00310,CARD,0.02253,0.1,2022-08-13,310
M00310,TOKEN,0.02303,0.1,2022-08-13,310
M00310,LDEBIT,0.01102,0.05,2022-08-13,310
M00310,BNPL,0.04506,0.0,2022-08-13,310
M00311,CARD,0.02277,0.105,2022-08-15,311
M00311,TOKEN,0.02328,0.105,2022-08-15,311
M00311,LDEBIT,0.01113,0.053,2022-08-15,311
M00311,WALLET,0.01822,0.053,2022-08-15,311
M00312,CARD,0.01377,0.072,2022-08-19,323
M00312,LDEBIT,0.00673,0.036,2022-08-19,323
M00313,CARD,0.0239,0.105,2022-08-21,312
M00313,TOKEN,0.02443,0.105,2022-08-21,312
M00313,LDEBIT,0.01169,0.053,2022-08-21,312
M00313,WALLET,0.01912,0.053,2022-08-21,312
M00314,CARD,0.02324,0.105,2022-08-24,313
M00314,LDEBIT,0.01136,0.053,2022-08-24,313
M00314,TOKEN,0.02376,0.105,2022-08-24,313
M00314,WALLET,0.0186,0.053,2022-08-24,313
M00315,CARD,0.02373,0.105,2022-08-24,314
M00315,LDEBIT,0.0116,0.053,2022-08-24,314
M00315,WALLET,0.01898,0.053,2022-08-24,314
M00316,CARD,0.02188,0.1,2022-08-24,315
M00316,TOKEN,0.02237,0.1,2022-08-24,315
M00316,LDEBIT,0.0107,0.05,2022-08-24,315
M00317,CARD,0.02132,0.105,2022-08-25,316
M00317,LDEBIT,0.01042,0.053,2022-08-25,316
M00317,TOKEN,0.0218,0.105,2022-08-25,316
M00318,CARD,0.02251,0.1,2022-08-31,317
M00318,TOKEN,0.02301,0.1,2022-08-31,317
M00318,LDEBIT,0.011,0.05,2022-08-31,317
M00318,WALLET,0.01801,0.05,2022-08-31,317
M00318,BNPL,0.04502,0.0,2022-08-31,317
M00319,CARD,0.02242,0.105,2022-09-05,318
M00319,LDEBIT,0.01096,0.053,2022-09-05,318
M00319,TOKEN,0.02292,0.105,2022-09-05,318
M00320,CARD,0.02385,0.105,2022-09-06,319
M00320,TOKEN,0.02438,0.105,2022-09-06,319
M00320,LDEBIT,0.01166,0.053,2022-09-06,319
M00321,CARD,0.02325,0.105,2022-09-09,320
M00321,LDEBIT,0.01137,0.053,2022-09-09,320
M00322,CARD,0.0244,0.105,2022-09-11,321
M00322,LDEBIT,0.01193,0.053,2022-09-11,321
M00322,WALLET,0.01952,0.053,2022-09-11,321
M00323,CARD,0.02409,0.1,2022-09-11,322
M00323,TOKEN,0.02462,0.1,2022-09-11,322
M00323,LDEBIT,0.01178,0.05,2022-09-11,322
M00323,WALLET,0.01927,0.05,2022-09-11,322
M00323,BNPL,0.04817,0.0,2022-09-11,322
M00324,CARD,0.02284,0.105,2022-09-15,324
M00324,LDEBIT,0.01117,0.053,2022-09-15,324
M00325,BANKTR,0.00214,0.42,2022-09-16,325
M00325,CARD,0.01607,0.07,2022-09-16,325
M00326,CARD,0.02349,0.105,2022-09-16,326
M00326,LDEBIT,0.01148,0.053,2022-09-16,326
M00326,TOKEN,0.02401,0.105,2022-09-16,326
M00327,CARD,0.02201,0.1,2022-09-19,327
M00327,TOKEN,0.0225,0.1,2022-09-19,327
M00328,BANKTR,0.00205,0.42,2022-09-22,328
M00328,CARD,0.01535,0.07,2022-09-22,328
M00329,CARD,0.0232,0.1,2022-09-24,329
M00329,TOKEN,0.02372,0.1,2022-09-24,329
M00330,CARD,0.0236,0.105,2022-09-25,330
M00330,LDEBIT,0.01154,0.053,2022-09-25,330
M00330,TOKEN,0.02412,0.105,2022-09-25,330
M00331,CARD,0.01406,0.072,2022-09-26,331
M00331,TOKEN,0.01438,0.072,2022-09-26,331
M00332,CARD,0.01532,0.072,2022-09-26,332
M00332,TOKEN,0.01566,0.072,2022-09-26,332
M00332,LDEBIT,0.00749,0.036,2022-09-26,332
M00332,WALLET,0.01225,0.036,2022-09-26,332
M00332,BNPL,0.03063,0.0,2022-09-26,332
M00333,CARD,0.02475,0.105,2022-09-27,333
M00333,LDEBIT,0.0121,0.053,2022-09-27,333
M00333,TOKEN,0.0253,0.105,2022-09-27,333
M00334,CARD,0.02213,0.1,2022-09-27,334
M00334,TOKEN,0.02262,0.1,2022-09-27,334
M00334,LDEBIT,0.01082,0.05,2022-09-27,334
M00335,CARD,0.02483,0.105,2022-09-28,335
M00335,LDEBIT,0.01214,0.053,2022-09-28,335
M00336,CARD,0.02113,0.1,2022-10-02,336
M00336,TOKEN,0.02159,0.1,2022-10-02,336
M00336,LDEBIT,0.01033,0.05,2022-10-02,336
M00336,WALLET,0.0169,0.05,2022-10-02,336
M00336,BNPL,0.04225,0.0,2022-10-02,336
M00337,CARD,0.01792,0.072,2022-10-02,337
M00337,LDEBIT,0.00876,0.036,2022-10-02,337
M00337,TOKEN,0.01832,0.072,2022-10-02,337
M00338,CARD,0.02407,0.105,2022-10-04,338
M00338,LDEBIT,0.01177,0.053,2022-10-04,338
M00339,CARD,0.0215,0.105,2022-10-04,339
M00339,LDEBIT,0.01051,0.053,2022-10-04,339
M00339,TOKEN,0.02198,0.105,2022-10-04,339
M00340,CARD,0.02363,0.105,2022-10-09,340
M00340,TOKEN,0.02416,0.105,2022-10-09,340
M00340,LDEBIT,0.01155,0.053,2022-10-09,340
M00341,CARD,0.02587,0.105,2022-10-19,341
M00341,LDEBIT,0.01265,0.053,2022-10-19,341
M00341,TOKEN,0.02644,0.105,2022-10-19,341
M00342,CARD,0.02386,0.1,2022-10-19,342
M00342,TOKEN,0.02439,0.1,2022-10-19,342
M00343,CARD,0.02323,0.105,2022-10-27,343
M00343,LDEBIT,0.01136,0.053,2022-10-27,343
M00343,TOKEN,0.02375,0.105,2022-10-27,343
M00343,WALLET,0.01859,0.053,2022-10-27,343
M00344,CARD,0.02382,0.105,2022-10-31,344
M00344,LDEBIT,0.01165,0.053,2022-10-31,344
M00344,TOKEN,0.02435,0.105,2022-10-31,344
M00344,WALLET,0.01906,0.053,2022-10-31,344
M00345,CARD,0.01419,0.072,2022-11-06,345
M00345,TOKEN,0.0145,0.072,2022-11-06,345
M00346,CARD,0.02233,0.105,2022-11-06,346
M00346,LDEBIT,0.01092,0.053,2022-11-06,346
M00346,TOKEN,0.02283,0.105,2022-11-06,346
M00347,CARD,0.02163,0.1,2022-11-06,347
M00347,TOKEN,0.02211,0.1,2022-11-06,347
M00347,LDEBIT,0.01057,0.05,2022-11-06,347
M00347,WALLET,0.0173,0.05,2022-11-06,347
M00348,CARD,0.02481,0.105,2022-11-13,348
M00348,LDEBIT,0.01213,0.053,2022-11-13,348
M00348,TOKEN,0.02536,0.105,2022-11-13,348
M00348,WALLET,0.01985,0.053,2022-11-13,348
M00349,CARD,0.02504,0.105,2022-11-16,349
M00349,TOKEN,0.02559,0.105,2022-11-16,349
M00349,BNPL,0.05007,0.0,2022-11-16,349
M00350,CARD,0.02444,0.105,2022-11-19,350
M00350,LDEBIT,0.01195,0.053,2022-11-19,350
M00350,TOKEN,0.02499,0.105,2022-11-19,350
M00351,BANKTR,0.00217,0.42,2022-11-20,351
M00351,CARD,0.0163,0.07,2022-11-20,351
M00352,CARD,0.02513,0.105,2022-11-22,352
M00352,LDEBIT,0.01228,0.053,2022-11-22,352
M00352,WALLET,0.0201,0.053,2022-11-22,352
M00353,CARD,0.02102,0.1,2022-11-24,353
M00353,TOKEN,0.02148,0.1,2022-11-24,353
M00353,LDEBIT,0.01028,0.05,2022-11-24,353
M00354,CARD,0.02435,0.105,2022-11-25,354
M00354,LDEBIT,0.01191,0.053,2022-11-25,354
M00354,WALLET,0.01948,0.053,2022-11-25,354
M00355,CARD,0.02359,0.105,2022-11-26,355
M00355,LDEBIT,0.01153,0.053,2022-11-26,355
M00355,TOKEN,0.02412,0.105,2022-11-26,355
M00356,CARD,0.02304,0.105,2022-11-28,356
M00356,LDEBIT,0.01127,0.053,2022-11-28,356
M00356,TOKEN,0.02356,0.105,2022-11-28,356
M00357,CARD,0.01723,0.072,2022-11-29,357
M00357,TOKEN,0.01761,0.072,2022-11-29,357
M00357,LDEBIT,0.00842,0.036,2022-11-29,357
M00357,WALLET,0.01378,0.036,2022-11-29,357
M00357,BNPL,0.03445,0.0,2022-11-29,357
M00358,CARD,0.02381,0.105,2022-11-29,358
M00358,TOKEN,0.02434,0.105,2022-11-29,358
M00358,LDEBIT,0.01164,0.053,2022-11-29,358
M00359,CARD,0.02443,0.105,2022-12-01,359
M00359,LDEBIT,0.01195,0.053,2022-12-01,359
M00359,TOKEN,0.02498,0.105,2022-12-01,359
M00360,CARD,0.02205,0.1,2022-12-17,360
M00360,TOKEN,0.02254,0.1,2022-12-17,360
M00360,LDEBIT,0.01078,0.05,2022-12-17,360
M00360,WALLET,0.01764,0.05,2022-12-17,360
M00360,BNPL,0.04411,0.0,2022-12-17,360
M00361,CARD,0.02313,0.105,2022-12-18,361
M00361,TOKEN,0.02364,0.105,2022-12-18,361
M00361,LDEBIT,0.01131,0.053,2022-12-18,361
M00361,WALLET,0.0185,0.053,2022-12-18,361
M00361,BNPL,0.04626,0.0,2022-12-18,361
M00362,CARD,0.02188,0.1,2022-12-22,362
M00362,TOKEN,0.02236,0.1,2022-12-22,362
M00362,LDEBIT,0.0107,0.05,2022-12-22,362
M00363,CARD,0.02187,0.1,2022-12-22,363
M00363,TOKEN,0.02236,0.1,2022-12-22,363
M00364,CARD,0.0221,0.1,2022-12-24,364
M00364,TOKEN,0.02259,0.1,2022-12-24,364
M00364,LDEBIT,0.0108,0.05,2022-12-24,364
M00365,CARD,0.02377,0.105,2022-12-24,365
M00365,LDEBIT,0.01162,0.053,2022-12-24,365
M00365,TOKEN,0.0243,0.105,2022-12-24,365
M00365,WALLET,0.01902,0.053,2022-12-24,365
M00366,CARD,0.02204,0.1,2022-12-24,366
M00366,TOKEN,0.02253,0.1,2022-12-24,366
M00367,CARD,0.02309,0.105,2022-12-26,367
M00367,LDEBIT,0.01129,0.053,2022-12-26,367
M00367,TOKEN,0.02361,0.105,2022-12-26,367
M00368,CARD,0.02138,0.1,2022-12-26,368
M00368,TOKEN,0.02186,0.1,2022-12-26,368
M00368,LDEBIT,0.01045,0.05,2022-12-26,368
M00369,CARD,0.01625,0.072,2022-12-29,369
M00369,TOKEN,0.01661,0.072,2022-12-29,369
M00369,LDEBIT,0.00794,0.036,2022-12-29,369
M00369,BNPL,0.03249,0.0,2022-12-29,369
M00370,CARD,0.02315,0.1,2022-12-29,370
M00370,TOKEN,0.02367,0.1,2022-12-29,370
M00371,CARD,0.02465,0.105,2023-01-01,371
M00371,LDEBIT,0.01205,0.053,2023-01-01,371
M00372,CARD,0.02337,0.105,2023-01-01,372
M00372,TOKEN,0.02388,0.105,2023-01-01,372
M00372,LDEBIT,0.01142,0.053,2023-01-01,372
M00372,WALLET,0.01869,0.053,2023-01-01,372
M00373,CARD,0.02336,0.1,2023-01-06,373
M00373,TOKEN,0.02388,0.1,2023-01-06,373
M00373,LDEBIT,0.01142,0.05,2023-01-06,373
M00373,BNPL,0.04673,0.0,2023-01-06,373
M00374,BANKTR,0.00209,0.42,2023-01-09,374
M00374,CARD,0.01567,0.07,2023-01-09,374
M00375,CARD,0.0152,0.072,2023-01-10,375
M00375,TOKEN,0.01554,0.072,2023-01-10,375
M00375,LDEBIT,0.00743,0.036,2023-01-10,375
M00375,WALLET,0.01216,0.036,2023-01-10,375
M00376,CARD,0.02246,0.1,2023-01-10,376
M00376,TOKEN,0.02296,0.1,2023-01-10,376
M00376,LDEBIT,0.01098,0.05,2023-01-10,376
M00376,WALLET,0.01797,0.05,2023-01-10,376
M00376,BNPL,0.04492,0.0,2023-01-10,376
M00377,CARD,0.02278,0.1,2023-01-11,377
M00377,TOKEN,0.02329,0.1,2023-01-11,377
M00377,LDEBIT,0.01114,0.05,2023-01-11,377
M00378,CARD,0.02541,0.105,2023-01-12,383
M00378,LDEBIT,0.01242,0.053,2023-01-12,383
M00378,WALLET,0.02033,0.053,2023-01-12,383
M00379,CARD,0.02072,0.1,2023-01-14,378
M00379,TOKEN,0.02118,0.1,2023-01-14,378
M00379,LDEBIT,0.01013,0.05,2023-01-14,378
M00379,WALLET,0.01658,0.05,2023-01-14,378
M00379,BNPL,0.04144,0.0,2023-01-14,378
M00380,CARD,0.02386,0.105,2023-01-16,379
M00380,LDEBIT,0.01166,0.053,2023-01-16,379
M00380,TOKEN,0.02439,0.105,2023-01-16,379
M00381,BANKTR,0.00213,0.42,2023-01-16,380
M00381,CARD,0.01598,0.07,2023-01-16,380
M00382,CARD,0.02275,0.1,2023-01-23,381
M00382,TOKEN,0.02325,0.1,2023-01-23,381
M00383,BANKTR,0.00208,0.42,2023-01-23,382
M00383,CARD,0.0156,0.07,2023-01-23,382
M00384,CARD,0.02453,0.105,2023-01-31,384
M00384,LDEBIT,0.01199,0.053,2023-01-31,384
M00384,TOKEN,0.02508,0.105,2023-01-31,384
M00385,CARD,0.02293,0.105,2023-02-01,385
M00385,LDEBIT,0.01121,0.053,2023-02-01,385
M00385,TOKEN,0.02344,0.105,2023-02-01,385
M00385,WALLET,0.01835,0.053,2023-02-01,385
M00386,CARD,0.01294,0.072,2023-02-05,386
M00386,LDEBIT,0.00633,0.036,2023-02-05,386
M00386,TOKEN,0.01323,0.072,2023-02-05,386
M00387,CARD,0.02237,0.1,2023-02-06,387
M00387,TOKEN,0.02286,0.1,2023-02-06,387
M00387,LDEBIT,0.01093,0.05,2023-02-06,387
M00388,CARD,0.01766,0.072,2023-02-08,388
M00388,TOKEN,0.01806,0.072,2023-02-08,388
M00389,CARD,0.01486,0.07,2023-02-09,389
M00389,LDEBIT,0.00727,0.035,2023-02-09,389
M00390,CARD,0.02241,0.105,2023-02-21,390
M00390,LDEBIT,0.01096,0.053,2023-02-21,390
M00390,TOKEN,0.02291,0.105,2023-02-21,390
M00391,CARD,0.02497,0.105,2023-02-22,391
M00391,LDEBIT,0.01221,0.053,2023-02-22,391
M00391,TOKEN,0.02552,0.105,2023-02-22,391
M00391,WALLET,0.01998,0.053,2023-02-22,391
M00392,BANKTR,0.00206,0.42,2023-02-25,392
M00392,CARD,0.01547,0.07,2023-02-25,392
M00393,CARD,0.0215,0.105,2023-02-26,393
M00393,LDEBIT,0.01051,0.053,2023-02-26,393
M00393,TOKEN,0.02198,0.105,2023-02-26,393
M00393,WALLET,0.0172,0.053,2023-02-26,393
M00394,CARD,0.02551,0.105,2023-02-26,394
M00394,LDEBIT,0.01247,0.053,2023-02-26,394
M00395,CARD,0.022,0.1,2023-03-02,395
M00395,TOKEN,0.02249,0.1,2023-03-02,395
M00395,LDEBIT,0.01076,0.05,2023-03-02,395
M00395,WALLET,0.0176,0.05,2023-03-02,395
M00395,BNPL,0.044,0.0,2023-03-02,395
M00396,CARD,0.02148,0.1,2023-03-04,396
M00396,TOKEN,0.02195,0.1,2023-03-04,396
M00396,LDEBIT,0.0105,0.05,2023-03-04,396
M00396,WALLET,0.01718,0.05,2023-03-04,396
M00397,CARD,0.02195,0.1,2023-03-06,397
M00397,TOKEN,0.02243,0.1,2023-03-06,397
M00397,LDEBIT,0.01073,0.05,2023-03-06,397
M00397,WALLET,0.01756,0.05,2023-03-06,397
M00398,CARD,0.02271,0.1,2023-03-10,398
M00398,TOKEN,0.02322,0.1,2023-03-10,398
M00399,CARD,0.02384,0.105,2023-03-12,399
M00399,TOKEN,0.02437,0.105,2023-03-12,399
M00399,LDEBIT,0.01166,0.053,2023-03-12,399
M00399,WALLET,0.01908,0.053,2023-03-12,399
M00400,CARD,0.02489,0.105,2023-03-16,400
M00400,TOKEN,0.02545,0.105,2023-03-16,400
M00400,LDEBIT,0.01217,0.053,2023-03-16,400
M00400,BNPL,0.04979,0.0,2023-03-16,400
M00401,CARD,0.02209,0.1,2023-03-17,401
M00401,TOKEN,0.02258,0.1,2023-03-17,401
M00401,LDEBIT,0.0108,0.05,2023-03-17,401
M00401,WALLET,0.01767,0.05,2023-03-17,401
M00401,BNPL,0.04418,0.0,2023-03-17,401
M00402,CARD,0.02364,0.105,2023-03-17,402
M00402,LDEBIT,0.01156,0.053,2023-03-17,402
M00402,TOKEN,0.02417,0.105,2023-03-17,402
M00403,CARD,0.02408,0.1,2023-03-19,403
M00403,TOKEN,0.02461,0.1,2023-03-19,403
M00403,LDEBIT,0.01177,0.05,2023-03-19,403
M00403,BNPL,0.04815,0.0,2023-03-19,403
M00404,BANKTR,0.00218,0.42,2023-03-21,404
M00404,CARD,0.01634,0.07,2023-03-21,404
M00405,CARD,0.02452,0.105,2023-03-23,405
M00405,LDEBIT,0.01199,0.053,2023-03-23,405
M00405,TOKEN,0.02506,0.105,2023-03-23,405
M00405,WALLET,0.01961,0.053,2023-03-23,405
M00406,CARD,0.02519,0.105,2023-03-26,406
M00406,LDEBIT,0.01232,0.053,2023-03-26,406
M00406,TOKEN,0.02575,0.105,2023-03-26,406
M00407,CARD,0.02193,0.1,2023-03-27,407
M00407,TOKEN,0.02242,0.1,2023-03-27,407
M00407,BNPL,0.04387,0.0,2023-03-27,407
M00408,CARD,0.02489,0.105,2023-03-28,408
M00408,LDEBIT,0.01217,0.053,2023-03-28,408
M00408,WALLET,0.01991,0.053,2023-03-28,408
M00409,CARD,0.01509,0.072,2023-04-02,409
M00409,TOKEN,0.01542,0.072,2023-04-02,409
M00409,LDEBIT,0.00738,0.036,2023-04-02,409
M00409,WALLET,0.01207,0.036,2023-04-02,409
M00410,CARD,0.02415,0.105,2023-04-03,410
M00410,LDEBIT,0.01181,0.053,2023-04-03,410
M00410,TOKEN,0.02469,0.105,2023-04-03,410
M00410,WALLET,0.01932,0.053,2023-04-03,410
M00411,CARD,0.02114,0.1,2023-04-04,411
M00411,TOKEN,0.02161,0.1,2023-04-04,411
M00411,LDEBIT,0.01034,0.05,2023-04-04,411
M00411,WALLET,0.01691,0.05,2023-04-04,411
M00411,BNPL,0.04228,0.0,2023-04-04,411
M00412,CARD,0.02369,0.105,2023-04-06,412
M00412,LDEBIT,0.01158,0.053,2023-04-06,412
M00412,TOKEN,0.02422,0.105,2023-04-06,412
M00413,CARD,0.0224,0.105,2023-04-06,413
M00413,LDEBIT,0.01095,0.053,2023-04-06,413
M00413,TOKEN,0.02289,0.105,2023-04-06,413
M00413,WALLET,0.01792,0.053,2023-04-06,413
M00414,CARD,0.0232,0.1,2023-04-07,414
M00414,TOKEN,0.02371,0.1,2023-04-07,414
M00414,BNPL,0.0464,0.0,2023-04-07,414
M00415,CARD,0.02478,0.105,2023-04-07,415
M00415,LDEBIT,0.01212,0.053,2023-04-07,415
M00415,TOKEN,0.02533,0.105,2023-04-07,415
M00416,CARD,0.02376,0.105,2023-04-08,416
M00416,LDEBIT,0.01162,0.053,2023-04-08,416
M00416,WALLET,0.01901,0.053,2023-04-08,416
M00417,CARD,0.01441,0.072,2023-04-09,417
M00417,LDEBIT,0.00705,0.036,2023-04-09,417
M00417,TOKEN,0.01473,0.072,2023-04-09,417
M00417,WALLET,0.01153,0.036,2023-04-09,417
M00418,CARD,0.02371,0.105,2023-04-11,418
M00418,LDEBIT,0.01159,0.053,2023-04-11,418
M00418,TOKEN,0.02423,0.105,2023-04-11,418
M00419,BANKTR,0.00218,0.42,2023-04-15,419
M00419,CARD,0.01632,0.07,2023-04-15,419
M00420,CARD,0.01713,0.072,2023-04-16,420
M00420,TOKEN,0.01751,0.072,2023-04-16,420
M00420,LDEBIT,0.00838,0.036,2023-04-16,420
M00420,BNPL,0.03427,0.0,2023-04-16,420
M00421,CARD,0.02326,0.105,2023-04-16,421
M00421,LDEBIT,0.01137,0.053,2023-04-16,421
M00421,TOKEN,0.02378,0.105,2023-04-16,421
M00422,CARD,0.02263,0.105,2023-04-17,422
M00422,LDEBIT,0.01106,0.053,2023-04-17,422
M00423,BANKTR,0.0021,0.42,2023-04-18,423
M00423,CARD,0.01579,0.07,2023-04-18,423
M00424,BANKTR,0.00199,0.42,2023-04-20,424
M00424,CARD,0.01493,0.07,2023-04-20,424
M00425,BANKTR,0.00212,0.42,2023-04-25,425
M00425,CARD,0.01588,0.07,2023-04-25,425
M00426,CARD,0.02324,0.105,2023-04-26,426
M00426,LDEBIT,0.01136,0.053,2023-04-26,426
M00426,TOKEN,0.02376,0.105,2023-04-26,426
M00426,WALLET,0.0186,0.053,2023-04-26,426
M00427,BANKTR,0.00219,0.42,2023-04-26,427
M00427,CARD,0.01644,0.07,2023-04-26,427
M00428,CARD,0.02598,0.105,2023-04-29,428
M00428,TOKEN,0.02656,0.105,2023-04-29,428
M00429,CARD,0.02372,0.1,2023-05-11,429
M00429,TOKEN,0.02425,0.1,2023-05-11,429
M00430,CARD,0.02432,0.105,2023-05-12,430
M00430,TOKEN,0.02486,0.105,2023-05-12,430
M00430,LDEBIT,0.01189,0.053,2023-05-12,430
M00430,BNPL,0.04864,0.0,2023-05-12,430
M00431,CARD,0.02163,0.1,2023-05-14,431
M00431,TOKEN,0.02211,0.1,2023-05-14,431
M00431,LDEBIT,0.01057,0.05,2023-05-14,431
M00431,WALLET,0.0173,0.05,2023-05-14,431
M00432,CARD,0.02117,0.1,2023-05-14,432
M00432,TOKEN,0.02165,0.1,2023-05-14,432
M00432,BNPL,0.04235,0.0,2023-05-14,432
M00433,CARD,0.02231,0.1,2023-05-15,433
M00433,TOKEN,0.0228,0.1,2023-05-15,433
M00433,LDEBIT,0.01091,0.05,2023-05-15,433
M00433,WALLET,0.01785,0.05,2023-05-15,433
M00433,BNPL,0.04462,0.0,2023-05-15,433
M00434,BANKTR,0.00211,0.42,2023-05-16,434
M00434,CARD,0.01584,0.07,2023-05-16,434
M00435,CARD,0.02356,0.1,2023-05-16,435
M00435,TOKEN,0.02408,0.1,2023-05-16,435
M00435,LDEBIT,0.01152,0.05,2023-05-16,435
M00435,BNPL,0.04711,0.0,2023-05-16,435
M00436,CARD,0.02331,0.105,2023-05-20,436
M00436,LDEBIT,0.0114,0.053,2023-05-20,436
M00437,BANKTR,0.00219,0.42,2023-05-26,437
M00437,CARD,0.01644,0.07,2023-05-26,437
M00438,CARD,0.0244,0.105,2023-05-28,438
M00438,LDEBIT,0.01193,0.053,2023-05-28,438
M00438,TOKEN,0.02494,0.105,2023-05-28,438
M00438,WALLET,0.01952,0.053,2023-05-28,438
M00439,CARD,0.0235,0.1,2023-06-02,439
M00439,TOKEN,0.02402,0.1,2023-06-02,439
M00439,LDEBIT,0.01149,0.05,2023-06-02,439
M00439,BNPL,0.047,0.0,2023-06-02,439
M00440,CARD,0.02354,0.1,2023-06-05,440
M00440,TOKEN,0.02406,0.1,2023-06-05,440
M00441,CARD,0.02279,0.1,2023-06-10,441
M00441,TOKEN,0.0233,0.1,2023-06-10,441
M00442,CARD,0.02397,0.105,2023-06-12,442
M00442,LDEBIT,0.01172,0.053,2023-06-12,442
M00442,WALLET,0.01918,0.053,2023-06-12,442
M00443,CARD,0.02218,0.1,2023-06-15,443
M00443,TOKEN,0.02267,0.1,2023-06-15,443
M00443,LDEBIT,0.01084,0.05,2023-06-15,443
M00443,BNPL,0.04435,0.0,2023-06-15,443
M00444,CARD,0.02267,0.105,2023-06-17,444
M00444,TOKEN,0.02317,0.105,2023-06-17,444
M00444,LDEBIT,0.01108,0.053,2023-06-17,444
M00445,BANKTR,0.00194,0.42,2023-06-18,445
M00445,CARD,0.01452,0.07,2023-06-18,445
M00446,CARD,0.0166,0.072,2023-06-19,446
M00446,LDEBIT,0.00811,0.036,2023-06-19,446
M00446,TOKEN,0.01697,0.072,2023-06-19,446
M00447,CARD,0.02439,0.105,2023-06-25,447
M00447,LDEBIT,0.01193,0.053,2023-06-25,447
M00447,TOKEN,0.02494,0.105,2023-06-25,447
M00448,CARD,0.02432,0.105,2023-06-27,448
M00448,LDEBIT,0.01189,0.053,2023-06-27,448
M00448,WALLET,0.01946,0.053,2023-06-27,448
M00449,CARD,0.02337,0.1,2023-06-28,449
M00449,TOKEN,0.02389,0.1,2023-06-28,449
M00449,LDEBIT,0.01143,0.05,2023-06-28,449
M00449,WALLET,0.0187,0.05,2023-06-28,449
M00449,BNPL,0.04674,0.0,2023-06-28,449
M00450,CARD,0.02454,0.105,2023-06-28,450
M00450,LDEBIT,0.012,0.053,2023-06-28,450
M00450,WALLET,0.01963,0.053,2023-06-28,450
M00451,CARD,0.02258,0.105,2023-07-01,451
M00451,LDEBIT,0.01104,0.053,2023-07-01,451
M00451,TOKEN,0.02308,0.105,2023-07-01,451
M00452,CARD,0.02245,0.1,2023-07-01,452
M00452,TOKEN,0.02295,0.1,2023-07-01,452
M00452,LDEBIT,0.01097,0.05,2023-07-01,452
M00453,CARD,0.0232,0.1,2023-07-01,453
M00453,TOKEN,0.02372,0.1,2023-07-01,453
M00454,CARD,0.02438,0.105,2023-07-05,454
M00454,LDEBIT,0.01192,0.053,2023-07-05,454
M00454,TOKEN,0.02492,0.105,2023-07-05,454
M00455,CARD,0.01307,0.072,2023-07-12,455
M00455,TOKEN,0.01336,0.072,2023-07-12,455
M00455,LDEBIT,0.00639,0.036,2023-07-12,455
M00455,BNPL,0.02614,0.0,2023-07-12,455
M00456,CARD,0.02412,0.105,2023-07-16,456
M00456,LDEBIT,0.01179,0.053,2023-07-16,456
M00456,TOKEN,0.02465,0.105,2023-07-16,456
M00457,CARD,0.02433,0.1,2023-07-22,457
M00457,TOKEN,0.02487,0.1,2023-07-22,457
M00457,LDEBIT,0.0119,0.05,2023-07-22,457
M00458,CARD,0.02461,0.105,2023-07-22,458
M00458,LDEBIT,0.01203,0.053,2023-07-22,458
M00458,TOKEN,0.02516,0.105,2023-07-22,458
M00458,WALLET,0.01969,0.053,2023-07-22,458
M00459,CARD,0.0223,0.1,2023-07-29,459
M00459,TOKEN,0.0228,0.1,2023-07-29,459
M00460,CARD,0.02435,0.105,2023-08-03,460
M00460,LDEBIT,0.0119,0.053,2023-08-03,460
M00461,CARD,0.02104,0.1,2023-08-08,461
M00461,TOKEN,0.0215,0.1,2023-08-08,461
M00461,LDEBIT,0.01028,0.05,2023-08-08,461
M00461,WALLET,0.01683,0.05,2023-08-08,461
M00461,BNPL,0.04207,0.0,2023-08-08,461
M00462,CARD,0.02448,0.1,2023-08-10,462
M00462,TOKEN,0.02502,0.1,2023-08-10,462
M00462,LDEBIT,0.01197,0.05,2023-08-10,462
M00462,BNPL,0.04896,0.0,2023-08-10,462
M00463,CARD,0.02143,0.1,2023-08-11,463
M00463,TOKEN,0.0219,0.1,2023-08-11,463
M00464,CARD,0.02107,0.105,2023-08-16,464
M00464,LDEBIT,0.0103,0.053,2023-08-16,464
M00464,TOKEN,0.02154,0.105,2023-08-16,464
M00465,CARD,0.02172,0.1,2023-08-21,465
M00465,TOKEN,0.0222,0.1,2023-08-21,465
M00466,CARD,0.02202,0.105,2023-08-23,466
M00466,LDEBIT,0.01077,0.053,2023-08-23,466
M00466,TOKEN,0.02251,0.105,2023-08-23,466
M00466,WALLET,0.01762,0.053,2023-08-23,466
M00467,CARD,0.02232,0.105,2023-08-27,521
M00467,TOKEN,0.02281,0.105,2023-08-27,521
M00467,LDEBIT,0.01091,0.053,2023-08-27,521
M00468,CARD,0.02294,0.105,2023-08-30,467
M00468,LDEBIT,0.01122,0.053,2023-08-30,467
M00468,TOKEN,0.02345,0.105,2023-08-30,467
M00469,CARD,0.01878,0.072,2023-09-01,468
M00469,TOKEN,0.01919,0.072,2023-09-01,468
M00469,LDEBIT,0.00918,0.036,2023-09-01,468
M00469,WALLET,0.01502,0.036,2023-09-01,468
M00470,CARD,0.0233,0.105,2023-09-02,469
M00470,TOKEN,0.02382,0.105,2023-09-02,469
M00470,LDEBIT,0.01139,0.053,2023-09-02,469
M00470,WALLET,0.01864,0.053,2023-09-02,469
M00471,CARD,0.02349,0.1,2023-09-06,470
M00471,TOKEN,0.02402,0.1,2023-09-06,470
M00472,CARD,0.02222,0.105,2023-09-11,471
M00472,LDEBIT,0.01086,0.053,2023-09-11,471
M00472,TOKEN,0.02272,0.105,2023-09-11,471
M00473,CARD,0.02312,0.1,2023-09-12,472
M00473,TOKEN,0.02363,0.1,2023-09-12,472
M00473,BNPL,0.04624,0.0,2023-09-12,472
M00474,CARD,0.02397,0.105,2023-09-22,473
M00474,LDEBIT,0.01172,0.053,2023-09-22,473
M00474,TOKEN,0.02451,0.105,2023-09-22,473
M00475,CARD,0.02297,0.1,2023-09-22,474
M00475,TOKEN,0.02348,0.1,2023-09-22,474
M00476,BANKTR,0.00215,0.42,2023-09-24,475
M00476,CARD,0.01611,0.07,2023-09-24,475
M00477,CARD,0.02124,0.1,2023-09-25,476
M00477,TOKEN,0.02172,0.1,2023-09-25,476
M00478,CARD,0.02278,0.1,2023-09-28,477
M00478,TOKEN,0.02329,0.1,2023-09-28,477
M00478,LDEBIT,0.01114,0.05,2023-09-28,477
M00479,CARD,0.02152,0.1,2023-09-29,478
M00479,TOKEN,0.02199,0.1,2023-09-29,478
M00479,LDEBIT,0.01052,0.05,2023-09-29,478
M00480,CARD,0.02327,0.1,2023-10-03,479
M00480,TOKEN,0.02379,0.1,2023-10-03,479
M00480,LDEBIT,0.01138,0.05,2023-10-03,479
M00481,CARD,0.01421,0.072,2023-10-04,480
M00481,LDEBIT,0.00695,0.036,2023-10-04,480
M00481,TOKEN,0.01453,0.072,2023-10-04,480
M00482,CARD,0.0217,0.1,2023-10-08,481
M00482,TOKEN,0.02218,0.1,2023-10-08,481
M00483,CARD,0.02234,0.1,2023-10-11,482
M00483,TOKEN,0.02284,0.1,2023-10-11,482
M00483,LDEBIT,0.01092,0.05,2023-10-11,482
M00484,CARD,0.01632,0.072,2023-10-13,483
M00484,LDEBIT,0.00798,0.036,2023-10-13,483
M00484,TOKEN,0.01668,0.072,2023-10-13,483
M00484,WALLET,0.01305,0.036,2023-10-13,483
M00485,CARD,0.02445,0.105,2023-10-16,484
M00485,LDEBIT,0.01195,0.053,2023-10-16,484
M00485,TOKEN,0.025,0.105,2023-10-16,484
M00486,CARD,0.02278,0.1,2023-10-23,485
M00486,TOKEN,0.02329,0.1,2023-10-23,485
M00486,LDEBIT,0.01114,0.05,2023-10-23,485
M00486,WALLET,0.01823,0.05,2023-10-23,485
M00487,CARD,0.02475,0.105,2023-10-25,486
M00487,LDEBIT,0.0121,0.053,2023-10-25,486
M00487,TOKEN,0.0253,0.105,2023-10-25,486
M00488,CARD,0.02454,0.105,2023-10-30,487
M00488,LDEBIT,0.012,0.053,2023-10-30,487
M00488,WALLET,0.01964,0.053,2023-10-30,487
M00489,CARD,0.02618,0.105,2023-11-02,488
M00489,LDEBIT,0.0128,0.053,2023-11-02,488
M00490,BANKTR,0.00211,0.42,2023-11-03,489
M00490,CARD,0.01579,0.07,2023-11-03,489
M00491,CARD,0.02362,0.105,2023-11-04,490
M00491,LDEBIT,0.01155,0.053,2023-11-04,490
M00491,TOKEN,0.02415,0.105,2023-11-04,490
M00492,CARD,0.0247,0.105,2023-11-05,491
M00492,LDEBIT,0.01207,0.053,2023-11-05,491
M00492,TOKEN,0.02525,0.105,2023-11-05,491
M00493,CARD,0.02199,0.1,2023-11-07,492
M00493,TOKEN,0.02248,0.1,2023-11-07,492
M00493,LDEBIT,0.01075,0.05,2023-11-07,492
M00494,CARD,0.0235,0.105,2023-11-07,493
M00494,TOKEN,0.02403,0.105,2023-11-07,493
M00495,CARD,0.02427,0.105,2023-11-07,494
M00495,LDEBIT,0.01187,0.053,2023-11-07,494
M00496,CARD,0.01576,0.072,2023-11-10,495
M00496,LDEBIT,0.0077,0.036,2023-11-10,495
M00496,WALLET,0.0126,0.036,2023-11-10,495
M00497,CARD,0.02375,0.105,2023-11-13,496
M00497,LDEBIT,0.01161,0.053,2023-11-13,496
M00498,CARD,0.01625,0.072,2023-11-14,497
M00498,LDEBIT,0.00794,0.036,2023-11-14,497
M00499,CARD,0.02326,0.105,2023-11-15,498
M00499,TOKEN,0.02378,0.105,2023-11-15,498
M00499,LDEBIT,0.01137,0.053,2023-11-15,498
M00499,WALLET,0.01861,0.053,2023-11-15,498
M00499,BNPL,0.04653,0.0,2023-11-15,498
M00500,CARD,0.02219,0.105,2023-11-16,499
M00500,LDEBIT,0.01085,0.053,2023-11-16,499
M00501,CARD,0.0227,0.1,2023-11-16,500
M00501,TOKEN,0.0232,0.1,2023-11-16,500
M00502,CARD,0.02575,0.105,2023-11-18,501
M00502,LDEBIT,0.01259,0.053,2023-11-18,501
M00502,TOKEN,0.02633,0.105,2023-11-18,501
M00503,CARD,0.02446,0.105,2023-11-18,502
M00503,LDEBIT,0.01196,0.053,2023-11-18,502
M00503,WALLET,0.01957,0.053,2023-11-18,502
M00504,CARD,0.02502,0.105,2023-11-21,503
M00504,LDEBIT,0.01223,0.053,2023-11-21,503
M00505,CARD,0.02236,0.1,2023-11-24,504
M00505,TOKEN,0.02286,0.1,2023-11-24,504
M00505,LDEBIT,0.01093,0.05,2023-11-24,504
M00505,BNPL,0.04472,0.0,2023-11-24,504
M00506,BANKTR,0.00215,0.42,2023-11-25,505
M00506,CARD,0.01614,0.07,2023-11-25,505
M00507,CARD,0.0237,0.1,2023-11-25,506
M00507,TOKEN,0.02423,0.1,2023-11-25,506
M00508,CARD,0.02399,0.105,2023-11-26,507
M00508,LDEBIT,0.01173,0.053,2023-11-26,507
M00508,TOKEN,0.02452,0.105,2023-11-26,507
M00508,WALLET,0.01919,0.053,2023-11-26,507
M00509,CARD,0.02264,0.105,2023-12-01,508
M00509,LDEBIT,0.01107,0.053,2023-12-01,508
M00510,CARD,0.02285,0.105,2023-12-02,509
M00510,LDEBIT,0.01117,0.053,2023-12-02,509
M00510,TOKEN,0.02336,0.105,2023-12-02,509
M00511,CARD,0.02311,0.1,2023-12-03,510
M00511,TOKEN,0.02362,0.1,2023-12-03,510
M00511,LDEBIT,0.0113,0.05,2023-12-03,510
M00512,CARD,0.02486,0.105,2023-12-11,511
M00512,LDEBIT,0.01215,0.053,2023-12-11,511
M00512,TOKEN,0.02541,0.105,2023-12-11,511
M00512,WALLET,0.01988,0.053,2023-12-11,511
M00513,BANKTR,0.00204,0.42,2023-12-12,512
M00513,CARD,0.01527,0.07,2023-12-12,512
M00514,CARD,0.02142,0.105,2023-12-14,513
M00514,LDEBIT,0.01047,0.053,2023-12-14,513
M00514,TOKEN,0.0219,0.105,2023-12-14,513
M00515,CARD,0.02206,0.1,2023-12-14,514
M00515,TOKEN,0.02255,0.1,2023-12-14,514
M00515,LDEBIT,0.01078,0.05,2023-12-14,514
M00515,BNPL,0.04411,0.0,2023-12-14,514
M00516,CARD,0.02183,0.1,2023-12-15,515
M00516,TOKEN,0.02232,0.1,2023-12-15,515
M00516,LDEBIT,0.01067,0.05,2023-12-15,515
M00516,BNPL,0.04367,0.0,2023-12-15,515
M00517,CARD,0.01375,0.072,2023-12-22,516
M00517,TOKEN,0.01406,0.072,2023-12-22,516
M00517,LDEBIT,0.00672,0.036,2023-12-22,516
M00517,BNPL,0.0275,0.0,2023-12-22,516
M00518,CARD,0.02349,0.105,2023-12-22,517
M00518,LDEBIT,0.01148,0.053,2023-12-22,517
M00518,TOKEN,0.02401,0.105,2023-12-22,517
M00519,CARD,0.0237,0.105,2023-12-28,518
M00519,LDEBIT,0.01159,0.053,2023-12-28,518
M00519,TOKEN,0.02423,0.105,2023-12-28,518
M00519,WALLET,0.01896,0.053,2023-12-28,518
M00520,CARD,0.02423,0.105,2023-12-29,519
M00520,LDEBIT,0.01185,0.053,2023-12-29,519
M00520,TOKEN,0.02477,0.105,2023-12-29,519
M00521,CARD,0.02436,0.105,2023-12-29,520
M00521,LDEBIT,0.01191,0.053,2023-12-29,520
M00522,CARD,0.0217,0.1,2024-01-02,522
M00522,TOKEN,0.02218,0.1,2024-01-02,522
M00522,LDEBIT,0.01061,0.05,2024-01-02,522
M00523,CARD,0.02125,0.1,2024-01-04,523
M00523,TOKEN,0.02173,0.1,2024-01-04,523
M00523,LDEBIT,0.01039,0.05,2024-01-04,523
M00524,CARD,0.02215,0.105,2024-01-05,524
M00524,LDEBIT,0.01083,0.053,2024-01-05,524
M00524,WALLET,0.01772,0.053,2024-01-05,524
M00525,CARD,0.02442,0.105,2024-01-06,525
M00525,LDEBIT,0.01194,0.053,2024-01-06,525
M00525,TOKEN,0.02496,0.105,2024-01-06,525
M00526,CARD,0.01534,0.07,2024-01-08,526
M00526,LDEBIT,0.0075,0.035,2024-01-08,526
M00527,BANKTR,0.00204,0.42,2024-01-15,527
M00527,CARD,0.01531,0.07,2024-01-15,527
M00528,CARD,0.02253,0.1,2024-01-15,528
M00528,TOKEN,0.02303,0.1,2024-01-15,528
M00529,CARD,0.02074,0.1,2024-01-16,529
M00529,TOKEN,0.0212,0.1,2024-01-16,529
M00530,BANKTR,0.00218,0.42,2024-01-17,530
M00530,CARD,0.01635,0.07,2024-01-17,530
M00531,CARD,0.02374,0.1,2024-01-20,531
M00531,TOKEN,0.02426,0.1,2024-01-20,531
M00531,LDEBIT,0.0116,0.05,2024-01-20,531
M00532,CARD,0.023,0.105,2024-01-24,532
M00532,TOKEN,0.02351,0.105,2024-01-24,532
M00532,LDEBIT,0.01124,0.053,2024-01-24,532
M00532,BNPL,0.04599,0.0,2024-01-24,532
M00533,CARD,0.02316,0.1,2024-01-25,533
M00533,TOKEN,0.02367,0.1,2024-01-25,533
M00533,BNPL,0.04631,0.0,2024-01-25,533
M00534,CARD,0.01898,0.072,2024-02-01,534
M00534,LDEBIT,0.00928,0.036,2024-02-01,534
M00534,TOKEN,0.0194,0.072,2024-02-01,534
M00535,CARD,0.02315,0.105,2024-02-03,535
M00535,LDEBIT,0.01132,0.053,2024-02-03,535
M00535,TOKEN,0.02367,0.105,2024-02-03,535
M00536,CARD,0.02162,0.1,2024-02-04,536
M00536,TOKEN,0.0221,0.1,2024-02-04,536
M00536,LDEBIT,0.01057,0.05,2024-02-04,536
M00536,WALLET,0.0173,0.05,2024-02-04,536
M00537,CARD,0.02558,0.105,2024-02-05,537
M00537,TOKEN,0.02614,0.105,2024-02-05,537
M00537,LDEBIT,0.0125,0.053,2024-02-05,537
M00537,WALLET,0.02046,0.053,2024-02-05,537
M00538,CARD,0.02341,0.105,2024-02-15,538
M00538,LDEBIT,0.01144,0.053,2024-02-15,538
M00538,WALLET,0.01873,0.053,2024-02-15,538
M00539,CARD,0.02149,0.105,2024-02-15,539
M00539,LDEBIT,0.0105,0.053,2024-02-15,539
M00539,TOKEN,0.02196,0.105,2024-02-15,539
M00539,WALLET,0.01719,0.053,2024-02-15,539
M00540,CARD,0.0232,0.1,2024-02-15,540
M00540,TOKEN,0.02371,0.1,2024-02-15,540
M00541,CARD,0.01355,0.072,2024-02-17,541
M00541,LDEBIT,0.00663,0.036,2024-02-17,541
M00541,TOKEN,0.01386,0.072,2024-02-17,541
M00541,WALLET,0.01084,0.036,2024-02-17,541
M00542,CARD,0.02164,0.1,2024-02-18,542
M00542,TOKEN,0.02212,0.1,2024-02-18,542
M00542,LDEBIT,0.01058,0.05,2024-02-18,542
M00542,WALLET,0.01731,0.05,2024-02-18,542
M00543,CARD,0.02285,0.1,2024-02-24,543
M00543,TOKEN,0.02336,0.1,2024-02-24,543
M00544,CARD,0.02264,0.105,2024-02-26,544
M00544,LDEBIT,0.01107,0.053,2024-02-26,544
M00544,TOKEN,0.02314,0.105,2024-02-26,544
M00545,CARD,0.02046,0.1,2024-02-28,545
M00545,TOKEN,0.02092,0.1,2024-02-28,545
M00545,LDEBIT,0.01,0.05,2024-02-28,545
M00545,WALLET,0.01637,0.05,2024-02-28,545
M00545,BNPL,0.04092,0.0,2024-02-28,545
M00546,CARD,0.02287,0.1,2024-03-04,546
M00546,TOKEN,0.02338,0.1,2024-03-04,546
M00546,LDEBIT,0.01118,0.05,2024-03-04,546
M00546,WALLET,0.0183,0.05,2024-03-04,546
M00547,CARD,0.02493,0.105,2024-03-05,547
M00547,TOKEN,0.02549,0.105,2024-03-05,547
M00547,LDEBIT,0.01219,0.053,2024-03-05,547
M00548,CARD,0.02323,0.1,2024-03-05,548
M00548,TOKEN,0.02375,0.1,2024-03-05,548
M00548,LDEBIT,0.01136,0.05,2024-03-05,548
M00548,WALLET,0.01859,0.05,2024-03-05,548
M00549,CARD,0.02096,0.1,2024-03-06,549
M00549,TOKEN,0.02143,0.1,2024-03-06,549
M00549,LDEBIT,0.01025,0.05,2024-03-06,549
M00549,WALLET,0.01677,0.05,2024-03-06,549
M00550,CARD,0.02298,0.105,2024-03-07,550
M00550,LDEBIT,0.01123,0.053,2024-03-07,550
M00551,CARD,0.02146,0.1,2024-03-10,551
M00551,TOKEN,0.02193,0.1,2024-03-10,551
M00552,CARD,0.02239,0.1,2024-03-10,552
M00552,TOKEN,0.02289,0.1,2024-03-10,552
M00552,LDEBIT,0.01095,0.05,2024-03-10,552
M00552,BNPL,0.04479,0.0,2024-03-10,552
M00553,CARD,0.02433,0.105,2024-03-12,553
M00553,LDEBIT,0.0119,0.053,2024-03-12,553
M00553,TOKEN,0.02487,0.105,2024-03-12,553
M00553,WALLET,0.01947,0.053,2024-03-12,553
M00554,CARD,0.02338,0.105,2024-03-12,554
M00554,LDEBIT,0.01143,0.053,2024-03-12,554
M00554,WALLET,0.0187,0.053,2024-03-12,554
M00555,CARD,0.01652,0.07,2024-03-13,555
M00555,LDEBIT,0.00808,0.035,2024-03-13,555
M00556,CARD,0.02318,0.1,2024-03-15,556
M00556,TOKEN,0.0237,0.1,2024-03-15,556
M00556,BNPL,0.04637,0.0,2024-03-15,556
M00557,CARD,0.02416,0.1,2024-03-16,557
M00557,TOKEN,0.02469,0.1,2024-03-16,557
M00558,BANKTR,0.00204,0.42,2024-03-17,558
M00558,CARD,0.01527,0.07,2024-03-17,558
M00559,CARD,0.02225,0.1,2024-03-29,559
M00559,TOKEN,0.02274,0.1,2024-03-29,559
M00559,LDEBIT,0.01088,0.05,2024-03-29,559
M00559,WALLET,0.0178,0.05,2024-03-29,559
M00559,BNPL,0.04449,0.0,2024-03-29,559
M00560,CARD,0.02437,0.105,2024-03-30,560
M00560,LDEBIT,0.01191,0.053,2024-03-30,560
M00560,WALLET,0.01949,0.053,2024-03-30,560
M00561,CARD,0.0232,0.105,2024-07-03,561
M00561,LDEBIT,0.01134,0.053,2024-07-03,561
M00561,TOKEN,0.02371,0.105,2024-07-03,561
M00562,CARD,0.02248,0.1,2024-07-08,562
M00562,TOKEN,0.02297,0.1,2024-07-08,562
M00563,CARD,0.02381,0.105,2024-07-10,563
M00563,LDEBIT,0.01164,0.053,2024-07-10,563
M00564,CARD,0.02357,0.105,2024-07-10,564
M00564,LDEBIT,0.01152,0.053,2024-07-10,564
M00564,TOKEN,0.0241,0.105,2024-07-10,564
M00565,CARD,0.02331,0.105,2024-07-11,565
M00565,LDEBIT,0.01139,0.053,2024-07-11,565
M00565,TOKEN,0.02382,0.105,2024-07-11,565
M00566,CARD,0.02276,0.1,2024-07-12,566
M00566,TOKEN,0.02326,0.1,2024-07-12,566
M00567,CARD,0.02157,0.1,2024-07-16,567
M00567,TOKEN,0.02205,0.1,2024-07-16,567
M00567,LDEBIT,0.01054,0.05,2024-07-16,567
M00567,WALLET,0.01725,0.05,2024-07-16,567
M00567,BNPL,0.04313,0.0,2024-07-16,567
M00568,CARD,0.02269,0.105,2024-07-19,568
M00568,LDEBIT,0.0111,0.053,2024-07-19,568
M00568,TOKEN,0.0232,0.105,2024-07-19,568
M00569,CARD,0.0241,0.105,2024-07-19,569
M00569,LDEBIT,0.01178,0.053,2024-07-19,569
M00569,TOKEN,0.02464,0.105,2024-07-19,569
M00570,CARD,0.02486,0.105,2024-07-22,570
M00570,LDEBIT,0.01216,0.053,2024-07-22,570
M00570,WALLET,0.01989,0.053,2024-07-22,570
M00571,CARD,0.01594,0.072,2024-07-22,571
M00571,LDEBIT,0.00779,0.036,2024-07-22,571
M00571,TOKEN,0.01629,0.072,2024-07-22,571
M00571,WALLET,0.01275,0.036,2024-07-22,571
M00572,CARD,0.02426,0.105,2024-07-26,572
M00572,LDEBIT,0.01186,0.053,2024-07-26,572
M00573,CARD,0.02239,0.105,2024-07-27,573
M00573,LDEBIT,0.01095,0.053,2024-07-27,573
M00573,WALLET,0.01791,0.053,2024-07-27,573
M00574,CARD,0.01504,0.07,2024-07-28,574
M00574,LDEBIT,0.00735,0.035,2024-07-28,574
M00574,WALLET,0.01203,0.035,2024-07-28,574
M00575,CARD,0.02257,0.1,2024-07-29,575
M00575,TOKEN,0.02307,0.1,2024-07-29,575
M00576,CARD,0.02234,0.1,2024-08-01,576
M00576,TOKEN,0.02284,0.1,2024-08-01,576
M00577,CARD,0.01601,0.072,2024-08-04,577
M00577,LDEBIT,0.00783,0.036,2024-08-04,577
M00577,TOKEN,0.01637,0.072,2024-08-04,577
M00578,CARD,0.0237,0.105,2024-08-05,578
M00578,LDEBIT,0.01159,0.053,2024-08-05,578
M00578,TOKEN,0.02423,0.105,2024-08-05,578
M00578,WALLET,0.01896,0.053,2024-08-05,578
M00579,CARD,0.02257,0.1,2024-08-09,579
M00579,TOKEN,0.02308,0.1,2024-08-09,579
M00579,LDEBIT,0.01104,0.05,2024-08-09,579
M00579,WALLET,0.01806,0.05,2024-08-09,579
M00580,CARD,0.02385,0.105,2024-08-09,580
M00580,LDEBIT,0.01166,0.053,2024-08-09,580
M00580,TOKEN,0.02438,0.105,2024-08-09,580
M00581,CARD,0.01152,0.072,2024-08-11,581
M00581,LDEBIT,0.00563,0.036,2024-08-11,581
M00581,WALLET,0.00922,0.036,2024-08-11,581
M00582,CARD,0.022,0.1,2024-08-15,582
M00582,TOKEN,0.02249,0.1,2024-08-15,582
M00582,LDEBIT,0.01076,0.05,2024-08-15,582
M00583,CARD,0.02268,0.105,2024-08-17,583
M00583,LDEBIT,0.01109,0.053,2024-08-17,583
M00583,TOKEN,0.02318,0.105,2024-08-17,583
M00584,CARD,0.02102,0.1,2024-08-17,584
M00584,TOKEN,0.02149,0.1,2024-08-17,584
M00584,LDEBIT,0.01028,0.05,2024-08-17,584
M00584,WALLET,0.01682,0.05,2024-08-17,584
M00585,CARD,0.02299,0.1,2024-08-18,585
M00585,TOKEN,0.0235,0.1,2024-08-18,585
M00586,CARD,0.0235,0.105,2024-08-18,586
M00586,LDEBIT,0.01149,0.053,2024-08-18,586
M00587,CARD,0.02271,0.105,2024-08-19,587
M00587,TOKEN,0.02321,0.105,2024-08-19,587
M00587,BNPL,0.04541,0.0,2024-08-19,587
M00588,CARD,0.02208,0.1,2024-08-19,588
M00588,TOKEN,0.02257,0.1,2024-08-19,588
M00588,LDEBIT,0.0108,0.05,2024-08-19,588
M00588,WALLET,0.01766,0.05,2024-08-19,588
M00588,BNPL,0.04416,0.0,2024-08-19,588
M00589,CARD,0.02379,0.105,2024-08-21,589
M00589,LDEBIT,0.01163,0.053,2024-08-21,589
M00590,BANKTR,0.00223,0.42,2024-08-26,590
M00590,CARD,0.01669,0.07,2024-08-26,590
M00591,CARD,0.02308,0.105,2024-08-28,591
M00591,LDEBIT,0.01128,0.053,2024-08-28,591
M00591,TOKEN,0.02359,0.105,2024-08-28,591
M00592,CARD,0.02402,0.105,2024-08-31,592
M00592,LDEBIT,0.01175,0.053,2024-08-31,592
M00592,TOKEN,0.02456,0.105,2024-08-31,592
M00593,CARD,0.02188,0.1,2024-09-05,593
M00593,TOKEN,0.02237,0.1,2024-09-05,593
M00593,LDEBIT,0.0107,0.05,2024-09-05,593
M00593,WALLET,0.0175,0.05,2024-09-05,593
M00593,BNPL,0.04376,0.0,2024-09-05,593
M00594,CARD,0.02453,0.105,2024-09-10,594
M00594,LDEBIT,0.01199,0.053,2024-09-10,594
M00594,TOKEN,0.02507,0.105,2024-09-10,594
M00595,CARD,0.02265,0.105,2024-09-14,595
M00595,LDEBIT,0.01107,0.053,2024-09-14,595
M00595,WALLET,0.01812,0.053,2024-09-14,595
M00596,CARD,0.02395,0.105,2024-09-15,596
M00596,LDEBIT,0.01171,0.053,2024-09-15,596
M00597,CARD,0.02276,0.1,2024-09-15,597
M00597,TOKEN,0.02327,0.1,2024-09-15,597
M00597,LDEBIT,0.01113,0.05,2024-09-15,597
M00597,WALLET,0.01821,0.05,2024-09-15,597
M00597,BNPL,0.04553,0.0,2024-09-15,597
M00598,CARD,0.02358,0.1,2024-09-16,598
M00598,TOKEN,0.0241,0.1,2024-09-16,598
M00598,LDEBIT,0.01153,0.05,2024-09-16,598
M00598,WALLET,0.01886,0.05,2024-09-16,598
M00599,CARD,0.0232,0.105,2024-09-16,599
M00599,LDEBIT,0.01134,0.053,2024-09-16,599
M00600,CARD,0.02346,0.1,2024-09-20,600
M00600,TOKEN,0.02398,0.1,2024-09-20,600
M00601,CARD,0.0247,0.105,2024-09-20,601
M00601,LDEBIT,0.01208,0.053,2024-09-20,601
M00601,TOKEN,0.02525,0.105,2024-09-20,601
M00602,CARD,0.01541,0.07,2024-09-21,602
M00602,LDEBIT,0.00754,0.035,2024-09-21,602
M00603,CARD,0.02456,0.105,2024-09-22,603
M00603,TOKEN,0.02511,0.105,2024-09-22,603
M00603,LDEBIT,0.01201,0.053,2024-09-22,603
M00603,BNPL,0.04913,0.0,2024-09-22,603
M00604,CARD,0.01906,0.072,2024-09-22,604
M00604,LDEBIT,0.00932,0.036,2024-09-22,604
M00605,CARD,0.02133,0.1,2024-09-23,605
M00605,TOKEN,0.0218,0.1,2024-09-23,605
M00605,LDEBIT,0.01043,0.05,2024-09-23,605
M00605,WALLET,0.01706,0.05,2024-09-23,605
M00605,BNPL,0.04266,0.0,2024-09-23,605
M00606,CARD,0.02206,0.1,2024-09-24,606
M00606,TOKEN,0.02256,0.1,2024-09-24,606
M00606,LDEBIT,0.01079,0.05,2024-09-24,606
M00606,WALLET,0.01765,0.05,2024-09-24,606
M00607,CARD,0.02342,0.1,2024-09-27,607
M00607,TOKEN,0.02394,0.1,2024-09-27,607
M00607,LDEBIT,0.01145,0.05,2024-09-27,607
M00608,BANKTR,0.00223,0.42,2024-09-30,608
M00608,CARD,0.01673,0.07,2024-09-30,608
M00609,CARD,0.02255,0.105,2024-10-03,609
M00609,TOKEN,0.02305,0.105,2024-10-03,609
M00609,LDEBIT,0.01103,0.053,2024-10-03,609
M00609,WALLET,0.01804,0.053,2024-10-03,609
M00610,BANKTR,0.00209,0.42,2024-10-04,610
M00610,CARD,0.01566,0.07,2024-10-04,610
M00611,CARD,0.02302,0.1,2024-10-04,611
M00611,TOKEN,0.02353,0.1,2024-10-04,611
M00611,LDEBIT,0.01125,0.05,2024-10-04,611
M00611,BNPL,0.04604,0.0,2024-10-04,611
M00612,CARD,0.02249,0.1,2024-10-05,612
M00612,TOKEN,0.02299,0.1,2024-10-05,612
M00612,LDEBIT,0.011,0.05,2024-10-05,612
M00612,WALLET,0.01799,0.05,2024-10-05,612
M00613,CARD,0.02345,0.105,2024-10-09,613
M00613,LDEBIT,0.01146,0.053,2024-10-09,613
M00613,TOKEN,0.02397,0.105,2024-10-09,613
M00613,WALLET,0.01876,0.053,2024-10-09,613
M00614,CARD,0.02269,0.1,2024-10-12,614
M00614,TOKEN,0.02319,0.1,2024-10-12,614
M00614,LDEBIT,0.01109,0.05,2024-10-12,614
M00614,BNPL,0.04537,0.0,2024-10-12,614
M00615,CARD,0.02156,0.1,2024-10-13,615
M00615,TOKEN,0.02204,0.1,2024-10-13,615
M00615,LDEBIT,0.01054,0.05,2024-10-13,615
M00615,BNPL,0.04312,0.0,2024-10-13,615
M00616,CARD,0.01709,0.072,2024-10-14,616
M00616,TOKEN,0.01746,0.072,2024-10-14,616
M00616,LDEBIT,0.00835,0.036,2024-10-14,616
M00616,BNPL,0.03417,0.0,2024-10-14,616
M00617,CARD,0.02465,0.105,2024-10-14,617
M00617,LDEBIT,0.01205,0.053,2024-10-14,617
M00617,TOKEN,0.0252,0.105,2024-10-14,617
M00617,WALLET,0.01972,0.053,2024-10-14,617
M00618,CARD,0.0241,0.105,2024-10-15,618
M00618,LDEBIT,0.01178,0.053,2024-10-15,618
M00618,WALLET,0.01928,0.053,2024-10-15,618
M00619,CARD,0.01453,0.072,2024-10-15,619
M00619,TOKEN,0.01485,0.072,2024-10-15,619
M00619,LDEBIT,0.0071,0.036,2024-10-15,619
M00619,WALLET,0.01162,0.036,2024-10-15,619
M00620,BANKTR,0.0022,0.42,2024-10-16,620
M00620,CARD,0.01653,0.07,2024-10-16,620
M00621,CARD,0.02281,0.105,2024-10-16,621
M00621,LDEBIT,0.01115,0.053,2024-10-16,621
M00621,WALLET,0.01825,0.053,2024-10-16,621
M00622,CARD,0.02345,0.105,2024-10-18,622
M00622,TOKEN,0.02397,0.105,2024-10-18,622
M00622,LDEBIT,0.01147,0.053,2024-10-18,622
M00622,BNPL,0.04691,0.0,2024-10-18,622
M00623,CARD,0.02304,0.105,2024-10-19,623
M00623,LDEBIT,0.01126,0.053,2024-10-19,623
M00623,TOKEN,0.02355,0.105,2024-10-19,623
M00624,CARD,0.02055,0.1,2024-10-22,624
M00624,TOKEN,0.02101,0.1,2024-10-22,624
M00624,LDEBIT,0.01005,0.05,2024-10-22,624
M00624,WALLET,0.01644,0.05,2024-10-22,624
M00624,BNPL,0.0411,0.0,2024-10-22,624
M00625,CARD,0.02393,0.105,2024-10-23,625
M00625,TOKEN,0.02446,0.105,2024-10-23,625
M00625,LDEBIT,0.0117,0.053,2024-10-23,625
M00625,BNPL,0.04786,0.0,2024-10-23,625
M00626,CARD,0.02383,0.105,2024-10-24,626
M00626,TOKEN,0.02436,0.105,2024-10-24,626
M00627,CARD,0.02421,0.105,2024-10-25,627
M00627,LDEBIT,0.01184,0.053,2024-10-25,627
M00628,CARD,0.02353,0.105,2024-10-26,628
M00628,LDEBIT,0.01151,0.053,2024-10-26,628
M00628,TOKEN,0.02406,0.105,2024-10-26,628
M00628,WALLET,0.01883,0.053,2024-10-26,628
M00629,CARD,0.02374,0.1,2024-10-27,629
M00629,TOKEN,0.02426,0.1,2024-10-27,629
M00630,CARD,0.01735,0.072,2024-10-29,630
M00630,LDEBIT,0.00848,0.036,2024-10-29,630
M00630,WALLET,0.01388,0.036,2024-10-29,630
M00631,CARD,0.02395,0.105,2024-10-30,631
M00631,LDEBIT,0.01171,0.053,2024-10-30,631
M00631,TOKEN,0.02449,0.105,2024-10-30,631
M00632,BANKTR,0.00214,0.42,2024-11-01,632
M00632,CARD,0.01602,0.07,2024-11-01,632
M00633,CARD,0.01775,0.072,2024-11-01,633
M00633,LDEBIT,0.00868,0.036,2024-11-01,633
M00634,CARD,0.0248,0.105,2024-11-02,634
M00634,LDEBIT,0.01212,0.053,2024-11-02,634
M00634,TOKEN,0.02535,0.105,2024-11-02,634
M00635,CARD,0.01552,0.072,2024-11-03,635
M00635,LDEBIT,0.00759,0.036,2024-11-03,635
M00635,TOKEN,0.01586,0.072,2024-11-03,635
M00636,CARD,0.02275,0.1,2024-11-04,636
M00636,TOKEN,0.02326,0.1,2024-11-04,636
M00636,LDEBIT,0.01112,0.05,2024-11-04,636
M00636,WALLET,0.0182,0.05,2024-11-04,636
M00637,CARD,0.01376,0.072,2024-11-09,637
M00637,TOKEN,0.01406,0.072,2024-11-09,637
M00637,LDEBIT,0.00673,0.036,2024-11-09,637
M00637,BNPL,0.02751,0.0,2024-11-09,637
M00638,CARD,0.0232,0.105,2024-11-09,638
M00638,LDEBIT,0.01134,0.053,2024-11-09,638
M00638,TOKEN,0.02372,0.105,2024-11-09,638
M00639,CARD,0.01902,0.1,2024-11-10,639
M00639,TOKEN,0.01944,0.1,2024-11-10,639
M00639,LDEBIT,0.0093,0.05,2024-11-10,639
M00639,BNPL,0.03804,0.0,2024-11-10,639
M00640,CARD,0.02254,0.105,2024-11-13,640
M00640,LDEBIT,0.01102,0.053,2024-11-13,640
M00640,TOKEN,0.02304,0.105,2024-11-13,640
M00641,CARD,0.02152,0.1,2024-11-15,641
M00641,TOKEN,0.022,0.1,2024-11-15,641
M00642,CARD,0.02333,0.1,2024-11-16,642
M00642,TOKEN,0.02385,0.1,2024-11-16,642
M00642,LDEBIT,0.01141,0.05,2024-11-16,642
M00642,BNPL,0.04666,0.0,2024-11-16,642
M00643,CARD,0.02305,0.105,2024-11-16,643
M00643,LDEBIT,0.01127,0.053,2024-11-16,643
M00644,CARD,0.02534,0.105,2024-11-16,644
M00644,LDEBIT,0.01239,0.053,2024-11-16,644
M00644,TOKEN,0.0259,0.105,2024-11-16,644
M00645,CARD,0.02336,0.105,2024-11-20,645
M00645,LDEBIT,0.01142,0.053,2024-11-20,645
M00645,TOKEN,0.02388,0.105,2024-11-20,645
M00645,WALLET,0.01869,0.053,2024-11-20,645
M00646,BANKTR,0.00206,0.42,2024-11-21,646
M00646,CARD,0.01544,0.07,2024-11-21,646
M00647,CARD,0.02627,0.105,2024-11-21,647
M00647,LDEBIT,0.01284,0.053,2024-11-21,647
M00647,TOKEN,0.02685,0.105,2024-11-21,647
M00648,BANKTR,0.00212,0.42,2024-11-22,648
M00648,CARD,0.01587,0.07,2024-11-22,648
M00649,BANKTR,0.00208,0.42,2024-11-23,649
M00649,CARD,0.01558,0.07,2024-11-23,649
M00650,BANKTR,0.00213,0.42,2024-11-24,650
M00650,CARD,0.01599,0.07,2024-11-24,650
M00651,CARD,0.02366,0.1,2024-11-27,651
M00651,TOKEN,0.02419,0.1,2024-11-27,651
M00651,LDEBIT,0.01157,0.05,2024-11-27,651
M00651,WALLET,0.01893,0.05,2024-11-27,651
M00652,CARD,0.0234,0.1,2024-11-29,652
M00652,TOKEN,0.02392,0.1,2024-11-29,652
M00652,LDEBIT,0.01144,0.05,2024-11-29,652
M00653,CARD,0.02411,0.105,2024-11-29,653
M00653,LDEBIT,0.01179,0.053,2024-11-29,653
M00653,TOKEN,0.02464,0.105,2024-11-29,653
M00654,CARD,0.02547,0.105,2024-11-29,654
M00654,TOKEN,0.02604,0.105,2024-11-29,654
M00654,LDEBIT,0.01245,0.053,2024-11-29,654
M00654,WALLET,0.02038,0.053,2024-11-29,654
M00654,BNPL,0.05095,0.0,2024-11-29,654
M00655,BANKTR,0.00201,0.42,2024-11-30,655
M00655,CARD,0.01506,0.07,2024-11-30,655
M00656,CARD,0.02427,0.105,2024-11-30,656
M00656,TOKEN,0.02481,0.105,2024-11-30,656
M00656,LDEBIT,0.01186,0.053,2024-11-30,656
M00656,WALLET,0.01941,0.053,2024-11-30,656
M00656,BNPL,0.04853,0.0,2024-11-30,656
M00657,CARD,0.02387,0.105,2024-11-30,657
M00657,LDEBIT,0.01167,0.053,2024-11-30,657
M00657,WALLET,0.0191,0.053,2024-11-30,657
M00658,CARD,0.01662,0.07,2024-12-03,658
M00658,LDEBIT,0.00812,0.035,2024-12-03,658
M00659,BANKTR,0.00228,0.42,2024-12-03,659
M00659,CARD,0.01708,0.07,2024-12-03,659
M00660,CARD,0.02331,0.1,2024-12-04,660
M00660,TOKEN,0.02383,0.1,2024-12-04,660
M00660,LDEBIT,0.0114,0.05,2024-12-04,660
M00660,WALLET,0.01865,0.05,2024-12-04,660
M00660,BNPL,0.04662,0.0,2024-12-04,660
M00661,CARD,0.02417,0.1,2024-12-06,661
M00661,TOKEN,0.0247,0.1,2024-12-06,661
M00661,BNPL,0.04833,0.0,2024-12-06,661
M00662,CARD,0.02287,0.1,2024-12-08,662
M00662,TOKEN,0.02338,0.1,2024-12-08,662
M00662,LDEBIT,0.01118,0.05,2024-12-08,662
M00662,WALLET,0.0183,0.05,2024-12-08,662
M00662,BNPL,0.04575,0.0,2024-12-08,662
M00663,CARD,0.02221,0.1,2024-12-11,663
M00663,TOKEN,0.0227,0.1,2024-12-11,663
M00663,LDEBIT,0.01086,0.05,2024-12-11,663
M00663,BNPL,0.04442,0.0,2024-12-11,663
M00664,CARD,0.02274,0.1,2024-12-13,664
M00664,TOKEN,0.02324,0.1,2024-12-13,664
M00664,LDEBIT,0.01112,0.05,2024-12-13,664
M00665,CARD,0.02509,0.105,2024-12-15,665
M00665,LDEBIT,0.01226,0.053,2024-12-15,665
M00665,TOKEN,0.02564,0.105,2024-12-15,665
M00666,CARD,0.02356,0.105,2024-12-16,666
M00666,LDEBIT,0.01152,0.053,2024-12-16,666
M00666,TOKEN,0.02408,0.105,2024-12-16,666
M00666,WALLET,0.01885,0.053,2024-12-16,666
M00667,CARD,0.02164,0.105,2024-12-17,667
M00667,LDEBIT,0.01058,0.053,2024-12-17,667
M00667,TOKEN,0.02212,0.105,2024-12-17,667
M00668,CARD,0.02361,0.105,2024-12-18,668
M00668,LDEBIT,0.01154,0.053,2024-12-18,668
M00669,CARD,0.02365,0.105,2024-12-21,669
M00669,LDEBIT,0.01156,0.053,2024-12-21,669
M00669,TOKEN,0.02418,0.105,2024-12-21,669
M00670,BANKTR,0.00206,0.42,2024-12-22,670
M00670,CARD,0.01544,0.07,2024-12-22,670
M00671,CARD,0.02357,0.105,2024-12-23,671
M00671,LDEBIT,0.01152,0.053,2024-12-23,671
M00671,TOKEN,0.0241,0.105,2024-12-23,671
M00671,WALLET,0.01886,0.053,2024-12-23,671
M00672,CARD,0.02447,0.105,2024-12-26,672
M00672,LDEBIT,0.01196,0.053,2024-12-26,672
M00673,CARD,0.02288,0.105,2024-12-29,673
M00673,LDEBIT,0.01119,0.053,2024-12-29,673
M00674,CARD,0.02621,0.105,2025-01-01,674
M00674,LDEBIT,0.01281,0.053,2025-01-01,674
M00675,CARD,0.02393,0.1,2025-01-01,675
M00675,TOKEN,0.02446,0.1,2025-01-01,675
M00676,CARD,0.02382,0.105,2025-01-02,676
M00676,LDEBIT,0.01165,0.053,2025-01-02,676
M00676,TOKEN,0.02435,0.105,2025-01-02,676
M00676,WALLET,0.01906,0.053,2025-01-02,676
M00677,CARD,0.02162,0.105,2025-01-03,677
M00677,LDEBIT,0.01057,0.053,2025-01-03,677
M00677,WALLET,0.01729,0.053,2025-01-03,677
M00678,CARD,0.02207,0.1,2025-01-05,678
M00678,TOKEN,0.02256,0.1,2025-01-05,678
M00678,LDEBIT,0.01079,0.05,2025-01-05,678
M00679,CARD,0.0219,0.1,2025-01-06,679
M00679,TOKEN,0.02239,0.1,2025-01-06,679
M00679,LDEBIT,0.01071,0.05,2025-01-06,679
M00679,WALLET,0.01752,0.05,2025-01-06,679
M00679,BNPL,0.0438,0.0,2025-01-06,679
M00680,CARD,0.02366,0.1,2025-01-07,680
M00680,TOKEN,0.02418,0.1,2025-01-07,680
M00680,LDEBIT,0.01157,0.05,2025-01-07,680
M00680,WALLET,0.01893,0.05,2025-01-07,680
M00680,BNPL,0.04732,0.0,2025-01-07,680
M00681,CARD,0.02352,0.105,2025-01-10,681
M00681,LDEBIT,0.0115,0.053,2025-01-10,681
M00682,CARD,0.02224,0.1,2025-01-11,682
M00682,TOKEN,0.02274,0.1,2025-01-11,682
M00682,LDEBIT,0.01088,0.05,2025-01-11,682
M00683,CARD,0.02255,0.105,2025-01-14,683
M00683,LDEBIT,0.01103,0.053,2025-01-14,683
M00683,TOKEN,0.02305,0.105,2025-01-14,683
M00684,CARD,0.02423,0.105,2025-01-15,684
M00684,LDEBIT,0.01185,0.053,2025-01-15,684
M00685,CARD,0.02251,0.1,2025-01-16,685
M00685,TOKEN,0.02301,0.1,2025-01-16,685
M00685,BNPL,0.04503,0.0,2025-01-16,685
M00686,CARD,0.02196,0.1,2025-01-17,686
M00686,TOKEN,0.02245,0.1,2025-01-17,686
M00686,LDEBIT,0.01074,0.05,2025-01-17,686
M00686,WALLET,0.01757,0.05,2025-01-17,686
M00686,BNPL,0.04392,0.0,2025-01-17,686
M00687,CARD,0.02466,0.105,2025-01-19,687
M00687,LDEBIT,0.01206,0.053,2025-01-19,687
M00687,TOKEN,0.02521,0.105,2025-01-19,687
M00687,WALLET,0.01973,0.053,2025-01-19,687
M00688,BANKTR,0.00203,0.42,2025-01-20,688
M00688,CARD,0.01521,0.07,2025-01-20,688
M00689,CARD,0.02474,0.105,2025-01-20,689
M00689,LDEBIT,0.0121,0.053,2025-01-20,689
M00690,BANKTR,0.00202,0.42,2025-01-20,690
M00690,CARD,0.01518,0.07,2025-01-20,690
M00691,BANKTR,0.00211,0.42,2025-01-20,691
M00691,CARD,0.0158,0.07,2025-01-20,691
M00692,CARD,0.01393,0.072,2025-01-22,692
M00692,LDEBIT,0.00681,0.036,2025-01-22,692
M00693,CARD,0.0241,0.105,2025-01-22,693
M00693,LDEBIT,0.01178,0.053,2025-01-22,693
M00693,TOKEN,0.02463,0.105,2025-01-22,693
M00694,CARD,0.0225,0.105,2025-01-22,694
M00694,LDEBIT,0.011,0.053,2025-01-22,694
M00694,TOKEN,0.023,0.105,2025-01-22,694
M00695,CARD,0.02082,0.1,2025-01-22,695
M00695,TOKEN,0.02128,0.1,2025-01-22,695
M00696,CARD,0.02221,0.105,2025-01-23,696
M00696,LDEBIT,0.01086,0.053,2025-01-23,696
M00696,TOKEN,0.02271,0.105,2025-01-23,696
M00697,BANKTR,0.00214,0.42,2025-01-24,697
M00697,CARD,0.01603,0.07,2025-01-24,697
M00698,CARD,0.01788,0.072,2025-01-25,698
M00698,TOKEN,0.01828,0.072,2025-01-25,698
M00698,LDEBIT,0.00874,0.036,2025-01-25,698
M00698,BNPL,0.03576,0.0,2025-01-25,698
M00699,CARD,0.02277,0.105,2025-01-25,699
M00699,LDEBIT,0.01113,0.053,2025-01-25,699
M00699,TOKEN,0.02328,0.105,2025-01-25,699
M00700,CARD,0.02266,0.105,2025-01-31,700
M00700,LDEBIT,0.01108,0.053,2025-01-31,700
M00700,TOKEN,0.02317,0.105,2025-01-31,700
M00700,WALLET,0.01813,0.053,2025-01-31,700
M00701,CARD,0.02331,0.105,2025-02-01,701
M00701,LDEBIT,0.0114,0.053,2025-02-01,701
M00701,TOKEN,0.02383,0.105,2025-02-01,701
M00701,WALLET,0.01865,0.053,2025-02-01,701
M00702,CARD,0.02513,0.105,2025-02-01,702
M00702,LDEBIT,0.01228,0.053,2025-02-01,702
M00702,TOKEN,0.02569,0.105,2025-02-01,702
M00702,WALLET,0.0201,0.053,2025-02-01,702
M00703,CARD,0.02343,0.1,2025-02-10,703
M00703,TOKEN,0.02395,0.1,2025-02-10,703
M00704,CARD,0.0236,0.1,2025-02-10,704
M00704,TOKEN,0.02412,0.1,2025-02-10,704
M00705,CARD,0.02443,0.105,2025-02-11,705
M00705,LDEBIT,0.01195,0.053,2025-02-11,705
M00705,TOKEN,0.02498,0.105,2025-02-11,705
M00706,CARD,0.02194,0.1,2025-02-11,706
M00706,TOKEN,0.02242,0.1,2025-02-11,706
M00706,LDEBIT,0.01072,0.05,2025-02-11,706
M00707,CARD,0.02403,0.105,2025-02-16,707
M00707,LDEBIT,0.01175,0.053,2025-02-16,707
M00708,CARD,0.02261,0.1,2025-02-18,708
M00708,TOKEN,0.02311,0.1,2025-02-18,708
M00708,LDEBIT,0.01105,0.05,2025-02-18,708
M00708,WALLET,0.01809,0.05,2025-02-18,708
M00708,BNPL,0.04522,0.0,2025-02-18,708
M00709,CARD,0.02178,0.1,2025-02-20,709
M00709,TOKEN,0.02226,0.1,2025-02-20,709
M00709,LDEBIT,0.01065,0.05,2025-02-20,709
M00710,CARD,0.02205,0.1,2025-02-22,710
M00710,TOKEN,0.02254,0.1,2025-02-22,710
M00710,LDEBIT,0.01078,0.05,2025-02-22,710
M00710,WALLET,0.01764,0.05,2025-02-22,710
M00711,CARD,0.02382,0.105,2025-02-23,711
M00711,LDEBIT,0.01164,0.053,2025-02-23,711
M00712,CARD,0.01629,0.07,2025-02-23,712
M00712,LDEBIT,0.00797,0.035,2025-02-23,712
M00713,CARD,0.02256,0.1,2025-02-23,713
M00713,TOKEN,0.02306,0.1,2025-02-23,713
M00714,CARD,0.02325,0.105,2025-02-27,714
M00714,LDEBIT,0.01137,0.053,2025-02-27,714
M00715,CARD,0.02291,0.105,2025-02-27,715
M00715,LDEBIT,0.0112,0.053,2025-02-27,715
M00715,WALLET,0.01833,0.053,2025-02-27,715
M00716,CARD,0.02292,0.105,2025-03-01,716
M00716,LDEBIT,0.0112,0.053,2025-03-01,716
M00717,CARD,0.02193,0.105,2025-03-02,717
M00717,LDEBIT,0.01072,0.053,2025-03-02,717
M00717,TOKEN,0.02242,0.105,2025-03-02,717
M00718,CARD,0.02394,0.105,2025-03-03,718
M00718,LDEBIT,0.0117,0.053,2025-03-03,718
M00718,TOKEN,0.02447,0.105,2025-03-03,718
M00719,CARD,0.02392,0.105,2025-03-05,719
M00719,LDEBIT,0.0117,0.053,2025-03-05,719
M00720,CARD,0.02475,0.105,2025-03-08,720
M00720,LDEBIT,0.0121,0.053,2025-03-08,720
M00720,TOKEN,0.0253,0.105,2025-03-08,720
M00720,WALLET,0.0198,0.053,2025-03-08,720
M00721,CARD,0.02162,0.1,2025-03-11,721
M00721,TOKEN,0.0221,0.1,2025-03-11,721
M00722,CARD,0.02283,0.105,2025-03-15,722
M00722,TOKEN,0.02334,0.105,2025-03-15,722
M00722,LDEBIT,0.01116,0.053,2025-03-15,722
M00722,WALLET,0.01827,0.053,2025-03-15,722
M00723,BANKTR,0.0022,0.42,2025-03-16,723
M00723,CARD,0.0165,0.07,2025-03-16,723
M00724,CARD,0.02319,0.1,2025-03-17,724
M00724,TOKEN,0.0237,0.1,2025-03-17,724
M00724,LDEBIT,0.01134,0.05,2025-03-17,724
M00725,BANKTR,0.00206,0.42,2025-03-17,725
M00725,CARD,0.01544,0.07,2025-03-17,725
M00726,CARD,0.02299,0.1,2025-03-18,726
M00726,TOKEN,0.0235,0.1,2025-03-18,726
M00727,CARD,0.02404,0.1,2025-03-19,727
M00727,TOKEN,0.02457,0.1,2025-03-19,727
M00728,CARD,0.02129,0.1,2025-03-19,728
M00728,TOKEN,0.02176,0.1,2025-03-19,728
M00729,CARD,0.02031,0.1,2025-03-20,729
M00729,TOKEN,0.02076,0.1,2025-03-20,729
M00729,BNPL,0.04062,0.0,2025-03-20,729
M00730,BANKTR,0.00206,0.42,2025-03-20,730
M00730,CARD,0.01543,0.07,2025-03-20,730
M00731,BANKTR,0.00205,0.42,2025-03-22,731
M00731,CARD,0.01535,0.07,2025-03-22,731
M00732,CARD,0.02532,0.105,2025-03-23,732
M00732,LDEBIT,0.01238,0.053,2025-03-23,732
M00733,CARD,0.01452,0.072,2025-03-24,733
M00733,TOKEN,0.01484,0.072,2025-03-24,733
M00733,LDEBIT,0.0071,0.036,2025-03-24,733
M00733,WALLET,0.01161,0.036,2025-03-24,733
M00733,BNPL,0.02904,0.0,2025-03-24,733
M00734,CARD,0.02406,0.105,2025-03-24,734
M00734,LDEBIT,0.01176,0.053,2025-03-24,734
M00734,WALLET,0.01925,0.053,2025-03-24,734
M00735,CARD,0.02453,0.105,2025-03-26,735
M00735,LDEBIT,0.01199,0.053,2025-03-26,735
M00735,TOKEN,0.02507,0.105,2025-03-26,735
M00735,WALLET,0.01962,0.053,2025-03-26,735
M00736,CARD,0.02365,0.105,2025-03-26,736
M00736,LDEBIT,0.01156,0.053,2025-03-26,736
M00737,CARD,0.02253,0.1,2025-03-29,737
M00737,TOKEN,0.02303,0.1,2025-03-29,737
M00738,CARD,0.02327,0.1,2025-03-31,738
M00738,TOKEN,0.02379,0.1,2025-03-31,738
M00739,CARD,0.02237,0.1,2025-04-01,739
M00739,TOKEN,0.02287,0.1,2025-04-01,739
M00739,LDEBIT,0.01094,0.05,2025-04-01,739
M00740,CARD,0.02025,0.072,2025-04-01,740
M00740,TOKEN,0.0207,0.072,2025-04-01,740
M00740,LDEBIT,0.0099,0.036,2025-04-01,740
M00741,BANKTR,0.00206,0.42,2025-04-02,741
M00741,CARD,0.01548,0.07,2025-04-02,741
M00742,CARD,0.02048,0.1,2025-04-04,742
M00742,TOKEN,0.02094,0.1,2025-04-04,742
M00743,CARD,0.02121,0.1,2025-04-04,743
M00743,TOKEN,0.02168,0.1,2025-04-04,743
M00743,LDEBIT,0.01037,0.05,2025-04-04,743
M00744,CARD,0.02169,0.1,2025-04-05,744
M00744,TOKEN,0.02217,0.1,2025-04-05,744
M00745,CARD,0.02226,0.105,2025-04-08,745
M00745,LDEBIT,0.01088,0.053,2025-04-08,745
M00745,TOKEN,0.02275,0.105,2025-04-08,745
M00745,WALLET,0.01781,0.053,2025-04-08,745
M00746,CARD,0.02398,0.1,2025-04-10,746
M00746,TOKEN,0.02451,0.1,2025-04-10,746
M00747,CARD,0.02393,0.1,2025-04-10,747
M00747,TOKEN,0.02446,0.1,2025-04-10,747
M00747,BNPL,0.04787,0.0,2025-04-10,747
M00748,CARD,0.02394,0.1,2025-04-10,748
M00748,TOKEN,0.02448,0.1,2025-04-10,748
M00748,BNPL,0.04789,0.0,2025-04-10,748
M00749,CARD,0.02237,0.1,2025-04-11,749
M00749,TOKEN,0.02286,0.1,2025-04-11,749
M00749,LDEBIT,0.01093,0.05,2025-04-11,749
M00749,WALLET,0.01789,0.05,2025-04-11,749
M00749,BNPL,0.04473,0.0,2025-04-11,749
M00750,CARD,0.0237,0.105,2025-04-11,750
M00750,LDEBIT,0.01159,0.053,2025-04-11,750
M00750,TOKEN,0.02423,0.105,2025-04-11,750
M00750,WALLET,0.01896,0.053,2025-04-11,750
M00751,CARD,0.02421,0.1,2025-04-11,751
M00751,TOKEN,0.02475,0.1,2025-04-11,751
M00751,LDEBIT,0.01183,0.05,2025-04-11,751
M00752,CARD,0.01402,0.072,2025-04-13,752
M00752,LDEBIT,0.00685,0.036,2025-04-13,752
M00752,TOKEN,0.01433,0.072,2025-04-13,752
M00753,CARD,0.02217,0.105,2025-04-15,753
M00753,LDEBIT,0.01084,0.053,2025-04-15,753
M00753,WALLET,0.01773,0.053,2025-04-15,753
M00754,BANKTR,0.00203,0.42,2025-04-16,754
M00754,CARD,0.01524,0.07,2025-04-16,754
M00755,CARD,0.02247,0.105,2025-04-20,755
M00755,LDEBIT,0.01098,0.053,2025-04-20,755
M00756,BANKTR,0.00203,0.42,2025-04-22,756
M00756,CARD,0.01526,0.07,2025-04-22,756
M00757,CARD,0.02317,0.105,2025-04-22,757
M00757,TOKEN,0.02368,0.105,2025-04-22,757
M00757,BNPL,0.04633,0.0,2025-04-22,757
M00758,CARD,0.0233,0.105,2025-04-27,758
M00758,LDEBIT,0.01139,0.053,2025-04-27,758
M00759,CARD,0.01705,0.072,2025-04-27,759
M00759,LDEBIT,0.00834,0.036,2025-04-27,759
M00760,CARD,0.01441,0.072,2025-04-29,760
M00760,TOKEN,0.01473,0.072,2025-04-29,760
M00760,LDEBIT,0.00704,0.036,2025-04-29,760
M00761,CARD,0.0237,0.105,2025-04-30,761
M00761,LDEBIT,0.01159,0.053,2025-04-30,761
M00761,TOKEN,0.02423,0.105,2025-04-30,761
M00762,CARD,0.02385,0.105,2025-05-01,762
M00762,LDEBIT,0.01166,0.053,2025-05-01,762
M00763,CARD,0.02324,0.1,2025-05-02,763
M00763,TOKEN,0.02376,0.1,2025-05-02,763
M00764,CARD,0.02199,0.105,2025-05-02,764
M00764,LDEBIT,0.01075,0.053,2025-05-02,764
M00764,TOKEN,0.02248,0.105,2025-05-02,764
M00765,CARD,0.02343,0.105,2025-05-04,765
M00765,LDEBIT,0.01145,0.053,2025-05-04,765
M00765,TOKEN,0.02395,0.105,2025-05-04,765
M00766,CARD,0.02538,0.105,2025-05-04,766
M00766,TOKEN,0.02595,0.105,2025-05-04,766
M00766,LDEBIT,0.01241,0.053,2025-05-04,766
M00766,BNPL,0.05077,0.0,2025-05-04,766
M00767,CARD,0.02461,0.105,2025-05-05,767
M00767,LDEBIT,0.01203,0.053,2025-05-05,767
M00767,TOKEN,0.02515,0.105,2025-05-05,767
M00767,WALLET,0.01969,0.053,2025-05-05,767
M00768,CARD,0.02373,0.1,2025-05-06,768
M00768,TOKEN,0.02426,0.1,2025-05-06,768
M00768,LDEBIT,0.0116,0.05,2025-05-06,768
M00768,WALLET,0.01899,0.05,2025-05-06,768
M00768,BNPL,0.04747,0.0,2025-05-06,768
M00769,CARD,0.02371,0.105,2025-05-08,769
M00769,TOKEN,0.02424,0.105,2025-05-08,769
M00769,LDEBIT,0.01159,0.053,2025-05-08,769
M00769,BNPL,0.04742,0.0,2025-05-08,769
M00770,CARD,0.01709,0.072,2025-05-08,770
M00770,TOKEN,0.01747,0.072,2025-05-08,770
M00770,LDEBIT,0.00836,0.036,2025-05-08,770
M00771,CARD,0.02439,0.105,2025-05-08,771
M00771,LDEBIT,0.01192,0.053,2025-05-08,771
M00771,TOKEN,0.02493,0.105,2025-05-08,771
M00772,CARD,0.02194,0.1,2025-05-08,772
M00772,TOKEN,0.02243,0.1,2025-05-08,772
M00772,LDEBIT,0.01073,0.05,2025-05-08,772
M00773,CARD,0.02182,0.1,2025-05-08,773
M00773,TOKEN,0.0223,0.1,2025-05-08,773
M00774,CARD,0.02306,0.105,2025-05-10,774
M00774,LDEBIT,0.01127,0.053,2025-05-10,774
M00774,TOKEN,0.02357,0.105,2025-05-10,774
M00775,CARD,0.02235,0.1,2025-05-10,775
M00775,TOKEN,0.02284,0.1,2025-05-10,775
M00775,LDEBIT,0.01093,0.05,2025-05-10,775
M00775,WALLET,0.01788,0.05,2025-05-10,775
M00776,CARD,0.02423,0.105,2025-05-10,776
M00776,LDEBIT,0.01184,0.053,2025-05-10,776
M00776,WALLET,0.01938,0.053,2025-05-10,776
M00777,BANKTR,0.00208,0.42,2025-05-10,777
M00777,CARD,0.01557,0.07,2025-05-10,777
M00778,CARD,0.02186,0.105,2025-05-11,778
M00778,LDEBIT,0.01069,0.053,2025-05-11,778
M00778,TOKEN,0.02235,0.105,2025-05-11,778
M00778,WALLET,0.01749,0.053,2025-05-11,778
M00779,CARD,0.02234,0.105,2025-05-11,779
M00779,LDEBIT,0.01092,0.053,2025-05-11,779
M00780,CARD,0.02258,0.1,2025-05-13,780
M00780,TOKEN,0.02309,0.1,2025-05-13,780
M00780,LDEBIT,0.01104,0.05,2025-05-13,780
M00780,WALLET,0.01807,0.05,2025-05-13,780
M00780,BNPL,0.04517,0.0,2025-05-13,780
M00781,CARD,0.02206,0.1,2025-05-18,781
M00781,TOKEN,0.02255,0.1,2025-05-18,781
M00781,BNPL,0.04412,0.0,2025-05-18,781
M00782,CARD,0.02206,0.105,2025-05-20,782
M00782,LDEBIT,0.01079,0.053,2025-05-20,782
M00782,TOKEN,0.02255,0.105,2025-05-20,782
M00783,CARD,0.02351,0.1,2025-05-21,783
M00783,TOKEN,0.02403,0.1,2025-05-21,783
M00784,CARD,0.02226,0.1,2025-05-26,784
M00784,TOKEN,0.02276,0.1,2025-05-26,784
M00785,CARD,0.02457,0.105,2025-05-26,785
M00785,TOKEN,0.02511,0.105,2025-05-26,785
M00785,LDEBIT,0.01201,0.053,2025-05-26,785
M00786,CARD,0.0243,0.105,2025-05-26,786
M00786,LDEBIT,0.01188,0.053,2025-05-26,786
M00787,CARD,0.01634,0.072,2025-05-26,787
M00787,LDEBIT,0.00799,0.036,2025-05-26,787
M00787,TOKEN,0.01671,0.072,2025-05-26,787
M00788,CARD,0.02162,0.1,2025-05-27,788
M00788,TOKEN,0.0221,0.1,2025-05-27,788
M00788,LDEBIT,0.01057,0.05,2025-05-27,788
M00789,CARD,0.02341,0.105,2025-05-28,789
M00789,LDEBIT,0.01144,0.053,2025-05-28,789
M00789,TOKEN,0.02393,0.105,2025-05-28,789
M00790,CARD,0.02275,0.105,2025-05-28,790
M00790,TOKEN,0.02326,0.105,2025-05-28,790
M00790,LDEBIT,0.01112,0.053,2025-05-28,790
M00790,WALLET,0.0182,0.053,2025-05-28,790
M00791,CARD,0.02247,0.1,2025-06-01,791
M00791,TOKEN,0.02296,0.1,2025-06-01,791
M00791,LDEBIT,0.01098,0.05,2025-06-01,791
M00791,WALLET,0.01797,0.05,2025-06-01,791
M00791,BNPL,0.04493,0.0,2025-06-01,791
M00792,CARD,0.02241,0.105,2025-06-01,792
M00792,LDEBIT,0.01095,0.053,2025-06-01,792
M00793,CARD,0.02385,0.105,2025-06-01,793
M00793,LDEBIT,0.01166,0.053,2025-06-01,793
M00793,TOKEN,0.02438,0.105,2025-06-01,793
M00794,CARD,0.02459,0.105,2025-06-02,794
M00794,LDEBIT,0.01202,0.053,2025-06-02,794
M00795,CARD,0.02335,0.105,2025-06-04,795
M00795,TOKEN,0.02386,0.105,2025-06-04,795
M00795,LDEBIT,0.01141,0.053,2025-06-04,795
M00795,WALLET,0.01868,0.053,2025-06-04,795
M00795,BNPL,0.04669,0.0,2025-06-04,795
M00796,BANKTR,0.00217,0.42,2025-06-04,796
M00796,CARD,0.01624,0.07,2025-06-04,796
M00797,CARD,0.02267,0.105,2025-06-04,797
M00797,LDEBIT,0.01108,0.053,2025-06-04,797
M00797,TOKEN,0.02317,0.105,2025-06-04,797
M00797,WALLET,0.01813,0.053,2025-06-04,797
M00798,BANKTR,0.00204,0.42,2025-06-06,798
M00798,CARD,0.0153,0.07,2025-06-06,798
M00799,CARD,0.0152,0.07,2025-06-07,799
M00799,LDEBIT,0.00743,0.035,2025-06-07,799
M00800,CARD,0.02135,0.1,2025-06-07,800
M00800,TOKEN,0.02183,0.1,2025-06-07,800
M00800,LDEBIT,0.01044,0.05,2025-06-07,800
M00800,WALLET,0.01708,0.05,2025-06-07,800
M00800,BNPL,0.0427,0.0,2025-06-07,800
M00801,CARD,0.0257,0.105,2025-06-09,801
M00801,TOKEN,0.02627,0.105,2025-06-09,801
M00801,LDEBIT,0.01256,0.053,2025-06-09,801
M00801,WALLET,0.02056,0.053,2025-06-09,801
M00802,CARD,0.02176,0.1,2025-06-09,802
M00802,TOKEN,0.02225,0.1,2025-06-09,802
M00802,LDEBIT,0.01064,0.05,2025-06-09,802
M00802,WALLET,0.01741,0.05,2025-06-09,802
M00802,BNPL,0.04353,0.0,2025-06-09,802
M00803,CARD,0.02273,0.1,2025-06-10,803
M00803,TOKEN,0.02324,0.1,2025-06-10,803
M00804,CARD,0.02211,0.1,2025-06-12,804
M00804,TOKEN,0.0226,0.1,2025-06-12,804
M00804,BNPL,0.04421,0.0,2025-06-12,804
M00805,BANKTR,0.00214,0.42,2025-06-14,805
M00805,CARD,0.01607,0.07,2025-06-14,805
M00806,CARD,0.01676,0.072,2025-06-15,806
M00806,TOKEN,0.01713,0.072,2025-06-15,806
M00806,LDEBIT,0.00819,0.036,2025-06-15,806
M00807,CARD,0.02357,0.105,2025-06-15,807
M00807,LDEBIT,0.01152,0.053,2025-06-15,807
M00807,TOKEN,0.0241,0.105,2025-06-15,807
M00807,WALLET,0.01886,0.053,2025-06-15,807
M00808,CARD,0.02438,0.105,2025-06-15,808
M00808,LDEBIT,0.01192,0.053,2025-06-15,808
M00809,CARD,0.02361,0.105,2025-06-16,809
M00809,LDEBIT,0.01154,0.053,2025-06-16,809
M00810,CARD,0.02218,0.1,2025-06-16,810
M00810,TOKEN,0.02267,0.1,2025-06-16,810
M00811,CARD,0.02289,0.1,2025-06-16,811
M00811,TOKEN,0.0234,0.1,2025-06-16,811
M00811,LDEBIT,0.01119,0.05,2025-06-16,811
M00811,WALLET,0.01831,0.05,2025-06-16,811
M00812,CARD,0.02219,0.1,2025-06-17,812
M00812,TOKEN,0.02268,0.1,2025-06-17,812
M00813,CARD,0.02168,0.1,2025-06-17,813
M00813,TOKEN,0.02216,0.1,2025-06-17,813
M00813,LDEBIT,0.0106,0.05,2025-06-17,813
M00814,CARD,0.02416,0.105,2025-06-18,814
M00814,LDEBIT,0.01181,0.053,2025-06-18,814
M00814,WALLET,0.01933,0.053,2025-06-18,814
M00815,CARD,0.01537,0.072,2025-06-18,815
M00815,LDEBIT,0.00752,0.036,2025-06-18,815
M00815,TOKEN,0.01571,0.072,2025-06-18,815
M00816,CARD,0.0212,0.1,2025-06-21,816
M00816,TOKEN,0.02167,0.1,2025-06-21,816
M00817,CARD,0.02419,0.105,2025-06-22,817
M00817,LDEBIT,0.01183,0.053,2025-06-22,817
M00817,TOKEN,0.02473,0.105,2025-06-22,817
M00817,WALLET,0.01935,0.053,2025-06-22,817
M00818,CARD,0.02466,0.105,2025-06-22,818
M00818,LDEBIT,0.01205,0.053,2025-06-22,818
M00818,TOKEN,0.0252,0.105,2025-06-22,818
M00818,WALLET,0.01973,0.053,2025-06-22,818
M00819,CARD,0.02169,0.1,2025-06-24,819
M00819,TOKEN,0.02217,0.1,2025-06-24,819
M00820,CARD,0.02176,0.1,2025-06-25,820
M00820,TOKEN,0.02225,0.1,2025-06-25,820
M00820,LDEBIT,0.01064,0.05,2025-06-25,820
M00820,WALLET,0.01741,0.05,2025-06-25,820
M00820,BNPL,0.04352,0.0,2025-06-25,820
M00821,CARD,0.0237,0.105,2025-06-25,821
M00821,LDEBIT,0.01158,0.053,2025-06-25,821
M00821,WALLET,0.01896,0.053,2025-06-25,821
M00822,CARD,0.02398,0.105,2025-06-26,822
M00822,LDEBIT,0.01172,0.053,2025-06-26,822
M00822,TOKEN,0.02451,0.105,2025-06-26,822
M00822,WALLET,0.01918,0.053,2025-06-26,822
M00823,CARD,0.02424,0.1,2025-06-26,823
M00823,TOKEN,0.02478,0.1,2025-06-26,823
M00824,CARD,0.0231,0.105,2025-06-27,824
M00824,LDEBIT,0.01129,0.053,2025-06-27,824
M00824,TOKEN,0.02361,0.105,2025-06-27,824
M00825,CARD,0.02265,0.1,2025-06-28,825
M00825,TOKEN,0.02315,0.1,2025-06-28,825
M00826,CARD,0.02388,0.105,2025-06-30,826
M00826,LDEBIT,0.01167,0.053,2025-06-30,826
M00826,TOKEN,0.02441,0.105,2025-06-30,826
M00826,WALLET,0.0191,0.053,2025-06-30,826
M00827,CARD,0.02235,0.1,2025-07-03,827
M00827,TOKEN,0.02285,0.1,2025-07-03,827
M00827,LDEBIT,0.01093,0.05,2025-07-03,827
M00827,BNPL,0.0447,0.0,2025-07-03,827
M00828,CARD,0.02404,0.105,2025-07-03,828
M00828,LDEBIT,0.01175,0.053,2025-07-03,828
M00828,TOKEN,0.02457,0.105,2025-07-03,828
M00829,CARD,0.02337,0.105,2025-07-04,829
M00829,LDEBIT,0.01142,0.053,2025-07-04,829
M00829,TOKEN,0.02389,0.105,2025-07-04,829
M00830,CARD,0.02325,0.105,2025-07-05,830
M00830,LDEBIT,0.01137,0.053,2025-07-05,830
M00830,TOKEN,0.02377,0.105,2025-07-05,830
M00831,CARD,0.02401,0.105,2025-07-06,831
M00831,LDEBIT,0.01174,0.053,2025-07-06,831
M00832,CARD,0.02217,0.105,2025-07-07,832
M00832,LDEBIT,0.01084,0.053,2025-07-07,832
M00832,TOKEN,0.02266,0.105,2025-07-07,832
M00833,CARD,0.0222,0.1,2025-07-08,833
M00833,TOKEN,0.02269,0.1,2025-07-08,833
M00833,LDEBIT,0.01085,0.05,2025-07-08,833
M00833,WALLET,0.01776,0.05,2025-07-08,833
M00834,CARD,0.02185,0.1,2025-07-09,834
M00834,TOKEN,0.02234,0.1,2025-07-09,834
M00835,CARD,0.01746,0.072,2025-07-09,835
M00835,LDEBIT,0.00854,0.036,2025-07-09,835
M00836,CARD,0.02259,0.105,2025-07-10,836
M00836,TOKEN,0.02309,0.105,2025-07-10,836
M00836,LDEBIT,0.01104,0.053,2025-07-10,836
M00837,CARD,0.02213,0.1,2025-07-12,837
M00837,TOKEN,0.02263,0.1,2025-07-12,837
M00837,BNPL,0.04427,0.0,2025-07-12,837
M00838,CARD,0.02171,0.1,2025-07-14,838
M00838,TOKEN,0.0222,0.1,2025-07-14,838
M00838,LDEBIT,0.01062,0.05,2025-07-14,838
M00838,WALLET,0.01737,0.05,2025-07-14,838
M00839,CARD,0.0183,0.072,2025-07-14,839
M00839,LDEBIT,0.00895,0.036,2025-07-14,839
M00839,TOKEN,0.0187,0.072,2025-07-14,839
M00839,WALLET,0.01464,0.036,2025-07-14,839
M00840,CARD,0.0247,0.105,2025-07-14,840
M00840,TOKEN,0.02525,0.105,2025-07-14,840
M00840,LDEBIT,0.01208,0.053,2025-07-14,840
M00840,BNPL,0.0494,0.0,2025-07-14,840
M00841,CARD,0.02305,0.1,2025-07-15,841
M00841,TOKEN,0.02356,0.1,2025-07-15,841
M00842,CARD,0.0234,0.1,2025-07-20,842
M00842,TOKEN,0.02392,0.1,2025-07-20,842
M00843,CARD,0.0229,0.105,2025-07-21,843
M00843,LDEBIT,0.0112,0.053,2025-07-21,843
M00843,WALLET,0.01832,0.053,2025-07-21,843
M00844,CARD,0.02219,0.1,2025-07-23,844
M00844,TOKEN,0.02268,0.1,2025-07-23,844
M00845,CARD,0.02243,0.105,2025-07-23,845
M00845,TOKEN,0.02293,0.105,2025-07-23,845
M00845,LDEBIT,0.01097,0.053,2025-07-23,845
M00845,BNPL,0.04486,0.0,2025-07-23,845
M00846,CARD,0.02486,0.105,2025-07-24,846
M00846,TOKEN,0.02541,0.105,2025-07-24,846
M00846,LDEBIT,0.01215,0.053,2025-07-24,846
M00847,CARD,0.0233,0.105,2025-07-25,847
M00847,LDEBIT,0.01139,0.053,2025-07-25,847
M00847,TOKEN,0.02381,0.105,2025-07-25,847
M00848,CARD,0.02234,0.1,2025-07-30,848
M00848,TOKEN,0.02284,0.1,2025-07-30,848
M00848,LDEBIT,0.01092,0.05,2025-07-30,848
M00849,CARD,0.02363,0.105,2025-08-01,849
M00849,LDEBIT,0.01155,0.053,2025-08-01,849
M00849,TOKEN,0.02416,0.105,2025-08-01,849
M00850,CARD,0.02283,0.1,2025-08-02,850
M00850,TOKEN,0.02334,0.1,2025-08-02,850
M00850,LDEBIT,0.01116,0.05,2025-08-02,850
M00850,WALLET,0.01826,0.05,2025-08-02,850
M00851,CARD,0.02413,0.105,2025-08-03,851
M00851,LDEBIT,0.0118,0.053,2025-08-03,851
M00851,TOKEN,0.02467,0.105,2025-08-03,851
M00852,CARD,0.02216,0.1,2025-08-04,852
M00852,TOKEN,0.02265,0.1,2025-08-04,852
M00852,LDEBIT,0.01083,0.05,2025-08-04,852
M00853,BANKTR,0.00204,0.42,2025-08-04,853
M00853,CARD,0.01529,0.07,2025-08-04,853
M00854,CARD,0.02169,0.1,2025-08-06,854
M00854,TOKEN,0.02217,0.1,2025-08-06,854
M00854,BNPL,0.04337,0.0,2025-08-06,854
M00855,CARD,0.02271,0.1,2025-08-06,855
M00855,TOKEN,0.02322,0.1,2025-08-06,855
M00856,CARD,0.02231,0.1,2025-08-08,856
M00856,TOKEN,0.02281,0.1,2025-08-08,856
M00856,LDEBIT,0.01091,0.05,2025-08-08,856
M00857,CARD,0.02196,0.1,2025-08-09,857
M00857,TOKEN,0.02244,0.1,2025-08-09,857
M00858,CARD,0.01134,0.072,2025-08-12,858
M00858,TOKEN,0.01159,0.072,2025-08-12,858
M00858,LDEBIT,0.00554,0.036,2025-08-12,858
M00859,CARD,0.02369,0.105,2025-08-12,859
M00859,LDEBIT,0.01158,0.053,2025-08-12,859
M00859,TOKEN,0.02422,0.105,2025-08-12,859
M00859,WALLET,0.01895,0.053,2025-08-12,859
M00860,CARD,0.02241,0.1,2025-08-12,860
M00860,TOKEN,0.0229,0.1,2025-08-12,860
M00861,CARD,0.02276,0.1,2025-08-13,861
M00861,TOKEN,0.02327,0.1,2025-08-13,861
M00861,LDEBIT,0.01113,0.05,2025-08-13,861
M00861,BNPL,0.04552,0.0,2025-08-13,861
M00862,CARD,0.0165,0.07,2025-08-15,862
M00862,LDEBIT,0.00807,0.035,2025-08-15,862
M00862,WALLET,0.0132,0.035,2025-08-15,862
M00863,CARD,0.01568,0.072,2025-08-19,863
M00863,TOKEN,0.01603,0.072,2025-08-19,863
M00863,LDEBIT,0.00767,0.036,2025-08-19,863
M00863,WALLET,0.01254,0.036,2025-08-19,863
M00864,CARD,0.02396,0.1,2025-08-23,864
M00864,TOKEN,0.02449,0.1,2025-08-23,864
M00864,LDEBIT,0.01171,0.05,2025-08-23,864
M00865,CARD,0.02239,0.1,2025-08-24,865
M00865,TOKEN,0.02288,0.1,2025-08-24,865
M00865,BNPL,0.04477,0.0,2025-08-24,865
M00866,CARD,0.02282,0.1,2025-08-25,866
M00866,TOKEN,0.02333,0.1,2025-08-25,866
M00866,LDEBIT,0.01116,0.05,2025-08-25,866
M00866,WALLET,0.01826,0.05,2025-08-25,866
M00866,BNPL,0.04565,0.0,2025-08-25,866
M00867,CARD,0.01599,0.07,2025-08-27,867
M00867,LDEBIT,0.00782,0.035,2025-08-27,867
M00868,CARD,0.02488,0.105,2025-08-27,868
M00868,LDEBIT,0.01217,0.053,2025-08-27,868
M00868,WALLET,0.01991,0.053,2025-08-27,868
M00869,BANKTR,0.00197,0.42,2025-08-29,869
M00869,CARD,0.01479,0.07,2025-08-29,869
M00870,CARD,0.0214,0.1,2025-08-30,870
M00870,TOKEN,0.02188,0.1,2025-08-30,870
M00870,LDEBIT,0.01046,0.05,2025-08-30,870
M00870,BNPL,0.04281,0.0,2025-08-30,870
M00871,CARD,0.02343,0.105,2025-08-30,871
M00871,LDEBIT,0.01146,0.053,2025-08-30,871
M00872,CARD,0.02459,0.1,2025-09-01,872
M00872,TOKEN,0.02514,0.1,2025-09-01,872
M00872,BNPL,0.04918,0.0,2025-09-01,872
M00873,CARD,0.02347,0.105,2025-09-01,873
M00873,LDEBIT,0.01147,0.053,2025-09-01,873
M00873,TOKEN,0.02399,0.105,2025-09-01,873
M00873,WALLET,0.01877,0.053,2025-09-01,873
M00874,CARD,0.02332,0.105,2025-09-01,874
M00874,LDEBIT,0.0114,0.053,2025-09-01,874
M00874,TOKEN,0.02384,0.105,2025-09-01,874
M00874,WALLET,0.01866,0.053,2025-09-01,874
M00875,CARD,0.02366,0.1,2025-09-03,875
M00875,TOKEN,0.02418,0.1,2025-09-03,875
M00876,CARD,0.02266,0.1,2025-09-03,876
M00876,TOKEN,0.02317,0.1,2025-09-03,876
M00876,LDEBIT,0.01108,0.05,2025-09-03,876
M00876,WALLET,0.01813,0.05,2025-09-03,876
M00877,CARD,0.0252,0.105,2025-09-05,877
M00877,LDEBIT,0.01232,0.053,2025-09-05,877
M00878,CARD,0.02328,0.105,2025-09-06,878
M00878,TOKEN,0.02379,0.105,2025-09-06,878
M00878,LDEBIT,0.01138,0.053,2025-09-06,878
M00878,WALLET,0.01862,0.053,2025-09-06,878
M00878,BNPL,0.04655,0.0,2025-09-06,878
M00879,CARD,0.02477,0.105,2025-09-07,879
M00879,LDEBIT,0.01211,0.053,2025-09-07,879
M00879,TOKEN,0.02532,0.105,2025-09-07,879
M00880,CARD,0.02278,0.1,2025-09-08,880
M00880,TOKEN,0.02328,0.1,2025-09-08,880
M00880,LDEBIT,0.01114,0.05,2025-09-08,880
M00880,WALLET,0.01822,0.05,2025-09-08,880
M00881,BANKTR,0.00191,0.42,2025-09-10,881
M00881,CARD,0.01435,0.07,2025-09-10,881
M00882,CARD,0.01582,0.07,2025-09-10,882
M00882,LDEBIT,0.00774,0.035,2025-09-10,882
M00882,WALLET,0.01266,0.035,2025-09-10,882
M00883,CARD,0.02224,0.1,2025-09-13,883
M00883,TOKEN,0.02273,0.1,2025-09-13,883
M00883,LDEBIT,0.01087,0.05,2025-09-13,883
M00883,WALLET,0.01779,0.05,2025-09-13,883
M00884,BANKTR,0.00198,0.42,2025-09-14,884
M00884,CARD,0.01487,0.07,2025-09-14,884
M00885,CARD,0.02422,0.105,2025-09-15,885
M00885,LDEBIT,0.01184,0.053,2025-09-15,885
M00886,CARD,0.02611,0.105,2025-09-17,886
M00886,LDEBIT,0.01277,0.053,2025-09-17,886
M00887,CARD,0.02378,0.105,2025-09-17,887
M00887,LDEBIT,0.01163,0.053,2025-09-17,887
M00887,TOKEN,0.02431,0.105,2025-09-17,887
M00888,CARD,0.0163,0.07,2025-09-17,888
M00888,LDEBIT,0.00797,0.035,2025-09-17,888
M00889,CARD,0.02266,0.1,2025-09-19,889
M00889,TOKEN,0.02317,0.1,2025-09-19,889
M00889,LDEBIT,0.01108,0.05,2025-09-19,889
M00889,WALLET,0.01813,0.05,2025-09-19,889
M00889,BNPL,0.04533,0.0,2025-09-19,889
M00890,CARD,0.02071,0.1,2025-09-22,890
M00890,TOKEN,0.02117,0.1,2025-09-22,890
M00890,LDEBIT,0.01013,0.05,2025-09-22,890
M00890,WALLET,0.01657,0.05,2025-09-22,890
M00890,BNPL,0.04143,0.0,2025-09-22,890
M00891,CARD,0.02241,0.1,2025-09-22,891
M00891,TOKEN,0.0229,0.1,2025-09-22,891
M00891,LDEBIT,0.01095,0.05,2025-09-22,891
M00891,WALLET,0.01793,0.05,2025-09-22,891
M00892,CARD,0.02364,0.105,2025-09-27,892
M00892,LDEBIT,0.01156,0.053,2025-09-27,892
M00893,CARD,0.02376,0.105,2025-09-29,893
M00893,LDEBIT,0.01162,0.053,2025-09-29,893
M00894,CARD,0.02393,0.105,2025-09-29,894
M00894,LDEBIT,0.0117,0.053,2025-09-29,894
M00894,TOKEN,0.02447,0.105,2025-09-29,894
M00894,WALLET,0.01915,0.053,2025-09-29,894
M00895,CARD,0.01761,0.072,2025-09-30,895
M00895,LDEBIT,0.00861,0.036,2025-09-30,895
M00895,TOKEN,0.018,0.072,2025-09-30,895
M00896,BANKTR,0.00201,0.42,2025-10-03,896
M00896,CARD,0.0151,0.07,2025-10-03,896
M00897,CARD,0.02479,0.105,2025-10-05,897
M00897,LDEBIT,0.01212,0.053,2025-10-05,897
M00897,WALLET,0.01983,0.053,2025-10-05,897
M00898,CARD,0.02355,0.1,2025-10-06,898
M00898,TOKEN,0.02408,0.1,2025-10-06,898
M00899,CARD,0.02312,0.105,2025-10-07,899
M00899,LDEBIT,0.01131,0.053,2025-10-07,899
M00900,CARD,0.0155,0.07,2025-10-08,900
M00900,LDEBIT,0.00758,0.035,2025-10-08,900
M00901,CARD,0.02439,0.105,2025-10-10,901
M00901,LDEBIT,0.01193,0.053,2025-10-10,901
M00901,WALLET,0.01951,0.053,2025-10-10,901
M00902,CARD,0.0222,0.105,2025-10-11,902
M00902,LDEBIT,0.01085,0.053,2025-10-11,902
M00902,TOKEN,0.02269,0.105,2025-10-11,902
M00902,WALLET,0.01776,0.053,2025-10-11,902
M00903,CARD,0.02496,0.105,2025-10-11,903
M00903,LDEBIT,0.0122,0.053,2025-10-11,903
M00903,WALLET,0.01997,0.053,2025-10-11,903
M00904,CARD,0.02174,0.105,2025-10-13,904
M00904,LDEBIT,0.01063,0.053,2025-10-13,904
M00904,TOKEN,0.02223,0.105,2025-10-13,904
M00904,WALLET,0.0174,0.053,2025-10-13,904
M00905,CARD,0.02069,0.105,2025-10-15,905
M00905,LDEBIT,0.01011,0.053,2025-10-15,905
M00905,TOKEN,0.02115,0.105,2025-10-15,905
M00905,WALLET,0.01655,0.053,2025-10-15,905
M00906,CARD,0.02411,0.105,2025-10-16,906
M00906,LDEBIT,0.01179,0.053,2025-10-16,906
M00906,TOKEN,0.02465,0.105,2025-10-16,906
M00907,CARD,0.02362,0.105,2025-10-17,907
M00907,LDEBIT,0.01155,0.053,2025-10-17,907
M00908,CARD,0.01428,0.072,2025-10-18,908
M00908,TOKEN,0.0146,0.072,2025-10-18,908
M00908,LDEBIT,0.00698,0.036,2025-10-18,908
M00908,BNPL,0.02856,0.0,2025-10-18,908
M00909,CARD,0.0236,0.1,2025-10-19,909
M00909,TOKEN,0.02413,0.1,2025-10-19,909
M00910,CARD,0.02306,0.1,2025-10-19,910
M00910,TOKEN,0.02357,0.1,2025-10-19,910
M00910,LDEBIT,0.01127,0.05,2025-10-19,910
M00910,BNPL,0.04612,0.0,2025-10-19,910
M00911,CARD,0.02197,0.1,2025-10-21,911
M00911,TOKEN,0.02246,0.1,2025-10-21,911
M00911,LDEBIT,0.01074,0.05,2025-10-21,911
M00911,WALLET,0.01757,0.05,2025-10-21,911
M00911,BNPL,0.04393,0.0,2025-10-21,911
M00912,CARD,0.0238,0.105,2025-10-23,912
M00912,LDEBIT,0.01164,0.053,2025-10-23,912
M00912,TOKEN,0.02433,0.105,2025-10-23,912
M00912,WALLET,0.01904,0.053,2025-10-23,912
M00913,CARD,0.02255,0.105,2025-10-25,913
M00913,LDEBIT,0.01102,0.053,2025-10-25,913
M00913,TOKEN,0.02305,0.105,2025-10-25,913
M00913,WALLET,0.01804,0.053,2025-10-25,913
M00914,CARD,0.02191,0.1,2025-10-26,914
M00914,TOKEN,0.0224,0.1,2025-10-26,914
M00914,LDEBIT,0.01071,0.05,2025-10-26,914
M00915,CARD,0.02138,0.1,2025-10-26,915
M00915,TOKEN,0.02186,0.1,2025-10-26,915
M00915,LDEBIT,0.01045,0.05,2025-10-26,915
M00915,WALLET,0.01711,0.05,2025-10-26,915
M00916,CARD,0.02245,0.1,2025-10-27,916
M00916,TOKEN,0.02295,0.1,2025-10-27,916
M00916,LDEBIT,0.01098,0.05,2025-10-27,916
M00917,CARD,0.02224,0.105,2025-10-27,917
M00917,LDEBIT,0.01087,0.053,2025-10-27,917
M00917,TOKEN,0.02273,0.105,2025-10-27,917
M00918,CARD,0.02447,0.105,2025-10-27,918
M00918,TOKEN,0.02502,0.105,2025-10-27,918
M00918,BNPL,0.04895,0.0,2025-10-27,918
M00919,CARD,0.02268,0.105,2025-10-29,919
M00919,LDEBIT,0.01109,0.053,2025-10-29,919
M00919,TOKEN,0.02318,0.105,2025-10-29,919
M00919,WALLET,0.01814,0.053,2025-10-29,919
M00920,CARD,0.02162,0.1,2025-10-30,920
M00920,TOKEN,0.0221,0.1,2025-10-30,920
M00920,BNPL,0.04325,0.0,2025-10-30,920
M00921,CARD,0.02335,0.105,2025-10-30,921
M00921,LDEBIT,0.01142,0.053,2025-10-30,921
M00921,TOKEN,0.02387,0.105,2025-10-30,921
M00922,CARD,0.02386,0.105,2025-11-01,922
M00922,LDEBIT,0.01166,0.053,2025-11-01,922
M00922,WALLET,0.01908,0.053,2025-11-01,922
M00923,CARD,0.02479,0.105,2025-11-02,923
M00923,LDEBIT,0.01212,0.053,2025-11-02,923
M00923,TOKEN,0.02534,0.105,2025-11-02,923
M00923,WALLET,0.01983,0.053,2025-11-02,923
M00924,CARD,0.02311,0.1,2025-11-03,924
M00924,TOKEN,0.02362,0.1,2025-11-03,924
M00925,CARD,0.0232,0.1,2025-11-04,925
M00925,TOKEN,0.02371,0.1,2025-11-04,925
M00926,CARD,0.02094,0.1,2025-11-04,926
M00926,TOKEN,0.02141,0.1,2025-11-04,926
M00926,LDEBIT,0.01024,0.05,2025-11-04,926
M00926,WALLET,0.01676,0.05,2025-11-04,926
M00926,BNPL,0.04189,0.0,2025-11-04,926
M00927,BANKTR,0.00218,0.42,2025-11-05,927
M00927,CARD,0.01632,0.07,2025-11-05,927
M00928,BANKTR,0.0021,0.42,2025-11-05,928
M00928,CARD,0.01573,0.07,2025-11-05,928
M00929,CARD,0.02455,0.1,2025-11-06,929
M00929,TOKEN,0.0251,0.1,2025-11-06,929
M00929,BNPL,0.0491,0.0,2025-11-06,929
M00930,CARD,0.02243,0.1,2025-11-08,930
M00930,TOKEN,0.02293,0.1,2025-11-08,930
M00930,LDEBIT,0.01097,0.05,2025-11-08,930
M00931,CARD,0.02379,0.1,2025-11-10,931
M00931,TOKEN,0.02432,0.1,2025-11-10,931
M00932,CARD,0.02268,0.1,2025-11-11,932
M00932,TOKEN,0.02318,0.1,2025-11-11,932
M00932,LDEBIT,0.01109,0.05,2025-11-11,932
M00932,WALLET,0.01814,0.05,2025-11-11,932
M00933,CARD,0.02166,0.105,2025-11-12,933
M00933,LDEBIT,0.01059,0.053,2025-11-12,933
M00934,CARD,0.02311,0.1,2025-11-18,934
M00934,TOKEN,0.02363,0.1,2025-11-18,934
M00934,LDEBIT,0.0113,0.05,2025-11-18,934
M00934,WALLET,0.01849,0.05,2025-11-18,934
M00935,CARD,0.02389,0.105,2025-11-23,935
M00935,LDEBIT,0.01168,0.053,2025-11-23,935
M00935,TOKEN,0.02442,0.105,2025-11-23,935
M00935,WALLET,0.01911,0.053,2025-11-23,935
M00936,CARD,0.02376,0.1,2025-11-24,936
M00936,TOKEN,0.02428,0.1,2025-11-24,936
M00937,CARD,0.01646,0.07,2025-11-24,937
M00937,LDEBIT,0.00805,0.035,2025-11-24,937
M00938,CARD,0.02388,0.105,2025-11-25,938
M00938,LDEBIT,0.01168,0.053,2025-11-25,938
M00939,CARD,0.0243,0.105,2025-11-27,939
M00939,LDEBIT,0.01188,0.053,2025-11-27,939
M00939,WALLET,0.01944,0.053,2025-11-27,939
M00940,CARD,0.02399,0.105,2025-11-27,940
M00940,LDEBIT,0.01173,0.053,2025-11-27,940
M00940,TOKEN,0.02452,0.105,2025-11-27,940
M00941,CARD,0.02319,0.105,2025-11-28,941
M00941,LDEBIT,0.01134,0.053,2025-11-28,941
M00941,TOKEN,0.0237,0.105,2025-11-28,941
M00942,CARD,0.01806,0.072,2025-11-29,942
M00942,TOKEN,0.01846,0.072,2025-11-29,942
M00942,LDEBIT,0.00883,0.036,2025-11-29,942
M00942,WALLET,0.01445,0.036,2025-11-29,942
M00943,CARD,0.02473,0.105,2025-11-30,943
M00943,LDEBIT,0.01209,0.053,2025-11-30,943
M00943,TOKEN,0.02528,0.105,2025-11-30,943
M00943,WALLET,0.01978,0.053,2025-11-30,943
M00944,BANKTR,0.00219,0.42,2025-11-30,944
M00944,CARD,0.0164,0.07,2025-11-30,944
M00945,CARD,0.02412,0.1,2025-11-30,945
M00945,TOKEN,0.02466,0.1,2025-11-30,945
M00946,CARD,0.02545,0.105,2025-12-01,946
M00946,LDEBIT,0.01244,0.053,2025-12-01,946
M00946,TOKEN,0.02601,0.105,2025-12-01,946
M00947,CARD,0.02371,0.105,2025-12-06,947
M00947,LDEBIT,0.01159,0.053,2025-12-06,947
M00947,WALLET,0.01897,0.053,2025-12-06,947
M00948,CARD,0.02294,0.1,2025-12-07,948
M00948,TOKEN,0.02345,0.1,2025-12-07,948
M00948,LDEBIT,0.01122,0.05,2025-12-07,948
M00948,WALLET,0.01835,0.05,2025-12-07,948
M00948,BNPL,0.04588,0.0,2025-12-07,948
M00949,CARD,0.02468,0.105,2025-12-07,949
M00949,LDEBIT,0.01207,0.053,2025-12-07,949
M00949,WALLET,0.01974,0.053,2025-12-07,949
M00950,CARD,0.02253,0.105,2025-12-08,950
M00950,LDEBIT,0.01101,0.053,2025-12-08,950
M00951,CARD,0.02165,0.1,2025-12-10,951
M00951,TOKEN,0.02213,0.1,2025-12-10,951
M00952,CARD,0.02384,0.105,2025-12-10,952
M00952,LDEBIT,0.01166,0.053,2025-12-10,952
M00953,CARD,0.02466,0.105,2025-12-10,953
M00953,LDEBIT,0.01206,0.053,2025-12-10,953
M00953,TOKEN,0.02521,0.105,2025-12-10,953
M00953,WALLET,0.01973,0.053,2025-12-10,953
M00954,CARD,0.01607,0.07,2025-12-11,954
M00954,LDEBIT,0.00786,0.035,2025-12-11,954
M00955,CARD,0.02141,0.1,2025-12-11,955
M00955,TOKEN,0.02188,0.1,2025-12-11,955
M00955,LDEBIT,0.01047,0.05,2025-12-11,955
M00956,CARD,0.02199,0.1,2025-12-13,956
M00956,TOKEN,0.02248,0.1,2025-12-13,956
M00956,LDEBIT,0.01075,0.05,2025-12-13,956
M00956,BNPL,0.04398,0.0,2025-12-13,956
M00957,CARD,0.023,0.1,2025-12-13,957
M00957,TOKEN,0.02351,0.1,2025-12-13,957
M00957,LDEBIT,0.01125,0.05,2025-12-13,957
M00957,WALLET,0.0184,0.05,2025-12-13,957
M00958,BANKTR,0.00207,0.42,2025-12-14,958
M00958,CARD,0.01551,0.07,2025-12-14,958
M00959,CARD,0.02237,0.1,2025-12-14,959
M00959,TOKEN,0.02287,0.1,2025-12-14,959
M00959,LDEBIT,0.01094,0.05,2025-12-14,959
M00960,CARD,0.02229,0.1,2025-12-15,960
M00960,TOKEN,0.02279,0.1,2025-12-15,960
M00960,LDEBIT,0.0109,0.05,2025-12-15,960
M00960,BNPL,0.04458,0.0,2025-12-15,960
M00961,CARD,0.02415,0.105,2025-12-16,961
M00961,LDEBIT,0.01181,0.053,2025-12-16,961
M00961,TOKEN,0.02469,0.105,2025-12-16,961
M00961,WALLET,0.01932,0.053,2025-12-16,961
M00962,CARD,0.02436,0.105,2025-12-22,962
M00962,LDEBIT,0.01191,0.053,2025-12-22,962
M00963,CARD,0.02361,0.105,2025-12-23,963
M00963,LDEBIT,0.01154,0.053,2025-12-23,963
M00964,CARD,0.02378,0.105,2025-12-24,964
M00964,LDEBIT,0.01162,0.053,2025-12-24,964
M00964,TOKEN,0.02431,0.105,2025-12-24,964
M00965,BANKTR,0.00197,0.42,2025-12-27,965
M00965,CARD,0.01476,0.07,2025-12-27,965
M00966,CARD,0.02171,0.1,2025-12-27,966
M00966,TOKEN,0.02219,0.1,2025-12-27,966
M00966,BNPL,0.04342,0.0,2025-12-27,966
M00967,CARD,0.02355,0.1,2025-12-30,967
M00967,TOKEN,0.02407,0.1,2025-12-30,967
M00967,LDEBIT,0.01151,0.05,2025-12-30,967
M00967,BNPL,0.04709,0.0,2025-12-30,967
M00968,CARD,0.01532,0.07,2025-12-30,968
M00968,LDEBIT,0.00749,0.035,2025-12-30,968
M00969,CARD,0.02367,0.105,2026-01-01,969
M00969,LDEBIT,0.01157,0.053,2026-01-01,969
M00969,TOKEN,0.02419,0.105,2026-01-01,969
M00970,CARD,0.02277,0.1,2026-01-03,970
M00970,TOKEN,0.02328,0.1,2026-01-03,970
M00971,CARD,0.02348,0.105,2026-01-04,971
M00971,TOKEN,0.024,0.105,2026-01-04,971
M00971,LDEBIT,0.01148,0.053,2026-01-04,971
M00972,CARD,0.02293,0.1,2026-01-05,972
M00972,TOKEN,0.02344,0.1,2026-01-05,972
M00972,LDEBIT,0.01121,0.05,2026-01-05,972
M00972,WALLET,0.01834,0.05,2026-01-05,972
M00973,CARD,0.02244,0.105,2026-01-06,973
M00973,LDEBIT,0.01097,0.053,2026-01-06,973
M00974,CARD,0.02176,0.1,2026-01-07,974
M00974,TOKEN,0.02225,0.1,2026-01-07,974
M00974,LDEBIT,0.01064,0.05,2026-01-07,974
M00974,BNPL,0.04353,0.0,2026-01-07,974
M00975,CARD,0.02212,0.105,2026-01-07,975
M00975,TOKEN,0.02261,0.105,2026-01-07,975
M00976,CARD,0.0154,0.072,2026-01-07,976
M00976,TOKEN,0.01574,0.072,2026-01-07,976
M00976,LDEBIT,0.00753,0.036,2026-01-07,976
M00976,WALLET,0.01232,0.036,2026-01-07,976
M00977,BANKTR,0.00216,0.42,2026-01-07,977
M00977,CARD,0.01619,0.07,2026-01-07,977
M00978,BANKTR,0.00211,0.42,2026-01-08,978
M00978,CARD,0.01583,0.07,2026-01-08,978
M00979,CARD,0.02244,0.1,2026-01-08,979
M00979,TOKEN,0.02294,0.1,2026-01-08,979
M00979,BNPL,0.04489,0.0,2026-01-08,979
M00980,CARD,0.02256,0.1,2026-01-08,980
M00980,TOKEN,0.02306,0.1,2026-01-08,980
M00980,LDEBIT,0.01103,0.05,2026-01-08,980
M00980,WALLET,0.01805,0.05,2026-01-08,980
M00981,BANKTR,0.00209,0.42,2026-01-09,981
M00981,CARD,0.01568,0.07,2026-01-09,981
M00982,CARD,0.02383,0.105,2026-01-10,982
M00982,LDEBIT,0.01165,0.053,2026-01-10,982
M00982,WALLET,0.01906,0.053,2026-01-10,982
M00983,CARD,0.02312,0.1,2026-01-11,983
M00983,TOKEN,0.02364,0.1,2026-01-11,983
M00984,BANKTR,0.00215,0.42,2026-01-12,984
M00984,CARD,0.01614,0.07,2026-01-12,984
M00985,CARD,0.0237,0.105,2026-01-16,985
M00985,TOKEN,0.02423,0.105,2026-01-16,985
M00985,LDEBIT,0.01159,0.053,2026-01-16,985
M00985,WALLET,0.01896,0.053,2026-01-16,985
M00985,BNPL,0.0474,0.0,2026-01-16,985
M00986,CARD,0.0238,0.105,2026-01-16,986
M00986,TOKEN,0.02433,0.105,2026-01-16,986
M00986,LDEBIT,0.01163,0.053,2026-01-16,986
M00986,WALLET,0.01904,0.053,2026-01-16,986
M00986,BNPL,0.0476,0.0,2026-01-16,986
M00987,CARD,0.02074,0.1,2026-01-16,987
M00987,TOKEN,0.0212,0.1,2026-01-16,987
M00987,LDEBIT,0.01014,0.05,2026-01-16,987
M00988,CARD,0.02321,0.1,2026-01-18,988
M00988,TOKEN,0.02373,0.1,2026-01-18,988
M00989,CARD,0.0226,0.105,2026-01-24,989
M00989,LDEBIT,0.01105,0.053,2026-01-24,989
M00990,CARD,0.02166,0.1,2026-01-29,990
M00990,TOKEN,0.02215,0.1,2026-01-29,990
M00991,CARD,0.02445,0.105,2026-01-30,991
M00991,TOKEN,0.025,0.105,2026-01-30,991
M00991,LDEBIT,0.01195,0.053,2026-01-30,991
M00992,BANKTR,0.00203,0.42,2026-01-30,992
M00992,CARD,0.01519,0.07,2026-01-30,992
M00993,CARD,0.02303,0.105,2026-01-31,993
M00993,TOKEN,0.02354,0.105,2026-01-31,993
M00993,LDEBIT,0.01126,0.053,2026-01-31,993
M00994,CARD,0.02282,0.105,2026-02-01,994
M00994,LDEBIT,0.01116,0.053,2026-02-01,994
M00994,TOKEN,0.02332,0.105,2026-02-01,994
M00995,CARD,0.02188,0.1,2026-02-03,995
M00995,TOKEN,0.02237,0.1,2026-02-03,995
M00995,LDEBIT,0.0107,0.05,2026-02-03,995
M00996,CARD,0.02257,0.1,2026-02-04,996
M00996,TOKEN,0.02307,0.1,2026-02-04,996
M00996,LDEBIT,0.01103,0.05,2026-02-04,996
M00996,WALLET,0.01805,0.05,2026-02-04,996
M00996,BNPL,0.04514,0.0,2026-02-04,996
M00997,BANKTR,0.00206,0.42,2026-02-04,997
M00997,CARD,0.01544,0.07,2026-02-04,997
M00998,CARD,0.02319,0.1,2026-02-05,998
M00998,TOKEN,0.02371,0.1,2026-02-05,998
M00998,LDEBIT,0.01134,0.05,2026-02-05,998
M00998,WALLET,0.01855,0.05,2026-02-05,998
M00999,CARD,0.02357,0.105,2026-02-08,999
M00999,TOKEN,0.02409,0.105,2026-02-08,999
M00999,LDEBIT,0.01152,0.053,2026-02-08,999
M01000,BANKTR,0.00222,0.42,2026-02-09,1000
M01000,CARD,0.01663,0.07,2026-02-09,1000
M01001,CARD,0.02121,0.1,2026-02-11,1001
M01001,TOKEN,0.02168,0.1,2026-02-11,1001
M01002,CARD,0.02459,0.105,2026-02-11,1002
M01002,LDEBIT,0.01202,0.053,2026-02-11,1002
M01002,TOKEN,0.02514,0.105,2026-02-11,1002
M01003,CARD,0.02367,0.105,2026-02-12,1003
M01003,LDEBIT,0.01157,0.053,2026-02-12,1003
M01003,TOKEN,0.0242,0.105,2026-02-12,1003
M01004,CARD,0.02264,0.105,2026-02-13,1004
M01004,LDEBIT,0.01107,0.053,2026-02-13,1004
M01004,WALLET,0.01811,0.053,2026-02-13,1004
M01005,BANKTR,0.0022,0.42,2026-02-13,1005
M01005,CARD,0.01653,0.07,2026-02-13,1005
M01006,CARD,0.02196,0.1,2026-02-15,1006
M01006,TOKEN,0.02244,0.1,2026-02-15,1006
M01006,LDEBIT,0.01073,0.05,2026-02-15,1006
M01007,CARD,0.02339,0.1,2026-02-18,1007
M01007,TOKEN,0.02391,0.1,2026-02-18,1007
M01007,LDEBIT,0.01144,0.05,2026-02-18,1007
M01007,WALLET,0.01871,0.05,2026-02-18,1007
M01007,BNPL,0.04678,0.0,2026-02-18,1007
M01008,CARD,0.02488,0.105,2026-02-19,1008
M01008,LDEBIT,0.01216,0.053,2026-02-19,1008
M01008,TOKEN,0.02543,0.105,2026-02-19,1008
M01009,BANKTR,0.00216,0.42,2026-02-20,1009
M01009,CARD,0.01623,0.07,2026-02-20,1009
M01010,CARD,0.02282,0.1,2026-02-20,1010
M01010,TOKEN,0.02332,0.1,2026-02-20,1010
M01011,CARD,0.02474,0.105,2026-02-22,1011
M01011,LDEBIT,0.0121,0.053,2026-02-22,1011
M01011,TOKEN,0.02529,0.105,2026-02-22,1011
M01012,CARD,0.02214,0.1,2026-02-22,1012
M01012,TOKEN,0.02264,0.1,2026-02-22,1012
M01013,BANKTR,0.00211,0.42,2026-02-22,1013
M01013,CARD,0.01584,0.07,2026-02-22,1013
M01014,BANKTR,0.0022,0.42,2026-02-26,1014
M01014,CARD,0.01654,0.07,2026-02-26,1014
M01015,CARD,0.02346,0.1,2026-02-26,1015
M01015,TOKEN,0.02398,0.1,2026-02-26,1015
M01015,BNPL,0.04692,0.0,2026-02-26,1015
M01016,CARD,0.02336,0.1,2026-02-28,1016
M01016,TOKEN,0.02388,0.1,2026-02-28,1016
M01016,LDEBIT,0.01142,0.05,2026-02-28,1016
M01017,BANKTR,0.00204,0.42,2026-03-01,1017
M01017,CARD,0.01529,0.07,2026-03-01,1017
M01018,CARD,0.02462,0.105,2026-03-02,1018
M01018,LDEBIT,0.01204,0.053,2026-03-02,1018
M01018,WALLET,0.0197,0.053,2026-03-02,1018
M01019,CARD,0.02314,0.105,2026-03-02,1019
M01019,LDEBIT,0.01131,0.053,2026-03-02,1019
M01019,TOKEN,0.02365,0.105,2026-03-02,1019
M01020,CARD,0.02152,0.1,2026-03-03,1020
M01020,TOKEN,0.022,0.1,2026-03-03,1020
M01021,CARD,0.02247,0.1,2026-03-03,1021
M01021,TOKEN,0.02297,0.1,2026-03-03,1021
M01021,LDEBIT,0.01099,0.05,2026-03-03,1021
M01021,WALLET,0.01798,0.05,2026-03-03,1021
M01022,CARD,0.02372,0.105,2026-03-03,1022
M01022,LDEBIT,0.0116,0.053,2026-03-03,1022
M01022,WALLET,0.01897,0.053,2026-03-03,1022
M01023,CARD,0.02196,0.1,2026-03-04,1023
M01023,TOKEN,0.02244,0.1,2026-03-04,1023
M01024,CARD,0.02221,0.105,2026-03-05,1024
M01024,LDEBIT,0.01086,0.053,2026-03-05,1024
M01024,TOKEN,0.02271,0.105,2026-03-05,1024
M01024,WALLET,0.01777,0.053,2026-03-05,1024
M01025,CARD,0.02385,0.105,2026-03-07,1025
M01025,LDEBIT,0.01166,0.053,2026-03-07,1025
M01026,CARD,0.02169,0.105,2026-03-07,1026
M01026,TOKEN,0.02217,0.105,2026-03-07,1026
M01026,LDEBIT,0.0106,0.053,2026-03-07,1026
M01026,WALLET,0.01735,0.053,2026-03-07,1026
M01027,BANKTR,0.00205,0.42,2026-03-08,1027
M01027,CARD,0.01534,0.07,2026-03-08,1027
M01028,CARD,0.02248,0.105,2026-03-08,1028
M01028,LDEBIT,0.01099,0.053,2026-03-08,1028
M01028,TOKEN,0.02298,0.105,2026-03-08,1028
M01029,CARD,0.02375,0.105,2026-03-08,1029
M01029,LDEBIT,0.01161,0.053,2026-03-08,1029
M01029,TOKEN,0.02428,0.105,2026-03-08,1029
M01029,WALLET,0.019,0.053,2026-03-08,1029
M01030,BANKTR,0.00233,0.42,2026-03-08,1030
M01030,CARD,0.01744,0.07,2026-03-08,1030
M01031,CARD,0.02369,0.1,2026-03-11,1031
M01031,TOKEN,0.02422,0.1,2026-03-11,1031
M01031,LDEBIT,0.01158,0.05,2026-03-11,1031
M01031,WALLET,0.01895,0.05,2026-03-11,1031
M01032,CARD,0.02508,0.105,2026-03-12,1032
M01032,LDEBIT,0.01226,0.053,2026-03-12,1032
M01032,TOKEN,0.02564,0.105,2026-03-12,1032
M01033,CARD,0.02234,0.105,2026-03-13,1033
M01033,LDEBIT,0.01092,0.053,2026-03-13,1033
M01033,WALLET,0.01787,0.053,2026-03-13,1033
M01034,CARD,0.02405,0.105,2026-03-13,1034
M01034,LDEBIT,0.01176,0.053,2026-03-13,1034
M01034,TOKEN,0.02458,0.105,2026-03-13,1034
M01035,CARD,0.01801,0.072,2026-03-13,1035
M01035,TOKEN,0.01841,0.072,2026-03-13,1035
M01035,LDEBIT,0.00881,0.036,2026-03-13,1035
M01035,WALLET,0.01441,0.036,2026-03-13,1035
M01036,CARD,0.02354,0.105,2026-03-14,1036
M01036,LDEBIT,0.01151,0.053,2026-03-14,1036
M01036,TOKEN,0.02406,0.105,2026-03-14,1036
M01036,WALLET,0.01883,0.053,2026-03-14,1036
M01037,CARD,0.02427,0.105,2026-03-15,1037
M01037,LDEBIT,0.01186,0.053,2026-03-15,1037
M01038,CARD,0.02299,0.105,2026-03-16,1038
M01038,LDEBIT,0.01124,0.053,2026-03-16,1038
M01038,TOKEN,0.0235,0.105,2026-03-16,1038
M01038,WALLET,0.01839,0.053,2026-03-16,1038
M01039,CARD,0.02292,0.105,2026-03-16,1039
M01039,LDEBIT,0.01121,0.053,2026-03-16,1039
M01039,TOKEN,0.02343,0.105,2026-03-16,1039
M01040,CARD,0.02208,0.105,2026-03-17,1040
M01040,TOKEN,0.02257,0.105,2026-03-17,1040
M01040,LDEBIT,0.01079,0.053,2026-03-17,1040
M01040,WALLET,0.01766,0.053,2026-03-17,1040
M01040,BNPL,0.04415,0.0,2026-03-17,1040
M01041,CARD,0.02274,0.1,2026-03-17,1041
M01041,TOKEN,0.02325,0.1,2026-03-17,1041
M01041,LDEBIT,0.01112,0.05,2026-03-17,1041
M01042,CARD,0.02327,0.105,2026-03-17,1042
M01042,LDEBIT,0.01138,0.053,2026-03-17,1042
M01042,TOKEN,0.02379,0.105,2026-03-17,1042
M01043,CARD,0.01592,0.07,2026-03-18,1043
M01043,LDEBIT,0.00778,0.035,2026-03-18,1043
M01044,CARD,0.02207,0.1,2026-03-19,1044
M01044,TOKEN,0.02256,0.1,2026-03-19,1044
M01044,BNPL,0.04413,0.0,2026-03-19,1044
M01045,BANKTR,0.00205,0.42,2026-03-20,1045
M01045,CARD,0.01541,0.07,2026-03-20,1045
M01046,CARD,0.02333,0.1,2026-03-20,1046
M01046,TOKEN,0.02385,0.1,2026-03-20,1046
M01047,CARD,0.02198,0.1,2026-03-20,1047
M01047,TOKEN,0.02247,0.1,2026-03-20,1047
M01048,CARD,0.02368,0.105,2026-03-21,1048
M01048,LDEBIT,0.01158,0.053,2026-03-21,1048
M01048,TOKEN,0.02421,0.105,2026-03-21,1048
M01049,CARD,0.02399,0.105,2026-03-21,1049
M01049,LDEBIT,0.01173,0.053,2026-03-21,1049
M01050,CARD,0.0244,0.105,2026-03-22,1050
M01050,TOKEN,0.02495,0.105,2026-03-22,1050
M01050,LDEBIT,0.01193,0.053,2026-03-22,1050
M01050,WALLET,0.01952,0.053,2026-03-22,1050
M01050,BNPL,0.04881,0.0,2026-03-22,1050
M01051,CARD,0.01532,0.072,2026-03-24,1051
M01051,TOKEN,0.01566,0.072,2026-03-24,1051
M01051,LDEBIT,0.00749,0.036,2026-03-24,1051
M01051,WALLET,0.01226,0.036,2026-03-24,1051
M01051,BNPL,0.03064,0.0,2026-03-24,1051
M01052,BANKTR,0.00206,0.42,2026-03-25,1052
M01052,CARD,0.01545,0.07,2026-03-25,1052
M01053,CARD,0.02223,0.105,2026-03-26,1053
M01053,LDEBIT,0.01087,0.053,2026-03-26,1053
M01053,TOKEN,0.02273,0.105,2026-03-26,1053
M01053,WALLET,0.01779,0.053,2026-03-26,1053
M01054,CARD,0.02275,0.105,2026-03-27,1054
M01054,LDEBIT,0.01112,0.053,2026-03-27,1054
M01054,WALLET,0.0182,0.053,2026-03-27,1054
M01055,CARD,0.02326,0.105,2026-03-28,1055
M01055,LDEBIT,0.01137,0.053,2026-03-28,1055
M01055,TOKEN,0.02377,0.105,2026-03-28,1055
M01055,WALLET,0.0186,0.053,2026-03-28,1055
M01056,CARD,0.02388,0.105,2026-03-30,1056
M01056,TOKEN,0.02441,0.105,2026-03-30,1056
M01056,LDEBIT,0.01167,0.053,2026-03-30,1056
M01056,BNPL,0.04776,0.0,2026-03-30,1056
M01057,CARD,0.02366,0.1,2026-03-30,1143
M01057,TOKEN,0.02419,0.1,2026-03-30,1143
M01057,LDEBIT,0.01157,0.05,2026-03-30,1143
M01058,CARD,0.02458,0.105,2026-03-30,1057
M01058,LDEBIT,0.01202,0.053,2026-03-30,1057
M01058,TOKEN,0.02512,0.105,2026-03-30,1057
M01059,CARD,0.02376,0.105,2026-04-01,1058
M01059,LDEBIT,0.01162,0.053,2026-04-01,1058
M01060,CARD,0.02327,0.105,2026-04-01,1059
M01060,LDEBIT,0.01138,0.053,2026-04-01,1059
M01061,CARD,0.02407,0.105,2026-04-02,1060
M01061,LDEBIT,0.01177,0.053,2026-04-02,1060
M01061,WALLET,0.01926,0.053,2026-04-02,1060
M01062,CARD,0.02064,0.105,2026-04-02,1061
M01062,LDEBIT,0.01009,0.053,2026-04-02,1061
M01063,CARD,0.02393,0.105,2026-04-04,1062
M01063,LDEBIT,0.0117,0.053,2026-04-04,1062
M01063,WALLET,0.01914,0.053,2026-04-04,1062
M01064,CARD,0.02342,0.105,2026-04-04,1063
M01064,LDEBIT,0.01145,0.053,2026-04-04,1063
M01064,TOKEN,0.02394,0.105,2026-04-04,1063
M01065,CARD,0.02438,0.105,2026-04-04,1064
M01065,LDEBIT,0.01192,0.053,2026-04-04,1064
M01065,WALLET,0.01951,0.053,2026-04-04,1064
M01066,CARD,0.02027,0.1,2026-04-05,1065
M01066,TOKEN,0.02072,0.1,2026-04-05,1065
M01066,LDEBIT,0.00991,0.05,2026-04-05,1065
M01066,BNPL,0.04054,0.0,2026-04-05,1065
M01067,BANKTR,0.00211,0.42,2026-04-08,1066
M01067,CARD,0.01581,0.07,2026-04-08,1066
M01068,CARD,0.02455,0.105,2026-04-09,1067
M01068,LDEBIT,0.012,0.053,2026-04-09,1067
M01068,WALLET,0.01964,0.053,2026-04-09,1067
M01069,CARD,0.02371,0.1,2026-04-10,1068
M01069,TOKEN,0.02424,0.1,2026-04-10,1068
M01070,CARD,0.02303,0.1,2026-04-11,1069
M01070,TOKEN,0.02354,0.1,2026-04-11,1069
M01070,LDEBIT,0.01126,0.05,2026-04-11,1069
M01070,WALLET,0.01842,0.05,2026-04-11,1069
M01071,CARD,0.02338,0.105,2026-04-12,1070
M01071,LDEBIT,0.01143,0.053,2026-04-12,1070
M01071,TOKEN,0.0239,0.105,2026-04-12,1070
M01072,CARD,0.02339,0.105,2026-04-12,1071
M01072,LDEBIT,0.01144,0.053,2026-04-12,1071
M01072,TOKEN,0.02391,0.105,2026-04-12,1071
M01073,CARD,0.0229,0.105,2026-04-15,1072
M01073,LDEBIT,0.01119,0.053,2026-04-15,1072
M01073,TOKEN,0.0234,0.105,2026-04-15,1072
M01074,CARD,0.01368,0.072,2026-04-17,1073
M01074,LDEBIT,0.00669,0.036,2026-04-17,1073
M01074,TOKEN,0.01398,0.072,2026-04-17,1073
M01075,CARD,0.02304,0.105,2026-04-17,1074
M01075,LDEBIT,0.01127,0.053,2026-04-17,1074
M01075,TOKEN,0.02355,0.105,2026-04-17,1074
M01076,BANKTR,0.00199,0.42,2026-04-18,1075
M01076,CARD,0.01495,0.07,2026-04-18,1075
M01077,CARD,0.02355,0.1,2026-04-21,1076
M01077,TOKEN,0.02408,0.1,2026-04-21,1076
M01077,LDEBIT,0.01151,0.05,2026-04-21,1076
M01078,CARD,0.02214,0.1,2026-04-22,1077
M01078,TOKEN,0.02263,0.1,2026-04-22,1077
M01079,CARD,0.02396,0.105,2026-04-22,1078
M01079,LDEBIT,0.01171,0.053,2026-04-22,1078
M01079,TOKEN,0.02449,0.105,2026-04-22,1078
M01080,CARD,0.02264,0.1,2026-04-26,1079
M01080,TOKEN,0.02314,0.1,2026-04-26,1079
M01080,LDEBIT,0.01107,0.05,2026-04-26,1079
M01080,WALLET,0.01811,0.05,2026-04-26,1079
M01081,CARD,0.02393,0.105,2026-04-26,1080
M01081,TOKEN,0.02447,0.105,2026-04-26,1080
M01081,BNPL,0.04787,0.0,2026-04-26,1080
M01082,CARD,0.0235,0.105,2026-04-26,1081
M01082,LDEBIT,0.01149,0.053,2026-04-26,1081
M01082,TOKEN,0.02403,0.105,2026-04-26,1081
M01082,WALLET,0.0188,0.053,2026-04-26,1081
M01083,CARD,0.02316,0.105,2026-04-27,1082
M01083,LDEBIT,0.01132,0.053,2026-04-27,1082
M01083,TOKEN,0.02368,0.105,2026-04-27,1082
M01084,BANKTR,0.00202,0.42,2026-04-27,1083
M01084,CARD,0.01516,0.07,2026-04-27,1083
M01085,BANKTR,0.00206,0.42,2026-04-27,1084
M01085,CARD,0.01545,0.07,2026-04-27,1084
M01086,CARD,0.0222,0.1,2026-04-28,1085
M01086,TOKEN,0.0227,0.1,2026-04-28,1085
M01086,LDEBIT,0.01086,0.05,2026-04-28,1085
M01086,WALLET,0.01776,0.05,2026-04-28,1085
M01087,CARD,0.02193,0.1,2026-04-29,1086
M01087,TOKEN,0.02242,0.1,2026-04-29,1086
M01087,LDEBIT,0.01072,0.05,2026-04-29,1086
M01088,CARD,0.01437,0.072,2026-04-30,1087
M01088,LDEBIT,0.00703,0.036,2026-04-30,1087
M01089,CARD,0.02136,0.1,2026-04-30,1088
M01089,TOKEN,0.02183,0.1,2026-04-30,1088
M01089,LDEBIT,0.01044,0.05,2026-04-30,1088
M01089,WALLET,0.01709,0.05,2026-04-30,1088
M01090,CARD,0.02256,0.105,2026-05-01,1089
M01090,LDEBIT,0.01103,0.053,2026-05-01,1089
M01090,TOKEN,0.02306,0.105,2026-05-01,1089
M01090,WALLET,0.01805,0.053,2026-05-01,1089
M01091,CARD,0.02174,0.1,2026-05-03,1090
M01091,TOKEN,0.02222,0.1,2026-05-03,1090
M01091,LDEBIT,0.01063,0.05,2026-05-03,1090
M01091,BNPL,0.04348,0.0,2026-05-03,1090
M01092,CARD,0.0246,0.105,2026-05-04,1091
M01092,LDEBIT,0.01203,0.053,2026-05-04,1091
M01092,TOKEN,0.02514,0.105,2026-05-04,1091
M01093,CARD,0.02412,0.105,2026-05-04,1092
M01093,LDEBIT,0.01179,0.053,2026-05-04,1092
M01093,TOKEN,0.02466,0.105,2026-05-04,1092
M01093,WALLET,0.0193,0.053,2026-05-04,1092
M01094,CARD,0.02266,0.1,2026-05-04,1093
M01094,TOKEN,0.02316,0.1,2026-05-04,1093
M01095,CARD,0.02149,0.1,2026-05-07,1094
M01095,TOKEN,0.02197,0.1,2026-05-07,1094
M01096,BANKTR,0.00225,0.42,2026-05-08,1095
M01096,CARD,0.01687,0.07,2026-05-08,1095
M01097,CARD,0.02147,0.105,2026-05-08,1096
M01097,LDEBIT,0.0105,0.053,2026-05-08,1096
M01098,CARD,0.01341,0.072,2026-05-09,1097
M01098,LDEBIT,0.00656,0.036,2026-05-09,1097
M01098,TOKEN,0.01371,0.072,2026-05-09,1097
M01098,WALLET,0.01073,0.036,2026-05-09,1097
M01099,CARD,0.02291,0.1,2026-05-12,1098
M01099,TOKEN,0.02342,0.1,2026-05-12,1098
M01099,LDEBIT,0.0112,0.05,2026-05-12,1098
M01099,WALLET,0.01833,0.05,2026-05-12,1098
M01099,BNPL,0.04582,0.0,2026-05-12,1098
M01100,CARD,0.02385,0.105,2026-05-12,1099
M01100,LDEBIT,0.01166,0.053,2026-05-12,1099
M01100,TOKEN,0.02438,0.105,2026-05-12,1099
M01100,WALLET,0.01908,0.053,2026-05-12,1099
M01101,CARD,0.02195,0.1,2026-05-13,1100
M01101,TOKEN,0.02243,0.1,2026-05-13,1100
M01101,LDEBIT,0.01073,0.05,2026-05-13,1100
M01102,CARD,0.02331,0.105,2026-05-14,1101
M01102,LDEBIT,0.01139,0.053,2026-05-14,1101
M01102,TOKEN,0.02382,0.105,2026-05-14,1101
M01103,CARD,0.0157,0.07,2026-05-16,1102
M01103,LDEBIT,0.00767,0.035,2026-05-16,1102
M01103,WALLET,0.01256,0.035,2026-05-16,1102
M01104,CARD,0.02063,0.1,2026-05-17,1103
M01104,TOKEN,0.02109,0.1,2026-05-17,1103
M01105,CARD,0.01698,0.072,2026-05-17,1104
M01105,TOKEN,0.01736,0.072,2026-05-17,1104
M01106,CARD,0.0238,0.105,2026-05-22,1105
M01106,LDEBIT,0.01163,0.053,2026-05-22,1105
M01106,TOKEN,0.02433,0.105,2026-05-22,1105
M01106,WALLET,0.01904,0.053,2026-05-22,1105
M01107,BANKTR,0.0022,0.42,2026-05-24,1106
M01107,CARD,0.01651,0.07,2026-05-24,1106
M01108,CARD,0.02269,0.1,2026-05-24,1107
M01108,TOKEN,0.02319,0.1,2026-05-24,1107
M01108,LDEBIT,0.01109,0.05,2026-05-24,1107
M01108,WALLET,0.01815,0.05,2026-05-24,1107
M01109,CARD,0.02101,0.1,2026-05-25,1108
M01109,TOKEN,0.02148,0.1,2026-05-25,1108
M01109,LDEBIT,0.01027,0.05,2026-05-25,1108
M01109,WALLET,0.01681,0.05,2026-05-25,1108
M01109,BNPL,0.04202,0.0,2026-05-25,1108
M01110,CARD,0.02368,0.1,2026-05-27,1109
M01110,TOKEN,0.02421,0.1,2026-05-27,1109
M01110,LDEBIT,0.01158,0.05,2026-05-27,1109
M01110,WALLET,0.01895,0.05,2026-05-27,1109
M01110,BNPL,0.04737,0.0,2026-05-27,1109
M01111,CARD,0.02186,0.105,2026-05-27,1110
M01111,LDEBIT,0.01069,0.053,2026-05-27,1110
M01111,TOKEN,0.02234,0.105,2026-05-27,1110
M01112,CARD,0.02113,0.1,2026-05-27,1111
M01112,TOKEN,0.0216,0.1,2026-05-27,1111
M01113,CARD,0.02097,0.1,2026-05-29,1112
M01113,TOKEN,0.02144,0.1,2026-05-29,1112
M01113,LDEBIT,0.01025,0.05,2026-05-29,1112
M01113,WALLET,0.01678,0.05,2026-05-29,1112
M01114,CARD,0.02338,0.1,2026-05-29,1113
M01114,TOKEN,0.0239,0.1,2026-05-29,1113
M01114,LDEBIT,0.01143,0.05,2026-05-29,1113
M01114,WALLET,0.0187,0.05,2026-05-29,1113
M01115,BANKTR,0.0022,0.42,2026-06-02,1114
M01115,CARD,0.0165,0.07,2026-06-02,1114
M01116,BANKTR,0.00234,0.42,2026-06-04,1115
M01116,CARD,0.01752,0.07,2026-06-04,1115
M01117,CARD,0.02395,0.105,2026-06-05,1116
M01117,LDEBIT,0.01171,0.053,2026-06-05,1116
M01117,WALLET,0.01916,0.053,2026-06-05,1116
M01118,CARD,0.02278,0.1,2026-06-05,1117
M01118,TOKEN,0.02329,0.1,2026-06-05,1117
M01118,LDEBIT,0.01114,0.05,2026-06-05,1117
M01118,WALLET,0.01823,0.05,2026-06-05,1117
M01118,BNPL,0.04557,0.0,2026-06-05,1117
M01119,CARD,0.02351,0.105,2026-06-05,1118
M01119,LDEBIT,0.01149,0.053,2026-06-05,1118
M01119,TOKEN,0.02403,0.105,2026-06-05,1118
M01120,CARD,0.01378,0.072,2026-06-06,1119
M01120,TOKEN,0.01409,0.072,2026-06-06,1119
M01121,CARD,0.02451,0.105,2026-06-07,1120
M01121,LDEBIT,0.01198,0.053,2026-06-07,1120
M01122,BANKTR,0.00209,0.42,2026-06-07,1121
M01122,CARD,0.01565,0.07,2026-06-07,1121
M01123,CARD,0.02265,0.1,2026-06-08,1122
M01123,TOKEN,0.02315,0.1,2026-06-08,1122
M01123,LDEBIT,0.01107,0.05,2026-06-08,1122
M01123,WALLET,0.01812,0.05,2026-06-08,1122
M01123,BNPL,0.04529,0.0,2026-06-08,1122
M01124,CARD,0.02431,0.105,2026-06-09,1123
M01124,LDEBIT,0.01189,0.053,2026-06-09,1123
M01125,CARD,0.02392,0.105,2026-06-10,1124
M01125,TOKEN,0.02446,0.105,2026-06-10,1124
M01125,LDEBIT,0.0117,0.053,2026-06-10,1124
M01125,WALLET,0.01914,0.053,2026-06-10,1124
M01125,BNPL,0.04785,0.0,2026-06-10,1124
M01126,CARD,0.02409,0.105,2026-06-10,1125
M01126,LDEBIT,0.01178,0.053,2026-06-10,1125
M01126,WALLET,0.01927,0.053,2026-06-10,1125
M01127,CARD,0.02309,0.105,2026-06-12,1126
M01127,TOKEN,0.0236,0.105,2026-06-12,1126
M01127,LDEBIT,0.01129,0.053,2026-06-12,1126
M01128,CARD,0.02546,0.105,2026-06-12,1127
M01128,LDEBIT,0.01245,0.053,2026-06-12,1127
M01128,TOKEN,0.02602,0.105,2026-06-12,1127
M01129,CARD,0.02623,0.105,2026-06-13,1128
M01129,TOKEN,0.02681,0.105,2026-06-13,1128
M01129,LDEBIT,0.01282,0.053,2026-06-13,1128
M01130,CARD,0.01767,0.072,2026-06-14,1129
M01130,TOKEN,0.01807,0.072,2026-06-14,1129
M01130,LDEBIT,0.00864,0.036,2026-06-14,1129
M01130,BNPL,0.03535,0.0,2026-06-14,1129
M01131,BANKTR,0.00218,0.42,2026-06-14,1130
M01131,CARD,0.01638,0.07,2026-06-14,1130
M01132,CARD,0.02138,0.1,2026-06-14,1131
M01132,TOKEN,0.02185,0.1,2026-06-14,1131
M01132,LDEBIT,0.01045,0.05,2026-06-14,1131
M01132,WALLET,0.0171,0.05,2026-06-14,1131
M01133,CARD,0.01607,0.072,2026-06-18,1132
M01133,LDEBIT,0.00786,0.036,2026-06-18,1132
M01133,TOKEN,0.01643,0.072,2026-06-18,1132
M01134,CARD,0.02326,0.1,2026-06-20,1133
M01134,TOKEN,0.02377,0.1,2026-06-20,1133
M01134,LDEBIT,0.01137,0.05,2026-06-20,1133
M01134,BNPL,0.04651,0.0,2026-06-20,1133
M01135,CARD,0.02199,0.1,2026-06-21,1134
M01135,TOKEN,0.02248,0.1,2026-06-21,1134
M01135,LDEBIT,0.01075,0.05,2026-06-21,1134
M01135,WALLET,0.01759,0.05,2026-06-21,1134
M01135,BNPL,0.04397,0.0,2026-06-21,1134
M01136,CARD,0.02335,0.1,2026-06-22,1135
M01136,TOKEN,0.02387,0.1,2026-06-22,1135
M01136,LDEBIT,0.01141,0.05,2026-06-22,1135
M01137,BANKTR,0.00206,0.42,2026-06-24,1136
M01137,CARD,0.01547,0.07,2026-06-24,1136
M01138,CARD,0.02445,0.105,2026-06-25,1137
M01138,LDEBIT,0.01195,0.053,2026-06-25,1137
M01138,TOKEN,0.02499,0.105,2026-06-25,1137
M01138,WALLET,0.01956,0.053,2026-06-25,1137
M01139,CARD,0.02339,0.1,2026-06-25,1138
M01139,TOKEN,0.02391,0.1,2026-06-25,1138
M01139,LDEBIT,0.01144,0.05,2026-06-25,1138
M01139,WALLET,0.01871,0.05,2026-06-25,1138
M01140,CARD,0.02414,0.105,2026-06-25,1139
M01140,LDEBIT,0.0118,0.053,2026-06-25,1139
M01140,TOKEN,0.02467,0.105,2026-06-25,1139
M01141,CARD,0.02359,0.105,2026-06-27,1140
M01141,LDEBIT,0.01153,0.053,2026-06-27,1140
M01141,TOKEN,0.02411,0.105,2026-06-27,1140
M01141,WALLET,0.01887,0.053,2026-06-27,1140
M01142,CARD,0.02143,0.1,2026-06-29,1141
M01142,TOKEN,0.02191,0.1,2026-06-29,1141
M01142,LDEBIT,0.01048,0.05,2026-06-29,1141
M01142,WALLET,0.01715,0.05,2026-06-29,1141
M01142,BNPL,0.04287,0.0,2026-06-29,1141
M01143,CARD,0.023,0.1,2026-06-30,1142
M01143,TOKEN,0.02352,0.1,2026-06-30,1142
M01143,LDEBIT,0.01125,0.05,2026-06-30,1142
