dimension_value,month_key,fiscal_year,gmv,refunds,revenue,cogs,gp,success_txn,failed_txn,active_merchants,dimension_name,date_key,gp_margin,take_rate,success_rate,gmv_yoy,gmv_rank
AE,202407,2025,22863396.881100003,364695.2697,445353.39019999997,326932.2063,118421.18389999999,564254,42443,94,country,20240701,0.2659038563663324,0.019478881135469014,0.9300425088635678,,2.0
AE,202408,2025,22052294.5313,503104.9335,437597.97170000005,321616.3874,115981.5843,562145,42078,97,country,20240801,0.26504141198239467,0.019843648064780464,0.9303601484882237,,2.0
AE,202409,2025,22330981.7016,512653.4867,440569.7733,323596.001,116973.77230000001,575461,43265,100,country,20240901,0.2655056687703092,0.019729082186674914,0.9300740553977043,,2.0
AE,202410,2025,22919797.2353,530421.5518,447879.7374,329240.6677,118639.06970000001,580995,44259,103,country,20241001,0.2648904600791168,0.019541173632644383,0.9292143672811369,,2.0
AE,202411,2025,25061234.934100002,547169.4054,489962.3934,358136.582,131825.8114,624981,47510,106,country,20241101,0.26905291748050314,0.019550608527009346,0.9293522143790772,,2.0
AE,202412,2025,24455031.0323,626319.2897,478793.1361,351597.2966,127195.8395,614601,46900,110,country,20241201,0.2656592793624219,0.01957851271861459,0.9291006362802172,,2.0
AE,202501,2025,21871623.932,527234.6453,425720.94269999996,311724.6148,113996.3279,568260,43691,112,country,20250101,0.2677724219462037,0.019464532858812323,0.9286037607586228,,2.0
AE,202502,2025,24863490.2792,498326.141,476616.1966,350010.3349,126605.86170000001,617620,47782,117,country,20250201,0.2656348286171524,0.019169319803773562,0.928190777905687,,2.0
AE,202503,2025,29153924.066600002,625148.2668,555339.364,409946.2317,145393.1323,732773,56542,120,country,20250301,0.26180951995328033,0.019048528861204683,0.9283657348460373,,2.0
AE,202504,2025,27510601.4956,614144.1954,510944.21150000003,377352.6369,133591.5746,662960,51209,119,country,20250401,0.2614601977930422,0.01857262959451176,0.9282956835146863,,2.0
AE,202505,2025,28158184.8877,638140.0086000001,519083.4772,383353.06100000005,135730.4162,678734,53697,127,country,20250501,0.26148090270980406,0.018434550354371207,0.9266866093870958,,2.0
AE,202506,2025,30164083.9832,656595.2589,550912.2769,407530.0945,143382.1824,699482,55322,132,country,20250601,0.2602631823832568,0.018263849059922812,0.9267068007058786,,2.0
AE,202507,2026,30477776.9801,683578.8104,562593.9818,415254.38049999997,147339.6013,712422,56753,141,country,20250701,0.2618933121690923,0.018459154096682875,0.9262157506419215,0.3330380056208714,2.0
AE,202508,2026,30462840.4773,683700.9071000001,567044.9650000001,417458.4512,149586.51380000002,723747,57055,141,country,20250801,0.2638000917616824,0.01861431685671417,0.9269276974188079,0.3813909674597562,2.0
AE,202509,2026,30883866.1458,690392.5586,569422.0131,418299.81680000003,151122.1963,719441,56562,143,country,20250901,0.26539577470367387,0.018437523670508382,0.9271111065292273,0.3830053044012476,2.0
AE,202510,2026,30193262.5462,656216.6062,558003.329,410269.10589999997,147734.2231,704075,92307,144,country,20251001,0.26475509270662434,0.01848105444538083,0.8840920563247285,0.3173442258772581,2.0
AE,202511,2026,33019785.1145,729978.8834,617245.4909,452212.2642,165033.2267,754300,60012,150,country,20251101,0.26737048570313016,0.01869320132640562,0.9263034316085235,0.31756416638395824,2.0
AE,202512,2026,32258364.3048,789590.3973000001,591658.3176000001,433673.57420000003,157984.7434,712866,58179,152,country,20251201,0.2670202356671813,0.018341237392249368,0.92454526000428,0.31908907668910436,2.0
AE,202601,2026,27930656.2793,672135.6139,516463.33629999997,377826.4754,138636.8609,647252,52322,154,country,20260101,0.26843504883272,0.01849091303603782,0.9252087699085444,0.2770270907243944,2.0
AE,202602,2026,31310899.676400002,657674.8317,579102.7646,423105.7244,155997.0402,719238,58974,155,country,20260201,0.26937712913139145,0.018495245125022316,0.924218593391004,0.25931232199502174,2.0
AE,202603,2026,32544934.33,775371.598,600975.0217,439720.37069999997,161254.65099999998,731447,58008,158,country,20260301,0.2683217191687153,0.018466008122991352,0.9265214610079106,0.11631402536596726,3.0
AE,202604,2026,30291996.5482,777374.8739,557820.9932,407635.40400000004,150185.5892,669102,55021,159,country,20260401,0.2692361725908597,0.018414797859639485,0.9240170523516033,0.10110266229710942,3.0
AE,202605,2026,29730652.8693,766124.853,552697.9661,403543.35370000004,149154.61239999998,655907,54927,167,country,20260501,0.26986640362091247,0.018590172524287827,0.9227287946271563,0.05584408184942644,3.0
AE,202606,2026,30001396.9982,985909.8265,561274.4042,410020.07409999997,151254.33010000002,658271,55233,169,country,20260601,0.2694837479994959,0.01870827562575419,0.9225890814907836,-0.00539340047888106,3.0
EG,202407,2025,17004154.6028,167302.3384,328582.9623,250885.0255,77697.9368,1201871,128242,176,country,20240701,0.23646368106286925,0.019323687062095616,0.9035856352054299,,3.0
EG,202408,2025,17234082.1134,261290.6062,335952.82769999997,256853.7272,79099.1005,1239560,131903,182,country,20240801,0.23544704487689005,0.019493514391392325,0.9038231436064991,,3.0
EG,202409,2025,18866800.1194,255081.431,361979.8904,278829.5454,83150.345,1370394,141511,184,country,20240901,0.2297098463346018,0.01918607756000924,0.9064021879681594,,3.0
EG,202410,2025,18743762.111700002,274356.3662,359238.7256,277918.9497,81319.77590000001,1417868,145852,190,country,20241001,0.22636695351866598,0.01916577491003049,0.9067275471312,,3.0
EG,202411,2025,20019990.5298,306509.4054,388295.904,299866.2606,88429.6434,1510132,152174,194,country,20241101,0.22773777031652645,0.019395408974945155,0.9084560844994845,,3.0
EG,202412,2025,20789665.1756,318185.8171,398591.9743,307832.0758,90759.8985,1536436,155426,200,country,20241201,0.22770126934791118,0.019172601912214128,0.9081331692537571,,3.0
EG,202501,2025,20114296.8262,310245.2512,384149.4422,296399.4331,87750.0091,1510939,157244,202,country,20250101,0.2284267513118362,0.019098328195078826,0.9057393583317898,,3.0
EG,202502,2025,21040409.8424,289238.3709,404644.9902,311940.913,92704.0772,1583963,164410,206,country,20250201,0.22909977744733734,0.019231801720162867,0.90596400196068,,3.0
EG,202503,2025,25061492.2284,380462.2846,479417.33,372075.7533,107341.5767,1901010,196665,213,country,20250301,0.22390007616120178,0.019129640231746386,0.9062462011512746,,3.0
EG,202504,2025,22393039.9538,350709.3998,427183.5352,329078.538,98104.9972,1646018,171617,215,country,20250401,0.2296553802198133,0.01907662095371329,0.9055822538628493,,3.0
EG,202505,2025,22356747.5953,338708.7313,427867.4042,328901.0951,98966.3091,1665779,173728,215,country,20250501,0.23130135207434435,0.019138177517822378,0.9055573042124874,,3.0
EG,202506,2025,23394593.7054,348681.1363,444087.1881,341940.1474,102147.0407,1712668,178853,223,country,20250601,0.2300157343809667,0.01898247063797029,0.905444877429328,,3.0
EG,202507,2026,24015707.3437,374454.3544,457385.6382,351063.9581,106321.6801,1760033,185044,233,country,20250701,0.23245522207129066,0.01904527031638671,0.9048654629096946,0.41234350690656724,3.0
EG,202508,2026,24001316.1625,388624.1238,461980.51420000003,353143.10599999997,108837.4082,1785914,187336,237,country,20250801,0.23558874206733804,0.019248132522074142,0.9050622070188775,0.39266576569449435,3.0
EG,202509,2026,25745861.4166,372288.3736,488680.4365,373187.2937,115493.1428,1849266,190547,242,country,20250901,0.23633674314277567,0.018980931676456418,0.9065860448972528,0.3646119773181108,3.0
EG,202510,2026,25919666.9247,412988.20910000004,494635.8261,378615.2768,116020.5493,1894513,199832,247,country,20251001,0.23455751318050352,0.019083417527585574,0.9045849657052683,0.38284229015693394,3.0
EG,202511,2026,28457164.1128,494682.1014,539504.135,411258.6914,128245.4436,2002453,211772,261,country,20251101,0.23770984368822307,0.018958464478803484,0.9043584098273663,0.421437441263579,3.0
EG,202512,2026,28419557.0564,510290.9294,537675.5661,410620.1428,127055.4233,2018308,209258,269,country,20251201,0.23630499749428727,0.018919209931138496,0.9060597980037404,0.3670040770909048,3.0
EG,202601,2026,27589182.7186,451936.6425,524569.9435,399991.69299999997,124578.2505,1987567,215472,272,country,20260101,0.23748644397884758,0.01901360938634644,0.9021932884529053,0.3716205421938261,3.0
EG,202602,2026,30941537.5444,481784.9861,582975.6871,445243.6711,137732.016,2213145,243823,277,country,20260201,0.23625687837025408,0.018841199674174264,0.9007626472953657,0.4705767509360747,3.0
EG,202603,2026,33616360.1958,550323.1072,630084.6852000001,483347.914,146736.7712,2351237,267365,284,country,20260301,0.23288420532459558,0.01874339403582195,0.8978978095945852,0.3413550912864444,2.0
EG,202604,2026,32118266.4479,530098.1616999999,598885.2209,458548.5749,140336.646,2178615,259026,290,country,20260401,0.23432978658097992,0.018646249848866207,0.8937390698630356,0.4342968401862594,2.0
EG,202605,2026,32243887.522200003,492767.641,598448.3467999999,458804.5833,139643.7635,2200343,268375,298,country,20260501,0.2333430516546629,0.018560055650484658,0.8912897301352362,0.4422441092897855,2.0
EG,202606,2026,33825159.6362,731326.3893,623292.5188,480216.70769999997,143075.8111,2266916,284413,306,country,20260601,0.22954841713078492,0.018426890678527545,0.8885235890784764,0.4458536900511502,2.0
OM,202407,2025,3020329.1276,33650.5071,46604.4737,36425.623,10178.850699999999,69118,7345,43,country,20240701,0.21840930477024137,0.015430263302805227,0.9039404679387416,,4.0
OM,202408,2025,3086987.6975,57303.3549,48698.7524,37351.9111,11346.8413,71262,7532,43,country,20240801,0.23300065691210603,0.01577549286621347,0.9044089651496307,,4.0
OM,202409,2025,3097407.8792,55879.8958,49509.7247,37808.6587,11701.066,73496,7669,44,country,20240901,0.2363387409423426,0.015984244449196466,0.9055134602353231,,4.0
OM,202410,2025,3329029.8586,62369.128,52265.4862,40063.3281,12202.1581,76153,7849,44,country,20241001,0.23346493043816746,0.01569991511640568,0.9065617485297969,,4.0
OM,202411,2025,3473969.2323,74110.7412,56914.5906,42722.934,14191.6566,83197,8611,44,country,20241101,0.24935006033408944,0.016383159088118562,0.9062064308121297,,4.0
OM,202412,2025,3433768.8432,70796.0208,56118.3095,42449.1002,13669.2093,82654,8599,44,country,20241201,0.24357842247546677,0.016343065611749856,0.9057674816170427,,4.0
OM,202501,2025,3146511.5736,70989.85710000001,51973.029200000004,39705.5634,12267.4658,77097,8011,45,country,20250101,0.23603522805632424,0.016517666623592428,0.90587253842177,,4.0
OM,202502,2025,3377540.3649,58996.6968,53682.7302,40551.7046,13131.025599999999,80275,8494,46,country,20250201,0.244604280577369,0.01589403068513421,0.9043134427559171,,4.0
OM,202503,2025,3589688.5296,64749.8828,58605.3846,43922.4428,14682.9418,87022,9346,47,country,20250301,0.2505391253758618,0.016326036121727366,0.9030175992030549,,4.0
OM,202504,2025,3449419.6856,63269.4925,54599.7925,41170.9489,13428.8436,81648,8776,47,country,20250401,0.24595045118532272,0.015828689309083824,0.9029461204989826,,4.0
OM,202505,2025,3402573.4965,68504.1341,55884.9939,42385.4078,13499.5861,82665,8583,48,country,20250501,0.24156012478333652,0.01642433115919029,0.9059376643871646,,4.0
OM,202506,2025,3461891.8091,62865.485700000005,56709.5439,43339.5019,13370.042,87695,9377,51,country,20250601,0.2357635255112676,0.01638108497525316,0.903401598813252,,4.0
OM,202507,2026,3988081.69,77136.6191,61991.442200000005,48854.765699999996,13136.6765,97755,10264,51,country,20250701,0.2119111289203076,0.015544175625951133,0.9049796795008286,0.3204129488924246,4.0
OM,202508,2026,3914776.4624,75348.8168,64584.9926,50892.9962,13691.9964,104183,10858,53,country,20250801,0.21199965888050595,0.01649774724567681,0.9056162585512991,0.26815421570043374,4.0
OM,202509,2026,4469155.6303,70920.5984,72459.6635,58080.7935,14378.869999999999,125809,12798,54,country,20250901,0.19843964635579628,0.016213278188107316,0.9076670009451182,0.4428695879259842,4.0
OM,202510,2026,4640347.961,81805.1758,74749.0735,60220.2743,14528.7992,133327,13929,55,country,20251001,0.19436761580730497,0.016108506113815545,0.9054096267724235,0.3939039774643132,4.0
OM,202511,2026,4970018.7517,88473.0045,83263.4871,66980.5362,16282.9509,146349,15256,55,country,20251101,0.1955593197825605,0.01675315351104453,0.9055969802914514,0.43064558703921374,4.0
OM,202512,2026,4959833.1864,98752.35429999999,80660.1303,64764.4626,15895.6677,141725,14944,57,country,20251201,0.1970697002456987,0.016262669986799618,0.9046141865972209,0.4444283855106068,4.0
OM,202601,2026,4853184.083099999,79189.519,78510.5589,62996.9703,15513.588600000001,136458,14260,61,country,20260101,0.19759875381552022,0.016177123627639307,0.9053862179699836,0.5424014720998959,4.0
OM,202602,2026,5432094.4323,97433.7847,89244.55069999999,70284.5092,18960.0415,152573,15872,62,country,20260201,0.21245041127200162,0.016429123575124042,0.9057733978449939,0.6082988937012542,4.0
OM,202603,2026,5483550.9464,117397.42480000001,92758.6729,72881.4386,19877.2343,158864,16573,65,country,20260301,0.2142897658899128,0.016915803975687854,0.9055330403506672,0.5275840511463632,4.0
OM,202604,2026,5760241.0644000005,101145.3055,93060.3128,72913.45420000001,20146.8586,160934,16230,68,country,20260401,0.216492487439823,0.016155628168956392,0.9083899663588539,0.6699159828091638,4.0
OM,202605,2026,5916781.0399,103553.368,96711.9928,75880.5014,20831.4914,162278,16198,67,country,20260501,0.2153971890857366,0.016345372956649843,0.9092426992985051,0.7389135153101609,4.0
OM,202606,2026,5869241.065,150114.4585,95924.5537,75611.9676,20312.5861,165262,16334,70,country,20260601,0.21175585724929988,0.016343604332769043,0.9100530848697108,0.6953854680183801,4.0
SA,202407,2025,24619376.5749,288474.8268,387022.8264,288488.2651,98534.5613,499933,42045,141,country,20240701,0.25459625267208785,0.015720252916338197,0.9224230503821188,,1.0
SA,202408,2025,28926166.144,502294.6778,449729.1904,338475.84599999996,111253.3444,524764,43485,142,country,20240801,0.24737852639951743,0.015547486941793871,0.9234754482629974,,1.0
SA,202409,2025,30148501.5667,494766.63649999996,466991.7087,351710.1784,115281.5303,541277,44613,146,country,20240901,0.24685990811468125,0.015489715389895449,0.9238543071224974,,1.0
SA,202410,2025,27251818.9775,486645.7234,424653.0437,317317.0564,107335.9873,532664,44859,151,country,20241001,0.2527616106663973,0.015582557775339971,0.9223251714650326,,1.0
SA,202411,2025,29141245.6519,517543.4413,470662.7059,349038.5564,121624.1495,585812,48795,155,country,20241101,0.2584104242281755,0.01615108398323779,0.9231098932094982,,1.0
SA,202412,2025,28745532.6378,561843.4744000001,466787.0106,349410.5902,117376.4204,592240,49741,162,country,20241201,0.2514560554054972,0.016238593192257678,0.9225195138173872,,1.0
SA,202501,2025,31364723.5262,526026.624,496101.4693,380010.32899999997,116091.1403,625849,53371,167,country,20250101,0.23400684634900354,0.015817179733326515,0.921423102971055,,1.0
SA,202502,2025,31865981.6645,524860.9345,512668.4792,391850.2553,120818.2239,663283,58202,172,country,20250201,0.23566540328075625,0.01608826881900624,0.9193302702065878,,1.0
SA,202503,2025,34519779.2531,607615.6573,565099.2884,428788.1529,136311.1355,745172,66294,177,country,20250301,0.2412162575641283,0.016370304232152702,0.9183034162860798,,1.0
SA,202504,2025,33591485.7329,590117.308,547299.6135,417988.345,129311.26849999999,708742,61702,181,country,20250401,0.2362714412916354,0.016292807583796944,0.9199137120932864,,1.0
SA,202505,2025,33705881.139299996,624441.2632,547894.6806,417196.1368,130698.5438,699154,61997,185,country,20250501,0.23854683833920765,0.016255165629275658,0.9185483563708121,,1.0
SA,202506,2025,33180606.5752,636853.8328,547975.8119,415037.5711,132938.2408,716324,63440,195,country,20250601,0.2425987386907871,0.016514942566166663,0.9186420506717418,,1.0
SA,202507,2026,34450260.9758,670596.0106,565909.137,428477.7004,137431.43660000002,733582,64964,200,country,20250701,0.24285071156219912,0.01642684615357572,0.918647141179093,0.39931492054607115,1.0
SA,202508,2026,39270024.8544,738486.8404,637960.0003,485394.0095,152565.9908,768746,66846,208,country,20250801,0.2391466404292683,0.016245469735895007,0.920001627588584,0.35759521876858097,1.0
SA,202509,2026,41080852.7515,731591.9795,660549.2471,504660.4611,155888.786,801735,69515,211,country,20250901,0.2359987339087832,0.016079248673236977,0.9202123385939742,0.36261673438772624,1.0
SA,202510,2026,38106055.0083,781843.6707,619090.5726,474027.5739,145062.9987,798963,106360,218,country,20251001,0.23431627797331445,0.01624651443097833,0.8825170684937862,0.3982940015769815,1.0
SA,202511,2026,41208930.4478,798145.4993,676103.4726,516156.0077,159947.4649,871129,77189,221,country,20251101,0.2365724646922927,0.016406722165634238,0.9186043078376662,0.41411012212901727,1.0
SA,202512,2026,38107507.6842,781125.7631,616243.9915,470369.1376,145874.8539,831336,73179,227,country,20251201,0.23671606686975705,0.016171196411134098,0.9190958690568979,0.3256845216389945,1.0
SA,202601,2026,37272191.2552,668787.1623,605865.9985,463248.732,142617.2665,816930,71279,232,country,20260101,0.2353940753451937,0.01625517518816319,0.9197497435851246,0.18834751481438353,1.0
SA,202602,2026,37655601.8567,643492.8389,620256.0421,471524.4428,148731.5993,871001,78786,235,country,20260201,0.23979064967499494,0.016471813263280476,0.9170487698820894,0.18168654752757463,1.0
SA,202603,2026,39039200.2569,720563.9115,644362.8914,488290.9078,156071.9836,906252,82047,242,country,20260301,0.24221131552269276,0.0165055351328851,0.9169816017217461,0.1309226507696783,1.0
SA,202604,2026,38110510.3936,672755.5208,625637.2685,474083.7942,151553.4743,870382,78343,248,country,20260401,0.2422385652685906,0.016416397000158383,0.9174228569922791,0.13452887129294197,1.0
SA,202605,2026,37963230.5573,699761.982,627772.4209,474721.821,153050.5999,917216,83367,252,country,20260501,0.24379949613042964,0.01653632769614979,0.9166815746419837,0.1263088005444863,1.0
SA,202606,2026,37917225.7887,904011.2804,622194.0806999999,471604.563,150589.5177,938464,85550,253,country,20260601,0.24202981412259522,0.016409272243894612,0.9164562203251128,0.14275264084654396,1.0
GW-ATLAS,202407,2025,11819777.9428,144196.8502,267952.7754,237404.5471,30548.2283,650949,80318,258,gateway,20240701,0.11400601562867783,0.022669865432050948,0.8901659722098768,,3.0
GW-ATLAS,202408,2025,12003088.0164,227130.6555,273875.4661,241830.3268,32045.139300000003,665998,82151,262,gateway,20240801,0.11700624286039325,0.022817083880897968,0.8901943329470466,,3.0
GW-ATLAS,202409,2025,12223182.9989,211505.873,279005.8639,245682.5857,33323.2782,688053,83143,264,gateway,20240901,0.11943576286964197,0.02282595817514215,0.8921895341780819,,3.0
GW-ATLAS,202410,2025,12195255.703,219627.3131,277897.0536,246067.2155,31829.8381,687711,84201,270,gateway,20241001,0.11453823524813364,0.022787308472067384,0.8909189130367192,,3.0
GW-ATLAS,202411,2025,13131488.692,249380.9612,302180.6516,264746.1446,37434.507,735119,89579,278,gateway,20241101,0.12388121741676726,0.02301191119207187,0.8913796323017638,,3.0
GW-ATLAS,202412,2025,13626809.2288,254044.2242,311072.9246,274667.7328,36405.1918,758202,91120,290,gateway,20241201,0.11703105259582594,0.022828009064847943,0.8927144239758301,,3.0
GW-ATLAS,202501,2025,14045693.8972,248238.3806,316155.9499,282793.4838,33362.4661,763349,95757,295,gateway,20250101,0.10552534630631664,0.022509101523494366,0.8885387833398906,,3.0
GW-ATLAS,202502,2025,15040978.1787,232724.634,337292.4452,302689.16229999997,34603.2829,809231,100977,300,gateway,20250201,0.10259133696125844,0.022424900906887188,0.8890616210800169,,3.0
GW-ATLAS,202503,2025,17206567.0365,282561.1431,388025.7005,348571.7841,39453.9164,949774,118225,310,gateway,20250301,0.10167861651730979,0.022551023668863617,0.8893023308074258,,3.0
GW-ATLAS,202504,2025,16197553.0845,279241.9673,361703.2745,325215.4112,36487.8633,836474,103634,310,gateway,20250401,0.10087789044884635,0.022330735550799116,0.8897637292736579,,3.0
GW-ATLAS,202505,2025,16080624.7405,301233.18929999997,360939.2509,323738.6269,37200.624,838496,103927,316,gateway,20250501,0.10306616392437358,0.02244559877023641,0.8897236166774368,,3.0
GW-ATLAS,202506,2025,17067353.261800002,311637.2098,381090.4222,342899.64139999996,38190.7808,868138,108091,328,gateway,20250601,0.1002144860517043,0.02232861864135391,0.8892770036538558,,3.0
GW-ATLAS,202507,2026,17561308.2027,353131.722,391827.6911,352367.928,39459.7631,890613,112051,336,gateway,20250701,0.10070692806121583,0.02231198761375634,0.8882467107625286,0.4857561865954888,3.0
GW-ATLAS,202508,2026,17635685.260700002,373446.2123,397875.8624,355589.7166,42286.1458,907402,113524,348,gateway,20250801,0.10627974651422332,0.02256083937303196,0.8888029102990814,0.46926234620658447,3.0
GW-ATLAS,202509,2026,18454195.7594,318592.3441,414677.0038,370661.8573,44015.1465,953815,115626,355,gateway,20250901,0.10614320566767826,0.022470608267432968,0.8918818335934381,0.5097700624346986,3.0
GW-ATLAS,202510,2026,18285590.9422,350654.6438,412826.8448,370025.7195,42801.1253,971899,122634,359,gateway,20251001,0.10367815426522378,0.022576620362170882,0.8879576951996879,0.499402012349917,3.0
GW-ATLAS,202511,2026,20411900.949,404771.8529,460902.2333,410304.3562,50597.8771,1037612,130507,372,gateway,20251101,0.10978006493421778,0.022580073970160045,0.8882759376399151,0.5544239825173358,3.0
GW-ATLAS,202512,2026,18527163.6194,370544.7087,418565.2887,374405.75399999996,44159.534700000004,1014113,123305,383,gateway,20251201,0.10550214241881545,0.02259197885323988,0.8915921851069704,0.35961128598198855,4.0
GW-ATLAS,202601,2026,17884330.3457,287867.272,406127.7939,363117.6162,43010.1777,1012298,127934,390,gateway,20260101,0.10590306387794357,0.022708582655858116,0.8878000266612409,0.273296319611894,4.0
GW-ATLAS,202602,2026,19576038.4294,302304.9989,446017.1543,397686.5042,48330.6501,1114235,139552,396,gateway,20260201,0.10836051850035311,0.022783831157082084,0.8886956077866496,0.30151365136093616,4.0
GW-ATLAS,202603,2026,21222234.4243,365076.381,480127.7548,428765.8498,51361.905,1186187,149023,407,gateway,20260301,0.10697549659755683,0.02262380789886297,0.8883898412983725,0.23337992867965082,3.0
GW-ATLAS,202604,2026,20504675.5622,351466.813,462197.1768,412411.3817,49785.7951,1115010,138978,415,gateway,20260401,0.10771548940365575,0.022541062666314615,0.8891711882410358,0.26591192232743066,3.0
GW-ATLAS,202605,2026,20582960.736500002,337533.1289,464279.2996,414354.3914,49924.9082,1123957,140883,430,gateway,20260501,0.10753205719706396,0.022556487647410615,0.8886159514246861,0.2799851416630975,3.0
GW-ATLAS,202606,2026,21390026.6014,501745.8419,481080.053,430806.349,50273.704,1163917,142802,437,gateway,20260601,0.10450174287313467,0.0224908580977881,0.8907171319924176,0.2532714518351809,3.0
GW-NILE,202407,2025,10614496.9866,111526.2012,177568.2966,115364.429,62203.8676,671200,63795,173,gateway,20240701,0.35030953605487253,0.016728847049857054,0.9132034911802122,,4.0
GW-NILE,202408,2025,10672587.447900001,179915.6433,180512.0895,117548.6463,62963.4432,694687,65956,179,gateway,20240801,0.34880457798922104,0.016913620092709438,0.9132891514153157,,4.0
GW-NILE,202409,2025,11866512.5785,167418.1046,197938.8814,131763.9414,66174.94,806565,74566,181,gateway,20240901,0.33432006653746804,0.01668045940966935,0.9153746718705845,,4.0
GW-NILE,202410,2025,11977767.821899999,180333.3551,199481.9391,134299.3359,65182.6032,856026,78172,187,gateway,20241001,0.326759422402266,0.01665435013152198,0.9163218075825468,,4.0
GW-NILE,202411,2025,12662316.4298,192786.9003,215207.627,144714.4951,70493.1319,912630,80961,191,gateway,20241101,0.32755870636499324,0.016995912887907444,0.9185167740045954,,4.0
GW-NILE,202412,2025,13167502.0429,210115.8807,219684.0238,147778.5777,71905.4461,924037,83666,197,gateway,20241201,0.3273130419600408,0.016683804041515603,0.9169735527233719,,4.0
GW-NILE,202501,2025,12749498.6788,194310.0244,209999.4465,140890.8544,69108.5921,910123,83158,199,gateway,20250101,0.3290894011951598,0.016471192459448565,0.9162794818384727,,4.0
GW-NILE,202502,2025,13319790.0943,184797.2717,221779.1752,148924.319,72854.8562,954960,87887,203,gateway,20250201,0.32850179073080077,0.016650350615878474,0.9157239748496184,,4.0
GW-NILE,202503,2025,15940448.1186,255874.8179,263967.0288,179008.5973,84958.4315,1150646,105806,210,gateway,20250301,0.3218524369737499,0.0165595739113502,0.915789859063458,,4.0
GW-NILE,202504,2025,14391674.3254,235724.0504,237888.5714,160656.1187,77232.4527,1003567,94132,212,gateway,20250401,0.3246581046137637,0.016529596627971786,0.9142460729216297,,4.0
GW-NILE,202505,2025,14542026.1115,230622.9226,240995.8261,162790.5646,78205.2615,1016349,95691,212,gateway,20250501,0.3245087799468739,0.01657236923192001,0.9139500377684256,,4.0
GW-NILE,202506,2025,15211477.549,243781.1375,249817.4284,168800.2212,81017.2072,1043210,98083,219,gateway,20250601,0.32430566481645845,0.016422956126074875,0.914059755032231,,4.0
GW-NILE,202507,2026,15676370.6921,256395.4772,258562.7239,174304.8986,84257.8253,1074196,100974,229,gateway,20250701,0.3258699631141997,0.01649378730437275,0.9140771122475897,0.4768830507833044,4.0
GW-NILE,202508,2026,15641328.3157,267239.2421,260580.2187,174840.0979,85740.1208,1086287,102409,233,gateway,20250801,0.32903541653217594,0.016659724381492734,0.91384761116383,0.4655610358833534,4.0
GW-NILE,202509,2026,16769407.1262,258402.987,274985.2118,184009.3807,90975.8311,1123182,105373,238,gateway,20250901,0.3308389949571826,0.016398028250526022,0.9142301321471159,0.4131706358768934,4.0
GW-NILE,202510,2026,17003727.7596,286636.49820000003,280681.6934,188904.3185,91777.3749,1152885,108008,242,gateway,20251001,0.3269802664657858,0.016507068177537255,0.9143400748517122,0.4196073936673408,4.0
GW-NILE,202511,2026,18894207.0653,346468.8492,310389.6032,208945.2434,101444.3598,1224530,116223,255,gateway,20251101,0.32682911654948116,0.01642776551179242,0.9133151296323783,0.4921603934042921,4.0
GW-NILE,202512,2026,18907959.7584,349990.2057,309427.1553,208678.8378,100748.3175,1232818,117253,264,gateway,20251201,0.32559623735131177,0.016364915054493633,0.9131504935666347,0.43595647046778263,3.0
GW-NILE,202601,2026,18357215.789,324272.9338,301184.4096,202457.08,98727.3296,1202869,118735,267,gateway,20260101,0.3277969458350078,0.01640686763514953,0.9101584135641236,0.43983824395578563,3.0
GW-NILE,202602,2026,20636882.5671,337739.8783,334990.2791,225186.3531,109803.92599999999,1342763,138458,272,gateway,20260201,0.3277824248960423,0.016232600927528297,0.9065244146552067,0.5493399236021923,2.0
GW-NILE,202603,2026,22038400.3798,380298.6291,356397.3062,239620.4961,116776.8101,1419497,153617,278,gateway,20260301,0.32765907056117927,0.016171650394675077,0.9023484629848822,0.3825458491398775,2.0
GW-NILE,202604,2026,20938028.8757,362345.3294,336333.0685,225372.1131,110960.9554,1307313,153973,285,gateway,20260401,0.329913903187905,0.01606326318951338,0.8946318516703781,0.4548709484584624,2.0
GW-NILE,202605,2026,21052687.741,334597.0183,335369.2148,224891.2051,110478.0097,1321140,161877,293,gateway,20260501,0.3294220364438769,0.015929995206591614,0.8908461602260797,0.44771351526808867,2.0
GW-NILE,202606,2026,22037604.262000002,499029.0414,347830.6448,234255.403,113575.2418,1351912,176690,301,gateway,20260601,0.3265245414627136,0.015783505351340443,0.8844107230004933,0.44874843295211314,2.0
GW-NIMBUS,202407,2025,29007234.8432,395757.1041,445693.2113,312598.0149,133095.1964,534904,40164,253,gateway,20240701,0.2986251372592984,0.015364898230017998,0.9301578248137612,,1.0
GW-NIMBUS,202408,2025,30827302.775200002,594363.2061,473532.5414,334227.5971,139304.9443,551050,40337,258,gateway,20240801,0.29418241012147683,0.015360816509089735,0.9317925487033025,,1.0
GW-NIMBUS,202409,2025,31654012.0339,605133.1442,483470.0293,341243.4472,142226.5821,565405,42086,265,gateway,20240901,0.2941786946047619,0.015273578236535251,0.9307216073982989,,1.0
GW-NIMBUS,202410,2025,31149769.1853,627602.8254,475760.2593,334604.6727,141155.5866,574166,42550,272,gateway,20241001,0.2966947823840654,0.015273315717681714,0.9310055195584354,,1.0
GW-NIMBUS,202411,2025,33674238.149,675739.9635000001,529821.3824,372400.6076,157420.77479999998,643574,48228,279,gateway,20241101,0.29712046366817224,0.015733730338773344,0.93028641142986,,1.0
GW-NIMBUS,202412,2025,32785133.1463,746079.8375,519641.4837,366209.7007,153431.783,636824,46891,290,gateway,20241201,0.2952646927022081,0.015849912256911017,0.931417330320382,,1.0
GW-NIMBUS,202501,2025,32332326.0085,661047.2624,493810.99179999996,348069.1987,145741.7931,607781,44585,297,gateway,20250101,0.2951367942798393,0.015272980721219366,0.9316564627831616,,1.0
GW-NIMBUS,202502,2025,34562060.8299,643429.5349,531569.2831,374796.8892,156772.3939,663451,50450,309,gateway,20250201,0.2949237265662463,0.01538013851998472,0.9293319381819047,,1.0
GW-NIMBUS,202503,2025,38600606.4955,755853.0802,600751.7805999999,423588.2383,177163.5423,766220,58734,318,gateway,20250301,0.2949030664928836,0.01556327309701817,0.9288033029720445,,1.0
GW-NIMBUS,202504,2025,37121642.3236,737229.3972,562347.0191,397074.8422,165272.1769,716649,53943,320,gateway,20250401,0.29389713341862717,0.015148764545433088,0.9299979755824094,,1.0
GW-NIMBUS,202505,2025,37829062.4985,780457.5989999999,570405.309,403297.16459999996,167108.1444,727420,56393,330,gateway,20250501,0.2929638658044117,0.015078494451788695,0.9280529922315655,,1.0
GW-NIMBUS,202506,2025,38622250.8908,780705.3908,584568.2879,412089.4493,172478.8386,753337,57873,346,gateway,20250601,0.29505336189140885,0.0151355313172399,0.9286584238359981,,1.0
GW-NIMBUS,202507,2026,40030732.4273,815345.818,604446.959,427802.6429,176644.3161,781165,61142,357,gateway,20250701,0.2922412189685613,0.015099572811907427,0.9274112645389389,0.3800257985184747,1.0
GW-NIMBUS,202508,2026,42379871.8606,843272.5941999999,641886.335,455733.5826,186152.7524,811175,61458,366,gateway,20250801,0.29000890383497574,0.015146018777766836,0.9295717672836118,0.37475121224987057,1.0
GW-NIMBUS,202509,2026,43913443.0092,861261.2882000001,654709.5012,465136.8189,189572.68230000001,837523,62930,372,gateway,20250901,0.28955236170016957,0.01490909061862529,0.9301129542574682,0.3872946962353685,1.0
GW-NIMBUS,202510,2026,42328997.5018,852130.0235,636512.0343,453192.1817,183319.85259999998,840378,63654,381,gateway,20251001,0.28800689181250877,0.01503725747988558,0.9295887756185621,0.3588863933468769,1.0
GW-NIMBUS,202511,2026,45791229.2183,887448.6158,701161.9153999999,499052.478,202109.4374,928896,71399,390,gateway,20251101,0.28824930869883353,0.015312144429610283,0.9286220564933345,0.3598297017347617,1.0
GW-NIMBUS,202512,2026,44814178.3944,994312.4563000001,676854.6251,483844.7396,193009.8855,904336,69583,399,gateway,20251201,0.28515707560022113,0.015103582155253347,0.9285536066141024,0.3669054871432649,1.0
GW-NIMBUS,202601,2026,41309202.7852,856012.9254,622081.1372,445588.593,176492.5442,843516,63867,408,gateway,20260101,0.2837130619237172,0.015059141674427939,0.9296140659456922,0.27764401405392325,1.0
GW-NIMBUS,202602,2026,44547447.6547,839760.4277,679497.042,486033.169,193463.873,935023,71352,413,gateway,20260201,0.2847162843131258,0.015253332744604714,0.9290999875791827,0.2889117889683692,1.0
GW-NIMBUS,202603,2026,46299923.4832,963756.7104,707884.8367,507034.396,200850.4407,970058,73121,425,gateway,20260301,0.28373321518839084,0.015289114612832074,0.9299056058452096,0.19946103667043613,1.0
GW-NIMBUS,202604,2026,45004776.8359,946768.6228,678131.3025,486277.7925,191853.51,933191,70802,434,gateway,20260401,0.2829149890186643,0.015067985004628649,0.9294795880050957,0.21235952988233806,1.0
GW-NIMBUS,202605,2026,44498616.0098,968826.0170999999,677429.2314,485291.7556,192137.47580000001,953286,72711,442,gateway,20260501,0.2836273766972259,0.015223602263288564,0.929131371729157,0.17630766058673716,1.0
GW-NIMBUS,202606,2026,45479140.8268,1232648.0822,691753.4525,497164.9576,194588.4949,984509,74590,446,gateway,20260601,0.2812974683346448,0.015210345664497749,0.9295722118517721,0.17753729463844758,1.0
GW-ORION,202407,2025,16065747.413800001,202642.7865,316349.3693,237364.1289,78985.2404,478123,35798,151,gateway,20240701,0.24967724947507897,0.019690921383979015,0.9303433796244949,,2.0
GW-ORION,202408,2025,17796552.2467,322584.0675,344058.6452,260691.3015,83367.3437,485996,36554,155,gateway,20240801,0.24230562104183972,0.019332882034147854,0.9300468854655057,,2.0
GW-ORION,202409,2025,18699983.6556,334324.3282,358636.3225,273254.4092,85381.9133,500605,37263,161,gateway,20240901,0.2380738033025085,0.019178429730477373,0.9307209203745157,,2.0
GW-ORION,202410,2025,16921615.4729,326229.2758,330897.7409,249568.7778,81328.96310000001,489777,37896,166,gateway,20241001,0.24578276925915396,0.01955473704209467,0.9281827950264653,,2.0
GW-ORION,202411,2025,18228397.0773,327425.1683,358625.9329,267903.0857,90722.8472,512799,38322,170,gateway,20241101,0.2529734714563917,0.01967402462099097,0.9304653606013924,,2.0
GW-ORION,202412,2025,17844553.2709,366904.6596,349891.9984,262633.0516,87258.9468,506868,38989,176,gateway,20241201,0.2493882317944428,0.019607775722275227,0.9285728679855713,,2.0
GW-ORION,202501,2025,17369637.2735,330900.7102,337978.4952,256086.4034,81892.0918,500892,38817,180,gateway,20250101,0.24229971126281288,0.01945800536178364,0.9280779086507729,,2.0
GW-ORION,202502,2025,18224593.048100002,310470.7026,356971.4927,267942.8373,89028.6554,517499,39574,187,gateway,20250201,0.24939990229085315,0.019587350551962857,0.9289608363715348,,2.0
GW-ORION,202503,2025,20577262.4271,383687.0503,405716.8571,303563.961,102152.8961,599337,46082,192,gateway,20250301,0.2517837115030732,0.019716755741311633,0.928601420162716,,2.0
GW-ORION,202504,2025,19233677.1344,366044.9808,378088.2877,282644.0967,95444.191,542678,41595,195,gateway,20250401,0.2524388988101416,0.01965761851246728,0.9288089643026461,,2.0
GW-ORION,202505,2025,19171673.7683,357480.4263,378390.1699,282009.3446,96380.8253,544067,41994,205,gateway,20250501,0.25471281488488795,0.019736939741049682,0.9283453428909277,,2.0
GW-ORION,202506,2025,19300094.3713,368871.9756,384208.6823,284058.003,100150.6793,551484,42945,213,gateway,20250601,0.2606674026741535,0.01990708827161661,0.9277541977258849,,2.0
GW-ORION,202507,2026,19663415.6675,380892.7773,393042.8252,289175.33520000003,103867.49,557818,42858,226,gateway,20250701,0.2642650707264456,0.01998853260522928,0.9286503872303871,0.22393407297127732,2.0
GW-ORION,202508,2026,21992072.5196,402202.6395,431228.056,320725.1658,110502.8902,577726,44704,233,gateway,20250801,0.25625162524212014,0.019608340942659064,0.9281782690423019,0.23574904929565624,2.0
GW-ORION,202509,2026,23042690.0494,426936.8908,446739.6434,334420.3082,112319.3352,581731,45493,235,gateway,20250901,0.251420121001959,0.019387477870086284,0.9274692932668392,0.2322304914154035,2.0
GW-ORION,202510,2026,21241016.2366,443432.4963,416458.2287,311010.0112,105448.2175,565716,118132,239,gateway,20251001,0.2532023867775722,0.01960632316557475,0.827254009662966,0.25525936165004637,2.0
GW-ORION,202511,2026,22558561.1942,472590.1707,443662.8337,328305.4219,115357.4118,583193,46100,245,gateway,20251101,0.2600114389523181,0.019667160058686257,0.9267431864012471,0.23755046033599936,2.0
GW-ORION,202512,2026,21495960.4596,464912.0734,421390.9364,312497.9858,108892.9506,552968,45419,250,gateway,20251201,0.2584131294571432,0.019603261607778436,0.9240976157570268,0.20462306527194116,2.0
GW-ORION,202601,2026,20094465.4163,403895.8065,396016.4965,292900.58150000003,103115.91500000001,529524,42797,254,gateway,20260101,0.26038287776226515,0.01970773983261898,0.925222034487639,0.15687305957489026,2.0
GW-ORION,202602,2026,20579764.8586,400581.1365,411074.5691,301252.3212,109822.2479,563936,48093,257,gateway,20260201,0.2671589442772951,0.01997469708349061,0.9214203902102678,0.12923041981151603,3.0
GW-ORION,202603,2026,21123487.441800002,454524.321,423771.3735,308819.8892,114951.4843,572058,48232,261,gateway,20260301,0.27125825737259246,0.020061619780710273,0.9222428219058827,0.026545076957400875,4.0
GW-ORION,202604,2026,19833533.1803,420793.0967,398742.2476,289119.94,109622.3076,523519,44867,267,gateway,20260401,0.2749202229254826,0.02010444856068598,0.9210624469990464,0.03118779844895815,4.0
GW-ORION,202605,2026,19720287.5014,421251.6797,398552.9808,288412.9073,110140.0735,537361,47396,275,gateway,20260501,0.27634989275182453,0.020210302754039747,0.9189475286315513,0.028615849598229822,4.0
GW-ORION,202606,2026,18706251.7979,537938.9892,382021.4071,275226.6028,106794.8043,528575,47448,276,gateway,20260601,0.27955188456767505,0.020422124711423295,0.9176282891481764,-0.03076889480307771,4.0
BANKTR,202407,2025,5446711.3663,23687.594,30834.5316,18424.172,12410.3596,46249,1389,34,method,20240701,0.4024825076311521,0.005661128252688406,0.9708426046433519,,4.0
BANKTR,202408,2025,4751869.2058999995,21220.8456,27069.5737,16308.4379,10761.1358,40798,1266,34,method,20240801,0.3975362124007147,0.005696615905671387,0.9699030049448459,,4.0
BANKTR,202409,2025,5083365.7274,22556.9881,29006.9274,17434.351300000002,11572.5761,43727,1286,35,method,20240901,0.39895904658967773,0.005706244436367996,0.9714304756403705,,4.0
BANKTR,202410,2025,5850673.9311999995,28753.2202,30437.7314,17768.184,12669.5474,43255,1282,37,method,20241001,0.4162447993742398,0.00520243167845744,0.971214944877293,,4.0
BANKTR,202411,2025,5489984.3625,32141.667100000002,31076.9467,18760.668,12316.278699999999,46444,1301,37,method,20241101,0.39631559750366335,0.00566066215275126,0.9727510734108283,,4.0
BANKTR,202412,2025,5127481.8209999995,36956.5267,30124.9142,18305.2144,11819.6998,46030,1360,39,method,20241201,0.39235629756582013,0.00587518693418299,0.9713019624393332,,4.0
BANKTR,202501,2025,5604818.3083,39437.7041,28870.1181,16963.2932,11906.8249,40677,1085,40,method,20250101,0.41242730143178735,0.005150946295127381,0.9740194435132417,,4.0
BANKTR,202502,2025,5883511.7706,41822.0078,30011.479,17559.6662,12451.8128,42042,1122,44,method,20250201,0.41490167145711143,0.005100946538420782,0.9740061162079511,,4.0
BANKTR,202503,2025,6249497.4695,39476.3693,30631.5928,17659.3328,12972.26,41638,1038,46,method,20250301,0.423492832537262,0.004901448948414523,0.9756771956134596,,4.0
BANKTR,202504,2025,6894784.5364,33909.0406,35097.7025,20537.5873,14560.1152,48900,1363,46,method,20250401,0.41484525091065433,0.005090471256165708,0.9728826373276566,,4.0
BANKTR,202505,2025,7056871.1755,55663.1605,32819.2488,18432.164,14387.0848,42647,1189,46,method,20250501,0.438373373128516,0.004650679881183273,0.9728761748334702,,4.0
BANKTR,202506,2025,7538395.9152999995,49341.5598,35282.3982,19810.1136,15472.2846,46051,1190,51,method,20250601,0.43852701033230784,0.0046803588716255295,0.974810016722762,,4.0
BANKTR,202507,2026,7883522.9946,56124.3626,38459.2071,22075.2887,16383.9184,52022,1509,52,method,20250701,0.42600770102720087,0.004878428987439184,0.9718107264949282,0.4473913641499509,4.0
BANKTR,202508,2026,7292456.9878,51107.8961,36854.3863,21516.0555,15338.3308,51171,1366,52,method,20250801,0.41618738879936257,0.005053768073182464,0.9739992767002303,0.5346501917067845,4.0
BANKTR,202509,2026,8015862.456499999,45802.5129,39425.7686,22728.8904,16696.8782,53652,1359,53,method,20250901,0.4235016536874819,0.004918468700523917,0.9752958499209249,0.5768809262126197,4.0
BANKTR,202510,2026,8053677.7241,48404.8131,39985.125,23184.9951,16800.1299,54767,1447,54,method,20251001,0.42015949431194727,0.004964828041274565,0.9742590813676308,0.3765384669878799,4.0
BANKTR,202511,2026,8007352.9759,47337.8789,38332.7404,21879.0919,16453.6485,51139,1314,57,method,20251101,0.4292322523333082,0.004787192536081692,0.9749490019636627,0.4585383941337229,4.0
BANKTR,202512,2026,8705203.6796,54521.1674,41818.984,23923.6831,17895.3009,55909,1525,58,method,20251201,0.42792289980072207,0.004803906437938918,0.9734477835428492,0.6977541770986224,4.0
BANKTR,202601,2026,7780466.4909,41204.3414,39881.8809,23401.4303,16480.4506,56023,1450,58,method,20260101,0.4132315284056726,0.005125898420955308,0.97477076192299,0.3881746138636021,4.0
BANKTR,202602,2026,8793127.8468,48890.1652,42119.3797,23998.155899999998,18121.2238,56271,1490,58,method,20260201,0.4302348213356998,0.004790033812067012,0.9742040477138554,0.4945373086086775,4.0
BANKTR,202603,2026,9030606.6718,56221.027500000004,43380.0931,24716.9836,18663.1095,58080,1593,63,method,20260301,0.43022290102000726,0.004803674290838467,0.9733045095771957,0.44501325360525473,4.0
BANKTR,202604,2026,9498060.605,60187.94,48457.6059,28627.3105,19830.2954,67879,1645,65,method,20260401,0.40922977996319043,0.00510184214601566,0.9763391059202577,0.3775717797788152,4.0
BANKTR,202605,2026,9199273.5464,64683.6841,46594.8771,27379.6236,19215.2535,64957,1567,67,method,20260501,0.41238983115592337,0.005065060503417057,0.9764445914256509,0.303590970788581,4.0
BANKTR,202606,2026,10214799.873,87482.298,51791.2041,30623.37,21167.8341,72350,1671,69,method,20260601,0.4087148477785632,0.005070212313889354,0.9774253252455384,0.3550362686931772,4.0
BNPL,202407,2025,810355.6966,15135.3943,30178.398400000002,28240.0028,1938.3955999999998,28004,8068,77,method,20240701,0.06423122838752104,0.037240928306691935,0.776336216455977,,6.0
BNPL,202408,2025,826664.0507,27051.537399999997,30820.063299999998,28808.6647,2011.3986,27991,7989,78,method,20240801,0.06526263688757576,0.03728245261651608,0.7779599777654252,,6.0
BNPL,202409,2025,782480.6881,21997.9801,29528.6248,27258.8836,2269.7412000000004,28776,8064,79,method,20240901,0.07686579430546323,0.03773719306951928,0.7811074918566775,,6.0
BNPL,202410,2025,818732.1631,24672.5091,30680.482,28551.6494,2128.8326,29550,8354,82,method,20241001,0.06938719541629106,0.03747316080002672,0.7796010975094977,,6.0
BNPL,202411,2025,900801.7535,28788.2065,34467.053,31328.1275,3138.9255000000003,31705,8981,86,method,20241101,0.0910703186605481,0.03826263977182633,0.7792606793491619,,6.0
BNPL,202412,2025,949890.3324,23449.2773,35609.9942,33087.0426,2522.9516,32898,9294,90,method,20241201,0.0708495369538701,0.037488532081411466,0.7797212741751991,,6.0
BNPL,202501,2025,1020527.5509,23310.0762,36663.748400000004,35666.5963,997.1521,35822,10128,93,method,20250101,0.027197221874891545,0.03592627006264197,0.7795865070729053,,6.0
BNPL,202502,2025,1124381.1779,25958.6212,40361.9588,39306.9803,1054.9784999999997,38200,10978,94,method,20250201,0.02613794105552676,0.03589704238502443,0.7767701004514214,,6.0
BNPL,202503,2025,1311868.328,34106.351,47338.8852,45814.3072,1524.5780000000002,43614,12522,96,method,20250301,0.03220561687413797,0.03608508886876641,0.7769345874305259,,6.0
BNPL,202504,2025,1309845.8812,33213.6696,46871.9326,45748.6585,1123.2741,41451,11800,98,method,20250401,0.0239647490020499,0.03578431117182949,0.7784079172222118,,6.0
BNPL,202505,2025,1319437.8133,35506.3969,47259.6827,46076.978500000005,1182.7041999999997,41424,11762,99,method,20250501,0.02502564834190052,0.03581804479424494,0.7788515774827962,,6.0
BNPL,202506,2025,1444591.9024,44727.0178,51593.8717,50466.9707,1126.901,43470,12239,100,method,20250601,0.02184176071438345,0.035715188223250836,0.7803047981475165,,6.0
BNPL,202507,2026,1469481.9757,46124.661,52610.6987,51360.507900000004,1250.1908000000003,44389,12544,104,method,20250701,0.023763052589909822,0.03580220756021077,0.7796708411641754,0.8133789666259995,6.0
BNPL,202508,2026,1518042.4574,41319.8756,54796.2234,52998.345499999996,1797.8779,44729,12824,110,method,20250801,0.032810252029157175,0.03609663427586291,0.7771792956057895,0.8363474934159247,6.0
BNPL,202509,2026,1507706.9831,46479.509,54701.7383,52640.4866,2061.2517,46121,13190,111,method,20250901,0.037681648957762645,0.036281412047006384,0.7776129217177252,0.9268296406918058,6.0
BNPL,202510,2026,1507310.7967,44090.9553,54644.9895,52680.4683,1964.5212000000001,46591,12999,113,method,20251001,0.035950619040744806,0.03625329933258349,0.7818593723779158,0.8410303938626349,6.0
BNPL,202511,2026,1738605.4472999999,53545.369699999996,63780.9848,60695.1949,3085.7898999999993,51383,14446,115,method,20251101,0.04838103252366212,0.03668514032269362,0.7805526439715019,0.9300644570736839,6.0
BNPL,202512,2026,1389959.9485,40915.2316,50561.427299999996,48586.665,1974.7623,46329,13366,119,method,20251201,0.03905669609133048,0.036376175698130196,0.7760951503476003,0.463284656227753,6.0
BNPL,202601,2026,1303091.3895,30703.4215,47261.2738,45600.6294,1660.6444,45693,13433,122,method,20260101,0.035137529450168986,0.03626857961062446,0.7728072252477759,0.27688016688114675,6.0
BNPL,202602,2026,1409789.7257,37189.8671,51388.6889,49386.7895,2001.8994,50296,14672,120,method,20260201,0.03895603182045767,0.03645131466288994,0.7741657431350819,0.2538361130635928,6.0
BNPL,202603,2026,1481215.1831,33218.0622,54119.2722,51903.7189,2215.5533,53277,15258,123,method,20260301,0.0409383424783011,0.036537076325895514,0.7773692274020574,0.12908830214551842,6.0
BNPL,202604,2026,1446008.9312,36991.0345,52513.5564,50746.3093,1767.2470999999998,50764,14970,122,method,20260401,0.0336531597010634,0.036316204739081766,0.7722639729820184,0.10395348945576396,6.0
BNPL,202605,2026,1446267.6274,33270.0054,52835.0056,50807.448000000004,2027.5576000000003,51132,14586,123,method,20260501,0.03837526989871277,0.03653197001649212,0.7780516753400895,0.09612413167301188,6.0
BNPL,202606,2026,1491644.6055,51146.5544,54107.3967,52439.6297,1667.767,51880,15148,123,method,20260601,0.030823271894727843,0.03627365157926688,0.7740048934773528,0.032571623184255806,6.0
CARD,202407,2025,39423955.0678,541882.7035,811152.9673,625104.1223,186048.845,1355826,144548,453,method,20240701,0.2293634523945358,0.02057512915446982,0.9036586877671834,,1.0
CARD,202408,2025,41723646.5304,825916.6359,852299.6985,658992.0976,193307.6009,1395230,147389,464,method,20240801,0.22680707413156498,0.02042725814674447,0.9044553450981739,,1.0
CARD,202409,2025,43421606.2878,812531.5718,885146.765,686907.6687,198239.0963,1485626,154539,473,method,20240901,0.22396183789927765,0.020384938298533103,0.9057783820530252,,1.0
CARD,202410,2025,41874639.8111,849903.2002,862240.8141,667975.1984,194265.6157,1504035,157319,486,method,20241001,0.22530320129043402,0.020591002525386256,0.9053067558148353,,1.0
CARD,202411,2025,45621065.2217,893550.3237000001,945426.1727,726768.2641,218657.9086,1625216,168427,498,method,20241101,0.2312797285646797,0.02072345676510642,0.9060978132214716,,1.0
CARD,202412,2025,45573178.3812,1009697.8516,941561.2626,727911.5048999999,213649.7577,1637728,168802,516,method,20241201,0.22691009728887288,0.020660425628518726,0.906560090338937,,1.0
CARD,202501,2025,44184420.0546,892821.61,907228.9635,707100.8555000001,200128.108,1597306,169247,526,method,20250101,0.22059272361403176,0.020532779707845214,0.9041936471761673,,1.0
CARD,202502,2025,47471900.3755,833403.3136,975106.2901,758294.6685,216811.6216,1703698,180447,541,method,20250201,0.22234665471983095,0.02054070476191105,0.9042287085123492,,1.0
CARD,202503,2025,54147910.0082,1036570.2191,1117204.6123,869442.5528,247762.0595,2005594,212764,557,method,20250301,0.22176963536690908,0.020632460461185182,0.904089421094341,,1.0
CARD,202504,2025,50468304.3595,1017079.4794,1033838.7768,804755.6881,229083.0887,1790079,188134,561,method,20250401,0.22158492585185455,0.020484912063533464,0.9048969954196034,,1.0
CARD,202505,2025,50838849.9591,1028582.1554,1042999.9973,811108.279,231891.7183,1810813,191959,575,method,20250501,0.22233146586797214,0.0205158062808088,0.9041533434659562,,1.0
CARD,202506,2025,52406617.4859,1068833.3734,1076855.3591,836709.5261,240145.83299999998,1865900,198196,601,method,20250601,0.22300658205453508,0.020548079818158992,0.9039792722819093,,1.0
CARD,202507,2026,53857685.503299996,1106280.4584,1107076.8735,859629.7369,247447.1366,1913373,204203,624,method,20250701,0.22351396052353723,0.020555596906075117,0.9035675697117836,0.36611573878565323,1.0
CARD,202508,2026,56739164.8315,1164833.6557,1160434.5068,900761.266,259673.2408,1958678,207585,639,method,20250801,0.2237724225523694,0.020452090020115332,0.9041736852819809,0.3598802968997362,1.0
CARD,202509,2026,58858655.9194,1144616.5662,1197755.8905,933374.401,264381.4895,2018288,210517,650,method,20250901,0.2207306944569771,0.02034969830334192,0.9055471429757201,0.3555153977787618,1.0
CARD,202510,2026,57043284.9828,1180403.4692,1168139.7261,911325.1375,256814.5886,2035735,279530,664,method,20251001,0.2198492037056319,0.02047812860798995,0.8792665202471424,0.36223941841952617,1.0
CARD,202511,2026,62610391.1251,1318577.537,1282601.7392,995807.1918,286794.5474,2179905,234570,687,method,20251101,0.22360374123528243,0.020485445245618586,0.9028484453141987,0.37240090341684756,1.0
CARD,202512,2026,60065136.4956,1385845.9622,1229834.9904,956937.312,272897.6784,2130140,226692,705,method,20251201,0.22189779972940993,0.020475021987007222,0.9038149515960407,0.317993140464793,1.0
CARD,202601,2026,56369230.9558,1156118.9549,1157851.0913,902699.9084000001,255151.1829,2059581,222628,718,method,20260101,0.22036614623174386,0.020540480536409823,0.9024506519779739,0.2757716608284745,1.0
CARD,202602,2026,60638194.2851,1148817.7791,1254927.6829,974740.4526,280187.2303,2263237,246010,729,method,20260201,0.22326962271843276,0.02069533398372254,0.9019586353993847,0.2773492066981808,1.0
CARD,202603,2026,63969005.5737,1354093.6839,1322205.1908,1028759.3727000001,293445.8181,2371452,256772,748,method,20260301,0.22193667075414417,0.020669466078797494,0.9023020868845274,0.18137533958397895,1.0
CARD,202604,2026,60763254.3181,1302798.182,1252944.4412,974760.6229,278183.8183,2206837,240605,764,method,20260401,0.22202406519603624,0.020620101001186438,0.9016912351753382,0.20398842579029722,1.0
CARD,202605,2026,60577535.8408,1284495.11,1252728.5141,973842.7008999999,278885.8132,2232560,245054,782,method,20260501,0.22262270720353197,0.020679753587075855,0.901092744874706,0.19155991706214445,1.0
CARD,202606,2026,61206128.5859,1705550.2434,1268579.6913,988528.9278,280050.7635,2281545,247601,798,method,20260601,0.2207592990969396,0.020726350785601585,0.9021009463273374,0.16790839634646348,1.0
LDEBIT,202407,2025,9891404.4453,107618.2021,97235.9958,58432.4596,38803.5362,368484,19475,340,method,20240701,0.39906555057874976,0.009830352841977124,0.949801396539325,,2.0
LDEBIT,202408,2025,11217812.6139,183462.8846,108105.4995,65197.027799999996,42908.4717,383417,20415,352,method,20240801,0.396912940585414,0.009636950020545574,0.9494467996592643,,2.0
LDEBIT,202409,2025,11872249.2833,195571.7467,113959.2301,68929.8537,45029.3764,405929,21417,360,method,20240901,0.3951358425332149,0.009598790202316574,0.9498837007951403,,2.0
LDEBIT,202410,2025,10891479.597099999,178359.5645,106901.45539999999,64943.2696,41958.1858,419251,21801,368,method,20241001,0.3924940557918728,0.009815145357152753,0.9505704542775002,,2.0
LDEBIT,202411,2025,11611407.735,204378.7161,114474.8684,69181.5182,45293.3502,444732,22738,378,method,20241101,0.3956619547421991,0.009858827716034899,0.9513594455259161,,2.0
LDEBIT,202412,2025,11776002.4753,207936.22950000002,115880.1356,70250.6198,45629.5158,452446,23653,394,method,20241201,0.3937647774033154,0.009840362707383678,0.9503191563099271,,2.0
LDEBIT,202501,2025,12063314.9482,197448.4987,117613.9194,71767.7613,45846.1581,456901,24143,401,method,20250101,0.3898021453062808,0.009749718042265777,0.949811243877899,,2.0
LDEBIT,202502,2025,12566032.8495,189072.0482,123133.5714,74953.1771,48180.3943,479789,25488,411,method,20250201,0.39128560759019776,0.009798921654490141,0.949556381944953,,2.0
LDEBIT,202503,2025,14253526.432599999,243344.3817,140820.7339,85816.3671,55004.3668,567176,30052,424,method,20250301,0.39059849552452874,0.00987971184295287,0.949680858901458,,2.0
LDEBIT,202504,2025,13433440.3333,211861.6869,131435.3516,80023.1303,51412.221300000005,506185,27213,430,method,20250401,0.39115976542189285,0.009784191416266347,0.9489818109554217,,2.0
LDEBIT,202505,2025,13475158.2796,236188.4501,132183.6165,80471.6033,51712.0132,511660,27849,439,method,20250501,0.39121348446386317,0.009809429600549655,0.9483808425809394,,2.0
LDEBIT,202506,2025,13557087.901,226057.5836,134106.1867,81292.72290000001,52813.4638,524222,28715,452,method,20250601,0.3938182502955324,0.009891961140866249,0.9480682247706339,,2.0
LDEBIT,202507,2026,13892468.8505,255944.67909999998,137352.577,83426.27739999999,53926.2996,539082,29151,468,method,20250701,0.39261221578682143,0.009886837140185963,0.9486988612065825,0.4044991211638451,2.0
LDEBIT,202508,2026,15434325.642099999,267806.2346,150150.4932,91043.41,59107.0832,555052,29806,482,method,20250801,0.3936522747299241,0.009728348143078993,0.949037202192669,0.375876578913015,2.0
LDEBIT,202509,2026,16436614.9768,273239.7724,158958.8663,96508.2072,62450.6591,579045,31415,491,method,20250901,0.3928730781341764,0.009671022076283207,0.9485388068014284,0.38445669262693366,2.0
LDEBIT,202510,2026,15251020.7903,272978.956,149547.4225,91321.643,58225.779500000004,582287,31973,500,method,20251001,0.3893465933857871,0.009805731993698125,0.9479487513430794,0.40027079464582455,2.0
LDEBIT,202511,2026,16626032.703,279614.9049,162756.7882,99082.91500000001,63673.8732,622783,34074,518,method,20251101,0.3912209985475739,0.009789273912027864,0.9481256955471282,0.43187054338678776,2.0
LDEBIT,202512,2026,15915427.277,289010.92,156078.554,95560.9947,60517.5593,614349,34050,533,method,20251201,0.3877378265562353,0.00980674607621469,0.9474860386891405,0.3515135811479649,2.0
LDEBIT,202601,2026,15606205.656200001,268549.1103,153437.3959,93807.7335,59629.6624,606576,33718,547,method,20260101,0.38862535466166626,0.009831819423643359,0.9473398157721297,0.29369130485386563,2.0
LDEBIT,202602,2026,16139701.3364,259899.052,160799.2191,98282.6608,62516.5583,664742,37179,553,method,20260201,0.3887864546227762,0.00996296125612611,0.9470325008084955,0.28439114633081636,2.0
LDEBIT,202603,2026,16903659.9144,282408.24809999997,168738.3324,102937.8138,65800.5186,697139,38702,567,method,20260301,0.38995596118620873,0.009982354901511838,0.9474043985045683,0.185928267950501,2.0
LDEBIT,202604,2026,16287233.0107,268855.4201,161926.2823,98528.2565,63398.0258,653452,37210,576,method,20260401,0.39152400030121615,0.009941914761925583,0.9461241533485265,0.21243945010317028,2.0
LDEBIT,202605,2026,16407381.5507,276699.3304,163875.5485,99991.8515,63883.697,673439,38084,590,method,20260501,0.38983056096376695,0.009987915987301976,0.946475377464959,0.21760213945234938,2.0
LDEBIT,202606,2026,16086251.632100001,368509.1434,161628.1328,99489.4647,62138.6681,688362,38681,596,method,20260601,0.3844545316680167,0.010047594461190213,0.9467968194453423,0.18655656359013825,2.0
TOKEN,202407,2025,8436497.4349,133783.2743,180493.1857,134671.7058,45821.4799,279797,12550,353,method,20240701,0.25386819852667714,0.021394327099933434,0.95707156221887,,3.0
TOKEN,202408,2025,9320678.6443,216804.8684,196251.8807,147033.9315,49217.9492,285206,12754,359,method,20240801,0.2507896944704286,0.021055535566609898,0.9571955967243926,,3.0
TOKEN,202409,2025,9429830.1886,217550.78399999999,198173.2052,148830.8729,49342.3323,291912,12568,366,method,20240901,0.24898589216540562,0.021015564568657604,0.9587230688386758,,3.0
TOKEN,202410,2025,8888755.0256,221251.86250000002,189424.1946,141574.0872,47850.1074,291208,13050,372,method,20241001,0.25260821354443813,0.02131054282117688,0.9571087695311216,,3.0
TOKEN,202411,2025,9888530.6208,234616.0022,211723.509,157133.0822,54590.4268,316774,13935,382,method,20241101,0.25783828663070196,0.021411018190574324,0.9578632574257127,,3.0
TOKEN,202412,2025,9627164.9735,236060.9293,205615.7506,153357.4028,52258.347799999996,310558,14226,394,method,20241201,0.25415537305632846,0.021357871311646116,0.9561985812108971,,3.0
TOKEN,202501,2025,9276373.6861,225698.306,196237.8515,148044.60259999998,48193.2489,301676,13704,398,method,20250101,0.2455858975810281,0.021154586710327196,0.9565476567949774,,3.0
TOKEN,202502,2025,9676232.9423,224252.6768,205890.3571,154734.3315,51156.0256,316491,14782,409,method,20250201,0.24846246478242667,0.02127794549053722,0.9553781926085132,,3.0
TOKEN,202503,2025,10966771.0974,255175.2446,234052.83800000002,175813.4366,58239.4014,366965,16774,418,method,20250301,0.24883014407199797,0.021342000842480356,0.9562879978318597,,3.0
TOKEN,202504,2025,10116474.4504,256990.595,215213.2998,161925.0914,53288.208399999996,331131,15512,417,method,20250401,0.24760648365840443,0.021273547504633946,0.9552507911597811,,3.0
TOKEN,202505,2025,10215700.6402,247046.3174,217610.6499,163018.6258,54592.0241,332561,15476,429,method,20250501,0.250870185466966,0.02130158836523421,0.9555334633961332,,3.0
TOKEN,202506,2025,10258794.6762,246721.1259,219981.267,164159.586,55821.681000000004,338307,15521,448,method,20250601,0.25375652100412716,0.021443188400129293,0.9561340538340662,,3.0
TOKEN,202507,2026,10609975.0268,272407.6401,226962.5365,169561.1223,57401.4142,345851,16064,465,method,20250701,0.2529114059315247,0.021391429850372852,0.9556138872387163,0.2576279562308385,3.0
TOKEN,202508,2026,11665052.3659,282365.067,246241.6819,184483.4094,61758.2725,358064,16894,481,method,20250801,0.2508034871410615,0.021109350749236998,0.9549442870934878,0.2515239298625198,3.0
TOKEN,202509,2026,11883976.487,279246.5819,250201.42010000002,188420.888,61780.532100000004,368077,17553,491,method,20250901,0.24692318722774506,0.02105367848663264,0.9544822757565542,0.26025349866500136,3.0
TOKEN,202510,2026,11394997.5348,305606.3518,242054.5786,182603.9191,59450.6595,370404,30304,496,method,20251001,0.24560848980362976,0.021242179110681873,0.9243738582708606,0.28195652844317504,3.0
TOKEN,202511,2026,12759621.7882,317737.5235,271291.6424,203733.0907,67558.5517,404593,19589,512,method,20251101,0.24902555457417952,0.021261730708263503,0.953819351127582,0.2903455809057023,3.0
TOKEN,202512,2026,11710402.5775,313074.9467,249845.6484,188395.4596,61450.1888,386574,18791,521,method,20251201,0.24595260791422294,0.021335359458951954,0.9536442465432388,0.2163915970832927,3.0
TOKEN,202601,2026,10857531.3849,288264.3876,232252.1539,174844.2003,57407.9536,362638,17790,535,method,20260101,0.24717942389769157,0.021390880271642806,0.9532368805660992,0.17044997887151248,3.0
TOKEN,202602,2026,11848549.191,292308.989,254902.07319999998,191410.2076,63491.865600000005,401519,19872,544,method,20260201,0.24908336288886648,0.02151335738164637,0.9528418974301777,0.22450020185062328,3.0
TOKEN,202603,2026,12197282.5104,337081.4104,263423.6615,197464.2913,65959.3702,415281,21085,551,method,20260301,0.2503927317098658,0.02159691400731205,0.9516804700641205,0.11220361964988292,3.0
TOKEN,202604,2026,11485692.9667,312939.2637,248590.6904,185953.4202,62637.2702,389211,19561,564,method,20260401,0.2519694929010101,0.021643508242883455,0.952146918086366,0.13534542325126536,3.0
TOKEN,202605,2026,11499739.1275,311863.5046,249452.038,186658.4673,62793.5707,395111,20222,584,method,20260501,0.251726027991,0.021691973638208083,0.9513113573927426,0.12569265021795517,3.0
TOKEN,202606,2026,11533459.9082,422214.6388,251233.0104,188230.8111,63002.1993,400700,20659,590,method,20260601,0.25077197936565426,0.021782969932672126,0.9509705500535173,0.124250974138041,3.0
WALLET,202407,2025,3498333.1755,32015.7738,57668.5738,37858.6574,19809.9164,256816,34045,139,method,20240701,0.34351320129231283,0.016484585917622814,0.882950962831043,,5.0
WALLET,202408,2025,3458859.441,49536.8005,57432.0265,37957.712199999994,19474.314300000002,265089,35185,146,method,20240801,0.33908457504977646,0.016604325061383724,0.8828236876985687,,5.0
WALLET,202409,2025,3854159.0916999998,48172.3793,63236.3446,42582.7533,20653.5913,304658,39184,149,method,20240901,0.3266095064577784,0.016407300034962383,0.8860406814757941,,5.0
WALLET,202410,2025,3920127.655,50852.4129,64352.31540000001,43727.6133,20624.7021,320381,41013,154,method,20241001,0.32049665923908616,0.01641587240607347,0.8865144413022906,,5.0
WALLET,202411,2025,4184650.6546,51858.0777,68667.0441,46592.673,22074.3711,339251,41708,157,method,20241101,0.321469656795668,0.016409265615641624,0.890518402242761,,5.0
WALLET,202412,2025,4370279.7055,63043.7876,71498.3733,48377.278300000005,23121.094999999998,346271,43331,162,method,20241201,0.3233793152605892,0.01636013667729762,0.8887813717588718,,5.0
WALLET,202501,2025,4347701.3099,55780.1826,71330.2825,48296.8314,23033.4511,349763,44010,163,method,20250101,0.322912657748131,0.01640643581875698,0.888235099917973,,5.0
WALLET,202502,2025,4425363.0352,56913.4756,73108.73980000001,49504.38419999999,23604.3556,364921,46071,168,method,20250201,0.3228663996202544,0.016520393743627845,0.8879029275509013,,5.0
WALLET,202503,2025,5395310.742000001,69303.5258,88412.70479999999,60186.5842,28226.1206,440990,55697,173,method,20250301,0.3192541237580145,0.016386953231766234,0.8878629801061836,,5.0
WALLET,202504,2025,4721697.3071,65185.9242,77570.0894,52600.3132,24969.7762,381622,49282,173,method,20250401,0.32189954134563625,0.01642843332700682,0.8856311382581735,,5.0
WALLET,202505,2025,4717369.2511,66807.6569,77857.36069999999,52728.0501,25129.3106,387227,49770,174,method,20250501,0.3227608844439034,0.016504402465811883,0.8861090579569196,,5.0
WALLET,202506,2025,4995688.1921,69315.0532,81865.7381,55408.3956,26457.3425,398219,51131,179,method,20250601,0.3231796733779158,0.016387279380138158,0.886211193946812,,5.0
WALLET,202507,2026,5218692.6387,68883.9933,85418.3064,57597.8715,27820.4349,409075,53554,186,method,20250701,0.3256964001337306,0.016367759573838035,0.8842398552619918,0.491765471410286,5.0
WALLET,202508,2026,4999915.6719,78727.9591,83093.1805,56086.0765,27007.104000000003,414896,53620,193,method,20250801,0.32502190718286444,0.016618916388328617,0.8855535349913344,0.4455388422648541,5.0
WALLET,202509,2026,5476919.1214,75808.5677,90067.6764,60555.4919,29512.1845,431068,55388,196,method,20250901,0.3276667688076385,0.01644495279254317,0.8861397536467841,0.4210412676515203,5.0
WALLET,202510,2026,5609040.6115,81369.1164,92106.95950000001,62016.0679,30090.891600000003,441094,56175,201,method,20251001,0.32669509191648,0.01642116110037725,0.8870329741045591,0.4308311119271446,5.0
WALLET,202511,2026,5913894.3873,94466.2746,97352.6906,65410.0152,31942.6754,464428,60236,208,method,20251101,0.328112918124114,0.016461689070583246,0.885191284326731,0.41323490905964133,5.0
WALLET,202512,2026,5959132.2535999995,96391.2162,98098.4014,66023.2028,32075.1986,470934,61136,216,method,20251201,0.32696963602100043,0.016461860087219463,0.8850978254740918,0.3635585489186029,5.0
WALLET,202601,2026,5728688.4589,87208.72200000001,94726.0414,63709.9688,31016.0726,457696,64314,221,method,20260101,0.32742920681154947,0.016535380144967582,0.8767954636884351,0.3176361600221713,5.0
WALLET,202602,2026,6510771.124799999,93280.589,107442.0007,72340.0811,35101.9196,519892,78232,224,method,20260201,0.3267057516735166,0.0165021928494377,0.8692043790250851,0.47124000291328677,5.0
WALLET,202603,2026,7102275.875700001,100633.6094,116314.7212,78458.4508,37856.2704,552571,90583,227,method,20260301,0.32546413738040236,0.01637710548501272,0.8591581487482003,0.3163793922770871,5.0
WALLET,202604,2026,6800764.6224,99602.02160000001,110971.21919999999,74565.3079,36405.9113,510890,94629,232,method,20260401,0.3280662460271501,0.016317462132785607,0.8437224926055169,0.440322024068276,5.0
WALLET,202605,2026,6724354.2959,91196.2095,110144.7433,74270.1681,35874.5752,518545,103354,236,method,20260501,0.32570392490079003,0.01637997322169028,0.8338090268677069,0.42544582329059993,5.0
WALLET,202606,2026,7080738.883400001,136459.0767,115346.1221,78141.1091,37205.013,534076,117770,242,method,20260601,0.3225510517618,0.0162901250843208,0.8193284916989596,0.4173700621662546,5.0
B2B,202407,2025,12006593.137600001,45573.3488,127159.6856,96247.7347,30911.9509,84112,5146,44,segment,20240701,0.24309552791156006,0.010590821571340258,0.9423469044791504,,2.0
B2B,202408,2025,10002427.0418,59713.4154,104650.8258,79586.5362,25064.2896,73485,4703,45,segment,20240801,0.23950398296809233,0.010462543277013238,0.9398501048754284,,3.0
B2B,202409,2025,11230333.5019,62351.4557,119591.8323,90660.2503,28931.582000000002,79382,5037,46,segment,20240901,0.241919380643188,0.010649000965088605,0.9403333372818915,,2.0
B2B,202410,2025,12072172.2218,65153.191699999996,122391.057,92832.4581,29558.5989,77524,4769,49,segment,20241001,0.2415094666598067,0.01013827956985119,0.9420485338971722,,2.0
B2B,202411,2025,11308756.5988,64748.9951,116763.478,88452.2919,28311.1861,80874,4970,49,segment,20241101,0.2424661082808787,0.010325050060091493,0.9421042821862914,,3.0
B2B,202412,2025,11616665.8565,75727.3705,125306.2154,95346.31,29959.9054,83246,5224,52,segment,20241201,0.2390935302320207,0.010786762479690853,0.9409517350514298,,2.0
B2B,202501,2025,11168597.2541,81626.748,111434.6149,84200.2565,27234.3584,69464,3976,52,segment,20250101,0.24439765349788095,0.009977494251490918,0.9458605664488018,,2.0
B2B,202502,2025,12327491.8415,70216.45079999999,125614.5179,95121.2424,30493.2755,75859,4538,56,segment,20250201,0.24275279649025344,0.010189787145275072,0.9435551077776534,,2.0
B2B,202503,2025,13044842.0405,73385.958,131158.0379,98613.43980000001,32544.5981,72572,4284,58,segment,20250301,0.24813270022240855,0.010054398320255382,0.9442593941917352,,2.0
B2B,202504,2025,13800134.0184,71866.99250000001,137303.8923,103634.2539,33669.638399999996,83917,5008,58,segment,20250401,0.24521983926307087,0.009949460789071317,0.9436828788304751,,2.0
B2B,202505,2025,13492864.4138,86636.8365,128246.573,96286.4273,31960.1457,75682,4553,58,segment,20250501,0.24920857495349993,0.009504770007829781,0.9432541908144825,,2.0
B2B,202506,2025,15140991.0087,84944.7763,147858.1479,111122.0964,36736.0515,82467,5009,63,segment,20250601,0.24845469811271725,0.009765420758458997,0.9427385797247245,,2.0
B2B,202507,2026,15602989.4703,97535.3697,152758.40339999998,114928.3296,37830.0738,87583,5183,64,segment,20250701,0.24764643357093377,0.00979032919882262,0.9441282366384236,0.299535121369065,2.0
B2B,202508,2026,13301680.5748,92414.2565,126898.4463,95654.3065,31244.1398,84131,4989,64,segment,20250801,0.24621373004154742,0.009540031095048905,0.9440192998204668,0.32984529846730865,3.0
B2B,202509,2026,16089079.6572,77733.1693,158587.4219,119049.71710000001,39537.7048,91425,5246,65,segment,20250901,0.2493117318278317,0.009856836144697113,0.9457334671204394,0.43264486797992,2.0
B2B,202510,2026,15532924.8432,94912.2271,151272.9331,113018.0836,38254.849500000004,88626,6380,69,segment,20251001,0.25288628121404494,0.009738856952380364,0.9328463465465339,0.28667190608418863,2.0
B2B,202511,2026,15888868.2552,96276.8574,154651.4369,116606.9781,38044.4588,87372,5246,72,segment,20251101,0.24600132764754157,0.009733319857403106,0.9433587423610961,0.40500576844018443,3.0
B2B,202512,2026,17372939.0178,125896.5691,170329.5439,127785.39970000001,42544.1442,93007,5537,74,segment,20251201,0.24977548360593013,0.00980430218085054,0.9438119012826758,0.4955185276401085,2.0
B2B,202601,2026,15876285.0875,96559.0146,159321.6166,119800.6109,39521.0057,92535,5317,75,segment,20260101,0.24805802591887585,0.010035194991896432,0.945662837754977,0.42151111068776376,2.0
B2B,202602,2026,17004311.0422,76883.5953,163504.6521,122485.1921,41019.46,95822,5780,75,segment,20260201,0.2508764091612045,0.009615482314703999,0.9431113560756678,0.37938124484947366,2.0
B2B,202603,2026,18662611.1566,107318.4088,185373.7603,139928.41,45445.3503,101538,6253,81,segment,20260301,0.24515524865252464,0.009932895174448453,0.9419895909677061,0.4306506049409145,2.0
B2B,202604,2026,19920072.2091,116618.0068,201998.25699999998,152502.3577,49495.8993,116419,6819,83,segment,20260401,0.2450313187603396,0.01014043799036642,0.9446680407017316,0.4434694751906149,2.0
B2B,202605,2026,19311874.1129,114034.1846,195397.7065,147843.28579999998,47554.4207,113197,6553,86,segment,20260501,0.24337246097614765,0.010118008503870565,0.9452776617954071,0.43126570612749465,2.0
B2B,202606,2026,20610747.729,159275.0054,205259.5148,155171.3225,50088.1923,120067,6525,88,segment,20260601,0.2440237294178774,0.00995885823740364,0.9484564585439839,0.3612548687967043,2.0
Enterprise,202407,2025,42464504.5011,539662.581,739129.6009,602683.8285,136445.7724,1606529,139045,36,segment,20240701,0.18460331210366493,0.017405821864254968,0.9203442535234828,,1.0
Enterprise,202408,2025,47340741.007699996,866073.4222,805466.1475,658553.7043,146912.4432,1665627,142802,39,segment,20240801,0.18239431123950497,0.017014227710736306,0.9210353295595237,,1.0
Enterprise,202409,2025,49266752.623,869612.8154,837204.0508,684862.4027,152341.6481,1809135,152546,39,segment,20240901,0.18196477663292263,0.016993286673600533,0.9222371017509983,,1.0
Enterprise,202410,2025,46591173.6762,884217.7012,806285.475,658961.9836,147323.4914,1851405,158661,40,segment,20241001,0.18271877141281753,0.017305541186910942,0.9210667709418496,,1.0
Enterprise,202411,2025,50579110.358,931988.0765,878540.6733,715135.8739,163404.79940000002,1981427,165273,43,segment,20241101,0.1859957135350537,0.01736963475794,0.9230106675362184,,1.0
Enterprise,202412,2025,50759293.8699,1034003.3094,882474.8341,720606.0885,161868.7456,2011623,169197,44,segment,20241201,0.18342590558413296,0.017385482870621707,0.9224158802652214,,1.0
Enterprise,202501,2025,51242319.5468,930244.7609999999,877835.0203999999,723092.9819,154742.0385,1998336,173684,45,segment,20250101,0.17627690272539964,0.01713105550575763,0.9200357271111684,,1.0
Enterprise,202502,2025,53758006.149500005,890497.0706,928124.7955,763683.0876,164441.7079,2114746,185170,47,segment,20250201,0.17717628997446605,0.017264866426014804,0.9194883639228563,,1.0
Enterprise,202503,2025,61837374.971,1100255.3807,1071937.6781,883603.9794,188333.6987,2534814,223226,47,segment,20250301,0.17569463463008395,0.017334786261588703,0.9190635378747226,,1.0
Enterprise,202504,2025,57008737.8855,1068397.1789,981267.1710000001,809853.8045,171413.3665,2216254,194457,47,segment,20250401,0.17468572430209223,0.017212574903356745,0.9193362456138459,,1.0
Enterprise,202505,2025,57740402.2451,1104605.3122,995353.5431,820235.5521,175117.991,2245056,199512,48,segment,20250501,0.1759354675672325,0.01723842412588091,0.9183855797834218,,1.0
Enterprise,202506,2025,58092649.094799995,1131461.1953,1009997.4329,832846.1721,177151.2608,2306434,205096,49,segment,20250601,0.17539773372625964,0.01738597651575175,0.9183382241104028,,1.0
Enterprise,202507,2026,59761513.0827,1162218.013,1039295.9626000001,855585.9568,183710.0058,2359219,211258,51,segment,20250701,0.17676389826475786,0.017390723711459367,0.9178136976133223,0.4073286332859938,1.0
Enterprise,202508,2026,65256981.2786,1252545.6112,1114794.9545,916894.5643,197900.3902,2408015,212744,53,segment,20250801,0.17752178497144427,0.01708315237170769,0.9188235163935333,0.3784528904603736,1.0
Enterprise,202509,2026,66864710.1848,1252852.8862,1138877.4376,938290.2614,200587.17620000002,2487875,215888,55,segment,20250901,0.17612709636491267,0.017032563731337238,0.9201527648688144,0.3571974328501703,1.0
Enterprise,202510,2026,64536627.7257,1268411.3497,1109759.5522,917209.3870999999,192550.16509999998,2517857,272424,56,segment,20251001,0.17350620205817227,0.017195809438894306,0.9023668225529974,0.38516853372738724,1.0
Enterprise,202511,2026,70339385.45289999,1396716.0549,1211846.3096,997403.5643,214442.74529999998,2685355,239491,57,segment,20251101,0.1769553973975315,0.017228559814635648,0.9181184240127515,0.3906805587333654,1.0
Enterprise,202512,2026,65999045.5772,1423318.2535,1131688.9464,935077.2249,196611.72149999999,2629971,233927,57,segment,20251201,0.17373300510307077,0.017147050180843112,0.9183186691704802,0.3002356917407217,1.0
Enterprise,202601,2026,62088517.4385,1214632.0594000001,1058653.782,878702.2276,179951.5544,2521457,232376,57,segment,20260101,0.16998149674583604,0.017050717679780628,0.9156172505740181,0.21166485021807188,1.0
Enterprise,202602,2026,66652349.7857,1207672.2285,1149455.7706,950657.496,198798.2746,2791814,263594,58,segment,20260201,0.17294991219734368,0.01724554009417101,0.9137287066080864,0.23985903793271404,1.0
Enterprise,202603,2026,69083924.9829,1363047.1178,1194092.9834,988796.796,205296.1874,2933885,283133,58,segment,20260301,0.17192646657670663,0.017284671994180528,0.9119889910469883,0.1171872191421195,1.0
Enterprise,202604,2026,64378335.6664,1321513.9126,1108962.9315,919841.8186,189121.1129,2694172,269984,59,segment,20260401,0.17053871462068795,0.01722571607390565,0.9089170745399365,0.12927137232368788,1.0
Enterprise,202605,2026,64231358.1373,1274488.091,1107936.2749,919378.547,188557.7279,2744330,281678,59,segment,20260501,0.1701882429267142,0.017249149123263,0.9069143240863871,0.1124161876227809,1.0
Enterprise,202606,2026,64148355.8411,1706493.8882,1110098.8274,926315.3438,183783.4836,2801856,295720,58,segment,20260601,0.16555596588679,0.017305179732895932,0.9045318016410251,0.10424222067094654,1.0
Online,202407,2025,9395466.5507,230121.2417,249440.00519999999,152380.5591,97059.4461,470792,59496,154,segment,20240701,0.38910938132068323,0.02654897485441164,0.8878043629122289,,3.0
Online,202408,2025,10066691.941399999,338529.4936,265015.9877,161939.9446,103076.0431,483797,61072,155,segment,20240801,0.3889427350952231,0.0263260253957015,0.8879143427135697,,2.0
Online,202409,2025,9895603.3108,327537.988,261506.1249,159940.8007,101565.3242,492354,62511,157,segment,20240901,0.38838602437644093,0.026426496362742618,0.8873401638236328,,3.0
Online,202410,2025,9704600.228600001,345990.7767,258338.596,158281.8736,100056.7224,500389,62502,162,segment,20241001,0.3873084546762807,0.026620220299097087,0.8889625167217099,,3.0
Online,202411,2025,11704496.3069,387446.46869999997,307831.6508,188656.1007,119175.55010000001,553820,68942,166,segment,20241101,0.3871452132692783,0.02630029030967595,0.889296392522344,,2.0
Online,202412,2025,10891522.9625,400480.5834,288427.2113,176921.8497,111505.3616,541198,68407,168,segment,20241201,0.3865979256860776,0.026481807208511406,0.8877847130518942,,3.0
Online,202501,2025,9947206.303,362175.8491,265307.733,162579.9841,102727.7489,527408,67224,172,segment,20250101,0.387202241481593,0.026671582444207,0.8869485665083615,,3.0
Online,202502,2025,10699835.5558,347908.028,284214.5673,174034.4153,110180.152,548100,69712,176,segment,20250201,0.3876653932509391,0.026562517322608514,0.8871630852103877,,3.0
Online,202503,2025,12435346.7708,434199.5193,328541.3278,201302.1023,127239.2255,612288,78106,180,segment,20250301,0.38728529634925274,0.026419957067177473,0.8868674988484836,,3.0
Online,202504,2025,11381348.727,406129.5164,301729.7685,184928.4465,116801.322,574220,72870,180,segment,20250401,0.3871057290126148,0.02651089741097255,0.887388153116259,,3.0
Online,202505,2025,11650389.1436,407300.5921,308072.7942,188502.9663,119569.8279,582279,73293,187,segment,20250501,0.3881219963304374,0.02644313339260741,0.8881999231205726,,3.0
Online,202506,2025,12130886.3365,422976.3452,319977.5929,195627.7092,124349.8837,595529,74963,196,segment,20250601,0.38862059862692344,0.026377099250962054,0.8881970254678654,,3.0
Online,202507,2026,12636232.211,473577.68820000003,331320.0339,203251.3576,128068.67629999999,617256,78153,206,segment,20250701,0.3865406953889606,0.026219843729334266,0.887615777190114,0.34492865711480286,3.0
Online,202508,2026,13680986.577,466572.3693,355229.5934,218775.736,136453.8574,646842,81636,211,segment,20250801,0.3841286309903481,0.02596520297718877,0.8879362177032114,0.35903498951189244,2.0
Online,202509,2026,13669228.0451,458282.2569,355332.29720000003,219233.1592,136099.138,664423,84788,216,segment,20250901,0.38301932887174656,0.025995052246375813,0.8868302787866168,0.3813435740882509,3.0
Online,202510,2026,13483339.84,490036.1852,352703.7163,218366.2849,134337.4314,675546,104658,222,segment,20251001,0.3808789791308474,0.026158483023149846,0.865858160173493,0.3893761229096116,3.0
Online,202511,2026,15913171.2824,534590.3296,411932.8837,255229.2268,156703.6569,742480,94924,228,segment,20251101,0.38041065207632996,0.025886284788224367,0.8866449169098787,0.3595776242860545,2.0
Online,202512,2026,14705406.8619,547285.3503,382832.1289,236964.6637,145867.4652,716937,91376,236,segment,20251201,0.38102200465547187,0.026033426514153347,0.8869546821590152,0.3501699360623277,3.0
Online,202601,2026,13907018.1528,481473.9946,364177.5857,224945.8816,139231.7041,708633,90830,243,segment,20260101,0.3823181589618628,0.02618660461205176,0.8863862367614261,0.39808281131213213,3.0
Online,202602,2026,15511983.3569,511441.2115,403886.3681,249873.0136,154013.3545,769889,99822,248,segment,20260201,0.38132842963857383,0.02603705527574231,0.8852239422060891,0.4497403512422679,3.0
Online,202603,2026,16591335.4627,593204.9501,430195.3898,266107.3873,164088.0025,810187,105696,250,segment,20260301,0.38142668747864855,0.025928918788192108,0.8845966133228808,0.33420770393463134,3.0
Online,202604,2026,15869857.6271,548759.7086,412652.3402,255193.7042,157458.636,787085,104244,251,segment,20260401,0.3815769854199412,0.026002271091288078,0.8830465518343956,0.39437407707681427,3.0
Online,202605,2026,16065065.429,582865.6292,417477.8753,258462.2035,159015.6718,793222,106266,259,segment,20260501,0.38089604553470335,0.025986690010386514,0.8818594578248959,0.37892951308198564,3.0
Online,202606,2026,16546806.5652,779342.318,429723.57790000003,266583.0896,163140.4883,807160,109201,264,segment,20260601,0.3796405333336493,0.025970181992926805,0.8808318992187577,0.3640228839184787,3.0
SME,202407,2025,3640692.997,38765.7705,91834.3609,51418.9976,40415.3633,173743,16388,220,segment,20240701,0.4400897758085231,0.025224417707198396,0.9138067963667156,,4.0
SME,202408,2025,3889670.4953,59677.2412,96845.7812,54217.6866,42628.0946,174822,16421,225,segment,20240801,0.4401647038394688,0.0248981967282374,0.9141354193356097,,4.0
SME,202409,2025,4051001.8312,58879.1909,100749.0891,56480.9298,44268.1593,179757,16964,232,segment,20240901,0.43939016913652673,0.024870166269501736,0.9137661967964783,,4.0
SME,202410,2025,3876462.0565,58431.0998,97021.8649,54463.6866,42558.1783,178362,16887,237,segment,20241001,0.43864523057626775,0.025028457259710573,0.9135104405144201,,4.0
SME,202411,2025,4104077.0844,61149.453,102699.7918,57520.0665,45179.7253,188001,17905,241,segment,20241101,0.4399203202669004,0.02502384572413905,0.9130428447932551,,4.0
SME,202412,2025,4156515.0,66933.33870000001,104082.1697,58414.8146,45667.3551,189864,17838,252,segment,20241201,0.438762520339735,0.025040729962480586,0.9141173411907444,,4.0
SME,202501,2025,4139032.7541,60449.0195,103367.5151,57966.7178,45400.7973,186937,17433,257,segment,20250101,0.4392172652702183,0.024973833559931914,0.9146988305524294,,4.0
SME,202502,2025,4362088.6042,62800.5938,109658.5155,61514.4625,48144.053,206436,19468,262,segment,20250201,0.4390361549258799,0.02513899314067491,0.913821800410794,,4.0
SME,202503,2025,5007320.2954,70135.2335,126824.3232,71213.0592,55611.264,246303,23231,272,segment,20250301,0.4384905245053183,0.02532778326892885,0.9138105025711042,,4.0
SME,202504,2025,4754326.237,71846.7079,119726.3209,67173.9639,52552.356999999996,224977,20969,277,segment,20250401,0.43893737488094814,0.025182605259236022,0.914741447309572,,4.0
SME,202505,2025,4739731.3163,71251.3964,119057.6456,66810.755,52246.8906,223315,20647,282,segment,20250501,0.4388369208604609,0.02511907060861428,0.9153679671424239,,4.0
SME,202506,2025,4836649.6329,65613.3969,121851.6471,68251.3372,53600.3099,231739,21924,293,segment,20250601,0.4398817018534992,0.025193399635801025,0.9135703669829656,,4.0
SME,202507,2026,4931092.2256,72434.7236,124505.7993,69885.16070000001,54620.6386,239734,22431,304,segment,20250701,0.4386995538126713,0.025249132160542895,0.9144393797799096,0.35443780336966424,4.0
SME,202508,2026,5409309.5262,74628.4511,134647.4779,75563.9561,59083.5218,243602,22726,311,segment,20250801,0.43880154846925656,0.024891804998001078,0.9146691297948395,0.3906858004389378,4.0
SME,202509,2026,5556718.0571,76325.1977,138314.2035,77655.2274,60658.9761,252528,23500,314,segment,20250901,0.43855926987281535,0.024891348108488504,0.9148637094787485,0.3716898408446219,4.0
SME,202510,2026,5306440.0313,79493.8998,132742.5996,74538.4753,58204.1243,248849,28966,317,segment,20251001,0.4384735908095023,0.025015377318318623,0.8957363713262423,0.36888739112052754,4.0
SME,202511,2026,5514473.4363,83696.2467,137685.9554,77367.7303,60318.2251,259024,24568,330,segment,20251101,0.4380855325785828,0.024968105656953166,0.913368501227115,0.34365737360564086,4.0
SME,202512,2026,5667870.7749,83259.2712,141387.3863,79600.0289,61787.3574,264320,24720,338,segment,20251201,0.437007564938627,0.02494541458604348,0.9144755051203985,0.36361128851934843,4.0
SME,202601,2026,5773393.6574,79383.8691,143256.8529,80615.1506,62641.7023,265582,24810,344,segment,20260101,0.4372684519582937,0.024813283382535627,0.9145637620871099,0.39486541914437656,4.0
SME,202602,2026,6171489.325,84389.4061,154732.2537,87142.6458,67589.6079,298432,28259,348,segment,20260201,0.43681654137245984,0.02507210910552778,0.9134993005623051,0.4148014598002054,4.0
SME,202603,2026,6346174.1269,100085.56480000001,158519.1377,89408.0378,69111.0999,302190,28911,360,segment,20260301,0.4359795347284431,0.02497869338757554,0.9126822329138239,0.26737930719749325,4.0
SME,202604,2026,6112748.9515,94482.2339,151790.2667,85643.3468,66146.9199,281357,27573,372,segment,20260401,0.4357784022524548,0.024831752114202625,0.9107467711131971,0.2857234961976802,4.0
SME,202605,2026,6246254.3095,90819.9392,154818.8699,87266.2231,67552.6468,284995,28370,380,segment,20260501,0.4363334188115011,0.024785873617815108,0.9094665964609959,0.3178498722109094,4.0
SME,202606,2026,6307113.3528,126250.74309999999,157603.6373,89383.5565,68220.0808,299830,30084,388,segment,20260601,0.43285854291638226,0.024988236057313436,0.9088125996471808,0.30402527193567414,4.0
Digital Services,202407,2025,2114989.9628999997,30890.83,67761.14199999999,42766.2705,24994.8715,251694,32533,30,vertical,20240701,0.36886732959724916,0.03203851705617,0.8855386715547784,,11.0
Digital Services,202408,2025,2143223.1273,44626.9903,68739.3199,43604.0608,25135.2591,255844,33093,30,vertical,20240801,0.36566057296705956,0.032072871473068115,0.885466381944853,,11.0
Digital Services,202409,2025,2175206.0509,44013.8748,69880.73,44354.2468,25526.4832,260137,34008,30,vertical,20240901,0.3652864416270408,0.03212602777152379,0.8843835523296334,,11.0
Digital Services,202410,2025,2202913.4023,49045.5911,70597.1568,44804.3242,25792.8326,263566,33789,30,vertical,20241001,0.36535228568864975,0.03204717749063194,0.8863681458189706,,11.0
Digital Services,202411,2025,2258289.8614000003,46263.7777,72448.2001,45939.3617,26508.8384,270921,35002,31,vertical,20241101,0.36590057949555604,0.03208100135342528,0.8855855885304472,,10.0
Digital Services,202412,2025,2315374.0564,50301.8236,74279.2674,47151.153600000005,27128.1138,278230,36035,31,vertical,20241201,0.36521784273817437,0.032080893017990886,0.885335624393426,,11.0
Digital Services,202501,2025,2346125.3558,46477.2617,75381.3461,47751.6867,27629.6594,282821,37114,31,vertical,20250101,0.36653178577292617,0.032130144245551565,0.8839951865222624,,10.0
Digital Services,202502,2025,2355758.6426000004,47933.536100000005,75731.2253,47891.7933,27839.432,283495,36741,32,vertical,20250201,0.3676083661622731,0.03214727686042449,0.8852689891205237,,11.0
Digital Services,202503,2025,2428864.3561,51921.6955,77816.5886,49296.8102,28519.7784,291438,38015,32,vertical,20250301,0.3664999830126195,0.03203826035182517,0.8846117655629179,,11.0
Digital Services,202504,2025,2463700.5077,49779.2102,78945.2395,49948.893,28996.3465,297321,38458,31,vertical,20250401,0.36729696031893094,0.032043358863330235,0.8854663335110295,,11.0
Digital Services,202505,2025,2502317.5821,51502.6153,80052.461,50636.2665,29416.1945,301553,38434,31,vertical,20250501,0.3674614638018437,0.03199132738891528,0.8869545012015165,,11.0
Digital Services,202506,2025,2549242.498,53832.582800000004,81657.3711,51632.2283,30025.1428,308939,39536,35,vertical,20250601,0.3676966622306556,0.03203201388807225,0.8865456632470048,,11.0
Digital Services,202507,2026,2657104.5342,54237.2591,85307.84300000001,53823.2999,31484.5431,325080,41776,37,vertical,20250701,0.3690697360616655,0.032105565250440726,0.8861242558388033,0.2563201626530048,11.0
Digital Services,202508,2026,2791174.901,56956.5099,89126.26389999999,56631.2959,32494.968,341392,44095,39,vertical,20250801,0.3645947510652918,0.03193145075504532,0.8856122255744033,0.3023258593314454,11.0
Digital Services,202509,2026,2904658.2585,58639.2156,92545.8762,58856.6775,33689.1987,355417,45931,39,vertical,20250901,0.36402701107064567,0.03186119259612723,0.8855581689705692,0.3353485557371386,11.0
Digital Services,202510,2026,2984116.8510000003,63669.149399999995,95026.2813,60568.520599999996,34457.7607,364802,55462,41,vertical,20251001,0.362612955369853,0.031844021546326505,0.86803057125997,0.3546228589305269,11.0
Digital Services,202511,2026,3064803.6736,61848.4614,97515.4004,62082.2689,35433.1315,375609,49409,41,vertical,20251101,0.36335933970076795,0.031817829389853156,0.8837484530066961,0.3571347620096965,11.0
Digital Services,202512,2026,3135529.909,65711.7923,99766.0614,63502.2807,36263.7807,384144,49565,43,vertical,20251201,0.36348814608010577,0.031817926888095906,0.8857183042085822,0.3542217510526995,11.0
Digital Services,202601,2026,3199828.0216,65944.17569999999,101684.3314,64791.2103,36893.1211,390757,51465,44,vertical,20260101,0.3628201178298744,0.031778061418799346,0.8836218008149753,0.3638776861131949,10.0
Digital Services,202602,2026,3278425.1452,63441.6389,104076.6241,66265.5435,37811.0806,399752,52792,46,vertical,20260201,0.36330041377658406,0.0317459205229622,0.8833439400367699,0.3916642757518115,11.0
Digital Services,202603,2026,3341886.1254,74995.8591,106207.9002,67729.9199,38477.9803,408287,54590,46,vertical,20260301,0.3622892480459754,0.031780825622024354,0.8820637015881109,0.37590479970895885,11.0
Digital Services,202604,2026,3369802.8144,64615.0074,107332.71949999999,68346.2892,38986.4303,414517,56435,45,vertical,20260401,0.3632296887809686,0.03185133534856721,0.8801682549389322,0.3677810285252149,11.0
Digital Services,202605,2026,3406730.3597999997,76206.3272,108455.0442,69183.5709,39271.473300000005,419729,58156,45,vertical,20260501,0.3620990945112722,0.03183552343319802,0.8783054500559758,0.36143005355099506,11.0
Digital Services,202606,2026,3470233.0449,92749.4023,110531.3635,70802.7852,39728.5783,426029,60189,45,vertical,20260601,0.359432626559429,0.031851279746886604,0.876209848257366,0.36128008521063026,11.0
Distribution & Wholesale,202407,2025,5755915.1803,12253.5519,52978.9429,39166.0775,13812.865399999999,2949,204,21,vertical,20240701,0.26072368839205357,0.009204260528599158,0.9352997145575642,,5.0
Distribution & Wholesale,202408,2025,4391550.7553,20341.2499,40315.0266,29845.072399999997,10469.9542,2323,165,21,vertical,20240801,0.25970351709999867,0.009180134500630622,0.9336816720257235,,7.0
Distribution & Wholesale,202409,2025,4955870.7014999995,14466.4015,46999.2006,34846.815299999995,12152.3853,2705,180,22,vertical,20240901,0.2585657871806441,0.009483540518071766,0.9376083188908145,,7.0
Distribution & Wholesale,202410,2025,5751711.0665,20942.9511,50998.5869,37761.219300000004,13237.3676,2941,176,23,vertical,20241001,0.2595634193934891,0.008866680942482285,0.9435354507539301,,6.0
Distribution & Wholesale,202411,2025,5468387.3383,26720.5429,48432.5553,35458.4147,12974.1406,2859,205,23,vertical,20241101,0.26788057164516366,0.008856826026346664,0.9330939947780679,,7.0
Distribution & Wholesale,202412,2025,5352468.0061,31390.23,52611.6397,39049.7444,13561.8953,2847,231,24,vertical,20241201,0.25777366714537125,0.009829416941874395,0.9249512670565302,,7.0
Distribution & Wholesale,202501,2025,5144676.6335,36454.7358,48300.8865,35782.7461,12518.1404,2670,209,23,vertical,20250101,0.25916999266669777,0.00938851747950195,0.9274053490795415,,7.0
Distribution & Wholesale,202502,2025,5485497.8094,19909.2225,50613.839400000004,37316.311200000004,13297.528199999999,2866,225,25,vertical,20250201,0.26272514311569883,0.009226845248806346,0.9272080232934325,,7.0
Distribution & Wholesale,202503,2025,6210510.8479,21236.1114,56483.5233,41351.9718,15131.5515,3221,231,27,vertical,20250301,0.26789319461592437,0.009094827250659925,0.933082271147161,,7.0
Distribution & Wholesale,202504,2025,6413413.3034,26794.7665,57905.3293,42599.5847,15305.7446,3353,216,27,vertical,20250401,0.26432359136933536,0.009028784916964907,0.9394788456150183,,7.0
Distribution & Wholesale,202505,2025,6123170.3048,25531.8519,54281.9811,39639.5285,14642.4526,3142,234,27,vertical,20250501,0.2697479403528992,0.008865012468695822,0.9306872037914692,,7.0
Distribution & Wholesale,202506,2025,6796251.2911,21626.363100000002,61039.335,44673.8301,16365.5049,3606,253,28,vertical,20250601,0.2681140759479113,0.00898132402489793,0.9344389738274165,,6.0
Distribution & Wholesale,202507,2026,7246457.7287,42341.1448,67317.0532,49693.5485,17623.5047,3828,266,29,vertical,20250701,0.2617985170509514,0.009289649608164698,0.9350268685881779,0.25895839353253153,6.0
Distribution & Wholesale,202508,2026,6126522.1677,30498.8786,53710.114499999996,39545.3832,14164.7313,3111,220,29,vertical,20250801,0.2637255837538756,0.008766819580473938,0.9339537676373462,0.39507033143272385,7.0
Distribution & Wholesale,202509,2026,6984091.0924,22442.9626,64462.8941,47384.777,17078.1171,3841,302,29,vertical,20250901,0.2649294192951849,0.00922996181566814,0.927105961863384,0.4092561152344263,7.0
Distribution & Wholesale,202510,2026,7187387.8585,34836.4721,63725.4653,46354.5349,17370.9304,3898,283,33,vertical,20251001,0.27259009123311967,0.008866290028391404,0.9323128438172686,0.24960864261104665,7.0
Distribution & Wholesale,202511,2026,6911595.5857,32063.9836,62696.1236,46119.2132,16576.9104,3711,274,34,vertical,20251101,0.2644008823537537,0.009071150477860345,0.9312421580928482,0.2639184384931776,7.0
Distribution & Wholesale,202512,2026,7535226.714500001,47811.124299999996,69085.4069,50889.9508,18195.4561,3997,273,35,vertical,20251201,0.26337626014619303,0.009168324924724466,0.9360655737704918,0.4078041579907429,6.0
Distribution & Wholesale,202601,2026,7353585.5396,26735.7491,68472.1945,50333.1763,18139.0182,3994,281,35,vertical,20260101,0.2649107178827166,0.009311402462277546,0.9342690058479532,0.42935816251627956,7.0
Distribution & Wholesale,202602,2026,7387616.382300001,27637.8822,64029.332,46372.0335,17657.2985,4123,279,35,vertical,20260201,0.275768900728185,0.008667116521292031,0.9366197183098591,0.34675404840022234,6.0
Distribution & Wholesale,202603,2026,8439216.0822,33777.3892,75919.0059,55700.5041,20218.501800000002,4615,345,39,vertical,20260301,0.26631673531963357,0.008995978436922408,0.9304435483870968,0.3588602111617929,6.0
Distribution & Wholesale,202604,2026,8773616.1237,33676.7197,81719.6257,60139.384,21580.2417,5046,415,40,vertical,20260401,0.2640766096901004,0.009314246776679955,0.9240065921992309,0.3680104039215382,6.0
Distribution & Wholesale,202605,2026,8429293.7797,36039.607,78096.70379999999,57776.054,20320.6498,4797,403,43,vertical,20260501,0.2601985591099941,0.009264916592191601,0.9225,0.3766224619119628,6.0
Distribution & Wholesale,202606,2026,8892043.5958,41032.8664,82568.2008,60874.7595,21693.4413,5095,405,43,vertical,20260601,0.26273360797271966,0.00928562707890902,0.9263636363636364,0.3083747517465304,5.0
E-commerce,202407,2025,8646510.9269,257547.8627,170225.735,119279.9163,50945.8187,181838,18083,62,vertical,20240701,0.2992838814883073,0.019687216779014742,0.9095492719624252,,3.0
E-commerce,202408,2025,8761046.7384,418202.8394,173267.8394,121404.19750000001,51863.6419,185258,17992,62,vertical,20240801,0.29932641902614965,0.019777070545755737,0.9114784747847479,,4.0
E-commerce,202409,2025,9015687.1171,424681.0666,178626.3445,124884.31910000001,53742.025400000006,190758,18997,64,vertical,20240901,0.30086281813822824,0.019812837577426624,0.9094324330766848,,3.0
E-commerce,202410,2025,9287759.9337,440700.3766,185041.9738,128972.35800000001,56069.6158,198178,19407,69,vertical,20241001,0.3030102557196134,0.019923208084716735,0.9108072707217869,,3.0
E-commerce,202411,2025,13014538.965100002,548068.1489,261280.987,181284.8788,79996.1082,283131,27756,72,vertical,20241101,0.306168883999202,0.020076084731134567,0.9107199722085516,,2.0
E-commerce,202412,2025,11139432.506000001,572456.8513,223426.0697,155234.3242,68191.7455,245441,24195,74,vertical,20241201,0.30520943948735635,0.020057221907817713,0.9102679167470219,,3.0
E-commerce,202501,2025,9286068.8575,478117.3434,186457.954,129285.9471,57172.0069,206749,20700,77,vertical,20250101,0.3066214429232662,0.020079320631938357,0.9089905869007997,,4.0
E-commerce,202502,2025,10695790.4714,475598.973,215765.4385,149308.8216,66456.6169,239696,24711,79,vertical,20250201,0.3080039943468518,0.020172930563378724,0.9065418086510569,,3.0
E-commerce,202503,2025,13115575.5648,601521.9269,264958.0513,183229.2096,81728.8417,293960,30141,79,vertical,20250301,0.30845955161204797,0.020201786036070188,0.9070012125849658,,3.0
E-commerce,202504,2025,11284357.4332,556679.7377,228458.811,158684.6807,69774.1303,252888,25882,80,vertical,20250401,0.305412297274015,0.020245619863816563,0.9071564372062991,,3.0
E-commerce,202505,2025,12397827.1973,578484.4131,249450.9101,175389.0436,74061.8665,272779,27987,84,vertical,20250501,0.2968995642080842,0.0201205345203009,0.9069475938104706,,2.0
E-commerce,202506,2025,13032043.253,614654.0215,261507.5234,184499.4875,77008.0359,284205,28591,87,vertical,20250601,0.29447732477741784,0.020066502107395974,0.908595378457525,,2.0
E-commerce,202507,2026,13443818.6043,630544.9007,268558.9474,190945.1505,77613.7969,292312,30095,93,vertical,20250701,0.28900097223124577,0.019976388800284878,0.9066552525224328,0.5548258387640713,2.0
E-commerce,202508,2026,13764697.0848,633881.7503000001,275081.5504,195800.63030000002,79280.9201,298474,30269,94,vertical,20250801,0.2882087874839897,0.01998456985324911,0.9079250356661587,0.571124717834093,2.0
E-commerce,202509,2026,14277545.6587,632018.797,285139.5873,203020.4012,82119.1861,312038,31574,97,vertical,20250901,0.28799644019124243,0.01997119071555906,0.9081114745701547,0.5836336679896382,2.0
E-commerce,202510,2026,15080992.7158,711128.5995,299482.6471,213910.3899,85572.25720000001,336066,42272,99,vertical,20251001,0.2857336077019068,0.019858284712666104,0.8882692195867188,0.6237491950109144,2.0
E-commerce,202511,2026,20980287.9829,866665.7024000001,415517.6872,296514.4983,119003.1889,471357,46763,100,vertical,20251101,0.286397408740679,0.019805146980759653,0.9097448467536478,0.6120654015605993,1.0
E-commerce,202512,2026,15395152.024600001,829844.328,305905.5156,214393.7431,91511.77249999999,359310,36003,103,vertical,20251201,0.2991504495121957,0.019870249745581714,0.9089253325845595,0.38204096270683036,3.0
E-commerce,202601,2026,12650339.0934,651013.5603,252179.4433,176173.7087,76005.7346,295747,29924,105,vertical,20260101,0.3013954412992393,0.019934599494773098,0.9081158592567345,0.3622921914026955,3.0
E-commerce,202602,2026,15731537.235,683399.7347,314484.22359999997,218984.2595,95499.9641,367382,37570,107,vertical,20260201,0.30367171684093347,0.019990686154963036,0.9072235721764554,0.47081576411442705,3.0
E-commerce,202603,2026,16692345.2342,784766.7716,334073.4157,232360.8552,101712.5605,389101,40414,108,vertical,20260301,0.30446170129064837,0.02001356975384956,0.9059078262691641,0.272711605505095,3.0
E-commerce,202604,2026,15276831.6685,727319.5303,306362.2923,212733.6794,93628.61290000001,355117,37300,111,vertical,20260401,0.3056140238313526,0.020054046476908064,0.9049480527092353,0.3538060770348907,3.0
E-commerce,202605,2026,15407542.7614,706119.6056,309141.2377,214735.79609999998,94405.4416,358602,37909,118,vertical,20260501,0.3053796455703328,0.020064279066904892,0.9043935729399689,0.24276153524348648,3.0
E-commerce,202606,2026,16124967.0127,982295.8388,322179.6298,225700.8999,96478.7299,378643,40805,122,vertical,20260601,0.29945633111531994,0.01998017295454011,0.9027173809387576,0.23733222025548475,3.0
Education,202407,2025,5269364.1325,49781.5507,74926.97320000001,57707.8854,17219.0878,30015,1595,45,vertical,20240701,0.22981160274601883,0.014219357652258435,0.9495412844036697,,7.0
Education,202408,2025,10649967.0859,113057.9796,152070.3228,116966.81929999999,35103.5035,60791,3382,45,vertical,20240801,0.23083730509448225,0.014278947678752282,0.9472987081794524,,2.0
Education,202409,2025,11473684.5817,127010.50749999999,163462.67859999998,125786.82849999999,37675.8501,65553,3538,45,vertical,20240901,0.2304859459216032,0.014246746756548932,0.9487921726418781,,2.0
Education,202410,2025,7231582.123000001,112349.852,102478.3839,79022.5353,23455.8486,41198,2195,45,vertical,20241001,0.2288858167678423,0.0141709493381909,0.9494158043924136,,5.0
Education,202411,2025,7337557.3505,91396.9721,104537.90060000001,80706.9237,23830.976899999998,41831,2255,46,vertical,20241101,0.22796494633258396,0.014246961980184936,0.9488499750487683,,5.0
Education,202412,2025,7344874.65,84156.323,104585.0931,80813.0119,23772.0812,42062,2369,46,vertical,20241201,0.2272989438109512,0.01423919373491282,0.9466813711147622,,5.0
Education,202501,2025,9084080.2425,111007.9422,129085.017,99670.13519999999,29414.881800000003,51802,2776,49,vertical,20250101,0.22787216118195966,0.014210026062525725,0.9491370149144344,,5.0
Education,202502,2025,7357626.789700001,95141.7562,105073.6311,81050.60399999999,24023.027100000003,42002,2294,49,vertical,20250201,0.22863040753904243,0.014280913411793786,0.9482120281741016,,6.0
Education,202503,2025,7313735.113,100466.8707,104042.7006,80071.42880000001,23971.2718,41741,2413,51,vertical,20250301,0.23039840048135005,0.014225658844967798,0.9453503646328758,,6.0
Education,202504,2025,7586540.9505,97832.3937,108955.3726,83602.3544,25353.0182,43515,2463,52,vertical,20250401,0.23269176723461546,0.014361666708306527,0.9464309017356127,,6.0
Education,202505,2025,7470415.3037,97799.3566,107894.86,82433.35059999999,25461.509400000003,43042,2488,56,vertical,20250501,0.23598445190067444,0.014442953385277131,0.9453547111794421,,6.0
Education,202506,2025,5367554.6911,75306.1689,77676.0224,58946.5083,18729.5141,30825,1771,57,vertical,20250601,0.24112349630302388,0.014471398405831885,0.945668180144803,,7.0
Education,202507,2026,5531422.6292,77870.4769,80364.65909999999,60996.7129,19367.946200000002,31893,1898,60,vertical,20250701,0.24100078836768193,0.014528750465704876,0.9438311976561806,0.04973247058097479,7.0
Education,202508,2026,11672213.7843,127037.4242,170586.8609,128992.9801,41593.8808,68328,4207,62,vertical,20250801,0.2438281622661596,0.014614782084393629,0.9420004135934377,0.09598590213047714,4.0
Education,202509,2026,12268469.7835,163129.7492,181101.1874,136437.66150000002,44663.5259,72664,4475,65,vertical,20250901,0.24662193849315425,0.014761513912971034,0.9419878401327474,0.0692702676407582,4.0
Education,202510,2026,7709799.6722,108188.63799999999,115308.50749999999,86301.4634,29007.0441,45710,5233,66,vertical,20251001,0.2515603118009311,0.014956096449014035,0.8972773491941974,0.06612903526035215,6.0
Education,202511,2026,7407429.285,96073.8134,112196.278,83334.9151,28861.3629,44123,3017,69,vertical,20251101,0.2572399317916767,0.01514645279533033,0.935999151463725,0.009522506082387102,6.0
Education,202512,2026,7172201.0566,106647.4674,109949.45039999999,81093.1577,28856.2927,42681,2799,72,vertical,20251201,0.2624505406349899,0.015329945372741936,0.9384564643799472,-0.023509399632844732,7.0
Education,202601,2026,8592473.448900001,101173.8715,133834.2854,97142.23270000001,36692.0527,51468,3582,75,vertical,20260101,0.27416033634681775,0.01557575780663405,0.9349318801089919,-0.054117398842428666,6.0
Education,202602,2026,6597270.2202,83537.1212,104487.6925,75517.26699999999,28970.4255,39655,2939,78,vertical,20260201,0.2772616066720011,0.01583801921286656,0.9309996713152087,-0.10334263903741751,7.0
Education,202603,2026,6323595.4254,87199.2145,101379.6262,72514.34389999999,28865.2823,38354,2923,80,vertical,20260301,0.2847246866254474,0.016031959570466547,0.9291857450880636,-0.1353808515487591,7.0
Education,202604,2026,5853723.0157,79717.881,94746.0632,66980.8756,27765.1876,35878,2893,84,vertical,20260401,0.2930484567088588,0.01618560750925282,0.925382373423435,-0.22840685183223014,8.0
Education,202605,2026,5372485.0109,74803.5373,88458.7328,62101.770300000004,26356.962499999998,32871,2757,84,vertical,20260501,0.29795772181805436,0.016465142782256244,0.9226170427753453,-0.28083181557000214,8.0
Education,202606,2026,3677066.7459,62198.084800000004,61541.1215,42671.786,18869.3355,22574,2002,85,vertical,20260601,0.3066134487003134,0.01673647114744913,0.9185384114583334,-0.31494563958575333,10.0
Food & Beverage,202407,2025,13567146.018299999,49401.1993,280685.6731,229165.36709999997,51520.306,1230580,120783,84,vertical,20240701,0.18355160571962942,0.020688630661260525,0.9106213504439592,,1.0
Food & Beverage,202408,2025,13771562.2579,73655.1994,284636.1345,232801.9802,51834.1543,1257256,123984,87,vertical,20240801,0.1821067251038009,0.020668398339245764,0.9102371781877154,,1.0
Food & Beverage,202409,2025,14727029.184799999,77443.613,302974.3169,248901.9646,54072.3523,1378664,132145,90,vertical,20240901,0.1784717359981611,0.020572670366723018,0.9125336160957473,,1.0
Food & Beverage,202410,2025,15098801.4398,76285.336,309109.0984,254141.504,54967.5944,1425751,138345,94,vertical,20241001,0.1778258701685631,0.020472426214255487,0.9115495468308851,,1.0
Food & Beverage,202411,2025,15396872.2344,81242.0774,315379.38169999997,259441.5193,55937.862400000005,1465796,137740,96,vertical,20241101,0.17736689728566365,0.02048334083044302,0.9141023338422087,,1.0
Food & Beverage,202412,2025,15712866.8973,83730.0123,321542.3149,264863.6766,56678.6383,1495341,142016,100,vertical,20241201,0.1762711645514747,0.02046363130303432,0.9132650973489593,,1.0
Food & Beverage,202501,2025,15796067.0351,88291.6259,323218.1557,265649.3342,57568.8215,1502526,146456,102,vertical,20250101,0.17811134827906575,0.020461938720681923,0.9111839910926863,,1.0
Food & Beverage,202502,2025,16186644.8199,76885.5899,332417.7576,272608.3297,59809.4279,1544702,150517,106,vertical,20250201,0.17992248167430633,0.020536544867613502,0.911210881897855,,1.0
Food & Beverage,202503,2025,19760365.4997,100018.7021,405960.9056,332556.213,73404.6926,1879137,182547,111,vertical,20250301,0.18081714664496992,0.02054420023790366,0.9114573329375404,,1.0
Food & Beverage,202504,2025,16830256.7742,94266.9071,346876.9684,283267.926,63609.0424,1598694,155520,111,vertical,20250401,0.18337637893170655,0.020610319441575382,0.9113449100280809,,1.0
Food & Beverage,202505,2025,17024446.756,86686.2482,351007.4856,286242.3444,64765.1412,1615154,157029,115,vertical,20250501,0.1845121367975749,0.02061784976808676,0.9113923336359733,,1.0
Food & Beverage,202506,2025,17582785.0306,92935.5257,362865.3314,295880.8943,66984.4371,1664649,162724,121,vertical,20250601,0.18459861360015278,0.020637534427480713,0.9109519512436706,,1.0
Food & Beverage,202507,2026,17988483.6588,91003.6661,371589.40380000003,302489.5792,69099.82459999999,1704316,166966,125,vertical,20250701,0.18595746782163755,0.020657072093912588,0.9107745385249257,0.32588560884774836,1.0
Food & Beverage,202508,2026,18168183.560599998,93696.465,375159.6908,305160.4804,69999.2104,1715583,167140,129,vertical,20250801,0.1865851052673914,0.020649267966093274,0.9112243277423179,0.31925363443627425,1.0
Food & Beverage,202509,2026,18710005.1362,95146.3786,385619.5841,314451.078,71168.5061,1762740,169693,128,vertical,20250901,0.1845562544913289,0.020610340900115823,0.9121868649521095,0.27045345679839444,1.0
Food & Beverage,202510,2026,18709646.010900002,101926.8922,384968.7595,315197.2747,69771.4848,1767216,208936,128,vertical,20251001,0.18123934235759723,0.02057595099745458,0.894271290872362,0.2391477618602177,1.0
Food & Beverage,202511,2026,18884693.8492,96303.3717,388521.4288,317638.8617,70882.5671,1789290,178442,134,vertical,20251101,0.18244184707888628,0.020573350667077862,0.909315902775378,0.22652793123836137,2.0
Food & Beverage,202512,2026,19082523.8166,98355.1008,392807.901,321274.9631,71532.9379,1817194,179564,134,vertical,20251201,0.18210666770676795,0.02058469334429936,0.9100722270800968,0.21445207557120083,1.0
Food & Beverage,202601,2026,19182977.7004,99190.7312,396875.0883,323744.226,73130.86230000001,1832262,188349,136,vertical,20260101,0.18426669865637926,0.020688919858970825,0.9067861156848102,0.2144148070386153,1.0
Food & Beverage,202602,2026,20953652.196,105057.31509999999,432952.2695,353476.0102,79476.25929999999,2020747,213334,135,vertical,20260201,0.1835681780621778,0.02066237739608227,0.9045092814450326,0.2945025006194859,1.0
Food & Beverage,202603,2026,21951952.6519,112250.0944,454472.44210000004,370697.6805,83774.7616,2127494,230896,140,vertical,20260301,0.18433408462105735,0.02070305313184357,0.9020959213700872,0.11090822951798512,1.0
Food & Beverage,202604,2026,19682369.2455,110846.5425,408720.7535,332612.81820000004,76107.9353,1917475,218595,144,vertical,20260401,0.18621010714103609,0.020765831003472627,0.897664870533269,0.16946339616589534,1.0
Food & Beverage,202605,2026,20195773.8401,100413.2105,417110.6263,340303.3895,76807.2368,1969529,228127,148,vertical,20260501,0.1841411653338164,0.020653361916333216,0.8961953099120153,0.18628077197177145,1.0
Food & Beverage,202606,2026,20788355.1748,148229.3045,429902.5774,350778.0355,79124.5419,2033371,241392,154,vertical,20260601,0.18405226220911694,0.02067997077138336,0.8938825715030533,0.18231299186228025,1.0
Healthcare,202407,2025,8871456.6688,60648.59040000001,157185.4823,116861.381,40324.1013,150128,10222,30,vertical,20240701,0.2565383310847913,0.01771811419119085,0.9362519488618647,,2.0
Healthcare,202408,2025,8889290.5873,98810.5129,158281.4238,118189.53289999999,40091.8909,150849,10180,30,vertical,20240801,0.2532949852072281,0.017805855511814895,0.9367815735053935,,3.0
Healthcare,202409,2025,8951574.6918,91461.8334,158768.02360000001,118402.2541,40365.7695,152421,10226,32,vertical,20240901,0.25424369835135996,0.01773632339184276,0.9371276445307937,,4.0
Healthcare,202410,2025,9050383.7557,95497.5229,160757.2026,119824.85010000001,40932.3525,153681,10066,33,vertical,20241001,0.2546221994285935,0.017762473607680327,0.9385271180540712,,4.0
Healthcare,202411,2025,8871348.588,93305.50829999999,158057.94220000002,117723.12370000001,40334.8185,151224,10161,34,vertical,20241101,0.25519007737657357,0.017816675856227784,0.9370387582489079,,4.0
Healthcare,202412,2025,8964801.686900001,97541.17229999999,159252.3297,118656.8109,40595.518800000005,153124,10107,35,vertical,20241201,0.25491318636577537,0.0177641776429601,0.9380816143992257,,4.0
Healthcare,202501,2025,9509328.6358,91315.6608,168661.2352,125151.62509999999,43509.6101,162107,10842,36,vertical,20250101,0.2579704224767826,0.01773639776892734,0.9373109991962949,,2.0
Healthcare,202502,2025,10064412.8571,101491.7298,177975.4833,131563.09660000002,46412.3867,171025,11713,38,vertical,20250201,0.2607796638021547,0.017683642933471883,0.935902767897208,,4.0
Healthcare,202503,2025,10270794.4966,102182.426,181158.2676,133916.059,47242.208600000005,175153,11610,39,vertical,20250301,0.26077865076691653,0.0176381941689097,0.9378356526721031,,4.0
Healthcare,202504,2025,10432840.0927,118962.11260000001,183948.0379,135695.3769,48252.66099999999,177890,11885,39,vertical,20250401,0.2623168018037337,0.01763163589833136,0.937373205111316,,4.0
Healthcare,202505,2025,10483370.0577,104191.3849,185079.9354,136262.2221,48817.7133,178429,12220,38,vertical,20250501,0.26376556267157636,0.017654621975693723,0.93590315186547,,4.0
Healthcare,202506,2025,10649604.899799999,111235.6564,188225.28519999998,138816.4018,49408.8834,181088,12358,38,vertical,20250601,0.2624986507391941,0.01767439139488967,0.9361165389824551,,4.0
Healthcare,202507,2026,10642787.1683,111530.7352,187731.9156,138453.4398,49278.47579999999,181102,12118,40,vertical,20250701,0.2624938633503188,0.017639356367020815,0.9372839250595176,0.1996662516235452,4.0
Healthcare,202508,2026,10566824.7587,118629.7715,186485.88780000003,137450.6606,49035.2272,180095,12071,40,vertical,20250801,0.2629433668063326,0.017648242689598907,0.9371845175525327,0.18871406609169328,6.0
Healthcare,202509,2026,10273701.3963,102928.7019,180231.457,133056.22580000001,47175.2312,176299,11905,42,vertical,20250901,0.26174804323975476,0.017542991571169186,0.9367441712184651,0.14769766773114454,6.0
Healthcare,202510,2026,10200696.1644,114512.45039999999,178682.95930000002,132424.1052,46258.8541,176255,15587,44,vertical,20251001,0.25888788881279734,0.017516741643927795,0.9187508470512192,0.12710095392093457,5.0
Healthcare,202511,2026,9888163.9511,104052.3567,171999.27159999998,127889.0718,44110.1998,171741,11146,45,vertical,20251101,0.2564557360602218,0.01739445992709962,0.939055263632735,0.11461790200369475,5.0
Healthcare,202512,2026,9704357.267299999,113393.0076,167667.4814,124867.44080000001,42800.0406,170422,11105,47,vertical,20251201,0.25526739140246907,0.017277546238427945,0.9388245274807604,0.08249547577618903,5.0
Healthcare,202601,2026,9684650.9059,93435.3396,167117.4526,124222.0548,42895.3978,172563,11112,46,vertical,20260101,0.2566781454159145,0.01725590878016988,0.9395018374846876,0.01843687149899935,5.0
Healthcare,202602,2026,9601730.7787,92235.42670000001,164518.7708,122683.22369999999,41835.547099999996,173060,11586,47,vertical,20260201,0.2542904186347106,0.017134282827941837,0.937252905559828,-0.04597208848339315,5.0
Healthcare,202603,2026,9430170.5352,93254.3199,160975.9117,120315.5799,40660.3318,172106,11327,47,vertical,20260301,0.25258643588722723,0.01707030759402761,0.9382499332181232,-0.08184605014522264,5.0
Healthcare,202604,2026,9233054.7472,99749.5119,156509.882,117404.9983,39104.8837,169113,11044,47,vertical,20260401,0.24985568451198498,0.01695104017957469,0.9386979134865701,-0.11500083724464517,5.0
Healthcare,202605,2026,8909731.4957,94426.7247,149893.1519,112733.36919999999,37159.7827,165095,11217,47,vertical,20260501,0.24790847499684876,0.016823531884472748,0.9363798266709016,-0.15010808102153836,5.0
Healthcare,202606,2026,8701668.7597,129936.7658,145413.9718,109917.20270000001,35496.7691,162610,10804,48,vertical,20260601,0.24410838009996505,0.016711044262389656,0.9376982250568004,-0.18291158765303875,6.0
Logistics,202407,2025,3212615.5783,16596.386,30981.6939,22580.5547,8401.1392,3607,172,8,vertical,20240701,0.2711646182780213,0.00964376009046012,0.9544853135750199,,9.0
Logistics,202408,2025,2866441.9720999994,17951.427499999998,26320.132100000003,19194.9321,7125.2,3188,165,9,vertical,20240801,0.2707129270069279,0.009182161144785872,0.9507903370116314,,9.0
Logistics,202409,2025,3350413.0812,23566.1519,31494.8853,22872.4902,8622.3951,3919,206,9,vertical,20240901,0.2737712812054597,0.009400299168101279,0.950060606060606,,8.0
Logistics,202410,2025,3193075.8759,15959.4813,30108.2519,21980.523500000003,8127.728400000001,3616,242,10,vertical,20241001,0.2699501926247668,0.009429231584267847,0.9372731985484707,,8.0
Logistics,202411,2025,2972655.5749,16247.841400000001,27224.2725,19820.1356,7404.1369,3347,197,10,vertical,20241101,0.2719682188018064,0.009158233039128936,0.9444130925507901,,8.0
Logistics,202412,2025,3196448.4185,18824.711499999998,29719.2645,21590.2107,8129.0538,3798,218,11,vertical,20241201,0.273528094882698,0.00929758926438312,0.9457171314741036,,8.0
Logistics,202501,2025,2938917.7857,20270.929500000002,24262.7073,17504.642,6758.0653,3513,188,13,vertical,20250101,0.2785371482431394,0.008255660440062646,0.949202918130235,,8.0
Logistics,202502,2025,3611794.2038,26115.4566,34124.307199999996,24919.126,9205.181199999999,4082,233,13,vertical,20250201,0.2697543761415909,0.009448020921041824,0.9460023174971032,,8.0
Logistics,202503,2025,3723792.6434,23910.638,35592.6019,26021.2533,9571.3486,4344,250,14,vertical,20250301,0.26891399024132595,0.009558158927856483,0.9455811928602526,,8.0
Logistics,202504,2025,3776713.0225,17488.7751,33341.935600000004,24209.3909,9132.5447,4121,241,14,vertical,20250401,0.2739056547154989,0.008828294710602414,0.9447501146263182,,8.0
Logistics,202505,2025,4082901.7336999997,30156.194499999998,32233.7942,23097.8713,9135.922900000001,4389,224,14,vertical,20250501,0.28342685454013355,0.0078948248824958,0.9514415781487102,,8.0
Logistics,202506,2025,4889867.8291,32968.4412,42532.2549,30797.6066,11734.6483,5289,260,15,vertical,20250601,0.2758999805580494,0.008698037735680115,0.9531447107586952,,8.0
Logistics,202507,2026,4613697.9536,27411.0448,38003.474299999994,27332.9248,10670.5495,4948,261,15,vertical,20250701,0.2807782629495009,0.008237096290698106,0.9498944135150701,0.4361189009864048,8.0
Logistics,202508,2026,3422300.8538,28985.9318,26544.1544,18986.4396,7557.7148,3744,192,15,vertical,20250801,0.2847223794026756,0.00775623054020114,0.9512195121951219,0.19391946081949463,9.0
Logistics,202509,2026,5200182.3876,25624.128699999997,44946.0896,32447.217200000006,12498.8724,5479,296,16,vertical,20250901,0.2780858693433477,0.008643175613835272,0.9487445887445888,0.5521018637312263,8.0
Logistics,202510,2026,4365148.0039,25844.9297,38049.3984,27530.139099999997,10519.259300000002,4703,411,16,vertical,20251001,0.27646322260905976,0.008716634204843714,0.9196323816973015,0.3670667950130186,8.0
Logistics,202511,2026,5219573.7326,25839.308399999998,44662.583999999995,32451.5126,12211.071399999999,5706,306,17,vertical,20251101,0.2734071857553069,0.008556749322468608,0.9491017964071856,0.7558622588745708,8.0
Logistics,202512,2026,5736875.2688,43571.2161,50891.2893,36968.228,13923.061300000001,6296,359,17,vertical,20251201,0.273584369575011,0.008870907404379577,0.9460555972952667,0.7947654764571949,8.0
Logistics,202601,2026,4462374.6158,37333.3052,39708.4916,29036.460000000003,10672.0316,4888,292,18,vertical,20260101,0.2687594307913726,0.008898511447112378,0.9436293436293436,0.5183734085767011,8.0
Logistics,202602,2026,5378314.3544,17461.0897,46369.6171,34092.8211,12276.796,5872,292,18,vertical,20260201,0.2647594862283217,0.00862158922749932,0.9526281635301752,0.4890976758148149,8.0
Logistics,202603,2026,5656957.5727,37546.5884,52760.1925,39313.4769,13446.7156,6217,356,18,vertical,20260301,0.2548647941343277,0.009326602121715785,0.9458390384907956,0.5191387153971412,8.0
Logistics,202604,2026,5946013.4381,40040.0792,54112.0261,40050.890400000004,14061.1357,6427,373,19,vertical,20260401,0.2598523232897391,0.00910055563501906,0.9451470588235295,0.5743884702587301,7.0
Logistics,202605,2026,5746951.8464,33674.5374,52171.958399999996,38262.4593,13909.4991,6364,375,19,vertical,20260501,0.2666087209791228,0.009078196545649064,0.9443537616857101,0.40756555539043254,7.0
Logistics,202606,2026,6347927.1764,63334.19040000001,54396.5423,40154.4811,14242.0612,6847,372,20,vertical,20260601,0.2618192369922012,0.008569181842890808,0.948469317079928,0.2981797051083817,7.0
Professional Services,202407,2025,2320012.6929,11762.72,32798.9882,21361.2035,11437.7847,29339,2159,54,vertical,20240701,0.3487237054464991,0.014137417566884726,0.9314559654581244,,10.0
Professional Services,202408,2025,2221074.9812,19034.7879,31644.9836,20342.8881,11302.0955,28160,2069,57,vertical,20240801,0.357152831641853,0.014247598063034722,0.9315557907969169,,10.0
Professional Services,202409,2025,2373745.0554,16462.2597,33918.9626,22015.968,11902.9946,30453,2228,58,vertical,20240901,0.3509244884747743,0.01428921885391113,0.9318258315229032,,10.0
Professional Services,202410,2025,2656859.8716,23393.3704,36585.0201,23812.6539,12772.3662,33760,2435,60,vertical,20241001,0.34911464214283705,0.013770022458116303,0.9327255145738361,,10.0
Professional Services,202411,2025,2231542.0959,17011.8735,33138.5759,21064.8421,12073.7338,28344,2091,61,vertical,20241101,0.3643407561155939,0.014850078768796397,0.931296205027107,,11.0
Professional Services,202412,2025,2416505.8669,20147.5766,35005.4916,22416.2116,12589.28,30492,2259,61,vertical,20241201,0.3596372861679794,0.014485994873625773,0.9310250068700192,,10.0
Professional Services,202501,2025,2860931.3763,21743.636300000002,39746.3684,25902.2919,13844.0765,35839,2497,62,vertical,20250101,0.3483104760836464,0.013892807331647146,0.9348654006677797,,9.0
Professional Services,202502,2025,2764303.8949,21984.6807,37902.2742,24510.2966,13391.9776,34981,2524,64,vertical,20250201,0.3533291308414417,0.013711326844319745,0.9327023063591521,,9.0
Professional Services,202503,2025,2811628.7338,23881.4581,39212.6543,25261.6583,13950.996,34839,2527,64,vertical,20250301,0.3557779050932545,0.01394659751076129,0.9323716747845635,,10.0
Professional Services,202504,2025,3127944.3756,24744.6258,43321.4994,28101.8694,15219.630000000001,39486,2907,66,vertical,20250401,0.3513181725192088,0.013849830495048399,0.9314273582902838,,9.0
Professional Services,202505,2025,2990958.8893,28590.1507,42376.8843,27351.3217,15025.5626,36613,2719,66,vertical,20250501,0.35456978133713335,0.01416832723833186,0.9308705379843385,,10.0
Professional Services,202506,2025,3089708.3108,26276.1764,43807.116,28170.3416,15636.7744,37871,2899,70,vertical,20250601,0.3569459902359242,0.014178398603801302,0.9288937944567084,,10.0
Professional Services,202507,2026,3366335.6168,26884.5951,46592.6847,29952.8814,16639.8033,40699,3097,71,vertical,20250701,0.3571333870786802,0.013840772282916481,0.9292857795232441,0.45099879285233707,10.0
Professional Services,202508,2026,3411868.3136,28516.3362,47180.6296,30079.6531,17100.9765,40933,3082,74,vertical,20250801,0.36245757305451476,0.013828385290233496,0.9299784164489379,0.5361337831812593,10.0
Professional Services,202509,2026,3397444.4961,26168.4109,47622.0478,30358.641,17263.4068,41934,2905,73,vertical,20250901,0.36250870337415436,0.014017020102805616,0.9352126497022681,0.43125921984384985,10.0
Professional Services,202510,2026,3544775.9303,29278.318900000002,48708.108400000005,31343.8508,17364.2576,42240,3858,72,vertical,20251001,0.3564962420096774,0.01374081447113577,0.9163087335676168,0.3341975495927393,9.0
Professional Services,202511,2026,3229932.0692,29877.8696,45661.2416,28950.4156,16710.826,38182,2900,76,vertical,20251101,0.36597397298981904,0.014136904622675093,0.9294094737354559,0.44739912150182426,10.0
Professional Services,202512,2026,3610045.2945,29399.5822,50104.4011,31887.0472,18217.3539,43480,3338,78,vertical,20251201,0.36358789846906275,0.013879161343580755,0.9287026357383912,0.4939112476193261,10.0
Professional Services,202601,2026,3646525.3253,27639.2421,51673.9067,32824.0703,18849.8364,44886,3302,78,vertical,20260101,0.3647844261018492,0.014170724755832809,0.9314767161949032,0.2745937758269466,9.0
Professional Services,202602,2026,3722902.2776,29390.2102,52493.8107,33435.976,19057.8347,45796,3476,78,vertical,20260201,0.3630491756240512,0.014100238680946677,0.9294528332521513,0.3467774959433965,9.0
Professional Services,202603,2026,3984849.8578,32156.4469,55427.3522,35626.74,19800.6122,48603,3578,82,vertical,20260301,0.3572353975804747,0.013909520854720721,0.9314309806251317,0.4172745533206856,9.0
Professional Services,202604,2026,4031926.3074000003,33790.4251,57126.295900000005,36990.8191,20135.4768,48537,3618,85,vertical,20260401,0.352472998341207,0.014168487106312732,0.9306298533218291,0.28900192051100626,9.0
Professional Services,202605,2026,4295711.9762,32976.0805,61193.3733,39474.519,21718.8543,51345,3920,84,vertical,20260501,0.35492167090582666,0.014245222593841554,0.9290690310322989,0.4362323706847616,9.0
Professional Services,202606,2026,4292794.003,45334.741500000004,60692.593799999995,39231.1729,21461.4209,51100,3816,86,vertical,20260601,0.3536085633565393,0.014138249764043011,0.9305120547745648,0.38938487752861417,9.0
Retail,202407,2025,8287689.4283,176618.639,172988.8104,120775.1532,52213.6572,231375,18114,73,vertical,20240701,0.3018325698596746,0.02087298418897003,0.9273955965994493,,4.0
Retail,202408,2025,8479433.5352,254536.76839999997,176109.43409999998,123627.7372,52481.6969,240086,18214,75,vertical,20240801,0.29800616399800245,0.020769009317536467,0.9294850948509485,,5.0
Retail,202409,2025,8942895.1059,267932.5578,185017.5387,130243.62970000002,54773.909,256835,19785,76,vertical,20240901,0.2960471173968763,0.020688774329683933,0.9284758874990963,,5.0
Retail,202410,2025,9328401.4794,297232.5353,192184.4943,135629.8353,56554.659,269422,21067,76,vertical,20241001,0.2942727466437442,0.020602082224312805,0.9274774604201881,,2.0
Retail,202411,2025,11263389.7223,326333.2136,230753.72780000002,163097.2681,67656.4597,326924,25333,76,vertical,20241101,0.29319768891724923,0.02048705882414231,0.9280837570296687,,3.0
Retail,202412,2025,11300380.8723,381027.35099999997,231719.3102,163716.1389,68003.1713,328208,24921,82,vertical,20241201,0.2934721808092108,0.020505442499553335,0.9294280560361794,,2.0
Retail,202501,2025,9441786.3665,329721.6568,193159.8633,136541.13079999998,56618.7325,273737,20890,82,vertical,20250101,0.29311851609702394,0.020457978586058915,0.9290967901787685,,3.0
Retail,202502,2025,10937610.113400001,304757.5623,223370.36280000003,157827.5398,65542.823,324318,25289,82,vertical,20250201,0.2934266756717646,0.020422227569287934,0.9276644918436988,,2.0
Retail,202503,2025,13762385.421500001,390481.46869999997,279223.7248,198188.0083,81035.7165,423968,33999,86,vertical,20250301,0.2902178765720698,0.020288904593805994,0.925761026449504,,2.0
Retail,202504,2025,11484432.4952,373292.05739999993,234939.9004,165955.2654,68984.635,347747,27634,88,vertical,20250401,0.2936267312727608,0.020457249454702685,0.9263841270602401,,2.0
Retail,202505,2025,11628414.198,387530.45300000004,237154.9497,167991.25650000002,69163.6932,355464,29393,90,vertical,20250501,0.2916392564755312,0.020394436047934106,0.9236261780349584,,3.0
Retail,202506,2025,11886120.130199999,369236.6148,242552.6438,171537.3898,71015.254,363968,29627,92,vertical,20250601,0.29278284865266846,0.020406376609279544,0.9247271941970807,,3.0
Retail,202507,2026,12126065.965499999,365706.59969999996,247548.47530000002,174938.1068,72610.36850000001,370367,30547,95,vertical,20250701,0.2933177771020592,0.020414574356126945,0.923806601914625,0.4631419372561286,3.0
Retail,202508,2026,12280634.4564,375743.9773,250647.8262,177237.39370000002,73410.4325,375773,30561,95,vertical,20250801,0.2928827814426104,0.020410006265545667,0.9247884745061944,0.4482847710782066,3.0
Retail,202509,2026,13253043.920500001,423753.68669999996,265335.1038,189901.77650000004,75433.3273,400246,31596,98,vertical,20250901,0.2842945626857535,0.020020691502393332,0.9268343514526146,0.48196347643129744,3.0
Retail,202510,2026,14042489.302000001,421023.5862,276616.1196,199978.65420000002,76637.4654,421618,39294,100,vertical,20251001,0.2770535047300259,0.019698510260613332,0.914747283646336,0.5053478704802926,3.0
Retail,202511,2026,16651226.5898,465696.42079999996,324533.70759999997,236227.20519999997,88306.5024,496315,39530,103,vertical,20251101,0.27210271331457836,0.019490078154290373,0.9262286668719499,0.47834950226687134,3.0
Retail,202512,2026,16451871.5627,521466.2824,319681.1875,233360.1307,86321.0568,488351,39303,106,vertical,20251201,0.27002232278682337,0.019431296085777094,0.9255136888946165,0.4558687666030411,2.0
Retail,202601,2026,13568778.7318,469771.9588,264261.279,192686.0841,71575.1949,402387,32322,110,vertical,20260101,0.2708501039987777,0.01947568636967107,0.9256468120052725,0.4370986808113776,2.0
Retail,202602,2026,16884616.0554,475596.9388,329564.97510000004,239870.1338,89694.8413,504288,40715,113,vertical,20260201,0.27216132804398846,0.01951865378630267,0.9252939892073988,0.5437207836393929,2.0
Retail,202603,2026,18231384.7121,565795.5462999999,354606.2832,259538.089,95068.1942,545918,44878,116,vertical,20260301,0.26809506403015704,0.019450320905391852,0.9240380774412826,0.3247256310391073,2.0
Retail,202604,2026,16741116.7248,556022.1902,326031.5954,238958.3095,87073.2859,503004,42569,118,vertical,20260401,0.26707008501176693,0.01947490127208912,0.9219737780278716,0.4577225937630847,2.0
Retail,202605,2026,17026693.9688,563394.6358,332363.2599,243036.3639,89326.896,512225,44318,123,vertical,20260501,0.2687628470934973,0.019520128834700855,0.9203691358978552,0.4642318100200166,2.0
Retail,202606,2026,17317022.4196,681163.604,338601.3861,248111.6401,90489.74600000001,520308,45511,123,vertical,20260601,0.2672456455133218,0.019553095093112507,0.9195661510129565,0.4569112738143442,2.0
Telecom & Utilities,202407,2025,5516029.2155,31332.536300000003,90544.72409999999,77749.1144,12795.609699999999,199635,13744,12,vertical,20240701,0.14131811463546112,0.016414837659954738,0.9355887880250634,,6.0
Telecom & Utilities,202408,2025,5297274.0439,43068.658899999995,86165.6914,74458.2014,11707.49,189938,13341,13,vertical,20240801,0.13587182798373043,0.01626604375871829,0.9343709876573576,,6.0
Telecom & Utilities,202409,2025,5544624.2906,49654.626000000004,90810.5017,78365.7402,12444.7615,199196,13684,13,vertical,20240901,0.13704099489629845,0.01637811634125585,0.9357196542653138,,6.0
Telecom & Utilities,202410,2025,5525242.2979999995,46365.4036,89217.0658,77268.7038,11948.362000000001,195423,13157,13,vertical,20241001,0.1339246240936115,0.01614717708077605,0.9369210854348451,,7.0
Telecom & Utilities,202411,2025,5963867.1325,50177.8388,97714.47339999999,84384.4923,13329.9811,209883,14373,14,vertical,20241101,0.13641767320827625,0.016384414881999383,0.935908069349315,,6.0
Telecom & Utilities,202412,2025,6600970.8254,51334.443600000006,108173.20760000001,94273.1236,13900.083999999999,225906,16259,16,vertical,20241201,0.12849839908047617,0.016387469428551068,0.932859826977474,,6.0
Telecom & Utilities,202501,2025,7574705.2025,61242.3583,120792.45289999999,109227.725,11564.7279,241553,18746,15,vertical,20250101,0.0957404839652859,0.01594681900757444,0.9279828197572791,,6.0
Telecom & Utilities,202502,2025,8944569.844,68373.8364,141363.8168,129191.5272,12172.2896,276300,22528,17,vertical,20250201,0.08610611877593277,0.015804428750123358,0.9246121514717497,,5.0
Telecom & Utilities,202503,2025,9760610.4289,80639.9288,152785.232,140521.1654,12264.066600000002,294577,24814,16,vertical,20250301,0.08026997399853411,0.015653245574438788,0.922308393160734,,5.0
Telecom & Utilities,202504,2025,10369704.8303,83789.59389999999,161776.9557,148548.9677,13227.988000000001,311801,25797,16,vertical,20250401,0.08176682484080149,0.015600921949802473,0.9235866326222312,,5.0
Telecom & Utilities,202505,2025,9731292.243999999,85024.28510000001,149232.0933,138080.15099999998,11151.942299999999,294488,25183,15,vertical,20250501,0.07472884721640502,0.015335280203100642,0.9212221315039525,,5.0
Telecom & Utilities,202506,2025,10130367.9317,83727.1491,155968.9553,143838.1802,12130.7751,308993,26277,18,vertical,20250601,0.07777685678965371,0.015396178732259184,0.9216243624541415,,5.0
Telecom & Utilities,202507,2026,10550057.9594,85938.8709,163380.6923,149808.8003,13571.892000000002,324002,27453,19,vertical,20250701,0.08306913019489025,0.015486236467016693,0.9218875816249591,0.9126182163347536,5.0
Telecom & Utilities,202508,2026,10701244.0568,94738.7034,165786.2303,151721.9694,14064.260900000001,328383,27633,19,vertical,20250801,0.08483370949776642,0.015492238978948691,0.9223827019010381,1.020141674400037,5.0
Telecom & Utilities,202509,2026,11210619.7688,90061.0663,173416.272,158315.8768,15100.395199999999,343017,28585,19,vertical,20250901,0.08707599941947777,0.015468928174928433,0.9230763020651127,1.021889884911727,5.0
Telecom & Utilities,202510,2026,11295664.6281,98118.6983,174898.8258,159221.4622,15677.363599999999,346393,38560,20,vertical,20251001,0.0896367572983443,0.015483712694949145,0.8998319275340106,1.044374530360189,4.0
Telecom & Utilities,202511,2026,11615456.201,96801.9875,179989.733,163735.90850000002,16253.824500000002,355808,30223,20,vertical,20251101,0.09030417584985251,0.015495709327757984,0.9217083602094133,0.9476383264311429,4.0
Telecom & Utilities,202512,2026,11935962.1568,101425.5138,184769.6334,167695.4664,17074.167,364482,30911,21,vertical,20251201,0.09240786316351485,0.01548007868764358,0.9218220858740545,0.8082131359937822,4.0
Telecom & Utilities,202601,2026,12045666.5743,101367.8584,187123.2307,169577.3905,17545.8402,367738,30592,21,vertical,20260101,0.09376623166649933,0.015534485330951817,0.9231993573167976,0.5902488944816464,4.0
Telecom & Utilities,202602,2026,12198273.401,101123.2435,188589.9925,170705.46779999998,17884.524699999998,370297,32096,21,vertical,20260201,0.09483284061321545,0.015460384129817881,0.9202371810642829,0.36376299964638076,4.0
Telecom & Utilities,202603,2026,12584281.8795,109451.3118,194451.1045,176230.83109999998,18220.2734,381585,32109,22,vertical,20260301,0.09370105377827771,0.015451903125021699,0.9223846611263398,0.289292505952235,4.0
Telecom & Utilities,202604,2026,13248563.5249,108566.3646,203776.5933,183663.93,20112.6633,398998,32753,22,vertical,20260401,0.09869957571814995,0.015381033039318736,0.9241391450164562,0.27762204823690384,4.0
Telecom & Utilities,202605,2026,12946364.0308,107746.0147,198727.0526,179541.6048,19185.4478,390283,33082,22,vertical,20260501,0.09654170153983355,0.015350028172173989,0.9218593884709412,0.3303848765596687,4.0
Telecom & Utilities,202606,2026,13037533.7805,148124.0988,200729.2633,181412.6063,19316.657,394159,33148,22,vertical,20260601,0.09623239124397265,0.015396260265129826,0.9224257969094819,0.2869753466409528,4.0
Travel & Hospitality,202407,2025,3764400.6957,155887.13390000002,71781.3067,52730.1494,19051.1573,13874,1551,30,vertical,20240701,0.26540555160999874,0.019068455380425987,0.8994489465153971,,8.0
Travel & Hospitality,202408,2025,3644340.8783,219241.4443,69636.7567,51226.0392,18410.7175,13548,1485,30,vertical,20240801,0.26438217936131997,0.019108189663224896,0.901217321891838,,8.0
Travel & Hospitality,202409,2025,2743633.9389,180243.74240000002,52258.2833,38604.4158,13653.8675,10133,1153,30,vertical,20240901,0.26127661755777576,0.01904710484845213,0.8978380294169768,,9.0
Travel & Hospitality,202410,2025,2733484.0192,174528.1192,52188.8412,38693.9212,13494.92,9976,1085,30,vertical,20241001,0.25857864803482167,0.019092425941920795,0.9019076032908417,,9.0
Travel & Hospitality,202411,2025,2748953.3862,146871.04369999998,52457.4468,38420.6496,14036.797199999999,10109,1142,31,vertical,20241101,0.2675844528521735,0.019082697823593963,0.8984979112967736,,9.0
Travel & Hospitality,202412,2025,2906857.5461,184771.1924,55465.0831,41043.9363,14421.1468,10537,1216,31,vertical,20241201,0.26000406010389626,0.01908077097703498,0.8965370543690973,,9.0
Travel & Hospitality,202501,2025,2316700.5103,148237.4619,43808.2663,32574.1862,11234.080100000001,8520,989,31,vertical,20250101,0.2564374500252707,0.018909766758901034,0.8959932695341256,,11.0
Travel & Hospitality,202502,2025,2537804.8756,131427.3643,47841.924,35174.8218,12667.1022,9252,1049,31,vertical,20250201,0.26476991602595246,0.0188516952031976,0.8981652266770217,,10.0
Travel & Hospitality,202503,2025,2968515.8419,179798.0772,55955.7108,41432.3797,14523.3311,10836,1212,32,vertical,20250301,0.25955047112009877,0.018849726186465465,0.899402390438247,,9.0
Travel & Hospitality,202504,2025,2977620.3656,173201.0427,56399.998700000004,42154.6471,14245.3516,10838,1271,32,vertical,20250401,0.2525771618501828,0.01894129935151596,0.8950367495251466,,10.0
Travel & Hospitality,202505,2025,3005015.2492,192944.5018,57216.785800000005,42101.0823,15115.7035,10864,1192,33,vertical,20250501,0.2641830240663396,0.019040431097723166,0.9011280690112807,,9.0
Travel & Hospitality,202506,2025,4011563.5594,221317.0427,76259.8544,55984.300500000005,20275.5539,14652,1615,34,vertical,20250601,0.26587454250371606,0.019010007761513816,0.9007192475564025,,9.0
Travel & Hospitality,202507,2026,4596503.3045,290731.4608,87261.19,62930.2674,24330.922599999998,16773,1854,35,vertical,20250701,0.27882868202920447,0.01898425481704122,0.9004670639394428,0.22104517453481873,9.0
Travel & Hospitality,202508,2026,4507632.6673,295889.05460000003,86053.4818,62427.0545,23626.4273,16413,1743,36,vertical,20250801,0.2745551580923946,0.019090615440841736,0.9039986781229346,0.2368855762479347,8.0
Travel & Hospitality,202509,2026,3439551.9441,223280.4246,65512.8717,47168.8759,18343.9958,12727,1361,37,vertical,20250901,0.28000597934405613,0.019046920286340443,0.9033929585462805,0.2536482711243225,9.0
Travel & Hospitality,202510,2026,3473209.2927,222756.6844,66046.1496,47540.028099999996,18506.1215,12694,1715,39,vertical,20251001,0.28019985437576517,0.019015885319325836,0.8809771670483726,0.2706162788237164,10.0
Travel & Hospitality,202511,2026,3506748.9205,227529.0142,67559.5947,48713.940800000004,18845.6539,12869,1408,42,vertical,20251101,0.27894859321884,0.01926559221421738,0.9013798417034391,0.27566692767662176,9.0
Travel & Hospitality,202512,2026,3676279.5445,220478.3036,70120.66530000001,50435.2185,19685.4468,13626,1480,43,vertical,20251201,0.2807367373908815,0.019073812111188873,0.9020256851582152,0.26469202091870614,9.0
Travel & Hospitality,202601,2026,2935460.5821,196390.3899,56533.0192,40152.7881,16380.231099999999,10946,1214,45,vertical,20260101,0.2897462638966928,0.01925865383603851,0.9001644736842105,0.2670867766675089,11.0
Travel & Hospitality,202602,2026,3288068.9735,199254.6524,63714.4639,45264.2105,18450.2534,12217,1330,45,vertical,20260201,0.2895771583193059,0.01937747182723447,0.9018232819074333,0.29563506048612936,10.0
Travel & Hospitality,202603,2026,3721903.585,228876.1316,71905.88769999999,50885.4289,21020.4588,13945,1663,45,vertical,20260301,0.29233292950502027,0.019319653520793713,0.893452075858534,0.25379273119115103,10.0
Travel & Hospitality,202604,2026,3761070.8324,222453.0979,72992.0542,52014.2413,20977.8129,14076,1654,44,vertical,20260401,0.2873985823514473,0.0194072532671294,0.8948506039415131,0.2631129461133076,10.0
Travel & Hospitality,202605,2026,3825521.6646000003,234515.0185,74518.85740000001,52791.8418,21727.0156,14180,1686,45,vertical,20260501,0.29156399276728573,0.019479397565453797,0.8937350308836506,0.2730456744332452,10.0
Travel & Hospitality,202606,2026,4626443.8855,374448.144,90019.5776,64401.7879,25617.7897,17086,2165,44,vertical,20260601,0.2845802033623406,0.019457617951908045,0.8875383096981975,0.1532769746746742,8.0
Unclassified,202407,2025,181126.686,1401.9418,4704.1808,2588.0469000000003,2116.1339000000003,10142,915,5,vertical,20240701,0.4498411072975767,0.025971770940478645,0.9172469928552048,,12.0
Unclassified,202408,2025,184324.5234,1465.7139,4791.6773,2636.4105999999997,2155.2667,10490,928,5,vertical,20240801,0.4497937914141255,0.02599587516416169,0.9187248204589245,,12.0
Unclassified,202409,2025,189327.4671,1444.8154,4839.6313,2665.7112,2173.9201000000003,9854,908,5,vertical,20240901,0.44919126380557134,0.0255622249329717,0.9156290652295113,,12.0
Unclassified,202410,2025,184192.918,1492.2299,4770.9172,2627.5733,2143.3439,10168,855,5,vertical,20241001,0.44925195935070933,0.02590174069558961,0.9224349088269981,,12.0
Unclassified,202411,2025,169038.0986,1694.155,4410.1305999999995,2422.7234000000003,1987.4071999999999,9753,835,5,vertical,20241101,0.45064588336681005,0.026089565822884853,0.9211371363808084,,12.0
Unclassified,202412,2025,173016.357,1462.9144000000001,4511.359,2480.7201,2030.6389000000001,9945,840,5,vertical,20241201,0.4501168938229035,0.026074754307767564,0.9221140472878998,,12.0
Unclassified,202501,2025,197767.8565,1615.765,5070.6307,2798.49,2272.1407,10308,910,5,vertical,20250101,0.44809824150672223,0.025639306557382845,0.9188803708325904,,12.0
Unclassified,202502,2025,205607.8292,1802.4354,5432.336,2990.94,2441.396,12422,1064,5,vertical,20250201,0.4494191817295543,0.02642086160403857,0.9211033664541005,,12.0
Unclassified,202503,2025,198105.13009999998,1916.7881,5271.406199999999,2886.4233,2384.9829,12763,1088,6,vertical,20250301,0.45243770058926597,0.02660913524722498,0.9214497148220345,,12.0
Unclassified,202504,2025,197022.717,1409.173,5157.1042,2821.5126,2335.5916,11714,1030,6,vertical,20250401,0.45288819256357093,0.026175175525571498,0.9191776522284997,,12.0
Unclassified,202505,2025,183257.603,1352.6821,4748.4154,2611.2622,2137.1532,10415,902,6,vertical,20250501,0.45007713520598897,0.0259111508732328,0.9202968984713263,,12.0
Unclassified,202506,2025,216066.64810000002,1879.9711,5593.1278999999995,3070.1459,2522.982,12084,1081,6,vertical,20250601,0.45108605508556315,0.025886123328998867,0.91788834029624,,12.0
Unclassified,202507,2026,169091.8663,1565.0404,4223.8605,2286.0932000000003,1937.7673,8472,694,6,vertical,20250701,0.4587668792565474,0.024979678753477688,0.9242854025747327,-0.06644421076638035,12.0
Unclassified,202508,2026,235661.3516,1585.8853000000001,5207.7815,2854.6221,2353.1594,10361,882,7,vertical,20250801,0.45185447968583164,0.022098581140446962,0.9215511874054968,0.27851328327373276,12.0
Unclassified,202509,2026,260422.1015,1999.9879999999998,5178.3892,2829.1567,2349.2325,9849,799,7,vertical,20250901,0.4536608604080976,0.019884599541179878,0.924962434259955,0.37551146428451837,12.0
Unclassified,202510,2026,265406.0104,1569.2427,4965.5794000000005,2761.8078,2203.7716,9283,817,6,vertical,20251001,0.4438095582561825,0.01870937056970282,0.9191089108910891,0.4409132190413533,12.0
Unclassified,202511,2026,295986.5862,8527.1989,5263.5351,2949.6878,2313.8473,9520,811,6,vertical,20251101,0.4395994813447715,0.01778301904682733,0.921498402865163,0.751005179609847,12.0
Unclassified,202512,2026,309237.6159,1655.7256,5489.0122,3059.6902,2429.322,10252,860,6,vertical,20251201,0.4425790855411107,0.017750143959766575,0.9226061915046796,0.78733167928163,12.0
Unclassified,202601,2026,322553.7971,2052.7559,5947.1145,3380.4689,2566.6456,10571,898,6,vertical,20260101,0.4315783057481069,0.018437589491951446,0.9217019792484088,0.6309718010216693,12.0
Unclassified,202602,2026,317726.4905,2251.188,6297.2727,3491.4009,2805.8718,12768,1046,6,vertical,20260201,0.44556936529046925,0.01981979119868194,0.9242797162299117,0.5453034630842745,12.0
Unclassified,202603,2026,325502.0677,3586.3678,6002.1493,3327.1817,2674.9676000000004,11575,914,6,vertical,20260301,0.44566828752493715,0.018439665659918017,0.9268155977259989,0.6430774283113835,12.0
Unclassified,202604,2026,362926.0115,4576.5121,5973.8943,3284.9923,2688.9019999999996,10845,971,6,vertical,20260401,0.4501087339292226,0.016460364125760657,0.9178232904536222,0.8420516021002797,12.0
Unclassified,202605,2026,291751.25430000003,1892.5448000000001,5500.728300000001,3009.5206,2491.2077,10724,917,6,vertical,20260501,0.4528868840876943,0.018854171897899532,0.9212266987372218,0.5920281042855288,12.0
Unclassified,202606,2026,336967.8893,2514.9134,6109.3295,3396.1553000000004,2713.1742,11091,921,6,vertical,20260601,0.4441034322997311,0.01813030171121412,0.9233266733266733,0.559555314358579,12.0
