txn_date,mid,payment_method,gateway,status,txn_count,amount_local,currency,revenue_local,cost_local,gp_local,status_std,dq_failed_rules
2026-05-16,AE551105480,CARD,GW-NIMBUS,PENDING_REVIEW,5,1849.69,AED,44.69,26.16,18.53,,DQ-T05
,EG911025364,BNPL,GW-NILE,Failed,3,627.85,EGP,0.0,1.16,-1.16,Failed,DQ-T02
,AE671906697,TOKEN,GW-ORION,REVERSED,14,888.57,AED,0.0,0.62,-0.62,Voided,DQ-T02
2025-12-02,XX780625366,LDEBIT,GW-NIMBUS,Success,42,134.19,OMR,2.3,1.33,0.97,Success,DQ-T04
2025-02-18,SA887092113,CARD,GW-ORION,Success,18,2129.98,SAR,2981.97,31.32,2950.65,Success,DQ-T09
2025-10-15,XX967744146,TOKEN,GW-NILE,Success,7,3228.39,EGP,115.6,59.36,56.24,Success,DQ-T04
,SA901680809,LDEBIT,GW-NIMBUS,Success,3,1161.38,SAR,13.35,5.73,7.62,Success,DQ-T02
,OM221133708,LDEBIT,GW-NIMBUS,Success,7,54.92,OMR,0.74,0.37,0.37,Success,DQ-T02
2025-07-06,EG838350410,CARD,GW-NILE,Success,0,20506.89,EGP,518.74,270.44,248.3,Success,DQ-T08
2025-06-09,XX861335386,CARD,GW-NIMBUS,Success,205,3010.53,OMR,55.65,45.77,9.88,Success,DQ-T04
2025-04-26,EG229215706,WALLET,GW-NILE,Success,0,702.14,EGP,21.88,10.91,10.97,Success,DQ-T08
2025-09-22,EG331354329,LDEBIT,GW-NILE,Success,49,-19137.12,EGP,-250.98,-164.86,-86.12,Success,DQ-T07
2025-10-10,EG623813968,LDEBIT,GW-NILE,Success,4,8030.38,EGP,11242.53,39.57,11202.96,Success,DQ-T09
2025-06-03,AE738504243,CARD,GW-ATLAS,UNKNOWN,2,504.13,AED,0.0,0.15,-0.15,,DQ-T05
,AE162515553,CARD,GW-ORION,Success,2,1948.62,AED,44.17,25.42,18.75,Success,DQ-T02
,EG595418422,LDEBIT,GW-NILE,Voided,1,1791.55,EGP,0.0,0.41,-0.41,Voided,DQ-T02
2026-04-30,AE595956042,BNPL,GW-ATLAS,Success,0,315.24,AED,15.1,10.97,4.13,Success,DQ-T08
2025-09-02,SA189353734,TOKEN,GW-ORION,Success,22,-874.12,SAR,-28.16,-16.53,-11.63,Success,DQ-T07
2026-02-11,XX844741163,CARD,GW-ORION,Refunded,60,8175.59,SAR,0.0,33.75,-33.75,Refunded,DQ-T04
2024-08-15,EG431057266,TOKEN,GW-NILE,CHARGEBACK?,2,15822.32,EGP,366.17,204.5,161.67,,DQ-T05
2024-10-07,EG105351460,TOKEN,GW-NILE,Success,5,-6870.25,EGP,-182.39,-99.45,-82.94,Success,DQ-T07
,SA307616362,LDEBIT,GW-NIMBUS,Voided,3,153.55,SAR,0.0,0.17,-0.17,Voided,DQ-T02
,OM206534144,CARD,GW-NIMBUS,Failed,1,44.78,OMR,0.0,0.01,-0.01,Failed,DQ-T02
,SA847623511,CARD,GW-ORION,Failed,2,194.94,SAR,0.0,0.09,-0.09,Failed,DQ-T02
2025-10-10,EG389592600,LDEBIT,GW-NILE,Success,0,9277.92,EGP,184.28,86.91,97.37,Success,DQ-T08
2026-01-04,SA754882184,CARD,GW-ORION,Success,13,-1837.5,SAR,-50.6,-26.46,-24.14,Success,DQ-T07
2025-07-30,AE727701879,CARD,GW-NIMBUS,CHARGEBACK?,42,4983.28,AED,141.23,77.3,63.93,,DQ-T05
,SA295911590,CARD,GW-ORION,Success,4,584.17,SAR,15.0,8.38,6.62,Success,DQ-T02
,SA734980407,CARD,GW-ATLAS,Failed,67,4017.99,SAR,0.0,5.03,-5.03,Failed,DQ-T02
2025-10-19,SA696833214,CARD,GW-ATLAS,PENDING_REVIEW,1,224.47,SAR,0.0,0.56,-0.56,,DQ-T05
2025-04-03,SA754882184,TOKEN,GW-ORION,UNKNOWN,1,139.94,SAR,0.0,0.04,-0.04,,DQ-T05
2025-09-17,XX375197038,TOKEN,GW-NIMBUS,Success,1,6.51,OMR,0.19,0.12,0.07,Success,DQ-T04
,EG542845011,WALLET,GW-NILE,Success,1,567.15,EGP,13.8,6.33,7.47,Success,DQ-T02
2025-07-17,EG237932689,WALLET,GW-NILE,CHARGEBACK?,3,1134.14,EGP,28.69,14.46,14.23,,DQ-T05
2026-02-01,OM173271126,LDEBIT,GW-NIMBUS,PENDING_REVIEW,1,16.87,OMR,0.21,0.09,0.12,,DQ-T05
2025-09-04,SA987666099,BANKTR,GW-NIMBUS,Captured,779,-77331.34,SAR,-1393.19,-1104.92,-288.27,Success,DQ-T07
2025-10-15,EG770407516,TOKEN,GW-ATLAS,PENDING_REVIEW,3,551.46,EGP,0.0,22.66,-22.66,,DQ-T05
,EG511884968,CARD,GW-ATLAS,Success,9,20223.66,EGP,471.17,327.76,143.41,Success,DQ-T02
2026-04-02,SA897535524,CARD,GW-ORION,UNKNOWN,2,1498.67,SAR,0.0,0.09,-0.09,,DQ-T05
2025-07-26,XX803790324,LDEBIT,GW-NILE,Success,5,2894.86,EGP,43.06,20.51,22.55,Success,DQ-T04
2026-06-17,AE984737156,CARD,GW-NIMBUS,Success,0,1444.99,AED,36.33,20.94,15.39,Success,DQ-T08
2024-12-13,AE836534480,CARD,GW-NIMBUS,UNKNOWN,2,714.3,AED,0.0,0.11,-0.11,,DQ-T05
2024-07-26,EG806758000,WALLET,GW-NILE,Success,2,1909.28,EGP,2672.99,18.83,2654.16,Success,DQ-T09
2024-08-06,EG728358410,BNPL,GW-NILE,PENDING_REVIEW,1,1546.57,EGP,0.0,0.39,-0.39,,DQ-T05
,OM284198769,LDEBIT,GW-NIMBUS,Success,104,1556.77,OMR,14.06,8.8,5.26,Success,DQ-T02
,AE711049967,BANKTR,GW-NIMBUS,Captured,1,14772.79,AED,31.83,8.73,23.1,Success,DQ-T02
,EG550259154,LDEBIT,GW-NILE,Success,3,1110.15,EGP,19.52,9.8,9.72,Success,DQ-T02
2025-04-15,SA742513174,TOKEN,GW-ATLAS,Success,1,53.68,SAR,75.15,1.09,74.06,Success,DQ-T09
2025-09-28,SA110751010,CARD,GW-ORION,Success,25,1847.17,SAR,2586.04,29.26,2556.78,Success,DQ-T09
2026-03-20,AE957433919,TOKEN,GW-NIMBUS,UNKNOWN,1359,206798.13,AED,4495.31,3219.58,1275.73,,DQ-T05
2025-08-02,SA865281392,LDEBIT,GW-NIMBUS,PENDING_REVIEW,1,374.69,SAR,0.0,0.06,-0.06,,DQ-T05
2026-06-20,EG792191738,WALLET,GW-NILE,UNKNOWN,32,25139.78,EGP,564.39,261.24,303.15,,DQ-T05
2026-06-05,AE779021046,TOKEN,GW-ORION,PENDING_REVIEW,3,7936.54,AED,194.12,106.21,87.91,,DQ-T05
2025-04-16,SA466668047,BNPL,GW-ATLAS,Success,0,1908.94,SAR,88.12,69.42,18.7,Success,DQ-T08
2026-01-08,EG744158614,CARD,GW-NILE,UNKNOWN,11,18608.36,EGP,481.89,255.54,226.35,,DQ-T05
2026-04-07,AE595956042,TOKEN,GW-ORION,Success,13,3925.01,AED,5495.01,55.04,5439.97,Success,DQ-T09
,EG989134753,TOKEN,GW-ATLAS,CAPTURED,14,102311.32,EGP,1759.52,1599.28,160.24,Success,DQ-T02
2025-08-19,EG760725891,TOKEN,GW-NILE,Success,9,-8697.28,EGP,-238.03,-133.18,-104.85,Success,DQ-T07
,SA320986752,TOKEN,GW-ORION,Success,60,49730.68,SAR,827.31,674.81,152.5,Success,DQ-T02
2025-07-24,XX526289475,LDEBIT,GW-NIMBUS,Refunded,4,64.53,OMR,0.0,0.23,-0.23,Refunded,DQ-T04
2025-01-29,EG573406141,CARD,GW-NILE,PENDING_REVIEW,3,2814.89,EGP,84.85,41.99,42.86,,DQ-T05
,OM805525842,TOKEN,GW-NIMBUS,Success,33,420.66,OMR,10.92,6.71,4.21,Success,DQ-T02
2025-10-11,EG266138287,WALLET,GW-NILE,Success,0,1596.35,EGP,43.45,23.5,19.95,Success,DQ-T08
,SA597658531,CARD,GW-ATLAS,Voided,13,2012.46,SAR,0.0,0.98,-0.98,Voided,DQ-T02
2026-03-30,XX742341702,CARD,GW-NILE,Failed,1,316.63,EGP,0.0,0.41,-0.41,Failed,DQ-T04
2026-01-06,AE410140017,LDEBIT,GW-NIMBUS,Success,383,61599.1,AED,86238.74,340.49,85898.25,Success,DQ-T09
2025-02-03,XX548915554,TOKEN,GW-ATLAS,Failed,1,400.53,EGP,0.0,0.98,-0.98,Failed,DQ-T04
,EG645057217,TOKEN,GW-ATLAS,Success,4,7088.06,EGP,191.15,121.79,69.36,Success,DQ-T02
2025-10-19,SA138780824,CARD,GW-ATLAS,Success,0,924.73,SAR,24.67,15.15,9.52,Success,DQ-T08
2026-06-24,SA404185012,CARD,GW-ORION,UNKNOWN,9,3070.05,SAR,72.56,41.37,31.19,,DQ-T05
2024-08-21,EG537339465,TOKEN,GW-ATLAS,Success,215,86558.01,EGP,121181.21,2079.48,119101.73,Success,DQ-T09
,AE486272694,CARD,GW-ATLAS,Success,5,1445.92,AED,34.74,22.44,12.3,Success,DQ-T02
,AE226845726,TOKEN,GW-ORION,Success,9,1018.74,AED,25.72,15.52,10.2,Success,DQ-T02
2025-07-13,EG357144481,CARD,GW-NILE,Success,1,444.27,EGP,621.98,8.06,613.92,Success,DQ-T09
,EG308894080,CARD,GW-ATLAS,Failed,1,3104.65,EGP,0.0,0.97,-0.97,Failed,DQ-T02
2026-01-16,SA700672253,LDEBIT,GW-NIMBUS,PENDING_REVIEW,1,43.23,SAR,0.0,0.06,-0.06,,DQ-T05
2025-08-16,XX311562937,WALLET,GW-NILE,Failed,1,1081.11,EGP,0.0,0.4,-0.4,Failed,DQ-T04
2026-03-21,XX864931006,CARD,GW-ORION,Voided,2,194.94,SAR,0.0,0.09,-0.09,Voided,DQ-T04
,AE827819347,TOKEN,GW-NIMBUS,Voided,1,62.57,AED,0.0,0.06,-0.06,Voided,DQ-T02
,EG982441707,CARD,GW-NILE,Voided,1,403.44,EGP,0.0,0.41,-0.41,Voided,DQ-T02
2024-12-28,SA914955375,LDEBIT,GW-NIMBUS,CHARGEBACK?,2,360.39,SAR,4.23,1.96,2.27,,DQ-T05
2026-05-13,XX126842958,TOKEN,GW-ATLAS,Voided,1,294.11,EGP,0.0,1.03,-1.03,Voided,DQ-T04
2026-06-18,OM224536276,LDEBIT,GW-NIMBUS,APPROVED,0,23.05,OMR,0.4,0.22,0.18,Success,DQ-T08
,AE345303542,CARD,GW-ATLAS,Success,34,1612.25,AED,52.66,32.75,19.91,Success,DQ-T02
2026-01-15,EG877654092,WALLET,GW-NILE,PENDING_REVIEW,24,22091.62,EGP,0.0,9.7,-9.7,,DQ-T05
2025-12-28,OM436896345,TOKEN,GW-ATLAS,Success,0,55.1,OMR,1.97,1.35,0.62,Success,DQ-T08
,EG389371308,WALLET,GW-NILE,Success,7,16014.29,EGP,305.73,142.29,163.44,Success,DQ-T02
,AE265367413,LDEBIT,GW-NIMBUS,Voided,1,37.19,AED,0.0,0.06,-0.06,Voided,DQ-T02
2024-07-21,EG724883181,CARD,GW-ATLAS,CHARGEBACK?,66,21975.3,EGP,807.0,555.27,251.73,,DQ-T05
2025-03-31,EG761087060,TOKEN,GW-ATLAS,UNKNOWN,40,57312.14,EGP,1536.4,1012.77,523.63,,DQ-T05
2024-09-12,XX662043229,LDEBIT,GW-NIMBUS,DECLINED,2,85.99,AED,0.0,0.11,-0.11,Failed,DQ-T04
,SA887092113,TOKEN,GW-ATLAS,Success,2,305.65,SAR,8.11,5.18,2.93,Success,DQ-T02
2026-03-11,OM236113503,TOKEN,GW-ATLAS,PENDING_REVIEW,1,27.25,OMR,0.0,0.01,-0.01,,DQ-T05
,SA423374323,CARD,GW-NIMBUS,Success,52,4828.0,SAR,142.29,77.85,64.44,Success,DQ-T02
2024-08-24,EG474829702,LDEBIT,GW-NILE,PENDING_REVIEW,2,11545.85,EGP,143.97,50.15,93.82,,DQ-T05
2025-09-01,XX653545769,CARD,GW-ORION,Success,23,6657.03,AED,152.84,90.37,62.47,Success,DQ-T04
,SA512016562,LDEBIT,GW-NIMBUS,Declined,1,37.58,SAR,0.0,0.06,-0.06,Failed,DQ-T02
2025-12-17,EG518450463,CARD,GW-NILE,Success,2,-1941.27,EGP,-56.97,-28.98,-27.99,Success,DQ-T07
2024-07-22,EG849029255,WALLET,GW-NILE,UNKNOWN,26,10529.17,EGP,275.59,129.05,146.54,,DQ-T05
,SA487858809,CARD,GW-ATLAS,Voided,1,45.66,SAR,0.0,0.08,-0.08,Voided,DQ-T02
,SA189309853,CARD,GW-ORION,Refunded,2,684.37,SAR,0.0,1.12,-1.12,Refunded,DQ-T02
,EG178731082,CARD,GW-NILE,FAILED,8,5222.92,EGP,0.0,3.22,-3.22,Failed,DQ-T02
,AE713987880,LDEBIT,GW-NIMBUS,Success,4,541.54,AED,7.23,3.1,4.13,Success,DQ-T02
,EG873952802,TOKEN,GW-NILE,Refunded,2,1780.87,EGP,0.0,15.39,-15.39,Refunded,DQ-T02
2026-03-23,EG110254241,WALLET,GW-NILE,UNKNOWN,4,3098.27,EGP,67.57,32.32,35.25,,DQ-T05
,SA577673991,LDEBIT,GW-NIMBUS,Success,3,509.1,SAR,6.66,2.8,3.86,Success,DQ-T02
,EG775891339,TOKEN,GW-ATLAS,Success,5,4735.04,EGP,137.24,90.63,46.61,Success,DQ-T02
,SA860742247,TOKEN,GW-ATLAS,Success,524,100997.31,SAR,1787.74,1672.49,115.25,Success,DQ-T02
2025-10-05,AE200431265,CARD,GW-ORION,PENDING_REVIEW,3,1975.19,AED,42.98,25.98,17.0,,DQ-T05
2026-02-26,EG903275069,BNPL,GW-NILE,CHARGEBACK?,70,37026.78,EGP,1652.13,1095.1,557.03,,DQ-T05
2025-10-01,EG537272220,CARD,GW-ATLAS,Success,0,7014.11,EGP,176.89,120.89,56.0,Success,DQ-T08
,EG474518016,TOKEN,GW-ATLAS,Success,22,28418.62,EGP,747.43,511.93,235.5,Success,DQ-T02
,SA977935480,TOKEN,GW-ORION,Failed,2,206.79,SAR,0.0,0.09,-0.09,Failed,DQ-T02
2025-06-23,AE346681166,TOKEN,GW-NIMBUS,UNKNOWN,3,433.98,AED,0.0,0.17,-0.17,,DQ-T05
2025-07-25,EG920470377,BNPL,GW-NILE,Success,2,-3625.81,EGP,-160.19,-105.23,-54.96,Success,DQ-T07
,EG770407516,CARD,GW-NILE,Voided,10,2751.9,EGP,0.0,3.86,-3.86,Voided,DQ-T02
,OM371938797,TOKEN,GW-ATLAS,Refunded,1,4.5,OMR,0.0,0.06,-0.06,Refunded,DQ-T02
,AE832517070,CARD,GW-NIMBUS,Success,24,5596.46,AED,134.23,81.28,52.95,Success,DQ-T02
2024-12-11,SA118340145,TOKEN,GW-ORION,Success,5,-312.66,SAR,-9.74,-5.27,-4.47,Success,DQ-T07
,EG911025364,WALLET,GW-NILE,FAILED,4,873.68,EGP,0.0,1.61,-1.61,Failed,DQ-T02
2024-12-16,XX601864880,CARD,GW-ORION,Failed,6,264.63,AED,0.0,0.26,-0.26,Failed,DQ-T04
2026-01-29,EG550259154,TOKEN,GW-NILE,PENDING_REVIEW,7,2336.46,EGP,87.91,48.18,39.73,,DQ-T05
,SA259363162,TOKEN,GW-ORION,Failed,1,120.95,SAR,0.0,0.04,-0.04,Failed,DQ-T02
2025-03-10,OM188757830,LDEBIT,GW-NIMBUS,CAPTURED,0,156.12,OMR,1.84,0.72,1.12,Success,DQ-T08
2025-07-18,SA775621648,CARD,GW-ATLAS,CHARGEBACK?,12,498.77,SAR,16.03,10.6,5.43,,DQ-T05
,EG420159724,WALLET,GW-NILE,Success,2,6951.82,EGP,140.69,59.83,80.86,Success,DQ-T02
2025-12-18,SA764037736,CARD,GW-ORION,Success,0,134665.27,SAR,2554.74,1862.29,692.45,Success,DQ-T08
,SA118340145,CARD,GW-NIMBUS,Failed,3,194.8,SAR,0.0,0.17,-0.17,Failed,DQ-T02
2025-05-19,XX384200863,LDEBIT,GW-NILE,Success,5,4912.76,EGP,68.46,28.61,39.85,Success,DQ-T04
2026-05-20,SA597658531,BNPL,GW-ATLAS,Success,224,34831.27,SAR,48763.78,1220.57,47543.21,Success,DQ-T09
2025-06-25,EG259754316,WALLET,GW-NILE,PENDING_REVIEW,2,610.14,EGP,0.0,14.96,-14.96,,DQ-T05
,SA897535524,LDEBIT,GW-NIMBUS,Success,3,2101.21,SAR,24.6,9.96,14.64,Success,DQ-T02
,EG839904793,BNPL,GW-ATLAS,Failed,1,354.94,EGP,0.0,1.0,-1.0,Failed,DQ-T02
2025-04-28,SA205739809,TOKEN,GW-ATLAS,CHARGEBACK?,1,36.54,SAR,0.0,0.08,-0.08,,DQ-T05
2026-05-12,XX896563860,CARD,GW-NILE,Failed,2,13902.23,EGP,0.0,0.82,-0.82,Failed,DQ-T04
2025-12-03,XX825869887,WALLET,GW-NILE,Failed,1,287.44,EGP,0.0,0.41,-0.41,Failed,DQ-T04
2025-01-21,SA796857151,CARD,GW-NIMBUS,UNKNOWN,1,1837.75,SAR,39.92,25.05,14.87,,DQ-T05
2026-05-20,SA333336650,LDEBIT,GW-NIMBUS,PENDING_REVIEW,1,468.72,SAR,5.17,2.28,2.89,,DQ-T05
2026-06-08,EG624580946,WALLET,GW-NILE,UNKNOWN,149,32899.16,EGP,977.04,534.73,442.31,,DQ-T05
2025-01-09,EG486344028,CARD,GW-ATLAS,UNKNOWN,6,1932.33,EGP,0.0,5.88,-5.88,,DQ-T05
2025-06-05,AE274153176,CARD,GW-ATLAS,PENDING_REVIEW,1,1157.53,AED,28.19,17.15,11.04,,DQ-T05
2026-03-22,EG911025364,TOKEN,GW-ATLAS,CHARGEBACK?,21,4393.49,EGP,223.47,146.61,76.86,,DQ-T05
,OM267217098,LDEBIT,GW-NIMBUS,Failed,3,43.85,OMR,0.0,0.02,-0.02,Failed,DQ-T02
2025-04-28,XX355544980,WALLET,GW-NILE,Success,3,1354.78,EGP,32.47,16.19,16.28,Success,DQ-T04
2024-11-18,AE125858239,BNPL,GW-ATLAS,UNKNOWN,5,1157.54,AED,0.0,0.37,-0.37,,DQ-T05
2025-08-05,EG934737958,TOKEN,GW-NILE,Success,15,3441.12,EGP,4817.57,82.68,4734.89,Success,DQ-T09
,AE355257464,BANKTR,GW-NIMBUS,Failed,1,12353.01,AED,0.0,0.06,-0.06,Failed,DQ-T02
,OM780225802,LDEBIT,GW-NIMBUS,Success,16,81.03,OMR,1.32,0.64,0.68,Success,DQ-T02
2026-02-09,XX697805669,CARD,GW-ORION,Success,51,10322.27,SAR,241.57,143.71,97.86,Success,DQ-T04
2026-03-21,EG952454778,WALLET,GW-NILE,PENDING_REVIEW,4,1207.51,EGP,0.0,1.65,-1.65,,DQ-T05
2024-10-25,OM861947173,LDEBIT,GW-NIMBUS,APPROVED,8,140.58,OMR,196.81,0.77,196.04,Success,DQ-T09
2024-10-06,SA517497912,CARD,GW-NIMBUS,Success,0,1833.68,SAR,57.64,34.26,23.38,Success,DQ-T08
,SA972748866,LDEBIT,GW-NIMBUS,Failed,6,782.34,SAR,0.0,0.34,-0.34,Failed,DQ-T02
,EG331354329,LDEBIT,GW-NILE,Voided,1,359.98,EGP,0.0,0.4,-0.4,Voided,DQ-T02
2024-08-27,EG235283002,BANKTR,GW-NILE,Success,247,673886.17,EGP,943440.64,4168.03,939272.61,Success,DQ-T09
2025-09-30,AE998528073,CARD,GW-ORION,UNKNOWN,10,2692.18,AED,67.91,36.7,31.21,,DQ-T05
2025-10-13,EG631107574,CARD,GW-NILE,PENDING_REVIEW,3,815.88,EGP,0.0,1.21,-1.21,,DQ-T05
,OM141192539,TOKEN,GW-NIMBUS,Success,14,242.44,OMR,5.84,3.74,2.1,Success,DQ-T02
2025-03-08,EG482640702,LDEBIT,GW-NILE,Success,9,-20518.21,EGP,-259.01,-98.66,-160.35,Success,DQ-T07
2024-07-14,EG331354329,CARD,GW-ATLAS,Success,0,133938.51,EGP,3626.95,3308.65,318.3,Success,DQ-T08
2024-07-31,EG728358410,BNPL,GW-NILE,Success,0,1814.43,EGP,74.25,52.64,21.61,Success,DQ-T08
,AE798073466,BNPL,GW-ATLAS,Success,2,384.2,AED,17.1,13.42,3.68,Success,DQ-T02
2025-01-20,EG431162218,BANKTR,GW-NILE,Success,69,319512.07,EGP,447316.9,1235.98,446080.92,Success,DQ-T09
2026-02-01,XX398729348,LDEBIT,GW-NIMBUS,Success,11,488.6,SAR,4.44,4.05,0.39,Success,DQ-T04
,EG550259154,CARD,GW-ATLAS,Failed,3,938.52,EGP,0.0,2.89,-2.89,Failed,DQ-T02
2025-08-24,XX458746993,LDEBIT,GW-NILE,Success,71,90802.37,EGP,801.08,490.66,310.42,Success,DQ-T04
,AE125858239,CARD,GW-ORION,Failed,12,2778.09,AED,0.0,0.53,-0.53,Failed,DQ-T02
2025-07-01,EG279421850,BANKTR,GW-NILE,PENDING_REVIEW,13,42533.5,EGP,0.0,5.22,-5.22,,DQ-T05
,SA211354199,CARD,GW-ORION,Success,9,1747.02,SAR,36.6,24.4,12.2,Success,DQ-T02
,EG674673242,CARD,GW-NILE,Success,1,6935.19,EGP,155.61,86.9,68.71,Success,DQ-T02
,SA865588306,CARD,GW-NIMBUS,Failed,1,155.88,SAR,0.0,0.06,-0.06,Failed,DQ-T02
2024-07-24,EG280455389,TOKEN,GW-ATLAS,PENDING_REVIEW,1,991.22,EGP,26.79,18.55,8.24,,DQ-T05
,SA168621990,LDEBIT,GW-NIMBUS,Failed,1,105.38,SAR,0.0,0.06,-0.06,Failed,DQ-T02
,SA913218070,LDEBIT,GW-NIMBUS,Failed,1,148.97,SAR,0.0,0.06,-0.06,Failed,DQ-T02
,AE711049967,BANKTR,GW-NIMBUS,Success,1,14603.33,AED,31.48,8.64,22.84,Success,DQ-T02
2024-12-27,EG823617801,CARD,GW-NILE,UNKNOWN,1,335.61,EGP,0.0,7.35,-7.35,,DQ-T05
2025-12-09,EG554455116,LDEBIT,GW-NILE,Success,1,-11598.49,EGP,-132.22,-48.76,-83.46,Success,DQ-T07
2025-05-22,EG926950694,WALLET,GW-NILE,Success,117,-151059.67,EGP,-1847.3,-1427.57,-419.73,Success,DQ-T07
2024-09-19,EG403388419,WALLET,GW-NILE,Success,11,-16761.95,EGP,-322.55,-154.34,-168.21,Success,DQ-T07
2024-07-14,XX401743304,LDEBIT,GW-NIMBUS,Refunded,8,340.89,SAR,0.0,4.5,-4.5,Refunded,DQ-T04
,SA196173797,LDEBIT,GW-NIMBUS,Failed,1,86.01,SAR,0.0,0.06,-0.06,Failed,DQ-T02
,EG124719628,CARD,GW-NILE,Success,3,6363.61,EGP,168.02,85.42,82.6,Success,DQ-T02
2025-02-14,EG911025364,CARD,GW-NILE,CHARGEBACK?,61,13508.42,EGP,644.28,322.76,321.52,,DQ-T05
,EG110254241,LDEBIT,GW-NILE,Failed,1,976.03,EGP,0.0,0.41,-0.41,Failed,DQ-T02
2025-11-20,EG861848123,WALLET,GW-NILE,CHARGEBACK?,5,4959.73,EGP,108.98,49.09,59.89,,DQ-T05
2025-05-15,SA385404287,TOKEN,GW-ATLAS,SETTLED,27,1348.53,SAR,1887.94,27.88,1860.06,Success,DQ-T09
2025-10-19,EG276584921,BNPL,GW-ATLAS,Approved,1,-1630.96,EGP,-69.58,-57.37,-12.21,Success,DQ-T07
2025-06-08,OM206534144,LDEBIT,GW-NIMBUS,UNKNOWN,3,122.36,OMR,1.54,0.6,0.94,,DQ-T05
2026-03-07,EG839904793,LDEBIT,GW-NILE,Success,0,4254.84,EGP,85.79,38.9,46.89,Success,DQ-T08
,EG191889591,TOKEN,GW-NILE,Success,11,16152.9,EGP,429.48,232.11,197.37,Success,DQ-T02
,AE798073466,CARD,GW-ORION,Success,11,2715.71,AED,64.46,37.22,27.24,Success,DQ-T02
,AE787062785,CARD,GW-ORION,Refunded,1,97.3,AED,0.0,0.55,-0.55,Refunded,DQ-T02
2025-05-14,XX559043809,CARD,GW-NIMBUS,Failed,7,422.69,SAR,0.0,0.39,-0.39,Failed,DQ-T04
,SA734980407,CARD,GW-ATLAS,Voided,4,239.88,SAR,0.0,0.3,-0.3,Voided,DQ-T02
2024-08-23,AE783290352,BNPL,GW-ATLAS,SUCCESS,3,-150.04,AED,-7.52,-5.41,-2.11,Success,DQ-T07
,OM236113503,CARD,GW-NIMBUS,Failed,2,54.5,OMR,0.0,0.01,-0.01,Failed,DQ-T02
2025-11-14,EG178731082,LDEBIT,GW-NILE,Success,10,-8052.62,EGP,-116.72,-50.45,-66.27,Success,DQ-T07
2025-08-13,XX149553169,CARD,GW-ATLAS,Failed,5,1873.47,SAR,0.0,0.38,-0.38,Failed,DQ-T04
,EG248756723,WALLET,GW-NILE,Success,5,1378.48,EGP,38.72,20.17,18.55,Success,DQ-T02
2026-05-02,XX601810747,TOKEN,GW-NIMBUS,Success,36,5018.83,SAR,88.57,79.04,9.53,Success,DQ-T04
2025-03-14,EG872519745,WALLET,GW-NILE,UNKNOWN,13,3092.25,EGP,91.83,47.52,44.31,,DQ-T05
,EG482640702,CARD,GW-ATLAS,Failed,7,15985.37,EGP,0.0,6.87,-6.87,Failed,DQ-T02
2025-11-09,OM441483176,LDEBIT,GW-NIMBUS,PENDING_REVIEW,4,78.97,OMR,0.89,0.42,0.47,,DQ-T05
2026-03-09,OM141192539,CARD,GW-ATLAS,Success,0,2351.13,OMR,55.96,38.49,17.47,Success,DQ-T08
,SA891035844,TOKEN,GW-ORION,Failed,2,352.03,SAR,0.0,0.09,-0.09,Failed,DQ-T02
,SA813150489,TOKEN,GW-ATLAS,Success,57,8521.65,SAR,164.18,144.66,19.52,Success,DQ-T02
,EG538857731,TOKEN,GW-NILE,Success,7,12717.12,EGP,317.09,179.27,137.82,Success,DQ-T02
2024-12-22,OM188757830,LDEBIT,GW-NIMBUS,CHARGEBACK?,1,80.47,OMR,0.96,0.38,0.58,,DQ-T05
2026-04-22,EG327394766,WALLET,GW-NILE,Success,52,-89332.11,EGP,-1818.21,-816.97,-1001.24,Success,DQ-T07
,SA434781636,CARD,GW-NIMBUS,Failed,3,362.12,SAR,0.0,0.17,-0.17,Failed,DQ-T02
,EG361515615,TOKEN,GW-NILE,Success,7,8178.0,EGP,219.63,121.66,97.97,Success,DQ-T02
2026-04-10,AE618504164,CARD,GW-ATLAS,UNKNOWN,11,595.18,AED,0.0,0.81,-0.81,,DQ-T05
,EG723980954,LDEBIT,GW-NILE,Success,1,268.24,EGP,5.73,2.83,2.9,Success,DQ-T02
,SA358724361,LDEBIT,GW-NIMBUS,Success,11,464.4,SAR,7.81,3.95,3.86,Success,DQ-T02
,EG389262771,LDEBIT,GW-NILE,Success,8,3320.51,EGP,55.44,27.85,27.59,Success,DQ-T02
2026-06-23,XX185118286,WALLET,GW-NILE,Failed,11,4313.07,EGP,0.0,4.53,-4.53,Failed,DQ-T04
,AE345303542,LDEBIT,GW-NIMBUS,Success,7,361.85,AED,5.7,2.79,2.91,Success,DQ-T02
,EG934454177,CARD,GW-ATLAS,Failed,22,29634.35,EGP,0.0,21.73,-21.73,Failed,DQ-T02
,EG611254298,CARD,GW-ATLAS,Failed,3,1146.66,EGP,0.0,3.09,-3.09,Failed,DQ-T02
2026-03-16,SA416884588,TOKEN,GW-NIMBUS,CHARGEBACK?,17,3265.87,SAR,78.32,49.87,28.45,,DQ-T05
2025-12-16,SA859807984,TOKEN,GW-NIMBUS,Success,2,-3155.09,SAR,-74.01,-44.66,-29.35,Success,DQ-T07
2025-01-11,EG704053078,LDEBIT,GW-NILE,Captured,11,49478.37,EGP,69269.72,219.25,69050.47,Success,DQ-T09
2026-02-11,SA473783633,BNPL,GW-ATLAS,Success,3,-2585.39,SAR,-114.84,-89.58,-25.26,Success,DQ-T07
2025-01-12,EG529532780,TOKEN,GW-NILE,CHARGEBACK?,3,4293.63,EGP,118.01,61.89,56.12,,DQ-T05
2026-05-28,EG849029255,TOKEN,GW-ATLAS,CHARGEBACK?,43,19660.73,EGP,732.15,461.32,270.83,,DQ-T05
,SA734980407,TOKEN,GW-ATLAS,Voided,1,59.97,SAR,0.0,0.08,-0.08,Voided,DQ-T02
,SA852543984,LDEBIT,GW-NIMBUS,Success,17,4005.25,SAR,48.32,20.89,27.43,Success,DQ-T02
,EG911025364,BNPL,GW-NILE,Failed,2,432.78,EGP,0.0,0.8,-0.8,Failed,DQ-T02
2026-03-11,EG245991238,LDEBIT,GW-NILE,Success,13,-4163.63,EGP,-79.67,-40.34,-39.33,Success,DQ-T07
,EG717847087,WALLET,GW-NILE,Success,1,2009.73,EGP,37.12,18.0,19.12,Success,DQ-T02
2025-06-21,SA205739809,CARD,GW-ORION,PENDING_REVIEW,33,1201.03,SAR,42.33,22.76,19.57,,DQ-T05
,AE741353303,CARD,GW-ORION,Success,31,1070.54,AED,34.78,20.5,14.28,Success,DQ-T02
,EG647781107,TOKEN,GW-ATLAS,Success,6,3796.01,EGP,121.97,79.47,42.5,Success,DQ-T02
2025-03-20,SA988802623,LDEBIT,GW-NIMBUS,Success,0,5329.03,SAR,64.55,27.36,37.19,Success,DQ-T08
2025-02-26,SA473410995,LDEBIT,GW-NIMBUS,Success,3,-734.39,SAR,-9.02,-3.81,-5.21,Success,DQ-T07
2026-06-22,SA886598559,TOKEN,GW-ORION,CHARGEBACK?,1,164.49,SAR,0.0,0.04,-0.04,,DQ-T05
2026-04-14,EG336915801,BNPL,GW-NILE,Success,12,-4313.52,EGP,-201.4,-129.16,-72.24,Success,DQ-T07
,AE776685743,TOKEN,GW-ORION,Success,4,2335.81,AED,58.75,31.94,26.81,Success,DQ-T02
,EG431162218,BANKTR,GW-NILE,Success,23,105441.0,EGP,701.52,408.55,292.97,Success,DQ-T02
2025-09-12,SA211354199,CARD,GW-ORION,Success,5,-1040.88,SAR,-21.67,-14.46,-7.21,Success,DQ-T07
2026-02-13,EG934454177,LDEBIT,GW-NILE,Success,111,-156149.04,EGP,-1529.16,-831.73,-697.43,Success,DQ-T07
2024-10-08,SA860742247,CARD,GW-NIMBUS,UNKNOWN,17,3321.01,SAR,0.0,0.96,-0.96,,DQ-T05
,SA852543984,TOKEN,GW-ORION,APPROVED,11,2854.24,SAR,71.26,40.42,30.84,Success,DQ-T02
,SA487858809,BNPL,GW-ATLAS,Success,3,144.01,SAR,6.53,5.2,1.33,Success,DQ-T02
,SA705652485,CARD,GW-ORION,Success,465,55751.2,SAR,1183.71,818.48,365.23,Success,DQ-T02
,SA508515348,CARD,GW-ORION,Success,90,15978.49,SAR,396.94,224.93,172.01,Success,DQ-T02
,EG373280861,CARD,GW-NILE,Failed,1,492.28,EGP,0.0,0.4,-0.4,Failed,DQ-T02
2025-08-14,XX354082533,WALLET,GW-NILE,Success,5,1303.34,EGP,37.54,19.21,18.33,Success,DQ-T04
2026-06-07,EG717847087,WALLET,GW-NILE,Success,0,5179.9,EGP,97.07,47.36,49.71,Success,DQ-T08
2024-10-01,EG724883181,TOKEN,GW-NILE,Approved,15,3975.99,EGP,5566.39,88.74,5477.65,Success,DQ-T09
2024-10-31,EG955763785,CARD,GW-NILE,Success,12,-9811.53,EGP,-302.71,-150.12,-152.59,Success,DQ-T07
,EG249264164,TOKEN,GW-ATLAS,Success,4,3048.62,EGP,93.65,61.05,32.6,Success,DQ-T02
,SA320986752,LDEBIT,GW-NIMBUS,Voided,1,861.05,SAR,0.0,0.06,-0.06,Voided,DQ-T02
2025-01-28,SA754882184,CARD,GW-ORION,CHARGEBACK?,1,139.94,SAR,0.0,0.04,-0.04,,DQ-T05
,AE348507314,CARD,GW-ATLAS,Success,2,2931.56,AED,66.67,43.29,23.38,Success,DQ-T02
,SA955742346,LDEBIT,GW-NIMBUS,Success,1,657.39,SAR,7.58,3.13,4.45,Success,DQ-T02
,EG474829702,CARD,GW-ATLAS,Success,3,11523.14,EGP,298.75,178.97,119.78,Success,DQ-T02
,AE707625102,LDEBIT,GW-NIMBUS,Failed,1,281.34,AED,0.0,0.06,-0.06,Failed,DQ-T02
,EG614572570,BNPL,GW-NILE,Voided,1,4805.1,EGP,0.0,0.4,-0.4,Voided,DQ-T02
2025-02-17,EG276584921,LDEBIT,GW-NILE,Success,2,2471.01,EGP,3459.41,13.44,3445.97,Success,DQ-T09
,AE345303542,CARD,GW-ATLAS,Failed,1,46.18,AED,0.0,0.07,-0.07,Failed,DQ-T02
2025-12-17,SA936227927,BNPL,GW-ATLAS,Success,0,565.85,SAR,25.76,19.63,6.13,Success,DQ-T08
2024-10-25,EG389262771,LDEBIT,GW-NILE,UNKNOWN,32,12337.18,EGP,207.31,104.41,102.9,,DQ-T05
2025-11-25,AE364520535,LDEBIT,GW-NIMBUS,Success,2,397.85,AED,556.99,2.12,554.87,Success,DQ-T09
2025-12-06,EG259754316,TOKEN,GW-ATLAS,UNKNOWN,12,4803.02,EGP,168.53,117.82,50.71,,DQ-T05
2024-08-10,XX955354399,LDEBIT,GW-NIMBUS,Refunded,7,893.57,SAR,0.0,3.94,-3.94,Refunded,DQ-T04
,AE195154121,CARD,GW-ORION,Success,36,7684.04,AED,185.96,106.38,79.58,Success,DQ-T02
,EG237932689,WALLET,GW-NILE,Success,1,384.83,EGP,9.6,4.82,4.78,Success,DQ-T02
,AE155861221,CARD,GW-ATLAS,Success,11,590.27,AED,17.84,11.6,6.24,Success,DQ-T02
,SA925677957,CARD,GW-ATLAS,Success,5,2627.53,SAR,64.87,39.7,25.17,Success,DQ-T02
2025-12-05,XX765763900,BNPL,GW-ATLAS,Failed,1,528.76,EGP,0.0,1.02,-1.02,Failed,DQ-T04
,EG486344028,WALLET,GW-NILE,Voided,1,326.68,EGP,0.0,0.4,-0.4,Voided,DQ-T02
,EG926950694,TOKEN,GW-ATLAS,Failed,3,3520.82,EGP,0.0,2.94,-2.94,Failed,DQ-T02
2025-09-20,XX198164812,CARD,GW-ORION,Failed,3,331.28,AED,0.0,0.13,-0.13,Failed,DQ-T04
,AE307567415,CARD,GW-NIMBUS,Voided,12,2187.36,AED,0.0,0.66,-0.66,Voided,DQ-T02
2026-01-26,EG191889591,TOKEN,GW-NILE,CHARGEBACK?,3,4141.96,EGP,0.0,22.73,-22.73,,DQ-T05
2024-09-15,AE123781768,LDEBIT,GW-NIMBUS,PENDING_REVIEW,13,647.3,AED,0.0,0.72,-0.72,,DQ-T05
2024-07-16,EG991914423,LDEBIT,GW-NILE,Success,8,6222.62,EGP,8711.67,38.67,8673.0,Success,DQ-T09
2024-07-25,EG299020051,TOKEN,GW-NILE,Success,4,-5794.02,EGP,-152.47,-83.2,-69.27,Success,DQ-T07
2026-05-21,XX415514712,TOKEN,GW-NIMBUS,Voided,1,164.97,SAR,0.0,0.06,-0.06,Voided,DQ-T04
,EG327327982,CARD,GW-NILE,Captured,29,8976.84,EGP,369.59,185.47,184.12,Success,DQ-T02
,EG680139391,LDEBIT,GW-NILE,Voided,1,400.18,EGP,0.0,0.39,-0.39,Voided,DQ-T02
2026-05-01,XX471865834,CARD,GW-ATLAS,Refunded,1,1008.98,OMR,0.0,0.06,-0.06,Refunded,DQ-T04
2025-11-16,EG150005962,CARD,GW-NILE,PENDING_REVIEW,18,9362.46,EGP,291.64,162.38,129.26,,DQ-T05
2025-06-15,OM501692260,TOKEN,GW-ATLAS,Success,0,88.48,OMR,2.0,1.37,0.63,Success,DQ-T08
2026-01-03,SA633817671,LDEBIT,GW-NIMBUS,PENDING_REVIEW,3,203.03,SAR,2.97,1.42,1.55,,DQ-T05
2026-05-29,XX649663821,CARD,GW-NILE,Failed,3,2241.14,EGP,0.0,1.24,-1.24,Failed,DQ-T04
2025-02-16,EG550259154,CARD,GW-ATLAS,Success,18,-6047.1,EGP,-221.36,-153.52,-67.84,Success,DQ-T07
2024-12-14,SA592705693,LDEBIT,GW-NIMBUS,Success,1,1220.74,SAR,1709.04,5.66,1703.38,Success,DQ-T09
,SA589749602,LDEBIT,GW-NIMBUS,Success,56,9431.67,SAR,113.59,51.89,61.7,Success,DQ-T02
2025-09-06,EG327394766,TOKEN,GW-ATLAS,Success,25,-41599.63,EGP,-1129.88,-723.21,-406.67,Success,DQ-T07
2025-09-23,SA687319923,LDEBIT,GW-NIMBUS,UNKNOWN,1,508.12,SAR,0.0,0.06,-0.06,,DQ-T05
2026-01-17,EG595418422,TOKEN,GW-NILE,Success,21,-40337.98,EGP,-821.02,-564.48,-256.54,Success,DQ-T07
,AE676714739,CARD,GW-NIMBUS,Failed,4,243.73,AED,0.0,0.22,-0.22,Failed,DQ-T02
,SA939400299,TOKEN,GW-NIMBUS,Success,5,263.43,SAR,7.89,4.91,2.98,Success,DQ-T02
2024-11-22,XX939082203,TOKEN,GW-ATLAS,Success,5,223.14,SAR,7.14,4.76,2.38,Success,DQ-T04
2025-12-23,EG163862782,LDEBIT,GW-NILE,Success,1,802.1,EGP,1122.94,5.03,1117.91,Success,DQ-T09
,SA674924548,CARD,GW-ORION,Success,35,1873.14,SAR,60.44,31.82,28.62,Success,DQ-T02
2026-04-19,SA623969133,TOKEN,GW-NIMBUS,Success,1,170.14,SAR,238.2,2.63,235.57,Success,DQ-T09
,OM761036673,TOKEN,GW-ATLAS,SETTLED,113,437.17,OMR,14.75,9.83,4.92,Success,DQ-T02
,AE282120405,CARD,GW-NIMBUS,Failed,8,327.02,AED,0.0,0.44,-0.44,Failed,DQ-T02
2025-10-29,OM817062602,LDEBIT,GW-NIMBUS,PENDING_REVIEW,3,33.38,OMR,0.0,0.17,-0.17,,DQ-T05
,OM334471218,TOKEN,GW-ATLAS,Refunded,2,50.89,OMR,0.0,0.12,-0.12,Refunded,DQ-T02
,EG631107574,LDEBIT,GW-NILE,Failed,1,278.7,EGP,0.0,0.41,-0.41,Failed,DQ-T02
2025-12-01,EG760725891,WALLET,GW-NILE,PENDING_REVIEW,18,19312.21,EGP,382.04,188.5,193.54,,DQ-T05
,AE779021046,CARD,GW-ORION,Failed,1,1894.73,AED,0.0,0.04,-0.04,Failed,DQ-T02
2025-09-06,XX885668908,TOKEN,GW-ATLAS,Success,36,58917.5,EGP,936.83,1026.52,-89.69,Success,DQ-T04
,AE317795493,CARD,GW-NIMBUS,Refunded,25,5446.21,AED,0.0,13.77,-13.77,Refunded,DQ-T02
2026-05-03,EG911025364,CARD,GW-NILE,Success,43,-9816.49,EGP,-472.59,-236.76,-235.83,Success,DQ-T07
,EG327394766,LDEBIT,GW-NILE,Success,14,25050.28,EGP,322.99,125.37,197.62,Success,DQ-T02
2025-03-03,EG468167807,TOKEN,GW-ATLAS,Success,0,13120.89,EGP,354.15,213.01,141.14,Success,DQ-T08
2025-02-19,SA776589285,CARD,GW-ORION,PENDING_REVIEW,1,195.51,SAR,0.0,0.04,-0.04,,DQ-T05
,SA960678556,CARD,GW-ORION,Success,10,416.88,SAR,12.54,7.58,4.96,Success,DQ-T02
2026-02-14,EG348432509,CARD,GW-ATLAS,PENDING_REVIEW,2,8941.7,EGP,220.46,137.96,82.5,,DQ-T05
2025-09-15,XX976523915,CARD,GW-NIMBUS,Success,4,703.92,SAR,18.72,10.48,8.24,Success,DQ-T04
,EG486344028,WALLET,GW-NILE,Success,26,8288.69,EGP,218.72,113.49,105.23,Success,DQ-T02
2024-07-22,EG275709942,TOKEN,GW-ATLAS,PENDING_REVIEW,42,56205.85,EGP,913.19,999.29,-86.1,,DQ-T05
,AE295967621,TOKEN,GW-ATLAS,SETTLED,2,479.42,AED,11.78,7.79,3.99,Success,DQ-T02
2026-05-08,XX114620401,CARD,GW-NILE,Refunded,3,2136.97,EGP,0.0,23.2,-23.2,Refunded,DQ-T04
,EG897740135,WALLET,GW-NILE,Failed,2,632.45,EGP,0.0,0.79,-0.79,Failed,DQ-T02
,AE195154121,CARD,GW-ORION,Voided,1,202.57,AED,0.0,0.04,-0.04,Voided,DQ-T02
,AE875103901,CARD,GW-ATLAS,DECLINED,20,1004.52,AED,0.0,1.47,-1.47,Failed,DQ-T02
2026-01-29,SA382289892,CARD,GW-ORION,Success,38,7516.91,SAR,10523.67,104.85,10418.82,Success,DQ-T09
2025-07-02,EG963028660,CARD,GW-ATLAS,CHARGEBACK?,2,4314.83,EGP,107.15,70.34,36.81,,DQ-T05
,EG670766393,CARD,GW-ATLAS,Success,3,2662.34,EGP,77.5,49.85,27.65,Success,DQ-T02
2026-02-09,EG416828825,CARD,GW-NILE,UNKNOWN,1,8776.6,EGP,200.5,109.35,91.15,,DQ-T05
,EG529532780,TOKEN,GW-NILE,Success,2,3020.08,EGP,82.95,43.51,39.44,Success,DQ-T02
,AE889475271,TOKEN,GW-ORION,Refunded,1,29.44,AED,0.0,0.55,-0.55,Refunded,DQ-T02
,SA620446884,LDEBIT,GW-NIMBUS,Refunded,1,137.88,SAR,0.0,0.56,-0.56,Refunded,DQ-T02
2026-05-30,EG235600888,CARD,GW-ATLAS,Success,0,21251.69,EGP,495.12,321.29,173.83,Success,DQ-T08
,EG988355477,CARD,GW-ATLAS,Success,5,17256.02,EGP,439.16,270.44,168.72,Success,DQ-T02
2026-05-13,EG403388419,BNPL,GW-NILE,UNKNOWN,1,2601.03,EGP,0.0,7.73,-7.73,,DQ-T05
2025-12-28,EG594214015,WALLET,GW-NILE,Success,3,-878.99,EGP,-25.44,-12.46,-12.98,Success,DQ-T07
2026-03-27,EG292925935,CARD,GW-ATLAS,Success,0,9165.87,EGP,259.45,168.0,91.45,Success,DQ-T08
2025-07-31,EG820064163,CARD,GW-NILE,Success,0,-1965.22,EGP,-58.49,-29.2,-29.29,Success,DQ-T07;DQ-T08
2025-08-03,EG979007692,TOKEN,GW-NILE,Success,2,2164.52,EGP,3030.33,32.52,2997.81,Success,DQ-T09
,EG515839669,TOKEN,GW-NILE,Success,2,2511.29,EGP,69.1,37.09,32.01,Success,DQ-T02
2026-01-09,OM761371745,CARD,GW-ATLAS,Success,2,-345.6,OMR,-7.42,-5.1,-2.32,Success,DQ-T07
,EG397022030,CARD,GW-NILE,Success,1,76158.57,EGP,1153.4,927.9,225.5,Success,DQ-T02
2025-01-14,EG943656964,CARD,GW-ATLAS,PENDING_REVIEW,1,339.3,EGP,0.0,0.98,-0.98,,DQ-T05
,EG686030808,TOKEN,GW-NILE,Failed,7,5671.47,EGP,0.0,2.77,-2.77,Failed,DQ-T02
,EG930327972,TOKEN,GW-NILE,Success,1,4815.73,EGP,126.77,63.41,63.36,Success,DQ-T02
2026-05-21,XX977324809,CARD,GW-ORION,Voided,4,692.25,SAR,0.0,0.18,-0.18,Voided,DQ-T04
2026-06-24,XX753089267,BNPL,GW-ATLAS,Success,1,66.89,AED,3.35,2.39,0.96,Success,DQ-T04
2025-01-29,OM978131111,TOKEN,GW-NIMBUS,Success,0,16.81,OMR,0.5,0.29,0.21,Success,DQ-T08
,EG988355477,LDEBIT,GW-NILE,Voided,1,2858.54,EGP,0.0,0.41,-0.41,Voided,DQ-T02
2026-04-30,XX195001107,TOKEN,GW-ATLAS,Refunded,3,4551.7,EGP,0.0,23.09,-23.09,Refunded,DQ-T04
2024-11-05,XX332037251,TOKEN,GW-ORION,Failed,1,143.37,AED,0.0,0.04,-0.04,Failed,DQ-T04
2025-11-08,XX628947540,TOKEN,GW-ORION,Success,2,124.16,SAR,3.92,2.1,1.82,Success,DQ-T04
2025-12-25,EG823617801,WALLET,GW-NILE,APPROVED,7,2369.21,EGP,3316.89,31.66,3285.23,Success,DQ-T09
2026-04-29,SA722880043,CARD,GW-NIMBUS,Success,10,-12375.0,SAR,-281.57,-169.5,-112.07,Success,DQ-T07
,SA306273888,BNPL,GW-ATLAS,Failed,7,620.06,SAR,0.0,0.52,-0.52,Failed,DQ-T02
2026-05-06,EG336915801,BNPL,GW-NILE,Success,23,-7261.06,EGP,-339.02,-218.6,-120.42,Success,DQ-T07
2024-11-09,EG918104848,BNPL,GW-NILE,CHARGEBACK?,14,5493.18,EGP,224.18,163.67,60.51,,DQ-T05
2024-07-16,AE123781768,TOKEN,GW-ORION,Success,0,7619.17,AED,131.61,135.42,-3.81,Success,DQ-T08
2025-02-14,EG373280861,TOKEN,GW-NILE,Success,3,-1390.82,EGP,-46.82,-25.33,-21.49,Success,DQ-T07
,EG697551722,CARD,GW-ATLAS,Voided,3,3480.98,EGP,0.0,3.02,-3.02,Voided,DQ-T02
2026-05-01,SA771478693,TOKEN,GW-NIMBUS,Success,41,-5214.27,SAR,-92.99,-82.99,-10.0,Success,DQ-T07
2025-07-09,EG537339465,LDEBIT,GW-NILE,UNKNOWN,26,11036.89,EGP,0.0,10.44,-10.44,,DQ-T05
,SA912413819,CARD,GW-ORION,Failed,40,1337.93,SAR,0.0,1.8,-1.8,Failed,DQ-T02
2025-07-13,AE901159238,CARD,GW-NIMBUS,APPROVED,0,5337.43,AED,138.39,78.26,60.13,Success,DQ-T08
2025-05-26,EG735951857,TOKEN,GW-NILE,PENDING_REVIEW,2,1652.55,EGP,49.84,26.1,23.74,,DQ-T05
,SA268961677,CARD,GW-ORION,Failed,3,341.42,SAR,0.0,0.14,-0.14,Failed,DQ-T02
,SA700672253,BNPL,GW-ATLAS,Success,153,7008.29,SAR,312.43,253.68,58.75,Success,DQ-T02
2024-12-31,EG873952802,WALLET,GW-NILE,PENDING_REVIEW,7,9376.12,EGP,0.0,51.47,-51.47,,DQ-T05
2025-01-07,EG867607945,TOKEN,GW-NILE,Success,1,-1089.42,EGP,-31.36,-16.32,-15.04,Success,DQ-T07
2026-06-09,XX609305197,LDEBIT,GW-NIMBUS,Failed,10,2218.03,SAR,0.0,0.56,-0.56,Failed,DQ-T04
,AE239330460,CARD,GW-ORION,Failed,1,58.0,AED,0.0,0.04,-0.04,Failed,DQ-T02
,EG623813968,TOKEN,GW-ATLAS,Success,4,7362.3,EGP,193.45,126.03,67.42,Success,DQ-T02
2026-01-22,SA660258875,LDEBIT,GW-NIMBUS,PENDING_REVIEW,1,188.27,SAR,0.0,0.06,-0.06,,DQ-T05
,EG217500923,CARD,GW-ATLAS,Failed,6,3742.17,EGP,0.0,6.16,-6.16,Failed,DQ-T02
,AE957433919,TOKEN,GW-NIMBUS,SUCCESS,972,149429.09,AED,3245.6,2324.04,921.56,Success,DQ-T02
,EG215045135,TOKEN,GW-ATLAS,Success,2,14224.18,EGP,230.14,222.66,7.48,Success,DQ-T02
2024-09-14,SA462175242,LDEBIT,GW-NIMBUS,Success,0,447.63,SAR,5.96,2.69,3.27,Success,DQ-T08
2026-04-04,EG544029480,WALLET,GW-NILE,CHARGEBACK?,12,15163.65,EGP,305.7,144.38,161.32,,DQ-T05
,EG537339465,CARD,GW-ATLAS,Voided,13,5597.06,EGP,0.0,13.23,-13.23,Voided,DQ-T02
2026-02-21,SA852543984,LDEBIT,GW-NIMBUS,Success,23,5525.84,SAR,7736.18,28.75,7707.43,Success,DQ-T09
2025-09-21,AE346681166,TOKEN,GW-NIMBUS,Success,66,-9853.8,AED,-246.93,-153.71,-93.22,Success,DQ-T07
2025-07-07,XX515593135,WALLET,GW-NILE,Failed,22,20118.73,EGP,0.0,8.83,-8.83,Failed,DQ-T04
,EG275709942,TOKEN,GW-ATLAS,Failed,4,6240.99,EGP,0.0,4.07,-4.07,Failed,DQ-T02
,EG537155658,TOKEN,GW-ATLAS,Refunded,1,260.14,EGP,0.0,7.29,-7.29,Refunded,DQ-T02
2025-12-04,SA939400299,LDEBIT,GW-NIMBUS,PENDING_REVIEW,7,377.4,SAR,5.43,2.88,2.55,,DQ-T05
,EG331354329,LDEBIT,GW-NILE,Refunded,1,305.14,EGP,0.0,7.65,-7.65,Refunded,DQ-T02
,SA165400141,CARD,GW-NIMBUS,Success,4,146.36,SAR,5.03,2.95,2.08,Success,DQ-T02
2024-12-17,EG981274071,TOKEN,GW-NILE,Success,87,-36683.62,EGP,-1310.21,-688.26,-621.95,Success,DQ-T07
,OM978131111,CARD,GW-ATLAS,Failed,1,10.39,OMR,0.0,0.01,-0.01,Failed,DQ-T02
,SA710370541,LDEBIT,GW-NIMBUS,Failed,2,1255.07,SAR,0.0,0.11,-0.11,Failed,DQ-T02
,SA320986752,TOKEN,GW-ORION,Success,49,41604.49,SAR,691.8,564.27,127.53,Success,DQ-T02
,EG998632198,CARD,GW-NILE,Success,43,64842.6,EGP,1598.77,899.05,699.72,Success,DQ-T02
,SA205739809,CARD,GW-ORION,Failed,6,219.26,SAR,0.0,0.27,-0.27,Failed,DQ-T02
,EG991914423,LDEBIT,GW-NILE,Success,9,6832.53,EGP,102.2,42.87,59.33,Success,DQ-T02
2025-01-02,EG920470377,LDEBIT,GW-NILE,CHARGEBACK?,2,3603.54,EGP,43.82,18.02,25.8,,DQ-T05
2025-04-20,SA944601083,CARD,GW-ATLAS,UNKNOWN,1,335.24,SAR,0.0,0.08,-0.08,,DQ-T05
,SA259363162,LDEBIT,GW-NIMBUS,Success,9,1326.89,SAR,15.73,7.49,8.24,Success,DQ-T02
2024-07-06,SA909908733,CARD,GW-ORION,Success,0,5429.71,SAR,144.31,77.42,66.89,Success,DQ-T08
,SA268961677,CARD,GW-ORION,Failed,2,227.61,SAR,0.0,0.09,-0.09,Failed,DQ-T02
,EG134531316,BNPL,GW-ATLAS,Failed,1,1776.97,EGP,0.0,1.02,-1.02,Failed,DQ-T02
2025-05-14,EG486344028,CARD,GW-ATLAS,Success,0,33847.2,EGP,1302.14,876.86,425.28,Success,DQ-T08
,AE410140017,LDEBIT,GW-NIMBUS,Success,363,58796.16,AED,448.39,324.57,123.82,Success,DQ-T02
2026-04-03,SA366690460,TOKEN,GW-NIMBUS,PENDING_REVIEW,1,80.78,SAR,2.35,1.37,0.98,,DQ-T05
2026-03-04,OM183510174,TOKEN,GW-NIMBUS,UNKNOWN,1,13.99,OMR,0.0,0.01,-0.01,,DQ-T05
2024-12-08,EG680139391,LDEBIT,GW-NILE,CHARGEBACK?,1,523.89,EGP,0.0,7.35,-7.35,,DQ-T05
,EG537339465,TOKEN,GW-ATLAS,Success,232,100913.96,EGP,2542.45,2408.89,133.56,Success,DQ-T02
,AE918231431,TOKEN,GW-NIMBUS,Voided,1,907.52,AED,0.0,0.06,-0.06,Voided,DQ-T02
2025-10-14,SA623621170,LDEBIT,GW-NIMBUS,Success,11,-672.04,SAR,-9.64,-4.88,-4.76,Success,DQ-T07
2024-12-21,EG623813968,CARD,GW-NILE,Success,15,-27848.33,EGP,-715.77,-377.33,-338.44,Success,DQ-T07
2026-06-14,XX230665792,WALLET,GW-NILE,Refunded,4,3201.01,EGP,0.0,30.86,-30.86,Refunded,DQ-T04
2025-01-12,SA479684490,CARD,GW-ORION,PENDING_REVIEW,2,92.25,SAR,0.0,0.09,-0.09,,DQ-T05
,EG336915801,WALLET,GW-NILE,Failed,1,301.39,EGP,0.0,0.4,-0.4,Failed,DQ-T02
2025-12-17,EG744743048,CARD,GW-NILE,Success,77,102433.22,EGP,143406.51,1452.3,141954.21,Success,DQ-T09
2025-05-25,EG799575469,WALLET,GW-NILE,PENDING_REVIEW,14,4998.84,EGP,132.25,64.9,67.35,,DQ-T05
2025-03-01,XX187370506,CARD,GW-ATLAS,Failed,2,2852.39,EGP,0.0,1.98,-1.98,Failed,DQ-T04
2025-12-04,AE853501645,CARD,GW-ORION,Success,0,10190.38,AED,286.03,168.23,117.8,Success,DQ-T08
,EG327394766,LDEBIT,GW-NILE,DECLINED,5,7803.63,EGP,0.0,1.99,-1.99,Failed,DQ-T02
,EG178731082,BNPL,GW-NILE,Failed,2,1282.8,EGP,0.0,0.79,-0.79,Failed,DQ-T02
,EG624580946,TOKEN,GW-ATLAS,Success,54,10585.4,EGP,508.82,355.95,152.87,Success,DQ-T02
2024-10-22,EG538857731,CARD,GW-NILE,UNKNOWN,5,7214.95,EGP,0.0,1.94,-1.94,,DQ-T05
,SA945807399,LDEBIT,GW-NIMBUS,SETTLED,2,1101.54,SAR,13.77,5.29,8.48,Success,DQ-T02
2025-10-29,AE923160667,LDEBIT,GW-NIMBUS,Success,2,630.67,AED,882.94,3.17,879.77,Success,DQ-T09
2024-12-01,XX120962644,LDEBIT,GW-NILE,Success,1,1537.19,EGP,20.37,7.94,12.43,Success,DQ-T04
2025-11-18,SA200244788,CARD,GW-ORION,Success,41,-2471.09,SAR,-74.63,-40.83,-33.8,Success,DQ-T07
2025-04-05,XX903845548,TOKEN,GW-ORION,Success,10,2242.19,AED,52.78,32.01,20.77,Success,DQ-T04
,AE733959111,LDEBIT,GW-NIMBUS,Success,1,751.43,AED,8.81,3.55,5.26,Success,DQ-T02
,OM450405182,TOKEN,GW-NIMBUS,Success,6,27.99,OMR,0.88,0.54,0.34,Success,DQ-T02
2026-04-18,EG707758852,LDEBIT,GW-NILE,Success,8,-4429.74,EGP,-70.84,-32.31,-38.53,Success,DQ-T07
,EG967183698,CARD,GW-NILE,Refunded,2,604.25,EGP,0.0,14.47,-14.47,Refunded,DQ-T02
2024-07-28,EG552283131,CARD,GW-NILE,Success,1,-2863.02,EGP,-73.73,-37.33,-36.4,Success,DQ-T07
,SA734980407,CARD,GW-ATLAS,Refunded,2,102.44,SAR,0.0,1.12,-1.12,Refunded,DQ-T02
2026-05-17,SA382289892,TOKEN,GW-NIMBUS,CHARGEBACK?,2,415.89,SAR,0.0,0.11,-0.11,,DQ-T05
2026-03-23,AE439650362,CARD,GW-ORION,CHARGEBACK?,3,228.47,AED,0.0,0.13,-0.13,,DQ-T05
2026-01-15,XX913091079,CARD,GW-ORION,Failed,1,129.62,SAR,0.0,0.04,-0.04,Failed,DQ-T04
2024-12-23,SA624172387,CARD,GW-ORION,PENDING_REVIEW,1,41.15,SAR,0.0,0.04,-0.04,,DQ-T05
2025-05-01,EG482640702,LDEBIT,GW-NILE,Success,0,23972.16,EGP,299.05,112.78,186.27,Success,DQ-T08
2025-08-05,AE934873526,LDEBIT,GW-NIMBUS,Success,6,-1742.09,AED,-22.63,-8.83,-13.8,Success,DQ-T07
,EG770407516,TOKEN,GW-ATLAS,Voided,5,1375.95,EGP,0.0,4.82,-4.82,Voided,DQ-T02
2026-04-26,SA843654782,BANKTR,GW-NIMBUS,Success,0,201179.26,SAR,492.48,164.92,327.56,Success,DQ-T08
2025-11-20,SA847687864,TOKEN,GW-NIMBUS,CAPTURED,9,-1060.78,SAR,-29.84,-17.04,-12.8,Success,DQ-T07
2025-01-05,XX855840987,CARD,GW-NIMBUS,Voided,1,125.8,SAR,0.0,0.06,-0.06,Voided,DQ-T04
,SA779341840,LDEBIT,GW-NIMBUS,Failed,3,509.64,SAR,0.0,0.17,-0.17,Failed,DQ-T02
2026-04-30,XX721426703,LDEBIT,GW-NIMBUS,Failed,1,801.85,SAR,0.0,0.06,-0.06,Failed,DQ-T04
,EG611254298,LDEBIT,GW-NILE,Success,3,991.14,EGP,18.57,9.25,9.32,Success,DQ-T02
,OM371938797,LDEBIT,GW-NIMBUS,Failed,12,92.35,OMR,0.0,0.07,-0.07,Failed,DQ-T02
,EG920470377,WALLET,GW-NILE,Approved,1,2392.73,EGP,44.75,21.11,23.64,Success,DQ-T02
,EG537339465,TOKEN,GW-ATLAS,Success,245,101398.97,EGP,2568.21,2434.39,133.82,Success,DQ-T02
2025-09-29,AE538589512,TOKEN,GW-ATLAS,CHARGEBACK?,3,537.37,AED,14.13,8.94,5.19,,DQ-T05
2025-01-02,SA592705693,LDEBIT,GW-NIMBUS,PENDING_REVIEW,2,1985.55,SAR,22.26,9.27,12.99,,DQ-T05
2025-03-10,SA765577175,LDEBIT,GW-NIMBUS,SETTLED,127,-10499.99,SAR,-86.34,-68.68,-17.66,Success,DQ-T07
2025-09-29,XX126409687,CARD,GW-ATLAS,Success,195,224174.87,EGP,4817.51,4003.44,814.07,Success,DQ-T04
2025-09-28,EG266138287,CARD,GW-ATLAS,Success,0,3758.14,EGP,155.63,107.56,48.07,Success,DQ-T08
2025-05-02,SA362023155,TOKEN,GW-ORION,Success,0,1046.28,SAR,29.34,17.26,12.08,Success,DQ-T08
,EG538819871,CARD,GW-ATLAS,Failed,2,49262.23,EGP,0.0,2.05,-2.05,Failed,DQ-T02
2026-04-11,EG788681599,CARD,GW-ATLAS,CHARGEBACK?,2,10077.07,EGP,235.69,154.52,81.17,,DQ-T05
2025-06-27,SA416884588,LDEBIT,GW-NIMBUS,Success,0,3196.73,SAR,36.32,16.75,19.57,Success,DQ-T08
,AE190030385,CARD,GW-NIMBUS,Failed,1,1071.25,AED,0.0,0.06,-0.06,Failed,DQ-T02
2025-03-04,EG856875467,TOKEN,GW-ATLAS,Success,33,12664.7,EGP,17730.58,312.12,17418.46,Success,DQ-T09
,AE647447711,CARD,GW-NIMBUS,Failed,2,251.74,AED,0.0,0.11,-0.11,Failed,DQ-T02
2025-02-19,SA344056722,CARD,GW-NIMBUS,Success,0,18699.65,SAR,272.83,253.66,19.17,Success,DQ-T08
2025-10-20,XX817391082,TOKEN,GW-NIMBUS,Voided,1,41.46,AED,0.0,0.06,-0.06,Voided,DQ-T04
2024-07-09,OM173271126,CARD,GW-NIMBUS,Success,0,33.65,OMR,0.87,0.5,0.37,Success,DQ-T08
2026-06-28,EG594214015,TOKEN,GW-ATLAS,Success,2,-634.38,EGP,-26.79,-17.2,-9.59,Success,DQ-T07
2025-02-08,EG193916126,WALLET,GW-NILE,UNKNOWN,3,714.64,EGP,21.89,10.94,10.95,,DQ-T05
,SA912413819,TOKEN,GW-ATLAS,Refunded,4,153.4,SAR,0.0,2.25,-2.25,Refunded,DQ-T02
2025-12-19,AE621587952,BNPL,GW-ATLAS,Success,0,239.11,AED,11.7,8.34,3.36,Success,DQ-T08
,SA633817671,LDEBIT,GW-NIMBUS,Success,4,191.93,SAR,3.04,1.54,1.5,Success,DQ-T02
,SA912413819,TOKEN,GW-ATLAS,Success,170,5744.75,SAR,187.78,134.04,53.74,Success,DQ-T02
,EG482640702,TOKEN,GW-NILE,Refunded,1,2358.63,EGP,0.0,7.65,-7.65,Refunded,DQ-T02
,EG191889591,CARD,GW-ATLAS,Failed,9,12719.54,EGP,0.0,9.03,-9.03,Failed,DQ-T02
,SA710370541,CARD,GW-ORION,Voided,2,1255.07,SAR,0.0,0.09,-0.09,Voided,DQ-T02
,AE125858239,TOKEN,GW-ORION,Failed,1,231.51,AED,0.0,0.04,-0.04,Failed,DQ-T02
,AE738504243,TOKEN,GW-NIMBUS,Success,1,213.78,AED,5.45,3.23,2.22,Success,DQ-T02
2026-04-08,EG984686648,CARD,GW-NILE,Success,0,30061.24,EGP,980.04,531.13,448.91,Success,DQ-T08
2026-05-15,XX714555843,TOKEN,GW-ATLAS,Success,6,715.7,SAR,18.7,12.49,6.21,Success,DQ-T04
2025-10-27,SA306273888,TOKEN,GW-NIMBUS,Success,41,3433.73,SAR,4807.22,58.07,4749.15,Success,DQ-T09
2026-02-28,EG839904793,CARD,GW-ATLAS,UNKNOWN,3,1088.54,EGP,0.0,3.08,-3.08,,DQ-T05
2025-10-16,SA754882184,TOKEN,GW-ORION,PENDING_REVIEW,5,554.82,SAR,16.01,8.49,7.52,,DQ-T05
,EG926950694,CARD,GW-ATLAS,Refunded,25,33012.25,EGP,0.0,185.48,-185.48,Refunded,DQ-T02
2025-09-22,EG220900048,TOKEN,GW-NILE,Success,0,778.3,EGP,21.77,12.51,9.26,Success,DQ-T08
,EG266138287,WALLET,GW-NILE,Success,7,1829.55,EGP,49.78,26.92,22.86,Success,DQ-T02
2025-10-12,EG799496821,CARD,GW-NILE,Success,163,-137765.58,EGP,-2669.73,-2108.78,-560.95,Success,DQ-T07
,SA851607798,CARD,GW-NIMBUS,Failed,8,483.07,SAR,0.0,0.45,-0.45,Failed,DQ-T02
2026-04-04,XX230593499,CARD,GW-NILE,Success,6,9059.05,EGP,245.12,126.38,118.74,Success,DQ-T04
2026-04-21,XX245264194,CARD,GW-ATLAS,Failed,1,2052.36,EGP,0.0,1.03,-1.03,Failed,DQ-T04
,SA597658531,LDEBIT,GW-NIMBUS,Success,429,66342.26,SAR,504.4,370.93,133.47,Success,DQ-T02
,AE798073466,TOKEN,GW-ORION,Voided,1,257.46,AED,0.0,0.04,-0.04,Voided,DQ-T02
,EG643904514,TOKEN,GW-NILE,VOID,1,399.14,EGP,0.0,0.39,-0.39,Voided,DQ-T02
,AE727701879,LDEBIT,GW-NIMBUS,Success,12,1477.66,AED,20.45,8.63,11.82,Success,DQ-T02
2026-01-29,SA211354199,LDEBIT,GW-NIMBUS,Success,4,824.22,SAR,1153.91,4.38,1149.53,Success,DQ-T09
,EG110254241,TOKEN,GW-NILE,Success,2,2866.25,EGP,77.39,41.38,36.01,Success,DQ-T02
,EG537339465,LDEBIT,GW-NILE,Success,543,245644.03,EGP,2968.79,1975.39,993.4,Success,DQ-T02
,SA604765470,TOKEN,GW-NIMBUS,Failed,1,41.29,SAR,0.0,0.06,-0.06,Failed,DQ-T02
2025-07-01,SA138962665,CARD,GW-ORION,Success,0,2132.43,SAR,57.37,30.02,27.35,Success,DQ-T08
2024-08-10,OM543606528,TOKEN,GW-NIMBUS,Success,0,87.86,OMR,2.25,1.43,0.82,Success,DQ-T08
,SA122822556,LDEBIT,GW-NIMBUS,Success,24,1396.75,SAR,20.32,10.34,9.98,Success,DQ-T02
,EG144615489,WALLET,GW-NILE,Success,8,2297.41,EGP,61.76,32.86,28.9,Success,DQ-T02
2025-09-05,EG696983188,CARD,GW-ATLAS,Success,277,-93730.23,EGP,-3665.32,-2410.62,-1254.7,Success,DQ-T07
2026-01-16,XX382543877,CARD,GW-ORION,Failed,4,468.29,AED,0.0,0.18,-0.18,Failed,DQ-T04
2024-08-29,AE618504164,CARD,GW-ATLAS,Success,57,-2746.12,AED,-87.5,-55.53,-31.97,Success,DQ-T07
2025-11-04,SA315873581,LDEBIT,GW-NIMBUS,Success,44,-1704.4,SAR,-15.99,-15.09,-0.9,Success,DQ-T07
2026-05-03,EG544029480,LDEBIT,GW-NILE,CHARGEBACK?,1,1318.86,EGP,0.0,0.41,-0.41,,DQ-T05
2026-05-04,EG943952192,CARD,GW-ATLAS,PENDING_REVIEW,8,43988.64,EGP,1077.18,671.88,405.3,,DQ-T05
,AE667080643,TOKEN,GW-ATLAS,Success,4,791.48,AED,20.53,13.05,7.48,Success,DQ-T02
,EG998632198,TOKEN,GW-NILE,Voided,1,1632.44,EGP,0.0,0.41,-0.41,Voided,DQ-T02
,EG967183698,LDEBIT,GW-NILE,Failed,4,1362.44,EGP,0.0,1.57,-1.57,Failed,DQ-T02
2024-11-12,EG763647415,TOKEN,GW-ATLAS,Success,1,5571.79,EGP,7800.51,87.86,7712.65,Success,DQ-T09
,SA332563719,LDEBIT,GW-NIMBUS,Success,3,158.51,SAR,2.25,1.22,1.03,Success,DQ-T02
2025-07-05,AE918231431,LDEBIT,GW-NIMBUS,CHARGEBACK?,2,2310.34,AED,26.2,10.73,15.47,,DQ-T05
2024-12-31,EG982441707,CARD,GW-NILE,Captured,0,5250.12,EGP,195.75,97.57,98.18,Success,DQ-T08
,AE538589512,LDEBIT,GW-NIMBUS,Success,1,245.53,AED,3.03,1.27,1.76,Success,DQ-T02
2026-02-16,SA479684490,CARD,GW-ORION,UNKNOWN,1,46.13,SAR,0.0,0.04,-0.04,,DQ-T05
,OM377293460,LDEBIT,GW-NIMBUS,Success,2,44.82,OMR,0.52,0.24,0.28,Success,DQ-T02
2024-08-02,EG178731082,LDEBIT,GW-NILE,Success,12,-9080.72,EGP,-131.95,-57.12,-74.83,Success,DQ-T07
2024-11-20,XX449672599,LDEBIT,GW-NIMBUS,Failed,1,42.99,AED,0.0,0.06,-0.06,Failed,DQ-T04
2024-07-29,SA765577175,CARD,GW-ORION,PENDING_REVIEW,265,22303.29,SAR,371.98,345.06,26.92,,DQ-T05
,SA914955375,LDEBIT,GW-NIMBUS,Failed,2,462.71,SAR,0.0,0.11,-0.11,Failed,DQ-T02
2025-10-26,EG482640702,TOKEN,GW-NILE,SUCCESS,12,31992.93,EGP,44790.1,435.13,44354.97,Success,DQ-T09
2024-12-02,XX740810051,TOKEN,GW-NIMBUS,Failed,2,234.14,AED,0.0,0.11,-0.11,Failed,DQ-T04
,SA576895050,LDEBIT,GW-NIMBUS,Success,2,304.51,SAR,3.99,1.71,2.28,Success,DQ-T02
,EG680139391,TOKEN,GW-ATLAS,Failed,2,819.38,EGP,0.0,2.01,-2.01,Failed,DQ-T02
2026-01-20,EG150005962,LDEBIT,GW-NILE,Success,0,916.03,EGP,14.62,7.25,7.37,Success,DQ-T08
,EG482640702,BNPL,GW-NILE,Success,10,21811.13,EGP,1029.49,632.04,397.45,Success,DQ-T02
2025-06-16,EG178731082,CARD,GW-NILE,Success,0,40121.48,EGP,1243.83,654.01,589.82,Success,DQ-T08
,EG704053078,CARD,GW-ATLAS,Success,53,203442.85,EGP,3414.65,3163.65,251.0,Success,DQ-T02
,SA779172798,LDEBIT,GW-NIMBUS,Success,16,2430.76,SAR,30.35,13.64,16.71,Success,DQ-T02
2024-12-23,AE923160667,CARD,GW-ORION,Success,2,815.17,AED,1141.24,10.89,1130.35,Success,DQ-T09
2025-12-22,AE626038015,CARD,GW-ATLAS,Success,13,-15172.94,AED,-238.92,-224.75,-14.17,Success,DQ-T07
2025-03-04,XX448783042,LDEBIT,GW-NIMBUS,Failed,1,116.49,SAR,0.0,0.06,-0.06,Failed,DQ-T04
2026-03-16,AE767122784,TOKEN,GW-ORION,Success,2,-629.04,AED,-15.37,-8.8,-6.57,Success,DQ-T07
2026-03-25,AE588030458,TOKEN,GW-ATLAS,UNKNOWN,1,103.91,AED,0.0,0.07,-0.07,,DQ-T05
2026-05-22,SA779172798,TOKEN,GW-ORION,Success,0,761.54,SAR,19.79,11.24,8.55,Success,DQ-T08
2024-10-28,EG110254241,WALLET,GW-NILE,Success,0,784.02,EGP,16.91,8.05,8.86,Success,DQ-T08
,AE572051786,CARD,GW-NIMBUS,Failed,5,214.97,AED,0.0,0.28,-0.28,Failed,DQ-T02
2025-11-20,EG967183698,WALLET,GW-NILE,PENDING_REVIEW,7,3429.31,EGP,0.0,53.52,-53.52,,DQ-T05
2025-09-15,XX645395672,TOKEN,GW-NILE,Failed,5,2106.18,EGP,0.0,2.04,-2.04,Failed,DQ-T04
2025-11-04,XX940043107,BNPL,GW-ATLAS,Failed,3,1156.05,EGP,0.0,3.06,-3.06,Failed,DQ-T04
,SA259363162,TOKEN,GW-ORION,Success,4,465.57,SAR,11.81,7.08,4.73,Success,DQ-T02
,SA407393102,CARD,GW-NIMBUS,Failed,6,266.89,SAR,0.0,0.34,-0.34,Failed,DQ-T02
2025-03-04,SA407055199,CARD,GW-ORION,PENDING_REVIEW,1,105.63,SAR,0.0,0.04,-0.04,,DQ-T05
2026-06-29,OM141192539,CARD,GW-ATLAS,CHARGEBACK?,1,15.39,OMR,0.0,0.01,-0.01,,DQ-T05
,OM713381935,CARD,GW-NIMBUS,Success,4,309.36,OMR,7.36,4.28,3.08,Success,DQ-T02
,SA174215481,CARD,GW-ORION,Refunded,1,182.15,SAR,0.0,0.56,-0.56,Refunded,DQ-T02
2024-09-07,SA754882184,LDEBIT,GW-NIMBUS,PENDING_REVIEW,4,799.49,SAR,10.47,4.27,6.2,,DQ-T05
2024-12-09,EG193916126,LDEBIT,GW-NILE,PENDING_REVIEW,6,1748.87,EGP,36.66,17.38,19.28,,DQ-T05
2025-10-18,OM436896345,TOKEN,GW-ATLAS,Success,15,-43.28,OMR,-1.58,-1.08,-0.5,Success,DQ-T07
2026-05-11,EG191889591,TOKEN,GW-NILE,PENDING_REVIEW,23,35679.43,EGP,948.12,512.41,435.71,,DQ-T05
,SA331993666,CARD,GW-ORION,Failed,82,14191.17,SAR,0.0,3.69,-3.69,Failed,DQ-T02
,SA502327003,TOKEN,GW-NIMBUS,Success,1,132.57,SAR,3.68,2.1,1.58,Success,DQ-T02
2024-08-28,XX594098936,TOKEN,GW-NILE,APPROVED,23,25394.3,EGP,727.23,379.02,348.21,Success,DQ-T04
2025-05-14,EG161643120,LDEBIT,GW-NILE,Success,0,3155.14,EGP,46.59,19.75,26.84,Success,DQ-T08
2025-06-23,AE779021046,TOKEN,GW-ORION,Success,10,18530.33,AED,25942.46,248.64,25693.82,Success,DQ-T09
,EG771233717,CARD,GW-ATLAS,Success,18,21955.36,EGP,596.06,388.0,208.06,Success,DQ-T02
2025-08-08,XX986157672,CARD,GW-ATLAS,Success,13,1243.64,SAR,31.86,21.74,10.12,Success,DQ-T04
2025-01-24,SA147303844,CARD,GW-ORION,Success,0,5151.5,SAR,135.42,72.96,62.46,Success,DQ-T08
2024-08-17,XX916929386,CARD,GW-ATLAS,Success,53,2667.2,AED,84.08,53.29,30.79,Success,DQ-T04
2025-09-28,SA891035844,CARD,GW-ATLAS,Success,110,-19612.45,SAR,-478.61,-316.47,-162.14,Success,DQ-T07
2025-12-23,EG823617801,CARD,GW-NILE,Success,0,5742.17,EGP,236.09,121.03,115.06,Success,DQ-T08
2025-08-28,XX608445405,CARD,GW-ORION,Success,21,888.03,AED,27.12,15.97,11.15,Success,DQ-T04
2025-07-23,SA426436949,CARD,GW-NIMBUS,CHARGEBACK?,1,67.41,SAR,0.0,0.56,-0.56,,DQ-T05
,EG792191738,CARD,GW-ATLAS,Failed,3,2440.84,EGP,0.0,3.05,-3.05,Failed,DQ-T02
2026-05-12,XX253415940,LDEBIT,GW-NILE,Failed,1,1520.08,EGP,0.0,0.41,-0.41,Failed,DQ-T04
2026-06-16,SA397646855,TOKEN,GW-ORION,UNKNOWN,3,154.01,SAR,0.0,0.14,-0.14,,DQ-T05
,EG486344028,WALLET,GW-NILE,Success,33,11277.4,EGP,290.14,149.5,140.64,Success,DQ-T02
,AE987618927,BNPL,GW-ATLAS,Failed,13,538.94,AED,0.0,0.95,-0.95,Failed,DQ-T02
2024-09-19,EG249264164,TOKEN,GW-ATLAS,Success,2,1503.33,EGP,2104.66,29.87,2074.79,Success,DQ-T09
2024-09-21,XX311053700,LDEBIT,GW-NIMBUS,Failed,1,15.39,OMR,0.0,0.01,-0.01,Failed,DQ-T04
,EG955763785,WALLET,GW-NILE,CAPTURED,3,1966.04,EGP,46.57,21.11,25.46,Success,DQ-T02
2025-04-14,XX346174584,BANKTR,GW-NIMBUS,Success,154,65780.21,AED,371.07,239.32,131.75,Success,DQ-T04
,EG676342880,LDEBIT,GW-NILE,Refunded,1,1083.29,EGP,0.0,7.58,-7.58,Refunded,DQ-T02
,EG345706176,LDEBIT,GW-NILE,Success,4,10203.11,EGP,126.79,48.31,78.48,Success,DQ-T02
,AE235728700,CARD,GW-NIMBUS,Failed,1,228.24,AED,0.0,0.06,-0.06,Failed,DQ-T02
,SA972748866,TOKEN,GW-ORION,REFUNDED,2,380.42,SAR,0.0,1.12,-1.12,Refunded,DQ-T02
2026-03-30,SA865900656,LDEBIT,GW-NIMBUS,Success,8,-741.78,SAR,-10.02,-4.69,-5.33,Success,DQ-T07
2026-01-21,XX482859843,CARD,GW-ATLAS,Failed,1,1077.44,EGP,0.0,1.01,-1.01,Failed,DQ-T04
2024-10-27,AE521533668,CARD,GW-ORION,CHARGEBACK?,4,715.19,AED,18.4,10.04,8.36,,DQ-T05
2025-10-11,EG403388419,TOKEN,GW-NILE,Success,18,-24813.19,EGP,-650.65,-360.68,-289.97,Success,DQ-T07
2025-09-21,EG327394766,TOKEN,GW-ATLAS,PENDING_REVIEW,19,27873.03,EGP,768.51,493.05,275.46,,DQ-T05
2026-03-16,AE932795909,TOKEN,GW-ORION,UNKNOWN,165,47529.53,AED,1027.49,668.2,359.29,,DQ-T05
,EG509980512,LDEBIT,GW-NILE,Failed,1,331.63,EGP,0.0,0.39,-0.39,Failed,DQ-T02
,EG544029480,TOKEN,GW-NILE,Failed,2,2584.62,EGP,0.0,0.81,-0.81,Failed,DQ-T02
2025-06-12,XX674099357,LDEBIT,GW-NIMBUS,Success,16,501.85,SAR,9.08,4.96,4.12,Success,DQ-T04
,EG934737958,CARD,GW-ATLAS,Voided,1,284.53,EGP,0.0,0.98,-0.98,Voided,DQ-T02
,SA988802623,CARD,GW-NIMBUS,Voided,1,251.59,SAR,0.0,0.06,-0.06,Voided,DQ-T02
2024-09-04,EG249264164,WALLET,GW-NILE,Success,7,-6616.81,EGP,-140.9,-65.41,-75.49,Success,DQ-T07
2025-05-10,AE998528073,CARD,GW-ORION,Success,12,-2823.67,AED,-71.78,-38.82,-32.96,Success,DQ-T07
,AE957433919,CARD,GW-NIMBUS,PENDING_REVIEW,296,45333.07,AED,0.0,16.31,-16.31,,DQ-T02;DQ-T05
,EG327327982,WALLET,GW-NILE,Success,15,4500.62,EGP,126.5,62.18,64.32,Success,DQ-T02
,EG981274071,BNPL,GW-ATLAS,Success,73,30999.26,EGP,1460.69,1143.91,316.78,Success,DQ-T02
2025-05-17,SA385404287,CARD,GW-ORION,CHARGEBACK?,1,35.82,SAR,0.0,0.56,-0.56,,DQ-T05
2025-11-04,SA205739809,TOKEN,GW-ATLAS,UNKNOWN,1,36.54,SAR,0.0,0.08,-0.08,,DQ-T05
2026-04-10,XX947649237,LDEBIT,GW-NIMBUS,Failed,2,503.17,SAR,0.0,0.11,-0.11,Failed,DQ-T04
2024-08-31,EG799496821,CARD,GW-NILE,CHARGEBACK?,13,10788.38,EGP,0.0,5.04,-5.04,,DQ-T05
,SA462175242,CARD,GW-NIMBUS,Failed,2,224.0,SAR,0.0,0.11,-0.11,Failed,DQ-T02
2025-01-04,SA711632487,LDEBIT,GW-NIMBUS,UNKNOWN,2,75.05,SAR,0.0,0.11,-0.11,,DQ-T05
2025-08-06,SA362023155,TOKEN,GW-ORION,PENDING_REVIEW,10,637.42,SAR,18.2,10.71,7.49,,DQ-T05
2025-09-11,SA597658531,CARD,GW-ATLAS,UNKNOWN,175,27090.83,SAR,0.0,13.12,-13.12,,DQ-T05
2025-02-05,AE878919871,TOKEN,GW-NIMBUS,UNKNOWN,1,435.99,AED,0.0,0.55,-0.55,,DQ-T05
2026-02-22,SA679105691,LDEBIT,GW-NIMBUS,CHARGEBACK?,1,161.7,SAR,0.0,0.06,-0.06,,DQ-T05
2026-04-09,EG595418422,LDEBIT,GW-NILE,Success,48,-86979.15,EGP,-856.69,-438.46,-418.23,Success,DQ-T07
,EG670766393,WALLET,GW-NILE,Success,3,3209.76,EGP,67.4,31.1,36.3,Success,DQ-T02
,EG989134753,LDEBIT,GW-NILE,Success,8,67451.19,EGP,553.78,287.61,266.17,Success,DQ-T02
,EG482640702,BNPL,GW-NILE,Failed,1,2387.98,EGP,0.0,0.41,-0.41,Failed,DQ-T02
2025-11-03,SA158425015,CARD,GW-NIMBUS,UNKNOWN,14,559.83,SAR,0.0,0.79,-0.79,,DQ-T05
,EG544696241,CARD,GW-NILE,Failed,2,13219.35,EGP,0.0,0.78,-0.78,Failed,DQ-T02
2024-07-08,EG554455116,TOKEN,GW-NILE,Success,1,-9207.8,EGP,-220.09,-118.57,-101.52,Success,DQ-T07
2026-03-16,XX430776829,CARD,GW-ORION,Voided,8,1043.12,SAR,0.0,0.36,-0.36,Voided,DQ-T04
2024-11-12,XX945680795,LDEBIT,GW-NILE,Refunded,1,2639.53,EGP,0.0,7.32,-7.32,Refunded,DQ-T04
2025-07-04,XX282730432,TOKEN,GW-ATLAS,Refunded,1,480.54,EGP,0.0,7.53,-7.53,Refunded,DQ-T04
2026-03-08,EG897740135,LDEBIT,GW-NILE,Success,0,1286.69,EGP,26.72,14.24,12.48,Success,DQ-T08
2025-01-07,EG762971123,BNPL,GW-NILE,Success,3,-4115.85,EGP,-191.51,-119.71,-71.8,Success,DQ-T07
,SA779172798,BNPL,GW-ATLAS,REFUND,2,263.19,SAR,0.0,1.12,-1.12,Refunded,DQ-T02
2026-01-27,SA843654782,BANKTR,GW-NIMBUS,Success,45,172341.68,SAR,241278.35,147.76,241130.59,Success,DQ-T09
,AE987618927,CARD,GW-ORION,Success,162,6620.52,AED,204.88,120.27,84.61,Success,DQ-T02
2025-03-29,XX838839038,WALLET,GW-NILE,Refunded,2,721.51,EGP,0.0,14.82,-14.82,Refunded,DQ-T04
2026-02-12,SA640104269,BNPL,GW-ATLAS,Success,3,-4325.24,SAR,-140.53,-149.71,9.18,Success,DQ-T07
2026-06-05,SA676493356,CARD,GW-ATLAS,CAPTURED,67,-7357.04,SAR,-184.77,-125.86,-58.91,Success,DQ-T07
,AE239330460,LDEBIT,GW-NIMBUS,Success,3,168.34,AED,2.63,1.25,1.38,Success,DQ-T02
2024-10-26,EG537272220,CARD,GW-ATLAS,CHARGEBACK?,9,13680.14,EGP,339.65,231.83,107.82,,DQ-T05
2025-11-03,EG926950694,CARD,GW-ATLAS,CHARGEBACK?,381,474748.39,EGP,7831.1,8358.93,-527.83,,DQ-T05
,SA112481566,CARD,GW-ORION,Refunded,2,150.96,SAR,0.0,1.12,-1.12,Refunded,DQ-T02
2025-03-19,XX960876530,TOKEN,GW-ORION,Failed,2,83.75,AED,0.0,0.09,-0.09,Failed,DQ-T04
,SA897535524,LDEBIT,GW-NIMBUS,Success,4,3942.25,SAR,45.85,18.42,27.43,Success,DQ-T02
2026-05-24,SA732202482,CARD,GW-ORION,UNKNOWN,1,63.66,SAR,0.0,0.04,-0.04,,DQ-T05
2025-10-10,EG679079810,WALLET,GW-NILE,UNKNOWN,1,308.85,EGP,8.64,4.26,4.38,,DQ-T05
2024-10-02,SA589749602,CARD,GW-ORION,Success,93,-16740.09,SAR,-409.35,-235.36,-173.99,Success,DQ-T07
,SA754882184,CARD,GW-ORION,Failed,1,139.94,SAR,0.0,0.04,-0.04,Failed,DQ-T02
,SA623969133,CARD,GW-ORION,CAPTURED,4,982.08,SAR,24.5,13.48,11.02,Success,DQ-T02
,EG276584921,CARD,GW-ATLAS,Success,5,7069.08,EGP,175.51,121.37,54.14,Success,DQ-T02
2026-03-08,XX126714953,WALLET,GW-NILE,Success,7,1623.99,EGP,47.06,25.79,21.27,Success,DQ-T04
2026-05-05,EG955763785,CARD,GW-NILE,UNKNOWN,2,1884.76,EGP,0.0,15.47,-15.47,,DQ-T05
,EG723843125,TOKEN,GW-ATLAS,Success,57,15764.53,EGP,646.13,450.05,196.08,Success,DQ-T02
,EG595418422,TOKEN,GW-NILE,Success,29,53061.08,EGP,1084.99,746.21,338.78,Success,DQ-T02
,EG259754316,TOKEN,GW-ATLAS,Failed,1,375.81,EGP,0.0,0.99,-0.99,Failed,DQ-T02
2025-02-21,SA734980407,LDEBIT,GW-NIMBUS,Success,185,-10729.2,SAR,-93.53,-79.5,-14.03,Success,DQ-T07
,SA280340580,CARD,GW-ORION,SETTLED,2,718.98,SAR,17.35,9.66,7.69,Success,DQ-T02
2025-02-18,EG707591429,LDEBIT,GW-NILE,CAPTURED,1,846.82,EGP,1185.55,5.15,1180.4,Success,DQ-T09
,SA623969133,CARD,GW-ORION,Success,8,1845.39,SAR,46.22,25.44,20.78,Success,DQ-T02
2024-09-30,AE861319254,BNPL,GW-ATLAS,Success,2,-683.32,AED,-32.34,-23.76,-8.58,Success,DQ-T07
2025-08-08,XX294252148,BNPL,GW-NILE,Failed,3,1235.52,EGP,0.0,1.19,-1.19,Failed,DQ-T04
2026-05-21,XX825302875,CARD,GW-ATLAS,Success,3,51.31,OMR,1.24,0.83,0.41,Success,DQ-T04
2025-12-15,SA433295013,CARD,GW-NIMBUS,Success,91,-12246.36,SAR,-214.93,-187.51,-27.42,Success,DQ-T07
2026-03-18,SA900572493,LDEBIT,GW-NIMBUS,Success,11,-3792.46,SAR,-46.86,-18.92,-27.94,Success,DQ-T07
,SA722880043,LDEBIT,GW-NIMBUS,Success,4,5846.97,SAR,64.89,26.99,37.9,Success,DQ-T02
,EG336915801,CARD,GW-ATLAS,Failed,2,602.77,EGP,0.0,2.01,-2.01,Failed,DQ-T02
,AE572051786,LDEBIT,GW-NIMBUS,Voided,1,42.99,AED,0.0,0.06,-0.06,Voided,DQ-T02
2024-12-21,SA177886357,LDEBIT,GW-NIMBUS,PENDING_REVIEW,1,501.39,SAR,5.73,2.43,3.3,,DQ-T05
2026-05-02,EG838350410,LDEBIT,GW-NILE,PENDING_REVIEW,4,14010.77,EGP,170.09,63.96,106.13,,DQ-T05
,SA575207038,BANKTR,GW-NIMBUS,Success,3,16702.97,SAR,39.63,12.46,27.17,Success,DQ-T02
2024-08-14,XX510353505,WALLET,GW-NILE,Success,12,14086.94,EGP,272.91,134.45,138.46,Success,DQ-T04
2025-08-15,EG982441707,LDEBIT,GW-NILE,Success,5,1471.42,EGP,2059.99,14.61,2045.38,Success,DQ-T09
2025-12-22,EG873952802,TOKEN,GW-NILE,UNKNOWN,2,2658.54,EGP,0.0,0.81,-0.81,,DQ-T05
2025-02-19,XX179895622,CARD,GW-ATLAS,Success,60,10976.0,SAR,280.33,176.68,103.65,Success,DQ-T04
,SA986462340,CARD,GW-ORION,REFUNDED,1,46.52,SAR,0.0,0.56,-0.56,Refunded,DQ-T02
2024-12-16,SA112481566,CARD,GW-ORION,Success,11,1036.82,SAR,1451.55,15.75,1435.8,Success,DQ-T09
2025-08-27,AE798073466,CARD,GW-ORION,Success,10,-2187.46,AED,-52.34,-30.23,-22.11,Success,DQ-T07
,AE827819347,TOKEN,GW-NIMBUS,Success,31,1938.12,AED,55.98,34.53,21.45,Success,DQ-T02
2024-10-28,XX892560453,CARD,GW-ATLAS,Voided,1,46.18,AED,0.0,0.07,-0.07,Voided,DQ-T04
,SA315873581,CARD,GW-ORION,REFUND,2,119.53,SAR,0.0,1.12,-1.12,Refunded,DQ-T02
,SA474123129,CARD,GW-ORION,Success,68,4009.36,SAR,115.27,66.57,48.7,Success,DQ-T02
,AE923160667,TOKEN,GW-ORION,Failed,1,373.87,AED,0.0,0.04,-0.04,Failed,DQ-T02
2024-07-01,AE901159238,TOKEN,GW-ORION,PENDING_REVIEW,8,1472.85,AED,39.29,21.34,17.95,,DQ-T05
,EG686030808,WALLET,GW-NILE,Voided,9,7457.38,EGP,0.0,3.64,-3.64,Voided,DQ-T02
,AE241754747,LDEBIT,GW-NIMBUS,Success,14,636.11,AED,10.3,5.18,5.12,Success,DQ-T02
,AE547591847,BNPL,GW-ATLAS,Failed,2,356.44,AED,0.0,0.15,-0.15,Failed,DQ-T02
2026-06-15,OM435145511,TOKEN,GW-NIMBUS,PENDING_REVIEW,10,193.08,OMR,4.66,2.95,1.71,,DQ-T05
,EG696983188,CARD,GW-ATLAS,Voided,5,1703.01,EGP,0.0,5.1,-5.1,Voided,DQ-T02
,AE317795493,TOKEN,GW-NIMBUS,Success,37,9736.08,AED,149.79,145.14,4.65,Success,DQ-T02
2025-07-11,SA772263667,CARD,GW-NIMBUS,Success,0,473.09,SAR,15.25,9.07,6.18,Success,DQ-T08
,EG231422873,TOKEN,GW-ATLAS,Success,3,12450.91,EGP,293.23,199.14,94.09,Success,DQ-T02
,SA705652485,CARD,GW-ORION,Success,456,55579.89,SAR,1178.03,814.28,363.75,Success,DQ-T02
2024-08-30,EG559913630,CARD,GW-ATLAS,Success,1,-3904.64,EGP,-93.83,-60.51,-33.32,Success,DQ-T07
2026-02-02,EG245991238,TOKEN,GW-ATLAS,PENDING_REVIEW,1,308.84,EGP,0.0,1.03,-1.03,,DQ-T05
,AE836534480,TOKEN,GW-ORION,Success,2,1098.19,AED,27.24,15.04,12.2,Success,DQ-T02
2025-11-30,OM284198769,LDEBIT,GW-NIMBUS,Success,107,-1602.57,OMR,-14.48,-9.06,-5.42,Success,DQ-T07
2025-03-18,SA247197710,CARD,GW-ATLAS,PENDING_REVIEW,1,314.82,SAR,0.0,0.08,-0.08,,DQ-T05
,SA856834042,LDEBIT,GW-NIMBUS,Refunded,1,103.37,SAR,0.0,0.56,-0.56,Refunded,DQ-T02
2025-09-28,AE889475271,CARD,GW-NIMBUS,Success,48,2121.77,AED,2970.48,40.1,2930.38,Success,DQ-T09
,SA138962665,TOKEN,GW-ORION,Success,4,801.66,SAR,21.81,11.55,10.26,Success,DQ-T02
,SA966321681,CARD,GW-NIMBUS,Failed,1,144.53,SAR,0.0,0.06,-0.06,Failed,DQ-T02
2024-08-11,SA147303844,TOKEN,GW-ORION,Success,16,2668.66,SAR,3736.12,39.06,3697.06,Success,DQ-T09
2024-12-15,AE728035822,LDEBIT,GW-NIMBUS,Success,1,109.6,AED,153.44,0.66,152.78,Success,DQ-T09
2026-03-30,EG740706106,BNPL,GW-ATLAS,Success,1,8590.73,EGP,12027.02,297.93,11729.09,Success,DQ-T09
2025-06-14,SA256650029,CARD,GW-NIMBUS,Success,0,21453.76,SAR,537.82,332.28,205.54,Success,DQ-T08
2025-04-09,OM780225802,CARD,GW-NIMBUS,CHARGEBACK?,27,127.54,OMR,4.29,2.4,1.89,,DQ-T05
,SA416884588,CARD,GW-ORION,Failed,5,1034.26,SAR,0.0,0.22,-0.22,Failed,DQ-T02
2026-04-15,SA925677957,CARD,GW-ATLAS,PENDING_REVIEW,3,1525.14,SAR,37.69,23.07,14.62,,DQ-T05
2025-03-27,EG449636175,TOKEN,GW-NILE,UNKNOWN,12,4902.27,EGP,0.0,4.74,-4.74,,DQ-T05
2025-01-05,XX932225092,WALLET,GW-NILE,Failed,1,2725.12,EGP,0.0,0.39,-0.39,Failed,DQ-T04
,EG509980512,WALLET,GW-NILE,Success,21,6673.96,EGP,180.78,91.98,88.8,Success,DQ-T02
2025-10-20,XX171546746,TOKEN,GW-ATLAS,Voided,2,347.59,SAR,0.0,0.15,-0.15,Voided,DQ-T04
2025-09-10,SA508515348,BNPL,GW-ATLAS,Success,10,2026.52,SAR,2837.13,70.79,2766.34,Success,DQ-T09
2026-05-02,XX297281868,LDEBIT,GW-NILE,Failed,12,10147.45,EGP,0.0,4.95,-4.95,Failed,DQ-T04
2025-07-29,AE204415052,CARD,GW-ORION,Approved,0,490.0,AED,14.09,7.59,6.5,Success,DQ-T08
2026-04-05,EG373213017,TOKEN,GW-NILE,PENDING_REVIEW,1,1947.99,EGP,0.0,7.7,-7.7,,DQ-T05
2026-03-05,EG150005962,BNPL,GW-ATLAS,UNKNOWN,2,1071.86,EGP,0.0,2.06,-2.06,,DQ-T05
2024-07-16,XX719652715,LDEBIT,GW-NIMBUS,Success,5,955.86,SAR,12.06,5.15,6.91,Success,DQ-T04
2024-08-21,AE345303542,CARD,GW-ATLAS,Success,30,-1458.97,AED,-47.36,-29.42,-17.94,Success,DQ-T07
,SA247806531,CARD,GW-ATLAS,Success,22,991.03,SAR,18.25,20.55,-2.3,Success,DQ-T02
2026-01-02,EG873952802,TOKEN,GW-NILE,PENDING_REVIEW,1,1319.19,EGP,0.0,0.4,-0.4,,DQ-T05
2025-09-01,SA851607798,LDEBIT,GW-NIMBUS,UNKNOWN,63,3926.4,SAR,33.36,28.3,5.06,,DQ-T05
2024-08-03,AE861319254,CARD,GW-ATLAS,Success,9,-1531.53,AED,-39.56,-24.78,-14.78,Success,DQ-T07
,EG374768013,CARD,GW-NILE,Failed,4,1266.54,EGP,0.0,1.65,-1.65,Failed,DQ-T02
,SA550486234,CARD,GW-ATLAS,Success,12,1427.23,SAR,38.88,24.14,14.74,Success,DQ-T02
,EG345985720,CARD,GW-ATLAS,Voided,1,1547.33,EGP,0.0,1.03,-1.03,Voided,DQ-T02
,EG468145711,CARD,GW-NILE,Success,7,4801.39,EGP,150.68,76.66,74.02,Success,DQ-T02
2025-07-31,AE389283318,LDEBIT,GW-NIMBUS,SUCCESS,0,31630.43,AED,316.84,196.38,120.46,Success,DQ-T08
,SA189353734,CARD,GW-ORION,Refunded,1,57.99,SAR,0.0,0.56,-0.56,Refunded,DQ-T02
2025-11-21,EG696983188,CARD,GW-ATLAS,UNKNOWN,2,927.63,EGP,0.0,15.29,-15.29,,DQ-T05
2025-03-28,SA320986752,CARD,GW-NIMBUS,Success,174,-151602.91,SAR,-2465.05,-2089.05,-376.0,Success,DQ-T07
,AE348507314,TOKEN,GW-NIMBUS,Success,1,1605.69,AED,37.28,22.72,14.56,Success,DQ-T02
2025-04-30,XX987464253,LDEBIT,GW-NILE,Success,3,4554.1,EGP,55.14,23.66,31.48,Success,DQ-T04
2025-05-28,AE987618927,TOKEN,GW-NIMBUS,PENDING_REVIEW,62,2686.26,AED,83.08,52.41,30.67,,DQ-T05
,SA886598559,LDEBIT,GW-NIMBUS,Success,12,1828.86,SAR,22.26,10.25,12.01,Success,DQ-T02
2024-08-03,SA851607798,CARD,GW-NIMBUS,Success,0,5107.24,SAR,89.85,90.4,-0.55,Success,DQ-T08
,EG723843125,TOKEN,GW-ATLAS,Success,78,20497.55,EGP,862.2,601.51,260.69,Success,DQ-T02
2026-02-10,EG629727686,LDEBIT,GW-NILE,Success,0,1007.81,EGP,22.12,11.26,10.86,Success,DQ-T08
,EG345706176,LDEBIT,GW-NILE,Success,3,7531.15,EGP,93.63,35.69,57.94,Success,DQ-T02
2024-09-20,SA711632487,CARD,GW-ORION,CHARGEBACK?,65,2421.42,SAR,82.67,45.55,37.12,,DQ-T05
2025-07-14,AE934539772,CARD,GW-NIMBUS,PENDING_REVIEW,2,1015.57,AED,25.54,14.19,11.35,,DQ-T05
,SA865900656,CARD,GW-ATLAS,Success,8,965.72,SAR,25.6,16.3,9.3,Success,DQ-T02
2025-02-17,XX252794230,CARD,GW-ATLAS,Failed,1,5002.1,EGP,0.0,0.98,-0.98,Failed,DQ-T04
2026-03-19,SA856834042,LDEBIT,GW-NIMBUS,Success,16,1651.79,SAR,2312.51,10.13,2302.38,Success,DQ-T09
2026-02-01,EG529532780,TOKEN,GW-NILE,Success,0,4166.8,EGP,110.51,57.94,52.57,Success,DQ-T08
,SA385404287,CARD,GW-ORION,SETTLED,106,5410.08,SAR,158.45,93.01,65.44,Success,DQ-T02
2025-02-26,EG420159724,WALLET,GW-NILE,Success,1,2634.49,EGP,3688.29,23.06,3665.23,Success,DQ-T09
2025-01-01,SA900572493,LDEBIT,GW-NIMBUS,Success,9,-2209.33,SAR,-27.81,-11.46,-16.35,Success,DQ-T07
2025-02-13,EG373280861,CARD,GW-NILE,Success,9,-4492.53,EGP,-145.56,-77.99,-67.57,Success,DQ-T07
,EG686030808,WALLET,GW-NILE,Failed,70,58907.48,EGP,0.0,28.73,-28.73,Failed,DQ-T02
,SA710370541,TOKEN,GW-ORION,Refunded,1,524.65,SAR,0.0,0.56,-0.56,Refunded,DQ-T02
2025-03-25,EG193916126,LDEBIT,GW-NILE,CHARGEBACK?,15,3581.1,EGP,82.42,40.44,41.98,,DQ-T05
,EG724883181,TOKEN,GW-NILE,Voided,2,718.86,EGP,0.0,0.83,-0.83,Voided,DQ-T02
2025-12-11,EG760725891,LDEBIT,GW-NILE,Success,10,11398.77,EGP,15958.28,63.98,15894.3,Success,DQ-T09
2025-05-19,AE235728700,BNPL,GW-ATLAS,CHARGEBACK?,2,456.48,AED,0.0,0.15,-0.15,,DQ-T05
2025-12-15,XX459351469,CARD,GW-NILE,Success,123,50239.66,EGP,1705.26,942.25,763.01,Success,DQ-T04
2026-02-13,SA914955375,LDEBIT,GW-NIMBUS,Success,0,479.78,SAR,5.51,2.5,3.01,Success,DQ-T08
,SA502327003,CARD,GW-ORION,Failed,1,180.14,SAR,0.0,0.04,-0.04,Failed,DQ-T02
2026-01-29,SA660258875,CARD,GW-NIMBUS,CHARGEBACK?,2,376.53,SAR,0.0,0.11,-0.11,,DQ-T05
2025-03-02,SA165160063,TOKEN,GW-NIMBUS,Success,5,-1040.38,SAR,-27.6,-15.78,-11.82,Success,DQ-T07
2025-11-04,SA796857151,LDEBIT,GW-NIMBUS,Success,2,-3789.12,SAR,-40.24,-17.39,-22.85,Success,DQ-T07
,SA502327003,LDEBIT,GW-NIMBUS,Success,3,554.59,SAR,7.17,3.0,4.17,Success,DQ-T02
2026-03-29,EG336915801,BNPL,GW-NILE,PENDING_REVIEW,9,2545.92,EGP,118.87,77.04,41.83,,DQ-T05
,SA843654782,BANKTR,GW-NIMBUS,Success,39,155189.12,SAR,384.22,130.98,253.24,Success,DQ-T02
2026-06-12,AE282120405,LDEBIT,GW-NIMBUS,UNKNOWN,18,717.6,AED,11.81,6.2,5.61,,DQ-T05
,SA592705693,CARD,GW-ORION,Failed,1,956.94,SAR,0.0,0.04,-0.04,Failed,DQ-T02
2026-03-31,SA174215481,LDEBIT,GW-NIMBUS,UNKNOWN,10,2155.47,SAR,26.32,11.39,14.93,,DQ-T05
,EG361515615,CARD,GW-ATLAS,Refunded,1,714.08,EGP,0.0,7.47,-7.47,Refunded,DQ-T02
,AE776685743,TOKEN,GW-ORION,Success,4,1911.85,AED,48.36,26.3,22.06,Success,DQ-T02
2025-09-16,EG770407516,CARD,GW-NILE,PENDING_REVIEW,627,180821.85,EGP,7298.19,3889.56,3408.63,,DQ-T05
,AE410140017,CARD,GW-NIMBUS,Refunded,10,2132.44,AED,0.0,5.51,-5.51,Refunded,DQ-T02
2024-09-19,SA972748866,LDEBIT,GW-NIMBUS,Success,349,44504.84,SAR,62306.78,259.17,62047.61,Success,DQ-T09
2024-11-08,XX740179154,TOKEN,GW-NILE,Success,27,33767.12,EGP,950.61,495.3,455.31,Success,DQ-T04
2025-04-23,XX336242997,CARD,GW-ORION,Captured,398,49843.98,SAR,829.21,727.8,101.41,Success,DQ-T04
2025-11-17,SA897535524,TOKEN,GW-NIMBUS,CHARGEBACK?,2,1764.48,SAR,42.96,25.19,17.77,,DQ-T05
2025-01-12,SA474123129,BNPL,GW-ATLAS,Success,0,887.65,SAR,39.76,31.88,7.88,Success,DQ-T08
2026-02-28,EG271950140,WALLET,GW-NILE,SETTLED,0,1603.72,EGP,39.24,18.38,20.86,Success,DQ-T08
,OM334471218,CARD,GW-ATLAS,Refunded,3,60.3,OMR,0.0,0.17,-0.17,Refunded,DQ-T02
2025-11-24,EG293670432,LDEBIT,GW-NILE,Success,0,1056.2,EGP,18.5,9.63,8.87,Success,DQ-T08
,AE123781768,TOKEN,GW-ORION,Refunded,1,51.66,AED,0.0,0.55,-0.55,Refunded,DQ-T02
2025-06-21,SA847623511,LDEBIT,GW-NIMBUS,Success,10,-1107.2,SAR,-14.96,-6.67,-8.29,Success,DQ-T07
2025-05-22,EG873952802,LDEBIT,GW-NILE,CHARGEBACK?,2,2601.64,EGP,0.0,0.8,-0.8,,DQ-T05
,EG647433267,CARD,GW-NILE,Success,70,35246.23,EGP,1122.24,618.6,503.64,Success,DQ-T02
,SA586124263,CARD,GW-ORION,Failed,8,291.41,SAR,0.0,0.36,-0.36,Failed,DQ-T02
2025-02-24,EG537155658,TOKEN,GW-ATLAS,Success,85,-18564.24,EGP,-885.32,-589.32,-296.0,Success,DQ-T07
2024-08-15,EG537155658,WALLET,GW-NILE,Success,68,-14157.51,EGP,-441.6,-229.97,-211.63,Success,DQ-T07
2026-06-08,EG877654092,LDEBIT,GW-NILE,UNKNOWN,538,510903.48,EGP,4715.61,3037.72,1677.89,,DQ-T05
2024-11-10,AE861319254,TOKEN,GW-ATLAS,Success,4,703.21,AED,984.49,11.72,972.77,Success,DQ-T09
,EG770407516,TOKEN,GW-ATLAS,Success,223,62608.24,EGP,2571.71,1774.84,796.87,Success,DQ-T02
2024-08-10,XX725635710,LDEBIT,GW-NILE,Failed,1,366.23,EGP,0.0,0.39,-0.39,Failed,DQ-T04
2025-01-29,SA474123129,TOKEN,GW-NIMBUS,UNKNOWN,2,91.46,SAR,0.0,1.12,-1.12,,DQ-T05
,SA122822556,LDEBIT,GW-NIMBUS,Failed,1,52.89,SAR,0.0,0.06,-0.06,Failed,DQ-T02
2024-11-21,XX353597993,CARD,GW-NIMBUS,Failed,7,816.0,SAR,0.0,0.39,-0.39,Failed,DQ-T04
2024-09-14,SA416884588,TOKEN,GW-NIMBUS,UNKNOWN,1,206.85,SAR,0.0,0.06,-0.06,,DQ-T05
,EG813796112,CARD,GW-NILE,Success,3,7432.56,EGP,191.35,97.98,93.37,Success,DQ-T02
,EG920470377,CARD,GW-NILE,Success,12,15251.97,EGP,398.83,218.12,180.71,Success,DQ-T02
,AE468236624,CARD,GW-ORION,SETTLED,7,13561.8,AED,317.2,175.39,141.81,Success,DQ-T02
2025-01-17,EG955763785,LDEBIT,GW-NILE,CHARGEBACK?,3,2504.97,EGP,37.93,15.29,22.64,,DQ-T05
2026-01-02,EG611254298,WALLET,GW-NILE,Success,11,-3742.94,EGP,-96.32,-49.77,-46.55,Success,DQ-T07
2026-03-04,AE642488904,CARD,GW-ATLAS,Success,0,50077.41,AED,727.66,740.46,-12.8,Success,DQ-T08
2024-12-30,EG903275069,WALLET,GW-NILE,PENDING_REVIEW,12,6040.58,EGP,0.0,4.71,-4.71,,DQ-T05
2026-04-29,EG903275069,BNPL,GW-NILE,Success,60,-34218.23,EGP,-1526.82,-1010.11,-516.71,Success,DQ-T07
2025-02-01,EG537155658,CARD,GW-NILE,Success,207,-45715.31,EGP,-2143.97,-1093.75,-1050.22,Success,DQ-T07
2026-03-16,EG544696241,LDEBIT,GW-NILE,Success,1,-4146.52,EGP,-47.69,-18.6,-29.09,Success,DQ-T07
2024-10-15,SA972748866,LDEBIT,GW-NIMBUS,CHARGEBACK?,3,337.99,SAR,0.0,1.69,-1.69,,DQ-T05
2025-06-12,SA168621990,TOKEN,GW-ATLAS,Success,25,-2519.68,SAR,-72.84,-45.04,-27.8,Success,DQ-T07
,AE558189150,LDEBIT,GW-NIMBUS,Success,6,1535.59,AED,18.83,7.9,10.93,Success,DQ-T02
2026-01-01,EG908795816,BANKTR,GW-NILE,CHARGEBACK?,3,241841.66,EGP,540.08,157.78,382.3,,DQ-T05
,AE918231431,CARD,GW-ORION,Voided,1,907.52,AED,0.0,0.04,-0.04,Voided,DQ-T02
2026-05-02,EG792191738,WALLET,GW-NILE,PENDING_REVIEW,7,5768.23,EGP,0.0,2.89,-2.89,,DQ-T05
2025-05-07,EG792191738,WALLET,GW-NILE,Success,0,23972.81,EGP,534.21,246.48,287.73,Success,DQ-T08
2025-07-15,SA726680999,TOKEN,GW-ORION,CHARGEBACK?,2,138.28,SAR,4.14,2.29,1.85,,DQ-T05
,SA462175242,TOKEN,GW-ATLAS,Success,1,90.45,SAR,2.58,1.65,0.93,Success,DQ-T02
,AE208762198,BNPL,GW-ATLAS,Success,2,456.81,AED,19.46,15.93,3.53,Success,DQ-T02
2024-11-10,EG397022030,BANKTR,GW-NILE,Success,0,279761.75,EGP,644.3,188.94,455.36,Success,DQ-T08
,AE719619202,LDEBIT,GW-NIMBUS,Success,4,1566.42,AED,19.18,7.71,11.47,Success,DQ-T02
2025-07-25,EG728979434,LDEBIT,GW-NILE,Success,0,4060.52,EGP,49.03,18.2,30.83,Success,DQ-T08
2025-11-30,EG325044783,TOKEN,GW-NILE,Success,0,869.13,EGP,24.46,13.65,10.81,Success,DQ-T08
2025-02-12,EG987489356,LDEBIT,GW-NILE,Success,455,-131203.85,EGP,-2589.68,-1312.76,-1276.92,Success,DQ-T07
,EG792191738,WALLET,GW-NILE,Success,25,19062.28,EGP,430.11,199.52,230.59,Success,DQ-T02
,EG389262771,TOKEN,GW-NILE,REFUND,2,782.87,EGP,0.0,14.43,-14.43,Refunded,DQ-T02
2026-05-20,SA168621990,LDEBIT,GW-NIMBUS,PENDING_REVIEW,46,5194.34,SAR,71.27,31.14,40.13,,DQ-T05
2026-04-17,OM780225802,LDEBIT,GW-NIMBUS,Success,10,-49.27,OMR,-0.81,-0.39,-0.42,Success,DQ-T07
2024-09-28,XX152470752,CARD,GW-NIMBUS,Failed,2,350.87,AED,0.0,0.11,-0.11,Failed,DQ-T04
2025-10-22,EG622517179,LDEBIT,GW-NILE,Success,5,2469.13,EGP,3456.78,18.81,3437.97,Success,DQ-T09
2025-02-09,AE713987880,CARD,GW-ORION,PENDING_REVIEW,31,4860.55,AED,130.45,69.09,61.36,,DQ-T05
2024-10-12,AE836534480,TOKEN,GW-ORION,Success,2,645.66,AED,903.92,9.02,894.9,Success,DQ-T09
,EG537339465,WALLET,GW-NILE,Failed,30,12613.46,EGP,0.0,11.93,-11.93,Failed,DQ-T02
2026-02-08,EG920470377,BNPL,GW-NILE,Success,0,999.09,EGP,44.14,29.18,14.96,Success,DQ-T08
,EG161643120,WALLET,GW-NILE,Failed,1,857.3,EGP,0.0,0.41,-0.41,Failed,DQ-T02
2025-09-05,EG622719015,CARD,GW-ATLAS,PENDING_REVIEW,1,13248.15,EGP,0.0,1.02,-1.02,,DQ-T05
2024-10-03,EG676342880,WALLET,GW-NILE,Success,67,54463.84,EGP,76249.38,555.14,75694.24,Success,DQ-T09
2025-10-25,EG327245837,CARD,GW-NILE,Success,1,-9358.02,EGP,-218.68,-116.37,-102.31,Success,DQ-T07
2025-09-19,EG229215706,WALLET,GW-NILE,UNKNOWN,2,1145.19,EGP,28.2,12.84,15.36,,DQ-T05
,EG856875467,CARD,GW-NILE,Failed,16,6766.09,EGP,0.0,6.42,-6.42,Failed,DQ-T02
2025-03-10,XX908275709,CARD,GW-ORION,Success,6,48392.05,AED,809.21,621.7,187.51,Success,DQ-T04
2025-08-09,XX320377942,CARD,GW-ORION,Failed,1,182.07,SAR,0.0,0.04,-0.04,Failed,DQ-T04
,EG758836714,WALLET,GW-NILE,Success,3,2527.29,EGP,58.55,25.74,32.81,Success,DQ-T02
2026-04-08,XX631100105,CARD,GW-NIMBUS,Failed,3,684.72,AED,0.0,0.17,-0.17,Failed,DQ-T04
2026-03-22,EG215045135,LDEBIT,GW-NILE,Success,0,11318.35,EGP,86.63,47.65,38.98,Success,DQ-T08
2026-05-11,SA936227927,LDEBIT,GW-NIMBUS,PENDING_REVIEW,1,748.03,SAR,0.0,0.06,-0.06,,DQ-T05
2026-05-14,XX661077248,CARD,GW-ATLAS,Success,3,116.71,OMR,1.69,1.79,-0.1,Success,DQ-T04
,EG624580946,WALLET,GW-NILE,Success,120,25672.81,EGP,769.23,422.03,347.2,Success,DQ-T02
,SA124881724,CARD,GW-NIMBUS,Success,98,11219.18,SAR,225.38,175.35,50.03,Success,DQ-T02
2024-09-24,EG676342880,WALLET,GW-NILE,Success,0,57474.25,EGP,1286.24,582.04,704.2,Success,DQ-T08
,AE642488904,BNPL,GW-ATLAS,Success,8,9451.85,AED,270.89,327.24,-56.35,Success,DQ-T02
,OM781490538,CARD,GW-ATLAS,Success,4,248.68,OMR,5.66,3.74,1.92,Success,DQ-T02
2026-04-20,OM936304206,CARD,GW-ATLAS,Success,0,328.47,OMR,7.74,5.24,2.5,Success,DQ-T08
2025-08-18,EG676342880,WALLET,GW-NILE,PENDING_REVIEW,2,2423.09,EGP,0.0,14.84,-14.84,,DQ-T05
2026-02-12,SA586124263,LDEBIT,GW-NIMBUS,CHARGEBACK?,5,182.13,SAR,0.0,0.28,-0.28,,DQ-T05
2025-11-30,XX347308211,TOKEN,GW-NILE,Refunded,3,6321.42,EGP,0.0,22.94,-22.94,Refunded,DQ-T04
,OM436896345,CARD,GW-ATLAS,Success,74,241.39,OMR,8.3,5.62,2.68,Success,DQ-T02
2026-02-24,OM761036673,TOKEN,GW-ATLAS,PENDING_REVIEW,193,780.79,OMR,26.0,17.3,8.7,,DQ-T05
2025-10-13,EG550259154,WALLET,GW-NILE,UNKNOWN,1,326.5,EGP,0.0,0.4,-0.4,,DQ-T05
,AE348507314,BNPL,GW-ATLAS,Failed,2,3536.56,AED,0.0,0.15,-0.15,Failed,DQ-T02
2026-03-20,AE274153176,CARD,GW-ATLAS,UNKNOWN,3,4116.95,AED,100.07,60.84,39.23,,DQ-T05
,EG934454177,WALLET,GW-NILE,ERROR,10,13584.04,EGP,0.0,3.99,-3.99,Failed,DQ-T02
,AE671906697,TOKEN,GW-ORION,Voided,24,1523.25,AED,0.0,1.06,-1.06,Voided,DQ-T02
2026-05-22,EG220900048,WALLET,GW-NILE,UNKNOWN,1,1254.89,EGP,23.62,11.97,11.65,,DQ-T05
2024-10-02,EG310107271,LDEBIT,GW-NILE,Success,3,6588.11,EGP,9223.35,31.79,9191.56,Success,DQ-T09
,EG344164016,WALLET,GW-NILE,Success,28,8898.98,EGP,240.95,122.36,118.59,Success,DQ-T02
,SA473410995,LDEBIT,GW-NIMBUS,Success,3,626.93,SAR,7.78,3.33,4.45,Success,DQ-T02
2026-02-02,AE671906697,TOKEN,GW-ORION,UNKNOWN,22,1396.32,AED,0.0,0.97,-0.97,,DQ-T05
2024-08-05,EG987489356,WALLET,GW-NILE,Success,645,-184787.52,EGP,-4956.81,-2590.37,-2366.44,Success,DQ-T07
,AE870997409,CARD,GW-NIMBUS,Voided,2,292.16,AED,0.0,0.11,-0.11,Voided,DQ-T02
,EG279421850,CARD,GW-NILE,Voided,1,3282.01,EGP,0.0,0.4,-0.4,Voided,DQ-T02
,SA652586164,CARD,GW-ATLAS,Success,204,28279.72,SAR,553.09,468.93,84.16,Success,DQ-T02
,EG191889591,TOKEN,GW-NILE,Captured,22,31758.58,EGP,849.53,459.06,390.47,Success,DQ-T02
,SA781674979,LDEBIT,GW-NIMBUS,Failed,2,93.8,SAR,0.0,0.11,-0.11,Failed,DQ-T02
2026-01-28,AE782539735,CARD,GW-NIMBUS,Success,187,-7700.45,AED,-235.85,-148.6,-87.25,Success,DQ-T07
2024-10-28,XX567992220,LDEBIT,GW-NILE,Success,11,3834.41,EGP,67.99,34.24,33.75,Success,DQ-T04
,EG624580946,BNPL,GW-ATLAS,Failed,20,4348.92,EGP,0.0,20.39,-20.39,Failed,DQ-T02
2025-04-30,XX533086851,CARD,GW-NIMBUS,Failed,6,1129.6,SAR,0.0,0.34,-0.34,Failed,DQ-T04
2026-06-29,EG344164016,TOKEN,GW-NILE,Success,13,4343.75,EGP,6081.25,90.17,5991.08,Success,DQ-T09
2025-04-28,SA256650029,TOKEN,GW-NIMBUS,Success,58,7839.08,SAR,10974.71,123.88,10850.83,Success,DQ-T09
2025-09-22,XX755464272,LDEBIT,GW-NILE,Failed,1,1330.06,EGP,0.0,0.41,-0.41,Failed,DQ-T04
2024-07-04,EG643904514,CARD,GW-NILE,UNKNOWN,10,3962.29,EGP,0.0,3.85,-3.85,,DQ-T05
2025-09-16,SA182543031,TOKEN,GW-NIMBUS,Success,2,-291.86,SAR,-7.51,-4.57,-2.94,Success,DQ-T07
,SA589749602,LDEBIT,GW-NIMBUS,Failed,3,521.38,SAR,0.0,0.17,-0.17,Failed,DQ-T02
,AE273918504,BNPL,GW-ATLAS,Success,1,44.05,AED,1.94,1.6,0.34,Success,DQ-T02
2026-02-19,SA705652485,LDEBIT,GW-NIMBUS,UNKNOWN,6,737.68,SAR,0.0,0.34,-0.34,,DQ-T05
2025-02-08,XX663278908,TOKEN,GW-NILE,Voided,1,362.79,EGP,0.0,0.39,-0.39,Voided,DQ-T04
2025-04-27,SA435110503,BANKTR,GW-NIMBUS,Success,246,90863.96,SAR,127209.54,382.14,126827.4,Success,DQ-T09
2025-08-18,EG645057217,CARD,GW-NILE,Success,0,20922.18,EGP,564.26,290.9,273.36,Success,DQ-T08
2024-09-15,EG728358410,BNPL,GW-NILE,CHARGEBACK?,2,1925.99,EGP,78.81,56.24,22.57,,DQ-T05
2025-10-24,EG217500923,TOKEN,GW-ATLAS,CHARGEBACK?,10,6651.24,EGP,196.94,137.82,59.12,,DQ-T05
2025-05-25,XX353821572,CARD,GW-NILE,Success,4,2032.37,EGP,68.15,35.25,32.9,Success,DQ-T04
,SA914955375,CARD,GW-ORION,Failed,1,231.35,SAR,0.0,0.04,-0.04,Failed,DQ-T02
2026-06-29,AE595956042,TOKEN,GW-ORION,UNKNOWN,1,642.69,AED,0.0,0.55,-0.55,,DQ-T05
,SA851607798,LDEBIT,GW-NIMBUS,Success,74,4292.83,SAR,37.16,31.81,5.35,Success,DQ-T02
,OM933600305,TOKEN,GW-ATLAS,Success,2,73.23,OMR,1.87,1.16,0.71,Success,DQ-T02
,SA473410995,LDEBIT,GW-NIMBUS,Success,1,219.86,SAR,2.72,1.16,1.56,Success,DQ-T02
,OM107384993,TOKEN,GW-ATLAS,Success,8,180.97,OMR,3.22,2.96,0.26,Success,DQ-T02
,AE741353303,TOKEN,GW-ORION,Voided,1,38.59,AED,0.0,0.04,-0.04,Voided,DQ-T02
,EG150005962,CARD,GW-NILE,Failed,1,521.33,EGP,0.0,0.4,-0.4,Failed,DQ-T02
2025-06-02,EG911025364,CARD,GW-NILE,Success,0,15474.88,EGP,760.35,380.99,379.36,Success,DQ-T08
,EG853730833,CARD,GW-ATLAS,Success,14,15005.91,EGP,414.76,271.55,143.21,Success,DQ-T02
2024-10-21,EG873952802,TOKEN,GW-NILE,PENDING_REVIEW,62,75181.0,EGP,1385.3,1107.0,278.3,,DQ-T05
2025-12-31,SA112481566,CARD,GW-ORION,CAPTURED,31,-3102.84,SAR,-90.83,-46.7,-44.13,Success,DQ-T07
,SA815162718,TOKEN,GW-NIMBUS,Failed,1,169.77,SAR,0.0,0.06,-0.06,Failed,DQ-T02
,EG537339465,WALLET,GW-NILE,Success,212,81961.26,EGP,1436.61,1020.71,415.9,Success,DQ-T02
,EG934454177,LDEBIT,GW-NILE,Success,127,178746.44,EGP,1750.34,951.98,798.36,Success,DQ-T02
2025-11-27,SA764037736,CARD,GW-ORION,Success,652,-143317.57,SAR,-2719.93,-1982.81,-737.12,Success,DQ-T07
,EG680228975,WALLET,GW-NILE,Refunded,1,8756.56,EGP,0.0,7.64,-7.64,Refunded,DQ-T02
2026-01-15,SA865900656,CARD,GW-ATLAS,Success,0,1054.96,SAR,28.07,17.88,10.19,Success,DQ-T08
2025-04-29,SA165400141,CARD,GW-NIMBUS,CHARGEBACK?,6,221.41,SAR,7.59,4.45,3.14,,DQ-T05
2025-07-02,XX138468630,CARD,GW-ATLAS,Failed,61,891.69,OMR,0.0,0.47,-0.47,Failed,DQ-T04
,SA779341840,CARD,GW-ATLAS,Failed,19,3227.73,SAR,0.0,1.42,-1.42,Failed,DQ-T02
2026-03-20,EG614572570,CARD,GW-NILE,UNKNOWN,1,4907.46,EGP,0.0,0.41,-0.41,,DQ-T05
,AE618504164,LDEBIT,GW-NIMBUS,Refunded,2,111.1,AED,0.0,1.1,-1.1,Refunded,DQ-T02
,SA182543031,CARD,GW-ATLAS,Success,3,452.22,SAR,11.37,7.43,3.94,Success,DQ-T02
,AE467155530,CARD,GW-ORION,Voided,1,815.18,AED,0.0,0.04,-0.04,Voided,DQ-T02
2025-06-09,OM222996492,CARD,GW-NIMBUS,Success,4,2369.13,OMR,3316.78,32.08,3284.7,Success,DQ-T09
,EG140153041,CARD,GW-NILE,Success,5,2366.23,EGP,83.18,42.35,40.83,Success,DQ-T02
,AE787062785,LDEBIT,GW-NIMBUS,Approved,15,2288.08,AED,19.9,12.78,7.12,Success,DQ-T02
2024-10-07,XX458509505,LDEBIT,GW-NIMBUS,Success,5,624.78,SAR,8.13,3.66,4.47,Success,DQ-T04
2025-11-07,XX711149053,TOKEN,GW-ORION,Success,36,9551.81,AED,220.02,134.91,85.11,Success,DQ-T04
,SA391124455,LDEBIT,GW-NIMBUS,Success,22,2592.89,SAR,35.36,15.38,19.98,Success,DQ-T02
2026-04-18,EG916667859,LDEBIT,GW-NILE,Success,0,6917.65,EGP,102.83,42.38,60.45,Success,DQ-T08
2025-03-12,EG286990334,WALLET,GW-NILE,UNKNOWN,1,92492.82,EGP,0.0,0.4,-0.4,,DQ-T05
2025-10-02,XX550091235,CARD,GW-NIMBUS,Success,19,136.06,OMR,3.76,2.31,1.45,Success,DQ-T04
2025-10-15,XX349808654,LDEBIT,GW-NILE,Success,3,5218.97,EGP,67.2,26.42,40.78,Success,DQ-T04
2025-10-05,AE366451684,TOKEN,GW-NIMBUS,Success,0,270.3,AED,7.62,4.26,3.36,Success,DQ-T08
2025-04-18,XX652665028,BNPL,GW-NILE,Failed,1,1086.55,EGP,0.0,0.4,-0.4,Failed,DQ-T04
2026-03-14,SA814924785,CARD,GW-ATLAS,SUCCESS,0,2164.91,SAR,49.49,32.4,17.09,Success,DQ-T08
,EG511253320,WALLET,GW-NILE,Voided,2,675.02,EGP,0.0,0.82,-0.82,Voided,DQ-T02
2024-11-30,AE889475271,LDEBIT,GW-NIMBUS,CHARGEBACK?,10,373.27,AED,6.26,3.33,2.93,,DQ-T05
,SA434781636,TOKEN,GW-NIMBUS,Success,2,191.67,SAR,5.66,3.17,2.49,Success,DQ-T02
2025-03-18,SA247609412,CARD,GW-ORION,PENDING_REVIEW,1,52.5,SAR,0.0,0.04,-0.04,,DQ-T05
2025-07-08,EG105351460,TOKEN,GW-NILE,PENDING_REVIEW,1,1097.01,EGP,0.0,0.4,-0.4,,DQ-T05
2024-09-16,SA853040870,CARD,GW-ORION,UNKNOWN,13,700.24,SAR,20.53,11.88,8.65,,DQ-T05
2025-08-22,SA577673991,CARD,GW-NIMBUS,Success,0,1238.65,SAR,32.14,17.94,14.2,Success,DQ-T08
2026-03-27,EG219821138,LDEBIT,GW-NILE,Success,0,2982.72,EGP,47.63,22.91,24.72,Success,DQ-T08
,SA944601083,TOKEN,GW-ORION,Success,5,1510.9,SAR,39.0,21.21,17.79,Success,DQ-T02
,SA909908733,TOKEN,GW-ORION,Voided,2,343.47,SAR,0.0,0.09,-0.09,Voided,DQ-T02
2024-11-15,XX723447378,CARD,GW-ORION,Refunded,10,372.98,SAR,0.0,5.62,-5.62,Refunded,DQ-T04
2025-01-20,SA512016562,LDEBIT,GW-NIMBUS,CHARGEBACK?,59,2126.13,SAR,36.36,19.52,16.84,,DQ-T05
2024-12-25,EG717847087,WALLET,GW-NILE,Success,0,829.37,EGP,16.76,8.43,8.33,Success,DQ-T08
2026-02-05,AE241754747,CARD,GW-NIMBUS,CHARGEBACK?,54,2516.11,AED,82.12,46.86,35.26,,DQ-T05
2025-03-23,AE381359654,CARD,GW-ORION,UNKNOWN,15,661.57,AED,0.0,0.66,-0.66,,DQ-T05
2024-10-26,SA865281392,CARD,GW-ATLAS,UNKNOWN,19,7164.91,SAR,185.53,109.74,75.79,,DQ-T05
,EG144615489,TOKEN,GW-NILE,Success,11,3003.24,EGP,125.99,67.56,58.43,Success,DQ-T02
,SA435110503,CARD,GW-NIMBUS,REVERSED,1,365.7,SAR,0.0,0.06,-0.06,Voided,DQ-T02
2025-12-19,EG899495597,LDEBIT,GW-NILE,Success,1,2334.95,EGP,3268.93,11.24,3257.69,Success,DQ-T09
2025-03-15,SA710370541,TOKEN,GW-ORION,PENDING_REVIEW,82,50678.13,SAR,774.2,692.32,81.88,,DQ-T05
2025-09-27,SA732202482,TOKEN,GW-ATLAS,UNKNOWN,3,190.98,SAR,0.0,0.22,-0.22,,DQ-T05
,AE538589512,LDEBIT,GW-NIMBUS,Failed,1,223.52,AED,0.0,0.06,-0.06,Failed,DQ-T02
,SA676493356,CARD,GW-ATLAS,Success,51,5707.09,SAR,142.97,97.36,45.61,Success,DQ-T02
,SA267227056,LDEBIT,GW-NIMBUS,Refunded,26,7020.25,SAR,0.0,14.62,-14.62,Refunded,DQ-T02
,EG629727686,CARD,GW-NILE,Voided,1,347.53,EGP,0.0,0.4,-0.4,Voided,DQ-T02
2025-12-03,AE273918504,BNPL,GW-ATLAS,CHARGEBACK?,3,108.99,AED,4.81,3.99,0.82,,DQ-T05
2026-02-09,SA828250977,TOKEN,GW-ATLAS,Success,0,241.12,SAR,6.37,3.92,2.45,Success,DQ-T08
,SA434781636,TOKEN,GW-NIMBUS,Voided,1,120.71,SAR,0.0,0.06,-0.06,Voided,DQ-T02
,SA174215481,LDEBIT,GW-NIMBUS,Success,8,1994.24,SAR,24.11,10.32,13.79,Success,DQ-T02
2026-01-20,EG279421850,CARD,GW-NILE,UNKNOWN,68,245711.6,EGP,4142.36,3167.46,974.9,,DQ-T05
,SA716580826,CARD,GW-ATLAS,Failed,7,310.98,SAR,0.0,0.52,-0.52,Failed,DQ-T02
,EG474518016,CARD,GW-NILE,Voided,1,1433.35,EGP,0.0,0.41,-0.41,Voided,DQ-T02
2025-01-16,AE572051786,LDEBIT,GW-NIMBUS,UNKNOWN,17,711.73,AED,11.49,6.01,5.48,,DQ-T05
,SA912413819,CARD,GW-ORION,Failed,52,1739.3,SAR,0.0,2.34,-2.34,Failed,DQ-T02
,EG280455389,CARD,GW-NILE,Failed,1,1458.3,EGP,0.0,0.39,-0.39,Failed,DQ-T02
2026-03-17,XX315988470,CARD,GW-NILE,Success,2,16173.22,EGP,345.27,201.97,143.3,Success,DQ-T04
2025-10-17,EG704053078,CARD,GW-ATLAS,CHARGEBACK?,38,145993.67,EGP,2450.28,2270.16,180.12,,DQ-T05
2025-02-09,SA320986752,LDEBIT,GW-NIMBUS,UNKNOWN,139,126110.14,SAR,1002.42,590.95,411.47,,DQ-T05
2025-12-23,EG335687023,CARD,GW-NILE,PENDING_REVIEW,12,19479.96,EGP,0.0,4.89,-4.89,,DQ-T05
,SA592705693,LDEBIT,GW-NIMBUS,Success,2,2076.94,SAR,23.26,9.68,13.58,Success,DQ-T02
,EG629727686,CARD,GW-NILE,Success,11,3708.0,EGP,144.21,75.13,69.08,Success,DQ-T02
,SA676493356,CARD,GW-ATLAS,Success,31,3293.76,SAR,83.1,56.63,26.47,Success,DQ-T02
,SA818206797,CARD,GW-ORION,Failed,1,124.06,SAR,0.0,0.04,-0.04,Failed,DQ-T02
2026-02-05,SA247197710,CARD,GW-ATLAS,PENDING_REVIEW,1,380.07,SAR,9.6,5.82,3.78,,DQ-T05
,AE861319254,TOKEN,GW-ATLAS,SUCCESS,1,137.84,AED,3.7,2.36,1.34,Success,DQ-T02
2024-10-21,XX852836466,CARD,GW-NILE,Success,6,11706.9,EGP,299.06,157.7,141.36,Success,DQ-T04
,SA489370296,TOKEN,GW-NIMBUS,Success,5,3845.2,SAR,88.32,55.05,33.27,Success,DQ-T02
,OM761015209,CARD,GW-ATLAS,Success,1,16.16,OMR,0.42,0.26,0.16,Success,DQ-T02
2025-05-15,EG614572570,CARD,GW-NILE,UNKNOWN,14,73058.76,EGP,1721.6,924.63,796.97,,DQ-T05
,AE307567415,CARD,GW-NIMBUS,Refunded,33,9043.92,AED,0.0,18.18,-18.18,Refunded,DQ-T02
2025-09-17,XX349983700,CARD,GW-ORION,Success,49,1831.36,SAR,61.78,34.41,27.37,Success,DQ-T04
2025-12-02,AE767122784,BNPL,GW-ATLAS,CHARGEBACK?,1,133.51,AED,6.06,4.69,1.37,,DQ-T05
,AE932795909,TOKEN,GW-ORION,Voided,3,866.02,AED,0.0,0.13,-0.13,Voided,DQ-T02
2026-01-15,EG276584921,CARD,GW-ATLAS,UNKNOWN,1,1458.56,EGP,0.0,1.01,-1.01,,DQ-T05
2025-12-15,OM688926128,CARD,GW-NIMBUS,Success,0,3761.76,OMR,73.89,59.46,14.43,Success,DQ-T08
,AE798073466,CARD,GW-ORION,Refunded,2,648.06,AED,0.0,1.1,-1.1,Refunded,DQ-T02
,EG760725891,CARD,GW-ATLAS,Failed,6,6639.43,EGP,0.0,6.16,-6.16,Failed,DQ-T02
,AE626038015,CARD,GW-ATLAS,Refunded,2,1676.15,AED,0.0,1.1,-1.1,Refunded,DQ-T02
2025-06-25,SA426436949,TOKEN,GW-ORION,Success,0,5920.91,SAR,178.34,98.16,80.18,Success,DQ-T08
,AE132301545,CARD,GW-NIMBUS,Refunded,1,207.87,AED,0.0,0.55,-0.55,Refunded,DQ-T02
,EG989134753,TOKEN,GW-ATLAS,Refunded,1,7141.79,EGP,0.0,7.73,-7.73,Refunded,DQ-T02
2025-08-02,EG799575469,LDEBIT,GW-NILE,Success,10,-3626.65,EGP,-67.92,-32.0,-35.92,Success,DQ-T07
,EG981274071,BNPL,GW-ATLAS,Failed,24,10320.2,EGP,0.0,24.63,-24.63,Failed,DQ-T02
,EG624580946,TOKEN,GW-ATLAS,Failed,14,3064.21,EGP,0.0,14.37,-14.37,Failed,DQ-T02
,OM371938797,TOKEN,GW-ATLAS,Failed,15,115.44,OMR,0.0,0.12,-0.12,Failed,DQ-T02
2026-06-01,XX456203592,CARD,GW-NILE,Success,870,803699.23,EGP,15189.1,12136.71,3052.39,Success,DQ-T04
2026-02-08,XX129123322,TOKEN,GW-ORION,Voided,5,911.4,AED,0.0,0.22,-0.22,Voided,DQ-T04
2026-04-01,EG357144481,CARD,GW-NILE,PENDING_REVIEW,5,1934.0,EGP,71.88,37.09,34.79,,DQ-T05
2026-06-11,AE543834117,CARD,GW-ORION,UNKNOWN,3,106.64,AED,0.0,1.65,-1.65,,DQ-T05
2025-08-08,AE779021046,TOKEN,GW-ORION,UNKNOWN,7,11807.3,AED,289.72,158.57,131.15,,DQ-T05
2026-04-22,OM141192539,LDEBIT,GW-NIMBUS,Success,0,429.9,OMR,5.07,2.45,2.62,Success,DQ-T08
,EG799575469,CARD,GW-ATLAS,Success,52,18348.64,EGP,697.63,453.15,244.48,Success,DQ-T02
2024-11-28,XX844071240,BNPL,GW-NILE,Success,2,3239.51,EGP,132.56,94.08,38.48,Success,DQ-T04
,SA416884588,CARD,GW-ORION,Failed,12,2482.23,SAR,0.0,0.54,-0.54,Failed,DQ-T02
,SA147303844,TOKEN,GW-ORION,Failed,1,169.22,SAR,0.0,0.04,-0.04,Failed,DQ-T02
,AE870997409,CARD,GW-NIMBUS,Failed,1,146.08,AED,0.0,0.06,-0.06,Failed,DQ-T02
2025-01-09,OM543606528,LDEBIT,GW-NIMBUS,UNKNOWN,1,10.49,OMR,0.0,0.01,-0.01,,DQ-T05
,EG181564804,LDEBIT,GW-NILE,Failed,321,157910.82,EGP,0.0,128.88,-128.88,Failed,DQ-T02
2025-02-13,EG474518016,CARD,GW-NILE,PENDING_REVIEW,7,9595.47,EGP,0.0,2.75,-2.75,,DQ-T05
,EG843137256,CARD,GW-ATLAS,Success,16,18685.58,EGP,514.7,331.0,183.7,Success,DQ-T02
2025-05-19,XX814285030,TOKEN,GW-ORION,Success,5,185.9,AED,5.99,3.57,2.42,Success,DQ-T04
,SA472968758,CARD,GW-ORION,Failed,1,316.98,SAR,0.0,0.04,-0.04,Failed,DQ-T02
,EG987489356,WALLET,GW-NILE,ERROR,161,48746.9,EGP,0.0,65.65,-65.65,Failed,DQ-T02
2026-02-18,SA845331728,LDEBIT,GW-NIMBUS,SETTLED,1,1086.65,SAR,1521.31,5.06,1516.25,Success,DQ-T09
2025-10-05,AE486272694,TOKEN,GW-ORION,PENDING_REVIEW,2,418.55,AED,10.48,6.0,4.48,,DQ-T05
,SA852543984,TOKEN,GW-ORION,Failed,1,237.54,SAR,0.0,0.04,-0.04,Failed,DQ-T02
2026-04-19,EG573406141,WALLET,GW-NILE,PENDING_REVIEW,1,629.86,EGP,15.15,6.9,8.25,,DQ-T05
,SA623621170,LDEBIT,GW-NIMBUS,Voided,1,54.66,SAR,0.0,0.06,-0.06,Voided,DQ-T02
2026-06-21,AE512828415,CARD,GW-ATLAS,Approved,6,-622.7,AED,-16.09,-10.71,-5.38,Success,DQ-T07
2024-08-18,EG511253320,TOKEN,GW-ATLAS,CHARGEBACK?,13,3830.08,EGP,163.25,104.51,58.74,,DQ-T05
,AE987618927,CARD,GW-ORION,Voided,7,290.2,AED,0.0,0.31,-0.31,Voided,DQ-T02
,AE761816465,LDEBIT,GW-NIMBUS,Refunded,1,139.27,AED,0.0,0.55,-0.55,Refunded,DQ-T02
2025-07-27,OM590437110,TOKEN,GW-ATLAS,UNKNOWN,1,4.32,OMR,0.14,0.09,0.05,,DQ-T05
2024-10-17,EG345706176,CARD,GW-NILE,Success,2,-5935.56,EGP,-148.45,-77.27,-71.18,Success,DQ-T07
2025-01-28,EG674673242,CARD,GW-NILE,CHARGEBACK?,3,25166.08,EGP,561.31,313.56,247.75,,DQ-T05
,SA716580826,TOKEN,GW-NIMBUS,REFUND,1,32.66,SAR,0.0,0.56,-0.56,Refunded,DQ-T02
2025-11-20,EG432619696,CARD,GW-ATLAS,Success,188,-41522.7,EGP,-1880.08,-1314.52,-565.56,Success,DQ-T07
2025-10-03,XX223101064,LDEBIT,GW-NILE,Failed,1,1447.74,EGP,0.0,0.4,-0.4,Failed,DQ-T04
,EG623813968,CARD,GW-NILE,Failed,5,10817.95,EGP,0.0,1.98,-1.98,Failed,DQ-T02
2025-08-21,SA288575225,LDEBIT,GW-NIMBUS,UNKNOWN,2,440.52,SAR,5.57,2.32,3.25,,DQ-T05
,EG431057266,CARD,GW-NILE,Success,6,63979.61,EGP,1439.75,793.06,646.69,Success,DQ-T02
2025-01-25,SA247197710,CARD,GW-ATLAS,UNKNOWN,2,654.47,SAR,16.63,10.1,6.53,,DQ-T05
2024-07-31,XX739926115,CARD,GW-ATLAS,Refunded,1,121.94,OMR,0.0,0.06,-0.06,Refunded,DQ-T04
2024-11-30,EG266138287,WALLET,GW-NILE,UNKNOWN,2,766.07,EGP,18.34,9.62,8.72,,DQ-T05
2026-06-02,EG344758416,CARD,GW-NILE,CHARGEBACK?,5,10658.18,EGP,291.22,143.13,148.09,,DQ-T05
2026-06-10,EG427255297,TOKEN,GW-ATLAS,CHARGEBACK?,2,6767.13,EGP,174.77,109.93,64.84,,DQ-T05
,SA474123129,TOKEN,GW-NIMBUS,Failed,2,120.63,SAR,0.0,0.11,-0.11,Failed,DQ-T02
2024-10-05,XX578702191,TOKEN,GW-ATLAS,Success,2,13093.32,EGP,332.04,205.16,126.88,Success,DQ-T04
2025-10-20,EG215045135,TOKEN,GW-ATLAS,Success,0,8514.81,EGP,136.97,132.47,4.5,Success,DQ-T08
,AE984737156,LDEBIT,GW-NIMBUS,Success,4,916.58,AED,11.33,4.79,6.54,Success,DQ-T02
2024-11-03,SA674924548,LDEBIT,GW-NIMBUS,Success,15,-957.04,SAR,-14.64,-6.84,-7.8,Success,DQ-T07
2024-12-02,SA860742247,LDEBIT,GW-NIMBUS,CHARGEBACK?,39,7618.79,SAR,0.0,2.19,-2.19,,DQ-T05
2026-03-26,SA268987858,LDEBIT,GW-NIMBUS,Success,3,188.49,SAR,263.89,1.35,262.54,Success,DQ-T09
,EG327327982,LDEBIT,GW-NILE,Voided,1,303.52,EGP,0.0,0.41,-0.41,Voided,DQ-T02
2025-12-17,EG178731082,WALLET,GW-NILE,CHARGEBACK?,2,1320.22,EGP,0.0,0.81,-0.81,,DQ-T05
2026-03-31,OM435145511,CARD,GW-NIMBUS,Success,0,161.81,OMR,3.81,2.38,1.43,Success,DQ-T08
2025-09-22,XX228422291,CARD,GW-ATLAS,Voided,164,81875.24,EGP,0.0,167.06,-167.06,Voided,DQ-T04
2026-01-10,XX471759132,WALLET,GW-NILE,Success,37,66544.29,EGP,1028.85,604.43,424.42,Success,DQ-T04
2025-05-07,EG761087060,CARD,GW-NILE,UNKNOWN,9,12853.17,EGP,0.0,3.59,-3.59,,DQ-T05
2025-01-28,EG538857731,CARD,GW-NILE,PENDING_REVIEW,1,977.3,EGP,0.0,7.35,-7.35,,DQ-T05
,SA485114821,TOKEN,GW-ATLAS,Success,2,117.39,SAR,3.44,2.33,1.11,Success,DQ-T02
2026-04-15,OM141192539,LDEBIT,GW-NIMBUS,Success,0,281.89,OMR,3.27,1.56,1.71,Success,DQ-T08
,SA315873581,LDEBIT,GW-NIMBUS,Voided,1,40.67,SAR,0.0,0.06,-0.06,Voided,DQ-T02
,EG105351460,TOKEN,GW-NILE,Success,2,1835.41,EGP,52.05,28.33,23.72,Success,DQ-T02
,SA556781756,BNPL,GW-ATLAS,Refunded,1,47.13,SAR,0.0,0.56,-0.56,Refunded,DQ-T02
2024-10-12,EG220900048,TOKEN,GW-NILE,Success,1,-2014.05,EGP,-48.02,-27.95,-20.07,Success,DQ-T07
,AE375396549,TOKEN,GW-NIMBUS,Success,1,354.21,AED,9.79,5.2,4.59,Success,DQ-T02
2024-10-12,SA633817671,LDEBIT,GW-NIMBUS,Success,1,-56.64,SAR,-0.86,-0.42,-0.44,Success,DQ-T07
2025-03-06,EG998632198,CARD,GW-NILE,Success,55,-81302.65,EGP,-2013.18,-1131.82,-881.36,Success,DQ-T07
,EG911025364,CARD,GW-NILE,FAILED,1,217.74,EGP,0.0,0.4,-0.4,Failed,DQ-T02
2026-06-28,SA845331728,TOKEN,GW-ORION,Success,0,515.51,SAR,11.61,7.08,4.53,Success,DQ-T08
,EG538857731,TOKEN,GW-NILE,Success,5,8773.83,EGP,218.72,123.66,95.06,Success,DQ-T02
2025-03-13,AE853501645,TOKEN,GW-NIMBUS,PENDING_REVIEW,40,2843.97,AED,78.28,49.36,28.92,,DQ-T05
,SA912413819,CARD,GW-ORION,Success,202,6734.83,SAR,217.99,131.41,86.58,Success,DQ-T02
,EG537339465,TOKEN,GW-ATLAS,Success,223,91926.64,EGP,2339.16,2218.14,121.02,Success,DQ-T02
2024-07-03,SA466668047,LDEBIT,GW-NIMBUS,UNKNOWN,1,43.95,SAR,0.0,0.06,-0.06,,DQ-T05
2026-03-10,EG427255297,LDEBIT,GW-NILE,UNKNOWN,1,3666.5,EGP,45.23,16.66,28.57,,DQ-T05
2025-09-16,EG215045135,CARD,GW-ATLAS,PENDING_REVIEW,5,45691.87,EGP,718.34,685.03,33.31,,DQ-T05
,EG331354329,WALLET,GW-NILE,Refunded,1,279.41,EGP,0.0,7.27,-7.27,Refunded,DQ-T02
,SA796857151,CARD,GW-NIMBUS,Refunded,1,2083.58,SAR,0.0,0.56,-0.56,Refunded,DQ-T02
2024-10-04,XX253145638,WALLET,GW-NILE,Declined,1,6553.64,EGP,0.0,0.39,-0.39,Failed,DQ-T04
2024-09-16,XX914831352,TOKEN,GW-ATLAS,Captured,249,70393.06,EGP,2834.26,1953.19,881.07,Success,DQ-T04
,EG981274071,CARD,GW-ATLAS,Voided,2,814.78,EGP,0.0,1.94,-1.94,Voided,DQ-T02
,AE468236624,BNPL,GW-ATLAS,Success,1,1441.88,AED,66.9,49.9,17.0,Success,DQ-T02
,SA847687864,TOKEN,GW-NIMBUS,Success,14,1736.39,SAR,48.56,27.72,20.84,Success,DQ-T02
,AE410140017,LDEBIT,GW-NIMBUS,Success,389,63715.02,AED,485.33,351.0,134.33,Success,DQ-T02
2026-05-09,SA986462340,CARD,GW-ORION,UNKNOWN,1,16.89,SAR,0.0,0.56,-0.56,,DQ-T05
2026-01-03,XX124577281,CARD,GW-NILE,Failed,1,1300.5,EGP,0.0,0.4,-0.4,Failed,DQ-T04
2025-11-14,SA112481566,LDEBIT,GW-NIMBUS,Success,14,-1777.66,SAR,-24.81,-10.36,-14.45,Success,DQ-T07
,EG680139391,CARD,GW-NILE,Success,212,88163.88,EGP,3144.83,1643.14,1501.69,Success,DQ-T02
2026-02-26,EG468167807,CARD,GW-ATLAS,UNKNOWN,2,8004.41,EGP,125.86,124.3,1.56,,DQ-T05
,AE381359654,LDEBIT,GW-NIMBUS,SUCCESS,8,347.32,AED,5.65,2.89,2.76,Success,DQ-T02
2024-08-30,EG981274071,TOKEN,GW-NILE,PENDING_REVIEW,74,31969.86,EGP,1128.63,592.81,535.82,,DQ-T05
2026-06-19,SA663148534,LDEBIT,GW-NIMBUS,Success,1,-243.22,SAR,-3.16,-1.26,-1.9,Success,DQ-T07
2026-06-22,OM410323148,CARD,GW-NIMBUS,UNKNOWN,1,17.64,OMR,0.0,0.01,-0.01,,DQ-T05
2025-02-07,AE317795493,TOKEN,GW-NIMBUS,PENDING_REVIEW,35,10280.74,AED,157.09,152.29,4.8,,DQ-T05
2026-06-05,EG187417841,CARD,GW-ATLAS,UNKNOWN,1,12027.18,EGP,262.28,179.16,83.12,,DQ-T05
,SA819868069,CARD,GW-NIMBUS,Refunded,17,2239.34,SAR,0.0,9.56,-9.56,Refunded,DQ-T02
,EG723843125,LDEBIT,GW-NILE,REFUND,1,287.34,EGP,0.0,7.55,-7.55,Refunded,DQ-T02
,EG105351460,CARD,GW-NILE,Failed,1,1071.17,EGP,0.0,0.39,-0.39,Failed,DQ-T02
,EG550259154,CARD,GW-ATLAS,Success,19,6218.53,EGP,230.03,159.65,70.38,Success,DQ-T02
,AE932795909,TOKEN,GW-ORION,Refunded,2,346.37,AED,0.0,1.1,-1.1,Refunded,DQ-T02
2025-05-02,SA184014126,TOKEN,GW-NIMBUS,CHARGEBACK?,14,788.16,SAR,21.73,14.45,7.28,,DQ-T05
2025-06-03,EG750576392,CARD,GW-ATLAS,Success,8,-5589.1,EGP,-178.94,-111.02,-67.92,Success,DQ-T07
2025-02-24,SA267227056,CARD,GW-ORION,Success,592,167125.64,SAR,233975.9,2274.64,231701.26,Success,DQ-T09
,OM173271126,CARD,GW-NIMBUS,Failed,1,13.58,OMR,0.0,0.01,-0.01,Failed,DQ-T02
,EG465172400,CARD,GW-ATLAS,Failed,1,1905.18,EGP,0.0,1.03,-1.03,Failed,DQ-T02
2025-11-04,SA487858809,CARD,GW-ATLAS,Success,29,-1281.99,SAR,-39.96,-26.74,-13.22,Success,DQ-T07
2025-06-21,SA256650029,TOKEN,GW-NIMBUS,PENDING_REVIEW,5,436.55,SAR,0.0,2.81,-2.81,,DQ-T05
2024-10-08,EG799575469,TOKEN,GW-NILE,PENDING_REVIEW,15,5426.81,EGP,207.98,107.02,100.96,,DQ-T05
2025-06-29,EG474829702,TOKEN,GW-NILE,Success,1,-2195.27,EGP,-60.29,-30.3,-29.99,Success,DQ-T07
2025-05-07,SA674924548,LDEBIT,GW-NIMBUS,Success,0,844.56,SAR,13.67,6.67,7.0,Success,DQ-T08
,SA205739809,LDEBIT,GW-NIMBUS,Failed,2,73.09,SAR,0.0,0.11,-0.11,Failed,DQ-T02
2026-02-12,SA550486234,CARD,GW-ATLAS,SETTLED,0,2513.63,SAR,69.99,43.59,26.4,Success,DQ-T08
2025-05-06,SA124881724,TOKEN,GW-ATLAS,PENDING_REVIEW,1,116.57,SAR,0.0,0.08,-0.08,,DQ-T05
2026-01-28,EG305582435,CARD,GW-NILE,Success,6,-11457.98,EGP,-280.92,-155.28,-125.64,Success,DQ-T07
2026-05-09,EG981274071,CARD,GW-ATLAS,UNKNOWN,5,2160.48,EGP,0.0,5.16,-5.16,,DQ-T05
,SA315873581,LDEBIT,GW-NIMBUS,Failed,3,122.0,SAR,0.0,0.17,-0.17,Failed,DQ-T02
2025-10-24,AE741353303,TOKEN,GW-ORION,UNKNOWN,1,43.6,AED,0.0,0.55,-0.55,,DQ-T05
,SA577673991,LDEBIT,GW-NIMBUS,Success,2,586.27,SAR,7.38,2.98,4.4,Success,DQ-T02
,SA158425015,TOKEN,GW-NIMBUS,Success,28,1177.37,SAR,38.95,23.31,15.64,Success,DQ-T02
,EG482640702,WALLET,GW-NILE,Success,15,35353.53,EGP,705.7,313.12,392.58,Success,DQ-T02
,SA758672424,TOKEN,GW-ORION,Success,1,85.18,SAR,2.23,1.36,0.87,Success,DQ-T02
,EG861848123,CARD,GW-NILE,Success,12,9640.8,EGP,294.28,148.59,145.69,Success,DQ-T02
2026-04-24,EG432619696,CARD,GW-ATLAS,Success,0,40271.44,EGP,1750.88,1221.23,529.65,Success,DQ-T08
2026-06-15,EG707758852,LDEBIT,GW-NILE,Success,0,5040.88,EGP,72.21,31.22,40.99,Success,DQ-T08
2026-02-14,EG723843125,WALLET,GW-NILE,CHARGEBACK?,128,35832.73,EGP,969.05,520.1,448.95,,DQ-T05
2024-10-10,XX147415469,BNPL,GW-NILE,Success,2,2081.87,EGP,102.57,60.74,41.83,Success,DQ-T04
2024-12-11,XX980012854,CARD,GW-ORION,Success,100,22134.68,AED,504.21,305.62,198.59,Success,DQ-T04
2024-10-02,AE172124002,LDEBIT,GW-NIMBUS,SETTLED,23,-2513.53,AED,-35.82,-15.11,-20.71,Success,DQ-T07
,AE333371080,CARD,GW-ORION,Failed,2,639.77,AED,0.0,0.09,-0.09,Failed,DQ-T02
,SA508515348,TOKEN,GW-ORION,DECLINED,2,369.37,SAR,0.0,0.09,-0.09,Failed,DQ-T02
,EG728358410,TOKEN,GW-ATLAS,Success,4,4920.46,EGP,122.54,88.9,33.64,Success,DQ-T02
2024-12-13,AE345303542,TOKEN,GW-ORION,Success,0,160.65,AED,5.57,3.01,2.56,Success,DQ-T08
2026-02-04,XX963675839,LDEBIT,GW-NIMBUS,Voided,3,665.41,SAR,0.0,0.17,-0.17,Voided,DQ-T04
2026-03-07,SA814924785,CARD,GW-ATLAS,UNKNOWN,5,4345.71,SAR,98.96,64.75,34.21,,DQ-T05
,EG728358410,LDEBIT,GW-NILE,Success,5,9289.24,EGP,105.24,46.27,58.97,Success,DQ-T02
2026-03-10,EG529532780,TOKEN,GW-NILE,CHARGEBACK?,5,8234.29,EGP,223.91,117.42,106.49,,DQ-T05
,SA479684490,CARD,GW-ORION,Refunded,1,29.97,SAR,0.0,0.56,-0.56,Refunded,DQ-T02
,SA705652485,LDEBIT,GW-NIMBUS,Failed,8,983.57,SAR,0.0,0.45,-0.45,Failed,DQ-T02
2025-05-20,EG981274071,TOKEN,GW-NILE,UNKNOWN,9,3757.52,EGP,0.0,3.59,-3.59,,DQ-T05
2025-11-23,EG761087060,TOKEN,GW-ATLAS,CHARGEBACK?,42,63898.54,EGP,1706.75,1124.57,582.18,,DQ-T05
2025-01-28,SA925677957,CARD,GW-ATLAS,Success,7,-3448.35,SAR,-85.31,-52.22,-33.09,Success,DQ-T07
2026-05-23,AE107661633,CARD,GW-NIMBUS,PENDING_REVIEW,2,279.37,AED,0.0,0.11,-0.11,,DQ-T05
2025-10-06,EG486344028,LDEBIT,GW-NILE,CHARGEBACK?,58,19100.7,EGP,363.91,179.56,184.35,,DQ-T05
2025-05-06,AE881349842,CARD,GW-ORION,PENDING_REVIEW,1,3410.77,AED,0.0,0.04,-0.04,,DQ-T05
2024-07-02,SA592950341,LDEBIT,GW-NIMBUS,PENDING_REVIEW,6,1505.79,SAR,18.63,7.79,10.84,,DQ-T05
,AE987618927,BNPL,GW-ATLAS,Refunded,1,36.54,AED,0.0,0.55,-0.55,Refunded,DQ-T02
,EG554455116,WALLET,GW-NILE,Success,1,7498.35,EGP,139.8,62.54,77.26,Success,DQ-T02
,SA295911590,LDEBIT,GW-NIMBUS,Success,6,1204.53,SAR,14.74,6.43,8.31,Success,DQ-T02
,EG762971123,WALLET,GW-NILE,Success,1,2012.53,EGP,40.19,18.11,22.08,Success,DQ-T02
2025-10-13,SA647753119,CARD,GW-NIMBUS,PENDING_REVIEW,1,108.68,SAR,0.0,0.06,-0.06,,DQ-T05
2026-02-04,SA251636450,TOKEN,GW-ORION,Success,13,-860.19,SAR,-25.87,-14.34,-11.53,Success,DQ-T07
2026-03-02,SA256650029,CARD,GW-NIMBUS,Success,0,22347.84,SAR,559.0,345.33,213.67,Success,DQ-T08
,SA382289892,LDEBIT,GW-NIMBUS,Failed,2,415.89,SAR,0.0,0.11,-0.11,Failed,DQ-T02
2024-11-08,EG728979434,LDEBIT,GW-NILE,PENDING_REVIEW,2,5301.49,EGP,65.72,24.89,40.83,,DQ-T05
2026-06-23,SA196173797,TOKEN,GW-ORION,UNKNOWN,7,566.35,SAR,15.43,9.09,6.34,,DQ-T05
2026-03-12,EG123423908,CARD,GW-NILE,Success,7,-19095.2,EGP,-484.94,-251.15,-233.79,Success,DQ-T07
,EG249264164,CARD,GW-ATLAS,Success,12,10101.99,EGP,295.36,189.99,105.37,Success,DQ-T02
,EG744158614,TOKEN,GW-ATLAS,Failed,1,1485.55,EGP,0.0,0.99,-0.99,Failed,DQ-T02
,EG486344028,LDEBIT,GW-NILE,Voided,1,337.17,EGP,0.0,0.41,-0.41,Voided,DQ-T02
2025-10-29,XX557724980,TOKEN,GW-NILE,Success,20,21133.58,EGP,570.91,319.65,251.26,Success,DQ-T04
2025-03-02,SA954952952,LDEBIT,GW-NIMBUS,Success,214,-9711.04,SAR,-146.36,-79.81,-66.55,Success,DQ-T07
2026-05-13,EG792191738,LDEBIT,GW-NILE,Success,0,22924.31,EGP,345.16,145.17,199.99,Success,DQ-T08
2025-01-07,OM761371745,CARD,GW-ATLAS,CHARGEBACK?,1,164.14,OMR,0.0,0.01,-0.01,,DQ-T05
2025-09-05,XX141110162,CARD,GW-ATLAS,Voided,1,1309.97,EGP,0.0,1.02,-1.02,Voided,DQ-T04
2025-10-02,OM236113503,CARD,GW-NIMBUS,UNKNOWN,1,27.25,OMR,0.0,0.01,-0.01,,DQ-T05
,SA912413819,CARD,GW-ORION,Success,375,12665.88,SAR,408.13,246.05,162.08,Success,DQ-T02
,EG998632198,BNPL,GW-NILE,Success,12,20177.08,EGP,864.59,585.78,278.81,Success,DQ-T02
,EG191889591,TOKEN,GW-NILE,Success,5,5948.03,EGP,162.41,87.73,74.68,Success,DQ-T02
,AE671906697,CARD,GW-ORION,Success,2243,142795.61,AED,2619.36,2320.77,298.59,Success,DQ-T02
2025-09-02,SA624172387,LDEBIT,GW-NIMBUS,Success,11,-383.35,SAR,-6.52,-3.58,-2.94,Success,DQ-T07
2026-01-10,XX395541924,BNPL,GW-ATLAS,Voided,4,239.88,SAR,0.0,0.3,-0.3,Voided,DQ-T04
2025-03-22,SA912413819,TOKEN,GW-ATLAS,Success,147,-4888.08,SAR,-160.66,-114.7,-45.96,Success,DQ-T07
,OM730950792,CARD,GW-NIMBUS,Success,3,37.42,OMR,0.93,0.58,0.35,Success,DQ-T02
,EG728358410,LDEBIT,GW-NILE,Declined,1,1592.34,EGP,0.0,0.4,-0.4,Failed,DQ-T02
,EG447972836,LDEBIT,GW-NILE,Failed,1,1132.6,EGP,0.0,0.39,-0.39,Failed,DQ-T02
,EG259754316,TOKEN,GW-ATLAS,Failed,2,747.85,EGP,0.0,1.98,-1.98,Failed,DQ-T02
2024-10-27,AE123781768,CARD,GW-ORION,PENDING_REVIEW,489,24201.67,AED,410.04,417.12,-7.08,,DQ-T05
,EG259754316,CARD,GW-ATLAS,Failed,5,1948.8,EGP,0.0,5.16,-5.16,Failed,DQ-T02
2025-02-15,AE904440734,CARD,GW-ATLAS,CHARGEBACK?,2,96.98,AED,0.0,0.15,-0.15,,DQ-T05
2026-04-02,AE786280232,BANKTR,GW-NIMBUS,Success,8,-20431.2,AED,-54.84,-20.94,-33.9,Success,DQ-T07
2025-07-28,EG292925935,TOKEN,GW-ATLAS,PENDING_REVIEW,1,976.97,EGP,0.0,1.0,-1.0,,DQ-T05
2026-02-08,XX517005713,CARD,GW-ATLAS,Success,3,3829.35,AED,83.28,56.65,26.63,Success,DQ-T04
,EG482640702,WALLET,GW-NILE,Success,23,59214.38,EGP,1174.09,518.92,655.17,Success,DQ-T02
,SA352518639,BANKTR,GW-NIMBUS,Voided,4,1657.17,SAR,0.0,0.22,-0.22,Voided,DQ-T02
2025-08-18,SA988802623,LDEBIT,GW-NIMBUS,Success,9,-2130.18,SAR,-25.99,-11.1,-14.89,Success,DQ-T07
2025-02-12,AE410140017,LDEBIT,GW-NIMBUS,Success,0,18976.55,AED,144.3,104.23,40.07,Success,DQ-T08
2025-09-21,AE678947423,CARD,GW-ATLAS,PENDING_REVIEW,13,2851.17,AED,71.18,45.1,26.08,,DQ-T05
2024-10-08,OM936304206,LDEBIT,GW-NIMBUS,Success,5,-72.34,OMR,-0.86,-0.41,-0.45,Success,DQ-T07
2026-01-08,XX294257227,CARD,GW-ATLAS,Failed,152,23530.32,SAR,0.0,11.4,-11.4,Failed,DQ-T04
2025-11-16,SA722880043,CARD,GW-NIMBUS,Success,0,7462.96,SAR,169.79,102.21,67.58,Success,DQ-T08
,AE360087333,TOKEN,GW-ORION,Success,9,464.66,AED,14.06,8.15,5.91,Success,DQ-T02
,SA972748866,LDEBIT,GW-NIMBUS,Success,394,51516.51,SAR,399.38,298.31,101.07,Success,DQ-T02
2024-09-19,SA914955375,LDEBIT,GW-NIMBUS,Success,0,160.41,SAR,1.9,0.89,1.01,Success,DQ-T08
2025-09-13,XX474245250,CARD,GW-NIMBUS,Success,4,7238.62,SAR,164.01,98.7,65.31,Success,DQ-T04
2026-02-10,AE787062785,LDEBIT,GW-NIMBUS,UNKNOWN,2,293.96,AED,0.0,0.11,-0.11,,DQ-T05
,SA247609412,LDEBIT,GW-NIMBUS,Voided,2,105.0,SAR,0.0,0.11,-0.11,Voided,DQ-T02
2026-04-30,XX579455945,CARD,GW-ORION,Success,26,1678.75,SAR,50.04,27.32,22.72,Success,DQ-T04
,SA426436949,BNPL,GW-ATLAS,Voided,2,136.79,SAR,0.0,0.15,-0.15,Voided,DQ-T02
2024-10-15,EG816834588,CARD,GW-NILE,PENDING_REVIEW,3,4915.79,EGP,121.54,67.46,54.08,,DQ-T05
2026-05-30,SA936227927,CARD,GW-ATLAS,PENDING_REVIEW,7,5639.82,SAR,130.99,84.17,46.82,,DQ-T05
2024-10-08,XX553562281,TOKEN,GW-ORION,Voided,1,51.18,SAR,0.0,0.04,-0.04,Voided,DQ-T04
2024-07-21,EG728358410,TOKEN,GW-ATLAS,Success,5,-9210.62,EGP,-216.73,-157.06,-59.67,Success,DQ-T07
2026-05-05,XX656282389,CARD,GW-ATLAS,FAILED,2,8146.74,EGP,0.0,2.06,-2.06,Failed,DQ-T04
,AE205330599,CARD,GW-ORION,Failed,1,137.34,AED,0.0,0.04,-0.04,Failed,DQ-T02
,EG292925935,TOKEN,GW-ATLAS,Success,4,4468.53,EGP,126.69,82.75,43.94,Success,DQ-T02
,EG723843125,WALLET,GW-NILE,Voided,1,271.93,EGP,0.0,0.4,-0.4,Voided,DQ-T02
,EG998632198,BNPL,GW-NILE,APPROVED,9,13405.19,EGP,574.41,389.6,184.81,Success,DQ-T02
,SA139966565,CARD,GW-ATLAS,Voided,1,41.62,SAR,0.0,0.08,-0.08,Voided,DQ-T02
2025-09-28,XX279687246,TOKEN,GW-ATLAS,APPROVED,9,44599.07,EGP,1076.52,708.26,368.26,Success,DQ-T04
2025-01-26,EG290794122,CARD,GW-NILE,CAPTURED,10,-33104.66,EGP,-789.36,-428.19,-361.17,Success,DQ-T07
2025-12-17,SA306273888,TOKEN,GW-NIMBUS,PENDING_REVIEW,30,2689.77,SAR,80.27,44.97,35.3,,DQ-T05
,SA259363162,CARD,GW-ATLAS,Failed,2,241.9,SAR,0.0,0.15,-0.15,Failed,DQ-T02
2025-11-28,EG344164016,TOKEN,GW-NILE,UNKNOWN,1,338.97,EGP,0.0,0.41,-0.41,,DQ-T05
2025-11-19,AE547591847,TOKEN,GW-NIMBUS,Success,7,-1296.85,AED,-31.88,-19.83,-12.05,Success,DQ-T07
2025-10-29,AE123781768,LDEBIT,GW-NIMBUS,Success,0,6394.82,AED,53.45,50.26,3.19,Success,DQ-T08
,AE468236624,CARD,GW-ORION,Failed,1,1542.6,AED,0.0,0.04,-0.04,Failed,DQ-T02
2026-06-04,XX562500643,LDEBIT,GW-NILE,Success,1,3483.18,EGP,41.37,15.91,25.46,Success,DQ-T04
2024-10-02,EG123423908,LDEBIT,GW-NILE,Success,0,2989.63,EGP,36.78,13.81,22.97,Success,DQ-T08
,SA589749602,CARD,GW-ORION,Success,111,20016.13,SAR,489.39,281.37,208.02,Success,DQ-T02
,AE707625102,CARD,GW-NIMBUS,Failed,2,562.68,AED,0.0,0.11,-0.11,Failed,DQ-T02
2025-10-20,SA944601083,CARD,GW-ATLAS,Success,22,-7594.57,SAR,-190.78,-116.83,-73.95,Success,DQ-T07
,AE987618927,BNPL,GW-ATLAS,Failed,18,746.23,AED,0.0,1.32,-1.32,Failed,DQ-T02
2024-10-04,EG235600888,TOKEN,GW-NILE,Success,1,8127.69,EGP,11378.77,104.99,11273.78,Success,DQ-T09
2025-03-03,SA640104269,TOKEN,GW-ORION,Success,7,-10376.2,SAR,-174.24,-139.57,-34.67,Success,DQ-T07
2025-11-13,SA859807984,CARD,GW-NIMBUS,Success,4,6830.61,SAR,9562.85,93.19,9469.66,Success,DQ-T09
2024-08-14,SA711632487,LDEBIT,GW-NIMBUS,CHARGEBACK?,43,1620.4,SAR,27.23,14.55,12.68,,DQ-T05
2025-08-18,XX169725810,LDEBIT,GW-NIMBUS,Success,7,330.7,SAR,4.93,2.67,2.26,Success,DQ-T04
2026-04-17,AE235728700,TOKEN,GW-ORION,CHARGEBACK?,3,598.41,AED,15.24,8.61,6.63,,DQ-T05
2024-07-08,EG217500923,WALLET,GW-NILE,Success,4,-2114.81,EGP,-46.1,-23.86,-22.24,Success,DQ-T07
,EG967183698,CARD,GW-NILE,Refunded,34,14605.01,EGP,0.0,250.02,-250.02,Refunded,DQ-T02
,SA159383546,CARD,GW-NIMBUS,Failed,2,56.7,SAR,0.0,0.11,-0.11,Failed,DQ-T02
2025-11-02,EG124719628,CARD,GW-NILE,UNKNOWN,2,4176.33,EGP,110.43,56.15,54.28,,DQ-T05
2025-06-09,EG537155658,LDEBIT,GW-NILE,CHARGEBACK?,138,30333.31,EGP,714.23,363.75,350.48,,DQ-T05
2025-10-02,XX319330334,TOKEN,GW-ATLAS,Success,6,4305.0,SAR,99.03,66.76,32.27,Success,DQ-T04
,EG486344028,WALLET,GW-NILE,Refunded,1,337.07,EGP,0.0,7.24,-7.24,Refunded,DQ-T02
2025-04-19,SA710370541,TOKEN,GW-ORION,UNKNOWN,5,4328.97,SAR,0.0,2.81,-2.81,,DQ-T05
2026-05-26,SA489370296,LDEBIT,GW-NIMBUS,Success,2,1617.71,SAR,2264.79,7.62,2257.17,Success,DQ-T09
,AE608679106,CARD,GW-ORION,Failed,28,1385.91,AED,0.0,1.23,-1.23,Failed,DQ-T02
2026-03-03,SA771478693,LDEBIT,GW-NIMBUS,Success,83,-11179.09,SAR,-95.27,-64.31,-30.96,Success,DQ-T07
,EG888467038,BNPL,GW-NILE,Success,2,25313.6,EGP,1107.72,729.85,377.87,Success,DQ-T02
2025-07-12,EG178731082,CARD,GW-NILE,PENDING_REVIEW,51,33285.58,EGP,1027.19,540.08,487.11,,DQ-T05
2025-08-25,EG594214015,CARD,GW-ATLAS,PENDING_REVIEW,1,277.53,EGP,0.0,0.99,-0.99,,DQ-T05
2026-05-27,EG523240890,CARD,GW-NILE,Success,0,10063.49,EGP,246.77,135.93,110.84,Success,DQ-T08
2026-04-12,XX556863319,CARD,GW-ATLAS,REVERSED,1,297.86,AED,0.0,0.07,-0.07,Voided,DQ-T04
,SA652586164,CARD,GW-ATLAS,Voided,3,401.76,SAR,0.0,0.22,-0.22,Voided,DQ-T02
2025-08-02,EG290794122,CARD,GW-NILE,Success,11,-41222.77,EGP,-975.98,-529.69,-446.29,Success,DQ-T07
,AE264932236,CARD,GW-ORION,Failed,1,636.84,AED,0.0,0.04,-0.04,Failed,DQ-T02
,EG237932689,BNPL,GW-NILE,CAPTURED,3,1523.8,EGP,69.58,45.12,24.46,Success,DQ-T02
2026-03-08,XX785187374,CARD,GW-NIMBUS,Failed,2,456.48,AED,0.0,0.11,-0.11,Failed,DQ-T04
,AE642488904,CARD,GW-ATLAS,Voided,1,1379.75,AED,0.0,0.07,-0.07,Voided,DQ-T02
2024-08-08,EG926950694,CARD,GW-ATLAS,PENDING_REVIEW,29,33631.67,EGP,0.0,28.1,-28.1,,DQ-T05
2025-06-18,SA268987858,CARD,GW-ORION,CHARGEBACK?,3,210.43,SAR,0.0,0.14,-0.14,,DQ-T05
,EG199157533,CARD,GW-ATLAS,Success,2,1582.07,EGP,48.68,30.32,18.36,Success,DQ-T02
2026-05-07,EG348432509,CARD,GW-ATLAS,CHARGEBACK?,1,5255.81,EGP,0.0,1.03,-1.03,,DQ-T05
2025-12-29,XX756233959,LDEBIT,GW-NILE,Failed,1,388.03,EGP,0.0,0.41,-0.41,Failed,DQ-T04
,OM377293460,TOKEN,GW-NIMBUS,Success,1,14.82,OMR,0.37,0.23,0.14,Success,DQ-T02
2025-01-07,EG403388419,CARD,GW-NILE,PENDING_REVIEW,51,78766.08,EGP,1989.09,1089.47,899.62,,DQ-T05
,EG474829702,BNPL,GW-ATLAS,Success,1,7232.47,EGP,356.42,250.99,105.43,Success,DQ-T02
,EG670766393,WALLET,GW-NILE,Success,1,1001.99,EGP,21.21,9.82,11.39,Success,DQ-T02
2026-01-25,SA796857151,CARD,GW-NIMBUS,Success,0,12497.4,SAR,271.19,170.18,101.01,Success,DQ-T08
2025-12-22,SA416884588,TOKEN,GW-NIMBUS,UNKNOWN,16,3826.96,SAR,90.31,57.48,32.83,,DQ-T05
,AE779021046,CARD,GW-ORION,Success,10,17423.21,AED,418.17,225.55,192.62,Success,DQ-T02
2025-02-23,EG181564804,LDEBIT,GW-NILE,PENDING_REVIEW,64,30780.12,EGP,0.0,25.12,-25.12,,DQ-T05
,EG373213017,WALLET,GW-NILE,Failed,3,3980.84,EGP,0.0,1.24,-1.24,Failed,DQ-T02
2024-11-19,AE878919871,BNPL,GW-ATLAS,Success,29,6376.79,AED,8927.51,222.51,8705.0,Success,DQ-T09
2025-10-24,EG110254241,CARD,GW-ATLAS,Success,11,-11270.37,EGP,-315.68,-205.3,-110.38,Success,DQ-T07
,SA886598559,CARD,GW-NIMBUS,Failed,9,1480.37,SAR,0.0,0.51,-0.51,Failed,DQ-T02
,AE932795909,CARD,GW-NIMBUS,Voided,13,3752.76,AED,0.0,0.72,-0.72,Voided,DQ-T02
,OM590437110,LDEBIT,GW-NIMBUS,Success,1,8.96,OMR,0.12,0.06,0.06,Success,DQ-T02
,EG373280861,CARD,GW-NILE,Failed,1,483.86,EGP,0.0,0.39,-0.39,Failed,DQ-T02
2026-01-02,EG594214015,TOKEN,GW-ATLAS,CHARGEBACK?,4,935.96,EGP,44.81,29.1,15.71,,DQ-T05
2025-08-20,SA280340580,LDEBIT,GW-NIMBUS,CHARGEBACK?,1,161.12,SAR,2.01,0.89,1.12,,DQ-T05
2025-12-07,XX379514358,CARD,GW-NIMBUS,Success,24,5045.48,AED,121.88,73.84,48.04,Success,DQ-T04
2025-04-12,SA860742247,LDEBIT,GW-NIMBUS,CHARGEBACK?,27,4900.06,SAR,0.0,15.19,-15.19,,DQ-T05
2026-03-10,XX458855800,WALLET,GW-NILE,Refunded,1,10292.01,EGP,0.0,7.74,-7.74,Refunded,DQ-T04
,EG432619696,LDEBIT,GW-NILE,Success,35,8117.9,EGP,177.16,95.23,81.93,Success,DQ-T02
,EG204164575,CARD,GW-NILE,Success,7,2805.81,EGP,98.52,52.53,45.99,Success,DQ-T02
,SA779341840,CARD,GW-ATLAS,Failed,11,1868.69,SAR,0.0,0.82,-0.82,Failed,DQ-T02
2026-01-07,AE881349842,LDEBIT,GW-NIMBUS,UNKNOWN,2,6821.53,AED,0.0,0.11,-0.11,,DQ-T05
,EG611254298,CARD,GW-ATLAS,Voided,1,377.61,EGP,0.0,1.02,-1.02,Voided,DQ-T02
,SA139966565,CARD,GW-ATLAS,Failed,20,832.32,SAR,0.0,1.5,-1.5,Failed,DQ-T02
2026-02-20,SA597673425,CARD,GW-NIMBUS,PENDING_REVIEW,11,472.71,SAR,16.75,9.06,7.69,,DQ-T05
,AE634298413,LDEBIT,GW-NIMBUS,Success,7,317.38,AED,5.03,2.59,2.44,Success,DQ-T02
,EG724883181,WALLET,GW-NILE,Failed,1,336.06,EGP,0.0,0.39,-0.39,Failed,DQ-T02
,EG537339465,WALLET,GW-NILE,FAILED,54,23547.14,EGP,0.0,22.27,-22.27,Failed,DQ-T02
2025-07-27,EG631107574,CARD,GW-NILE,UNKNOWN,6,1626.68,EGP,0.0,2.41,-2.41,,DQ-T05
2025-05-18,XX764045406,CARD,GW-ATLAS,Refunded,1,1585.85,EGP,0.0,7.47,-7.47,Refunded,DQ-T04
2025-02-12,EG875100630,LDEBIT,GW-NILE,UNKNOWN,1,1771.39,EGP,22.88,8.89,13.99,,DQ-T05
2026-06-02,EG474829702,CARD,GW-ATLAS,Success,2,8635.02,EGP,12089.03,133.51,11955.52,Success,DQ-T09
,EG237932689,TOKEN,GW-NILE,Failed,2,825.15,EGP,0.0,0.78,-0.78,Failed,DQ-T02
2024-09-28,AE779021046,TOKEN,GW-ORION,Success,5,-10502.61,AED,-257.26,-140.78,-116.48,Success,DQ-T07
2025-04-18,SA986462340,CARD,GW-ORION,Success,60,2417.64,SAR,3384.7,44.38,3340.32,Success,DQ-T09
2024-07-29,EG680139391,CARD,GW-NILE,CHARGEBACK?,18,7066.01,EGP,0.0,6.92,-6.92,,DQ-T05
,EG952454778,WALLET,GW-NILE,Failed,5,1509.38,EGP,0.0,2.06,-2.06,Failed,DQ-T02
,SA416884588,BNPL,GW-ATLAS,Failed,2,413.71,SAR,0.0,0.15,-0.15,Failed,DQ-T02
2026-06-07,SA487858809,BNPL,GW-ATLAS,UNKNOWN,5,214.38,SAR,9.73,7.78,1.95,,DQ-T05
,SA860742247,TOKEN,GW-ATLAS,Failed,32,6251.31,SAR,0.0,2.4,-2.4,Failed,DQ-T02
,SA623969133,CARD,GW-ORION,Failed,1,245.49,SAR,0.0,0.04,-0.04,Failed,DQ-T02
,SA407055199,CARD,GW-ORION,Success,95,9968.56,SAR,261.1,148.99,112.11,Success,DQ-T02
2026-01-19,SA705652485,TOKEN,GW-NIMBUS,UNKNOWN,1,122.95,SAR,0.0,0.06,-0.06,,DQ-T05
2024-10-01,AE241754747,CARD,GW-NIMBUS,Success,52,2502.02,AED,3502.83,46.19,3456.64,Success,DQ-T09
2026-04-07,XX443467951,TOKEN,GW-ATLAS,Failed,2,339.76,SAR,0.0,0.15,-0.15,Failed,DQ-T04
2025-05-08,XX660902461,CARD,GW-NIMBUS,Success,2,586.96,SAR,15.13,8.41,6.72,Success,DQ-T04
2025-11-23,AE671906697,CARD,GW-ORION,UNKNOWN,244,15486.42,AED,0.0,10.75,-10.75,,DQ-T05
,AE274153176,TOKEN,GW-ORION,Success,1,1038.99,AED,25.9,14.04,11.86,Success,DQ-T02
2025-09-27,SA362023155,CARD,GW-ORION,UNKNOWN,50,3270.84,SAR,91.3,53.09,38.21,,DQ-T05
2025-10-24,OM362279591,CARD,GW-NIMBUS,Success,1,-85.15,OMR,-1.94,-1.17,-0.77,Success,DQ-T07
2026-02-15,XX518825639,TOKEN,GW-NILE,Success,1,9275.5,EGP,211.05,119.59,91.46,Success,DQ-T04
2026-06-03,SA712951009,LDEBIT,GW-NIMBUS,UNKNOWN,2,936.61,SAR,10.31,4.55,5.76,,DQ-T05
2025-08-18,SA865588306,TOKEN,GW-ORION,Success,1,157.5,SAR,220.5,2.32,218.18,Success,DQ-T09
2024-09-03,XX952960424,CARD,GW-NIMBUS,Success,156,19748.54,SAR,493.17,304.63,188.54,Success,DQ-T04
2024-11-02,EG537339465,TOKEN,GW-ATLAS,CHARGEBACK?,202,81506.85,EGP,2069.27,1961.84,107.43,,DQ-T05
2026-05-17,EG134531316,CARD,GW-NILE,UNKNOWN,6,16883.5,EGP,0.0,46.4,-46.4,,DQ-T05
2026-03-27,EG841233405,LDEBIT,GW-NILE,Success,0,6206.51,EGP,75.7,30.55,45.15,Success,DQ-T08
,SA337097778,CARD,GW-ORION,REVERSED,1,404.98,SAR,0.0,0.04,-0.04,Voided,DQ-T02
,AE526176909,LDEBIT,GW-NIMBUS,Approved,1,187.19,AED,2.35,1.01,1.34,Success,DQ-T02
,AE174460555,CARD,GW-NIMBUS,Failed,2,350.87,AED,0.0,0.11,-0.11,Failed,DQ-T02
2026-02-17,SA853040870,BNPL,GW-ATLAS,Success,3,-166.52,SAR,-7.45,-5.98,-1.47,Success,DQ-T07
,SA909908733,CARD,GW-ORION,Failed,10,1717.34,SAR,0.0,0.45,-0.45,Failed,DQ-T02
2025-03-05,EG655465870,CARD,GW-ATLAS,CHARGEBACK?,114,36029.72,EGP,1386.4,942.02,444.38,,DQ-T05
,SA589749602,LDEBIT,GW-NIMBUS,Success,49,8894.64,SAR,106.41,48.29,58.12,Success,DQ-T02
2025-04-18,EG952454778,TOKEN,GW-NILE,Success,0,3318.22,EGP,130.11,68.16,61.95,Success,DQ-T08
,SA765577175,CARD,GW-ORION,Success,268,22180.74,SAR,371.13,344.15,26.98,Success,DQ-T02
2026-06-17,EG550259154,WALLET,GW-NILE,UNKNOWN,3,1000.75,EGP,0.0,1.23,-1.23,,DQ-T05
,EG573406141,TOKEN,GW-ATLAS,Success,1,1082.68,EGP,32.48,20.03,12.45,Success,DQ-T02
2025-09-25,SA592705693,BNPL,GW-ATLAS,Approved,2,-1892.35,SAR,-85.27,-65.55,-19.72,Success,DQ-T07
2025-02-10,EG544696241,LDEBIT,GW-NILE,CHARGEBACK?,1,9763.9,EGP,108.68,41.26,67.42,,DQ-T05
2024-11-08,EG823617801,WALLET,GW-NILE,Success,3,-895.55,EGP,-24.55,-12.38,-12.17,Success,DQ-T07
2025-07-02,EG193916126,WALLET,GW-NILE,Success,8,-2279.01,EGP,-66.22,-32.51,-33.71,Success,DQ-T07
,EG987489356,LDEBIT,GW-NILE,Failed,52,15936.31,EGP,0.0,21.46,-21.46,Failed,DQ-T02
2026-05-26,OM371938797,CARD,GW-ATLAS,Success,682,-5095.25,OMR,-92.3,-93.69,1.39,Success,DQ-T07
,EG717847087,TOKEN,GW-ATLAS,Success,2,1954.93,EGP,52.92,36.82,16.1,Success,DQ-T02
2026-01-28,OM898958663,CARD,GW-ATLAS,Success,2,95.58,OMR,133.81,1.45,132.36,Success,DQ-T09
,AE861319254,BNPL,GW-ATLAS,Failed,1,207.73,AED,0.0,0.07,-0.07,Failed,DQ-T02
2026-06-06,AE375645881,TOKEN,GW-ORION,Success,1,313.74,AED,439.24,4.39,434.85,Success,DQ-T09
2025-03-25,SA385404287,CARD,GW-ORION,Success,65,2953.65,SAR,4135.11,52.37,4082.74,Success,DQ-T09
,EG537155658,TOKEN,GW-ATLAS,Refunded,1,323.52,EGP,0.0,7.72,-7.72,Refunded,DQ-T02
,SA813270664,TOKEN,GW-ORION,Success,2,82.78,SAR,2.92,1.55,1.37,Success,DQ-T02
2025-03-13,EG219821138,LDEBIT,GW-NILE,SETTLED,2,-985.12,EGP,-15.56,-7.45,-8.11,Success,DQ-T07
,SA147303844,CARD,GW-ORION,Voided,1,169.22,SAR,0.0,0.04,-0.04,Voided,DQ-T02
2025-06-25,SA320986752,CARD,GW-NIMBUS,CHARGEBACK?,121,108733.72,SAR,1766.97,1497.4,269.57,,DQ-T05
2025-07-09,SA592950341,LDEBIT,GW-NIMBUS,CHARGEBACK?,4,679.01,SAR,8.66,3.73,4.93,,DQ-T05
,SA267227056,LDEBIT,GW-NIMBUS,Voided,3,860.26,SAR,0.0,0.17,-0.17,Voided,DQ-T02
2025-08-02,SA256650029,CARD,GW-NIMBUS,PENDING_REVIEW,153,18299.56,SAR,460.15,284.34,175.81,,DQ-T05
2025-09-04,SA474123129,TOKEN,GW-NIMBUS,Success,0,2737.84,SAR,79.92,49.54,30.38,Success,DQ-T08
2024-07-19,XX891962719,TOKEN,GW-ORION,Failed,3,131.86,SAR,0.0,0.14,-0.14,Failed,DQ-T04
2026-05-06,AE462770123,LDEBIT,GW-NIMBUS,CHARGEBACK?,3,1052.64,AED,12.83,5.23,7.6,,DQ-T05
2026-04-01,XX455971299,CARD,GW-NILE,Failed,2,3238.31,EGP,0.0,0.82,-0.82,Failed,DQ-T04
,EG217500923,CARD,GW-ATLAS,Failed,4,2508.75,EGP,0.0,4.13,-4.13,Failed,DQ-T02
2025-05-22,XX684632451,LDEBIT,GW-NILE,Failed,1,859.36,EGP,0.0,0.4,-0.4,Failed,DQ-T04
2025-12-20,SA206829187,TOKEN,GW-NIMBUS,UNKNOWN,1,244.67,SAR,6.36,3.67,2.69,,DQ-T05
2026-06-16,EG759961492,LDEBIT,GW-NILE,PENDING_REVIEW,2,1738.23,EGP,25.7,10.64,15.06,,DQ-T05
2025-03-13,SA508515348,TOKEN,GW-ORION,UNKNOWN,22,4401.42,SAR,110.54,63.45,47.09,,DQ-T05
,SA407393102,CARD,GW-NIMBUS,Refunded,1,29.4,SAR,0.0,0.56,-0.56,Refunded,DQ-T02
,EG474518016,CARD,GW-NILE,Voided,1,1424.01,EGP,0.0,0.41,-0.41,Voided,DQ-T02
2025-10-03,SA358724361,CARD,GW-ORION,Success,18,739.49,SAR,1035.29,13.5,1021.79,Success,DQ-T09
2025-09-23,EG856875467,TOKEN,GW-ATLAS,PENDING_REVIEW,2,858.32,EGP,0.0,2.04,-2.04,,DQ-T05
2025-06-30,XX651304194,WALLET,GW-NILE,Success,22,138047.95,EGP,1843.79,1156.59,687.2,Success,DQ-T04
2026-06-17,AE282120405,CARD,GW-NIMBUS,PENDING_REVIEW,6,245.27,AED,0.0,0.33,-0.33,,DQ-T05
,SA972748866,CARD,GW-ORION,Voided,7,912.73,SAR,0.0,0.32,-0.32,Voided,DQ-T02
,EG806758000,CARD,GW-ATLAS,Failed,3,3062.33,EGP,0.0,3.08,-3.08,Failed,DQ-T02
,OM377293460,TOKEN,GW-NIMBUS,Success,4,95.03,OMR,2.29,1.43,0.86,Success,DQ-T02
2025-10-12,XX699266520,LDEBIT,GW-NIMBUS,Refunded,4,22.48,OMR,0.0,0.23,-0.23,Refunded,DQ-T04
2026-06-07,OM817062602,TOKEN,GW-NIMBUS,Success,41,-579.26,OMR,-8.76,-9.13,0.37,Success,DQ-T07
,AE642488904,CARD,GW-ATLAS,Success,39,54956.45,AED,797.84,811.86,-14.02,Success,DQ-T02
,AE970872555,TOKEN,GW-ORION,Success,8,777.21,AED,21.71,12.08,9.63,Success,DQ-T02
2026-06-14,EG799496821,CARD,GW-NILE,Success,182,-156715.12,EGP,-3038.86,-2400.25,-638.61,Success,DQ-T07
,EG987489356,WALLET,GW-NILE,ERROR,105,30436.39,EGP,0.0,40.99,-40.99,Failed,DQ-T02
2024-10-22,EG331354329,WALLET,GW-NILE,Success,0,41069.2,EGP,781.17,541.91,239.26,Success,DQ-T08
,AE548451543,LDEBIT,GW-NIMBUS,Success,12,838.38,AED,11.73,5.76,5.97,Success,DQ-T02
2025-07-05,EG696983188,WALLET,GW-NILE,Success,0,51124.8,EGP,1349.3,675.84,673.46,Success,DQ-T08
2025-07-27,EG799575469,CARD,GW-ATLAS,Success,46,16095.55,EGP,22533.77,405.51,22128.26,Success,DQ-T09
,SA473410995,TOKEN,GW-NIMBUS,Success,2,261.85,SAR,7.06,4.15,2.91,Success,DQ-T02
,AE889475271,LDEBIT,GW-NIMBUS,Failed,1,44.15,AED,0.0,0.06,-0.06,Failed,DQ-T02
2025-10-07,XX280509331,WALLET,GW-NILE,ERROR,11,4221.48,EGP,0.0,4.43,-4.43,Failed,DQ-T04
,SA589749602,LDEBIT,GW-NIMBUS,Failed,7,1216.55,SAR,0.0,0.39,-0.39,Failed,DQ-T02
2025-08-12,OM173271126,CARD,GW-NIMBUS,Success,0,21.56,OMR,0.59,0.34,0.25,Success,DQ-T08
2026-02-13,AE468236624,CARD,GW-ORION,Success,0,3866.05,AED,90.43,50.0,40.43,Success,DQ-T08
,SA315873581,CARD,GW-ORION,Refunded,1,103.73,SAR,0.0,0.56,-0.56,Refunded,DQ-T02
2026-02-20,EG217500923,CARD,GW-ATLAS,UNKNOWN,4,2494.78,EGP,0.0,4.1,-4.1,,DQ-T05
,EG918104848,TOKEN,GW-NILE,Voided,1,389.75,EGP,0.0,0.39,-0.39,Voided,DQ-T02
,EG537339465,CARD,GW-ATLAS,Failed,74,31618.68,EGP,0.0,74.77,-74.77,Failed,DQ-T02
2025-08-07,XX355142159,BNPL,GW-ATLAS,Success,125,7776.89,SAR,203.29,278.14,-74.85,Success,DQ-T04
,EG178731082,WALLET,GW-NILE,FAILED,2,1289.26,EGP,0.0,0.8,-0.8,Failed,DQ-T02
2024-11-08,EG763647415,WALLET,GW-NILE,Success,0,10253.04,EGP,182.48,84.76,97.72,Success,DQ-T08
,OM386383673,CARD,GW-ATLAS,Failed,2,18.48,OMR,0.0,0.02,-0.02,Failed,DQ-T02
,SA589749602,LDEBIT,GW-NIMBUS,Success,58,10308.26,SAR,123.54,56.17,67.37,Success,DQ-T02
2025-07-04,EG219821138,LDEBIT,GW-NILE,Success,1,-445.16,EGP,-7.31,-3.56,-3.75,Success,DQ-T07
,EG853730833,LDEBIT,GW-NILE,Refunded,1,755.36,EGP,0.0,7.7,-7.7,Refunded,DQ-T02
2024-07-29,XX167336705,CARD,GW-ATLAS,Voided,5,691.98,AED,0.0,0.37,-0.37,Voided,DQ-T04
,EG645057217,CARD,GW-NILE,Failed,1,1334.46,EGP,0.0,0.41,-0.41,Failed,DQ-T02
,SA912413819,TOKEN,GW-ATLAS,DECLINED,16,535.17,SAR,0.0,1.2,-1.2,Failed,DQ-T02
2025-04-10,SA779172798,LDEBIT,GW-NIMBUS,CHARGEBACK?,1,144.08,SAR,0.0,0.06,-0.06,,DQ-T05
2026-02-05,SA604765470,TOKEN,GW-NIMBUS,UNKNOWN,2,82.58,SAR,0.0,0.11,-0.11,,DQ-T05
2025-07-21,EG400875498,CARD,GW-NILE,PENDING_REVIEW,16,39340.49,EGP,1041.86,520.55,521.31,,DQ-T05
2024-11-21,EG275709942,TOKEN,GW-ATLAS,Success,0,83512.59,EGP,1330.51,1457.71,-127.2,Success,DQ-T08
2025-10-20,EG760725891,LDEBIT,GW-NILE,CHARGEBACK?,2,2171.56,EGP,0.0,0.81,-0.81,,DQ-T05
,EG911025364,CARD,GW-NILE,Refunded,1,117.65,EGP,0.0,7.47,-7.47,Refunded,DQ-T02
,AE346681166,TOKEN,GW-NIMBUS,Refunded,8,982.08,AED,0.0,4.41,-4.41,Refunded,DQ-T02
2025-02-04,SA138962665,LDEBIT,GW-NIMBUS,CHARGEBACK?,6,907.67,SAR,12.15,5.1,7.05,,DQ-T05
,AE282120405,CARD,GW-NIMBUS,Failed,2,81.76,AED,0.0,0.11,-0.11,Failed,DQ-T02
2024-12-08,AE299289826,CARD,GW-NIMBUS,CHARGEBACK?,43,2459.74,AED,71.85,43.47,28.38,,DQ-T05
,EG284431976,LDEBIT,GW-NILE,Success,3,2035.24,EGP,29.81,13.48,16.33,Success,DQ-T02
,SA912413819,TOKEN,GW-ATLAS,Declined,9,301.03,SAR,0.0,0.68,-0.68,Failed,DQ-T02
,EG761087060,TOKEN,GW-ATLAS,Voided,1,1428.13,EGP,0.0,1.0,-1.0,Voided,DQ-T02
2026-02-09,EG622517179,CARD,GW-NILE,UNKNOWN,1,525.01,EGP,0.0,7.7,-7.7,,DQ-T05
2025-06-12,EG165126097,CARD,GW-ATLAS,Success,0,1107.49,EGP,30.58,19.84,10.74,Success,DQ-T08
2025-05-10,AE558189150,LDEBIT,GW-NIMBUS,Success,0,409.63,AED,5.1,2.17,2.93,Success,DQ-T08
,EG655465870,CARD,GW-ATLAS,Refunded,4,1337.94,EGP,0.0,30.11,-30.11,Refunded,DQ-T02
,SA332563719,CARD,GW-NIMBUS,Success,6,224.89,SAR,7.16,4.5,2.66,Success,DQ-T02
,EG374768013,CARD,GW-NILE,Failed,10,3164.0,EGP,0.0,4.12,-4.12,Failed,DQ-T02
2025-06-01,XX217769640,TOKEN,GW-ATLAS,Success,13,495.31,SAR,17.49,11.1,6.39,Success,DQ-T04
2025-04-18,OM590437110,TOKEN,GW-ATLAS,UNKNOWN,1,6.63,OMR,0.2,0.13,0.07,,DQ-T05
2025-10-29,EG762971123,LDEBIT,GW-NILE,CHARGEBACK?,1,1152.44,EGP,15.77,6.43,9.34,,DQ-T05
2025-02-07,OM730950792,CARD,GW-NIMBUS,Success,0,61.87,OMR,1.46,0.91,0.55,Success,DQ-T08
2024-11-13,AE355257464,BANKTR,GW-NIMBUS,Success,0,91961.81,AED,212.19,55.36,156.83,Success,DQ-T08
2025-02-25,SA624172387,CARD,GW-ORION,Success,20,894.46,SAR,1252.24,15.93,1236.31,Success,DQ-T09
,AE642488904,TOKEN,GW-NIMBUS,Success,17,25716.62,AED,381.24,364.09,17.15,Success,DQ-T02
,SA407393102,CARD,GW-NIMBUS,Voided,1,44.48,SAR,0.0,0.06,-0.06,Voided,DQ-T02
2026-04-22,EG284431976,TOKEN,GW-NILE,Success,4,-4057.92,EGP,-112.77,-62.01,-50.76,Success,DQ-T07
2025-02-07,EG110254241,CARD,GW-ATLAS,PENDING_REVIEW,5,3824.09,EGP,113.14,73.91,39.23,,DQ-T05
,SA385404287,TOKEN,GW-ATLAS,Failed,1,50.76,SAR,0.0,0.08,-0.08,Failed,DQ-T02
,EG696983188,WALLET,GW-NILE,Voided,2,642.68,EGP,0.0,0.77,-0.77,Voided,DQ-T02
2025-03-31,EG799440003,CARD,GW-ATLAS,CHARGEBACK?,4,257733.27,EGP,0.0,3.95,-3.95,,DQ-T05
2026-04-28,SA247806531,TOKEN,GW-ATLAS,Success,0,531.0,SAR,9.54,10.8,-1.26,Success,DQ-T08
2024-11-06,XX126077601,LDEBIT,GW-NIMBUS,Failed,1,208.01,AED,0.0,0.06,-0.06,Failed,DQ-T04
2026-02-18,SA710370541,LDEBIT,GW-NIMBUS,Success,159,-99633.03,SAR,-728.86,-475.18,-253.68,Success,DQ-T07
2026-03-13,EG167120747,CARD,GW-ATLAS,UNKNOWN,1,4259.56,EGP,0.0,7.74,-7.74,,DQ-T05
,EG655465870,CARD,GW-ATLAS,Voided,4,1260.73,EGP,0.0,3.89,-3.89,Voided,DQ-T02
2025-06-26,OM236113503,TOKEN,GW-ATLAS,Success,12,330.17,OMR,462.24,5.33,456.91,Success,DQ-T09
2025-04-18,EG987489356,CARD,GW-ATLAS,CHARGEBACK?,248,73229.0,EGP,0.0,246.56,-246.56,,DQ-T05
2024-12-01,SA776589285,TOKEN,GW-ORION,Success,0,1287.57,SAR,32.24,18.24,14.0,Success,DQ-T08
2025-12-14,SA267227056,LDEBIT,GW-NIMBUS,CHARGEBACK?,1,286.75,SAR,0.0,0.06,-0.06,,DQ-T05
,SA407055199,LDEBIT,GW-NIMBUS,Failed,4,422.53,SAR,0.0,0.22,-0.22,Failed,DQ-T02
,SA764037736,LDEBIT,GW-NIMBUS,Voided,5,1109.02,SAR,0.0,0.28,-0.28,Voided,DQ-T02
,AE360087333,CARD,GW-NIMBUS,Failed,3,144.62,AED,0.0,0.17,-0.17,Failed,DQ-T02
2025-06-17,EG987489356,CARD,GW-ATLAS,UNKNOWN,320,94805.52,EGP,0.0,319.21,-319.21,,DQ-T05
2025-12-08,SA852543984,LDEBIT,GW-NIMBUS,Success,0,4445.46,SAR,53.85,23.38,30.47,Success,DQ-T08
2025-04-28,OM892693620,CARD,GW-NIMBUS,Success,13,-218.64,OMR,-5.39,-3.28,-2.11,Success,DQ-T07
2026-05-27,SA891035844,TOKEN,GW-ORION,UNKNOWN,40,6593.66,SAR,165.34,96.62,68.72,,DQ-T05
2025-03-09,AE211109637,CARD,GW-NIMBUS,Success,0,1221.3,AED,17.69,16.73,0.96,Success,DQ-T08
2025-03-02,SA586124263,TOKEN,GW-NIMBUS,CHARGEBACK?,1,36.43,SAR,0.0,0.06,-0.06,,DQ-T05
2025-03-27,AE638004344,LDEBIT,GW-NIMBUS,Success,3,-402.82,AED,-5.51,-2.31,-3.2,Success,DQ-T07
,SA734980407,BNPL,GW-ATLAS,Voided,1,59.97,SAR,0.0,0.08,-0.08,Voided,DQ-T02
2024-09-18,EG449636175,LDEBIT,GW-NILE,UNKNOWN,1654,662872.53,EGP,7545.58,5477.17,2068.41,,DQ-T05
2026-01-23,XX507067376,LDEBIT,GW-NIMBUS,Refunded,10,2043.84,SAR,0.0,5.62,-5.62,Refunded,DQ-T04
,SA779172798,CARD,GW-ATLAS,Refunded,3,439.83,SAR,0.0,1.69,-1.69,Refunded,DQ-T02
2024-08-29,EG728358410,WALLET,GW-NILE,Success,7,13611.27,EGP,19055.78,122.12,18933.66,Success,DQ-T09
,SA189309853,TOKEN,GW-NIMBUS,Failed,1,232.53,SAR,0.0,0.06,-0.06,Failed,DQ-T02
,EG873952802,LDEBIT,GW-NILE,Success,56,74962.98,EGP,657.19,401.03,256.16,Success,DQ-T02
2026-04-03,XX218317991,CARD,GW-NIMBUS,Success,11,3730.24,AED,92.2,52.98,39.22,Success,DQ-T04
,EG181564804,LDEBIT,GW-NILE,Failed,160,75652.07,EGP,0.0,61.75,-61.75,Failed,DQ-T02
2026-03-23,SA138780824,CARD,GW-ATLAS,UNKNOWN,2,315.69,SAR,0.0,0.15,-0.15,,DQ-T05
2025-08-26,AE229934676,BANKTR,GW-NIMBUS,PENDING_REVIEW,395,45523.82,AED,706.23,552.24,153.99,,DQ-T05
2026-06-26,SA473410995,LDEBIT,GW-NIMBUS,CHARGEBACK?,4,618.21,SAR,7.87,3.46,4.41,,DQ-T05
2026-03-02,EG336915801,LDEBIT,GW-NILE,Success,0,1835.47,EGP,34.61,16.46,18.15,Success,DQ-T08
,SA729864911,LDEBIT,GW-NIMBUS,Failed,2,492.08,SAR,0.0,0.11,-0.11,Failed,DQ-T02
2025-12-03,SA267227056,TOKEN,GW-ORION,CHARGEBACK?,8,2294.03,SAR,0.0,0.36,-0.36,,DQ-T05
2026-04-01,SA458701773,TOKEN,GW-ORION,Success,0,524.54,SAR,13.84,7.2,6.64,Success,DQ-T08
,AE125858239,BNPL,GW-ATLAS,Failed,4,926.03,AED,0.0,0.29,-0.29,Failed,DQ-T02
2025-10-12,EG403388419,CARD,GW-NILE,Success,62,-93051.85,EGP,-2366.72,-1296.01,-1070.71,Success,DQ-T07
,SA575207038,BANKTR,GW-NIMBUS,Success,5,17398.55,SAR,44.24,15.54,28.7,Success,DQ-T02
2024-10-25,AE836534480,CARD,GW-NIMBUS,PENDING_REVIEW,2,714.3,AED,0.0,0.11,-0.11,,DQ-T05
,AE713987880,TOKEN,GW-ORION,Success,16,2459.89,AED,67.47,36.21,31.26,Success,DQ-T02
2025-09-11,OM933600305,CARD,GW-NIMBUS,CHARGEBACK?,2,60.52,OMR,1.52,0.87,0.65,,DQ-T05
,OM892693620,CARD,GW-NIMBUS,Voided,1,19.33,OMR,0.0,0.01,-0.01,Voided,DQ-T02
2026-06-02,AE798073466,CARD,GW-ORION,Success,12,-3068.27,AED,-72.68,-41.96,-30.72,Success,DQ-T07
2025-01-29,EG631844222,CARD,GW-NILE,UNKNOWN,1,289.4,EGP,0.0,0.39,-0.39,,DQ-T05
2026-01-28,AE681860470,LDEBIT,GW-NIMBUS,PENDING_REVIEW,1,83.31,AED,0.0,0.06,-0.06,,DQ-T05
,OM954248664,CARD,GW-NIMBUS,Voided,1,6.9,OMR,0.0,0.01,-0.01,Voided,DQ-T02
2025-07-17,SA502327003,CARD,GW-ORION,PENDING_REVIEW,7,1438.8,SAR,37.68,20.01,17.67,,DQ-T05
,SA705652485,TOKEN,GW-NIMBUS,Refunded,52,5328.17,SAR,0.0,29.25,-29.25,Refunded,DQ-T02
2025-02-11,AE355257464,CARD,GW-ORION,Success,1,-8823.81,AED,-145.32,-113.34,-31.98,Success,DQ-T07
2025-02-01,SA623621170,LDEBIT,GW-NIMBUS,UNKNOWN,12,680.86,SAR,9.94,5.09,4.85,,DQ-T05
2024-11-11,AE875103901,TOKEN,GW-ORION,UNKNOWN,38,1990.88,AED,61.14,34.78,26.36,,DQ-T05
2025-05-31,XX123765089,CARD,GW-NIMBUS,Voided,1,1186.33,AED,0.0,0.06,-0.06,Voided,DQ-T04
2025-05-04,SA556781756,BNPL,GW-ATLAS,Success,8,433.96,SAR,607.54,15.6,591.94,Success,DQ-T09
2026-03-27,OM761036673,CARD,GW-NIMBUS,Success,0,2432.14,OMR,80.47,48.35,32.12,Success,DQ-T08
,SA732374987,LDEBIT,GW-NIMBUS,Voided,1,50.41,SAR,0.0,0.06,-0.06,Voided,DQ-T02
2026-02-01,EG629727686,WALLET,GW-NILE,Success,0,3315.27,EGP,82.29,41.22,41.07,Success,DQ-T08
2026-05-08,EG903275069,LDEBIT,GW-NILE,Success,54,-26792.71,EGP,-431.51,-205.95,-225.56,Success,DQ-T07
2024-11-19,SA110751010,CARD,GW-ORION,UNKNOWN,21,1859.28,SAR,52.39,28.52,23.87,,DQ-T05
,SA811026603,TOKEN,GW-ORION,Success,1,214.72,SAR,5.68,3.08,2.6,Success,DQ-T02
,AE787062785,TOKEN,GW-ORION,Success,17,2359.12,AED,43.11,35.09,8.02,Success,DQ-T02
,SA315873581,CARD,GW-ORION,Voided,4,162.66,SAR,0.0,0.18,-0.18,Voided,DQ-T02
,SA589749602,TOKEN,GW-ATLAS,Failed,6,1042.76,SAR,0.0,0.45,-0.45,Failed,DQ-T02
,EG643904514,CARD,GW-NILE,Voided,1,399.14,EGP,0.0,0.39,-0.39,Voided,DQ-T02
2025-10-20,EG284431976,LDEBIT,GW-NILE,CHARGEBACK?,1,519.04,EGP,8.25,3.86,4.39,,DQ-T05
2025-04-02,XX392273897,TOKEN,GW-NILE,Success,3,1286.66,EGP,46.2,24.12,22.08,Success,DQ-T04
,OM817062602,TOKEN,GW-NIMBUS,Success,36,547.85,OMR,8.22,8.57,-0.35,Success,DQ-T02
,SA534917472,TOKEN,GW-ORION,Success,3,120.52,SAR,4.01,2.27,1.74,Success,DQ-T02
2025-03-23,EG982441707,WALLET,GW-NILE,Success,0,4220.96,EGP,114.32,54.94,59.38,Success,DQ-T08
2026-02-16,EG716286440,CARD,GW-NILE,Success,0,25776.24,EGP,605.36,326.78,278.58,Success,DQ-T08
2025-07-30,XX193941025,TOKEN,GW-NIMBUS,Success,1,217.31,SAR,5.61,3.29,2.32,Success,DQ-T04
2025-07-16,XX949260772,CARD,GW-ATLAS,Failed,4,5163.22,EGP,0.0,4.02,-4.02,Failed,DQ-T04
2026-04-07,EG895075137,CARD,GW-ATLAS,Success,58,52967.09,EGP,74153.93,992.48,73161.45,Success,DQ-T09
,EG511253320,WALLET,GW-NILE,Voided,1,324.12,EGP,0.0,0.4,-0.4,Voided,DQ-T02
,SA508515348,LDEBIT,GW-NIMBUS,Refunded,2,378.55,SAR,0.0,1.12,-1.12,Refunded,DQ-T02
2024-11-20,SA860742247,TOKEN,GW-ATLAS,Success,518,101988.02,SAR,142783.23,1685.8,141097.43,Success,DQ-T09
2025-12-24,AE609791679,TOKEN,GW-ORION,Success,1,-111.39,AED,-3.24,-1.7,-1.54,Success,DQ-T07
2026-02-13,EG389592600,LDEBIT,GW-NILE,PENDING_REVIEW,1,321.42,EGP,0.0,0.41,-0.41,,DQ-T05
2025-12-31,EG823617801,CARD,GW-NILE,Success,20,5761.98,EGP,8066.77,123.97,7942.8,Success,DQ-T09
2024-10-04,XX369971048,CARD,GW-ATLAS,Success,8,12658.83,EGP,336.87,213.34,123.53,Success,DQ-T04
2025-06-21,EG867607945,WALLET,GW-NILE,PENDING_REVIEW,2,2066.63,EGP,44.2,20.23,23.97,,DQ-T05
2025-11-09,SA987666099,BANKTR,GW-NIMBUS,Success,0,75953.78,SAR,1360.3,1078.23,282.07,Success,DQ-T08
,SA256650029,TOKEN,GW-NIMBUS,Voided,1,125.8,SAR,0.0,0.06,-0.06,Voided,DQ-T02
2025-09-16,XX371488295,WALLET,GW-NILE,Success,36,14455.01,EGP,384.55,181.26,203.29,Success,DQ-T04
2025-03-11,AE345303542,LDEBIT,GW-NIMBUS,Success,9,-453.77,AED,-7.19,-3.53,-3.66,Success,DQ-T07
,SA716580826,CARD,GW-ATLAS,Success,47,2073.48,SAR,70.14,43.27,26.87,Success,DQ-T02
2025-06-09,SA479684490,LDEBIT,GW-NIMBUS,Success,0,366.92,SAR,5.48,3.0,2.48,Success,DQ-T08
2025-10-26,AE787062785,TOKEN,GW-ORION,CHARGEBACK?,4,587.92,AED,0.0,0.18,-0.18,,DQ-T05
,AE681860470,CARD,GW-ORION,Success,29,2313.58,AED,65.81,36.0,29.81,Success,DQ-T02
,OM334471218,LDEBIT,GW-NIMBUS,Failed,2,48.41,OMR,0.0,0.01,-0.01,Failed,DQ-T02
2025-07-23,SA508515348,CARD,GW-ORION,Success,46,-8464.52,SAR,-209.65,-118.78,-90.87,Success,DQ-T07
,EG352362522,CARD,GW-NILE,Refunded,1,1574.17,EGP,0.0,7.42,-7.42,Refunded,DQ-T02
,SA796857151,LDEBIT,GW-NIMBUS,Success,3,4733.69,SAR,50.36,21.81,28.55,Success,DQ-T02
,OM441483176,TOKEN,GW-NIMBUS,Refunded,1,22.59,OMR,0.0,0.06,-0.06,Refunded,DQ-T02
,EG989134753,CARD,GW-NILE,Success,75,531943.7,EGP,8946.32,6654.27,2292.05,Success,DQ-T02
2026-01-23,XX708974573,CARD,GW-NIMBUS,Voided,1,146.3,AED,0.0,0.06,-0.06,Voided,DQ-T04
2025-03-17,EG680228975,LDEBIT,GW-NILE,UNKNOWN,1,9164.2,EGP,0.0,0.4,-0.4,,DQ-T05
,SA996021577,CARD,GW-ORION,Refunded,2,487.21,SAR,0.0,1.12,-1.12,Refunded,DQ-T02
,EG741980516,BANKTR,GW-NILE,Success,25,54484.29,EGP,634.3,423.91,210.39,Success,DQ-T02
,AE204415052,CARD,GW-ORION,Success,5,570.25,AED,15.63,8.4,7.23,Success,DQ-T02
2025-07-05,AE558189150,CARD,GW-NIMBUS,UNKNOWN,22,4434.48,AED,112.78,65.12,47.66,,DQ-T05
,EG806758000,LDEBIT,GW-NILE,Success,1,852.57,EGP,12.75,5.15,7.6,Success,DQ-T02
2026-01-16,EG723843125,TOKEN,GW-ATLAS,PENDING_REVIEW,3,499.95,EGP,0.0,22.73,-22.73,,DQ-T05
2026-01-19,OM954248664,CARD,GW-NIMBUS,Success,15,95.49,OMR,133.69,1.66,132.03,Success,DQ-T09
,EG293670432,CARD,GW-NILE,Failed,2,643.84,EGP,0.0,0.81,-0.81,Failed,DQ-T02
2025-02-19,SA775621648,CARD,GW-ATLAS,CHARGEBACK?,1,43.38,SAR,0.0,0.08,-0.08,,DQ-T05
2024-12-26,SA847687864,TOKEN,GW-NIMBUS,Success,7,-969.91,SAR,-26.8,-15.28,-11.52,Success,DQ-T07
2026-04-07,XX357599755,CARD,GW-ORION,Failed,19,787.69,AED,0.0,0.84,-0.84,Failed,DQ-T04
2026-05-08,SA856834042,CARD,GW-ORION,Success,56,5536.11,SAR,7750.55,83.47,7667.08,Success,DQ-T09
,EG723843125,LDEBIT,GW-NILE,Success,74,20655.66,EGP,412.68,214.5,376.07,Success,DQ-T02
,SA182543031,CARD,GW-ATLAS,Failed,2,280.19,SAR,0.0,0.15,-0.15,Failed,DQ-T02
,OM222996492,CARD,GW-NIMBUS,Captured,5,3621.05,OMR,57.38,49.01,8.37,Success,DQ-T02
2025-08-10,SA589749602,TOKEN,GW-ATLAS,Success,30,5411.79,SAR,7576.51,90.15,7486.36,Success,DQ-T09
,EG448150005,CARD,GW-NILE,Success,3,825.15,EGP,35.78,18.2,17.58,Success,DQ-T02
2025-02-10,AE588030458,CARD,GW-NIMBUS,Success,33,-3076.06,AED,-84.67,-49.4,-35.27,Success,DQ-T07
,SA900572493,LDEBIT,GW-NIMBUS,Success,13,4908.27,SAR,60.4,24.28,36.12,Success,DQ-T02
,EG761087060,CARD,GW-NILE,Failed,8,11239.77,EGP,0.0,3.14,-3.14,Failed,DQ-T02
,EG799575469,WALLET,GW-NILE,Success,18,6655.9,EGP,173.4,84.54,88.86,Success,DQ-T02
2025-05-28,EG943656964,CARD,GW-ATLAS,CHARGEBACK?,10,3791.21,EGP,137.81,92.14,45.67,,DQ-T05
,OM284198769,CARD,GW-NIMBUS,Failed,12,178.15,OMR,0.0,0.07,-0.07,Failed,DQ-T02
2025-11-12,SA988802623,TOKEN,GW-ORION,PENDING_REVIEW,16,3261.11,SAR,83.78,46.94,36.84,,DQ-T05
,SA624172387,TOKEN,GW-ATLAS,Success,5,221.2,SAR,7.2,4.73,2.47,Success,DQ-T02
2026-06-19,XX280117015,LDEBIT,GW-NIMBUS,SUCCESS,5,2030.03,SAR,24.66,9.98,14.68,Success,DQ-T04
2024-07-02,SA502327003,LDEBIT,GW-NIMBUS,Success,2,385.33,SAR,539.46,2.07,537.39,Success,DQ-T09
,AE417405784,CARD,GW-NIMBUS,Success,16,998.04,AED,29.73,17.29,12.44,Success,DQ-T02
,EG911025364,BNPL,GW-NILE,Failed,1,210.17,EGP,0.0,0.39,-0.39,Failed,DQ-T02
,SA556781756,CARD,GW-NIMBUS,SUCCESS,35,1875.43,SAR,57.07,33.85,23.22,Success,DQ-T02
,EG987146982,CARD,GW-ATLAS,Failed,10,7549.9,EGP,0.0,10.04,-10.04,Failed,DQ-T02
2024-09-01,AE538589512,CARD,GW-ATLAS,Success,6,-1081.99,AED,-27.87,-17.41,-10.46,Success,DQ-T07
2024-10-12,XX538208253,CARD,GW-NIMBUS,Voided,1,256.79,AED,0.0,0.06,-0.06,Voided,DQ-T04
,SA474123129,LDEBIT,GW-NIMBUS,Success,58,3437.83,SAR,48.52,25.26,23.26,Success,DQ-T02
2024-12-13,XX671466659,CARD,GW-ATLAS,Failed,16,665.86,SAR,0.0,1.2,-1.2,Failed,DQ-T04
,SA124881724,TOKEN,GW-ATLAS,Success,33,4116.58,SAR,83.54,71.4,12.14,Success,DQ-T02
2025-04-05,XX966694309,CARD,GW-NILE,Success,14,3756.69,EGP,154.91,82.53,72.38,Success,DQ-T04
2025-12-10,AE426640224,CARD,GW-ATLAS,Success,63,5151.68,AED,7212.35,92.23,7120.12,Success,DQ-T09
2026-01-11,SA211354199,TOKEN,GW-ATLAS,UNKNOWN,1,223.78,SAR,0.0,0.56,-0.56,,DQ-T05
,EG916667859,WALLET,GW-NILE,Success,2,1790.35,EGP,39.68,18.03,21.65,Success,DQ-T02
,SA705652485,CARD,GW-ORION,Success,692,85905.19,SAR,1817.32,1255.71,561.61,Success,DQ-T02
,EG219821138,WALLET,GW-NILE,Failed,1,419.2,EGP,0.0,0.4,-0.4,Failed,DQ-T02
2025-11-27,EG728358410,WALLET,GW-NILE,CHARGEBACK?,1,1627.32,EGP,0.0,0.41,-0.41,,DQ-T05
2026-04-22,XX979470937,WALLET,GW-NILE,Failed,1,2879.6,EGP,0.0,0.41,-0.41,Failed,DQ-T04
2024-12-05,XX458545797,WALLET,GW-NILE,Voided,1,400.18,EGP,0.0,0.39,-0.39,Voided,DQ-T04
,OM939316312,LDEBIT,GW-NIMBUS,VOIDED,1,8.25,OMR,0.0,0.01,-0.01,Voided,DQ-T02
,EG449636175,WALLET,GW-NILE,Success,780,304193.86,EGP,4872.25,3790.95,1081.3,Success,DQ-T02
2026-04-06,OM954248664,LDEBIT,GW-NIMBUS,CHARGEBACK?,3,23.8,OMR,0.32,0.16,0.16,,DQ-T05
,EG774885021,CARD,GW-NILE,Success,14,84510.7,EGP,2101.27,1064.16,1037.11,Success,DQ-T02
,EG327394766,WALLET,GW-NILE,Success,34,56815.74,EGP,1156.86,519.93,636.93,Success,DQ-T02
,EG799575469,TOKEN,GW-NILE,APPROVED,12,3356.71,EGP,142.38,73.47,68.91,Success,DQ-T02
2025-10-03,EG934737958,WALLET,GW-NILE,CHARGEBACK?,1,291.94,EGP,0.0,0.4,-0.4,,DQ-T05
2025-09-19,AE588030458,TOKEN,GW-ATLAS,CHARGEBACK?,1,96.29,AED,0.0,0.55,-0.55,,DQ-T05
,AE241754747,LDEBIT,GW-NIMBUS,Failed,3,139.96,AED,0.0,0.17,-0.17,Failed,DQ-T02
,SA734980407,CARD,GW-ATLAS,Success,380,22904.33,SAR,401.96,439.4,-37.44,Success,DQ-T02
,EG911025364,WALLET,GW-NILE,Refunded,1,319.91,EGP,0.0,7.32,-7.32,Refunded,DQ-T02
,EG979007692,LDEBIT,GW-NILE,Success,1,822.23,EGP,12.26,5.13,7.13,Success,DQ-T02
2025-05-19,SA779341840,TOKEN,GW-ATLAS,UNKNOWN,1,169.88,SAR,0.0,0.08,-0.08,,DQ-T05
2024-09-10,OM107384993,TOKEN,GW-ATLAS,Success,10,192.93,OMR,270.1,3.2,266.9,Success,DQ-T09
,AE282120405,CARD,GW-NIMBUS,Failed,5,204.39,AED,0.0,0.28,-0.28,Failed,DQ-T02
,EG943952192,TOKEN,GW-NILE,Success,6,36966.12,EGP,921.08,482.17,438.91,Success,DQ-T02
,EG761087060,TOKEN,GW-ATLAS,Success,36,52822.59,EGP,1413.27,931.38,481.89,Success,DQ-T02
2026-02-27,AE486272694,LDEBIT,GW-NIMBUS,CHARGEBACK?,1,277.64,AED,0.0,0.06,-0.06,,DQ-T05
,AE970872555,CARD,GW-ORION,Failed,2,220.86,AED,0.0,0.09,-0.09,Failed,DQ-T02
2025-10-10,SA623969133,CARD,GW-ORION,Success,11,2734.82,SAR,3828.75,37.51,3791.24,Success,DQ-T09
,SA423374323,CARD,GW-NIMBUS,Success,38,3537.15,SAR,62.52,57.01,5.51,Success,DQ-T02
2026-02-20,AE211109637,CARD,GW-NIMBUS,PENDING_REVIEW,1,1086.95,AED,15.77,14.91,0.86,,DQ-T05
2025-10-15,XX755442237,TOKEN,GW-ATLAS,Failed,1,13095.0,EGP,0.0,1.01,-1.01,Failed,DQ-T04
2026-04-26,SA220762380,BANKTR,GW-NIMBUS,PENDING_REVIEW,8,1249.2,SAR,0.0,4.5,-4.5,,DQ-T05
2025-12-06,EG728358410,CARD,GW-NILE,UNKNOWN,5,8125.64,EGP,0.0,2.04,-2.04,,DQ-T05
2025-12-14,XX416294074,LDEBIT,GW-NILE,Failed,1,409.91,EGP,0.0,0.41,-0.41,Failed,DQ-T04
2026-06-30,EG595418422,WALLET,GW-NILE,Success,0,140911.9,EGP,2182.46,1283.61,898.85,Success,DQ-T08
2025-03-31,EG474829702,BNPL,GW-ATLAS,Success,0,11924.69,EGP,587.65,414.09,173.56,Success,DQ-T08
,EG537155658,WALLET,GW-NILE,APPROVED,66,14877.34,EGP,452.07,233.75,218.32,Success,DQ-T02
,AE998528073,CARD,GW-ORION,VOIDED,1,230.16,AED,0.0,0.04,-0.04,Voided,DQ-T02
,EG849029255,CARD,GW-NILE,Refunded,1,362.86,EGP,0.0,7.7,-7.7,Refunded,DQ-T02
,EG237932689,BNPL,GW-NILE,APPROVED,2,773.07,EGP,35.3,23.09,12.21,Success,DQ-T02
,AE934539772,CARD,GW-NIMBUS,Success,4,1527.06,AED,38.79,21.57,17.22,Success,DQ-T02
2025-10-22,SA900572493,TOKEN,GW-ORION,PENDING_REVIEW,1,366.23,SAR,0.0,0.04,-0.04,,DQ-T05
,AE301462734,TOKEN,GW-NIMBUS,Failed,2,86.73,AED,0.0,0.11,-0.11,Failed,DQ-T02
,EG219821138,BNPL,GW-NILE,Failed,1,401.67,EGP,0.0,0.39,-0.39,Failed,DQ-T02
2025-10-24,EG724883181,LDEBIT,GW-NILE,Success,11,4394.95,EGP,6152.93,37.18,6115.75,Success,DQ-T09
2026-04-17,XX160434305,TOKEN,GW-ATLAS,Success,19,1287.25,SAR,35.78,24.74,11.04,Success,DQ-T04
2026-06-15,AE854744566,CARD,GW-ORION,Success,0,690.34,AED,18.76,9.94,8.82,Success,DQ-T08
2024-08-03,XX384100229,CARD,GW-NIMBUS,Failed,1,189.76,SAR,0.0,0.06,-0.06,Failed,DQ-T04
2025-03-18,EG875318556,WALLET,GW-NILE,UNKNOWN,2,1802.22,EGP,42.04,18.06,23.98,,DQ-T05
,SA397646855,TOKEN,GW-ORION,Failed,2,102.67,SAR,0.0,0.09,-0.09,Failed,DQ-T02
2024-07-19,XX180797079,TOKEN,GW-ATLAS,Success,3,20.24,OMR,0.58,0.39,0.19,Success,DQ-T04
2025-02-13,EG178731082,WALLET,GW-NILE,UNKNOWN,21,13405.09,EGP,300.05,144.65,155.4,,DQ-T05
2025-10-29,SA912413819,CARD,GW-ORION,CHARGEBACK?,306,9783.67,SAR,321.38,193.7,127.68,,DQ-T05
,AE836534480,BNPL,GW-ATLAS,Success,3,1189.74,AED,56.11,41.34,14.77,Success,DQ-T02
2024-11-18,SA925677957,CARD,GW-ATLAS,PENDING_REVIEW,1,766.88,SAR,18.75,11.46,7.29,,DQ-T05
2025-02-12,XX391941768,WALLET,GW-NILE,Success,116,49394.7,EGP,1215.68,599.31,616.37,Success,DQ-T04
2024-07-04,XX605513331,LDEBIT,GW-NILE,Success,7,3775.21,EGP,59.6,27.07,32.53,Success,DQ-T04
2025-03-13,AE626038015,TOKEN,GW-ORION,Success,1,-584.39,AED,-9.53,-7.99,-1.54,Success,DQ-T07
2024-12-19,XX121531956,TOKEN,GW-ATLAS,Success,2,38.86,OMR,0.94,0.64,0.3,Success,DQ-T04
2026-03-15,SA732374987,CARD,GW-ORION,PENDING_REVIEW,109,5758.99,SAR,165.73,98.15,67.58,,DQ-T05
,AE547591847,TOKEN,GW-NIMBUS,Success,5,904.8,AED,22.28,13.86,8.42,Success,DQ-T02
,SA362023155,LDEBIT,GW-NIMBUS,Success,25,1637.8,SAR,22.44,11.59,10.85,Success,DQ-T02
,SA555426966,LDEBIT,GW-NIMBUS,Success,1,117.21,SAR,1.53,0.7,0.83,Success,DQ-T02
,SA771478693,LDEBIT,GW-NIMBUS,Failed,5,667.25,SAR,0.0,0.28,-0.28,Failed,DQ-T02
2025-12-27,OM107384993,CARD,GW-NIMBUS,Success,0,537.29,OMR,9.41,7.88,1.53,Success,DQ-T08
,SA375386305,CARD,GW-ORION,Success,2,649.5,SAR,16.65,8.77,7.88,Success,DQ-T02
2025-03-01,AE618504164,LDEBIT,GW-NIMBUS,Success,0,1596.98,AED,24.46,12.14,12.32,Success,DQ-T08
2024-08-27,EG559913630,CARD,GW-ATLAS,CHARGEBACK?,1,4988.8,EGP,118.54,76.32,42.22,,DQ-T05
,EG873952802,TOKEN,GW-NILE,Success,74,103679.56,EGP,1886.07,1508.71,377.36,Success,DQ-T02
,SA487858809,CARD,GW-ATLAS,Failed,7,319.63,SAR,0.0,0.52,-0.52,Failed,DQ-T02
,AE671906697,TOKEN,GW-ORION,Success,1334,84099.59,AED,1572.18,1410.02,162.16,Success,DQ-T02
,EG934737958,CARD,GW-ATLAS,Refunded,1,344.72,EGP,0.0,7.53,-7.53,Refunded,DQ-T02
,SA901680809,LDEBIT,GW-NIMBUS,Success,2,1347.18,SAR,15.19,6.4,8.79,Success,DQ-T02
2026-02-22,EG403388419,LDEBIT,GW-NILE,Success,17,30430.94,EGP,42603.32,153.77,42449.55,Success,DQ-T09
2026-05-23,XX503095315,CARD,GW-NIMBUS,Success,52,154.86,OMR,5.84,3.39,2.45,Success,DQ-T04
2024-12-14,XX585651662,LDEBIT,GW-NIMBUS,Failed,13,889.14,SAR,0.0,0.73,-0.73,Failed,DQ-T04
,SA211354199,TOKEN,GW-ATLAS,Success,1,173.44,SAR,3.75,2.9,0.85,Success,DQ-T02
2025-07-15,XX704239683,TOKEN,GW-ORION,Success,36,1458.77,AED,45.59,27.27,18.32,Success,DQ-T04
,EG647781107,LDEBIT,GW-NILE,Failed,1,692.16,EGP,0.0,0.39,-0.39,Failed,DQ-T02
,SA734980407,CARD,GW-ATLAS,Success,680,41813.63,SAR,730.1,798.34,-68.24,Success,DQ-T02
,EG873952802,LDEBIT,GW-NILE,Voided,1,1330.06,EGP,0.0,0.41,-0.41,Voided,DQ-T02
2025-10-01,EG336915801,TOKEN,GW-NILE,Success,6,1886.66,EGP,2641.32,39.78,2601.54,Success,DQ-T09
2024-12-25,XX122017894,LDEBIT,GW-NIMBUS,ERROR,22,4297.78,SAR,0.0,1.24,-1.24,Failed,DQ-T04
2026-04-05,EG843137256,BNPL,GW-NILE,Success,0,8190.63,EGP,381.85,238.35,143.5,Success,DQ-T08
2026-05-07,EG647433267,TOKEN,GW-NILE,CHARGEBACK?,3,1467.87,EGP,0.0,1.24,-1.24,,DQ-T05
,SA592950341,TOKEN,GW-ORION,Success,2,504.58,SAR,13.01,7.16,5.85,Success,DQ-T02
2025-07-15,EG403388419,BNPL,GW-NILE,PENDING_REVIEW,3,4811.52,EGP,0.0,1.2,-1.2,,DQ-T05
2024-12-03,SA473410995,TOKEN,GW-NIMBUS,PENDING_REVIEW,4,788.72,SAR,20.49,12.02,8.47,,DQ-T05
2025-08-17,AE783290352,CARD,GW-ORION,PENDING_REVIEW,1,56.29,AED,0.0,0.04,-0.04,,DQ-T05
,EG926950694,WALLET,GW-NILE,Success,133,157617.55,EGP,1945.08,1506.64,438.44,Success,DQ-T02
2026-03-31,AE403257742,CARD,GW-ORION,Success,0,16352.57,AED,273.44,210.08,63.36,Success,DQ-T08
2025-05-24,EG167120747,CARD,GW-ATLAS,CHARGEBACK?,4,15509.21,EGP,408.19,240.87,167.32,,DQ-T05
2025-04-08,AE301462734,TOKEN,GW-NIMBUS,PENDING_REVIEW,6,262.43,AED,8.97,5.11,3.86,,DQ-T05
,EG899495597,CARD,GW-NILE,Success,4,5353.73,EGP,151.97,75.44,76.53,Success,DQ-T02
,EG849029255,WALLET,GW-NILE,Success,39,15477.06,EGP,409.92,192.88,217.04,Success,DQ-T02
,SA385404287,TOKEN,GW-ATLAS,Success,28,1313.19,SAR,39.94,27.63,12.31,Success,DQ-T02
2025-06-12,OM486301998,CARD,GW-ATLAS,Success,8,37.08,OMR,51.91,0.77,51.14,Success,DQ-T09
,EG178731082,BNPL,GW-NILE,Success,9,6460.12,EGP,299.36,189.69,109.67,Success,DQ-T02
,SA819868069,CARD,GW-NIMBUS,Voided,3,398.34,SAR,0.0,0.17,-0.17,Voided,DQ-T02
2025-10-29,EG799575469,LDEBIT,GW-NILE,Success,9,-3976.32,EGP,-70.01,-31.96,-38.05,Success,DQ-T07
2026-05-27,XX519839252,WALLET,GW-NILE,Refunded,15,5000.32,EGP,0.0,116.0,-116.0,Refunded,DQ-T04
2025-05-24,XX261114176,TOKEN,GW-ATLAS,Success,1,149.92,SAR,3.8,2.54,1.26,Success,DQ-T04
,SA605999505,TOKEN,GW-ORION,Success,102,22519.96,SAR,439.2,322.27,116.93,Success,DQ-T02
,AE782539735,CARD,GW-NIMBUS,Failed,12,502.5,AED,0.0,0.66,-0.66,Failed,DQ-T02
2024-09-30,XX677340173,BNPL,GW-ATLAS,Success,1,2202.89,EGP,102.96,77.1,25.86,Success,DQ-T04
,AE632922055,BANKTR,GW-NIMBUS,Success,9,106158.58,AED,227.26,65.14,162.12,Success,DQ-T02
2025-05-25,EG325044783,CARD,GW-NILE,UNKNOWN,4,4194.87,EGP,111.11,61.53,49.58,,DQ-T05
2025-05-01,EG537339465,WALLET,GW-NILE,PENDING_REVIEW,2,821.26,EGP,0.0,14.94,-14.94,,DQ-T05
2025-04-28,SA556781756,CARD,GW-NIMBUS,Success,0,2110.52,SAR,63.32,37.51,25.81,Success,DQ-T08
2025-09-01,SA479684490,TOKEN,GW-ORION,Success,0,190.93,SAR,5.83,3.43,2.4,Success,DQ-T08
,AE957433919,CARD,GW-NIMBUS,Voided,53,8117.07,AED,0.0,2.92,-2.92,Voided,DQ-T02
2026-04-27,SA647753119,CARD,GW-NIMBUS,UNKNOWN,2,140.71,SAR,4.16,2.39,1.77,,DQ-T05
2025-12-10,XX997408768,TOKEN,GW-ORION,Refunded,12,3071.14,SAR,0.0,6.75,-6.75,Refunded,DQ-T04
2024-09-30,XX538944660,TOKEN,GW-ATLAS,Success,2,12.84,OMR,0.37,0.25,0.12,Success,DQ-T04
2024-08-12,AE588030458,LDEBIT,GW-NIMBUS,CHARGEBACK?,1,103.91,AED,0.0,0.06,-0.06,,DQ-T05
,SA773581532,TOKEN,GW-ATLAS,Failed,1,736.99,SAR,0.0,0.08,-0.08,Failed,DQ-T02
2026-03-24,EG554455116,LDEBIT,GW-NILE,CHARGEBACK?,1,11908.17,EGP,135.71,50.03,85.68,,DQ-T05
2026-06-10,SA124881724,LDEBIT,GW-NIMBUS,Success,0,10284.2,SAR,101.31,61.47,39.84,Success,DQ-T08
2025-11-30,SA189309853,CARD,GW-ORION,Success,4,-825.78,SAR,-18.93,-11.48,-7.45,Success,DQ-T07
,SA954952952,LDEBIT,GW-NIMBUS,Voided,1,43.68,SAR,0.0,0.06,-0.06,Voided,DQ-T02
,EG926950694,TOKEN,GW-ATLAS,Voided,3,3628.16,EGP,0.0,3.03,-3.03,Voided,DQ-T02
,SA200244788,CARD,GW-ORION,Failed,8,479.02,SAR,0.0,0.36,-0.36,Failed,DQ-T02
2025-11-05,EG656793347,WALLET,GW-NILE,Success,16,1058890.09,EGP,1482446.13,8605.55,1473840.58,Success,DQ-T09
,SA768323752,LDEBIT,GW-NIMBUS,Failed,1,87.4,SAR,0.0,0.06,-0.06,Failed,DQ-T02
2025-05-04,EG998632198,BNPL,GW-NILE,Success,15,27207.62,EGP,38090.67,789.56,37301.11,Success,DQ-T09
2026-06-30,XX410373962,TOKEN,GW-NILE,Success,2,1942.57,EGP,59.25,29.93,29.32,Success,DQ-T04
2025-06-07,EG178731082,BNPL,GW-NILE,CHARGEBACK?,7,4522.94,EGP,209.59,133.05,76.54,,DQ-T05
,EG163862782,TOKEN,GW-NILE,Success,2,2020.68,EGP,60.18,30.93,29.25,Success,DQ-T02
2025-01-19,SA813150489,LDEBIT,GW-NIMBUS,PENDING_REVIEW,1,119.8,SAR,0.0,0.56,-0.56,,DQ-T05
,AE333371080,CARD,GW-ORION,Success,5,2125.4,AED,51.81,28.34,23.47,Success,DQ-T02
2025-09-07,SA508515348,TOKEN,GW-ORION,UNKNOWN,18,3248.03,SAR,82.23,47.22,35.01,,DQ-T05
2025-09-02,EG327327982,CARD,GW-NILE,UNKNOWN,1,301.3,EGP,0.0,0.41,-0.41,,DQ-T05
2024-10-24,XX760201594,CARD,GW-ORION,Success,1,29.06,SAR,1.13,0.6,0.53,Success,DQ-T04
2026-04-14,XX305373293,CARD,GW-NILE,Refunded,6,8198.22,EGP,0.0,46.18,-46.18,Refunded,DQ-T04
,EG449636175,WALLET,GW-NILE,Failed,85,34461.83,EGP,0.0,33.34,-33.34,Failed,DQ-T02
,SA860742247,CARD,GW-NIMBUS,Failed,123,24028.48,SAR,0.0,6.92,-6.92,Failed,DQ-T02
2024-09-26,EG981274071,LDEBIT,GW-NILE,Success,58,-23576.71,EGP,-411.5,-193.41,-218.09,Success,DQ-T07
,EG624580946,LDEBIT,GW-NILE,Voided,2,429.54,EGP,0.0,0.81,-0.81,Voided,DQ-T02
2025-08-03,XX925447134,BNPL,GW-ATLAS,FAILED,32,1919.04,SAR,0.0,2.4,-2.4,Failed,DQ-T04
2026-02-12,EG331354329,TOKEN,GW-NILE,Success,72,26725.25,EGP,37415.35,532.52,36882.83,Success,DQ-T09
2026-03-28,SA860742247,TOKEN,GW-ATLAS,PENDING_REVIEW,10,2586.54,SAR,0.0,5.62,-5.62,,DQ-T05
,OM334471218,TOKEN,GW-ATLAS,Failed,2,48.41,OMR,0.0,0.02,-0.02,Failed,DQ-T02
2025-06-30,EG259754316,LDEBIT,GW-NILE,Success,9,-2979.91,EGP,-54.33,-27.78,-26.55,Success,DQ-T07
2026-06-15,EG707758852,TOKEN,GW-NILE,Success,1,601.14,EGP,841.6,10.3,831.3,Success,DQ-T09
2024-10-04,EG696983188,CARD,GW-ATLAS,Success,201,-65827.71,EGP,-2559.64,-1682.75,-876.89,Success,DQ-T07
,EG474518016,WALLET,GW-NILE,Refunded,4,6171.14,EGP,0.0,30.31,-30.31,Refunded,DQ-T02
2025-06-23,SA592950341,CARD,GW-NIMBUS,CHARGEBACK?,7,1516.05,SAR,38.67,22.17,16.5,,DQ-T05
2025-05-16,SA779341840,CARD,GW-ATLAS,CAPTURED,95,-16242.57,SAR,-411.64,-263.18,-148.46,Success,DQ-T07
,OM761371745,CARD,GW-ATLAS,Success,1,185.51,OMR,3.98,2.73,1.25,Success,DQ-T02
2025-12-29,XX255725696,WALLET,GW-NILE,Voided,1,217.15,EGP,0.0,0.41,-0.41,Voided,DQ-T04
,SA466668047,CARD,GW-ORION,Voided,2,87.91,SAR,0.0,0.09,-0.09,Voided,DQ-T02
,EG981274071,CARD,GW-ATLAS,Success,342,141137.55,EGP,5067.13,3346.81,1720.32,Success,DQ-T02
2025-02-08,XX105974976,CARD,GW-NILE,ERROR,1,1456.63,EGP,0.0,0.39,-0.39,Failed,DQ-T04
2025-09-16,OM434589390,LDEBIT,GW-NIMBUS,Success,8,115.04,OMR,161.06,0.66,160.4,Success,DQ-T09
,SA315873581,CARD,GW-ORION,Failed,15,609.99,SAR,0.0,0.68,-0.68,Failed,DQ-T02
,EG449636175,CARD,GW-ATLAS,Success,2666,1093768.27,EGP,25323.08,25774.63,-451.55,Success,DQ-T02
2025-06-18,EG293670432,TOKEN,GW-NILE,UNKNOWN,5,1881.55,EGP,65.39,36.92,28.47,,DQ-T05
,SA426436949,CARD,GW-NIMBUS,Voided,2,136.79,SAR,0.0,0.11,-0.11,Voided,DQ-T02
2025-02-28,XX938610792,TOKEN,GW-ORION,Failed,5,858.67,SAR,0.0,0.22,-0.22,Failed,DQ-T04
,AE875103901,BNPL,GW-ATLAS,Success,32,1563.97,AED,72.52,56.4,16.12,Success,DQ-T02
2025-12-24,EG760725891,CARD,GW-ATLAS,Success,40,-46021.31,EGP,-1205.04,-821.66,-383.38,Success,DQ-T07
2024-08-14,SA705652485,LDEBIT,GW-NIMBUS,PENDING_REVIEW,16,1486.61,SAR,0.0,9.0,-9.0,,DQ-T05
2025-08-27,EG231422873,TOKEN,GW-ATLAS,Success,0,3737.32,EGP,88.55,60.17,28.38,Success,DQ-T08
2026-06-08,OM441483176,CARD,GW-ATLAS,CHARGEBACK?,8,152.28,OMR,3.51,2.45,1.06,,DQ-T05
2025-08-06,EG998632198,TOKEN,GW-NILE,Success,0,6099.04,EGP,153.35,87.33,66.02,Success,DQ-T08
,SA814924785,CARD,GW-ATLAS,Failed,1,739.49,SAR,0.0,0.08,-0.08,Failed,DQ-T02
2025-01-14,XX452370146,LDEBIT,GW-NIMBUS,Failed,1,188.27,SAR,0.0,0.06,-0.06,Failed,DQ-T04
2025-11-07,EG934454177,WALLET,GW-NILE,UNKNOWN,12,16679.78,EGP,0.0,4.89,-4.89,,DQ-T05
,OM267217098,CARD,GW-ATLAS,Voided,6,87.71,OMR,0.0,0.05,-0.05,Voided,DQ-T02
2026-04-03,EG697551722,TOKEN,GW-NILE,Success,0,49729.08,EGP,1092.48,746.24,346.24,Success,DQ-T08
,AE870997409,TOKEN,GW-ATLAS,Success,4,572.3,AED,14.32,9.74,4.58,Success,DQ-T02
2024-08-26,EG728358410,LDEBIT,GW-NILE,PENDING_REVIEW,2,3064.18,EGP,35.49,15.8,19.69,,DQ-T05
2025-12-22,AE274153176,CARD,GW-ATLAS,UNKNOWN,1,1210.86,AED,0.0,0.07,-0.07,,DQ-T05
2025-07-11,XX212322175,LDEBIT,GW-NIMBUS,APPROVED,6,278.74,SAR,4.17,2.27,1.9,Success,DQ-T04
,EG991914423,WALLET,GW-NILE,Success,9,6444.0,EGP,145.55,67.63,77.92,Success,DQ-T02
2026-01-20,XX401469340,LDEBIT,GW-NILE,Success,17,5178.13,EGP,100.87,51.03,49.84,Success,DQ-T04
2026-04-13,XX257806229,TOKEN,GW-NILE,Failed,2,2679.71,EGP,0.0,0.82,-0.82,Failed,DQ-T04
,EG178731082,BNPL,GW-NILE,Failed,5,3233.95,EGP,0.0,2.0,-2.0,Failed,DQ-T02
2025-08-04,EG537339465,WALLET,GW-NILE,PENDING_REVIEW,34,14223.62,EGP,0.0,13.45,-13.45,,DQ-T05
2026-06-19,OM118285580,CARD,GW-ATLAS,PENDING_REVIEW,1,5.33,OMR,0.15,0.11,0.04,,DQ-T05
2024-10-01,AE987618927,TOKEN,GW-NIMBUS,PENDING_REVIEW,1,41.46,AED,0.0,0.06,-0.06,,DQ-T05
,SA700672253,BNPL,GW-ATLAS,Refunded,2,108.98,SAR,0.0,1.12,-1.12,Refunded,DQ-T02
2025-05-29,SA843654782,BANKTR,GW-NIMBUS,Success,0,197727.62,SAR,491.6,168.67,322.93,Success,DQ-T08
,SA860742247,TOKEN,GW-ATLAS,Refunded,4,997.59,SAR,0.0,2.25,-2.25,Refunded,DQ-T02
2025-11-21,SA174215481,TOKEN,GW-NIMBUS,Success,2,-572.31,SAR,-14.31,-8.5,-5.81,Success,DQ-T07
2024-09-22,AE808885338,CARD,GW-ORION,UNKNOWN,1,213.84,AED,0.0,0.04,-0.04,,DQ-T05
2026-06-10,XX756287526,TOKEN,GW-NILE,Success,1,2624.54,EGP,65.9,35.8,30.1,Success,DQ-T04
,SA479684490,TOKEN,GW-ORION,Success,6,209.34,SAR,7.0,4.12,2.88,Success,DQ-T02
2025-08-02,SA550486234,CARD,GW-ATLAS,PENDING_REVIEW,12,1365.64,SAR,37.4,23.24,14.16,,DQ-T05
2025-01-02,EG823617801,WALLET,GW-NILE,UNKNOWN,4,993.43,EGP,29.02,14.91,14.11,,DQ-T05
,SA181926560,CARD,GW-ORION,Failed,1,96.38,SAR,0.0,0.04,-0.04,Failed,DQ-T02
,EG431057266,CARD,GW-NILE,Success,4,47954.7,EGP,1077.31,593.46,483.85,Success,DQ-T02
,AE808885338,TOKEN,GW-NIMBUS,Success,2,329.29,AED,8.98,5.09,3.89,Success,DQ-T02
2026-03-10,AE798073466,CARD,GW-ORION,Success,0,2892.38,AED,69.5,40.14,29.36,Success,DQ-T08
,EG319798094,LDEBIT,GW-NILE,Success,1,2353.66,EGP,30.8,11.33,19.47,Success,DQ-T02
2026-03-11,SA754882184,TOKEN,GW-ORION,Success,3,-417.66,SAR,-11.75,-6.22,-5.53,Success,DQ-T07
2026-02-12,XX820701383,LDEBIT,GW-NILE,Success,263,60380.31,EGP,1410.74,716.81,693.93,Success,DQ-T04
,SA972748866,CARD,GW-ORION,Refunded,24,3183.65,SAR,0.0,13.5,-13.5,Refunded,DQ-T02
2025-01-29,XX406872637,TOKEN,GW-NIMBUS,Success,1,925.39,SAR,22.81,13.2,9.61,Success,DQ-T04
2025-09-18,XX555968439,TOKEN,GW-ORION,Failed,1,281.34,AED,0.0,0.04,-0.04,Failed,DQ-T04
2024-11-05,EG903275069,CARD,GW-NILE,PENDING_REVIEW,3,1678.33,EGP,0.0,21.96,-21.96,,DQ-T05
2026-03-17,SA112481566,LDEBIT,GW-NIMBUS,Success,19,-1822.86,SAR,-26.36,-11.41,-14.95,Success,DQ-T07
,EG730609269,WALLET,GW-NILE,Success,4,8222.81,EGP,169.28,73.81,95.47,Success,DQ-T02
,EG573406141,CARD,GW-NILE,Success,3,2636.93,EGP,80.74,39.97,40.77,Success,DQ-T02
,EG903275069,CARD,GW-NILE,Refunded,1,598.3,EGP,0.0,7.72,-7.72,Refunded,DQ-T02
,SA887297988,CARD,GW-ORION,Refunded,2,242.79,SAR,0.0,1.12,-1.12,Refunded,DQ-T02
2025-02-27,XX481219503,BNPL,GW-ATLAS,Success,2,363.6,SAR,16.78,12.72,4.06,Success,DQ-T04
,SA758672424,LDEBIT,GW-NIMBUS,Success,2,285.84,SAR,3.34,1.62,1.72,Success,DQ-T02
,EG799575469,WALLET,GW-NILE,Failed,2,752.74,EGP,0.0,0.81,-0.81,Failed,DQ-T02
2025-05-04,AE618504164,TOKEN,GW-ATLAS,UNKNOWN,1,54.11,AED,0.0,0.07,-0.07,,DQ-T05
,SA556781756,CARD,GW-NIMBUS,Failed,7,362.25,SAR,0.0,0.39,-0.39,Failed,DQ-T02
,EG275709942,LDEBIT,GW-NILE,Failed,3,4568.28,EGP,0.0,1.19,-1.19,Failed,DQ-T02
2026-06-12,SA206829187,CARD,GW-ORION,Success,0,846.3,SAR,21.37,11.52,9.85,Success,DQ-T08
2025-11-28,SA676493356,TOKEN,GW-ORION,Success,30,3543.4,SAR,4960.76,53.82,4906.94,Success,DQ-T09
2025-12-23,EG611254298,LDEBIT,GW-NILE,UNKNOWN,7,2959.18,EGP,50.93,24.46,26.47,,DQ-T05
2025-04-21,XX306355787,TOKEN,GW-ATLAS,Success,11,284.88,OMR,6.87,4.62,2.25,Success,DQ-T04
2024-09-30,AE918231431,TOKEN,GW-NIMBUS,UNKNOWN,7,6185.64,AED,147.2,88.27,58.93,,DQ-T05
2024-12-21,AE934539772,CARD,GW-NIMBUS,Success,1,-380.47,AED,-9.67,-5.38,-4.29,Success,DQ-T07
2024-08-16,EG449636175,LDEBIT,GW-NILE,UNKNOWN,12,4807.6,EGP,0.0,4.65,-4.65,,DQ-T05
2025-05-13,SA829535554,BANKTR,GW-NIMBUS,CHARGEBACK?,7,64896.4,SAR,153.8,42.03,111.77,,DQ-T05
,EG259754316,LDEBIT,GW-NILE,Success,14,5649.89,EGP,96.54,48.14,48.4,Success,DQ-T02
2025-05-23,SA112481566,LDEBIT,GW-NIMBUS,PENDING_REVIEW,14,1760.24,SAR,24.59,10.28,14.31,,DQ-T05
,EG799496821,WALLET,GW-NILE,Success,54,43194.3,EGP,615.53,441.43,174.1,Success,DQ-T02
2025-03-24,OM267217098,LDEBIT,GW-NIMBUS,UNKNOWN,1,14.62,OMR,0.0,0.01,-0.01,,DQ-T05
2025-07-21,SA779341840,CARD,GW-ATLAS,CHARGEBACK?,3,509.64,SAR,0.0,0.22,-0.22,,DQ-T05
2025-06-17,AE618504164,LDEBIT,GW-NIMBUS,CHARGEBACK?,1,54.11,AED,0.0,0.06,-0.06,,DQ-T05
,SA939400299,CARD,GW-ORION,Voided,1,61.56,SAR,0.0,0.04,-0.04,Voided,DQ-T02
2024-11-29,SA772263667,CARD,GW-NIMBUS,Success,12,-510.07,SAR,-16.5,-9.81,-6.69,Success,DQ-T07
2024-09-03,EG744158614,TOKEN,GW-ATLAS,UNKNOWN,3,4938.24,EGP,130.13,85.38,44.75,,DQ-T05
2025-07-24,SA853040870,TOKEN,GW-ORION,Success,0,236.28,SAR,6.9,4.04,2.86,Success,DQ-T08
2026-06-07,AE301462734,CARD,GW-ORION,UNKNOWN,3,130.1,AED,0.0,0.13,-0.13,,DQ-T05
,EG680139391,WALLET,GW-NILE,REVERSED,1,403.75,EGP,0.0,0.4,-0.4,Voided,DQ-T02
2025-04-09,AE381359654,LDEBIT,GW-NIMBUS,CHARGEBACK?,3,132.31,AED,0.0,0.17,-0.17,,DQ-T05
2025-08-15,XX846723349,LDEBIT,GW-NIMBUS,Voided,5,3137.68,SAR,0.0,0.28,-0.28,Voided,DQ-T04
2025-02-11,OM954248664,CARD,GW-NIMBUS,Success,20,-126.92,OMR,-3.59,-2.21,-1.38,Success,DQ-T07
,OM543606528,TOKEN,GW-NIMBUS,Refunded,1,5.88,OMR,0.0,0.06,-0.06,Refunded,DQ-T02
,EG293670432,CARD,GW-NILE,Refunded,1,401.07,EGP,0.0,7.53,-7.53,Refunded,DQ-T02
2025-03-25,SA112481566,LDEBIT,GW-NIMBUS,Success,18,-1818.47,SAR,-26.11,-11.22,-14.89,Success,DQ-T07
2025-12-12,EG105351460,WALLET,GW-NILE,UNKNOWN,1,1112.64,EGP,0.0,0.41,-0.41,,DQ-T05
2026-06-19,EG554455116,WALLET,GW-NILE,Success,1,-7726.47,EGP,-143.97,-64.38,-79.59,Success,DQ-T07
,EG758836714,CARD,GW-NILE,Success,19,17317.93,EGP,535.48,262.08,273.4,Success,DQ-T02
2026-02-09,XX516436658,WALLET,GW-NILE,Failed,3,22235.38,EGP,0.0,1.23,-1.23,Failed,DQ-T04
2025-07-25,SA596495663,CARD,GW-ORION,CHARGEBACK?,1,49.51,SAR,0.0,0.04,-0.04,,DQ-T05
2025-03-27,SA138780824,TOKEN,GW-NIMBUS,Success,0,689.65,SAR,18.57,10.63,7.94,Success,DQ-T08
,AE667080643,CARD,GW-ORION,Failed,1,216.2,AED,0.0,0.04,-0.04,Failed,DQ-T02
2025-03-16,EG327394766,WALLET,GW-NILE,Success,31,45640.65,EGP,63896.91,423.28,63473.63,Success,DQ-T09
2026-04-30,AE727701879,CARD,GW-NIMBUS,PENDING_REVIEW,57,6799.67,AED,192.58,105.4,87.18,,DQ-T05
2025-11-21,SA200244788,CARD,GW-ORION,Success,40,-2680.19,SAR,-79.27,-43.28,-35.99,Success,DQ-T07
2026-04-18,AE667080643,TOKEN,GW-ATLAS,Success,2,-393.79,AED,-10.22,-6.5,-3.72,Success,DQ-T07
,AE889475271,TOKEN,GW-ORION,Success,12,629.61,AED,19.84,11.0,8.84,Success,DQ-T02
2026-01-01,EG279421850,CARD,GW-NILE,PENDING_REVIEW,14,46105.67,EGP,0.0,5.66,-5.66,,DQ-T05
,OM377214746,TOKEN,GW-NIMBUS,SUCCESS,3,48.31,OMR,1.29,0.75,0.54,Success,DQ-T02
,EG823617801,LDEBIT,GW-NILE,Success,8,2191.71,EGP,45.51,22.34,23.17,Success,DQ-T02
2025-12-25,AE671906697,CARD,GW-ORION,PENDING_REVIEW,3518,223901.33,AED,4107.39,3639.15,468.24,,DQ-T05
2024-10-14,AE934539772,CARD,GW-NIMBUS,PENDING_REVIEW,1,292.21,AED,0.0,0.55,-0.55,,DQ-T05
,EG331354329,BNPL,GW-NILE,Success,69,24163.36,EGP,832.43,722.97,109.46,Success,DQ-T02
,AE520556972,LDEBIT,GW-NIMBUS,REFUNDED,4,682.37,AED,0.0,2.2,-2.2,Refunded,DQ-T02
2026-05-14,XX378762433,CARD,GW-NILE,Success,17,5667.85,EGP,216.36,115.32,101.04,Success,DQ-T04
2025-07-04,SA845331728,TOKEN,GW-ORION,CHARGEBACK?,1,755.59,SAR,0.0,0.56,-0.56,,DQ-T05
2025-11-23,SA720574277,CARD,GW-NIMBUS,Success,0,666.99,SAR,20.02,11.2,8.82,Success,DQ-T08
2024-09-27,EG100648072,LDEBIT,GW-NILE,Success,0,2121.18,EGP,28.07,10.28,17.79,Success,DQ-T08
2026-04-16,EG303905612,TOKEN,GW-ATLAS,Success,0,3188.96,EGP,72.83,52.01,20.82,Success,DQ-T08
2024-12-22,EG283786715,CARD,GW-ATLAS,CHARGEBACK?,3,2642.07,EGP,0.0,2.94,-2.94,,DQ-T05
2025-01-31,AE642488904,BNPL,GW-ATLAS,UNKNOWN,6,7203.97,AED,206.47,249.41,-42.94,,DQ-T05
2025-06-10,EG352362522,WALLET,GW-NILE,Success,4,-6315.53,EGP,-124.44,-58.14,-66.3,Success,DQ-T07
2026-03-27,SA763491142,LDEBIT,GW-NIMBUS,Success,3,1032.25,SAR,1445.15,5.15,1440.0,Success,DQ-T09
2025-06-26,XX603473847,LDEBIT,GW-NILE,Voided,2,836.05,EGP,0.0,0.8,-0.8,Voided,DQ-T04
2024-11-23,EG199157533,TOKEN,GW-ATLAS,Success,0,2320.14,EGP,62.66,38.69,23.97,Success,DQ-T08
,EG624580946,CARD,GW-NILE,Success,218,44910.49,EGP,2061.53,1101.29,960.24,Success,DQ-T02
2026-03-31,EG166655022,WALLET,GW-NILE,UNKNOWN,18,22955.83,EGP,462.85,218.45,244.4,,DQ-T05
,SA999694215,CARD,GW-NIMBUS,Success,44,7658.66,SAR,195.77,114.12,81.65,Success,DQ-T02
2025-09-01,EG955763785,CARD,GW-NILE,Success,15,-11366.27,EGP,-359.94,-178.59,-181.35,Success,DQ-T07
,SA977935480,CARD,GW-ORION,Success,59,5871.09,SAR,166.72,88.43,78.29,Success,DQ-T02
2026-06-12,XX536066641,CARD,GW-NIMBUS,Failed,19,2390.26,SAR,0.0,1.07,-1.07,Failed,DQ-T04
,EG899495597,CARD,GW-NILE,Success,2,3009.17,EGP,84.65,42.01,42.64,Success,DQ-T02
,AE904440734,CARD,GW-ATLAS,Failed,5,242.45,AED,0.0,0.37,-0.37,Failed,DQ-T02
,OM224536276,CARD,GW-ATLAS,Success,32,117.81,OMR,4.03,2.63,1.4,Success,DQ-T02
,EG717847087,CARD,GW-NILE,Success,6,9151.38,EGP,227.07,126.92,100.15,Success,DQ-T02
,AE761816465,CARD,GW-ORION,Failed,5,585.36,AED,0.0,0.22,-0.22,Failed,DQ-T02
2026-04-26,EG631844222,LDEBIT,GW-NILE,Success,2,-692.15,EGP,-8.16,-6.39,-1.77,Success,DQ-T07
,SA705652485,TOKEN,GW-NIMBUS,Refunded,4,440.39,SAR,0.0,2.25,-2.25,Refunded,DQ-T02
,SA851607798,CARD,GW-NIMBUS,FAILED,14,845.37,SAR,0.0,0.79,-0.79,Failed,DQ-T02
,EG416828825,WALLET,GW-NILE,Success,1,8800.01,EGP,159.21,73.08,86.13,Success,DQ-T02
,EG237932689,BNPL,GW-NILE,Success,1,420.71,EGP,19.21,12.51,6.7,Success,DQ-T02
2025-08-31,EG447972836,LDEBIT,GW-NILE,Success,2,-2409.36,EGP,-33.26,-13.22,-20.04,Success,DQ-T07
2024-09-03,SA466668047,LDEBIT,GW-NIMBUS,PENDING_REVIEW,5,219.77,SAR,0.0,0.28,-0.28,,DQ-T05
2025-12-07,XX470196723,CARD,GW-ORION,Success,10,8117.09,SAR,193.69,106.29,87.4,Success,DQ-T04
2025-07-28,EG843137256,BNPL,GW-NILE,PENDING_REVIEW,1,1268.23,EGP,0.0,0.4,-0.4,,DQ-T05
2025-02-26,AE889475271,TOKEN,GW-ORION,Success,16,777.06,AED,1087.88,13.83,1074.05,Success,DQ-T09
,SA865281392,LDEBIT,GW-NIMBUS,Success,16,5435.71,SAR,69.22,27.16,42.06,Success,DQ-T02
2024-07-28,EG331354329,BNPL,GW-NILE,PENDING_REVIEW,1,350.0,EGP,0.0,0.38,-0.38,,DQ-T05
2025-06-17,XX494160576,LDEBIT,GW-NIMBUS,DECLINED,1,184.69,SAR,0.0,0.06,-0.06,Failed,DQ-T04
2026-02-14,EG304469248,CARD,GW-NILE,APPROVED,12,48140.24,EGP,67396.34,617.53,66778.81,Success,DQ-T09
2025-06-09,EG735951857,TOKEN,GW-NILE,Success,0,1288.98,EGP,35.95,18.88,17.07,Success,DQ-T08
2025-08-23,SA466668047,TOKEN,GW-ORION,CHARGEBACK?,52,2368.22,SAR,75.37,43.1,32.27,,DQ-T05
,EG897740135,WALLET,GW-NILE,Approved,13,4306.73,EGP,107.82,57.39,50.43,Success,DQ-T02
,AE642764712,CARD,GW-ATLAS,Failed,1,6043.45,AED,0.0,0.07,-0.07,Failed,DQ-T02
,EG345706176,TOKEN,GW-ATLAS,Success,2,3649.59,EGP,97.44,62.61,34.83,Success,DQ-T02
,EG875100630,TOKEN,GW-ATLAS,Success,1,1693.21,EGP,45.68,29.21,16.47,Success,DQ-T02
2024-08-28,EG704053078,CARD,GW-ATLAS,Success,0,321655.11,EGP,5370.56,4972.93,397.63,Success,DQ-T08
2025-02-14,XX274444084,BNPL,GW-ATLAS,Voided,1,119.05,SAR,0.0,0.08,-0.08,Voided,DQ-T04
2024-10-30,EG511893937,CARD,GW-NILE,CHARGEBACK?,7,8871.67,EGP,238.0,125.82,112.18,,DQ-T05
2025-02-04,SA813150489,TOKEN,GW-ATLAS,CHARGEBACK?,4,620.71,SAR,0.0,0.3,-0.3,,DQ-T05
2025-11-23,SA315873581,TOKEN,GW-ORION,Success,20,-803.56,SAR,-15.39,-15.15,-0.24,Success,DQ-T07
2026-01-27,EG979007692,WALLET,GW-NILE,Success,1,-629.71,EGP,-14.62,-6.87,-7.75,Success,DQ-T07
2025-09-08,EG744158614,TOKEN,GW-ATLAS,UNKNOWN,1,1531.78,EGP,0.0,1.02,-1.02,,DQ-T05
,AE676714739,CARD,GW-NIMBUS,Success,35,2157.28,AED,69.05,37.48,31.57,Success,DQ-T02
,SA485114821,TOKEN,GW-ATLAS,SUCCESS,6,237.06,SAR,7.69,5.25,2.44,Success,DQ-T02
2026-01-28,SA397646855,TOKEN,GW-ORION,Success,102,5471.97,SAR,7660.76,95.54,7565.22,Success,DQ-T09
,AE125858239,TOKEN,GW-ORION,SUCCESS,21,4707.13,AED,109.62,67.19,42.43,Success,DQ-T02
2026-02-05,SA700672253,TOKEN,GW-ORION,PENDING_REVIEW,13,561.97,SAR,0.0,0.58,-0.58,,DQ-T05
2025-02-18,SA426436949,LDEBIT,GW-NIMBUS,UNKNOWN,12,820.75,SAR,0.0,0.68,-0.68,,DQ-T05
2025-07-20,XX356048684,TOKEN,GW-NILE,Failed,2,642.58,EGP,0.0,0.8,-0.8,Failed,DQ-T04
2024-09-25,XX879911091,LDEBIT,GW-NILE,Success,2,5912.6,EGP,77.31,27.32,49.99,Success,DQ-T04
2026-06-02,EG161643120,TOKEN,GW-ATLAS,Success,4,4292.79,EGP,6009.91,80.13,5929.78,Success,DQ-T09
,OM377293460,CARD,GW-ATLAS,Failed,1,18.14,OMR,0.0,0.01,-0.01,Failed,DQ-T02
,OM761036673,TOKEN,GW-ATLAS,Success,120,475.51,OMR,15.93,10.6,5.33,Success,DQ-T02
2026-04-06,XX661480823,LDEBIT,GW-NILE,Success,3,1158.35,EGP,21.09,10.08,11.01,Success,DQ-T04
2026-02-21,EG934454177,CARD,GW-ATLAS,Success,316,449663.25,EGP,629528.55,7755.83,621772.72,Success,DQ-T09
,EG331354329,WALLET,GW-NILE,Success,136,47425.44,EGP,892.44,616.43,276.01,Success,DQ-T02
,EG843137256,CARD,GW-ATLAS,Failed,3,3749.53,EGP,0.0,2.97,-2.97,Failed,DQ-T02
,EG235600888,TOKEN,GW-NILE,Approved,1,7933.83,EGP,187.94,102.56,85.38,Success,DQ-T02
,EG145730757,BNPL,GW-NILE,Success,1,4831.84,EGP,232.75,139.55,93.2,Success,DQ-T02
,AE609791679,BNPL,GW-ATLAS,Success,2,207.27,AED,10.38,7.31,3.07,Success,DQ-T02
,EG934454177,WALLET,GW-NILE,Refunded,2,4033.07,EGP,0.0,14.64,-14.64,Refunded,DQ-T02
2025-08-06,AE502481662,CARD,GW-ORION,Success,0,23471.3,AED,371.14,312.92,58.22,Success,DQ-T08
2026-02-08,XX528575903,LDEBIT,GW-NILE,Success,7,3174.01,EGP,53.47,25.42,28.05,Success,DQ-T04
2024-11-16,XX676917137,CARD,GW-ORION,Voided,8,2294.03,SAR,0.0,0.36,-0.36,Voided,DQ-T04
,AE987618927,BNPL,GW-ATLAS,Success,31,1245.82,AED,54.72,45.33,9.39,Success,DQ-T02
,EG293670432,CARD,GW-NILE,Failed,3,973.14,EGP,0.0,1.22,-1.22,Failed,DQ-T02
,EG799496821,WALLET,GW-NILE,Voided,2,1652.77,EGP,0.0,0.77,-0.77,Voided,DQ-T02
2025-11-28,EG204164575,TOKEN,GW-ATLAS,UNKNOWN,1,355.69,EGP,0.0,1.02,-1.02,,DQ-T05
,SA473410995,TOKEN,GW-NIMBUS,Refunded,1,128.55,SAR,0.0,0.56,-0.56,Refunded,DQ-T02
2025-10-02,AE713987880,CARD,GW-ORION,PENDING_REVIEW,7,1003.59,AED,0.0,0.31,-0.31,,DQ-T05
2024-11-09,EG823617801,TOKEN,GW-ATLAS,Success,3,-867.23,EGP,-36.14,-23.95,-12.19,Success,DQ-T07
2026-04-16,EG163862782,WALLET,GW-NILE,CHARGEBACK?,1,738.6,EGP,16.83,7.78,9.05,,DQ-T05
,EG447972836,WALLET,GW-NILE,Success,1,1316.31,EGP,27.76,12.45,15.31,Success,DQ-T02
,EG843137256,TOKEN,GW-NILE,Success,9,11018.55,EGP,308.41,163.13,145.28,Success,DQ-T02
2025-10-12,AE366451684,TOKEN,GW-NIMBUS,Success,3,-298.17,AED,-8.72,-4.89,-3.83,Success,DQ-T07
,SA860742247,TOKEN,GW-ATLAS,Voided,9,1758.18,SAR,0.0,0.68,-0.68,Voided,DQ-T02
,EG786386215,TOKEN,GW-ATLAS,Success,1,1482.31,EGP,43.32,26.1,17.22,Success,DQ-T02
,EG217500923,CARD,GW-ATLAS,Failed,4,2385.88,EGP,0.0,3.93,-3.93,Failed,DQ-T02
,EG403388419,CARD,GW-NILE,Refunded,9,19546.7,EGP,0.0,68.81,-68.81,Refunded,DQ-T02
2026-05-03,EG509980512,WALLET,GW-NILE,Success,4,-1553.7,EGP,-39.78,-19.8,-19.98,Success,DQ-T07
2025-08-15,XX868145483,CARD,GW-NILE,Voided,1,1290.02,EGP,0.0,0.4,-0.4,Voided,DQ-T04
2024-11-10,OM526413827,CARD,GW-NIMBUS,Success,0,37.71,OMR,1.01,0.61,0.4,Success,DQ-T08
,EG537339465,CARD,GW-ATLAS,Failed,92,39663.46,EGP,0.0,93.79,-93.79,Failed,DQ-T02
2026-02-16,SA247806531,LDEBIT,GW-NIMBUS,Success,8,-381.67,SAR,-3.41,-3.07,-0.34,Success,DQ-T07
2024-11-17,SA734980407,BNPL,GW-ATLAS,UNKNOWN,89,5590.23,SAR,146.13,199.87,-53.74,,DQ-T05
,OM183510174,TOKEN,GW-NIMBUS,Failed,2,27.97,OMR,0.0,0.01,-0.01,Failed,DQ-T02
2026-02-09,XX907305175,CARD,GW-ATLAS,Success,19,3978.39,AED,93.91,63.17,30.74,Success,DQ-T04
,EG735951857,WALLET,GW-NILE,Success,2,1998.21,EGP,42.59,19.7,22.89,Success,DQ-T02
,SA247609412,CARD,GW-ORION,Success,117,6267.13,SAR,183.26,106.45,76.81,Success,DQ-T02
,EG656793347,WALLET,GW-NILE,Success,8,836662.48,EGP,10781.41,6790.53,3990.88,Success,DQ-T02
,OM188757830,LDEBIT,GW-NIMBUS,Voided,1,83.7,OMR,0.0,0.01,-0.01,Voided,DQ-T02
2025-03-16,AE618504164,TOKEN,GW-ATLAS,Success,26,1527.08,AED,2137.91,30.16,2107.75,Success,DQ-T09
2025-07-07,SA710370541,CARD,GW-ORION,UNKNOWN,1,627.54,SAR,0.0,0.04,-0.04,,DQ-T05
,OM107384993,LDEBIT,GW-NIMBUS,Success,14,265.39,OMR,2.3,1.44,0.86,Success,DQ-T02
,EG373213017,CARD,GW-ATLAS,Refunded,3,3391.07,EGP,0.0,23.09,-23.09,Refunded,DQ-T02
2024-08-19,EG704053078,TOKEN,GW-NILE,UNKNOWN,1,3011.51,EGP,0.0,7.27,-7.27,,DQ-T05
2024-10-11,AE667080643,TOKEN,GW-ATLAS,Success,0,294.31,AED,7.45,4.72,2.73,Success,DQ-T08
2026-05-24,EG981274071,WALLET,GW-NILE,Success,150,63950.19,EGP,89530.27,788.66,88741.61,Success,DQ-T09
2026-05-27,XX617871660,TOKEN,GW-NILE,Approved,8,14507.62,EGP,387.83,204.66,183.17,Success,DQ-T04
2024-07-27,EG373213017,TOKEN,GW-NILE,Success,6,-8794.33,EGP,-223.38,-126.1,-97.28,Success,DQ-T07
2026-06-21,SA158425015,CARD,GW-NIMBUS,CHARGEBACK?,95,3954.41,SAR,129.15,76.54,52.61,,DQ-T05
,EG259754316,BNPL,GW-ATLAS,Success,17,6521.64,EGP,285.39,241.91,43.48,Success,DQ-T02
,OM224536276,CARD,GW-ATLAS,Success,18,62.22,OMR,2.17,1.42,0.75,Success,DQ-T02
2024-08-11,EG165675111,LDEBIT,GW-NILE,Success,2,3507.08,EGP,4909.91,17.59,4892.32,Success,DQ-T09
2025-03-14,SA159383546,CARD,GW-NIMBUS,CAPTURED,16,-504.99,SAR,-18.44,-10.72,-7.72,Success,DQ-T07
,SA865281392,CARD,GW-ATLAS,Failed,2,749.39,SAR,0.0,0.15,-0.15,Failed,DQ-T02
2026-04-10,EG680139391,LDEBIT,GW-NILE,CHARGEBACK?,57,25992.4,EGP,444.1,207.63,236.47,,DQ-T05
,EG686030808,TOKEN,GW-NILE,Success,356,297521.52,EGP,5723.72,4709.78,1013.94,Success,DQ-T02
2026-06-22,XX453124784,LDEBIT,GW-NILE,Refunded,6,2787.52,EGP,0.0,46.29,-46.29,Refunded,DQ-T04
2025-11-02,XX715504872,CARD,GW-ORION,Refunded,62,9262.45,SAR,0.0,34.87,-34.87,Refunded,DQ-T04
,EG537339465,TOKEN,GW-ATLAS,Failed,10,4308.0,EGP,0.0,10.19,-10.19,Failed,DQ-T02
,EG676342880,CARD,GW-NILE,Success,188,167028.31,EGP,5047.43,2541.91,2505.52,Success,DQ-T02
2025-09-15,SA200244788,CARD,GW-ORION,CHARGEBACK?,37,2396.72,SAR,71.35,38.98,32.37,,DQ-T05
2025-01-08,SA604765470,CARD,GW-ORION,Success,22,-894.43,SAR,-29.74,-16.38,-13.36,Success,DQ-T07
2026-06-10,SA909427280,LDEBIT,GW-NIMBUS,PENDING_REVIEW,79,13739.65,SAR,161.83,75.16,86.67,,DQ-T05
2026-05-10,EG958671332,WALLET,GW-NILE,PENDING_REVIEW,7,2153.05,EGP,60.34,30.07,30.27,,DQ-T05
2024-08-15,SA912413819,TOKEN,GW-ATLAS,PENDING_REVIEW,5,335.76,SAR,0.0,2.81,-2.81,,DQ-T05
2025-02-02,SA487858809,LDEBIT,GW-NIMBUS,UNKNOWN,1,45.66,SAR,0.0,0.06,-0.06,,DQ-T05
,SA416884588,BNPL,GW-ATLAS,Success,5,829.63,SAR,35.76,29.05,6.71,Success,DQ-T02
2025-05-26,EG331354329,CARD,GW-ATLAS,Success,256,-90767.1,EGP,-2482.09,-2267.06,-215.03,Success,DQ-T07
2025-04-11,EG259754316,CARD,GW-ATLAS,UNKNOWN,2,751.62,EGP,0.0,1.99,-1.99,,DQ-T05
2025-08-16,SA147303844,CARD,GW-ORION,UNKNOWN,5,846.12,SAR,0.0,0.22,-0.22,,DQ-T05
,SA508515348,CARD,GW-ORION,Refunded,4,722.13,SAR,0.0,2.25,-2.25,Refunded,DQ-T02
2024-08-26,SA147303844,CARD,GW-ORION,UNKNOWN,44,7655.77,SAR,200.47,107.96,92.51,,DQ-T05
,EG761087060,CARD,GW-NILE,Failed,16,22878.65,EGP,0.0,6.38,-6.38,Failed,DQ-T02
2025-06-14,EG352362522,WALLET,GW-NILE,Success,4,4028.79,EGP,5640.31,39.62,5600.69,Success,DQ-T09
2025-07-06,AE711049967,BANKTR,GW-NIMBUS,UNKNOWN,1,11017.04,AED,24.13,6.85,17.28,,DQ-T05
,AE642488904,TOKEN,GW-NIMBUS,Success,16,23240.62,AED,344.71,329.19,15.52,Success,DQ-T02
,AE520556972,LDEBIT,GW-NIMBUS,Voided,1,138.4,AED,0.0,0.06,-0.06,Voided,DQ-T02
,EG280455389,CARD,GW-NILE,Success,4,5574.17,EGP,141.53,78.63,62.9,Success,DQ-T02
,SA423374323,CARD,GW-NIMBUS,Success,58,4880.85,SAR,87.59,80.03,7.56,Success,DQ-T02
,EG967183698,WALLET,GW-NILE,Voided,18,6278.87,EGP,0.0,7.23,-7.23,Voided,DQ-T02
2025-10-08,EG783358166,CARD,GW-ATLAS,CHARGEBACK?,2,573.25,EGP,0.0,2.01,-2.01,,DQ-T05
2026-03-28,AE366451684,TOKEN,GW-NIMBUS,Success,4,-448.91,AED,-12.92,-7.24,-5.68,Success,DQ-T07
,SA972748866,CARD,GW-ORION,Failed,80,10431.22,SAR,0.0,3.6,-3.6,Failed,DQ-T02
2025-10-08,OM236113503,LDEBIT,GW-NIMBUS,Success,0,647.34,OMR,4.83,3.33,1.5,Success,DQ-T08
,EG468145711,CARD,GW-NILE,Success,4,2368.28,EGP,76.76,39.04,37.72,Success,DQ-T02
2026-01-22,EG579116624,WALLET,GW-NILE,Success,1,-3349.76,EGP,-63.44,-28.9,-34.54,Success,DQ-T07
,OM781648289,CARD,GW-ATLAS,Success,3,119.08,OMR,1.73,1.82,-0.09,Success,DQ-T02
2024-12-20,SA813150489,CARD,GW-ATLAS,CHARGEBACK?,3,465.53,SAR,0.0,0.22,-0.22,,DQ-T05
2024-08-24,SA945807399,LDEBIT,GW-NIMBUS,Success,2,-1187.39,SAR,-14.81,-5.68,-9.13,Success,DQ-T07
2026-02-03,EG344758416,LDEBIT,GW-NILE,PENDING_REVIEW,5,7071.14,EGP,99.3,37.62,61.68,,DQ-T05
2026-02-18,XX720818066,CARD,GW-ATLAS,Failed,1,292.38,EGP,0.0,1.03,-1.03,Failed,DQ-T04
2024-10-06,EG838350410,CARD,GW-NILE,UNKNOWN,10,25344.16,EGP,640.04,333.69,306.35,,DQ-T05
,SA987666099,BANKTR,GW-NIMBUS,Failed,14,1410.56,SAR,0.0,0.79,-0.79,Failed,DQ-T02
2026-05-10,SA110751010,CARD,GW-ORION,PENDING_REVIEW,5,387.6,SAR,0.0,0.22,-0.22,,DQ-T05
2026-03-05,SA165160063,LDEBIT,GW-NIMBUS,Success,13,-2637.66,SAR,-33.68,-14.06,-19.62,Success,DQ-T07
2025-05-19,EG771233717,CARD,GW-ATLAS,Success,0,13250.42,EGP,369.12,241.11,128.01,Success,DQ-T08
2026-02-09,EG237932689,BNPL,GW-NILE,PENDING_REVIEW,1,433.77,EGP,0.0,0.41,-0.41,,DQ-T05
,SA828250977,CARD,GW-NIMBUS,Failed,1,282.55,SAR,0.0,0.06,-0.06,Failed,DQ-T02
2025-11-29,EG389262771,WALLET,GW-NILE,Success,41,-15722.0,EGP,-374.6,-200.49,-174.11,Success,DQ-T07
2024-12-14,XX624609417,WALLET,GW-NILE,Refunded,1,935.68,EGP,0.0,7.35,-7.35,Refunded,DQ-T04
2024-07-07,SA362023155,BNPL,GW-ATLAS,Success,8,546.17,SAR,764.64,19.48,745.16,Success,DQ-T09
2025-02-20,XX363605996,WALLET,GW-NILE,Success,24,31329.27,EGP,601.19,294.98,306.21,Success,DQ-T04
2025-06-16,SA407393102,CARD,GW-NIMBUS,UNKNOWN,6,266.89,SAR,0.0,0.34,-0.34,,DQ-T05
2025-07-01,OM334471218,TOKEN,GW-ATLAS,Success,0,324.92,OMR,7.77,5.23,2.54,Success,DQ-T08
,EG988355477,CARD,GW-ATLAS,Failed,1,2750.37,EGP,0.0,0.98,-0.98,Failed,DQ-T02
2025-02-05,EG416828825,BNPL,GW-NILE,Success,0,9443.12,EGP,420.31,272.35,147.96,Success,DQ-T08
,SA763491142,CARD,GW-ORION,Voided,1,342.0,SAR,0.0,0.04,-0.04,Voided,DQ-T02
,EG191960141,CARD,GW-ATLAS,Refunded,2,3469.51,EGP,0.0,15.43,-15.43,Refunded,DQ-T02
2026-03-27,SA211354199,BNPL,GW-ATLAS,Success,4,937.75,SAR,1312.85,32.71,1280.14,Success,DQ-T09
2025-06-18,SA660258875,TOKEN,GW-NIMBUS,Success,9,-1631.11,SAR,-43.31,-25.03,-18.28,Success,DQ-T07
,EG105351460,TOKEN,GW-NILE,Success,4,5153.2,EGP,138.18,75.32,62.86,Success,DQ-T02
,EG237932689,BNPL,GW-NILE,Failed,1,409.56,EGP,0.0,0.39,-0.39,Failed,DQ-T02
,EG215045135,CARD,GW-ATLAS,FAILED,1,9961.36,EGP,0.0,1.01,-1.01,Failed,DQ-T02
2026-02-28,SA211354199,BNPL,GW-ATLAS,Success,2,-219.52,SAR,-8.35,-7.74,-0.61,Success,DQ-T07
2025-08-08,EG614572570,CARD,GW-NILE,CHARGEBACK?,2,9409.18,EGP,0.0,0.79,-0.79,,DQ-T05
,EG429684322,LDEBIT,GW-NILE,Success,4,1583.49,EGP,29.43,13.61,15.82,Success,DQ-T02
2024-08-13,XX760748617,LDEBIT,GW-NIMBUS,Success,8,909.85,SAR,11.15,5.44,5.71,Success,DQ-T04
2025-08-26,AE787062785,TOKEN,GW-ORION,PENDING_REVIEW,1,146.98,AED,0.0,0.04,-0.04,,DQ-T05
2025-12-20,AE273918504,CARD,GW-ORION,APPROVED,15,-850.43,AED,-24.27,-14.18,-10.09,Success,DQ-T07
,EG704053078,WALLET,GW-NILE,Success,25,109105.13,EGP,1426.52,926.68,499.84,Success,DQ-T02
,OM954248664,TOKEN,GW-ATLAS,Success,5,41.46,OMR,1.14,0.77,0.37,Success,DQ-T02
2025-07-29,SA168621990,TOKEN,GW-ATLAS,CHARGEBACK?,23,2421.23,SAR,69.59,42.99,26.6,,DQ-T05
2025-11-14,EG336915801,WALLET,GW-NILE,Success,0,6287.39,EGP,166.08,83.04,83.04,Success,DQ-T08
,AE836534480,CARD,GW-NIMBUS,Failed,2,714.3,AED,0.0,0.11,-0.11,Failed,DQ-T02
,EG497915590,CARD,GW-ATLAS,Success,1,5005.87,EGP,125.62,76.56,49.06,Success,DQ-T02
,AE195154121,CARD,GW-ORION,Failed,7,1417.99,AED,0.0,0.31,-0.31,Failed,DQ-T02
2024-12-10,XX929403451,CARD,GW-NIMBUS,Refunded,3,333.44,AED,0.0,1.65,-1.65,Refunded,DQ-T04
,SA259363162,TOKEN,GW-ORION,Voided,1,120.95,SAR,0.0,0.04,-0.04,Voided,DQ-T02
2024-10-27,EG680139391,LDEBIT,GW-NILE,Success,0,11242.88,EGP,199.32,94.87,104.45,Success,DQ-T08
,OM501692260,LDEBIT,GW-NIMBUS,Success,1,47.8,OMR,0.53,0.23,0.3,Success,DQ-T02
,SA397646855,CARD,GW-NIMBUS,SETTLED,377,19523.87,SAR,380.59,355.47,25.12,Success,DQ-T02
,AE132301545,TOKEN,GW-NIMBUS,Success,16,2922.09,AED,70.45,44.73,25.72,Success,DQ-T02
,EG403388419,CARD,GW-NILE,Success,59,93905.72,EGP,2365.26,1295.62,1069.64,Success,DQ-T02
2025-07-25,EG622517179,CARD,GW-NILE,Success,11,-4673.4,EGP,-166.48,-86.04,-80.44,Success,DQ-T07
2026-06-27,AE783290352,BNPL,GW-ATLAS,Success,0,89.89,AED,4.5,3.18,1.32,Success,DQ-T08
2025-10-03,OM936304206,CARD,GW-ATLAS,Success,11,235.43,OMR,329.6,3.75,325.85,Success,DQ-T09
2025-12-01,SA181926560,CARD,GW-ORION,Success,8,-700.37,SAR,-20.56,-10.76,-9.8,Success,DQ-T07
2025-11-15,SA726680999,LDEBIT,GW-NIMBUS,SETTLED,0,565.63,SAR,8.54,4.23,4.31,Success,DQ-T08
2024-07-30,XX988242982,CARD,GW-NILE,Failed,10,3155.45,EGP,0.0,3.85,-3.85,Failed,DQ-T04
2025-12-30,XX801014392,LDEBIT,GW-NIMBUS,Voided,1,333.56,AED,0.0,0.06,-0.06,Voided,DQ-T04
,OM954248664,LDEBIT,GW-NIMBUS,SUCCESS,4,24.08,OMR,0.34,0.18,0.16,Success,DQ-T02
,EG680228975,WALLET,GW-NILE,Success,8,61374.73,EGP,787.32,510.75,276.57,Success,DQ-T02
,AE226845726,TOKEN,GW-ORION,Refunded,4,546.31,AED,0.0,2.2,-2.2,Refunded,DQ-T02
2025-05-17,AE588030458,LDEBIT,GW-NIMBUS,CHARGEBACK?,11,1068.66,AED,14.36,6.63,7.73,,DQ-T05
,EG103023484,LDEBIT,GW-NILE,Voided,3,4017.12,EGP,0.0,1.23,-1.23,Voided,DQ-T02
,EG275709942,LDEBIT,GW-NILE,Refunded,13,15954.84,EGP,0.0,95.59,-95.59,Refunded,DQ-T02
,EG724883181,CARD,GW-ATLAS,Success,62,21590.95,EGP,793.18,545.78,247.4,Success,DQ-T02
2025-03-04,EG449636175,TOKEN,GW-NILE,Success,1013,416397.0,EGP,582955.8,7898.64,575057.16,Success,DQ-T09
2025-02-25,AE904440734,CARD,GW-ATLAS,UNKNOWN,53,2547.16,AED,87.12,51.54,35.58,,DQ-T05
2024-12-24,SA781674979,CARD,GW-NIMBUS,APPROVED,0,2540.47,SAR,83.02,46.97,36.05,Success,DQ-T08
2025-06-25,EG511253320,CARD,GW-NILE,Success,0,23995.91,EGP,982.88,487.16,495.72,Success,DQ-T08
2025-05-03,SA168621990,CARD,GW-NIMBUS,UNKNOWN,59,6345.77,SAR,178.39,100.05,78.34,,DQ-T05
2026-05-04,EG849029255,CARD,GW-NILE,UNKNOWN,3,1225.17,EGP,0.0,1.24,-1.24,,DQ-T05
2025-08-18,XX201843155,TOKEN,GW-NIMBUS,Refunded,1,10.32,OMR,0.0,0.06,-0.06,Refunded,DQ-T04
2025-04-30,EG178731082,BNPL,GW-NILE,Success,16,11264.67,EGP,15770.54,330.79,15439.75,Success,DQ-T09
,EG537155658,TOKEN,GW-ATLAS,Failed,5,1104.58,EGP,0.0,4.91,-4.91,Failed,DQ-T02
,OM730950792,CARD,GW-NIMBUS,Failed,2,33.39,OMR,0.0,0.01,-0.01,Failed,DQ-T02
2025-07-12,EG573406141,WALLET,GW-NILE,Success,1,-678.06,EGP,-16.04,-7.25,-8.79,Success,DQ-T07
2025-03-28,SA900572493,CARD,GW-ATLAS,UNKNOWN,21,7969.1,SAR,200.24,122.02,78.22,,DQ-T05
,EG420159724,TOKEN,GW-NILE,Failed,1,2723.49,EGP,0.0,0.4,-0.4,Failed,DQ-T02
2025-12-20,EG327245837,TOKEN,GW-ATLAS,CHARGEBACK?,1,7113.09,EGP,171.11,111.32,59.79,,DQ-T05
,SA344056722,BANKTR,GW-NIMBUS,Success,18,66795.89,SAR,157.93,58.04,99.89,Success,DQ-T02
,SA256650029,CARD,GW-NIMBUS,Voided,1,125.8,SAR,0.0,0.06,-0.06,Voided,DQ-T02
2025-12-22,XX656014139,TOKEN,GW-NILE,Approved,2,20555.11,EGP,470.0,264.39,205.61,Success,DQ-T04
,EG955763785,TOKEN,GW-NILE,Success,4,2838.64,EGP,92.97,46.64,46.33,Success,DQ-T02
,EG537272220,LDEBIT,GW-NILE,Success,1,2234.78,EGP,26.04,10.75,15.29,Success,DQ-T02
,OM188757830,CARD,GW-ATLAS,Failed,2,167.39,OMR,0.0,0.02,-0.02,Failed,DQ-T02
2024-11-26,SA502327003,TOKEN,GW-NIMBUS,CHARGEBACK?,4,801.81,SAR,21.47,12.2,9.27,,DQ-T05
2026-03-16,EG509980512,TOKEN,GW-NILE,Captured,0,2369.73,EGP,93.56,49.0,44.56,Success,DQ-T08
2025-09-28,EG799496821,CARD,GW-NILE,UNKNOWN,24,20941.22,EGP,0.0,9.78,-9.78,,DQ-T05
2025-04-29,EG897740135,BNPL,GW-NILE,Captured,9,2759.23,EGP,3862.92,83.04,3779.88,Success,DQ-T09
2024-12-20,EG771233717,TOKEN,GW-NILE,CHARGEBACK?,1,1127.46,EGP,0.0,0.39,-0.39,,DQ-T05
,EG449636175,CARD,GW-ATLAS,Failed,289,121664.59,EGP,0.0,294.22,-294.22,Failed,DQ-T02
2025-11-28,EG849029255,TOKEN,GW-ATLAS,PENDING_REVIEW,24,9548.42,EGP,370.98,234.9,136.08,,DQ-T05
2026-01-02,SA580727871,TOKEN,GW-ORION,Success,0,342.29,SAR,6.04,5.89,0.15,Success,DQ-T08
2025-07-24,EG508110442,CARD,GW-ATLAS,Success,1,26506.9,EGP,37109.66,390.18,36719.48,Success,DQ-T09
,SA925677957,CARD,GW-ATLAS,Success,4,2210.83,SAR,54.5,33.34,21.16,Success,DQ-T02
,EG622517179,LDEBIT,GW-NILE,Success,3,1241.46,EGP,21.88,10.17,11.71,Success,DQ-T02
2024-08-31,SA837285263,LDEBIT,GW-NIMBUS,Success,1,275.55,SAR,385.77,1.41,384.36,Success,DQ-T09
2025-07-20,XX705665409,WALLET,GW-NILE,Failed,133,39650.03,EGP,0.0,53.4,-53.4,Failed,DQ-T04
2025-08-20,EG497915590,TOKEN,GW-ATLAS,Success,0,4116.38,EGP,106.5,65.9,40.6,Success,DQ-T08
2026-06-04,EG688244774,LDEBIT,GW-NILE,UNKNOWN,1,521.24,EGP,0.0,7.72,-7.72,,DQ-T05
2026-05-11,XX109430365,CARD,GW-ATLAS,Voided,6,928.83,SAR,0.0,0.45,-0.45,Voided,DQ-T04
2026-06-24,EG924302926,WALLET,GW-NILE,CHARGEBACK?,7,402117.97,EGP,5103.42,3269.76,1833.66,,DQ-T05
2025-02-13,SA853040870,BNPL,GW-ATLAS,Success,3,-114.8,SAR,-5.13,-4.19,-0.94,Success,DQ-T07
2024-12-29,EG622517179,CARD,GW-NILE,Success,10,-4372.57,EGP,-153.0,-79.11,-73.89,Success,DQ-T07
,EG511884968,WALLET,GW-NILE,Success,4,7037.22,EGP,128.63,63.92,64.71,Success,DQ-T02
,EG509980512,LDEBIT,GW-NILE,FAILED,2,684.82,EGP,0.0,0.8,-0.8,Failed,DQ-T02
,OM436896345,LDEBIT,GW-NIMBUS,Failed,3,9.85,OMR,0.0,0.02,-0.02,Failed,DQ-T02
2026-01-25,EG730609269,CARD,GW-ATLAS,Success,0,15061.35,EGP,394.5,242.02,152.48,Success,DQ-T08
,EG728358410,CARD,GW-NILE,Failed,2,3093.13,EGP,0.0,0.78,-0.78,Failed,DQ-T02
,AE123781768,TOKEN,GW-ORION,Voided,1,49.79,AED,0.0,0.04,-0.04,Voided,DQ-T02
,EG266138287,TOKEN,GW-NILE,Success,8,2529.95,EGP,97.45,53.02,44.43,Success,DQ-T02
2025-04-10,XX184564685,LDEBIT,GW-NIMBUS,Success,56,2866.2,SAR,41.23,22.35,18.88,Success,DQ-T04
2026-01-02,EG981274071,BNPL,GW-ATLAS,Success,80,-33010.41,EGP,-1555.45,-1221.67,-333.78,Success,DQ-T07
2025-01-30,SA777243922,CARD,GW-NIMBUS,Success,3,-149.86,SAR,-4.88,-2.75,-2.13,Success,DQ-T07
,SA897535524,LDEBIT,GW-NIMBUS,Failed,1,749.33,SAR,0.0,0.06,-0.06,Failed,DQ-T02
,OM236113503,TOKEN,GW-ATLAS,Success,13,412.31,OMR,6.35,6.6,-0.25,Success,DQ-T02
2025-05-01,XX116125300,CARD,GW-ORION,Refunded,1,32.97,SAR,0.0,0.56,-0.56,Refunded,DQ-T04
2024-10-19,AE782539735,TOKEN,GW-ORION,Success,42,-1670.99,AED,-52.5,-31.4,-21.1,Success,DQ-T07
,EG327327982,CARD,GW-NILE,Success,42,12060.06,EGP,509.37,255.65,253.72,Success,DQ-T02
,AE854744566,LDEBIT,GW-NIMBUS,Success,3,308.38,AED,4.26,1.88,2.38,Success,DQ-T02
2026-01-03,AE241754747,CARD,GW-NIMBUS,UNKNOWN,31,1380.85,AED,45.59,26.04,19.55,,DQ-T05
2026-03-11,XX130996650,CARD,GW-NILE,Success,1,362.66,EGP,13.97,7.14,6.83,Success,DQ-T04
,EG231422873,CARD,GW-ATLAS,Success,2,11682.04,EGP,265.22,177.44,87.78,Success,DQ-T02
2025-03-21,SA589749602,CARD,GW-ORION,CHARGEBACK?,129,21573.36,SAR,530.97,305.35,225.62,,DQ-T05
2025-12-18,OM939316312,LDEBIT,GW-NIMBUS,Success,19,-159.51,OMR,-2.25,-1.05,-1.2,Success,DQ-T07
2025-12-20,EG981274071,TOKEN,GW-NILE,CHARGEBACK?,99,40506.24,EGP,1479.74,777.47,702.27,,DQ-T05
2025-03-26,EG799575469,TOKEN,GW-NILE,PENDING_REVIEW,9,3393.41,EGP,128.92,66.32,62.6,,DQ-T05
,AE520409719,CARD,GW-NIMBUS,Refunded,2,308.97,AED,0.0,1.1,-1.1,Refunded,DQ-T02
2026-04-23,XX644663604,CARD,GW-NILE,Failed,1,2146.55,EGP,0.0,0.41,-0.41,Failed,DQ-T04
,EG325044783,TOKEN,GW-NILE,Success,2,1778.18,EGP,49.55,27.69,21.86,Success,DQ-T02
2025-03-03,SA592705693,BNPL,GW-ATLAS,UNKNOWN,1,1017.74,SAR,45.86,35.25,10.61,,DQ-T05
,SA710370541,TOKEN,GW-ORION,Success,164,101117.77,SAR,1544.87,1381.46,163.41,Success,DQ-T02
2024-12-23,SA315873581,TOKEN,GW-ORION,PENDING_REVIEW,24,940.34,SAR,30.24,17.86,12.38,,DQ-T05
,AE572051786,CARD,GW-NIMBUS,Success,53,2311.41,AED,74.78,43.86,30.92,Success,DQ-T02
2024-07-18,XX384096497,CARD,GW-ATLAS,Success,1,11439.96,EGP,276.74,170.35,106.39,Success,DQ-T04
2025-11-15,EG537339465,LDEBIT,GW-NILE,Success,403,-172589.35,EGP,-2116.76,-1417.95,-698.81,Success,DQ-T07
,EG275445878,WALLET,GW-NILE,Success,2,831.64,EGP,21.76,10.33,11.43,Success,DQ-T02
,SA734980407,TOKEN,GW-ATLAS,Refunded,4,138.9,SAR,0.0,2.25,-2.25,Refunded,DQ-T02
,EG447972836,CARD,GW-NILE,Success,3,2217.03,EGP,68.48,34.87,33.61,Success,DQ-T02
2025-06-17,XX960335453,LDEBIT,GW-NIMBUS,Failed,4,162.66,SAR,0.0,0.22,-0.22,Failed,DQ-T04
,SA819868069,CARD,GW-NIMBUS,Voided,8,1062.24,SAR,0.0,0.45,-0.45,Voided,DQ-T02
,AE410140017,CARD,GW-NIMBUS,SETTLED,1392,226335.23,AED,3520.92,3387.81,133.11,Success,DQ-T02
2026-03-06,SA139966565,LDEBIT,GW-NIMBUS,Success,65,2779.89,SAR,3891.85,23.48,3963.92,Success,DQ-T09
,EG181564804,CARD,GW-ATLAS,Voided,133,63886.2,EGP,0.0,130.36,-130.36,Voided,DQ-T02
,EG537155658,TOKEN,GW-ATLAS,VOID,1,218.85,EGP,0.0,0.97,-0.97,Voided,DQ-T02
,SA124881724,TOKEN,GW-ATLAS,Failed,1,116.57,SAR,0.0,0.08,-0.08,Failed,DQ-T02
,EG903275069,WALLET,GW-NILE,Voided,2,1046.79,EGP,0.0,0.82,-0.82,Voided,DQ-T02
,EG538857731,TOKEN,GW-NILE,Success,8,11067.97,EGP,283.18,159.85,123.33,Success,DQ-T02
2025-08-19,EG271950140,WALLET,GW-NILE,UNKNOWN,4,2483.92,EGP,58.62,27.04,31.58,,DQ-T05
2025-07-23,XX437852051,CARD,GW-ATLAS,Success,10,1226.01,SAR,31.57,20.65,10.92,Success,DQ-T04
,EG538819871,BANKTR,GW-NILE,Success,7,165327.19,EGP,498.41,190.7,307.71,Success,DQ-T02
2026-05-18,EG103023484,WALLET,GW-NILE,Success,295,-386234.93,EGP,-5305.93,-3660.81,-1645.12,Success,DQ-T07
,AE426640224,BNPL,GW-ATLAS,Success,22,1615.43,AED,71.52,57.45,14.07,Success,DQ-T02
,SA771478693,TOKEN,GW-NIMBUS,Success,19,2647.46,SAR,46.72,41.7,5.02,Success,DQ-T02
2026-03-17,SA652586164,TOKEN,GW-NIMBUS,Success,110,-15045.33,SAR,-300.52,-237.45,-63.07,Success,DQ-T07
2025-05-13,SA605999505,TOKEN,GW-ORION,UNKNOWN,2,428.13,SAR,0.0,0.09,-0.09,,DQ-T05
,AE568351745,LDEBIT,GW-NIMBUS,Success,101,15786.91,AED,137.07,87.73,49.34,Success,DQ-T02
2026-02-21,OM486301998,CARD,GW-ATLAS,Success,0,34.04,OMR,1.05,0.67,0.38,Success,DQ-T08
2025-01-20,XX875165895,TOKEN,GW-NILE,Success,4,8939.92,EGP,233.18,123.03,110.15,Success,DQ-T04
,SA734980407,TOKEN,GW-ATLAS,Failed,10,599.7,SAR,0.0,0.75,-0.75,Failed,DQ-T02
,AE727701879,TOKEN,GW-ATLAS,Failed,2,253.53,AED,0.0,0.15,-0.15,Failed,DQ-T02
2026-02-12,EG352362522,CARD,GW-NILE,Success,4,7047.67,EGP,9866.74,96.51,9770.23,Success,DQ-T09
2025-10-18,EG327327982,LDEBIT,GW-NILE,Success,6,-2022.36,EGP,-40.04,-18.76,-21.28,Success,DQ-T07
2025-04-27,SA211354199,LDEBIT,GW-NIMBUS,UNKNOWN,9,1665.63,SAR,17.18,9.01,8.17,,DQ-T05
2025-04-07,EG134531316,CARD,GW-NILE,Success,0,42634.94,EGP,1120.65,583.88,536.77,Success,DQ-T08
,SA859807984,CARD,GW-NIMBUS,DECLINED,1,1451.2,SAR,0.0,0.06,-0.06,Failed,DQ-T02
2025-04-27,SA887092113,LDEBIT,GW-NIMBUS,Success,0,573.4,SAR,7.57,3.42,4.15,Success,DQ-T08
,EG181564804,WALLET,GW-NILE,Voided,119,59844.08,EGP,0.0,48.84,-48.84,Voided,DQ-T02
2026-03-31,EG799575469,WALLET,GW-NILE,Success,0,6778.5,EGP,178.48,87.41,91.07,Success,DQ-T08
,SA936227927,BNPL,GW-ATLAS,Failed,1,748.03,SAR,0.0,0.08,-0.08,Failed,DQ-T02
2025-07-21,EG744743048,CARD,GW-NILE,UNKNOWN,1,1306.91,EGP,0.0,0.4,-0.4,,DQ-T05
,EG987489356,WALLET,GW-NILE,Success,658,187038.25,EGP,5022.95,2625.95,2397.0,Success,DQ-T02
2024-09-20,SA796857151,TOKEN,GW-ORION,Success,1,-1791.68,SAR,-39.79,-24.05,-15.74,Success,DQ-T07
,SA247609412,CARD,GW-ORION,Failed,18,945.03,SAR,0.0,0.81,-0.81,Failed,DQ-T02
,EG624580946,CARD,GW-NILE,Failed,48,10564.68,EGP,0.0,19.81,-19.81,Failed,DQ-T02
2026-03-14,EG686030808,WALLET,GW-NILE,PENDING_REVIEW,377,324497.06,EGP,4470.88,3309.2,1161.68,,DQ-T05
2024-12-17,SA909908733,CARD,GW-ORION,CHARGEBACK?,13,2232.55,SAR,0.0,0.58,-0.58,,DQ-T05
,EG728358410,TOKEN,GW-ATLAS,Failed,1,1564.56,EGP,0.0,0.98,-0.98,Failed,DQ-T02
2025-03-12,XX619542672,TOKEN,GW-NIMBUS,Success,1354,207630.0,AED,4510.62,3230.04,1280.58,Success,DQ-T04
,OM334471218,TOKEN,GW-ATLAS,Success,12,256.58,OMR,6.27,4.22,2.05,Success,DQ-T02
2026-04-23,XX524060674,TOKEN,GW-NIMBUS,Success,3,11.44,OMR,0.4,0.24,0.16,Success,DQ-T04
2025-08-08,SA124881724,LDEBIT,GW-NIMBUS,Success,52,-6200.05,SAR,-60.77,-36.68,-24.09,Success,DQ-T07
2025-07-29,EG361515615,CARD,GW-ATLAS,PENDING_REVIEW,3,3654.97,EGP,0.0,3.01,-3.01,,DQ-T05
,EG550259154,WALLET,GW-NILE,Failed,1,330.32,EGP,0.0,0.41,-0.41,Failed,DQ-T02
2024-09-03,EG229215706,WALLET,GW-NILE,UNKNOWN,3,1295.54,EGP,33.46,15.56,17.9,,DQ-T05
2024-07-28,EG761087060,CARD,GW-NILE,UNKNOWN,3,4136.06,EGP,0.0,1.15,-1.15,,DQ-T05
2026-04-10,OM805525842,CARD,GW-ATLAS,Success,157,2293.0,OMR,3210.2,37.9,3172.3,Success,DQ-T09
,EG981274071,TOKEN,GW-NILE,Failed,9,3841.97,EGP,0.0,3.67,-3.67,Failed,DQ-T02
,SA944601083,TOKEN,GW-ORION,Success,4,1345.26,SAR,34.55,18.78,15.77,Success,DQ-T02
,EG325044783,CARD,GW-NILE,Success,2,2042.93,EGP,54.02,29.92,24.1,Success,DQ-T02
,EG775891339,CARD,GW-ATLAS,Refunded,1,1370.72,EGP,0.0,7.35,-7.35,Refunded,DQ-T02
2025-11-06,AE852316595,CARD,GW-ORION,UNKNOWN,9,923.95,AED,0.0,0.4,-0.4,,DQ-T05
2025-09-20,EG373280861,CARD,GW-NILE,Success,5,-3171.91,EGP,-97.06,-52.04,-45.02,Success,DQ-T07
,OM761036673,LDEBIT,GW-NIMBUS,Failed,14,54.44,OMR,0.0,0.08,-0.08,Failed,DQ-T02
2025-12-17,AE957433919,CARD,GW-NIMBUS,CHARGEBACK?,73,11180.12,AED,0.0,4.02,-4.02,,DQ-T05
2024-10-21,EG920470377,CARD,GW-NILE,UNKNOWN,9,11229.99,EGP,291.82,159.63,132.19,,DQ-T05
2025-01-29,EG911025364,CARD,GW-NILE,UNKNOWN,5,1063.07,EGP,0.0,1.96,-1.96,,DQ-T05
2026-06-04,SA853040870,TOKEN,GW-ORION,CHARGEBACK?,1,47.91,SAR,0.0,0.04,-0.04,,DQ-T05
2024-12-02,SA813150489,BNPL,GW-ATLAS,Success,0,8041.35,SAR,274.77,281.81,-7.04,Success,DQ-T08
2024-12-13,EG952454778,TOKEN,GW-NILE,PENDING_REVIEW,1,286.84,EGP,0.0,0.39,-0.39,,DQ-T05
2026-03-01,XX955797592,LDEBIT,GW-NILE,Failed,1,381.48,EGP,0.0,0.41,-0.41,Failed,DQ-T04
2024-08-17,XX295453053,TOKEN,GW-NILE,Success,13,30430.13,EGP,797.25,416.8,380.45,Success,DQ-T04
,SA592950341,LDEBIT,GW-NIMBUS,Success,5,983.78,SAR,12.39,5.27,7.12,Success,DQ-T02
,SA577673991,LDEBIT,GW-NIMBUS,Failed,1,171.04,SAR,0.0,0.06,-0.06,Failed,DQ-T02
,EG867607945,CARD,GW-NILE,Failed,1,1346.34,EGP,0.0,0.41,-0.41,Failed,DQ-T02
2026-02-22,EG217500923,WALLET,GW-NILE,Success,11,7098.68,EGP,9938.15,77.25,9860.9,Success,DQ-T09
2026-05-31,XX673266025,WALLET,GW-NILE,Refunded,1,13206.9,EGP,0.0,7.73,-7.73,Refunded,DQ-T04
2024-07-02,EG474829702,LDEBIT,GW-NILE,Success,2,-5758.25,EGP,-74.2,-26.69,-47.51,Success,DQ-T07
2025-03-24,SA462175242,CARD,GW-NIMBUS,PENDING_REVIEW,5,522.17,SAR,14.29,8.27,6.02,,DQ-T05
2025-10-28,XX404904287,TOKEN,GW-ATLAS,Failed,1,1406.49,EGP,0.0,1.01,-1.01,Failed,DQ-T04
,AE143636134,CARD,GW-ATLAS,Success,1,4028.92,AED,63.03,59.01,4.02,Success,DQ-T02
2026-05-25,EG838350410,WALLET,GW-NILE,Success,2,3459.7,EGP,4843.58,31.63,4811.95,Success,DQ-T09
2026-04-06,AE228494793,CARD,GW-ORION,PENDING_REVIEW,4,1252.46,AED,0.0,0.18,-0.18,,DQ-T05
,SA720574277,CARD,GW-NIMBUS,Success,11,709.93,SAR,21.87,12.27,9.6,Success,DQ-T02
2026-04-01,EG897740135,WALLET,GW-NILE,Success,11,3312.68,EGP,4637.75,46.59,4591.16,Success,DQ-T09
,SA887216708,CARD,GW-NIMBUS,Success,1,643.67,SAR,14.57,8.93,5.64,Success,DQ-T02
,EG839115780,CARD,GW-ATLAS,Failed,2,10219.52,EGP,0.0,2.04,-2.04,Failed,DQ-T02
,SA385404287,CARD,GW-ORION,Failed,29,1472.06,SAR,0.0,1.31,-1.31,Failed,DQ-T02
2025-02-25,SA315873581,CARD,GW-ORION,UNKNOWN,9,366.0,SAR,0.0,0.4,-0.4,,DQ-T05
2025-01-14,EG167120747,LDEBIT,GW-NILE,Success,1,-4075.25,EGP,-52.36,-18.22,-34.14,Success,DQ-T07
2025-02-05,SA517497912,CARD,GW-NIMBUS,Success,0,943.94,SAR,30.43,18.11,12.32,Success,DQ-T08
2025-07-23,EG193916126,LDEBIT,GW-NILE,CAPTURED,17,6087.53,EGP,8522.54,54.52,8468.02,Success,DQ-T09
,EG550259154,TOKEN,GW-NILE,SUCCESS,7,2218.1,EGP,83.55,45.79,37.76,Success,DQ-T02
2025-11-02,XX459451580,LDEBIT,GW-NIMBUS,Success,16,596.19,AED,9.97,5.33,4.64,Success,DQ-T04
,EG911025364,WALLET,GW-NILE,Failed,3,667.78,EGP,0.0,1.23,-1.23,Failed,DQ-T02
,SA423374323,CARD,GW-NIMBUS,Refunded,2,172.76,SAR,0.0,1.12,-1.12,Refunded,DQ-T02
2025-04-24,SA986462340,CARD,GW-ORION,PENDING_REVIEW,7,288.73,SAR,0.0,0.32,-0.32,,DQ-T05
,SA705652485,CARD,GW-ORION,Voided,7,860.62,SAR,0.0,0.32,-0.32,Voided,DQ-T02
,EG911025364,BNPL,GW-NILE,Failed,2,418.57,EGP,0.0,0.77,-0.77,Failed,DQ-T02
2026-05-15,AE836534480,CARD,GW-NIMBUS,UNKNOWN,1,357.15,AED,0.0,0.06,-0.06,,DQ-T05
2025-05-26,SA955742346,LDEBIT,GW-NIMBUS,PENDING_REVIEW,1,1125.16,SAR,12.83,5.23,7.6,,DQ-T05
,EG775891339,LDEBIT,GW-NILE,Refunded,2,2995.81,EGP,0.0,15.39,-15.39,Refunded,DQ-T02
2025-11-08,AE410140017,CARD,GW-NIMBUS,PENDING_REVIEW,13,2118.16,AED,0.0,0.72,-0.72,,DQ-T05
2026-01-26,OM688926128,LDEBIT,GW-NIMBUS,CHARGEBACK?,4,42.18,OMR,0.0,0.02,-0.02,,DQ-T05
,EG723843125,WALLET,GW-NILE,Failed,17,4622.74,EGP,0.0,6.87,-6.87,Failed,DQ-T02
,EG680228975,CARD,GW-NILE,Success,14,122146.61,EGP,1975.31,1521.09,454.22,Success,DQ-T02
,EG331354329,BNPL,GW-NILE,Refunded,1,281.13,EGP,0.0,7.36,-7.36,Refunded,DQ-T02
2025-01-22,SA426436949,CARD,GW-NIMBUS,PENDING_REVIEW,17,1162.73,SAR,0.0,0.96,-0.96,,DQ-T05
,SA307616362,TOKEN,GW-ORION,Failed,5,255.92,SAR,0.0,0.22,-0.22,Failed,DQ-T02
2025-02-21,SA977935480,CARD,GW-ORION,UNKNOWN,2,251.72,SAR,0.0,1.12,-1.12,,DQ-T05
2025-07-04,SA474123129,TOKEN,GW-NIMBUS,PENDING_REVIEW,42,2455.52,SAR,71.96,44.61,27.35,,DQ-T05
2024-11-21,SA576895050,CARD,GW-ORION,Success,10,-1943.16,SAR,-50.86,-27.14,-23.72,Success,DQ-T07
,EG806758000,WALLET,GW-NILE,SETTLED,1,1162.31,EGP,25.41,11.21,14.2,Success,DQ-T02
2025-02-12,EG193916126,WALLET,GW-NILE,UNKNOWN,8,1990.54,EGP,60.06,29.86,30.2,,DQ-T05
2026-02-21,SA716580826,LDEBIT,GW-NIMBUS,UNKNOWN,2,88.85,SAR,0.0,0.11,-0.11,,DQ-T05
,EG400875498,WALLET,GW-NILE,Failed,2,4775.83,EGP,0.0,0.8,-0.8,Failed,DQ-T02
2025-07-26,SA419800769,CARD,GW-ORION,CHARGEBACK?,2,116.71,SAR,0.0,0.09,-0.09,,DQ-T05
,OM501692260,TOKEN,GW-ATLAS,Success,5,282.07,OMR,6.45,4.41,2.04,Success,DQ-T02
,AE572051786,TOKEN,GW-ATLAS,Success,20,880.78,AED,28.89,18.75,10.14,Success,DQ-T02
2024-08-10,EG955763785,TOKEN,GW-NILE,UNKNOWN,3,2671.16,EGP,82.47,41.36,41.11,,DQ-T05
2026-06-14,AE368709978,TOKEN,GW-ORION,Success,0,961.93,AED,28.9,16.07,12.83,Success,DQ-T08
2024-12-06,OM334471218,CARD,GW-ATLAS,PENDING_REVIEW,37,971.2,OMR,22.92,15.21,7.71,,DQ-T05
2026-02-02,SA181926560,TOKEN,GW-ATLAS,Success,0,152.23,SAR,4.26,2.58,1.68,Success,DQ-T08
,SA977935480,LDEBIT,GW-NIMBUS,REVERSED,2,206.79,SAR,0.0,0.11,-0.11,Voided,DQ-T02
2025-01-08,SA256650029,CARD,GW-NIMBUS,CHARGEBACK?,18,2264.46,SAR,0.0,1.01,-1.01,,DQ-T05
2025-04-16,EG474518016,TOKEN,GW-ATLAS,UNKNOWN,24,32972.63,EGP,857.56,586.83,270.73,,DQ-T05
2024-11-19,XX359532719,CARD,GW-NIMBUS,Success,101,5865.42,SAR,103.17,103.8,-0.63,Success,DQ-T04
2025-06-14,EG926950694,TOKEN,GW-ATLAS,UNKNOWN,97,118142.35,EGP,1985.79,2144.32,-158.53,,DQ-T05
2026-04-17,AE346681166,CARD,GW-NIMBUS,Success,236,34575.32,AED,48405.45,523.1,47882.35,Success,DQ-T09
,OM761371745,CARD,GW-ATLAS,Failed,1,164.14,OMR,0.0,0.01,-0.01,Failed,DQ-T02
,SA700672253,BNPL,GW-ATLAS,Refunded,1,42.58,SAR,0.0,0.56,-0.56,Refunded,DQ-T02
2025-12-11,SA742513174,CARD,GW-ORION,Success,1,-75.87,SAR,-2.18,-1.2,-0.98,Success,DQ-T07
2025-07-25,EG331354329,WALLET,GW-NILE,CHARGEBACK?,3,1095.82,EGP,0.0,1.2,-1.2,,DQ-T05
,AE932795909,CARD,GW-NIMBUS,Success,1024,291959.74,AED,6182.95,4185.9,1997.05,Success,DQ-T02
2026-01-25,XX271796602,TOKEN,GW-NILE,Success,6,1807.11,EGP,71.51,38.83,32.68,Success,DQ-T04
2026-04-28,OM436896345,CARD,GW-ATLAS,Success,71,-251.07,OMR,-8.39,-5.68,-2.71,Success,DQ-T07
,SA909427280,CARD,GW-NIMBUS,Failed,14,2309.56,SAR,0.0,0.79,-0.79,Failed,DQ-T02
2025-04-30,XX747988950,CARD,GW-NILE,Failed,4,8709.27,EGP,0.0,1.59,-1.59,Failed,DQ-T04
2026-04-21,AE426640224,TOKEN,GW-ORION,PENDING_REVIEW,14,1144.85,AED,31.05,18.29,12.76,,DQ-T05
,SA122822556,CARD,GW-NIMBUS,Failed,5,264.43,SAR,0.0,0.28,-0.28,Failed,DQ-T02
,SA158425015,LDEBIT,GW-NIMBUS,Failed,2,79.98,SAR,0.0,0.11,-0.11,Failed,DQ-T02
,AE618504164,TOKEN,GW-ATLAS,Success,13,589.94,AED,19.4,12.45,6.95,Success,DQ-T02
2026-05-04,AE195822932,TOKEN,GW-NIMBUS,Success,0,2177.07,AED,55.94,33.58,22.36,Success,DQ-T08
,EG420159724,LDEBIT,GW-NILE,Success,3,7085.11,EGP,92.1,33.84,58.26,Success,DQ-T02
2025-10-28,XX593161522,TOKEN,GW-ATLAS,Refunded,1,1388.21,EGP,0.0,7.55,-7.55,Refunded,DQ-T04
2026-04-05,XX909954980,CARD,GW-NIMBUS,Success,11,792.2,SAR,23.9,13.38,10.52,Success,DQ-T04
,SA375386305,TOKEN,GW-ATLAS,Success,1,297.94,SAR,7.83,4.78,3.05,Success,DQ-T02
2024-07-21,XX670408228,TOKEN,GW-ATLAS,Success,2,22876.98,EGP,365.18,353.02,12.16,Success,DQ-T04
2025-09-07,XX661323943,LDEBIT,GW-NIMBUS,Voided,2,98.99,AED,0.0,0.11,-0.11,Voided,DQ-T04
2026-02-14,SA416884588,BNPL,GW-ATLAS,PENDING_REVIEW,8,2101.71,SAR,90.58,73.24,17.34,,DQ-T05
,AE932795909,TOKEN,GW-ORION,Failed,8,2309.39,AED,0.0,0.35,-0.35,Failed,DQ-T02
,SA589749602,LDEBIT,GW-NIMBUS,Failed,2,347.59,SAR,0.0,0.11,-0.11,Failed,DQ-T02
2026-02-25,EG944244262,CARD,GW-ATLAS,Success,1,-20634.05,EGP,-356.02,-304.64,-51.38,Success,DQ-T07
2024-09-29,XX365397565,CARD,GW-NIMBUS,Success,1,89.96,AED,2.64,1.45,1.19,Success,DQ-T04
2025-06-19,EG482640702,BNPL,GW-NILE,Success,8,-20857.23,EGP,-984.46,-603.88,-380.58,Success,DQ-T07
,EG105351460,WALLET,GW-NILE,Failed,3,3213.52,EGP,0.0,1.18,-1.18,Failed,DQ-T02
2025-07-29,EG293670432,WALLET,GW-NILE,UNKNOWN,6,1739.47,EGP,44.33,24.63,19.7,,DQ-T05
2025-06-14,SA865281392,CARD,GW-ATLAS,Success,25,-8856.25,SAR,-229.92,-136.06,-93.86,Success,DQ-T07
2026-01-12,SA944601083,LDEBIT,GW-NIMBUS,Success,12,-3293.9,SAR,-40.99,-16.85,-24.14,Success,DQ-T07
2025-05-19,EG594214015,WALLET,GW-NILE,PENDING_REVIEW,3,1036.01,EGP,28.36,13.62,14.74,,DQ-T05
,EG199157533,TOKEN,GW-ATLAS,Success,1,1164.45,EGP,34.23,21.38,12.85,Success,DQ-T02
2025-10-10,AE628221217,CARD,GW-ORION,Success,0,499.66,AED,12.75,6.62,6.13,Success,DQ-T08
,EG403388419,CARD,GW-NILE,Failed,7,11506.22,EGP,0.0,2.88,-2.88,Failed,DQ-T02
2024-12-21,EG400875498,WALLET,GW-NILE,Success,3,-7322.05,EGP,-150.35,-64.46,-85.89,Success,DQ-T07
,AE307567415,CARD,GW-NIMBUS,Success,1439,261371.25,AED,4996.32,3872.02,1124.3,Success,DQ-T02
2025-09-25,SA247609412,CARD,GW-ORION,Success,0,8161.29,SAR,238.51,138.54,99.97,Success,DQ-T08
2025-02-03,SA184014126,CARD,GW-ORION,CHARGEBACK?,2,114.08,SAR,0.0,0.09,-0.09,,DQ-T05
2025-08-29,SA487858809,LDEBIT,GW-NIMBUS,PENDING_REVIEW,17,689.36,SAR,10.83,5.97,4.86,,DQ-T05
,EG191889591,CARD,GW-ATLAS,Voided,1,1380.47,EGP,0.0,0.98,-0.98,Voided,DQ-T02
2025-07-17,SA986462340,TOKEN,GW-ORION,Success,0,864.1,SAR,28.81,16.18,12.63,Success,DQ-T08
,EG576244470,TOKEN,GW-NILE,Success,1,182.01,EGP,9.43,4.95,4.48,Success,DQ-T02
,SA624172387,LDEBIT,GW-NIMBUS,CAPTURED,16,717.16,SAR,11.28,5.93,5.35,Success,DQ-T02
2024-07-31,EG761087060,TOKEN,GW-ATLAS,Success,37,-52566.42,EGP,-1405.88,-926.47,-479.41,Success,DQ-T07
2026-05-11,XX735102737,TOKEN,GW-NIMBUS,Success,1,1791.49,SAR,41.97,25.32,16.65,Success,DQ-T04
2026-03-19,SA419800769,CARD,GW-ORION,Success,30,1722.66,SAR,2411.72,28.78,2382.94,Success,DQ-T09
,EG178731082,CARD,GW-NILE,Failed,8,5084.05,EGP,0.0,3.14,-3.14,Failed,DQ-T02
2025-07-03,EG934454177,CARD,GW-ATLAS,Success,282,-395617.47,EGP,-7882.98,-6815.43,-1067.55,Success,DQ-T07
2026-01-03,AE934539772,CARD,GW-NIMBUS,UNKNOWN,5,1844.2,AED,46.91,26.09,20.82,,DQ-T05
2025-08-12,SA462175242,TOKEN,GW-ATLAS,UNKNOWN,1,112.0,SAR,0.0,0.08,-0.08,,DQ-T05
,SA955449063,LDEBIT,GW-NIMBUS,Failed,1,53.4,SAR,0.0,0.06,-0.06,Failed,DQ-T02
2025-09-17,EG486344028,CARD,GW-ATLAS,CHARGEBACK?,118,40859.04,EGP,1546.31,1040.48,505.83,,DQ-T05
,SA426436949,CARD,GW-NIMBUS,Refunded,4,270.6,SAR,0.0,2.25,-2.25,Refunded,DQ-T02
2025-02-20,AE638004344,CARD,GW-NIMBUS,Captured,5,-1104.16,AED,-29.55,-16.1,-13.45,Success,DQ-T07
2026-03-12,AE265367413,CARD,GW-NIMBUS,CHARGEBACK?,34,1264.32,AED,0.0,1.87,-1.87,,DQ-T05
2025-11-30,XX911835727,TOKEN,GW-ORION,Failed,1,257.46,AED,0.0,0.04,-0.04,Failed,DQ-T04
2026-03-07,XX271913544,CARD,GW-NIMBUS,Failed,1,125.87,AED,0.0,0.06,-0.06,Failed,DQ-T04
2026-05-06,SA972748866,TOKEN,GW-ORION,Success,307,-39454.2,SAR,-637.62,-593.24,-44.38,Success,DQ-T07
,EG537339465,LDEBIT,GW-NILE,Voided,4,1724.5,EGP,0.0,1.63,-1.63,Voided,DQ-T02
,SA868774915,CARD,GW-ORION,Failed,1,603.94,SAR,0.0,0.04,-0.04,Failed,DQ-T02
,SA358724361,CARD,GW-ORION,Failed,1,42.69,SAR,0.0,0.04,-0.04,Failed,DQ-T02
2026-01-04,XX820060175,CARD,GW-NIMBUS,Failed,1,41.94,SAR,0.0,0.06,-0.06,Failed,DQ-T04
2025-11-05,SA426436949,TOKEN,GW-ORION,Success,0,5155.86,SAR,155.01,85.31,69.7,Success,DQ-T08
,SA588810791,LDEBIT,GW-NIMBUS,Refunded,1,129.3,SAR,0.0,0.56,-0.56,Refunded,DQ-T02
2024-11-12,EG728979434,LDEBIT,GW-NILE,Success,7,-16381.33,EGP,-205.18,-78.3,-126.88,Success,DQ-T07
2024-12-01,SA577673991,LDEBIT,GW-NIMBUS,Success,4,643.77,SAR,901.28,3.57,897.71,Success,DQ-T09
2024-09-09,EG671577733,CARD,GW-ATLAS,Success,0,2473.03,EGP,59.52,39.63,19.89,Success,DQ-T08
,EG237932689,TOKEN,GW-NILE,Success,1,468.96,EGP,16.29,8.61,7.68,Success,DQ-T02
2025-12-22,AE502481662,CARD,GW-ORION,PENDING_REVIEW,1,440.11,AED,0.0,0.04,-0.04,,DQ-T05
,AE957433919,CARD,GW-NIMBUS,Refunded,229,50716.81,AED,0.0,126.15,-126.15,Refunded,DQ-T02
2026-02-10,SA624172387,TOKEN,GW-ATLAS,Success,6,-255.29,SAR,-8.4,-5.53,-2.87,Success,DQ-T07
,EG873952802,CARD,GW-ATLAS,Success,245,322526.98,EGP,5781.13,5605.57,175.56,Success,DQ-T02
2024-11-12,XX542311945,CARD,GW-ORION,Failed,6,342.23,SAR,0.0,0.27,-0.27,Failed,DQ-T04
,EG716286440,LDEBIT,GW-NILE,Success,2,12439.66,EGP,141.78,53.84,87.94,Success,DQ-T02
2024-11-08,SA853040870,LDEBIT,GW-NIMBUS,Success,9,-488.54,SAR,-7.03,-3.72,-3.31,Success,DQ-T07
2026-03-18,AE595956042,CARD,GW-ORION,PENDING_REVIEW,6,1706.21,AED,0.0,0.26,-0.26,,DQ-T05
2026-01-17,AE417405784,LDEBIT,GW-NIMBUS,UNKNOWN,2,79.07,AED,1.3,0.69,0.61,,DQ-T05
,EG181564804,LDEBIT,GW-NILE,Success,3258,1555891.08,EGP,17996.04,11802.02,6194.02,Success,DQ-T02
2025-03-26,EG728358410,WALLET,GW-NILE,Success,0,12305.89,EGP,216.27,110.05,106.22,Success,DQ-T08
2025-05-21,XX804963957,CARD,GW-ORION,Success,502,21461.02,SAR,668.33,387.14,281.19,Success,DQ-T04
2026-06-04,XX243937158,TOKEN,GW-ATLAS,Refunded,1,20.9,OMR,0.0,0.06,-0.06,Refunded,DQ-T04
,SA711632487,TOKEN,GW-ORION,Failed,12,450.33,SAR,0.0,0.54,-0.54,Failed,DQ-T02
,AE543834117,TOKEN,GW-ORION,Refunded,1,57.3,AED,0.0,0.55,-0.55,Refunded,DQ-T02
2025-04-12,EG110254241,WALLET,GW-NILE,Success,4,4504.18,EGP,6305.85,43.44,6262.41,Success,DQ-T09
,AE346681166,CARD,GW-NIMBUS,Failed,24,3471.85,AED,0.0,1.32,-1.32,Failed,DQ-T02
2025-08-16,EG292925935,CARD,GW-ATLAS,CHARGEBACK?,8,8178.91,EGP,229.65,148.53,81.12,,DQ-T05
,EG511893937,WALLET,GW-NILE,Success,1,2362.36,EGP,45.77,20.9,24.87,Success,DQ-T02
2024-12-31,EG843137256,WALLET,GW-NILE,PENDING_REVIEW,5,7189.34,EGP,146.34,66.81,79.53,,DQ-T05
,EG217500923,CARD,GW-ATLAS,Failed,4,2355.53,EGP,0.0,3.88,-3.88,Failed,DQ-T02
2024-11-27,EG357144481,WALLET,GW-NILE,Success,3,-884.04,EGP,-24.2,-12.28,-11.92,Success,DQ-T07
,SA753222305,BNPL,GW-ATLAS,Failed,1,197.14,SAR,0.0,0.08,-0.08,Failed,DQ-T02
,EG178731082,CARD,GW-NILE,Success,52,32456.84,EGP,1002.09,526.88,475.21,Success,DQ-T02
,SA624172387,LDEBIT,GW-NIMBUS,Failed,2,82.31,SAR,0.0,0.11,-0.11,Failed,DQ-T02
2026-04-26,SA843654782,CARD,GW-ATLAS,Success,18,-76837.07,SAR,-1205.69,-1125.28,-80.41,Success,DQ-T07
2024-07-23,XX650817008,BNPL,GW-ATLAS,Success,4,6508.86,EGP,304.22,228.79,75.43,Success,DQ-T04
2026-05-27,EG578179109,BNPL,GW-ATLAS,Success,2,19479.09,EGP,27270.73,675.26,26595.47,Success,DQ-T09
2025-03-21,XX298047800,CARD,GW-ATLAS,Success,142,7224.73,AED,219.62,143.93,75.69,Success,DQ-T04
,EG465172400,CARD,GW-ATLAS,Success,5,8360.74,EGP,213.13,139.82,73.31,Success,DQ-T02
2025-12-13,SA592705693,LDEBIT,GW-NIMBUS,Success,3,2502.44,SAR,3503.42,11.77,3491.65,Success,DQ-T09
2025-08-14,EG325044783,CARD,GW-NILE,Success,5,3790.64,EGP,5306.9,59.16,5247.74,Success,DQ-T09
,EG276584921,BNPL,GW-ATLAS,Failed,1,1416.67,EGP,0.0,0.98,-0.98,Failed,DQ-T02
,EG897740135,BNPL,GW-NILE,CAPTURED,8,2677.0,EGP,117.57,80.29,37.28,Success,DQ-T02
2026-05-17,EG219821138,TOKEN,GW-NILE,Success,8,-3347.81,EGP,-116.7,-64.04,-52.66,Success,DQ-T07
2025-08-18,XX748937932,WALLET,GW-NILE,SUCCESS,3,5122.64,EGP,108.42,46.69,61.73,Success,DQ-T04
2025-06-02,EG542845011,WALLET,GW-NILE,Success,2,-1716.91,EGP,-39.13,-17.4,-21.73,Success,DQ-T07
,SA999694215,LDEBIT,GW-NIMBUS,Success,12,2196.19,SAR,27.4,11.91,15.49,Success,DQ-T02
2026-01-05,XX462262351,WALLET,GW-NILE,Success,1,467.14,EGP,11.73,5.55,6.18,Success,DQ-T04
,SA321797987,LDEBIT,GW-NIMBUS,Voided,1,37.39,SAR,0.0,0.06,-0.06,Voided,DQ-T02
2024-08-12,EG981274071,WALLET,GW-NILE,UNKNOWN,1,406.01,EGP,0.0,0.39,-0.39,,DQ-T05
,AE195822932,CARD,GW-NIMBUS,Refunded,1,126.32,AED,0.0,0.55,-0.55,Refunded,DQ-T02
2025-01-05,XX600780760,CARD,GW-ORION,APPROVED,40,1392.08,SAR,49.76,26.77,22.99,Success,DQ-T04
,SA845331728,CARD,GW-NIMBUS,Success,1,1168.03,SAR,25.29,16.01,9.28,Success,DQ-T02
,SA251636450,CARD,GW-NIMBUS,Failed,3,190.03,SAR,0.0,0.17,-0.17,Failed,DQ-T02
2026-04-23,SA597658531,TOKEN,GW-ATLAS,PENDING_REVIEW,2,239.77,SAR,0.0,1.12,-1.12,,DQ-T05
2024-11-05,XX785736473,CARD,GW-NIMBUS,Success,38,886.23,OMR,13.65,12.91,0.74,Success,DQ-T04
2026-04-15,SA363280396,CARD,GW-ORION,CHARGEBACK?,127,56008.55,SAR,924.99,746.37,178.62,,DQ-T05
,SA954952952,TOKEN,GW-NIMBUS,Failed,20,873.54,SAR,0.0,1.12,-1.12,Failed,DQ-T02
2025-04-09,EG100648072,WALLET,GW-NILE,Success,2,-4844.52,EGP,-100.66,-42.72,-57.94,Success,DQ-T07
2025-05-31,SA474123129,CARD,GW-ORION,Success,115,-6976.93,SAR,-199.34,-115.1,-84.24,Success,DQ-T07
,EG992942821,CARD,GW-NILE,Success,1,6899.52,EGP,162.31,86.56,75.75,Success,DQ-T02
,EG761087060,TOKEN,GW-ATLAS,Success,27,38066.22,EGP,1025.16,676.15,349.01,Success,DQ-T02
2026-04-18,OM713381935,CARD,GW-NIMBUS,PENDING_REVIEW,3,244.13,OMR,5.8,3.37,2.43,,DQ-T05
,AE286189201,TOKEN,GW-ATLAS,Failed,1,51.32,AED,0.0,0.07,-0.07,Failed,DQ-T02
2025-04-07,EG724883181,TOKEN,GW-NILE,Success,8,-2678.02,EGP,-100.75,-54.82,-45.93,Success,DQ-T07
2025-02-08,SA407055199,CARD,GW-ORION,Success,94,9859.59,SAR,13803.43,147.37,13656.06,Success,DQ-T09
2026-01-09,AE548451543,CARD,GW-ORION,Success,34,-2128.11,AED,-61.89,-34.71,-27.18,Success,DQ-T07
2024-09-08,XX776443336,TOKEN,GW-NILE,Success,1,1353.18,EGP,33.82,19.61,14.21,Success,DQ-T04
2026-01-10,EG449636175,WALLET,GW-NILE,Success,0,306165.74,EGP,4879.51,3791.88,1087.63,Success,DQ-T08
2024-11-23,OM713381935,TOKEN,GW-ATLAS,Success,0,100.4,OMR,2.43,1.55,0.88,Success,DQ-T08
2025-04-04,SA814924785,CARD,GW-ATLAS,PENDING_REVIEW,1,1099.34,SAR,0.0,0.56,-0.56,,DQ-T05
2026-06-30,XX942175974,CARD,GW-ATLAS,Failed,2,577.25,EGP,0.0,2.06,-2.06,Failed,DQ-T04
2026-05-21,EG967183698,WALLET,GW-NILE,PENDING_REVIEW,328,117531.39,EGP,0.0,135.28,-135.28,,DQ-T05
2025-10-24,SA955742346,CARD,GW-ORION,Success,4,-3749.47,SAR,-87.7,-48.96,-38.74,Success,DQ-T07
,EG918104848,CARD,GW-ATLAS,Success,63,24357.18,EGP,800.09,579.32,220.77,Success,DQ-T02
2025-09-30,SA939182412,CARD,GW-NIMBUS,CHARGEBACK?,8,306.98,SAR,0.0,0.45,-0.45,,DQ-T05
2025-08-03,XX763632904,TOKEN,GW-NILE,Success,4,21818.66,EGP,555.65,285.4,270.25,Success,DQ-T04
2024-10-29,SA124881724,LDEBIT,GW-NIMBUS,Success,0,9705.15,SAR,95.48,57.85,37.63,Success,DQ-T08
,AE125858239,BNPL,GW-ATLAS,Captured,11,2809.27,AED,118.97,97.9,21.07,Success,DQ-T02
2025-09-20,SA887216708,LDEBIT,GW-NIMBUS,Success,3,3003.63,SAR,4205.08,14.02,4191.06,Success,DQ-T09
,SA423374323,LDEBIT,GW-NIMBUS,Failed,3,261.32,SAR,0.0,0.17,-0.17,Failed,DQ-T02
2024-09-11,EG655465870,CARD,GW-ATLAS,PENDING_REVIEW,3,938.38,EGP,0.0,2.89,-2.89,,DQ-T05
,SA652586164,TOKEN,GW-NIMBUS,Failed,3,401.76,SAR,0.0,0.17,-0.17,Failed,DQ-T02
,SA426436949,CARD,GW-NIMBUS,Success,292,20044.08,SAR,592.16,341.77,250.39,Success,DQ-T02
2025-07-26,EG178731082,WALLET,GW-NILE,CHARGEBACK?,12,8700.45,EGP,191.42,91.55,99.87,,DQ-T05
,AE787062785,CARD,GW-ORION,Voided,1,146.98,AED,0.0,0.04,-0.04,Voided,DQ-T02
2025-11-26,AE744794983,TOKEN,GW-NIMBUS,PENDING_REVIEW,1,152.75,AED,0.0,0.06,-0.06,,DQ-T05
2026-03-02,SA177886357,TOKEN,GW-NIMBUS,CAPTURED,0,170.66,SAR,4.33,2.63,1.7,Success,DQ-T08
,EG704826709,TOKEN,GW-ATLAS,Refunded,1,699.47,EGP,0.0,7.24,-7.24,Refunded,DQ-T02
2025-01-13,EG482640702,WALLET,GW-NILE,Success,17,-38593.81,EGP,-770.31,-341.77,-428.54,Success,DQ-T07
,OM861947173,LDEBIT,GW-NIMBUS,Failed,1,17.11,OMR,0.0,0.01,-0.01,Failed,DQ-T02
,OM441483176,TOKEN,GW-NIMBUS,Success,4,62.27,OMR,1.49,0.97,0.52,Success,DQ-T02
,EG352362522,CARD,GW-NILE,Success,9,14767.77,EGP,381.47,203.96,177.51,Success,DQ-T02
,SA460557898,CARD,GW-ORION,Refunded,1,122.87,SAR,0.0,0.56,-0.56,Refunded,DQ-T02
,EG770407516,CARD,GW-NILE,Success,818,235556.65,EGP,9543.98,5086.34,4523.46,Success,DQ-T02
,EG235600888,WALLET,GW-NILE,APPROVED,1,5419.94,EGP,100.41,45.71,54.7,Success,DQ-T02
2024-10-30,OM141192539,LDEBIT,GW-NIMBUS,UNKNOWN,12,186.16,OMR,2.18,1.05,1.13,,DQ-T05
2024-08-04,SA517497912,CARD,GW-NIMBUS,Success,32,-1506.96,SAR,-47.35,-28.14,-19.21,Success,DQ-T07
,SA921192561,CARD,GW-ORION,Failed,1,242.43,SAR,0.0,0.04,-0.04,Failed,DQ-T02
2025-01-17,SA716580826,CARD,GW-ATLAS,PENDING_REVIEW,32,1321.25,SAR,45.5,28.14,17.36,,DQ-T05
2025-06-19,SA419800769,CARD,GW-ORION,Success,15,-941.29,SAR,-28.22,-15.41,-12.81,Success,DQ-T07
,AE787062785,TOKEN,GW-ORION,Success,18,2767.69,AED,50.07,40.74,9.33,Success,DQ-T02
2026-02-01,XX666912589,CARD,GW-ATLAS,REFUND,1,27.42,OMR,0.0,0.06,-0.06,Refunded,DQ-T04
,EG719592790,LDEBIT,GW-NILE,Success,9,31010.51,EGP,365.83,141.51,224.32,Success,DQ-T02
2025-04-09,XX331618969,BNPL,GW-ATLAS,Voided,4,619.22,SAR,0.0,0.3,-0.3,Voided,DQ-T04
2026-06-19,OM141192539,TOKEN,GW-NIMBUS,Success,0,355.5,OMR,8.77,5.63,3.14,Success,DQ-T08
2026-05-01,AE162515553,TOKEN,GW-NIMBUS,CHARGEBACK?,2,2756.68,AED,63.56,39.07,24.49,,DQ-T05
,EG139657763,WALLET,GW-NILE,Success,115,114414.24,EGP,1661.67,1124.0,537.67,Success,DQ-T02
2026-05-20,SA267227056,CARD,GW-ORION,UNKNOWN,8,2294.03,SAR,0.0,0.36,-0.36,,DQ-T05
,EG920470377,CARD,GW-NILE,Failed,1,1387.18,EGP,0.0,0.39,-0.39,Failed,DQ-T02
2024-09-23,EG699756627,WALLET,GW-NILE,Success,2,-4694.24,EGP,-99.47,-41.4,-58.07,Success,DQ-T07
2026-01-02,SA555426966,LDEBIT,GW-NIMBUS,Success,1,98.0,SAR,137.2,0.61,136.59,Success,DQ-T09
,EG686030808,CARD,GW-NILE,Failed,116,98092.06,EGP,0.0,47.84,-47.84,Failed,DQ-T02
2026-03-28,XX162575944,CARD,GW-NILE,Success,3,1241.58,EGP,45.11,23.29,21.82,Success,DQ-T04
,AE741353303,CARD,GW-ORION,Success,41,1600.89,AED,50.04,29.48,20.56,Success,DQ-T02
2025-09-12,SA189309853,TOKEN,GW-NIMBUS,APPROVED,3,-685.53,SAR,-15.92,-10.33,-5.59,Success,DQ-T07
2025-09-03,XX811044394,TOKEN,GW-NIMBUS,Success,5,852.09,AED,21.09,13.12,7.97,Success,DQ-T04
2025-05-30,SA754882184,TOKEN,GW-ORION,UNKNOWN,1,219.06,SAR,5.94,3.14,2.8,,DQ-T05
2025-07-08,EG680228975,LDEBIT,GW-NILE,Success,0,58544.22,EGP,459.82,245.89,213.93,Success,DQ-T08
2026-02-03,SA307616362,TOKEN,GW-ORION,CHARGEBACK?,1,31.75,SAR,0.0,0.56,-0.56,,DQ-T05
2025-12-09,AE348507314,TOKEN,GW-NIMBUS,CHARGEBACK?,2,4289.24,AED,99.34,60.53,38.81,,DQ-T05
2025-02-06,EG474518016,BNPL,GW-ATLAS,PENDING_REVIEW,18,22324.83,EGP,977.83,789.21,188.62,,DQ-T05
2026-03-21,EG178731082,CARD,GW-NILE,UNKNOWN,1,669.06,EGP,0.0,0.41,-0.41,,DQ-T05
2026-02-18,XX461549752,CARD,GW-ORION,Failed,4,2840.29,AED,0.0,0.18,-0.18,Failed,DQ-T04
,EG538857731,TOKEN,GW-NILE,Success,8,9832.85,EGP,258.45,145.65,112.8,Success,DQ-T02
,SA977935480,TOKEN,GW-ORION,Success,11,1134.49,SAR,32.68,17.54,15.14,Success,DQ-T02
2025-02-20,SA586124263,CARD,GW-ORION,Success,103,3674.92,SAR,5144.89,70.09,5074.8,Success,DQ-T09
2026-06-14,OM450405182,CARD,GW-ATLAS,Success,3,-16.1,OMR,-0.48,-0.32,-0.16,Success,DQ-T07
,AE832517070,CARD,GW-NIMBUS,Failed,5,1117.24,AED,0.0,0.28,-0.28,Failed,DQ-T02
2026-01-08,SA900572493,CARD,GW-ATLAS,Success,0,11553.34,SAR,290.53,177.05,113.48,Success,DQ-T08
,EG373213017,CARD,GW-ATLAS,FAILED,11,14409.71,EGP,0.0,11.21,-11.21,Failed,DQ-T02
2026-03-24,XX566279293,LDEBIT,GW-NILE,Success,14,81233.66,EGP,992.78,354.28,638.5,Success,DQ-T04
,EG537339465,CARD,GW-ATLAS,Voided,20,8679.02,EGP,0.0,20.52,-20.52,Voided,DQ-T02
2026-06-08,XX350272240,TOKEN,GW-ORION,Success,2,409.73,AED,10.06,5.89,4.17,Success,DQ-T04
,SA674924548,CARD,GW-ORION,Failed,2,109.05,SAR,0.0,0.09,-0.09,Failed,DQ-T02
2026-03-09,EG707591429,LDEBIT,GW-NILE,Success,3,-2804.73,EGP,-40.93,-16.78,-24.15,Success,DQ-T07
2026-04-14,OM284198769,CARD,GW-NIMBUS,Success,196,2841.51,OMR,3978.11,43.26,3934.85,Success,DQ-T09
,AE779021046,CARD,GW-ORION,Failed,6,11368.38,AED,0.0,0.26,-0.26,Failed,DQ-T02
,EG544696241,TOKEN,GW-NILE,Success,1,5416.45,EGP,128.33,70.98,57.35,Success,DQ-T02
2025-11-16,SA200244788,TOKEN,GW-NIMBUS,CHARGEBACK?,2,119.76,SAR,0.0,0.11,-0.11,,DQ-T05
2025-07-12,AE436682771,LDEBIT,GW-NIMBUS,UNKNOWN,2,431.56,AED,5.45,2.27,3.18,,DQ-T05
,SA815162718,CARD,GW-ORION,Failed,1,169.77,SAR,0.0,0.04,-0.04,Failed,DQ-T02
2026-06-12,SA420885285,LDEBIT,GW-NIMBUS,UNKNOWN,1,127.21,SAR,0.0,0.06,-0.06,,DQ-T05
2025-06-27,XX155774751,LDEBIT,GW-NIMBUS,Refunded,3,188.42,AED,0.0,1.65,-1.65,Refunded,DQ-T04
,EG686030808,LDEBIT,GW-NILE,Failed,8,6688.43,EGP,0.0,3.26,-3.26,Failed,DQ-T02
,EG774885021,CARD,GW-NILE,Success,23,147704.36,EGP,3663.1,1854.9,1808.2,Success,DQ-T02
,EG817160608,CARD,GW-NILE,Failed,1,326.3,EGP,0.0,0.41,-0.41,Failed,DQ-T02
2026-03-22,EG237932689,CARD,GW-NILE,UNKNOWN,5,2008.14,EGP,72.93,38.07,34.86,,DQ-T05
2025-02-12,EG631107574,LDEBIT,GW-NILE,PENDING_REVIEW,1,265.05,EGP,0.0,0.39,-0.39,,DQ-T05
,AE634298413,CARD,GW-ORION,Failed,1,48.79,AED,0.0,0.04,-0.04,Failed,DQ-T02
,EG537339465,CARD,GW-ATLAS,Failed,111,47265.98,EGP,0.0,111.77,-111.77,Failed,DQ-T02
,EG237932689,WALLET,GW-NILE,APPROVED,1,430.96,EGP,10.44,5.19,5.25,Success,DQ-T02
2026-01-22,AE317795493,TOKEN,GW-NIMBUS,UNKNOWN,23,6285.28,AED,96.46,93.48,2.98,,DQ-T05
,SA951904107,LDEBIT,GW-NIMBUS,Refunded,1,234.26,SAR,0.0,0.56,-0.56,Refunded,DQ-T02
,SA205739809,TOKEN,GW-ATLAS,Failed,1,36.54,SAR,0.0,0.08,-0.08,Failed,DQ-T02
2025-05-21,EG911025364,TOKEN,GW-ATLAS,CHARGEBACK?,3,648.35,EGP,0.0,2.99,-2.99,,DQ-T05
,AE671906697,CARD,GW-ORION,Voided,75,4760.17,AED,0.0,3.31,-3.31,Voided,DQ-T02
2026-04-27,XX319663058,LDEBIT,GW-NIMBUS,Refunded,6,1322.84,AED,0.0,3.31,-3.31,Refunded,DQ-T04
2025-11-17,SA310301059,CARD,GW-NIMBUS,CHARGEBACK?,1,119.35,SAR,0.0,0.56,-0.56,,DQ-T05
2024-07-15,XX657790025,LDEBIT,GW-NIMBUS,Success,9,914.56,SAR,12.7,5.63,7.07,Success,DQ-T04
2026-02-23,OM780225802,LDEBIT,GW-NIMBUS,SUCCESS,0,101.65,OMR,1.68,0.82,0.86,Success,DQ-T08
,SA142705306,CARD,GW-ORION,Refunded,1,1489.75,SAR,0.0,0.56,-0.56,Refunded,DQ-T02
,SA775621648,CARD,GW-ATLAS,Failed,1,43.38,SAR,0.0,0.08,-0.08,Failed,DQ-T02
2025-06-05,XX392743770,LDEBIT,GW-NIMBUS,REFUNDED,2,204.63,SAR,0.0,1.12,-1.12,Refunded,DQ-T04
2025-09-16,EG723843125,TOKEN,GW-ATLAS,Success,0,23869.04,EGP,978.1,681.27,296.83,Success,DQ-T08
2025-11-16,AE626038015,CARD,GW-ATLAS,Success,13,-14006.91,AED,-220.82,-207.75,-13.07,Success,DQ-T07
2025-10-17,XX730019793,CARD,GW-NILE,Failed,95,78447.8,EGP,0.0,38.26,-38.26,Failed,DQ-T04
2025-12-28,XX834949487,CARD,GW-ATLAS,Voided,1,3.28,OMR,0.0,0.01,-0.01,Voided,DQ-T04
,OM936304206,LDEBIT,GW-NIMBUS,Success,1,16.18,OMR,0.19,0.09,0.1,Success,DQ-T02
2024-08-03,OM730950792,CARD,GW-NIMBUS,Success,3,47.91,OMR,67.07,0.72,66.35,Success,DQ-T09
2025-03-14,SA165400141,CARD,GW-NIMBUS,UNKNOWN,5,241.21,SAR,7.67,4.48,3.19,,DQ-T05
,SA434781636,TOKEN,GW-NIMBUS,Failed,1,120.71,SAR,0.0,0.06,-0.06,Failed,DQ-T02
,EG728358410,BNPL,GW-NILE,Success,1,1171.51,EGP,47.94,34.15,13.79,Success,DQ-T02
2024-12-23,SA900572493,TOKEN,GW-ORION,CHARGEBACK?,8,3617.03,SAR,92.24,49.89,42.35,,DQ-T05
,EG266138287,LDEBIT,GW-NILE,Failed,2,548.1,EGP,0.0,0.77,-0.77,Failed,DQ-T02
,EG686030808,WALLET,GW-NILE,Voided,2,1630.7,EGP,0.0,0.8,-0.8,Voided,DQ-T02
,OM936304206,TOKEN,GW-NIMBUS,Success,3,49.17,OMR,1.21,0.76,0.45,Success,DQ-T02
,SA676493356,CARD,GW-ATLAS,Success,56,5366.43,SAR,137.45,93.78,43.67,Success,DQ-T02
2026-02-20,XX455675053,TOKEN,GW-ATLAS,Voided,1,336.65,EGP,0.0,1.03,-1.03,Voided,DQ-T04
,SA851607798,CARD,GW-NIMBUS,Success,114,6870.37,SAR,119.68,120.54,-0.86,Success,DQ-T02
2025-05-01,XX946624793,TOKEN,GW-NIMBUS,Refunded,1,347.29,SAR,0.0,0.56,-0.56,Refunded,DQ-T04
2025-11-12,EG389592600,CARD,GW-NILE,Success,86,-26986.82,EGP,-1112.28,-560.22,-552.06,Success,DQ-T07
,SA391124455,LDEBIT,GW-NIMBUS,Success,12,1398.79,SAR,19.1,8.32,10.78,Success,DQ-T02
2024-09-10,EG403388419,LDEBIT,GW-NILE,Success,6,-9480.18,EGP,-116.86,-48.52,-68.34,Success,DQ-T07
,AE987618927,TOKEN,GW-NIMBUS,Failed,5,207.29,AED,0.0,0.28,-0.28,Failed,DQ-T02
2024-12-12,AE618504164,TOKEN,GW-ATLAS,CHARGEBACK?,1,54.11,AED,0.0,0.07,-0.07,,DQ-T05
2025-11-02,EG331354329,WALLET,GW-NILE,CHARGEBACK?,83,29197.12,EGP,554.64,384.57,170.07,,DQ-T05
2026-04-09,EG594214015,TOKEN,GW-ATLAS,SUCCESS,3,-1148.93,EGP,-45.13,-28.76,-16.37,Success,DQ-T07
,SA366690460,CARD,GW-ORION,Success,12,780.85,SAR,23.18,12.69,10.49,Success,DQ-T02
,EG215045135,WALLET,GW-NILE,Success,4,30663.05,EGP,383.01,255.55,127.46,Success,DQ-T02
2026-04-02,AE755836575,CARD,GW-NIMBUS,Success,0,930.94,AED,23.02,14.0,9.02,Success,DQ-T08
2026-03-04,XX834912923,TOKEN,GW-NILE,Voided,3,2820.28,EGP,0.0,1.24,-1.24,Voided,DQ-T04
,SA734980407,BNPL,GW-ATLAS,Failed,44,2638.68,SAR,0.0,3.3,-3.3,Failed,DQ-T02
2026-01-09,SA679105691,CARD,GW-ORION,UNKNOWN,7,1480.82,SAR,34.83,20.55,14.28,,DQ-T05
2026-03-28,AE875103901,CARD,GW-ATLAS,Success,0,6928.56,AED,210.92,138.25,72.67,Success,DQ-T08
2025-12-30,AE107661633,BNPL,GW-ATLAS,Success,3,441.97,AED,618.76,15.49,603.27,Success,DQ-T09
2026-01-22,EG235283002,CARD,GW-NILE,UNKNOWN,130,341950.43,EGP,5749.68,4502.76,1246.92,,DQ-T05
,AE787062785,CARD,GW-ORION,REFUNDED,1,87.29,AED,0.0,0.55,-0.55,Refunded,DQ-T02
,EG624580946,BNPL,GW-ATLAS,Refunded,1,264.93,EGP,0.0,7.72,-7.72,Refunded,DQ-T02
2026-06-14,XX583159205,TOKEN,GW-ATLAS,Failed,1,47.6,SAR,0.0,0.08,-0.08,Failed,DQ-T04
2025-05-20,AE551105480,LDEBIT,GW-NIMBUS,Success,1,-387.93,AED,-4.58,-1.91,-2.67,Success,DQ-T07
,EG622517179,LDEBIT,GW-NILE,Success,4,1762.0,EGP,30.88,14.32,16.56,Success,DQ-T02
,AE273918504,CARD,GW-ORION,Success,12,647.49,AED,18.69,10.92,7.77,Success,DQ-T02
,EG123423908,CARD,GW-NILE,SUCCESS,12,29177.86,EGP,744.54,385.55,358.99,Success,DQ-T02
2026-02-24,EG248756723,LDEBIT,GW-NILE,Success,4,1698.31,EGP,2377.63,14.06,2363.57,Success,DQ-T09
2026-02-19,OM377214746,LDEBIT,GW-NIMBUS,Success,2,50.52,OMR,70.73,0.26,70.47,Success,DQ-T09
,EG134531316,WALLET,GW-NILE,Success,7,11626.72,EGP,234.71,106.28,128.43,Success,DQ-T02
,EG474518016,WALLET,GW-NILE,Failed,5,7201.54,EGP,0.0,2.06,-2.06,Failed,DQ-T02
,SA860742247,LDEBIT,GW-NIMBUS,Success,862,168457.08,SAR,1430.34,903.52,526.82,Success,DQ-T02
,SA887092113,TOKEN,GW-ATLAS,Success,2,188.99,SAR,5.32,3.41,1.91,Success,DQ-T02
2025-05-30,EG249264164,CARD,GW-ATLAS,UNKNOWN,4,3549.9,EGP,0.0,3.99,-3.99,,DQ-T05
2026-01-06,SA771478693,CARD,GW-ORION,SETTLED,120,-15595.32,SAR,-272.1,-226.71,-45.39,Success,DQ-T07
,OM188757830,CARD,GW-ATLAS,Success,6,516.65,OMR,12.57,7.7,4.87,Success,DQ-T02
2025-05-14,EG544696241,TOKEN,GW-NILE,Success,0,5123.3,EGP,121.49,67.19,54.3,Success,DQ-T08
2025-10-13,EG150005962,LDEBIT,GW-NILE,Success,2,1271.9,EGP,1780.66,8.68,1771.98,Success,DQ-T09
2026-05-24,EG647433267,TOKEN,GW-NILE,PENDING_REVIEW,22,9894.49,EGP,332.39,184.78,147.61,,DQ-T05
2026-01-30,AE744794983,CARD,GW-ORION,Success,39,6271.08,AED,8779.51,88.92,8690.59,Success,DQ-T09
,SA404185012,CARD,GW-ORION,Failed,1,350.92,SAR,0.0,0.04,-0.04,Failed,DQ-T02
2024-11-18,SA247327945,CARD,GW-NIMBUS,Success,0,102775.0,SAR,1580.24,1390.88,189.36,Success,DQ-T08
2025-05-07,SA508515348,CARD,GW-ORION,Success,63,11439.25,SAR,16014.95,160.71,15854.24,Success,DQ-T09
,SA247609412,CARD,GW-ORION,Refunded,1,65.85,SAR,0.0,0.56,-0.56,Refunded,DQ-T02
2026-04-15,SA892484380,CARD,GW-ATLAS,UNKNOWN,1,1043.26,SAR,0.0,0.08,-0.08,,DQ-T05
,EG204164575,CARD,GW-NILE,Success,11,3857.47,EGP,142.98,76.22,66.76,Success,DQ-T02
2024-10-26,EG235600888,WALLET,GW-NILE,CHARGEBACK?,3,16285.12,EGP,301.24,137.01,164.23,,DQ-T05
2026-01-11,SA776589285,LDEBIT,GW-NIMBUS,UNKNOWN,3,594.8,SAR,7.27,3.18,4.09,,DQ-T05
,EG723843125,WALLET,GW-NILE,Success,121,33791.47,EGP,916.1,492.05,424.05,Success,DQ-T02
2025-06-09,SA256650029,TOKEN,GW-NIMBUS,Approved,51,6601.93,SAR,9242.7,104.86,9137.84,Success,DQ-T09
,EG292925935,TOKEN,GW-ATLAS,Failed,2,1997.55,EGP,0.0,2.05,-2.05,Failed,DQ-T02
2024-09-29,XX654543879,WALLET,GW-NILE,Voided,2,764.24,EGP,0.0,0.77,-0.77,Voided,DQ-T04
2024-08-05,EG899495597,CARD,GW-NILE,PENDING_REVIEW,1,1470.33,EGP,41.17,20.43,20.74,,DQ-T05
2025-04-13,XX924699234,WALLET,GW-NILE,Success,4,34665.32,EGP,431.81,287.75,144.06,Success,DQ-T04
2026-05-31,EG819867905,CARD,GW-NILE,Success,1,-7509.07,EGP,-163.82,-93.97,-69.85,Success,DQ-T07
,AE588030458,CARD,GW-NIMBUS,Success,22,2236.1,AED,60.79,35.44,25.35,Success,DQ-T02
,EG723980954,TOKEN,GW-ATLAS,Success,1,218.08,EGP,10.63,7.09,3.54,Success,DQ-T02
,EG744158614,CARD,GW-NILE,Refunded,2,5908.12,EGP,0.0,15.39,-15.39,Refunded,DQ-T02
2026-05-09,XX214505382,TOKEN,GW-ATLAS,Success,13,722.82,AED,21.36,14.46,6.9,Success,DQ-T04
,AE410140017,LDEBIT,GW-NIMBUS,Voided,9,1466.42,AED,0.0,0.5,-0.5,Voided,DQ-T02
,SA138780824,CARD,GW-ATLAS,Refunded,1,107.44,SAR,0.0,0.56,-0.56,Refunded,DQ-T02
2026-01-15,XX135706666,CARD,GW-NIMBUS,Failed,31,4552.2,AED,0.0,1.71,-1.71,Failed,DQ-T04
,SA819222940,CARD,GW-ATLAS,Failed,2,96.04,SAR,0.0,0.15,-0.15,Failed,DQ-T02
2025-03-24,EG229215706,WALLET,GW-NILE,UNKNOWN,2,638.84,EGP,17.96,8.63,9.33,,DQ-T05
2024-11-11,XX821867974,CARD,GW-ATLAS,Failed,6,2164.9,EGP,0.0,5.86,-5.86,Failed,DQ-T04
2025-07-03,EG215045135,CARD,GW-ATLAS,PENDING_REVIEW,5,43152.98,EGP,679.17,647.74,31.43,,DQ-T05
2024-10-12,XX376939209,CARD,GW-ORION,Success,378,18887.04,AED,319.04,324.73,-5.69,Success,DQ-T04
,OM221133708,TOKEN,GW-NIMBUS,Success,3,23.43,OMR,0.65,0.4,0.25,Success,DQ-T02
2024-11-12,SA592705693,BNPL,GW-ATLAS,Success,3,-2324.74,SAR,-104.75,-80.57,-24.18,Success,DQ-T07
,AE226845726,TOKEN,GW-ORION,Success,5,777.33,AED,18.94,11.43,7.51,Success,DQ-T02
2025-11-24,SA110751010,TOKEN,GW-ORION,Success,8,725.88,SAR,1016.23,11.44,1004.79,Success,DQ-T09
,EG165126097,TOKEN,GW-NILE,Success,3,3505.66,EGP,97.48,51.93,45.55,Success,DQ-T02
2026-05-13,EG867607945,CARD,GW-NILE,APPROVED,9,-10986.62,EGP,-307.34,-158.08,-149.26,Success,DQ-T07
2025-12-08,SA331993666,CARD,GW-ORION,Success,0,134197.41,SAR,1728.35,1891.1,-162.75,Success,DQ-T08
2026-02-06,SA891035844,TOKEN,GW-ORION,UNKNOWN,33,6225.31,SAR,154.31,90.16,64.15,,DQ-T05
,AE333371080,LDEBIT,GW-NIMBUS,Success,3,819.62,AED,9.98,4.18,5.8,Success,DQ-T02
,SA462175242,CARD,GW-NIMBUS,Success,12,1348.57,SAR,36.54,21.13,15.41,Success,DQ-T02
,EG237932689,BNPL,GW-NILE,Success,2,1064.2,EGP,48.59,31.46,17.13,Success,DQ-T02
2025-10-21,EG867607945,WALLET,GW-NILE,Success,0,5920.02,EGP,122.15,55.0,67.15,Success,DQ-T08
2025-11-14,AE998528073,TOKEN,GW-NIMBUS,Success,2,446.84,AED,625.58,6.73,618.85,Success,DQ-T09
2024-11-08,XX284602902,CARD,GW-NIMBUS,FAILED,3,316.13,SAR,0.0,0.17,-0.17,Failed,DQ-T04
2025-01-31,XX459865465,LDEBIT,GW-NILE,REFUNDED,1,1395.84,EGP,0.0,7.35,-7.35,Refunded,DQ-T04
2025-06-12,XX326534805,CARD,GW-ATLAS,Refunded,1,20.1,OMR,0.0,0.06,-0.06,Refunded,DQ-T04
,EG624580946,WALLET,GW-NILE,DECLINED,39,8557.78,EGP,0.0,16.05,-16.05,Failed,DQ-T02
,SA887216708,CARD,GW-NIMBUS,Failed,1,926.24,SAR,0.0,0.06,-0.06,Failed,DQ-T02
,EG730609269,BNPL,GW-NILE,Failed,1,1929.56,EGP,0.0,0.39,-0.39,Failed,DQ-T02
2024-09-27,EG299020051,WALLET,GW-NILE,Success,0,1362.53,EGP,26.91,12.72,14.19,Success,DQ-T08
2025-12-13,AE713987880,LDEBIT,GW-NIMBUS,Success,9,-1261.82,AED,-16.79,-7.17,-9.62,Success,DQ-T07
2024-08-22,EG389262771,LDEBIT,GW-NILE,UNKNOWN,43,15074.16,EGP,262.43,133.96,128.47,,DQ-T05
2026-02-03,SA813270664,CARD,GW-ORION,Success,0,120.59,SAR,3.83,1.99,1.84,Success,DQ-T08
2026-05-10,SA489370296,TOKEN,GW-NIMBUS,Success,0,3324.46,SAR,76.61,47.76,28.85,Success,DQ-T08
,EG991914423,CARD,GW-NILE,Success,31,20220.38,EGP,638.74,326.19,312.55,Success,DQ-T02
2025-03-25,EG416828825,CARD,GW-NILE,UNKNOWN,1,7001.67,EGP,160.8,87.69,73.11,,DQ-T05
2026-01-29,EG538857731,CARD,GW-NILE,Success,22,-32538.06,EGP,-814.94,-454.24,-360.7,Success,DQ-T07
2026-04-03,EG416828825,CARD,GW-NILE,PENDING_REVIEW,1,6950.81,EGP,159.86,87.17,72.69,,DQ-T05
2026-06-21,XX928982694,CARD,GW-ORION,Success,57,6410.83,SAR,179.19,94.9,84.29,Success,DQ-T04
,SA966321681,CARD,GW-NIMBUS,Failed,2,289.07,SAR,0.0,0.11,-0.11,Failed,DQ-T02
2025-11-14,XX289623119,TOKEN,GW-ORION,Success,87,50477.62,SAR,772.58,690.76,356.79,Success,DQ-T04
2026-01-15,XX407072393,BNPL,GW-ATLAS,Success,7,1949.8,SAR,84.04,67.91,16.13,Success,DQ-T04
2025-01-13,SA592705693,LDEBIT,GW-NIMBUS,Success,1,611.89,SAR,856.65,2.92,853.73,Success,DQ-T09
,SA196173797,CARD,GW-ORION,Voided,1,86.01,SAR,0.0,0.04,-0.04,Voided,DQ-T02
2026-04-22,SA124881724,LDEBIT,GW-NIMBUS,Success,0,8313.09,SAR,81.66,49.39,32.27,Success,DQ-T08
,AE572051786,LDEBIT,GW-NIMBUS,Success,11,461.03,AED,7.44,3.89,3.55,Success,DQ-T02
,EG758836714,CARD,GW-NILE,Failed,2,1854.7,EGP,0.0,0.81,-0.81,Failed,DQ-T02
2024-09-02,EG762971123,WALLET,GW-NILE,CHARGEBACK?,4,6878.87,EGP,138.24,62.47,75.77,,DQ-T05
2025-02-06,XX402233830,CARD,GW-ATLAS,Success,6,7958.39,AED,125.1,117.66,7.44,Success,DQ-T04
,EG813796112,CARD,GW-NILE,Failed,1,2576.65,EGP,0.0,0.41,-0.41,Failed,DQ-T02
,OM526413827,LDEBIT,GW-NIMBUS,Success,2,22.23,OMR,0.28,0.13,0.15,Success,DQ-T02
2025-03-20,EG998632198,TOKEN,GW-NILE,Success,10,16720.37,EGP,23408.52,236.86,23171.66,Success,DQ-T09
2025-03-16,SA426436949,CARD,GW-NIMBUS,Success,298,-20984.39,SAR,-617.05,-355.93,-261.12,Success,DQ-T07
,OM817062602,CARD,GW-NIMBUS,Voided,1,13.19,OMR,0.0,0.01,-0.01,Voided,DQ-T02
,EG686030808,LDEBIT,GW-NILE,Success,255,204344.81,EGP,1913.01,1276.92,636.09,Success,DQ-T02
,SA165160063,CARD,GW-ORION,Success,20,4701.54,SAR,121.23,64.74,56.49,Success,DQ-T02
,AE360087333,CARD,GW-NIMBUS,Failed,4,192.83,AED,0.0,0.22,-0.22,Failed,DQ-T02
2025-03-05,XX668168613,TOKEN,GW-ATLAS,Success,3,30.73,OMR,0.8,0.55,0.25,Success,DQ-T04
2025-09-20,AE486272694,CARD,GW-ATLAS,Success,0,2040.85,AED,49.39,31.93,17.46,Success,DQ-T08
2026-06-10,SA158425015,LDEBIT,GW-NIMBUS,PENDING_REVIEW,69,2646.75,SAR,43.73,23.55,20.18,,DQ-T05
,OM334471218,CARD,GW-ATLAS,Success,39,916.23,OMR,21.78,14.47,7.31,Success,DQ-T02
2024-12-12,AE934539772,LDEBIT,GW-NIMBUS,Success,0,167.45,AED,2.19,0.92,1.27,Success,DQ-T08
,EG987146982,BANKTR,GW-NILE,Voided,3,2243.38,EGP,0.0,1.19,-1.19,Voided,DQ-T02
2026-01-08,AE172124002,CARD,GW-ORION,UNKNOWN,5,644.0,AED,0.0,0.22,-0.22,,DQ-T05
,EG867607945,LDEBIT,GW-NILE,Refunded,1,2729.34,EGP,0.0,7.48,84.91,Refunded,DQ-T02
,EG799496821,WALLET,GW-NILE,Refunded,1,1146.28,EGP,0.0,7.41,-7.41,Refunded,DQ-T02
2025-09-26,EG432619696,WALLET,GW-NILE,Success,0,8969.86,EGP,253.53,138.61,114.92,Success,DQ-T08
,SA307616362,TOKEN,GW-ORION,Failed,7,358.28,SAR,0.0,0.32,-0.32,Failed,DQ-T02
,EG325044783,WALLET,GW-NILE,Success,1,1113.0,EGP,21.74,10.73,11.01,Success,DQ-T02
2024-11-06,XX394635012,BNPL,GW-NILE,Failed,1,412.57,EGP,0.0,0.39,-0.39,Failed,DQ-T04
2026-02-14,AE852316595,TOKEN,GW-NIMBUS,Success,0,1095.56,AED,31.6,17.72,13.88,Success,DQ-T08
2026-05-04,EG783358166,WALLET,GW-NILE,Success,24,7507.04,EGP,10509.86,104.11,10405.75,Success,DQ-T09
2025-11-14,XX770498979,CARD,GW-ORION,Voided,1,195.51,SAR,0.0,0.04,-0.04,Voided,DQ-T04
2025-05-16,SA912413819,CARD,GW-ORION,PENDING_REVIEW,5,185.53,SAR,0.0,2.81,-2.81,,DQ-T05
2025-03-27,AE563552817,CARD,GW-ATLAS,Success,30,-3601.92,AED,-91.75,-60.67,-31.08,Success,DQ-T07
,EG537272220,TOKEN,GW-ATLAS,Success,3,6362.43,EGP,155.62,107.26,48.36,Success,DQ-T02
2026-06-28,SA729864911,LDEBIT,GW-NIMBUS,CHARGEBACK?,9,2337.44,SAR,29.06,12.04,17.02,,DQ-T05
,SA474123129,BNPL,GW-ATLAS,Failed,4,241.27,SAR,0.0,0.3,-0.3,Failed,DQ-T02
2025-04-10,EG389262771,LDEBIT,GW-NILE,SUCCESS,0,12050.27,EGP,211.03,107.96,103.07,Success,DQ-T08
,EG123423908,CARD,GW-NILE,Captured,11,32240.97,EGP,814.02,421.64,392.38,Success,DQ-T02
2024-09-27,XX803228441,LDEBIT,GW-NILE,Success,9,3347.06,EGP,57.72,28.75,28.97,Success,DQ-T04
2026-02-04,EG550259154,LDEBIT,GW-NILE,Success,3,-863.79,EGP,-16.99,-8.89,-8.1,Success,DQ-T07
,EG449636175,CARD,GW-ATLAS,Voided,36,14422.79,EGP,0.0,34.88,-34.88,Voided,DQ-T02
2026-05-14,XX697903083,CARD,GW-ATLAS,Declined,25,33657.35,EGP,0.0,25.78,-25.78,Failed,DQ-T04
2025-08-19,SA954952952,TOKEN,GW-NIMBUS,UNKNOWN,10,436.77,SAR,0.0,0.56,-0.56,,DQ-T05
2025-01-12,EG717847087,CARD,GW-NILE,UNKNOWN,1,1546.49,EGP,0.0,0.39,-0.39,,DQ-T05
2024-08-06,EG872519745,WALLET,GW-NILE,UNKNOWN,2,531.31,EGP,0.0,0.78,-0.78,,DQ-T05
2025-12-01,XX799767764,WALLET,GW-NILE,Refunded,1,2810.99,EGP,0.0,7.64,-7.64,Refunded,DQ-T04
,SA362023155,CARD,GW-ORION,Failed,5,330.24,SAR,0.0,0.22,-0.22,Failed,DQ-T02
2026-04-14,OM371938797,TOKEN,GW-ATLAS,PENDING_REVIEW,3,23.09,OMR,0.0,0.02,-0.02,,DQ-T05
,SA891035844,TOKEN,GW-ORION,Refunded,2,504.75,SAR,0.0,1.12,-1.12,Refunded,DQ-T02
2026-05-18,XX355533697,TOKEN,GW-ORION,Success,2,402.08,AED,10.28,5.78,4.5,Success,DQ-T04
2024-07-27,EG629727686,WALLET,GW-NILE,Success,0,1294.4,EGP,33.83,17.22,16.61,Success,DQ-T08
,EG389262771,LDEBIT,GW-NILE,Success,38,14403.03,EGP,248.71,126.57,122.14,Success,DQ-T02
,SA796857151,LDEBIT,GW-NIMBUS,Success,2,2297.58,SAR,24.55,10.68,13.87,Success,DQ-T02
,EG276584921,WALLET,GW-NILE,Success,2,2166.34,EGP,42.05,21.11,20.94,Success,DQ-T02
,EG849029255,TOKEN,GW-ATLAS,Failed,1,408.69,EGP,0.0,1.03,-1.03,Failed,DQ-T02
2025-12-23,XX657892901,CARD,GW-ORION,Failed,1,274.71,AED,0.0,0.04,-0.04,Failed,DQ-T04
2025-12-06,AE195822932,TOKEN,GW-NIMBUS,Success,0,1314.89,AED,34.21,20.56,13.65,Success,DQ-T08
2025-08-24,XX574331174,CARD,GW-ATLAS,Refunded,4,68.28,OMR,0.0,0.23,-0.23,Refunded,DQ-T04
2024-10-01,OM141192539,CARD,GW-ATLAS,Success,70,-1120.4,OMR,-26.65,-18.33,-8.32,Success,DQ-T07
2026-06-13,XX962389927,TOKEN,GW-NILE,Voided,1,327.78,EGP,0.0,0.41,-0.41,Voided,DQ-T04
,SA887216708,CARD,GW-NIMBUS,Success,2,1748.27,SAR,39.32,24.09,15.23,Success,DQ-T02
2024-10-27,OM995225132,CARD,GW-ATLAS,Success,2,76.95,OMR,107.73,1.18,106.55,Success,DQ-T09
2026-04-11,EG717847087,LDEBIT,GW-NILE,PENDING_REVIEW,1,2390.85,EGP,27.76,11.48,16.28,,DQ-T05
2024-07-20,XX727409958,LDEBIT,GW-NILE,Success,1,3654.06,EGP,42.16,16.48,25.68,Success,DQ-T04
2024-09-26,XX283176754,TOKEN,GW-ATLAS,Failed,1,116.57,SAR,0.0,0.08,-0.08,Failed,DQ-T04
2026-01-08,AE518894994,LDEBIT,GW-NIMBUS,PENDING_REVIEW,1,55.1,AED,0.0,0.06,-0.06,,DQ-T05
,SA385404287,LDEBIT,GW-NIMBUS,Captured,75,3804.51,SAR,54.85,29.78,25.07,Success,DQ-T02
,SA307616362,LDEBIT,GW-NIMBUS,Voided,2,102.37,SAR,0.0,0.11,-0.11,Voided,DQ-T02
,EG704826709,CARD,GW-NILE,Failed,1,771.1,EGP,0.0,0.39,-0.39,Failed,DQ-T02
2025-03-23,AE878919871,CARD,GW-ORION,PENDING_REVIEW,14,3085.72,AED,0.0,0.62,-0.62,,DQ-T05
,OM936304206,TOKEN,GW-NIMBUS,Success,2,50.47,OMR,1.2,0.76,0.44,Success,DQ-T02
,EG331354329,WALLET,GW-NILE,Refunded,2,499.89,EGP,0.0,14.47,-14.47,Refunded,DQ-T02
,EG292925935,CARD,GW-ATLAS,Refunded,1,972.66,EGP,0.0,7.58,-7.58,Refunded,DQ-T02
2024-09-02,AE875103901,CARD,GW-ATLAS,CHARGEBACK?,3,150.68,AED,0.0,0.22,-0.22,,DQ-T05
2025-11-30,XX730886571,CARD,GW-ATLAS,Success,2,166.22,OMR,4.05,2.48,1.57,Success,DQ-T04
,EG124719628,LDEBIT,GW-NILE,Approved,3,8640.51,EGP,109.01,40.39,68.62,Success,DQ-T02
,EG178731082,BNPL,GW-NILE,Success,13,8835.07,EGP,409.42,259.79,149.63,Success,DQ-T02
2026-02-19,AE779021046,TOKEN,GW-ORION,UNKNOWN,1,1714.34,AED,42.06,23.02,19.04,,DQ-T05
2026-03-07,XX127525307,TOKEN,GW-ORION,Success,13,3078.61,AED,72.2,43.79,28.41,Success,DQ-T04
2025-06-16,XX760921239,CARD,GW-NILE,Failed,19,7735.71,EGP,0.0,7.58,-7.58,Failed,DQ-T04
2025-06-09,XX350872183,CARD,GW-ORION,CAPTURED,96,3628.63,SAR,122.31,67.94,54.37,Success,DQ-T04
,SA474123129,LDEBIT,GW-NIMBUS,Failed,5,301.59,SAR,0.0,0.28,-0.28,Failed,DQ-T02
,EG843137256,BNPL,GW-NILE,Failed,1,1299.78,EGP,0.0,0.41,-0.41,Failed,DQ-T02
2025-12-08,EG544029480,WALLET,GW-NILE,Success,7,-8970.98,EGP,-180.46,-85.14,-95.32,Success,DQ-T07
,AE808885338,TOKEN,GW-NIMBUS,Success,2,552.16,AED,14.54,8.21,6.33,Success,DQ-T02
2026-03-30,SA502327003,TOKEN,GW-NIMBUS,SUCCESS,0,198.96,SAR,5.33,3.03,2.3,Success,DQ-T08
,SA362023155,TOKEN,GW-ORION,Success,22,1450.43,SAR,41.13,24.2,16.93,Success,DQ-T02
2026-03-25,SA765577175,LDEBIT,GW-NIMBUS,PENDING_REVIEW,5,420.52,SAR,0.0,0.28,-0.28,,DQ-T05
2025-09-26,EG849029255,WALLET,GW-NILE,Success,0,11292.86,EGP,297.39,139.6,157.79,Success,DQ-T08
2025-02-21,SA779341840,LDEBIT,GW-NIMBUS,Success,0,6367.39,SAR,79.39,35.23,44.16,Success,DQ-T08
2025-02-19,OM214883127,LDEBIT,GW-NIMBUS,Success,0,20.02,OMR,0.34,0.18,0.16,Success,DQ-T08
2025-04-26,EG770407516,TOKEN,GW-ATLAS,Success,0,65931.07,EGP,2677.89,1846.62,831.27,Success,DQ-T08
,SA847623511,CARD,GW-ORION,Voided,1,97.47,SAR,0.0,0.04,-0.04,Voided,DQ-T02
2026-04-05,XX823443073,CARD,GW-NIMBUS,Failed,1,202.14,SAR,0.0,0.06,-0.06,Failed,DQ-T04
,EG486344028,CARD,GW-ATLAS,Voided,1,322.45,EGP,0.0,0.98,-0.98,Voided,DQ-T02
2025-01-24,EG400875498,WALLET,GW-NILE,Success,0,13644.62,EGP,278.65,119.1,159.55,Success,DQ-T08
,AE970872555,TOKEN,GW-ORION,Success,9,938.87,AED,25.97,14.45,11.52,Success,DQ-T02
2026-03-12,OM494744219,CARD,GW-ATLAS,Success,3,-161.63,OMR,-4.11,-2.44,-1.67,Success,DQ-T07
2024-12-16,OM194734403,LDEBIT,GW-NIMBUS,Success,0,22.3,OMR,0.27,0.12,0.15,Success,DQ-T08
,SA773581532,CARD,GW-ORION,Failed,3,2210.98,SAR,0.0,0.14,-0.14,Failed,DQ-T02
2024-10-26,SA796857151,CARD,GW-NIMBUS,Success,3,-7421.05,SAR,-160.83,-100.92,-59.91,Success,DQ-T07
2025-12-02,SA732374987,LDEBIT,GW-NIMBUS,Success,44,-2246.49,SAR,-32.06,-17.53,-14.53,Success,DQ-T07
,AE338852002,BNPL,GW-ATLAS,Success,1,150.82,AED,7.02,5.29,1.73,Success,DQ-T02
2024-11-18,EG770407516,TOKEN,GW-ATLAS,PENDING_REVIEW,2,556.78,EGP,0.0,1.95,-1.95,,DQ-T05
2024-12-14,OM501692260,TOKEN,GW-ATLAS,Success,3,-173.04,OMR,-3.96,-2.7,-1.26,Success,DQ-T07
2024-11-23,XX867175298,TOKEN,GW-ATLAS,Refunded,3,125.5,SAR,0.0,1.69,-1.69,Refunded,DQ-T04
,OM526413827,CARD,GW-NIMBUS,Failed,1,9.44,OMR,0.0,0.01,-0.01,Failed,DQ-T02
2026-03-23,EG345706176,LDEBIT,GW-NILE,Success,2,-6175.97,EGP,-75.81,-28.62,-47.19,Success,DQ-T07
,SA479684490,CARD,GW-ORION,Failed,5,230.63,SAR,0.0,0.22,-0.22,Failed,DQ-T02
2025-02-23,AE205330599,TOKEN,GW-ORION,Success,1,-114.88,AED,-3.28,-1.75,-1.53,Success,DQ-T07
2026-06-30,EG537339465,WALLET,GW-NILE,Success,0,101925.2,EGP,1781.95,1264.87,517.08,Success,DQ-T08
2025-07-02,AE878919871,TOKEN,GW-NIMBUS,CHARGEBACK?,36,7689.07,AED,179.23,116.24,62.99,,DQ-T05
2025-07-13,SA268987858,CARD,GW-ORION,Success,0,437.48,SAR,12.47,6.95,5.52,Success,DQ-T08
2025-09-12,SA848487072,TOKEN,GW-ORION,CHARGEBACK?,5,3416.18,SAR,72.06,46.55,25.51,,DQ-T05
2026-06-26,SA891035844,TOKEN,GW-ORION,CHARGEBACK?,3,528.05,SAR,0.0,0.14,-0.14,,DQ-T05
,SA426436949,LDEBIT,GW-NIMBUS,Voided,1,68.4,SAR,0.0,0.06,-0.06,Voided,DQ-T02
2024-12-20,XX869696725,CARD,GW-ATLAS,Success,12,11742.2,EGP,328.55,214.73,113.82,Success,DQ-T04
,EG464447848,TOKEN,GW-NILE,Success,1,13247.57,EGP,297.71,169.54,128.17,Success,DQ-T02
,EG783358166,CARD,GW-ATLAS,Failed,6,1676.09,EGP,0.0,5.89,-5.89,Failed,DQ-T02
,SA520439829,BANKTR,GW-NIMBUS,Success,41,13836.47,SAR,93.35,63.04,30.31,Success,DQ-T02
,SA988802623,CARD,GW-NIMBUS,SETTLED,37,8587.61,SAR,214.22,124.95,89.27,Success,DQ-T02
2024-09-14,SA776589285,CARD,GW-ORION,Success,7,-1309.23,SAR,-32.83,-18.35,-14.48,Success,DQ-T07
,EG761087060,TOKEN,GW-ATLAS,VOID,1,1470.98,EGP,0.0,1.03,-1.03,Voided,DQ-T02
,SA184014126,CARD,GW-ORION,Voided,1,57.04,SAR,0.0,0.04,-0.04,Voided,DQ-T02
,EG711763863,CARD,GW-ATLAS,Success,10,4270.87,EGP,153.92,99.41,54.51,Success,DQ-T02
,EG911025364,TOKEN,GW-ATLAS,Success,15,3422.27,EGP,165.67,108.28,57.39,Success,DQ-T02
2026-04-29,SA218399497,LDEBIT,GW-NIMBUS,UNKNOWN,23,959.17,SAR,16.03,8.2,7.83,,DQ-T05
2025-07-12,AE918231431,CARD,GW-ORION,Success,7,-8504.39,AED,-197.02,-110.56,-86.46,Success,DQ-T07
,SA315873581,TOKEN,GW-ORION,Refunded,1,49.5,SAR,0.0,0.56,-0.56,Refunded,DQ-T02
,AE918231431,LDEBIT,GW-NIMBUS,REVERSED,1,907.52,AED,0.0,0.06,-0.06,Voided,DQ-T02
,EG856875467,TOKEN,GW-ATLAS,Success,26,10597.81,EGP,376.02,256.08,119.94,Success,DQ-T02
,OM267217098,CARD,GW-ATLAS,Success,489,7193.4,OMR,109.64,118.79,-9.15,Success,DQ-T02
,EG400875498,CARD,GW-NILE,Failed,2,4759.88,EGP,0.0,0.8,-0.8,Failed,DQ-T02
,SA696833214,CARD,GW-ATLAS,Failed,3,492.79,SAR,0.0,0.22,-0.22,Failed,DQ-T02
2026-02-09,EG981274071,WALLET,GW-NILE,Success,162,-71873.35,EGP,-1770.39,-873.08,-897.31,Success,DQ-T07
2026-06-22,SA779341840,LDEBIT,GW-NIMBUS,Success,46,7948.39,SAR,11127.75,43.53,11084.22,Success,DQ-T09
,SA168621990,LDEBIT,GW-NIMBUS,Refunded,1,174.28,SAR,0.0,0.56,-0.56,Refunded,DQ-T02
2026-06-12,EG374768013,CARD,GW-NILE,Success,58,-17928.34,EGP,-706.56,-375.95,-330.61,Success,DQ-T07
2025-03-28,SA624172387,TOKEN,GW-ATLAS,UNKNOWN,4,98.43,SAR,3.9,2.6,1.3,,DQ-T05
,EG511253320,WALLET,GW-NILE,Success,23,7130.61,EGP,204.08,99.06,105.02,Success,DQ-T02
2024-07-12,XX486186190,WALLET,GW-NILE,Success,1,10231.15,EGP,189.63,84.56,105.07,Success,DQ-T04
,EG336915801,BNPL,GW-NILE,Voided,1,307.92,EGP,0.0,0.41,-0.41,Voided,DQ-T02
,AE317795493,CARD,GW-NIMBUS,Voided,1,267.7,AED,0.0,0.06,-0.06,Voided,DQ-T02
2026-03-08,EG518450463,LDEBIT,GW-NILE,UNKNOWN,1,597.74,EGP,9.7,4.23,5.47,,DQ-T05
2025-01-29,SA306273888,CARD,GW-NIMBUS,UNKNOWN,7,620.06,SAR,0.0,3.94,-3.94,,DQ-T05
2024-08-28,SA168621990,LDEBIT,GW-NIMBUS,SETTLED,35,3939.32,SAR,5515.05,23.63,5491.42,Success,DQ-T09
2025-05-27,EG775891339,TOKEN,GW-ATLAS,Success,1,1861.51,EGP,2606.11,31.83,2574.28,Success,DQ-T09
2025-01-23,XX727577190,CARD,GW-NILE,Refunded,1,1159.98,EGP,0.0,7.35,-7.35,Refunded,DQ-T04
,EG335687023,CARD,GW-NILE,Voided,10,16055.19,EGP,0.0,4.03,-4.03,Voided,DQ-T02
2025-09-17,EG762971123,BNPL,GW-NILE,Success,3,3203.88,EGP,4485.43,93.49,4391.94,Success,DQ-T09
,EG903275069,LDEBIT,GW-NILE,Success,31,15676.7,EGP,246.67,116.44,130.23,Success,DQ-T02
2026-05-18,XX633025498,LDEBIT,GW-NIMBUS,Failed,1,259.32,SAR,0.0,0.06,-0.06,Failed,DQ-T04
2026-06-05,EG724883181,CARD,GW-ATLAS,Success,0,15504.31,EGP,582.05,401.14,180.91,Success,DQ-T08
2025-01-02,EG728358410,CARD,GW-NILE,CHARGEBACK?,1,1564.56,EGP,0.0,0.39,-0.39,,DQ-T05
2025-12-12,EG624580946,LDEBIT,GW-NILE,CHARGEBACK?,72,15746.44,EGP,356.93,192.05,164.88,,DQ-T05
,EG963028660,CARD,GW-ATLAS,Success,1,2221.95,EGP,54.85,35.99,18.86,Success,DQ-T02
2025-02-14,SA473410995,LDEBIT,GW-NIMBUS,Success,4,680.48,SAR,952.67,3.74,948.93,Success,DQ-T09
2025-10-06,SA487858809,TOKEN,GW-ORION,Success,8,-387.12,SAR,-11.98,-6.93,-5.05,Success,DQ-T07
,SA586124263,CARD,GW-ORION,Success,71,2712.1,SAR,91.12,50.61,40.51,Success,DQ-T02
,SA420885285,LDEBIT,GW-NIMBUS,Refunded,1,103.46,SAR,0.0,0.56,-0.56,Refunded,DQ-T02
,AE518894994,CARD,GW-NIMBUS,SETTLED,615,34457.03,AED,750.11,611.98,138.13,Success,DQ-T02
,SA720574277,BNPL,GW-ATLAS,Failed,1,73.7,SAR,0.0,0.08,-0.08,Failed,DQ-T02
,EG624580946,LDEBIT,GW-NILE,Failed,4,832.71,EGP,0.0,1.56,-1.56,Failed,DQ-T02
2026-03-11,EG537272220,CARD,GW-ATLAS,Success,7,15182.65,EGP,21255.71,248.09,21007.62,Success,DQ-T09
,AE618504164,LDEBIT,GW-NIMBUS,Voided,1,54.11,AED,0.0,0.06,-0.06,Voided,DQ-T02
2025-04-13,XX601196141,WALLET,GW-NILE,Success,3,1799.61,EGP,42.28,19.8,22.48,Success,DQ-T04
2026-03-23,XX964127623,TOKEN,GW-ORION,Success,1,564.85,AED,9.22,7.73,1.49,Success,DQ-T04
,SA624172387,LDEBIT,GW-NIMBUS,Success,13,495.69,SAR,8.19,4.42,3.77,Success,DQ-T02
2025-07-30,AE410140017,LDEBIT,GW-NIMBUS,UNKNOWN,4,651.74,AED,0.0,0.22,-0.22,,DQ-T05
2026-06-13,AE647447711,LDEBIT,GW-NIMBUS,Success,0,424.35,AED,5.72,2.57,3.15,Success,DQ-T08
2025-10-14,AE235728700,TOKEN,GW-ORION,Success,6,-1381.19,AED,-34.84,-19.68,-15.16,Success,DQ-T07
2024-12-24,AE861319254,TOKEN,GW-ATLAS,UNKNOWN,2,618.42,AED,15.69,9.89,5.8,,DQ-T05
,OM761036673,CARD,GW-NIMBUS,Refunded,7,19.43,OMR,0.0,0.4,-0.4,Refunded,DQ-T02
,SA779172798,LDEBIT,GW-NIMBUS,Refunded,3,397.21,SAR,0.0,1.69,-1.69,Refunded,DQ-T02
2025-07-15,XX993376496,CARD,GW-NILE,Success,211,59672.59,EGP,2392.65,1286.28,1106.37,Success,DQ-T04
2025-12-30,SA256650029,TOKEN,GW-NIMBUS,UNKNOWN,9,1132.23,SAR,0.0,0.51,-0.51,,DQ-T05
,SA577673991,CARD,GW-NIMBUS,Success,8,1368.93,SAR,36.5,20.43,16.07,Success,DQ-T02
,EG874835199,WALLET,GW-NILE,Approved,12,3038.94,EGP,88.94,44.88,44.06,Success,DQ-T02
2026-03-25,XX475184555,WALLET,GW-NILE,Failed,5,8243.72,EGP,0.0,2.06,-2.06,Failed,DQ-T04
,EG292925935,CARD,GW-ATLAS,Refunded,2,2798.95,EGP,0.0,15.27,-15.27,Refunded,DQ-T02
2024-08-15,SA189309853,CARD,GW-ORION,CHARGEBACK?,2,415.07,SAR,9.51,5.77,3.74,,DQ-T05
2026-01-02,SA955742346,TOKEN,GW-NIMBUS,Captured,3,-2475.24,SAR,-59.29,-35.38,-23.91,Success,DQ-T07
2026-04-26,AE832517070,TOKEN,GW-NIMBUS,PENDING_REVIEW,4,705.62,AED,17.63,10.83,6.8,,DQ-T05
2026-03-30,EG955763785,WALLET,GW-NILE,Success,5,-3882.86,EGP,-90.13,-40.48,-49.65,Success,DQ-T07
2026-02-18,EG275445878,WALLET,GW-NILE,Success,0,2405.19,EGP,55.35,24.87,30.48,Success,DQ-T08
,AE779021046,CARD,GW-ORION,Failed,2,3789.46,AED,0.0,0.09,-0.09,Failed,DQ-T02
2025-11-05,EG674673242,CARD,GW-NILE,PENDING_REVIEW,1,6554.88,EGP,0.0,0.41,-0.41,,DQ-T05
,EG877654092,CARD,GW-NILE,Success,484,436505.11,EGP,8207.91,6561.07,1646.84,Success,DQ-T02
2025-01-31,AE932795909,TOKEN,GW-ORION,Success,268,-75529.97,AED,-1634.33,-1063.11,-571.22,Success,DQ-T07
2026-02-17,OM141192539,TOKEN,GW-NIMBUS,Success,32,-555.9,OMR,-13.38,-8.58,-4.8,Success,DQ-T07
2026-03-31,AE707625102,TOKEN,GW-ORION,Approved,2,816.03,AED,1142.44,11.29,1131.15,Success,DQ-T09
2025-10-13,XX118205073,WALLET,GW-NILE,Voided,1,804.69,EGP,0.0,0.4,-0.4,Voided,DQ-T04
2026-06-10,EG563165212,CARD,GW-NILE,UNKNOWN,1,579.66,EGP,0.0,0.41,-0.41,,DQ-T05
2026-04-14,XX579969586,TOKEN,GW-ORION,Refunded,1,140.79,AED,0.0,0.55,-0.55,Refunded,DQ-T04
,AE671906697,TOKEN,GW-ORION,Failed,24,1523.25,AED,0.0,1.06,-1.06,Failed,DQ-T02
,AE787062785,CARD,GW-ORION,Success,70,9640.66,AED,172.86,138.89,33.97,Success,DQ-T02
,EG622719015,TOKEN,GW-ATLAS,Success,1,16032.38,EGP,394.68,246.18,148.5,Success,DQ-T02
2026-02-11,EG730609269,LDEBIT,GW-NILE,UNKNOWN,1,1952.12,EGP,25.7,9.7,16.0,,DQ-T05
2024-12-14,SA986462340,CARD,GW-ORION,Success,68,-2981.66,SAR,-96.17,-53.4,-42.77,Success,DQ-T07
,EG537155658,WALLET,GW-NILE,Success,73,16162.8,EGP,499.01,259.15,239.86,Success,DQ-T02
2025-10-12,EG686030808,TOKEN,GW-NILE,Success,357,-292818.74,EGP,-5642.42,-4642.09,-1000.33,Success,DQ-T07
,SA716580826,LDEBIT,GW-NIMBUS,Failed,1,44.43,SAR,0.0,0.06,-0.06,Failed,DQ-T02
2025-11-23,XX243685512,CARD,GW-NIMBUS,CAPTURED,103,6147.34,SAR,107.36,108.1,-0.74,Success,DQ-T04
,SA972748866,BNPL,GW-ATLAS,Failed,57,7432.24,SAR,0.0,4.28,-4.28,Failed,DQ-T02
,SA914955375,LDEBIT,GW-NIMBUS,Failed,1,231.35,SAR,0.0,0.06,-0.06,Failed,DQ-T02
,EG549485086,LDEBIT,GW-NILE,Success,2,6016.82,EGP,76.53,27.98,48.55,Success,DQ-T02
2026-01-26,EG181564804,WALLET,GW-NILE,Success,8679,-4294495.08,EGP,-71526.37,-50130.8,-21395.57,Success,DQ-T07
2026-01-21,EG676342880,WALLET,GW-NILE,PENDING_REVIEW,2,1393.26,EGP,0.0,15.16,-15.16,,DQ-T05
,AE301462734,CARD,GW-ORION,Success,24,917.16,AED,32.01,17.0,15.01,Success,DQ-T02
2025-02-16,SA860742247,TOKEN,GW-ATLAS,Success,617,-119999.17,SAR,-2122.58,-1985.61,-136.97,Success,DQ-T07
,EG676342880,WALLET,GW-NILE,Refunded,3,3063.59,EGP,0.0,22.37,-22.37,Refunded,DQ-T02
,OM761036673,LDEBIT,GW-NIMBUS,Voided,1,3.89,OMR,0.0,0.01,-0.01,Voided,DQ-T02
2024-08-20,OM362279591,CARD,GW-NIMBUS,Success,0,257.66,OMR,5.78,3.5,2.28,Success,DQ-T08
2026-03-01,XX756165372,TOKEN,GW-NIMBUS,Success,5,5362.83,AED,122.18,76.27,45.91,Success,DQ-T04
2026-03-04,OM183510174,LDEBIT,GW-NIMBUS,Success,0,195.83,OMR,2.51,1.11,1.4,Success,DQ-T08
2026-05-05,EG431057266,CARD,GW-NILE,CHARGEBACK?,1,8576.94,EGP,0.0,0.41,-0.41,,DQ-T05
2025-03-13,EG474829702,LDEBIT,GW-NILE,Success,1,-6130.77,EGP,-76.35,-26.56,-49.79,Success,DQ-T07
2025-06-26,EG656793347,CARD,GW-ATLAS,PENDING_REVIEW,2,152406.59,EGP,0.0,2.0,-2.0,,DQ-T05
2025-08-11,AE827819347,BNPL,GW-ATLAS,Success,0,1894.66,AED,85.32,67.61,17.71,Success,DQ-T08
,AE875103901,BNPL,GW-ATLAS,Success,20,989.57,AED,45.89,35.67,10.22,Success,DQ-T02
2025-11-30,XX289967755,CARD,GW-ORION,Success,13,2391.01,AED,61.11,33.49,27.62,Success,DQ-T04
2026-02-24,EG140153041,CARD,GW-NILE,Success,4,2080.29,EGP,2912.41,36.15,2876.26,Success,DQ-T09
,EG920470377,TOKEN,GW-ATLAS,Failed,1,1409.73,EGP,0.0,0.98,-0.98,Failed,DQ-T02
2024-07-06,XX535354297,LDEBIT,GW-NILE,Success,35,18248.48,EGP,283.25,132.82,150.43,Success,DQ-T04
,SA139966565,CARD,GW-ATLAS,Voided,3,124.85,SAR,0.0,0.22,-0.22,Voided,DQ-T02
,SA696833214,CARD,GW-ATLAS,Refunded,2,322.41,SAR,0.0,1.12,-1.12,Refunded,DQ-T02
2026-06-24,OM107384993,CARD,GW-NIMBUS,CHARGEBACK?,28,549.85,OMR,9.69,8.12,1.57,,DQ-T05
2024-07-10,EG903275069,BNPL,GW-NILE,Success,34,-16313.76,EGP,-727.92,-482.92,-245.0,Success,DQ-T07
2024-08-01,AE208762198,CARD,GW-NIMBUS,UNKNOWN,1,256.79,AED,0.0,0.06,-0.06,,DQ-T05
2024-10-14,EG134531316,BNPL,GW-ATLAS,Success,0,2614.84,EGP,122.22,92.31,29.91,Success,DQ-T08
2025-02-17,EG679079810,CARD,GW-NILE,PENDING_REVIEW,4,1257.58,EGP,51.03,25.68,25.35,,DQ-T05
2024-11-05,XX766898068,CARD,GW-NIMBUS,Success,4,669.22,AED,18.29,9.99,8.3,Success,DQ-T04
2025-08-13,SA710370541,CARD,GW-ORION,Success,558,-350516.39,SAR,-5236.65,-4618.12,-618.53,Success,DQ-T07
2025-03-09,EG624580946,BNPL,GW-ATLAS,UNKNOWN,49,10329.99,EGP,466.09,405.41,60.68,,DQ-T05
2026-03-20,EG839904793,TOKEN,GW-NILE,PENDING_REVIEW,1,364.88,EGP,0.0,0.41,-0.41,,DQ-T05
2026-04-05,XX317538864,LDEBIT,GW-NIMBUS,Failed,20,5735.07,SAR,0.0,1.12,-1.12,Failed,DQ-T04
2026-04-05,OM183510174,LDEBIT,GW-NIMBUS,PENDING_REVIEW,13,207.66,OMR,2.65,1.16,1.49,,DQ-T05
2024-09-28,XX108021566,LDEBIT,GW-NILE,Success,591,192802.68,EGP,2111.81,1778.67,333.14,Success,DQ-T04
,AE568351745,CARD,GW-NIMBUS,APPROVED,324,47018.56,AED,838.88,712.09,126.79,Success,DQ-T02
2024-07-11,EG352362522,CARD,GW-NILE,Success,0,11472.12,EGP,309.08,164.87,144.21,Success,DQ-T08
,EG110254241,TOKEN,GW-NILE,Success,4,4013.32,EGP,115.3,61.44,53.86,Success,DQ-T02
,OM761036673,CARD,GW-NIMBUS,Failed,54,209.98,OMR,0.0,0.31,-0.31,Failed,DQ-T02
2025-05-26,XX490963853,TOKEN,GW-NIMBUS,Success,5,1009.42,AED,25.56,15.33,10.23,Success,DQ-T04
2025-04-13,XX774620184,LDEBIT,GW-NIMBUS,REVERSED,11,2148.89,SAR,0.0,0.62,-0.62,Voided,DQ-T04
2026-02-08,XX538501899,TOKEN,GW-NILE,Success,23,29618.27,EGP,836.25,435.73,400.52,Success,DQ-T04
2026-03-20,SA814924785,TOKEN,GW-NIMBUS,CAPTURED,2,1358.76,SAR,1902.26,19.51,1882.75,Success,DQ-T09
,SA986462340,TOKEN,GW-ORION,Refunded,1,48.15,SAR,0.0,0.56,-0.56,Refunded,DQ-T02
2026-01-26,SA345312220,CARD,GW-ATLAS,CHARGEBACK?,2,3386.35,SAR,74.94,49.93,25.01,,DQ-T05
2024-10-14,AE719619202,LDEBIT,GW-NIMBUS,Success,1,-200.7,AED,-2.55,-1.07,-1.48,Success,DQ-T07
,EG813796112,TOKEN,GW-NILE,Success,1,1817.73,EGP,49.33,25.57,23.76,Success,DQ-T02
2024-11-27,EG389262771,CARD,GW-NILE,PENDING_REVIEW,1,371.99,EGP,0.0,0.39,-0.39,,DQ-T05
2025-07-16,EG331354329,TOKEN,GW-NILE,PENDING_REVIEW,1,365.27,EGP,0.0,0.4,-0.4,,DQ-T05
,EG839904793,LDEBIT,GW-NILE,Success,7,2586.36,EGP,51.1,22.95,28.15,Success,DQ-T02
,EG538857731,TOKEN,GW-NILE,Success,12,16493.69,EGP,422.38,238.41,183.97,Success,DQ-T02
,AE526176909,TOKEN,GW-ORION,Success,1,345.32,AED,8.71,4.81,3.9,Success,DQ-T02
2024-12-04,EG952454778,WALLET,GW-NILE,PENDING_REVIEW,13,3836.64,EGP,104.29,53.38,50.91,,DQ-T05
,SA382289892,TOKEN,GW-NIMBUS,Success,11,2252.61,SAR,35.93,34.22,1.71,Success,DQ-T02
2024-12-03,AE719619202,LDEBIT,GW-NIMBUS,PENDING_REVIEW,4,1285.13,AED,15.88,6.44,9.44,,DQ-T05
2025-12-06,EG688244774,LDEBIT,GW-NILE,Success,0,7165.06,EGP,108.66,46.83,61.83,Success,DQ-T08
2024-07-11,SA640104269,CARD,GW-ORION,UNKNOWN,2,4647.95,SAR,76.07,60.03,16.04,,DQ-T05
,SA165400141,CARD,GW-NIMBUS,Failed,1,49.07,SAR,0.0,0.06,-0.06,Failed,DQ-T02
2026-01-29,XX831854444,LDEBIT,GW-NILE,Voided,6,2106.68,EGP,0.0,2.42,-2.42,Voided,DQ-T04
2025-02-15,OM214883127,TOKEN,GW-NIMBUS,CHARGEBACK?,2,9.69,OMR,0.32,0.19,0.13,,DQ-T05
,EG509980512,WALLET,GW-NILE,Success,8,2921.87,EGP,75.63,37.81,37.82,Success,DQ-T02
2025-11-20,SA939182412,LDEBIT,GW-NIMBUS,Success,28,-1138.69,SAR,-19.18,-9.85,-9.33,Success,DQ-T07
,EG215045135,BNPL,GW-ATLAS,Refunded,1,14831.16,EGP,0.0,7.53,-7.53,Refunded,DQ-T02
2025-08-24,AE548451543,LDEBIT,GW-NIMBUS,Success,0,692.8,AED,9.51,4.6,4.91,Success,DQ-T08
,AE204415052,CARD,GW-ORION,Success,13,1326.46,AED,36.89,19.85,17.04,Success,DQ-T02
2025-08-21,XX295000764,CARD,GW-NILE,Success,4,11424.33,EGP,293.59,149.29,144.3,Success,DQ-T04
,SA502327003,LDEBIT,GW-NIMBUS,Success,1,171.52,SAR,2.23,0.94,1.29,Success,DQ-T02
,AE174460555,CARD,GW-NIMBUS,Success,3,416.52,AED,11.06,6.34,4.72,Success,DQ-T02
2025-02-05,EG838350410,WALLET,GW-NILE,Success,2,-3257.66,EGP,-65.79,-29.82,-35.97,Success,DQ-T07
2024-07-23,AE389283318,LDEBIT,GW-NIMBUS,CHARGEBACK?,2,189.4,AED,0.0,0.11,-0.11,,DQ-T05
2026-05-26,AE538625118,CARD,GW-NIMBUS,PENDING_REVIEW,1,211.41,AED,0.0,0.06,-0.06,,DQ-T05
2025-05-16,EG943656964,CARD,GW-ATLAS,CHARGEBACK?,12,3671.24,EGP,144.99,97.76,47.23,,DQ-T05
2025-07-09,XX274585141,CARD,GW-ATLAS,Failed,2,227.22,AED,0.0,0.15,-0.15,Failed,DQ-T04
2026-03-02,EG124719628,LDEBIT,GW-NILE,UNKNOWN,1,1282.44,EGP,17.7,7.0,10.7,,DQ-T05
2026-05-06,XX688264026,CARD,GW-NIMBUS,Failed,2,513.59,AED,0.0,0.11,-0.11,Failed,DQ-T04
2024-08-18,EG231422873,CARD,GW-ATLAS,PENDING_REVIEW,2,11195.04,EGP,0.0,1.94,-1.94,,DQ-T05
2025-03-03,EG730609269,CARD,GW-ATLAS,Success,2,-3566.3,EGP,-96.25,-59.31,-36.94,Success,DQ-T07
,EG229215706,WALLET,GW-NILE,APPROVED,2,682.4,EGP,18.68,8.89,9.79,Success,DQ-T02
,OM688926128,TOKEN,GW-ATLAS,Voided,2,21.09,OMR,0.0,0.02,-0.02,Voided,DQ-T02
2025-03-30,XX947618036,WALLET,GW-NILE,Refunded,1,1297.15,EGP,0.0,7.41,-7.41,Refunded,DQ-T04
,SA972748866,LDEBIT,GW-NIMBUS,Success,389,50051.49,SAR,388.86,290.88,97.98,Success,DQ-T02
2025-10-09,SA851607798,LDEBIT,GW-NIMBUS,Success,58,3319.51,SAR,4647.31,24.73,4622.58,Success,DQ-T09
2026-01-23,AE779021046,TOKEN,GW-ORION,PENDING_REVIEW,3,6067.14,AED,148.65,81.35,67.3,,DQ-T05
2026-04-24,XX936189963,CARD,GW-NILE,Failed,7,12530.43,EGP,0.0,2.87,-2.87,Failed,DQ-T04
,OM954248664,LDEBIT,GW-NIMBUS,Success,2,13.37,OMR,0.18,0.09,0.09,Success,DQ-T02
,EG105351460,WALLET,GW-NILE,Success,5,4753.4,EGP,97.67,46.94,50.73,Success,DQ-T02
2026-01-15,AE486272694,LDEBIT,GW-NIMBUS,PENDING_REVIEW,3,770.24,AED,9.13,3.96,5.17,,DQ-T05
2025-06-13,XX141949870,BNPL,GW-ATLAS,Voided,1,59.97,SAR,0.0,0.08,-0.08,Voided,DQ-T04
,OM954248664,TOKEN,GW-ATLAS,Success,3,20.65,OMR,0.58,0.4,0.18,Success,DQ-T02
2025-01-04,AE957433919,CARD,GW-NIMBUS,CHARGEBACK?,28,4288.26,AED,0.0,1.54,-1.54,,DQ-T05
,SA596495663,CARD,GW-ORION,Success,70,3486.67,SAR,107.38,60.32,47.06,Success,DQ-T02
2026-02-19,EG744743048,TOKEN,GW-NILE,PENDING_REVIEW,18,22750.94,EGP,644.06,335.61,308.45,,DQ-T05
,EG614561530,BNPL,GW-ATLAS,Success,6,3203.91,EGP,149.88,116.9,32.98,Success,DQ-T02
2025-04-30,EG538857731,CARD,GW-NILE,UNKNOWN,1,1475.72,EGP,0.0,0.4,-0.4,,DQ-T05
2024-08-11,XX853163235,WALLET,GW-NILE,FAILED,3,14579.54,EGP,0.0,1.16,-1.16,Failed,DQ-T04
,AE551105480,CARD,GW-NIMBUS,Success,5,1575.38,AED,38.35,22.46,15.89,Success,DQ-T02
,AE970872555,CARD,GW-ORION,Success,29,3204.14,AED,86.29,47.41,38.88,Success,DQ-T02
2026-06-29,EG144615489,CARD,GW-ATLAS,PENDING_REVIEW,1,238.47,EGP,0.0,1.03,-1.03,,DQ-T05
,AE827819347,BNPL,GW-ATLAS,FAILED,13,813.36,AED,0.0,0.95,-0.95,Failed,DQ-T02
2026-05-15,XX236445581,TOKEN,GW-ORION,Success,8,597.89,SAR,16.55,9.74,6.81,Success,DQ-T04
2025-09-20,SA190250693,TOKEN,GW-NIMBUS,Success,1,741.56,SAR,1038.18,10.63,1027.55,Success,DQ-T09
2025-02-24,EG474518016,LDEBIT,GW-NILE,Success,0,10866.55,EGP,136.01,57.75,78.26,Success,DQ-T08
,SA779341840,CARD,GW-ATLAS,Success,95,15654.01,SAR,398.02,254.6,143.42,Success,DQ-T02
2025-04-13,AE585192811,CARD,GW-ATLAS,Success,15,-1776.93,AED,-46.74,-29.98,-16.76,Success,DQ-T07
2025-11-21,XX519517132,LDEBIT,GW-NIMBUS,Success,1,1037.31,SAR,11.34,4.84,6.5,Success,DQ-T04
2024-12-20,XX116062579,CARD,GW-NIMBUS,Success,17,810.46,AED,24.59,15.0,9.59,Success,DQ-T04
2026-03-08,SA416884588,CARD,GW-ORION,Success,0,9480.49,SAR,220.8,131.36,89.44,Success,DQ-T08
2026-03-31,XX497194749,TOKEN,GW-NILE,Success,14,16081.75,EGP,430.05,240.91,189.14,Success,DQ-T04
2025-06-17,OM869288062,TOKEN,GW-NIMBUS,Success,1,-189.18,OMR,-4.18,-2.67,-1.51,Success,DQ-T07
2026-04-13,EG853730833,WALLET,GW-NILE,Success,0,5027.77,EGP,104.7,49.7,55.0,Success,DQ-T08
,OM817062602,LDEBIT,GW-NIMBUS,Failed,2,26.38,OMR,0.0,0.01,-0.01,Failed,DQ-T02
2025-05-13,AE518894994,CARD,GW-NIMBUS,PENDING_REVIEW,10,551.03,AED,0.0,0.55,-0.55,,DQ-T05
,EG614561530,CARD,GW-ATLAS,Success,16,7921.57,EGP,267.58,176.4,91.18,Success,DQ-T02
,AE561735990,CARD,GW-NIMBUS,Success,1,1208.65,AED,30.63,16.56,14.07,Success,DQ-T02
2025-05-20,EG537272220,TOKEN,GW-ATLAS,Success,1,1544.76,EGP,2162.66,27.04,2135.62,Success,DQ-T09
2025-09-10,SA550486234,LDEBIT,GW-NIMBUS,Success,8,861.0,SAR,1205.4,5.22,1200.18,Success,DQ-T09
2025-06-09,XX124208032,CARD,GW-ORION,Success,274,23244.15,SAR,387.08,359.13,27.95,Success,DQ-T04
,AE228494793,CARD,GW-ORION,FAILED,4,1252.46,AED,0.0,0.18,-0.18,Failed,DQ-T02
,EG717847087,WALLET,GW-NILE,Success,4,8464.94,EGP,156.21,75.7,80.51,Success,DQ-T02
2025-05-27,EG877654092,LDEBIT,GW-NILE,PENDING_REVIEW,368,336306.35,EGP,3108.24,2003.64,1104.6,,DQ-T05
2026-04-21,SA556781756,CARD,GW-NIMBUS,Success,49,2510.63,SAR,3514.88,45.84,3469.04,Success,DQ-T09
,EG926950694,TOKEN,GW-ATLAS,Success,104,131401.04,EGP,2194.69,2370.63,-175.94,Success,DQ-T02
2026-02-09,XX792701169,CARD,GW-NILE,Success,6,4816.8,EGP,151.11,74.84,76.27,Success,DQ-T04
,EG680139391,LDEBIT,GW-NILE,Voided,1,400.04,EGP,0.0,0.39,-0.39,Voided,DQ-T02
,SA851607798,CARD,GW-NIMBUS,Success,86,4957.58,SAR,87.37,87.89,-0.52,Success,DQ-T02
2024-08-29,SA660258875,TOKEN,GW-NIMBUS,Success,1,107.98,SAR,151.17,1.76,149.41,Success,DQ-T09
,EG903275069,BNPL,GW-NILE,Voided,1,495.33,EGP,0.0,0.39,-0.39,Voided,DQ-T02
2026-06-29,EG967183698,LDEBIT,GW-NILE,CHARGEBACK?,34,12155.2,EGP,0.0,13.99,-13.99,,DQ-T05
2025-05-23,EG552283131,LDEBIT,GW-NILE,Success,4,-17181.9,EGP,-212.1,-76.56,-135.54,Success,DQ-T07
,SA764037736,CARD,GW-ORION,Failed,45,9981.15,SAR,0.0,2.03,-2.03,Failed,DQ-T02
2025-08-07,XX484446270,LDEBIT,GW-NILE,Failed,25,8594.23,EGP,0.0,9.89,-9.89,Failed,DQ-T04
2025-05-05,EG538857731,CARD,GW-NILE,Success,20,-30205.35,EGP,-752.97,-419.8,-333.17,Success,DQ-T07
,EG537339465,TOKEN,GW-ATLAS,Success,195,85643.88,EGP,2143.65,2029.91,113.74,Success,DQ-T02
2025-09-23,SA331993666,CARD,GW-ORION,UNKNOWN,18,3115.14,SAR,0.0,0.81,-0.81,,DQ-T05
2025-09-01,SA711632487,CARD,GW-ORION,Success,0,2942.39,SAR,102.03,56.24,45.79,Success,DQ-T08
2025-04-16,EG799496821,TOKEN,GW-ATLAS,CHARGEBACK?,3,4288.77,EGP,0.0,22.37,-22.37,,DQ-T05
2025-04-17,SA508515348,TOKEN,GW-ORION,Success,0,3817.1,SAR,97.33,55.9,41.43,Success,DQ-T08
,AE348507314,CARD,GW-ATLAS,REFUND,1,1662.59,AED,0.0,0.55,-0.55,Refunded,DQ-T02
2025-08-15,XX908016474,LDEBIT,GW-NIMBUS,Voided,2,29.69,OMR,0.0,0.01,-0.01,Voided,DQ-T04
,SA954952952,CARD,GW-ORION,Voided,7,305.74,SAR,0.0,0.32,-0.32,Voided,DQ-T02
,SA331993666,CARD,GW-ORION,Failed,18,3115.14,SAR,0.0,0.81,-0.81,Failed,DQ-T02
2025-06-07,OM978131111,TOKEN,GW-NIMBUS,Success,0,56.03,OMR,1.63,0.93,0.7,Success,DQ-T08
2025-09-12,SA306273888,LDEBIT,GW-NIMBUS,PENDING_REVIEW,2,177.16,SAR,0.0,0.11,-0.11,,DQ-T05
2024-12-20,EG308894080,WALLET,GW-NILE,Success,1,4318.11,EGP,6045.35,36.69,6008.66,Success,DQ-T09
2026-04-22,AE538589512,TOKEN,GW-ATLAS,Success,0,683.3,AED,17.66,11.15,6.51,Success,DQ-T08
2025-11-09,EG783358166,WALLET,GW-NILE,PENDING_REVIEW,30,8448.59,EGP,240.3,121.95,118.35,,DQ-T05
2026-05-20,XX605460498,WALLET,GW-NILE,Failed,1,1025.68,EGP,0.0,0.41,-0.41,Failed,DQ-T04
,EG622517179,WALLET,GW-NILE,Success,5,2629.37,EGP,61.96,29.95,32.01,Success,DQ-T02
2026-02-28,OM713381935,LDEBIT,GW-NIMBUS,Success,2,196.3,OMR,274.82,0.92,273.9,Success,DQ-T09
2025-03-31,EG231422873,TOKEN,GW-ATLAS,Success,0,7539.81,EGP,173.61,117.66,55.95,Success,DQ-T08
2025-07-20,OM817062602,CARD,GW-NIMBUS,Success,130,-1694.28,OMR,-25.36,-26.12,0.76,Success,DQ-T07
,SA267227056,TOKEN,GW-ORION,Failed,2,573.51,SAR,0.0,0.09,-0.09,Failed,DQ-T02
,SA851607798,CARD,GW-NIMBUS,Voided,1,60.38,SAR,0.0,0.06,-0.06,Voided,DQ-T02
2025-01-24,SA416884588,LDEBIT,GW-NIMBUS,CHARGEBACK?,1,206.85,SAR,0.0,0.06,-0.06,,DQ-T05
2024-07-01,XX372294834,CARD,GW-NILE,Voided,4,3504.97,EGP,0.0,1.54,-1.54,Voided,DQ-T04
,SA851607798,TOKEN,GW-ORION,Failed,1,60.38,SAR,0.0,0.04,-0.04,Failed,DQ-T02
,SA320986752,LDEBIT,GW-NIMBUS,Success,94,83359.37,SAR,662.89,390.98,271.91,Success,DQ-T02
2026-04-21,XX464104109,CARD,GW-NIMBUS,Success,11,441.13,SAR,15.92,8.64,7.28,Success,DQ-T04
,OM761371745,CARD,GW-ATLAS,Success,1,160.54,OMR,3.45,2.37,1.08,Success,DQ-T02
,EG926950694,WALLET,GW-NILE,Failed,12,14328.46,EGP,0.0,4.79,-4.79,Failed,DQ-T02
2025-11-09,SA508515348,BNPL,GW-ATLAS,PENDING_REVIEW,3,554.06,SAR,0.0,0.22,-0.22,,DQ-T05
,EG659588181,TOKEN,GW-NILE,Success,1,3052.13,EGP,82.56,41.18,41.38,Success,DQ-T02
,EG335687023,CARD,GW-NILE,Voided,11,17721.26,EGP,0.0,4.45,-4.45,Voided,DQ-T02
2026-01-09,EG144615489,CARD,GW-ATLAS,Success,17,-3329.84,EGP,-162.96,-112.1,-50.86,Success,DQ-T07
,EG280455389,TOKEN,GW-ATLAS,Refunded,1,911.88,EGP,0.0,7.7,-7.7,Refunded,DQ-T02
2026-02-26,EG286990334,LDEBIT,GW-NILE,Success,1,-94523.62,EGP,-776.89,-384.62,-392.27,Success,DQ-T07
,EG761087060,TOKEN,GW-ATLAS,Failed,1,1393.53,EGP,0.0,0.97,-0.97,Failed,DQ-T02
,EG337514076,WALLET,GW-NILE,Success,1,4012.4,EGP,81.94,34.31,47.63,Success,DQ-T02
2025-09-19,OM761036673,TOKEN,GW-ATLAS,PENDING_REVIEW,142,545.24,OMR,18.43,12.28,6.15,,DQ-T05
,EG199157533,LDEBIT,GW-NILE,SETTLED,2,1880.38,EGP,27.77,11.22,16.55,Success,DQ-T02
,OM869288062,CARD,GW-ATLAS,Success,1,121.38,OMR,2.64,1.8,0.84,Success,DQ-T02
2025-08-16,SA307616362,LDEBIT,GW-NIMBUS,UNKNOWN,11,563.01,SAR,0.0,0.62,-0.62,,DQ-T05
,EG981274071,CARD,GW-ATLAS,Failed,63,26582.89,EGP,0.0,63.43,-63.43,Failed,DQ-T02
2025-11-20,SA332563719,CARD,GW-NIMBUS,Success,3,175.6,SAR,245.84,3.1,242.74,Success,DQ-T09
,EG799496821,LDEBIT,GW-NILE,Refunded,1,1324.13,EGP,0.0,7.73,-7.73,Refunded,DQ-T02
2026-03-30,EG299020051,TOKEN,GW-NILE,Success,1,-1019.28,EGP,-28.69,-15.58,-13.11,Success,DQ-T07
2026-02-14,XX789130566,WALLET,GW-NILE,Declined,1,2828.79,EGP,0.0,0.41,-0.41,Failed,DQ-T04
2024-08-17,EG704053078,TOKEN,GW-NILE,Success,0,52959.53,EGP,902.76,700.67,202.09,Success,DQ-T08
2025-06-11,XX756814796,CARD,GW-NILE,Failed,2,1816.2,EGP,0.0,0.8,-0.8,Failed,DQ-T04
2026-05-05,SA729864911,TOKEN,GW-ATLAS,UNKNOWN,1,304.3,SAR,0.0,0.56,-0.56,,DQ-T05
2024-09-09,EG110254241,LDEBIT,GW-NILE,Success,2,-2265.7,EGP,-30.42,-12.55,-17.87,Success,DQ-T07
2026-03-23,EG655465870,CARD,GW-ATLAS,Success,0,31052.0,EGP,1194.52,811.62,382.9,Success,DQ-T08
,EG806758000,CARD,GW-ATLAS,Success,2,2318.1,EGP,67.39,41.43,25.96,Success,DQ-T02
2024-12-01,SA487858809,CARD,GW-ATLAS,Success,21,-933.89,SAR,-29.07,-19.44,-9.63,Success,DQ-T07
2025-07-09,EG237932689,LDEBIT,GW-NILE,Success,0,1349.6,EGP,20.38,8.98,11.4,Success,DQ-T08
2025-08-16,EG943656964,BNPL,GW-ATLAS,CHARGEBACK?,1,342.45,EGP,0.0,0.99,-0.99,,DQ-T05
2025-10-28,EG509980512,BNPL,GW-ATLAS,PENDING_REVIEW,4,1373.92,EGP,0.0,4.03,-4.03,,DQ-T05
2026-04-28,XX644333087,BANKTR,GW-NIMBUS,Declined,2,12086.9,AED,0.0,0.11,-0.11,Failed,DQ-T04
,OM284198769,LDEBIT,GW-NIMBUS,Success,89,1235.85,OMR,11.25,7.1,4.15,Success,DQ-T02
,EG579116624,LDEBIT,GW-NILE,Success,1,5632.32,EGP,65.19,24.62,40.57,Success,DQ-T02
2026-06-05,EG799496821,LDEBIT,GW-NILE,UNKNOWN,1,881.18,EGP,0.0,0.41,-0.41,,DQ-T05
,SA900572493,LDEBIT,GW-NIMBUS,Failed,1,366.23,SAR,0.0,0.06,-0.06,Failed,DQ-T02
2024-12-27,SA777243922,CARD,GW-NIMBUS,CHARGEBACK?,1,58.05,SAR,1.83,1.03,0.8,,DQ-T05
,AE307567415,CARD,GW-NIMBUS,Refunded,37,11045.32,AED,0.0,20.38,-20.38,Refunded,DQ-T02
2025-04-21,SA860742247,TOKEN,GW-ATLAS,CHARGEBACK?,28,5469.9,SAR,0.0,2.1,-2.1,,DQ-T05
2026-05-04,SA158425015,CARD,GW-NIMBUS,Success,80,-3247.98,SAR,-106.85,-63.35,-43.5,Success,DQ-T07
2024-09-06,SA711632487,TOKEN,GW-ORION,Success,22,895.23,SAR,1253.32,16.82,1236.5,Success,DQ-T09
,EG799440003,CARD,GW-ATLAS,Failed,2,125846.65,EGP,0.0,1.93,-1.93,Failed,DQ-T02
2024-08-09,XX926366215,BNPL,GW-ATLAS,Failed,2,513.59,AED,0.0,0.15,-0.15,Failed,DQ-T04
2026-02-10,EG416828825,LDEBIT,GW-NILE,CHARGEBACK?,1,10282.58,EGP,0.0,7.7,-7.7,,DQ-T05
,EG688244774,CARD,GW-ATLAS,Success,24,16005.95,EGP,503.27,325.0,178.27,Success,DQ-T02
,EG361515615,CARD,GW-ATLAS,Failed,12,15018.11,EGP,0.0,12.37,-12.37,Failed,DQ-T02
2024-10-27,XX234719953,TOKEN,GW-ATLAS,Success,6,12025.37,EGP,280.74,203.41,77.33,Success,DQ-T04
2025-07-10,XX814775404,CARD,GW-NIMBUS,Success,3,10839.81,AED,169.55,147.05,22.5,Success,DQ-T04
2025-08-17,XX960915849,CARD,GW-ATLAS,Refunded,1,11663.97,EGP,0.0,7.42,-7.42,Refunded,DQ-T04
,EG955763785,CARD,GW-NILE,Voided,1,819.42,EGP,0.0,0.4,-0.4,Voided,DQ-T02
2025-05-22,EG486344028,CARD,GW-ATLAS,PENDING_REVIEW,107,33981.83,EGP,1320.85,889.88,430.97,,DQ-T05
2025-10-23,EG943656964,TOKEN,GW-ATLAS,PENDING_REVIEW,2,446.33,EGP,20.66,14.2,6.46,,DQ-T05
2026-02-03,EG429684322,CARD,GW-NILE,CHARGEBACK?,15,6666.46,EGP,240.34,121.79,118.55,,DQ-T05
2024-08-08,AE339334302,BANKTR,GW-NIMBUS,PENDING_REVIEW,1,9122.17,AED,0.0,0.06,-0.06,,DQ-T05
2026-04-09,SA420885285,LDEBIT,GW-NIMBUS,Success,3,-270.01,SAR,-3.77,-1.72,-2.05,Success,DQ-T07
2026-06-12,SA764037736,CARD,GW-ORION,Success,525,-113716.14,SAR,-2160.21,-1574.98,-585.23,Success,DQ-T07
,EG331354329,WALLET,GW-NILE,Success,113,39733.17,EGP,746.95,515.72,231.23,Success,DQ-T02
,EG761087060,CARD,GW-NILE,Voided,3,4275.43,EGP,0.0,1.19,-1.19,Voided,DQ-T02
,SA647753119,CARD,GW-NIMBUS,Failed,1,108.68,SAR,0.0,0.06,-0.06,Failed,DQ-T02
,SA351197729,CARD,GW-ORION,Failed,2,518.64,SAR,0.0,0.09,-0.09,Failed,DQ-T02
,OM667112904,LDEBIT,GW-NIMBUS,Failed,2,6.06,OMR,0.0,0.01,-0.01,Failed,DQ-T02
2025-05-18,SA508515348,CARD,GW-ORION,Success,54,9873.6,SAR,13823.04,138.63,13684.41,Success,DQ-T09
2026-06-11,AE205330599,CARD,GW-ORION,PENDING_REVIEW,1,229.19,AED,0.0,0.55,-0.55,,DQ-T05
2025-01-22,SA912413819,TOKEN,GW-ATLAS,Success,178,-6075.9,SAR,-197.93,-141.26,-56.67,Success,DQ-T07
,SA196173797,TOKEN,GW-ORION,Success,4,365.36,SAR,9.75,5.75,4.0,Success,DQ-T02
2025-01-14,AE667080643,TOKEN,GW-ATLAS,Success,6,-995.2,AED,-26.17,-16.68,-9.49,Success,DQ-T07
2026-03-30,EG482640702,CARD,GW-ATLAS,UNKNOWN,9,21700.93,EGP,0.0,69.65,-69.65,,DQ-T05
2026-04-02,SA473410995,CARD,GW-NIMBUS,SUCCESS,0,1588.6,SAR,40.43,23.4,17.03,Success,DQ-T08
2025-05-28,XX736629379,LDEBIT,GW-NILE,Voided,41,20018.87,EGP,0.0,16.34,-16.34,Voided,DQ-T04
,OM334471218,TOKEN,GW-ATLAS,APPROVED,7,149.44,OMR,3.65,2.46,1.19,Success,DQ-T02
,EG680139391,LDEBIT,GW-NILE,Voided,3,1259.65,EGP,0.0,1.23,-1.23,Voided,DQ-T02
2026-04-25,EG614572570,BNPL,GW-NILE,Success,2,10658.17,EGP,14921.44,307.78,14613.66,Success,DQ-T09
,EG897740135,CARD,GW-ATLAS,Failed,3,985.4,EGP,0.0,3.08,-3.08,Failed,DQ-T02
,OM107384993,LDEBIT,GW-NIMBUS,Failed,1,20.08,OMR,0.0,0.01,-0.01,Failed,DQ-T02
2025-01-28,XX753464196,LDEBIT,GW-NIMBUS,Voided,1,40.67,SAR,0.0,0.06,-0.06,Voided,DQ-T04
,EG926950694,CARD,GW-ATLAS,Success,243,293615.73,EGP,4878.43,5205.86,-327.43,Success,DQ-T02
2026-01-31,EG724883181,CARD,GW-ATLAS,Success,42,14149.81,EGP,19809.73,363.31,19446.42,Success,DQ-T09
2025-11-03,XX888639178,CARD,GW-ATLAS,FAILED,15,5024.61,EGP,0.0,15.29,-15.29,Failed,DQ-T04
2024-07-29,OM334471218,LDEBIT,GW-NIMBUS,Success,0,180.85,OMR,2.07,0.92,1.15,Success,DQ-T08
2025-09-22,XX900263550,TOKEN,GW-ATLAS,REFUNDED,1,6554.84,EGP,0.0,7.64,-7.64,Refunded,DQ-T04
2025-09-19,EG647781107,TOKEN,GW-ATLAS,Success,1,-639.76,EGP,-20.63,-13.44,-7.19,Success,DQ-T07
2024-11-10,SA815162718,CARD,GW-ORION,Success,5,-981.89,SAR,-26.05,-13.7,-12.35,Success,DQ-T07
,EG345985720,CARD,GW-ATLAS,Refunded,1,1574.89,EGP,0.0,7.7,-7.7,Refunded,DQ-T02
2025-10-17,AE439650362,CARD,GW-ORION,CHARGEBACK?,1,76.16,AED,0.0,0.04,-0.04,,DQ-T05
,EG989134753,TOKEN,GW-ATLAS,VOID,1,7088.25,EGP,0.0,0.98,-0.98,Voided,DQ-T02
,AE125858239,CARD,GW-ORION,Success,70,15587.16,AED,355.69,215.12,140.57,Success,DQ-T02
,AE932795909,TOKEN,GW-ORION,Failed,4,1154.7,AED,0.0,0.18,-0.18,Failed,DQ-T02
,EG982441707,WALLET,GW-NILE,Success,15,6047.48,EGP,158.09,74.95,83.14,Success,DQ-T02
,EG431162218,BANKTR,GW-NILE,Success,60,270553.11,EGP,1894.41,1120.89,773.52,Success,DQ-T02
,EG758836714,TOKEN,GW-ATLAS,Success,3,1794.92,EGP,61.07,37.85,23.22,Success,DQ-T02
,EG697551722,CARD,GW-ATLAS,Failed,12,13971.65,EGP,0.0,12.12,-12.12,Failed,DQ-T02
2025-10-20,XX439972990,LDEBIT,GW-NILE,Success,2,968.09,EGP,16.8,7.44,9.36,Success,DQ-T04
,EG554455116,LDEBIT,GW-NILE,Success,3,33369.39,EGP,380.34,140.23,240.11,Success,DQ-T02
,EG193916126,CARD,GW-NILE,Failed,4,1108.29,EGP,0.0,1.57,-1.57,Failed,DQ-T02
,EG979007692,WALLET,GW-NILE,Failed,1,885.1,EGP,0.0,0.41,-0.41,Failed,DQ-T02
2025-11-24,AE208762198,TOKEN,GW-ORION,UNKNOWN,8,1738.53,AED,40.79,24.87,15.92,,DQ-T05
,SA652255380,CARD,GW-NIMBUS,Success,5,2904.55,SAR,64.38,40.43,23.95,Success,DQ-T02
2025-05-24,XX822497058,CARD,GW-NIMBUS,Success,27,576.09,OMR,10.09,8.45,1.64,Success,DQ-T04
2025-12-15,AE827819347,CARD,GW-ORION,CHARGEBACK?,15,938.49,AED,0.0,0.66,-0.66,,DQ-T05
,EG331354329,BNPL,GW-NILE,Success,74,25581.17,EGP,881.27,765.78,115.49,Success,DQ-T02
2025-01-03,SA887216708,CARD,GW-NIMBUS,Success,0,940.18,SAR,21.12,12.94,8.18,Success,DQ-T08
,EG182012188,WALLET,GW-NILE,Success,4,2137.17,EGP,51.6,24.51,27.09,Success,DQ-T02
2024-09-24,SA582972742,CARD,GW-NIMBUS,Success,10,2105.48,SAR,2947.67,30.86,2916.81,Success,DQ-T09
,EG903275069,CARD,GW-NILE,Success,181,91760.99,EGP,2942.42,1589.37,1353.05,Success,DQ-T02
,AE301462734,CARD,GW-ORION,REFUND,4,149.4,AED,0.0,2.2,-2.2,Refunded,DQ-T02
2025-08-07,OM362279591,CARD,GW-NIMBUS,Success,1,-76.9,OMR,-1.75,-1.06,-0.69,Success,DQ-T07
2025-03-05,EG266138287,LDEBIT,GW-NILE,UNKNOWN,16,4789.32,EGP,92.18,47.06,45.12,,DQ-T05
2026-01-24,AE957433919,TOKEN,GW-NIMBUS,Success,0,157785.23,AED,3429.91,2456.54,973.37,Success,DQ-T08
2025-03-10,EG237932689,TOKEN,GW-NILE,UNKNOWN,1,417.62,EGP,0.0,0.4,-0.4,,DQ-T05
2025-07-15,SA110751010,CARD,GW-ORION,CHARGEBACK?,5,387.6,SAR,0.0,0.22,-0.22,,DQ-T05
,EG680139391,CARD,GW-NILE,Success,183,71900.78,EGP,2594.32,1355.73,1238.59,Success,DQ-T02
,EG217500923,CARD,GW-ATLAS,Failed,1,605.55,EGP,0.0,1.0,-1.0,Failed,DQ-T02
,EG280455389,CARD,GW-NILE,Failed,1,1502.76,EGP,0.0,0.4,-0.4,Failed,DQ-T02
2025-05-08,EG656793347,WALLET,GW-NILE,PENDING_REVIEW,11,921070.8,EGP,11873.36,7479.85,4393.51,,DQ-T05
2025-06-08,XX281186594,CARD,GW-NILE,Failed,14,19507.63,EGP,0.0,5.59,-5.59,Failed,DQ-T04
2024-12-07,SA819868069,LDEBIT,GW-NIMBUS,Success,149,19834.86,SAR,27768.8,114.4,27654.4,Success,DQ-T09
,OM194734403,TOKEN,GW-ATLAS,Success,1,37.5,OMR,0.91,0.6,0.31,Success,DQ-T02
,EG724883181,WALLET,GW-NILE,Failed,2,694.07,EGP,0.0,0.8,-0.8,Failed,DQ-T02
2025-02-21,XX670783994,TOKEN,GW-ORION,Success,5,187.48,SAR,6.39,3.61,2.78,Success,DQ-T04
2025-03-26,SA776589285,LDEBIT,GW-NIMBUS,Success,6,-1141.02,SAR,-14.0,-6.15,-7.85,Success,DQ-T07
,EG680139391,TOKEN,GW-ATLAS,Failed,5,2061.88,EGP,0.0,5.05,-5.05,Failed,DQ-T02
2025-10-23,EG916667859,LDEBIT,GW-NILE,PENDING_REVIEW,3,2799.48,EGP,40.81,16.62,24.19,,DQ-T05
2024-12-18,SA512016562,LDEBIT,GW-NIMBUS,CHARGEBACK?,1,28.52,SAR,0.0,0.56,-0.56,,DQ-T05
2025-07-18,EG724883181,TOKEN,GW-NILE,Success,14,4995.39,EGP,6993.55,100.18,6893.37,Success,DQ-T09
,EG792191738,WALLET,GW-NILE,Failed,3,2414.06,EGP,0.0,1.21,-1.21,Failed,DQ-T02
,EG772389130,LDEBIT,GW-NILE,Success,4,271250.22,EGP,1995.24,1105.54,889.7,Success,DQ-T02
2025-08-20,EG717847087,LDEBIT,GW-NILE,CHARGEBACK?,2,2038.42,EGP,26.43,11.72,14.71,,DQ-T05
,EG631107574,LDEBIT,GW-NILE,Failed,2,537.06,EGP,0.0,0.8,-0.8,Failed,DQ-T02
2025-03-16,SA722880043,LDEBIT,GW-NIMBUS,Success,0,2441.35,SAR,27.16,11.32,15.84,Success,DQ-T08
2025-08-09,AE707625102,CARD,GW-NIMBUS,UNKNOWN,8,2284.81,AED,55.68,32.75,22.93,,DQ-T05
2025-09-04,XX820770164,TOKEN,GW-ATLAS,Success,26,36994.1,EGP,996.61,657.35,339.26,Success,DQ-T04
2025-03-06,EG327394766,CARD,GW-ATLAS,Success,122,-195049.49,EGP,-5201.9,-3289.77,-1912.13,Success,DQ-T07
,SA624172387,CARD,GW-ORION,Success,20,871.46,SAR,28.01,15.63,12.38,Success,DQ-T02
2026-04-01,SA220762380,BANKTR,GW-NIMBUS,CHARGEBACK?,3,341.69,SAR,0.0,0.17,-0.17,,DQ-T05
,EG934737958,TOKEN,GW-NILE,Refunded,1,362.41,EGP,0.0,7.47,-7.47,Refunded,DQ-T02
2025-02-22,SA988802623,BNPL,GW-ATLAS,Success,4,-977.83,SAR,-45.63,-34.09,-11.54,Success,DQ-T07
2024-11-28,XX722306884,LDEBIT,GW-NIMBUS,Success,8,755.97,SAR,10.31,4.75,5.56,Success,DQ-T04
,EG730609269,CARD,GW-ATLAS,Success,8,17779.47,EGP,470.91,289.38,181.53,Success,DQ-T02
,EG816834588,LDEBIT,GW-NILE,Success,1,2055.7,EGP,24.28,10.03,14.25,Success,DQ-T02
2026-02-01,EG744158614,CARD,GW-NILE,UNKNOWN,1,1755.61,EGP,0.0,7.7,-7.7,,DQ-T05
2026-05-07,EG345706176,WALLET,GW-NILE,Success,0,5388.39,EGP,103.12,45.45,57.67,Success,DQ-T08
2025-07-03,EG867607945,LDEBIT,GW-NILE,Success,0,3854.68,EGP,52.35,20.88,31.47,Success,DQ-T08
2026-03-10,XX169295000,TOKEN,GW-NILE,Success,2,12331.84,EGP,313.19,160.85,152.34,Success,DQ-T04
,AE741353303,TOKEN,GW-ORION,Refunded,1,53.69,AED,0.0,0.55,-0.55,Refunded,DQ-T02
2025-01-04,XX913326031,TOKEN,GW-ATLAS,Voided,1,1538.64,EGP,0.0,0.98,-0.98,Voided,DQ-T04
2024-10-09,XX615736104,CARD,GW-ATLAS,Failed,6,1437.97,EGP,0.0,5.83,-5.83,Failed,DQ-T04
2025-07-25,EG981274071,WALLET,GW-NILE,PENDING_REVIEW,5,2501.59,EGP,0.0,37.64,-37.64,,DQ-T05
,OM817062602,LDEBIT,GW-NIMBUS,Refunded,3,65.61,OMR,0.0,0.17,-0.17,Refunded,DQ-T02
2025-03-13,XX936823213,CARD,GW-NIMBUS,Failed,3,438.24,AED,0.0,0.17,-0.17,Failed,DQ-T04
,SA331993666,CARD,GW-ORION,Refunded,17,2135.64,SAR,0.0,9.56,-9.56,Refunded,DQ-T02
2025-10-09,EG134531316,WALLET,GW-NILE,PENDING_REVIEW,1,1756.43,EGP,0.0,0.4,-0.4,,DQ-T05
2025-03-15,EG431057266,CARD,GW-NILE,Approved,3,21056.84,EGP,29479.58,263.69,29215.89,Success,DQ-T09
2025-11-28,AE439650362,LDEBIT,GW-NIMBUS,Success,4,-350.34,AED,-4.8,-2.24,-2.56,Success,DQ-T07
2026-02-06,OM284198769,CARD,GW-NIMBUS,Success,0,2751.86,OMR,50.53,41.52,9.01,Success,DQ-T08
2025-11-15,EG559913630,BNPL,GW-NILE,Success,1,3249.47,EGP,4549.26,93.99,4455.27,Success,DQ-T09
,SA775621648,CARD,GW-ATLAS,Success,11,441.93,SAR,14.35,9.5,4.85,Success,DQ-T02
,SA184014126,TOKEN,GW-NIMBUS,Success,15,803.31,SAR,22.42,14.9,7.52,Success,DQ-T02
2025-06-02,EG537272220,WALLET,GW-NILE,Success,0,4691.63,EGP,88.65,43.24,45.41,Success,DQ-T08
2026-03-31,SA660258875,TOKEN,GW-NIMBUS,Success,0,2904.03,SAR,76.71,44.31,32.4,Success,DQ-T08
2025-11-17,SA597673425,TOKEN,GW-ORION,Success,1,69.81,SAR,97.73,1.15,96.58,Success,DQ-T09
,SA575207038,BANKTR,GW-NIMBUS,Success,3,9379.46,SAR,24.33,8.8,15.53,Success,DQ-T02
,SA315873581,CARD,GW-ORION,Failed,8,325.33,SAR,0.0,0.36,-0.36,Failed,DQ-T02
2024-09-10,SA847623511,LDEBIT,GW-NIMBUS,PENDING_REVIEW,1,97.47,SAR,0.0,0.06,-0.06,,DQ-T05
,OM936304206,TOKEN,GW-NIMBUS,Success,1,20.32,OMR,0.49,0.31,0.18,Success,DQ-T02
,SA623621170,TOKEN,GW-ATLAS,Success,3,211.85,SAR,6.09,4.04,2.05,Success,DQ-T02
2026-05-07,SA205739809,TOKEN,GW-ATLAS,CHARGEBACK?,8,294.54,SAR,10.5,6.67,3.83,,DQ-T05
,SA552501231,CARD,GW-NIMBUS,Success,4,3610.42,SAR,75.44,49.72,25.72,Success,DQ-T02
2025-10-25,EG304469248,CARD,GW-NILE,Success,10,-48592.11,EGP,-1148.61,-617.08,-531.53,Success,DQ-T07
2025-12-12,XX351588928,CARD,GW-ATLAS,Voided,1,306.41,EGP,0.0,1.02,-1.02,Voided,DQ-T04
,SA986462340,CARD,GW-ORION,Failed,7,288.73,SAR,0.0,0.32,-0.32,Failed,DQ-T02
2025-10-04,EG724883181,WALLET,GW-NILE,Success,21,7202.6,EGP,10083.64,95.34,9988.3,Success,DQ-T09
,EG578179109,CARD,GW-NILE,Success,1,12053.92,EGP,275.89,149.19,126.7,Success,DQ-T02
,AE333371080,LDEBIT,GW-NIMBUS,Refunded,1,273.52,AED,0.0,0.55,-0.55,Refunded,DQ-T02
2025-09-29,EG181564804,CARD,GW-ATLAS,PENDING_REVIEW,162,80876.77,EGP,0.0,165.02,-165.02,,DQ-T05
,OM936304206,TOKEN,GW-NIMBUS,Success,6,106.02,OMR,2.58,1.63,0.95,Success,DQ-T02
2025-05-01,AE125858239,CARD,GW-ORION,Success,53,10739.55,AED,15035.37,149.26,14886.11,Success,DQ-T09
,EG178731082,TOKEN,GW-ATLAS,Success,16,9811.28,EGP,310.74,206.37,104.37,Success,DQ-T02
,EG934454177,CARD,GW-ATLAS,Success,329,452825.23,EGP,9062.31,7841.48,1220.83,Success,DQ-T02
2026-01-14,EG449636175,TOKEN,GW-NILE,UNKNOWN,32,13369.38,EGP,0.0,12.93,-12.93,,DQ-T05
2026-02-10,XX501206579,LDEBIT,GW-NIMBUS,Success,37,3732.18,SAR,51.99,23.04,28.95,Success,DQ-T04
2026-06-17,XX755686036,CARD,GW-ORION,Refunded,16,2643.91,SAR,0.0,9.0,-9.0,Refunded,DQ-T04
,EG331354329,BNPL,GW-NILE,Refunded,1,150.72,EGP,0.0,7.24,-7.24,Refunded,DQ-T02
,EG991914423,WALLET,GW-NILE,Success,8,6025.06,EGP,134.63,62.27,72.36,Success,DQ-T02
,EG623813968,CARD,GW-NILE,Failed,2,4298.29,EGP,0.0,0.79,-0.79,Failed,DQ-T02
,AE107661633,TOKEN,GW-ORION,Failed,1,139.69,AED,0.0,0.04,-0.04,Failed,DQ-T02
2024-09-19,XX809163195,TOKEN,GW-ORION,Failed,2,88.21,AED,0.0,0.09,-0.09,Failed,DQ-T04
,SA781674979,LDEBIT,GW-NIMBUS,Voided,1,46.9,SAR,0.0,0.06,-0.06,Voided,DQ-T02
,OM441483176,CARD,GW-ATLAS,Failed,2,35.65,OMR,0.0,0.02,-0.02,Failed,DQ-T02
2024-07-28,AE878919871,CARD,GW-ORION,Success,0,20502.99,AED,467.18,283.17,184.01,Success,DQ-T08
,EG643904514,BNPL,GW-ATLAS,Success,11,4861.7,EGP,213.91,178.8,35.11,Success,DQ-T02
,EG926950694,CARD,GW-ATLAS,Success,389,460075.47,EGP,7595.41,8107.11,-511.7,Success,DQ-T02
,EG656793347,WALLET,GW-NILE,Failed,2,149798.86,EGP,0.0,0.78,-0.78,Failed,DQ-T02
2025-03-30,OM761036673,TOKEN,GW-ATLAS,UNKNOWN,4,17.39,OMR,0.0,0.23,-0.23,,DQ-T05
,EG998632198,TOKEN,GW-NILE,Refunded,2,3263.99,EGP,0.0,14.7,-14.7,Refunded,DQ-T02
2024-10-29,AE563552817,LDEBIT,GW-NIMBUS,UNKNOWN,10,1480.42,AED,18.05,8.31,9.74,,DQ-T05
,EG538857731,CARD,GW-NILE,Voided,1,1489.92,EGP,0.0,0.4,-0.4,Voided,DQ-T02
,SA110751010,CARD,GW-ORION,Success,35,2652.33,SAR,76.62,41.81,34.81,Success,DQ-T02
2025-09-07,AE642764712,CARD,GW-ATLAS,CHARGEBACK?,16,93606.19,AED,1548.62,1369.13,179.49,,DQ-T05
2025-12-06,SA860742247,CARD,GW-NIMBUS,CHARGEBACK?,26,5079.19,SAR,0.0,1.46,-1.46,,DQ-T05
,SA416884588,BNPL,GW-ATLAS,Success,11,2323.09,SAR,100.13,81.11,19.02,Success,DQ-T02
2025-07-05,XX212521586,LDEBIT,GW-NILE,Success,8,2613.94,EGP,50.37,24.64,25.73,Success,DQ-T04
2025-11-20,XX945083219,LDEBIT,GW-NIMBUS,Success,9,499.15,SAR,7.87,3.76,4.11,Success,DQ-T04
2025-09-15,EG219821138,CARD,GW-NILE,CHARGEBACK?,2,848.21,EGP,0.0,0.81,-0.81,,DQ-T05
,SA200218731,TOKEN,GW-NIMBUS,Success,1,199.92,SAR,5.06,3.04,2.02,Success,DQ-T02
,EG140153041,CARD,GW-NILE,Success,8,3462.48,EGP,123.13,62.68,60.45,Success,DQ-T02
,SA633817671,CARD,GW-NIMBUS,Success,5,301.43,SAR,9.19,5.29,3.9,Success,DQ-T02
2026-06-06,SA479684490,CARD,GW-ORION,Success,13,-616.04,SAR,-18.54,-10.8,-7.74,Success,DQ-T07
,AE346681166,CARD,GW-NIMBUS,Voided,4,578.64,AED,0.0,0.22,-0.22,Voided,DQ-T02
,SA796857151,CARD,GW-NIMBUS,Success,3,4932.04,SAR,107.26,67.31,39.95,Success,DQ-T02
2025-07-25,EG624580946,TOKEN,GW-ATLAS,UNKNOWN,13,2783.34,EGP,0.0,13.05,-13.05,,DQ-T05
2026-05-20,SA720574277,LDEBIT,GW-NIMBUS,PENDING_REVIEW,1,73.7,SAR,0.0,0.06,-0.06,,DQ-T05
,SA332563719,TOKEN,GW-ORION,Success,4,183.79,SAR,5.58,3.34,2.24,Success,DQ-T02
,AE301462734,CARD,GW-ORION,Success,60,2371.57,AED,81.98,43.51,38.47,Success,DQ-T02
2025-04-24,SA633817671,CARD,GW-NIMBUS,Success,6,-339.1,SAR,-10.48,-6.04,-4.44,Success,DQ-T07
2026-06-16,XX755965303,LDEBIT,GW-NILE,Success,1,1070.07,EGP,15.57,6.13,9.44,Success,DQ-T04
2026-01-23,SA256650029,TOKEN,GW-NIMBUS,PENDING_REVIEW,1,125.8,SAR,0.0,0.06,-0.06,,DQ-T05
,EG839115780,TOKEN,GW-ATLAS,Success,5,22728.88,EGP,584.19,361.65,222.54,Success,DQ-T02
2025-03-22,EG134531316,WALLET,GW-NILE,SUCCESS,7,-13159.83,EGP,-263.38,-118.7,-144.68,Success,DQ-T07
,EG643904514,LDEBIT,GW-NILE,Refunded,1,413.23,EGP,0.0,7.24,-7.24,Refunded,DQ-T02
2025-05-18,EG594214015,WALLET,GW-NILE,Success,0,673.69,EGP,18.57,8.94,9.63,Success,DQ-T08
2026-05-13,EG427255297,BNPL,GW-ATLAS,Success,0,3440.18,EGP,163.06,119.92,43.14,Success,DQ-T08
,SA597658531,CARD,GW-ATLAS,Voided,12,1857.66,SAR,0.0,0.9,-0.9,Voided,DQ-T02
,SA977935480,LDEBIT,GW-NIMBUS,CAPTURED,43,4255.5,SAR,59.4,26.41,32.99,Success,DQ-T02
2024-08-20,SA900572493,LDEBIT,GW-NIMBUS,UNKNOWN,9,3039.78,SAR,37.6,15.2,22.4,,DQ-T05
2026-01-17,AE307567415,CARD,GW-NIMBUS,Success,0,182716.6,AED,3491.99,2706.1,785.89,Success,DQ-T08
,EG103023484,CARD,GW-ATLAS,Failed,42,56236.77,EGP,0.0,43.1,-43.1,Failed,DQ-T02
2026-04-10,EG895075137,BANKTR,GW-NILE,CHARGEBACK?,2,1899.71,EGP,0.0,15.39,-15.39,,DQ-T05
,EG427255297,CARD,GW-ATLAS,Success,8,34818.8,EGP,868.3,538.03,330.27,Success,DQ-T02
,SA604765470,TOKEN,GW-NIMBUS,Success,6,217.62,SAR,7.61,4.51,3.1,Success,DQ-T02
2025-03-04,XX155139035,CARD,GW-ATLAS,Failed,2,78.17,SAR,0.0,0.15,-0.15,Failed,DQ-T04
2025-04-20,AE761816465,LDEBIT,GW-NIMBUS,Success,4,-376.93,AED,-4.91,-2.36,-2.55,Success,DQ-T07
2025-01-05,SA320986752,CARD,GW-NIMBUS,CHARGEBACK?,20,17220.95,SAR,0.0,1.12,-1.12,,DQ-T05
2024-12-21,EG389262771,TOKEN,GW-NILE,PENDING_REVIEW,41,13679.29,EGP,501.25,278.89,222.36,,DQ-T05
2024-09-03,AE162515553,CARD,GW-ORION,PENDING_REVIEW,1,1142.26,AED,0.0,0.55,-0.55,,DQ-T05
,AE389283318,LDEBIT,GW-NIMBUS,Voided,5,473.5,AED,0.0,0.28,-0.28,Voided,DQ-T02
,EG750576392,WALLET,GW-NILE,Success,1,938.43,EGP,21.0,9.32,11.68,Success,DQ-T02
2025-08-02,XX660878483,CARD,GW-NILE,Success,207,46247.73,EGP,2165.09,1104.54,1060.55,Success,DQ-T04
2025-01-23,AE634298413,LDEBIT,GW-NIMBUS,Success,0,489.22,AED,7.59,3.85,3.74,Success,DQ-T08
2025-04-30,SA184014126,CARD,GW-ORION,Success,0,2222.25,SAR,60.82,37.64,23.18,Success,DQ-T08
2025-11-30,AE235728700,CARD,GW-NIMBUS,Success,0,3747.23,AED,93.25,54.88,38.37,Success,DQ-T08
2025-08-22,XX284925347,BNPL,GW-ATLAS,Failed,1,70.14,SAR,0.0,0.08,-0.08,Failed,DQ-T04
,EG219821138,CARD,GW-NILE,VOIDED,1,406.33,EGP,0.0,0.39,-0.39,Voided,DQ-T02
,SA758672424,CARD,GW-ATLAS,Success,2,217.1,SAR,5.36,3.72,1.64,Success,DQ-T02
2025-03-11,EG105351460,BNPL,GW-NILE,CHARGEBACK?,2,3120.49,EGP,140.48,90.66,49.82,,DQ-T05
,AE904440734,CARD,GW-ATLAS,VOIDED,2,96.98,AED,0.0,0.15,-0.15,Voided,DQ-T02
2025-05-28,XX633468644,CARD,GW-NILE,Refunded,2,1247.92,EGP,0.0,14.94,-14.94,Refunded,DQ-T04
2024-09-11,EG482640702,TOKEN,GW-NILE,Success,0,33455.36,EGP,879.64,459.89,419.75,Success,DQ-T08
,EG450716760,LDEBIT,GW-NILE,Success,1,2094.6,EGP,25.82,10.28,15.54,Success,DQ-T02
2025-07-19,EG400875498,WALLET,GW-NILE,Success,0,23357.29,EGP,478.71,205.0,273.71,Success,DQ-T08
2026-04-19,XX415361124,TOKEN,GW-ATLAS,Failed,1,292.11,EGP,0.0,1.03,-1.03,Failed,DQ-T04
2026-01-03,EG594214015,CARD,GW-ATLAS,UNKNOWN,10,3294.7,EGP,134.29,85.42,48.87,,DQ-T05
2026-04-14,SA363280396,LDEBIT,GW-NIMBUS,UNKNOWN,43,16104.81,SAR,130.94,79.73,51.21,,DQ-T05
2025-02-13,SA416884588,LDEBIT,GW-NIMBUS,Success,12,-2462.04,SAR,-28.2,-13.1,-15.1,Success,DQ-T07
2024-10-27,EG464447848,CARD,GW-NILE,Success,0,9690.82,EGP,214.38,120.32,94.06,Success,DQ-T08
2026-04-11,XX947559508,CARD,GW-ORION,Success,27,2121.34,AED,60.26,33.1,27.16,Success,DQ-T04
,SA700672253,BNPL,GW-ATLAS,Failed,25,1080.72,SAR,0.0,1.88,-1.88,Failed,DQ-T02
,EG400875498,CARD,GW-NILE,Failed,1,2438.53,EGP,0.0,0.41,-0.41,Failed,DQ-T02
,SA233359257,BANKTR,GW-NIMBUS,Success,2,4873.25,SAR,14.02,5.17,8.85,Success,DQ-T02
2025-10-09,SA687319923,CARD,GW-ORION,UNKNOWN,13,6605.59,SAR,0.0,0.58,-0.58,,DQ-T05
,EG631107574,LDEBIT,GW-NILE,Success,1,342.99,EGP,6.22,3.1,3.12,Success,DQ-T02
2026-04-21,XX339172125,TOKEN,GW-ATLAS,Success,8,413.67,AED,12.43,8.43,4.0,Success,DQ-T04
2025-12-10,EG537272220,LDEBIT,GW-NILE,SUCCESS,3,5100.67,EGP,7140.94,26.0,7114.94,Success,DQ-T09
,OM486301998,CARD,GW-ATLAS,Failed,1,5.13,OMR,0.0,0.01,-0.01,Failed,DQ-T02
,AE932795909,CARD,GW-NIMBUS,Refunded,7,1192.35,AED,0.0,3.86,-3.86,Refunded,DQ-T02
2026-03-29,SA466668047,LDEBIT,GW-NIMBUS,Success,106,-4688.55,SAR,-72.76,-38.99,-33.77,Success,DQ-T07
2025-11-02,XX167159347,CARD,GW-ATLAS,Success,11,2806.71,EGP,128.09,82.41,45.68,Success,DQ-T04
2025-11-26,XX510208842,WALLET,GW-NILE,Refunded,2,2786.69,EGP,0.0,15.29,-15.29,Refunded,DQ-T04
2025-07-12,EG518450463,WALLET,GW-NILE,UNKNOWN,1,822.65,EGP,0.0,7.53,-7.53,,DQ-T05
,SA687319923,CARD,GW-ORION,Failed,6,3048.73,SAR,0.0,0.27,-0.27,Failed,DQ-T02
,EG699756627,WALLET,GW-NILE,Failed,1,2821.36,EGP,0.0,0.4,-0.4,Failed,DQ-T02
,AE853501645,CARD,GW-ORION,Success,159,9892.71,AED,274.75,161.57,113.18,Success,DQ-T02
,EG486344028,CARD,GW-ATLAS,Refunded,1,337.24,EGP,0.0,7.32,-7.32,Refunded,DQ-T02
,AE808885338,CARD,GW-ORION,Failed,1,213.84,AED,0.0,0.04,-0.04,Failed,DQ-T02
,SA435110503,BANKTR,GW-NIMBUS,Failed,7,2559.9,SAR,0.0,0.39,-0.39,Failed,DQ-T02
,EG529532780,CARD,GW-ATLAS,Declined,2,3260.56,EGP,0.0,1.98,-1.98,Failed,DQ-T02
2025-03-01,AE853501645,TOKEN,GW-NIMBUS,PENDING_REVIEW,1,61.62,AED,0.0,0.06,-0.06,,DQ-T05
,EG758836714,LDEBIT,GW-NILE,Failed,1,892.56,EGP,0.0,0.39,-0.39,Failed,DQ-T02
,SA391124455,TOKEN,GW-ORION,Success,3,310.77,SAR,8.95,4.8,4.15,Success,DQ-T02
2024-09-18,EG605770113,CARD,GW-ATLAS,PENDING_REVIEW,1,1635.73,EGP,0.0,0.96,-0.96,,DQ-T05
2025-12-11,EG867935936,TOKEN,GW-NILE,CHARGEBACK?,1,5717.76,EGP,132.6,74.74,57.86,,DQ-T05
,EG704053078,WALLET,GW-NILE,FAILED,3,12048.75,EGP,0.0,1.17,-1.17,Failed,DQ-T02
,SA362023155,CARD,GW-ORION,Failed,10,660.48,SAR,0.0,0.45,-0.45,Failed,DQ-T02
2026-04-14,AE782539735,TOKEN,GW-ORION,PENDING_REVIEW,4,167.5,AED,0.0,0.18,-0.18,,DQ-T05
,SA891035844,CARD,GW-ATLAS,Failed,20,3520.33,SAR,0.0,1.5,-1.5,Failed,DQ-T02
2024-12-27,EG624580946,BNPL,GW-ATLAS,CHARGEBACK?,1,209.13,EGP,0.0,0.98,-0.98,,DQ-T05
2025-10-15,EG336915801,LDEBIT,GW-NILE,Success,0,2814.01,EGP,50.79,23.73,27.06,Success,DQ-T08
2025-02-22,EG670766393,LDEBIT,GW-NILE,UNKNOWN,1,1284.97,EGP,17.2,6.92,10.28,,DQ-T05
2025-04-12,EG799496821,CARD,GW-NILE,Success,0,110895.62,EGP,2145.86,1695.15,450.71,Success,DQ-T08
2025-08-08,AE870997409,CARD,GW-NIMBUS,Success,12,-1880.48,AED,-45.7,-28.25,-17.45,Success,DQ-T07
,EG952454778,LDEBIT,GW-NILE,Success,18,6226.44,EGP,118.99,57.62,61.37,Success,DQ-T02
2025-12-30,XX915738805,WALLET,GW-NILE,Refunded,23,26394.77,EGP,0.0,175.62,-175.62,Refunded,DQ-T04
,OM898958663,LDEBIT,GW-NIMBUS,Success,1,33.17,OMR,0.4,0.17,0.23,Success,DQ-T02
2026-04-24,XX594408274,CARD,GW-NIMBUS,Failed,6,986.92,SAR,0.0,0.34,-0.34,Failed,DQ-T04
2024-12-04,SA847687864,CARD,GW-NIMBUS,Success,19,-2290.78,SAR,-63.03,-35.56,-27.47,Success,DQ-T07
,AE299289826,CARD,GW-NIMBUS,FAILED,10,538.51,AED,0.0,0.55,-0.55,Failed,DQ-T02
,EG511253320,TOKEN,GW-ATLAS,Success,28,10002.87,EGP,403.53,256.86,146.67,Success,DQ-T02
,OM954248664,LDEBIT,GW-NIMBUS,Success,3,14.94,OMR,0.22,0.12,0.1,Success,DQ-T02
,EG611254298,TOKEN,GW-NILE,Declined,1,372.09,EGP,0.0,0.4,-0.4,Failed,DQ-T02
2025-12-17,EG275445878,LDEBIT,GW-NILE,Success,0,1296.19,EGP,20.94,8.81,12.13,Success,DQ-T08
2025-12-27,SA925677957,TOKEN,GW-NIMBUS,Success,2,1228.93,SAR,1720.5,17.69,1702.81,Success,DQ-T09
2025-08-04,XX706470989,BNPL,GW-ATLAS,Voided,1,59.97,SAR,0.0,0.08,-0.08,Voided,DQ-T04
2026-02-23,XX366138280,BANKTR,GW-NIMBUS,Success,9,101872.4,AED,232.91,63.0,169.91,Success,DQ-T04
2025-06-28,SA147303844,TOKEN,GW-ORION,CHARGEBACK?,12,2043.48,SAR,54.71,29.86,24.85,,DQ-T05
2026-06-08,OM754795503,CARD,GW-ATLAS,Success,4,74.92,OMR,104.89,1.21,103.68,Success,DQ-T09
2026-04-05,EG614572570,CARD,GW-NILE,Success,12,-52978.24,EGP,-1259.41,-676.32,-583.09,Success,DQ-T07
2026-02-20,AE859143846,CARD,GW-ORION,PENDING_REVIEW,1,1434.63,AED,34.22,18.61,15.61,,DQ-T05
2024-09-10,EG981274071,LDEBIT,GW-NILE,PENDING_REVIEW,70,28652.28,EGP,498.91,234.23,264.68,,DQ-T05
,EG799496821,WALLET,GW-NILE,Failed,4,3358.13,EGP,0.0,1.57,-1.57,Failed,DQ-T02
,AE125858239,BNPL,GW-ATLAS,Success,11,2423.93,AED,102.65,84.58,18.07,Success,DQ-T02
,EG248756723,CARD,GW-ATLAS,Success,3,690.08,EGP,30.96,20.82,10.14,Success,DQ-T02
,OM817062602,LDEBIT,GW-NIMBUS,Failed,3,39.57,OMR,0.0,0.02,-0.02,Failed,DQ-T02
2026-01-23,SA576895050,CARD,GW-ORION,Success,7,1343.24,SAR,1880.54,18.78,1861.76,Success,DQ-T09
,AE621587952,CARD,GW-ATLAS,Voided,1,297.86,AED,0.0,0.07,-0.07,Voided,DQ-T02
2025-03-05,EG308894080,WALLET,GW-NILE,Success,0,4693.71,EGP,101.27,41.48,59.79,Success,DQ-T08
,EG229215706,CARD,GW-NILE,Success,5,2417.03,EGP,86.13,42.47,43.66,Success,DQ-T02
,AE195822932,CARD,GW-NIMBUS,Success,46,6370.07,AED,163.34,96.98,66.36,Success,DQ-T02
2024-09-08,SA466668047,TOKEN,GW-ORION,Success,58,-2295.46,SAR,-75.9,-43.47,-32.43,Success,DQ-T07
2026-06-16,EG344758416,LDEBIT,GW-NILE,PENDING_REVIEW,1,1579.96,EGP,0.0,0.41,-0.41,,DQ-T05
2026-03-03,AE861319254,BNPL,GW-ATLAS,Success,1,161.36,AED,225.9,5.65,220.25,Success,DQ-T09
2026-01-12,SA358724361,CARD,GW-ORION,Success,24,-1094.22,SAR,-36.52,-19.38,-17.14,Success,DQ-T07
2025-10-18,SA868774915,LDEBIT,GW-NIMBUS,Success,1,-563.55,SAR,-6.88,-2.7,-4.18,Success,DQ-T07
2025-08-30,XX726975731,CARD,GW-ORION,Voided,2,305.49,AED,0.0,0.09,-0.09,Voided,DQ-T04
,SA184014126,TOKEN,GW-NIMBUS,Failed,2,114.08,SAR,0.0,0.11,-0.11,Failed,DQ-T02
,EG474518016,WALLET,GW-NILE,Refunded,1,1545.59,EGP,0.0,7.41,-7.41,Refunded,DQ-T02
,AE667080643,TOKEN,GW-ATLAS,Refunded,1,290.96,AED,0.0,0.55,-0.55,Refunded,DQ-T02
2026-01-15,OM817062602,TOKEN,GW-NIMBUS,Success,0,426.57,OMR,6.54,6.82,-0.28,Success,DQ-T08
2025-08-29,SA771478693,TOKEN,GW-NIMBUS,Success,35,-5230.52,SAR,-91.62,-81.76,-9.86,Success,DQ-T07
2026-06-26,OM716128158,CARD,GW-NIMBUS,PENDING_REVIEW,4,70.29,OMR,1.7,1.05,0.65,,DQ-T05
2025-03-02,EG373280861,LDEBIT,GW-NILE,CHARGEBACK?,1,487.54,EGP,0.0,0.4,-0.4,,DQ-T05
,OM334471218,CARD,GW-ATLAS,Success,30,734.5,OMR,17.41,11.56,5.85,Success,DQ-T02
2025-09-25,SA772263667,LDEBIT,GW-NIMBUS,Success,11,467.86,SAR,655.0,3.96,651.04,Success,DQ-T09
2026-03-06,XX387341747,LDEBIT,GW-NILE,Success,2,8058.3,EGP,102.89,36.25,66.64,Success,DQ-T04
2024-07-10,SA660258875,LDEBIT,GW-NIMBUS,Success,0,1104.67,SAR,13.87,5.81,8.06,Success,DQ-T08
2025-10-23,SA814924785,LDEBIT,GW-NIMBUS,CHARGEBACK?,2,1437.87,SAR,16.08,6.81,9.27,,DQ-T05
2025-03-09,AE818669574,CARD,GW-NIMBUS,Approved,6,-1496.86,AED,-36.88,-21.64,-15.24,Success,DQ-T07
2026-04-21,AE389283318,LDEBIT,GW-NIMBUS,CHARGEBACK?,346,33040.32,AED,331.54,205.86,125.68,,DQ-T05
2024-09-16,EG389262771,CARD,GW-NILE,Success,211,78091.42,EGP,109327.99,1488.26,107839.73,Success,DQ-T09
2025-08-03,EG389262771,TOKEN,GW-NILE,PENDING_REVIEW,38,13708.55,EGP,488.85,272.34,216.51,,DQ-T05
2026-05-26,EG594214015,CARD,GW-ATLAS,CHARGEBACK?,20,6126.16,EGP,259.34,165.62,93.72,,DQ-T05
2024-10-14,XX304227184,WALLET,GW-NILE,Captured,55,45267.32,EGP,642.62,460.23,182.39,Success,DQ-T04
2025-11-25,XX389771474,WALLET,GW-NILE,Success,2,1009.3,EGP,24.27,11.74,12.53,Success,DQ-T04
2025-07-21,SA986462340,CARD,GW-ORION,UNKNOWN,4,164.99,SAR,0.0,0.18,-0.18,,DQ-T05
2025-05-15,SA887092113,LDEBIT,GW-NIMBUS,UNKNOWN,6,1023.0,SAR,12.93,5.62,7.31,,DQ-T05
,AE755938199,CARD,GW-NIMBUS,Refunded,1,868.68,AED,0.0,0.55,-0.55,Refunded,DQ-T02
,EG839904793,WALLET,GW-NILE,CAPTURED,7,2416.07,EGP,68.12,32.04,36.08,Success,DQ-T02
,AE338852002,TOKEN,GW-NIMBUS,Success,2,215.4,AED,5.89,3.49,2.4,Success,DQ-T02
,AE861319254,TOKEN,GW-ATLAS,Success,2,460.56,AED,11.88,7.51,4.37,Success,DQ-T02
,SA407055199,TOKEN,GW-NIMBUS,Failed,1,105.63,SAR,0.0,0.06,-0.06,Failed,DQ-T02
,SA586124263,TOKEN,GW-NIMBUS,Failed,2,72.85,SAR,0.0,0.11,-0.11,Failed,DQ-T02
,SA267227056,LDEBIT,GW-NIMBUS,Voided,4,1147.01,SAR,0.0,0.22,-0.22,Voided,DQ-T02
,EG348432509,CARD,GW-ATLAS,Success,2,10833.57,EGP,264.35,165.22,99.13,Success,DQ-T02
2026-03-10,EG482640702,CARD,GW-ATLAS,CHARGEBACK?,3,9073.96,EGP,0.0,23.22,-23.22,,DQ-T05
,SA174215481,CARD,GW-ORION,Success,3,929.72,SAR,22.69,12.59,10.1,Success,DQ-T02
2025-04-21,AE787062785,CARD,GW-ORION,UNKNOWN,2,293.96,AED,0.0,0.09,-0.09,,DQ-T05
2025-01-13,AE878919871,CARD,GW-ORION,PENDING_REVIEW,5,1617.62,AED,0.0,2.75,-2.75,,DQ-T05
2026-03-20,EG167120747,TOKEN,GW-NILE,Success,1,-3617.34,EGP,-97.73,-48.31,-49.42,Success,DQ-T07
,AE671906697,TOKEN,GW-ORION,Refunded,6,478.05,AED,0.0,3.31,-3.31,Refunded,DQ-T02
2025-06-30,EG344164016,WALLET,GW-NILE,CHARGEBACK?,21,6427.35,EGP,174.55,88.72,85.83,,DQ-T05
,SA868774915,CARD,GW-ORION,Success,1,494.23,SAR,12.37,6.56,5.81,Success,DQ-T02
2025-04-20,EG544696241,CARD,GW-NILE,PENDING_REVIEW,1,10213.23,EGP,232.22,126.73,105.49,,DQ-T05
2025-06-01,EG645057217,LDEBIT,GW-NILE,UNKNOWN,8,9733.02,EGP,132.56,53.38,79.18,,DQ-T05
,EG987489356,CARD,GW-ATLAS,FAILED,237,67910.08,EGP,0.0,228.65,-228.65,Failed,DQ-T02
,SA508515348,BNPL,GW-ATLAS,Success,12,2136.23,SAR,97.11,74.73,22.38,Success,DQ-T02
2025-05-16,SA589749602,LDEBIT,GW-NIMBUS,PENDING_REVIEW,53,9661.23,SAR,115.53,52.42,63.11,,DQ-T05
,AE878919871,CARD,GW-ORION,Success,85,19119.21,AED,435.01,263.68,171.33,Success,DQ-T02
,OM434589390,LDEBIT,GW-NIMBUS,Refunded,1,13.91,OMR,0.0,0.06,-0.06,Refunded,DQ-T02
,SA362023155,CARD,GW-ORION,Success,48,3345.68,SAR,92.21,53.6,38.61,Success,DQ-T02
,SA268961677,CARD,GW-ORION,Success,22,2529.95,SAR,65.94,37.34,28.6,Success,DQ-T02
,SA955449063,CARD,GW-ATLAS,REVERSED,1,53.4,SAR,0.0,0.08,-0.08,Voided,DQ-T02
,OM761036673,LDEBIT,GW-NIMBUS,Refunded,4,12.37,OMR,0.0,0.23,-0.23,Refunded,DQ-T02
2024-12-05,SA295911590,LDEBIT,GW-NIMBUS,CHARGEBACK?,3,524.24,SAR,0.0,1.69,-1.69,,DQ-T05
2025-11-04,EG181564804,LDEBIT,GW-NILE,CHARGEBACK?,19,6921.76,EGP,0.0,145.27,-145.27,,DQ-T05
2025-05-26,XX379209956,CARD,GW-NILE,Refunded,1,397.64,EGP,0.0,7.47,-7.47,Refunded,DQ-T04
2025-04-05,XX975384486,CARD,GW-NILE,Failed,2,8970.13,EGP,0.0,0.8,-0.8,Failed,DQ-T04
2026-06-26,AE410140017,LDEBIT,GW-NIMBUS,Success,386,-61188.24,AED,-467.72,-339.14,-128.58,Success,DQ-T07
,EG235283002,BANKTR,GW-NILE,Success,365,945890.39,EGP,9530.84,6256.81,3274.03,Success,DQ-T02
2026-03-07,EG379278678,TOKEN,GW-NILE,Success,1,-1579.31,EGP,-40.63,-22.63,-18.0,Success,DQ-T07
2026-05-12,SA434781636,CARD,GW-NIMBUS,PENDING_REVIEW,14,1415.99,SAR,40.73,22.53,18.2,,DQ-T05
,SA337097778,LDEBIT,GW-NIMBUS,Success,40,16581.77,SAR,129.45,81.37,48.08,Success,DQ-T02
2026-06-29,XX967526247,CARD,GW-ATLAS,SETTLED,24,30669.32,EGP,838.35,538.51,299.84,Success,DQ-T04
2025-12-24,OM214883127,TOKEN,GW-NIMBUS,Success,1,-4.68,OMR,-0.16,-0.09,-0.07,Success,DQ-T07
,EG817160608,CARD,GW-NILE,Success,1,170.85,EGP,9.44,4.81,4.63,Success,DQ-T02
,OM954248664,LDEBIT,GW-NIMBUS,Voided,1,6.9,OMR,0.0,0.01,-0.01,Voided,DQ-T02
2024-07-04,XX842865159,CARD,GW-NILE,Success,138,55335.99,EGP,1960.15,1024.06,936.09,Success,DQ-T04
2024-11-18,EG763647415,CARD,GW-NILE,CHARGEBACK?,2,13273.41,EGP,301.11,166.44,134.67,,DQ-T05
2025-01-16,EG982441707,WALLET,GW-NILE,Success,0,4054.21,EGP,105.6,49.99,55.61,Success,DQ-T08
2025-09-30,EG389371308,TOKEN,GW-ATLAS,UNKNOWN,1,1570.41,EGP,0.0,7.64,-7.64,,DQ-T05
,EG400875498,CARD,GW-NILE,Success,13,36042.73,EGP,945.36,472.28,473.08,Success,DQ-T02
2025-04-17,SA753222305,LDEBIT,GW-NIMBUS,Success,7,-1365.22,SAR,-16.74,-7.32,-9.42,Success,DQ-T07
2026-05-11,SA218399497,LDEBIT,GW-NIMBUS,Success,0,565.04,SAR,9.53,4.91,4.62,Success,DQ-T08
2026-03-05,XX933785664,CARD,GW-NIMBUS,Refunded,1,340.62,SAR,0.0,0.56,-0.56,Refunded,DQ-T04
,AE798073466,CARD,GW-ORION,REFUND,2,583.27,AED,0.0,1.1,-1.1,Refunded,DQ-T02
,EG760725891,LDEBIT,GW-NILE,Success,9,10805.32,EGP,138.06,59.92,78.14,Success,DQ-T02
2026-01-31,AE201707915,CARD,GW-ORION,Success,0,2264.54,AED,68.28,37.12,31.16,Success,DQ-T08
2025-04-07,EG538857731,CARD,GW-NILE,Success,17,25585.12,EGP,35819.17,355.65,35463.52,Success,DQ-T09
,EG686030808,WALLET,GW-NILE,Success,383,317184.51,EGP,4377.68,3241.97,1135.71,Success,DQ-T02
,EG546754192,CARD,GW-NILE,Failed,9,16114.59,EGP,0.0,3.59,-3.59,Failed,DQ-T02
2024-11-19,XX733376458,LDEBIT,GW-NIMBUS,Failed,1,97.47,SAR,0.0,0.06,-0.06,Failed,DQ-T04
,EG877654092,WALLET,GW-NILE,Voided,1,885.68,EGP,0.0,0.39,-0.39,Voided,DQ-T02
,OM221133708,CARD,GW-ATLAS,Captured,14,132.4,OMR,3.49,2.33,1.16,Success,DQ-T02
,EG645057217,LDEBIT,GW-NILE,Success,2,2355.17,EGP,32.4,13.15,19.25,Success,DQ-T02
,OM450405182,CARD,GW-ATLAS,Success,5,26.14,OMR,0.79,0.52,0.27,Success,DQ-T02
,SA550486234,CARD,GW-ATLAS,Success,10,1310.79,SAR,35.3,21.89,13.41,Success,DQ-T02
,SA966321681,TOKEN,GW-ATLAS,Success,2,253.43,SAR,6.55,4.39,2.16,Success,DQ-T02
2026-02-09,XX984065929,CARD,GW-ATLAS,DECLINED,4,1498.78,SAR,0.0,0.3,-0.3,Failed,DQ-T04
,SA268961677,LDEBIT,GW-NIMBUS,Success,6,695.39,SAR,8.89,4.14,4.75,Success,DQ-T02
2026-05-07,AE307567415,CARD,GW-NIMBUS,CHARGEBACK?,1394,255251.78,AED,4876.35,3778.66,1097.69,,DQ-T05
,AE818669574,TOKEN,GW-NIMBUS,Success,1,344.22,AED,8.51,5.06,3.45,Success,DQ-T02
,SA597658531,CARD,GW-ATLAS,Success,608,93347.67,SAR,1448.62,1529.73,-81.11,Success,DQ-T02
,EG856875467,CARD,GW-NILE,Voided,1,433.4,EGP,0.0,0.41,-0.41,Voided,DQ-T02
2025-04-04,SA473410995,BNPL,GW-ATLAS,Success,3,-619.75,SAR,-29.2,-21.64,-7.56,Success,DQ-T07
,AE360087333,CARD,GW-NIMBUS,Success,35,1616.59,AED,49.45,30.18,19.27,Success,DQ-T02
,SA426436949,TOKEN,GW-ORION,Failed,7,478.77,SAR,0.0,0.32,-0.32,Failed,DQ-T02
,EG926950694,WALLET,GW-NILE,Failed,20,23472.15,EGP,0.0,7.84,-7.84,Failed,DQ-T02
2026-05-17,EG319798094,LDEBIT,GW-NILE,Success,1,2812.79,EGP,3937.91,13.2,3924.71,Success,DQ-T09
2024-12-14,EG542845011,LDEBIT,GW-NILE,Success,0,852.79,EGP,12.87,5.17,7.7,Success,DQ-T08
2025-12-31,EG331354329,TOKEN,GW-NILE,Success,47,-17913.7,EGP,-487.72,-352.51,-135.21,Success,DQ-T07
2025-12-14,AE595956042,CARD,GW-ORION,UNKNOWN,44,12594.08,AED,317.66,171.07,146.59,,DQ-T05
2025-10-18,SA331993666,CARD,GW-ORION,Success,405,-72911.14,SAR,-936.16,-1025.09,88.93,Success,DQ-T07
2025-01-24,AE782539735,TOKEN,GW-ORION,Success,0,1221.31,AED,37.02,22.14,14.88,Success,DQ-T08
2024-11-19,EG943656964,TOKEN,GW-ATLAS,UNKNOWN,6,1576.77,EGP,66.7,45.51,21.19,,DQ-T05
2025-12-16,EG911025364,WALLET,GW-NILE,CHARGEBACK?,5,1104.22,EGP,0.0,2.04,-2.04,,DQ-T05
2024-12-20,SA620446884,TOKEN,GW-ATLAS,Success,0,1090.4,SAR,28.04,18.71,9.33,Success,DQ-T08
,SA597673425,LDEBIT,GW-NIMBUS,Success,7,315.94,SAR,5.45,2.6,2.85,Success,DQ-T02
2025-11-28,XX828726673,CARD,GW-ATLAS,Failed,1,10.39,OMR,0.0,0.01,-0.01,Failed,DQ-T04
2026-01-25,EG432619696,TOKEN,GW-NILE,Success,38,-8159.79,EGP,-377.11,-204.56,-172.55,Success,DQ-T07
2024-07-01,SA640104269,CARD,GW-ORION,UNKNOWN,8,15790.07,SAR,258.75,204.21,54.54,,DQ-T05
2025-06-17,EG723980954,CARD,GW-NILE,UNKNOWN,5,1594.34,EGP,63.7,32.59,31.11,,DQ-T05
2025-08-25,SA556781756,BNPL,GW-ATLAS,Success,13,-760.69,SAR,-35.65,-27.26,-8.39,Success,DQ-T07
,EG178731082,LDEBIT,GW-NILE,Refunded,1,502.21,EGP,0.0,7.74,-7.74,Refunded,DQ-T02
,AE626038015,CARD,GW-ATLAS,Refunded,2,3092.4,AED,0.0,1.1,-1.1,Refunded,DQ-T02
,EG624580946,LDEBIT,GW-NILE,Voided,1,217.15,EGP,0.0,0.41,-0.41,Voided,DQ-T02
2024-11-12,OM454436104,CARD,GW-NIMBUS,Success,1,-91.48,OMR,-2.21,-1.26,-0.95,Success,DQ-T07
2025-06-09,EG140153041,WALLET,GW-NILE,Success,0,878.22,EGP,24.63,12.35,12.28,Success,DQ-T08
2026-04-13,AE841408383,CARD,GW-ORION,Success,9,534.7,AED,748.58,8.82,739.76,Success,DQ-T09
2026-03-31,OM817062602,TOKEN,GW-NIMBUS,Success,49,609.45,OMR,853.23,9.76,843.47,Success,DQ-T09
2025-01-08,XX584992479,CARD,GW-ATLAS,Failed,3,4845.37,EGP,0.0,2.94,-2.94,Failed,DQ-T04
2025-07-08,SA710370541,CARD,GW-ORION,Success,262,-170261.37,SAR,-2541.23,-2241.21,-300.02,Success,DQ-T07
2025-09-03,SA473410995,BNPL,GW-ATLAS,CHARGEBACK?,2,436.15,SAR,20.55,15.22,5.33,,DQ-T05
2025-02-03,SA972748866,LDEBIT,GW-NIMBUS,UNKNOWN,12,1564.68,SAR,0.0,0.68,-0.68,,DQ-T05
2026-05-28,OM761036673,LDEBIT,GW-NIMBUS,Success,121,-494.85,OMR,-7.96,-4.32,-3.64,Success,DQ-T07
2025-02-24,AE667080643,CARD,GW-ORION,Success,8,-1825.03,AED,-45.94,-25.14,-20.8,Success,DQ-T07
,EG215045135,LDEBIT,GW-NILE,Success,1,11214.86,EGP,85.83,47.2,38.63,Success,DQ-T02
,AE875103901,BNPL,GW-ATLAS,Failed,9,452.03,AED,0.0,0.66,-0.66,Failed,DQ-T02
2026-03-16,EG342155019,BANKTR,GW-NILE,SETTLED,0,608176.15,EGP,1547.83,407.0,1140.83,Success,DQ-T08
2024-08-13,EG762971123,WALLET,GW-NILE,CHARGEBACK?,2,4408.65,EGP,87.18,39.1,48.08,,DQ-T05
,EG331354329,CARD,GW-ATLAS,Voided,3,1070.01,EGP,0.0,2.94,-2.94,Voided,DQ-T02
,SA487858809,TOKEN,GW-ORION,Success,8,373.81,SAR,11.67,6.76,4.91,Success,DQ-T02
2025-03-03,XX857232496,CARD,GW-NILE,Failed,2,18328.41,EGP,0.0,0.79,-0.79,Failed,DQ-T04
2025-03-24,SA362023155,TOKEN,GW-ORION,Success,15,-976.46,SAR,-27.76,-16.33,-11.43,Success,DQ-T07
,EG537339465,WALLET,GW-NILE,Failed,32,13482.56,EGP,0.0,12.75,-12.75,Failed,DQ-T02
2024-07-27,SA512016562,CARD,GW-NIMBUS,Success,0,4492.24,SAR,153.55,89.41,64.14,Success,DQ-T08
2024-10-25,SA462175242,TOKEN,GW-ATLAS,UNKNOWN,2,133.98,SAR,4.02,2.58,1.44,,DQ-T05
,SA332563719,CARD,GW-NIMBUS,Success,2,113.77,SAR,3.21,2.02,1.19,Success,DQ-T02
,EG331354329,CARD,GW-ATLAS,Success,330,122680.32,EGP,3278.17,2985.41,292.76,Success,DQ-T02
2026-05-03,SA517497912,TOKEN,GW-ATLAS,Success,6,-276.23,SAR,-8.87,-5.84,-3.03,Success,DQ-T07
,AE998528073,TOKEN,GW-NIMBUS,Success,1,128.27,AED,3.5,2.03,1.47,Success,DQ-T02
2024-11-21,XX156496924,TOKEN,GW-ATLAS,Success,6,1257.01,AED,31.08,20.64,10.44,Success,DQ-T04
,EG449636175,WALLET,GW-NILE,Voided,10,4243.38,EGP,0.0,4.1,-4.1,Voided,DQ-T02
2025-01-14,XX793355829,LDEBIT,GW-NIMBUS,Success,40,7255.93,SAR,86.81,39.4,47.41,Success,DQ-T04
2025-11-13,XX347192936,LDEBIT,GW-NIMBUS,Success,412,54500.67,SAR,421.86,314.78,107.08,Success,DQ-T04
2025-07-29,SA466668047,CARD,GW-ORION,UNKNOWN,181,8191.31,SAR,256.93,145.4,111.53,,DQ-T05
2024-07-01,XX158992398,TOKEN,GW-NIMBUS,Success,51,2105.81,AED,66.01,41.66,24.35,Success,DQ-T04
,EG987489356,CARD,GW-ATLAS,Refunded,73,15394.66,EGP,0.0,526.58,-526.58,Refunded,DQ-T02
2026-01-13,EG518450463,LDEBIT,GW-NILE,Success,0,732.56,EGP,11.22,4.73,6.49,Success,DQ-T08
2025-12-18,SA474123129,TOKEN,GW-NIMBUS,PENDING_REVIEW,44,2519.74,SAR,74.18,46.0,28.18,,DQ-T05
2026-06-25,AE588030458,TOKEN,GW-ATLAS,Success,0,870.86,AED,24.29,15.61,8.68,Success,DQ-T08
,EG219821138,WALLET,GW-NILE,Success,5,1862.62,EGP,45.49,23.93,21.56,Success,DQ-T02
2026-01-10,SA310301059,LDEBIT,GW-NIMBUS,Success,3,457.65,SAR,640.71,2.57,638.14,Success,DQ-T09
2026-01-20,EG337514076,WALLET,GW-NILE,PENDING_REVIEW,1,7217.3,EGP,145.15,60.23,84.92,,DQ-T05
,AE338852002,CARD,GW-NIMBUS,Success,4,628.18,AED,16.16,9.44,6.72,Success,DQ-T02
2025-04-20,XX304016130,LDEBIT,GW-NIMBUS,Success,330,94806.91,SAR,830.5,482.32,348.18,Success,DQ-T04
2026-02-14,AE841408383,CARD,GW-ORION,CHARGEBACK?,1,63.72,AED,0.0,0.04,-0.04,,DQ-T05
2025-12-14,OM501692260,TOKEN,GW-ATLAS,Success,0,79.55,OMR,1.84,1.26,0.58,Success,DQ-T08
2025-01-16,XX232893636,CARD,GW-ATLAS,Success,6,10466.87,EGP,274.33,174.37,99.96,Success,DQ-T04
2025-03-14,SA758672424,CARD,GW-ATLAS,Success,1,-73.42,SAR,-1.94,-1.35,-0.59,Success,DQ-T07
2025-02-04,XX811924808,CARD,GW-ATLAS,Failed,1,1533.95,EGP,0.0,0.98,-0.98,Failed,DQ-T04
2024-08-05,XX819970857,TOKEN,GW-ATLAS,Success,35,3803.2,SAR,78.4,67.22,11.18,Success,DQ-T04
2026-02-18,SA604765470,LDEBIT,GW-NIMBUS,Success,23,-879.95,SAR,-14.71,-7.84,-6.87,Success,DQ-T07
2024-07-09,AE520409719,CARD,GW-NIMBUS,Success,20,-4843.89,AED,-111.15,-70.17,-40.98,Success,DQ-T07
,SA853040870,CARD,GW-ORION,Success,18,800.45,SAR,24.65,14.28,10.37,Success,DQ-T02
,AE626038015,CARD,GW-ATLAS,DECLINED,2,2529.87,AED,0.0,0.15,-0.15,Failed,DQ-T02
2025-06-27,AE436682771,CARD,GW-ATLAS,Success,4,-967.25,AED,-24.74,-15.19,-9.55,Success,DQ-T07
2026-01-26,AE132301545,TOKEN,GW-NIMBUS,Success,7,-1040.53,AED,-25.57,-16.24,-9.33,Success,DQ-T07
,EG758836714,LDEBIT,GW-NILE,Success,13,12574.04,EGP,187.81,73.4,114.41,Success,DQ-T02
,SA184014126,TOKEN,GW-NIMBUS,Failed,1,57.04,SAR,0.0,0.06,-0.06,Failed,DQ-T02
2025-03-08,SA268987858,LDEBIT,GW-NIMBUS,PENDING_REVIEW,4,257.28,SAR,3.69,1.83,1.86,,DQ-T05
2025-05-22,OM730950792,CARD,GW-NIMBUS,UNKNOWN,1,16.7,OMR,0.0,0.01,-0.01,,DQ-T05
2026-06-10,XX132579532,CARD,GW-NIMBUS,Success,179,23006.21,SAR,573.49,354.22,219.27,Success,DQ-T04
2025-05-28,SA267227056,LDEBIT,GW-NIMBUS,PENDING_REVIEW,7,2007.27,SAR,0.0,0.39,-0.39,,DQ-T05
2025-06-09,EG219821138,WALLET,GW-NILE,Success,8,-3012.68,EGP,-73.09,-38.37,-34.72,Success,DQ-T07
2026-04-05,SA332563719,LDEBIT,GW-NIMBUS,Success,0,191.81,SAR,1.68,1.54,0.14,Success,DQ-T08
2025-08-06,SA382289892,CARD,GW-ORION,Success,35,7199.19,SAR,10078.87,100.1,9978.77,Success,DQ-T09
2026-02-26,AE558189150,CARD,GW-NIMBUS,SETTLED,20,-4514.96,AED,-113.9,-65.73,-48.17,Success,DQ-T07
2026-01-24,AE707625102,CARD,GW-NIMBUS,PENDING_REVIEW,8,2246.17,AED,54.79,32.23,22.56,,DQ-T05
2026-05-18,SA716580826,TOKEN,GW-NIMBUS,CHARGEBACK?,8,303.87,SAR,10.88,6.2,4.68,,DQ-T05
2026-05-13,SA779172798,BNPL,GW-ATLAS,PENDING_REVIEW,6,864.45,SAR,0.0,0.45,-0.45,,DQ-T05
2025-02-25,EG903275069,WALLET,GW-NILE,CHARGEBACK?,80,38320.04,EGP,880.28,447.78,432.5,,DQ-T05
2026-02-02,EG629727686,WALLET,GW-NILE,Success,10,-3378.28,EGP,-88.88,-45.32,-43.56,Success,DQ-T07
2024-10-12,AE875103901,TOKEN,GW-ORION,UNKNOWN,36,1779.94,AED,55.41,31.54,23.87,,DQ-T05
2026-06-16,XX198463005,BNPL,GW-NILE,Failed,12,6338.06,EGP,0.0,4.94,-4.94,Failed,DQ-T04
2024-11-17,EG624580946,WALLET,GW-NILE,Success,91,-19415.07,EGP,-572.48,-312.69,-259.79,Success,DQ-T07
,EG955763785,LDEBIT,GW-NILE,APPROVED,6,3872.08,EGP,62.39,26.12,36.27,Success,DQ-T02
2025-05-05,EG308894080,TOKEN,GW-ATLAS,UNKNOWN,1,3192.54,EGP,0.0,1.0,-1.0,,DQ-T05
2026-05-31,AE881349842,LDEBIT,GW-NIMBUS,UNKNOWN,1,3410.77,AED,0.0,0.06,-0.06,,DQ-T05
2025-03-04,EG352362522,WALLET,GW-NILE,CHARGEBACK?,1,1271.64,EGP,0.0,0.4,-0.4,,DQ-T05
2024-11-19,XX408675941,CARD,GW-ATLAS,Failed,27,2720.36,SAR,0.0,2.03,-2.03,Failed,DQ-T04
,AE333371080,LDEBIT,GW-NIMBUS,Refunded,1,311.71,AED,0.0,0.55,-0.55,Refunded,DQ-T02
2024-10-07,EG987489356,CARD,GW-ATLAS,UNKNOWN,1812,524966.56,EGP,20860.86,14171.65,6689.21,,DQ-T05
2024-10-16,EG167120747,CARD,GW-ATLAS,UNKNOWN,3,14978.14,EGP,389.32,229.17,160.15,,DQ-T05
,SA596495663,CARD,GW-ORION,Success,49,2374.64,SAR,73.63,41.38,32.25,Success,DQ-T02
,EG952454778,LDEBIT,GW-NILE,Success,14,3285.04,EGP,73.3,37.35,35.95,Success,DQ-T02
2026-02-07,XX422015922,CARD,GW-ATLAS,Success,10,19968.74,EGP,505.2,329.11,176.09,Success,DQ-T04
2025-03-11,AE436682771,LDEBIT,GW-NIMBUS,Success,3,-692.26,AED,-8.7,-3.61,-5.09,Success,DQ-T07
,SA362023155,BNPL,GW-ATLAS,Failed,3,198.15,SAR,0.0,0.22,-0.22,Failed,DQ-T02
,EG216145371,CARD,GW-NILE,Success,1,4704.98,EGP,116.45,59.8,56.65,Success,DQ-T02
2024-12-18,EG275709942,WALLET,GW-NILE,PENDING_REVIEW,11,16518.88,EGP,0.0,4.31,-4.31,,DQ-T05
,AE235728700,CARD,GW-NIMBUS,Failed,2,456.48,AED,0.0,0.11,-0.11,Failed,DQ-T02
2025-01-21,SA944601083,TOKEN,GW-ORION,Success,2,608.0,SAR,851.2,8.53,842.67,Success,DQ-T09
2025-08-27,EG744158614,TOKEN,GW-ATLAS,PENDING_REVIEW,3,3939.02,EGP,107.09,70.54,36.55,,DQ-T05
,EG645057217,CARD,GW-NILE,Failed,1,1283.18,EGP,0.0,0.4,-0.4,Failed,DQ-T02
,SA122822556,CARD,GW-NIMBUS,Voided,1,52.89,SAR,0.0,0.06,-0.06,Voided,DQ-T02
2026-05-14,AE713987880,TOKEN,GW-ORION,PENDING_REVIEW,1,143.37,AED,0.0,0.04,-0.04,,DQ-T05
2026-01-09,AE832517070,CARD,GW-NIMBUS,Success,0,3405.32,AED,82.56,50.03,32.53,Success,DQ-T08
2024-10-26,SA711632487,TOKEN,GW-ORION,Success,14,-501.8,SAR,-17.61,-9.8,-7.81,Success,DQ-T07
2025-01-16,SA485114821,LDEBIT,GW-NIMBUS,UNKNOWN,2,107.2,SAR,1.55,0.82,0.73,,DQ-T05
2025-11-19,EG403388419,CARD,GW-NILE,Success,79,-132755.66,EGP,-3333.92,-1826.4,-1507.52,Success,DQ-T07
2025-06-01,SA955742346,LDEBIT,GW-NIMBUS,Success,1,-878.33,SAR,-10.06,-4.12,-5.94,Success,DQ-T07
,EG275709942,LDEBIT,GW-NILE,Success,68,99664.85,EGP,771.73,521.21,250.52,Success,DQ-T02
,SA435110503,BANKTR,GW-NIMBUS,Voided,5,1828.5,SAR,0.0,0.28,-0.28,Voided,DQ-T02
,SA710370541,LDEBIT,GW-NIMBUS,Voided,6,3765.22,SAR,0.0,0.34,-0.34,Voided,DQ-T02
2024-10-07,EG145730757,LDEBIT,GW-NILE,PENDING_REVIEW,2,8545.2,EGP,105.52,38.01,67.51,,DQ-T05
2025-02-09,AE901159238,LDEBIT,GW-NIMBUS,Success,7,-1572.19,AED,-19.85,-8.23,-11.62,Success,DQ-T07
2024-07-21,EG259754316,CARD,GW-ATLAS,Success,55,20362.69,EGP,28507.77,492.61,28015.16,Success,DQ-T09
2026-06-20,OM761036673,LDEBIT,GW-NIMBUS,CHARGEBACK?,11,42.77,OMR,0.0,0.06,-0.06,,DQ-T05
2026-06-07,SA710370541,CARD,GW-ORION,CHARGEBACK?,96,58007.97,SAR,867.62,765.08,102.54,,DQ-T05
,EG783358166,WALLET,GW-NILE,Failed,6,1719.75,EGP,0.0,2.42,-2.42,Failed,DQ-T02
,EG529532780,CARD,GW-ATLAS,Success,4,7321.08,EGP,192.86,121.93,70.93,Success,DQ-T02
2025-11-03,SA597658531,TOKEN,GW-ATLAS,Success,283,44354.03,SAR,62095.64,749.17,61346.47,Success,DQ-T09
,AE713987880,CARD,GW-ORION,Voided,1,143.37,AED,0.0,0.04,-0.04,Voided,DQ-T02
2025-08-26,AE426640224,CARD,GW-ATLAS,Success,31,2347.36,AED,3286.3,42.65,3243.65,Success,DQ-T09
,OM454436104,CARD,GW-NIMBUS,Success,1,55.8,OMR,1.36,0.78,0.58,Success,DQ-T02
,EG447972836,WALLET,GW-NILE,Success,2,2077.66,EGP,44.66,20.2,24.46,Success,DQ-T02
2024-07-14,SA954952952,CARD,GW-ORION,PENDING_REVIEW,83,3625.19,SAR,0.0,3.74,-3.74,,DQ-T05
2026-01-15,SA174215481,LDEBIT,GW-NIMBUS,Success,0,1725.11,SAR,20.88,8.94,11.94,Success,DQ-T08
2024-09-23,EG259754316,BNPL,GW-ATLAS,Success,12,-4746.19,EGP,-207.69,-175.61,-32.08,Success,DQ-T07
2025-07-20,SA391124455,TOKEN,GW-ORION,Success,0,455.93,SAR,12.58,6.73,5.85,Success,DQ-T08
2025-09-18,SA687319923,CARD,GW-ORION,CHARGEBACK?,2,1016.24,SAR,0.0,0.09,-0.09,,DQ-T05
,EG841233405,LDEBIT,GW-NILE,Success,1,1014.49,EGP,13.66,5.89,7.77,Success,DQ-T02
2026-03-04,XX784407611,CARD,GW-ATLAS,Success,4,2160.91,AED,52.04,32.59,19.45,Success,DQ-T04
2025-11-19,EG680139391,LDEBIT,GW-NILE,PENDING_REVIEW,4,1664.35,EGP,0.0,1.63,-1.63,,DQ-T05
,SA765577175,CARD,GW-ORION,Voided,1,84.1,SAR,0.0,0.04,-0.04,Voided,DQ-T02
2024-11-13,XX696839832,TOKEN,GW-NIMBUS,Voided,2,87.35,SAR,0.0,0.11,-0.11,Voided,DQ-T04
,AE761816465,CARD,GW-ORION,Success,29,3465.37,AED,88.88,50.76,38.12,Success,DQ-T02
2025-08-20,SA819868069,CARD,GW-NIMBUS,PENDING_REVIEW,5,663.9,SAR,0.0,0.28,-0.28,,DQ-T05
2025-05-20,SA716580826,CARD,GW-ATLAS,UNKNOWN,6,266.55,SAR,0.0,0.45,-0.45,,DQ-T05
2025-04-22,AE798073466,BNPL,GW-ATLAS,Success,4,1041.72,AED,1458.41,36.3,1422.11,Success,DQ-T09
2026-01-05,EG216145371,LDEBIT,GW-NILE,CHARGEBACK?,1,4434.29,EGP,53.94,19.73,34.21,,DQ-T05
2024-10-13,AE462770123,CARD,GW-ORION,UNKNOWN,1,307.98,AED,0.0,0.04,-0.04,,DQ-T05
2024-12-19,EG631844222,WALLET,GW-NILE,Success,0,536.31,EGP,15.54,7.78,7.76,Success,DQ-T08
2026-01-17,AE761816465,CARD,GW-ORION,Success,0,2629.06,AED,67.04,38.29,28.75,Success,DQ-T08
2024-09-25,AE462770123,CARD,GW-ORION,CHARGEBACK?,10,3375.1,AED,84.18,45.45,38.73,,DQ-T05
2025-06-29,SA912413819,TOKEN,GW-ATLAS,UNKNOWN,1,33.45,SAR,0.0,0.08,-0.08,,DQ-T05
2025-07-14,SA247609412,TOKEN,GW-ORION,Success,0,1920.49,SAR,57.17,33.57,23.6,Success,DQ-T08
2025-07-10,SA592705693,LDEBIT,GW-NIMBUS,Success,0,6764.99,SAR,76.05,31.79,44.26,Success,DQ-T08
,OM954248664,CARD,GW-NIMBUS,Success,15,103.76,OMR,2.88,1.78,1.1,Success,DQ-T02
2024-10-06,EG741980516,BANKTR,GW-NILE,Success,0,61043.37,EGP,680.01,451.37,228.64,Success,DQ-T08
2024-07-01,EG165126097,TOKEN,GW-NILE,Success,1,-1574.48,EGP,-42.01,-22.39,-19.62,Success,DQ-T07
2025-11-29,AE878919871,CARD,GW-ORION,Success,147,-30732.1,AED,-703.05,-426.11,-276.94,Success,DQ-T07
2025-10-24,SA765577175,CARD,GW-ORION,Success,253,20504.34,SAR,28706.08,319.32,28386.76,Success,DQ-T09
2025-10-31,EG249264164,TOKEN,GW-ATLAS,Success,1,-948.53,EGP,-27.82,-18.07,-9.75,Success,DQ-T07
,SA385404287,LDEBIT,GW-NIMBUS,Refunded,3,180.3,SAR,0.0,1.69,-1.69,Refunded,DQ-T02
2025-02-01,AE889475271,TOKEN,GW-ORION,Success,8,-384.61,AED,-12.38,-6.86,-5.52,Success,DQ-T07
2025-08-07,AE518894994,LDEBIT,GW-NIMBUS,CHARGEBACK?,2,110.21,AED,0.0,0.11,-0.11,,DQ-T05
2024-12-20,EG988355477,LDEBIT,GW-NILE,Success,1,-1531.79,EGP,-20.5,-7.92,-12.58,Success,DQ-T07
,EG403388419,BNPL,GW-NILE,Success,16,26631.97,EGP,1176.07,773.27,402.8,Success,DQ-T02
2025-09-10,EG817160608,CARD,GW-NILE,Success,4,-1562.28,EGP,-58.22,-29.78,-28.44,Success,DQ-T07
,OM284198769,CARD,GW-NIMBUS,Failed,15,222.68,OMR,0.0,0.09,-0.09,Failed,DQ-T02
,EG165126097,CARD,GW-ATLAS,Success,1,1463.94,EGP,38.96,25.14,13.82,Success,DQ-T02
2025-03-30,SA320986752,CARD,GW-NIMBUS,UNKNOWN,12,10332.57,SAR,0.0,0.68,-0.68,,DQ-T05
,SA865281392,CARD,GW-ATLAS,Failed,5,1873.47,SAR,0.0,0.38,-0.38,Failed,DQ-T02
,AE744794983,TOKEN,GW-NIMBUS,Success,12,1906.72,AED,47.86,29.56,18.3,Success,DQ-T02
2026-04-11,EG696983188,CARD,GW-ATLAS,CHARGEBACK?,31,10628.44,EGP,0.0,31.81,-31.81,,DQ-T05
2026-05-12,XX340098036,WALLET,GW-NILE,Voided,1,277.51,EGP,0.0,0.41,-0.41,Voided,DQ-T04
2024-11-11,AE878919871,BNPL,GW-ATLAS,Success,31,7447.82,AED,10426.95,259.67,10167.28,Success,DQ-T09
2025-09-04,SA720574277,BNPL,GW-ATLAS,Success,3,-289.42,SAR,-14.3,-10.23,-4.07,Success,DQ-T07
2025-10-09,AE713987880,CARD,GW-ORION,CHARGEBACK?,36,5639.59,AED,151.38,80.17,71.21,,DQ-T05
,EG873952802,TOKEN,GW-NILE,Failed,4,5166.39,EGP,0.0,1.58,-1.58,Failed,DQ-T02
,SA977935480,CARD,GW-ORION,Success,63,6640.3,SAR,187.1,99.19,87.91,Success,DQ-T02
2024-08-20,SA860742247,TOKEN,GW-ATLAS,UNKNOWN,3,586.06,SAR,0.0,0.22,-0.22,,DQ-T05
,EG614572570,TOKEN,GW-ATLAS,Failed,1,4744.12,EGP,0.0,1.0,-1.0,Failed,DQ-T02
2025-04-06,AE163417336,BANKTR,GW-NIMBUS,Success,5,59710.96,AED,83595.34,36.56,83558.78,Success,DQ-T09
2025-08-27,SA597658531,BNPL,GW-ATLAS,PENDING_REVIEW,1,154.8,SAR,0.0,0.08,-0.08,,DQ-T05
2026-04-28,SA972748866,CARD,GW-ORION,UNKNOWN,12,1564.68,SAR,0.0,0.54,-0.54,,DQ-T05
,EG304469248,CARD,GW-NILE,Success,7,30606.16,EGP,725.51,389.71,335.8,Success,DQ-T02
,AE875103901,CARD,GW-ATLAS,Success,120,5912.37,AED,181.12,118.81,62.31,Success,DQ-T02
,AE901159238,TOKEN,GW-ORION,SUCCESS,5,1344.08,AED,34.97,18.97,16.0,Success,DQ-T02
2024-08-06,SA847687864,CARD,GW-NIMBUS,PENDING_REVIEW,1,128.67,SAR,0.0,0.06,-0.06,,DQ-T05
,SA124881724,LDEBIT,GW-NIMBUS,Voided,1,116.57,SAR,0.0,0.06,-0.06,Voided,DQ-T02
2026-06-09,AE554805022,CARD,GW-NIMBUS,UNKNOWN,36,34025.21,AED,781.85,467.93,313.92,,DQ-T05
,OM236113503,LDEBIT,GW-NIMBUS,Success,25,712.08,OMR,5.29,3.64,1.65,Success,DQ-T02
,EG897740135,CARD,GW-ATLAS,Voided,2,660.09,EGP,0.0,2.06,-2.06,Voided,DQ-T02
,SA397646855,TOKEN,GW-ORION,Voided,1,51.34,SAR,0.0,0.04,-0.04,Voided,DQ-T02
2026-03-31,XX766602627,BNPL,GW-NILE,Success,12,16005.59,EGP,685.84,465.91,219.93,Success,DQ-T04
2025-06-07,SA605999505,CARD,GW-ATLAS,UNKNOWN,3,642.19,SAR,0.0,0.22,-0.22,,DQ-T05
2025-05-09,EG680139391,WALLET,GW-NILE,Success,60,-24795.17,EGP,-614.35,-305.45,-308.9,Success,DQ-T07
2024-08-23,OM939316312,CARD,GW-NIMBUS,Success,22,-184.86,OMR,-5.31,-3.05,-2.26,Success,DQ-T07
,AE410140017,CARD,GW-NIMBUS,Success,797,132863.85,AED,2061.54,1983.92,77.62,Success,DQ-T02
2025-02-06,XX971692799,WALLET,GW-NILE,Failed,6,1741.56,EGP,0.0,2.36,-2.36,Failed,DQ-T04
,EG624580946,TOKEN,GW-ATLAS,REFUND,12,2260.28,EGP,0.0,92.87,-92.87,Refunded,DQ-T02
,OM936304206,CARD,GW-ATLAS,Failed,3,59.35,OMR,0.0,0.02,-0.02,Failed,DQ-T02
2024-11-24,EG331354329,WALLET,GW-NILE,CHARGEBACK?,13,4617.12,EGP,0.0,5.08,-5.08,,DQ-T05
2024-09-15,SA829535554,CARD,GW-ORION,Success,0,32095.46,SAR,530.04,412.13,117.91,Success,DQ-T08
2025-06-25,XX848397081,CARD,GW-ATLAS,Refunded,1,100.49,AED,0.0,0.55,-0.55,Refunded,DQ-T04
2025-08-24,XX210458726,BANKTR,GW-NILE,Success,195,170273.28,EGP,4415.21,3191.9,1223.31,Success,DQ-T04
,EG987489356,WALLET,GW-NILE,Failed,91,26499.02,EGP,0.0,35.69,-35.69,Failed,DQ-T02
2026-01-15,EG509980512,TOKEN,GW-NILE,UNKNOWN,7,2021.47,EGP,84.36,44.21,40.15,,DQ-T05
2025-08-02,SA251636450,TOKEN,GW-ORION,Success,6,366.39,SAR,512.95,6.21,506.74,Success,DQ-T09
2025-11-24,SA819868069,LDEBIT,GW-NIMBUS,CHARGEBACK?,11,1460.58,SAR,0.0,0.62,-0.62,,DQ-T05
2026-06-06,XX990033454,LDEBIT,GW-NIMBUS,Success,17,2219.5,AED,19.63,12.8,6.83,Success,DQ-T04
,SA251636450,CARD,GW-NIMBUS,Failed,1,63.34,SAR,0.0,0.06,-0.06,Failed,DQ-T02
,OM436896345,TOKEN,GW-ATLAS,Success,27,81.76,OMR,2.93,2.0,0.93,Success,DQ-T02
,AE436682771,CARD,GW-ATLAS,Failed,1,208.01,AED,0.0,0.07,-0.07,Failed,DQ-T02
,SA597673425,CARD,GW-NIMBUS,Success,5,186.4,SAR,6.87,3.74,3.13,Success,DQ-T02
,EG916667859,WALLET,GW-NILE,Success,1,894.79,EGP,19.83,9.01,10.82,Success,DQ-T02
,EG403388419,CARD,GW-NILE,Refunded,1,1419.45,EGP,0.0,7.24,-7.24,Refunded,DQ-T02
2025-11-30,EG305582435,CARD,GW-NILE,UNKNOWN,3,5727.12,EGP,140.56,77.69,62.87,,DQ-T05
2025-08-25,SA897535524,LDEBIT,GW-NIMBUS,PENDING_REVIEW,4,3349.85,SAR,39.07,15.75,23.32,,DQ-T05
2025-02-06,XX876408052,WALLET,GW-NILE,Failed,9,1988.25,EGP,0.0,3.53,-3.53,Failed,DQ-T04
2025-12-28,AE125858239,TOKEN,GW-ORION,Success,0,2411.05,AED,56.24,34.47,21.77,Success,DQ-T08
2026-04-09,SA754882184,LDEBIT,GW-NIMBUS,PENDING_REVIEW,1,146.33,SAR,0.0,0.56,-0.56,,DQ-T05
2024-09-01,EG873952802,CARD,GW-ATLAS,UNKNOWN,37,46608.46,EGP,0.0,35.7,-35.7,,DQ-T05
,SA110751010,TOKEN,GW-ORION,Success,4,295.5,SAR,8.73,4.82,3.91,Success,DQ-T02
2025-09-05,AE123781768,CARD,GW-ORION,Success,0,21301.5,AED,361.33,367.48,-6.15,Success,DQ-T08
,AE307567415,TOKEN,GW-ORION,Failed,7,1275.96,AED,0.0,0.31,-0.31,Failed,DQ-T02
,AE389283318,LDEBIT,GW-NIMBUS,Failed,1,94.7,AED,0.0,0.06,-0.06,Failed,DQ-T02
2025-05-16,XX181515319,LDEBIT,GW-NIMBUS,Refunded,1,46.65,AED,0.0,0.55,-0.55,Refunded,DQ-T04
2025-01-11,EG724883181,WALLET,GW-NILE,Success,0,6549.04,EGP,163.26,85.64,77.62,Success,DQ-T08
,OM371938797,CARD,GW-ATLAS,Success,686,5230.89,OMR,94.37,95.79,-1.42,Success,DQ-T02
2025-06-10,XX662239186,WALLET,GW-NILE,Success,3,1793.76,EGP,40.45,19.77,20.68,Success,DQ-T04
2025-05-10,EG762971123,BNPL,GW-NILE,PENDING_REVIEW,2,3975.72,EGP,184.99,115.3,69.69,,DQ-T05
,AE317795493,CARD,GW-NIMBUS,Failed,15,4015.53,AED,0.0,0.83,-0.83,Failed,DQ-T02
,SA710370541,CARD,GW-ORION,Failed,9,5647.82,SAR,0.0,0.4,-0.4,Failed,DQ-T02
2024-09-13,EG352362522,CARD,GW-NILE,Success,6,7984.67,EGP,11178.54,112.35,11066.19,Success,DQ-T09
2026-05-29,SA247806531,CARD,GW-ATLAS,CHARGEBACK?,5,256.27,SAR,0.0,0.38,-0.38,,DQ-T05
2026-01-30,SA939182412,LDEBIT,GW-NIMBUS,UNKNOWN,1,38.37,SAR,0.0,0.06,-0.06,,DQ-T05
2025-05-03,XX797116506,CARD,GW-NIMBUS,Success,4,963.1,SAR,25.96,13.98,11.98,Success,DQ-T04
2026-06-29,XX145312055,CARD,GW-ATLAS,Refunded,1,849.99,EGP,0.0,7.72,-7.72,Refunded,DQ-T04
,SA972748866,BNPL,GW-ATLAS,Voided,5,651.95,SAR,0.0,0.38,-0.38,Voided,DQ-T02
,AE875103901,TOKEN,GW-ORION,Success,25,1276.39,AED,39.43,22.44,16.99,Success,DQ-T02
2025-07-03,AE779501806,TOKEN,GW-ORION,Success,0,1529.58,AED,37.37,20.78,16.59,Success,DQ-T08
2025-12-21,OM486301998,LDEBIT,GW-NIMBUS,Success,4,-19.01,OMR,-0.3,-0.15,-0.15,Success,DQ-T07
2025-05-11,SA819868069,LDEBIT,GW-NIMBUS,Success,208,-28123.21,SAR,-290.19,-161.65,-128.54,Success,DQ-T07
,OM251384670,CARD,GW-NIMBUS,Success,4,175.22,OMR,4.11,2.47,1.64,Success,DQ-T02
,AE827819347,TOKEN,GW-NIMBUS,Success,27,1723.98,AED,49.58,30.58,19.0,Success,DQ-T02
,EG403388419,LDEBIT,GW-NILE,Failed,2,3255.31,EGP,0.0,0.81,-0.81,Failed,DQ-T02
2025-08-21,AE123781768,TOKEN,GW-ORION,PENDING_REVIEW,3,149.38,AED,0.0,0.13,-0.13,,DQ-T05
2025-01-14,EG331354329,LDEBIT,GW-NILE,UNKNOWN,1,356.67,EGP,0.0,0.39,-0.39,,DQ-T05
2026-04-03,XX942536084,CARD,GW-ORION,Success,16,6266.36,SAR,154.5,83.9,70.6,Success,DQ-T04
2026-02-19,EG427255297,CARD,GW-ATLAS,CAPTURED,5,-20917.99,EGP,-522.69,-323.97,-198.72,Success,DQ-T07
2024-08-24,OM284198769,LDEBIT,GW-NIMBUS,Success,90,-1347.71,OMR,-12.18,-7.62,-4.56,Success,DQ-T07
,EG897740135,TOKEN,GW-NILE,Success,3,712.84,EGP,31.27,17.08,14.19,Success,DQ-T02
2024-08-01,XX904516353,TOKEN,GW-ATLAS,Success,8,2459.73,EGP,99.43,65.87,33.56,Success,DQ-T04
2024-08-11,SA775621648,TOKEN,GW-NIMBUS,CHARGEBACK?,1,44.72,SAR,1.43,0.87,0.56,,DQ-T05
,SA589749602,CARD,GW-ORION,Voided,1,173.79,SAR,0.0,0.04,-0.04,Voided,DQ-T02
,EG429684322,CARD,GW-NILE,Failed,1,349.18,EGP,0.0,0.41,-0.41,Failed,DQ-T02
,SA734980407,LDEBIT,GW-NIMBUS,Refunded,3,251.84,SAR,0.0,1.69,-1.69,Refunded,DQ-T02
2024-09-20,XX125440403,CARD,GW-NILE,Refunded,1,1741.19,EGP,0.0,7.24,-7.24,Refunded,DQ-T04
,SA268987858,BNPL,GW-ATLAS,SETTLED,2,68.3,SAR,3.19,2.51,0.68,Success,DQ-T02
,SA200244788,CARD,GW-ORION,Success,51,2852.25,SAR,87.52,47.95,39.57,Success,DQ-T02
2025-02-16,XX435305558,WALLET,GW-NILE,Failed,1,596.47,EGP,0.0,0.39,-0.39,Failed,DQ-T04
2025-07-03,EG987489356,TOKEN,GW-NILE,CHARGEBACK?,10,2981.21,EGP,0.0,4.02,-4.02,,DQ-T05
2024-07-09,XX109086139,TOKEN,GW-ORION,Refunded,7,1982.57,SAR,0.0,3.94,-3.94,Refunded,DQ-T04
,AE782539735,TOKEN,GW-ORION,Refunded,1,60.29,AED,0.0,0.55,-0.55,Refunded,DQ-T02
,EG605770113,CARD,GW-ATLAS,Approved,4,8022.19,EGP,216.41,131.58,84.83,Success,DQ-T02
,AE403257742,CARD,GW-ORION,Success,5,38225.2,AED,639.26,491.14,148.12,Success,DQ-T02
,SA779172798,LDEBIT,GW-NIMBUS,Failed,1,144.08,SAR,0.0,0.06,-0.06,Failed,DQ-T02
2025-11-09,SA315873581,CARD,GW-ORION,CHARGEBACK?,1,40.67,SAR,0.0,0.04,-0.04,,DQ-T05
,SA660258875,LDEBIT,GW-NIMBUS,Refunded,1,248.5,SAR,0.0,0.56,-0.56,Refunded,DQ-T02
2025-10-09,SA954952952,LDEBIT,GW-NIMBUS,Success,251,-10940.65,SAR,-166.75,-91.59,-75.16,Success,DQ-T07
2024-10-12,SA434781636,TOKEN,GW-NIMBUS,Success,2,263.87,SAR,369.42,4.18,365.24,Success,DQ-T09
,EG276584921,LDEBIT,GW-NILE,Success,4,5031.85,EGP,62.3,27.25,35.05,Success,DQ-T02
2024-12-07,AE125858239,CARD,GW-ORION,CHARGEBACK?,69,15865.28,AED,361.21,218.47,142.74,,DQ-T05
2026-03-17,SA158425015,LDEBIT,GW-NIMBUS,PENDING_REVIEW,1,39.99,SAR,0.0,0.06,-0.06,,DQ-T05
2025-05-28,XX222913551,LDEBIT,GW-NIMBUS,Success,20,3005.61,AED,26.18,16.83,9.35,Success,DQ-T04
2025-01-11,EG389262771,TOKEN,GW-NILE,Success,53,19265.3,EGP,26971.42,380.4,26591.02,Success,DQ-T09
2026-01-25,SA487858809,LDEBIT,GW-NIMBUS,CHARGEBACK?,3,136.99,SAR,0.0,0.17,-0.17,,DQ-T05
,EG537155658,LDEBIT,GW-NILE,Refunded,2,555.86,EGP,0.0,15.28,-15.28,Refunded,DQ-T02
2026-04-13,SA765577175,CARD,GW-ORION,CHARGEBACK?,17,1429.78,SAR,0.0,0.76,-0.76,,DQ-T05
2025-12-12,AE123781768,LDEBIT,GW-NIMBUS,UNKNOWN,1,41.32,AED,0.0,0.55,-0.55,,DQ-T05
,AE783290352,CARD,GW-ORION,Success,7,420.55,AED,13.23,6.92,6.31,Success,DQ-T02
2026-04-11,XX762870198,TOKEN,GW-ATLAS,Refunded,1,2.21,OMR,0.0,0.06,-0.06,Refunded,DQ-T04
2025-12-06,XX421996756,LDEBIT,GW-NILE,Failed,1,7353.59,EGP,0.0,0.41,-0.41,Failed,DQ-T04
2025-01-23,XX480053463,CARD,GW-NIMBUS,FAILED,10,469.01,SAR,0.0,0.56,-0.56,Failed,DQ-T04
,EG704826709,WALLET,GW-NILE,Success,2,1202.22,EGP,28.65,13.11,15.54,Success,DQ-T02
,EG730609269,CARD,GW-ATLAS,Success,4,8287.74,EGP,221.12,136.02,85.1,Success,DQ-T02
2025-10-16,SA988802623,LDEBIT,GW-NIMBUS,UNKNOWN,16,4005.25,SAR,48.7,20.72,27.98,,DQ-T05
,OM713381935,CARD,GW-NIMBUS,Failed,1,73.61,OMR,0.0,0.01,-0.01,Failed,DQ-T02
,SA779172798,BNPL,GW-ATLAS,Success,8,928.69,SAR,42.76,32.7,10.06,Success,DQ-T02
2026-04-22,EG215045135,WALLET,GW-NILE,CHARGEBACK?,1,7254.43,EGP,0.0,7.7,-7.7,,DQ-T05
2026-06-05,SA377490747,LDEBIT,GW-NIMBUS,UNKNOWN,2,762.6,SAR,9.13,3.77,5.36,,DQ-T05
,EG967183698,LDEBIT,GW-NILE,Voided,7,2478.04,EGP,0.0,2.85,-2.85,Voided,DQ-T02
2025-02-19,XX854428477,CARD,GW-NIMBUS,Refunded,1,212.2,AED,0.0,0.55,-0.55,Refunded,DQ-T04
2025-12-13,SA852543984,LDEBIT,GW-NIMBUS,PENDING_REVIEW,4,950.18,SAR,0.0,0.22,-0.22,,DQ-T05
2025-07-28,AE410140017,LDEBIT,GW-NIMBUS,PENDING_REVIEW,3,488.81,AED,0.0,0.17,-0.17,,DQ-T05
,SA211354199,LDEBIT,GW-NIMBUS,Refunded,1,147.23,SAR,0.0,0.56,-0.56,Refunded,DQ-T02
2025-07-04,XX414529827,LDEBIT,GW-NIMBUS,Failed,1,739.49,SAR,0.0,0.06,-0.06,Failed,DQ-T04
2025-11-10,XX922773860,CARD,GW-ORION,Captured,5,556.62,SAR,15.02,8.25,6.77,Success,DQ-T04
2026-01-08,XX793920345,LDEBIT,GW-NIMBUS,Success,199,10920.64,AED,117.39,82.03,35.36,Success,DQ-T04
2026-01-19,EG229215706,CARD,GW-NILE,Success,8,2893.3,EGP,4050.62,56.57,3994.05,Success,DQ-T09
,SA124881724,TOKEN,GW-ATLAS,Voided,1,116.57,SAR,0.0,0.08,-0.08,Voided,DQ-T02
2025-08-30,AE123781768,TOKEN,GW-ORION,UNKNOWN,101,4900.35,AED,84.82,87.24,-2.42,,DQ-T05
2026-03-03,SA999694215,LDEBIT,GW-NIMBUS,Success,12,-2155.26,SAR,-26.93,-11.72,-15.21,Success,DQ-T07
,AE904440734,LDEBIT,GW-NIMBUS,Success,10,475.52,AED,8.03,3.79,4.24,Success,DQ-T02
2024-10-04,EG217500923,LDEBIT,GW-NILE,UNKNOWN,1,590.89,EGP,0.0,0.39,-0.39,,DQ-T05
2026-06-03,EG286990334,WALLET,GW-NILE,Success,0,285353.26,EGP,3836.64,2318.56,1518.08,Success,DQ-T08
2024-08-21,SA159383546,CARD,GW-NIMBUS,APPROVED,23,-602.01,SAR,-23.53,-13.73,-9.8,Success,DQ-T07
2026-03-25,XX347994915,CARD,GW-NILE,Failed,1,535.93,EGP,0.0,0.41,-0.41,Failed,DQ-T04
,EG178731082,LDEBIT,GW-NILE,Refunded,2,899.52,EGP,0.0,15.1,-15.1,Refunded,DQ-T02
2025-12-24,EG967183698,LDEBIT,GW-NILE,PENDING_REVIEW,997,350082.58,EGP,3797.98,3194.1,603.88,,DQ-T05
2025-04-16,EG820064163,LDEBIT,GW-NILE,Success,2,2128.32,EGP,2979.65,12.1,2967.55,Success,DQ-T09
2024-10-19,OM761371745,CARD,GW-ATLAS,Success,0,134.16,OMR,2.93,2.01,0.92,Success,DQ-T08
,OM667112904,CARD,GW-NIMBUS,Voided,2,6.06,OMR,0.0,0.01,-0.01,Voided,DQ-T02
2026-01-07,EG279421850,CARD,GW-NILE,Success,75,-239090.16,EGP,-4061.97,-3105.75,-956.22,Success,DQ-T07
2026-04-17,EG511884968,LDEBIT,GW-NILE,Success,1,2428.5,EGP,3399.9,11.63,3388.27,Success,DQ-T09
2025-07-22,SA259363162,CARD,GW-ATLAS,CAPTURED,12,-1450.98,SAR,-35.92,-24.49,-11.43,Success,DQ-T07
,AE918231431,LDEBIT,GW-NIMBUS,Success,4,4788.54,AED,54.27,22.21,32.06,Success,DQ-T02
2025-06-11,SA597673425,LDEBIT,GW-NIMBUS,PENDING_REVIEW,4,174.7,SAR,3.04,1.46,1.58,,DQ-T05
2024-07-22,AE713987880,CARD,GW-ORION,Success,37,-5395.21,AED,-145.8,-77.25,-68.55,Success,DQ-T07
2025-12-19,EG150005962,TOKEN,GW-ATLAS,Captured,1,-619.14,EGP,-18.61,-13.13,-5.48,Success,DQ-T07
2025-10-29,SA865281392,CARD,GW-ATLAS,PENDING_REVIEW,3,1124.08,SAR,0.0,0.22,-0.22,,DQ-T05
,OM526413827,CARD,GW-NIMBUS,Success,5,31.99,OMR,0.92,0.56,0.36,Success,DQ-T02
2024-07-31,AE299289826,CARD,GW-NIMBUS,UNKNOWN,58,3018.55,AED,90.09,54.6,35.49,,DQ-T05
2025-08-23,XX102173041,LDEBIT,GW-NILE,Success,3,1020.86,EGP,19.01,9.33,9.68,Success,DQ-T04
2024-08-11,EG877654092,LDEBIT,GW-NILE,Success,288,-260513.08,EGP,-2398.79,-1543.38,-855.41,Success,DQ-T07
,AE155861221,LDEBIT,GW-NIMBUS,Success,7,431.7,AED,6.23,3.1,3.13,Success,DQ-T02
,EG509980512,TOKEN,GW-NILE,VOID,1,339.15,EGP,0.0,0.4,-0.4,Voided,DQ-T02
,AE520556972,CARD,GW-ATLAS,Refunded,5,511.14,AED,0.0,2.75,-2.75,Refunded,DQ-T02
,SA954952952,TOKEN,GW-NIMBUS,Failed,24,1048.25,SAR,0.0,1.35,-1.35,Failed,DQ-T02
,EG981274071,CARD,GW-ATLAS,Success,390,165880.56,EGP,5920.29,3907.52,2012.77,Success,DQ-T02
,EG774885021,TOKEN,GW-NILE,Success,2,8477.48,EGP,218.53,112.29,106.24,Success,DQ-T02
,EG217500923,LDEBIT,GW-NILE,Failed,1,595.94,EGP,0.0,0.39,-0.39,Failed,DQ-T02
2024-12-22,XX555075895,BNPL,GW-NILE,Failed,12,4281.48,EGP,0.0,4.71,-4.71,Failed,DQ-T04
,AE439650362,LDEBIT,GW-NIMBUS,Success,3,373.7,AED,4.88,2.18,2.7,Success,DQ-T02
2025-12-06,XX545964184,CARD,GW-NIMBUS,APPROVED,23,1079.17,SAR,33.94,20.18,13.76,Success,DQ-T04
2026-02-23,XX423677179,WALLET,GW-NILE,Success,9,7579.04,EGP,165.37,77.55,87.82,Success,DQ-T04
2026-03-29,XX126757308,BNPL,GW-NILE,Failed,1,1632.44,EGP,0.0,0.41,-0.41,Failed,DQ-T04
,SA815162718,TOKEN,GW-NIMBUS,Refunded,1,108.42,SAR,0.0,0.56,-0.56,Refunded,DQ-T02
2025-01-18,AE667080643,CARD,GW-ORION,SETTLED,10,-1969.76,AED,-50.08,-27.44,-22.64,Success,DQ-T07
2025-10-22,EG327394766,WALLET,GW-NILE,UNKNOWN,38,57034.23,EGP,1171.32,528.94,642.38,,DQ-T05
,EG554455116,TOKEN,GW-NILE,Success,2,19292.71,EGP,461.25,248.49,212.76,Success,DQ-T02
,SA362023155,BNPL,GW-ATLAS,Success,20,1299.68,SAR,57.64,46.42,11.22,Success,DQ-T02
2025-04-04,XX193057839,TOKEN,GW-ATLAS,Success,5,3251.79,EGP,96.52,67.56,28.96,Success,DQ-T04
2025-04-09,EG614572570,TOKEN,GW-ATLAS,CHARGEBACK?,4,20564.81,EGP,495.14,325.65,169.49,,DQ-T05
2025-10-10,AE678947423,CARD,GW-ATLAS,Success,12,-2463.08,AED,-61.77,-39.17,-22.6,Success,DQ-T07
,EG952454778,TOKEN,GW-NILE,Success,13,3918.96,EGP,158.37,82.87,75.5,Success,DQ-T02
2025-11-05,EG542845011,CARD,GW-ATLAS,PENDING_REVIEW,4,3083.47,EGP,97.38,60.04,37.34,,DQ-T05
2025-12-23,XX531693055,CARD,GW-NILE,Success,67,107640.99,EGP,2717.76,1488.6,1229.16,Success,DQ-T04
2025-07-26,AE681860470,CARD,GW-ORION,Success,0,399.46,AED,11.74,6.43,5.31,Success,DQ-T08
,SA847687864,LDEBIT,GW-NIMBUS,Success,9,1198.61,SAR,16.0,6.91,9.09,Success,DQ-T02
2026-06-26,SA640104269,TOKEN,GW-ORION,Success,1,-1376.86,SAR,-23.14,-18.54,-4.6,Success,DQ-T07
2025-04-25,XX278701109,CARD,GW-NILE,Success,10,12431.74,EGP,341.73,177.39,164.34,Success,DQ-T04
,EG686030808,LDEBIT,GW-NILE,Failed,8,6438.41,EGP,0.0,3.14,-3.14,Failed,DQ-T02
2026-01-06,XX574858886,LDEBIT,GW-NIMBUS,Success,3,412.17,SAR,4.96,2.36,2.6,Success,DQ-T04
,SA779172798,BNPL,GW-ATLAS,Failed,3,432.23,SAR,0.0,0.22,-0.22,Failed,DQ-T02
2025-08-10,OM688926128,CARD,GW-NIMBUS,CHARGEBACK?,6,63.28,OMR,0.0,0.03,-0.03,,DQ-T05
,EG916667859,CARD,GW-ATLAS,Success,4,5634.96,EGP,156.27,97.06,59.21,Success,DQ-T02
,SA423374323,LDEBIT,GW-NIMBUS,Success,11,908.98,SAR,13.39,5.95,7.44,Success,DQ-T02
2026-04-17,EG217500923,CARD,GW-ATLAS,Success,22,13445.49,EGP,18823.69,279.57,18544.12,Success,DQ-T09
2024-10-13,OM141192539,TOKEN,GW-NIMBUS,UNKNOWN,24,382.59,OMR,9.29,5.96,3.33,,DQ-T05
2024-10-28,SA763491142,TOKEN,GW-ORION,Success,1,454.07,SAR,635.7,6.26,629.44,Success,DQ-T09
2025-10-29,EG331354329,WALLET,GW-NILE,Success,0,29744.24,EGP,553.06,380.13,172.93,Success,DQ-T08
2026-06-22,XX320673643,CARD,GW-ATLAS,Voided,32,13612.78,EGP,0.0,32.92,-32.92,Voided,DQ-T04
2026-06-23,XX810975777,TOKEN,GW-ORION,Failed,1,110.43,AED,0.0,0.04,-0.04,Failed,DQ-T04
2026-05-01,SA289229597,LDEBIT,GW-NIMBUS,UNKNOWN,5,1775.25,SAR,21.52,8.83,12.69,,DQ-T05
2025-02-14,EG199157533,LDEBIT,GW-NILE,Success,1,-769.97,EGP,-11.73,-4.84,-6.89,Success,DQ-T07
2025-12-02,XX497012573,LDEBIT,GW-NILE,Success,1,5980.25,EGP,66.71,26.0,40.71,Success,DQ-T04
,SA487858809,CARD,GW-ATLAS,Success,47,1977.15,SAR,62.49,41.87,20.62,Success,DQ-T02
2025-03-06,EG465172400,WALLET,GW-NILE,Success,3,-3782.84,EGP,-75.79,-35.83,-39.96,Success,DQ-T07
2025-02-11,XX243547006,WALLET,GW-NILE,Failed,5,1064.38,EGP,0.0,1.96,-1.96,Failed,DQ-T04
2026-05-05,XX634436706,CARD,GW-ORION,Success,5,745.26,AED,19.11,10.65,8.46,Success,DQ-T04
,EG926950694,WALLET,GW-NILE,Failed,6,6981.95,EGP,0.0,2.33,-2.33,Failed,DQ-T02
,EG537339465,WALLET,GW-NILE,Refunded,4,1196.87,EGP,0.0,29.83,-29.83,Refunded,DQ-T02
2024-10-27,SA972748866,CARD,GW-ORION,PENDING_REVIEW,744,95667.52,SAR,1516.31,1392.46,123.85,,DQ-T05
2025-03-05,EG897740135,WALLET,GW-NILE,Success,0,1431.28,EGP,35.03,18.51,16.52,Success,DQ-T08
,EG728358410,BNPL,GW-NILE,Success,2,4688.62,EGP,191.86,135.82,56.04,Success,DQ-T02
2025-10-28,EG537339465,TOKEN,GW-ATLAS,Success,248,104342.8,EGP,146079.92,2501.59,143578.33,Success,DQ-T09
2026-01-23,EG249264164,LDEBIT,GW-NILE,Success,4,-4512.32,EGP,-61.97,-25.35,-36.62,Success,DQ-T07
2025-08-27,EG348432509,WALLET,GW-NILE,PENDING_REVIEW,1,5042.28,EGP,0.0,0.4,-0.4,,DQ-T05
2025-08-26,SA416884588,TOKEN,GW-NIMBUS,PENDING_REVIEW,1,206.85,SAR,0.0,0.06,-0.06,,DQ-T05
2024-07-26,EG216145371,CARD,GW-NILE,Success,2,-6178.5,EGP,-156.16,-80.17,-75.99,Success,DQ-T07
2025-05-23,SA624172387,CARD,GW-ORION,Success,14,580.5,SAR,812.7,10.57,802.13,Success,DQ-T09
2025-08-18,EG220900048,TOKEN,GW-NILE,Success,0,1125.21,EGP,29.06,16.8,12.26,Success,DQ-T08
2024-11-07,SA473410995,CARD,GW-NIMBUS,Success,0,871.29,SAR,22.4,12.98,9.42,Success,DQ-T08
2026-02-20,EG468145711,LDEBIT,GW-NILE,Success,0,910.47,EGP,13.33,5.48,7.85,Success,DQ-T08
2024-12-20,EG853730833,WALLET,GW-NILE,UNKNOWN,1,976.15,EGP,0.0,0.39,-0.39,,DQ-T05
,EG987489356,CARD,GW-ATLAS,DECLINED,310,93733.99,EGP,0.0,315.6,-315.6,Failed,DQ-T02
2024-11-19,AE282120405,TOKEN,GW-NIMBUS,Success,10,-407.02,AED,-13.71,-8.09,-5.62,Success,DQ-T07
,EG926950694,LDEBIT,GW-NILE,Success,199,244956.32,EGP,1991.62,1349.42,642.2,Success,DQ-T02
,SA307616362,CARD,GW-ORION,Failed,33,1689.04,SAR,0.0,1.48,-1.48,Failed,DQ-T02
,SA711632487,LDEBIT,GW-NIMBUS,Success,37,1468.79,SAR,24.29,12.85,11.44,Success,DQ-T02
2024-11-30,SA828250977,CARD,GW-NIMBUS,Success,1,-288.65,SAR,-7.39,-4.14,-3.25,Success,DQ-T07
2026-03-04,OM334471218,TOKEN,GW-ATLAS,Success,17,-423.63,OMR,-10.24,-6.89,-3.35,Success,DQ-T07
,EG926950694,WALLET,GW-NILE,Success,83,97850.47,EGP,1209.54,937.3,272.24,Success,DQ-T02
,EG838350410,WALLET,GW-NILE,Success,3,6713.15,EGP,132.97,59.73,73.24,Success,DQ-T02
2025-03-22,XX268779973,TOKEN,GW-ATLAS,Success,5,1202.97,AED,30.8,19.55,11.25,Success,DQ-T04
2025-04-10,EG631107574,LDEBIT,GW-NILE,PENDING_REVIEW,1,268.53,EGP,0.0,0.4,-0.4,,DQ-T05
,EG770407516,TOKEN,GW-ATLAS,Voided,3,829.06,EGP,0.0,2.91,-2.91,Voided,DQ-T02
2026-05-26,EG655465870,CARD,GW-ATLAS,PENDING_REVIEW,87,28607.04,EGP,1102.2,749.0,353.2,,DQ-T05
,AE671906697,CARD,GW-ORION,Refunded,22,2928.93,AED,0.0,12.12,-12.12,Refunded,DQ-T02
2025-05-20,SA853040870,BNPL,GW-ATLAS,Success,1,-53.73,SAR,-2.4,-1.93,-0.47,Success,DQ-T07
2025-10-17,XX242594854,TOKEN,GW-ATLAS,APPROVED,6,308.57,SAR,9.64,6.33,3.31,Success,DQ-T04
2024-10-20,EG622517179,CARD,GW-NILE,PENDING_REVIEW,14,7018.73,EGP,234.43,121.34,113.09,,DQ-T05
,AE852316595,CARD,GW-ORION,Success,43,4298.58,AED,123.06,64.5,58.56,Success,DQ-T02
2026-02-26,XX447683609,LDEBIT,GW-NIMBUS,Refunded,2,27.35,OMR,0.0,0.12,-0.12,Refunded,DQ-T04
2025-01-30,EG799575469,CARD,GW-ATLAS,CHARGEBACK?,2,724.69,EGP,0.0,1.96,-1.96,,DQ-T05
2025-07-15,XX755605826,LDEBIT,GW-NILE,Refunded,1,1271.37,EGP,0.0,7.53,-7.53,Refunded,DQ-T04
,EG911025364,TOKEN,GW-ATLAS,Approved,13,2473.79,EGP,129.85,85.38,44.47,Success,DQ-T02
2025-04-18,EG537339465,LDEBIT,GW-NILE,UNKNOWN,400,170284.65,EGP,2074.69,1385.59,689.1,,DQ-T05
2026-04-19,EG486344028,WALLET,GW-NILE,PENDING_REVIEW,1,351.56,EGP,0.0,7.7,-7.7,,DQ-T05
2024-11-13,AE861319254,BNPL,GW-ATLAS,Success,3,732.43,AED,1025.4,25.53,999.87,Success,DQ-T09
,EG967183698,CARD,GW-NILE,Success,3162,1113217.27,EGP,24505.41,22124.21,2381.2,Success,DQ-T02
,SA900572493,LDEBIT,GW-NIMBUS,Success,16,6795.41,SAR,83.23,33.28,49.95,Success,DQ-T02
,EG290794122,LDEBIT,GW-NILE,Success,4,15954.11,EGP,184.61,71.69,112.92,Success,DQ-T02
2024-10-24,XX621095367,TOKEN,GW-NILE,Failed,2,3106.63,EGP,0.0,0.78,-0.78,Failed,DQ-T04
2025-09-22,AE769624570,CARD,GW-NIMBUS,UNKNOWN,4,3448.29,AED,76.26,47.51,28.75,,DQ-T05
2025-02-18,EG537155658,WALLET,GW-NILE,Success,0,17482.12,EGP,527.35,272.12,255.23,Success,DQ-T08
2025-11-12,SA764037736,LDEBIT,GW-NIMBUS,Success,0,46124.69,SAR,428.44,242.66,185.78,Success,DQ-T08
,EG550259154,TOKEN,GW-NILE,Voided,2,669.19,EGP,0.0,0.83,-0.83,Voided,DQ-T02
2024-11-17,SA716580826,TOKEN,GW-NIMBUS,CHARGEBACK?,7,312.15,SAR,10.7,6.08,4.62,,DQ-T05
,EG305582435,LDEBIT,GW-NILE,Voided,1,2188.54,EGP,0.0,0.41,-0.41,Voided,DQ-T02
2025-08-23,EG930327972,WALLET,GW-NILE,Success,2,16769.63,EGP,23477.48,139.3,23338.18,Success,DQ-T09
,EG389262771,WALLET,GW-NILE,Success,36,12380.29,EGP,305.28,165.09,140.19,Success,DQ-T02
,EG819867905,CARD,GW-NILE,Success,1,7197.17,EGP,157.17,90.15,67.02,Success,DQ-T02
,EG724883181,WALLET,GW-NILE,Failed,1,347.47,EGP,0.0,0.4,-0.4,Failed,DQ-T02
,EG760725891,BNPL,GW-ATLAS,Success,9,8227.69,EGP,358.07,293.58,64.49,Success,DQ-T02
,EG981274071,LDEBIT,GW-NILE,Failed,7,2875.12,EGP,0.0,2.74,-2.74,Failed,DQ-T02
,SA362023155,BNPL,GW-ATLAS,Refunded,1,78.55,SAR,0.0,0.56,-0.56,Refunded,DQ-T02
2024-08-30,XX883879308,TOKEN,GW-ATLAS,Success,39,15953.06,EGP,571.0,381.01,189.99,Success,DQ-T04
,SA710370541,TOKEN,GW-ORION,Voided,2,1255.07,SAR,0.0,0.09,-0.09,Voided,DQ-T02
2026-01-27,AE200431265,TOKEN,GW-ORION,Success,0,3103.35,AED,69.09,42.37,26.72,Success,DQ-T08
,EG331354329,TOKEN,GW-NILE,Voided,4,1481.9,EGP,0.0,1.63,-1.63,Voided,DQ-T02
,AE545364971,LDEBIT,GW-NIMBUS,Voided,1,115.9,AED,0.0,0.06,-0.06,Voided,DQ-T02
2024-12-06,SA267227056,TOKEN,GW-ORION,CHARGEBACK?,2,573.51,SAR,0.0,0.09,-0.09,,DQ-T05
2026-03-13,SA853040870,TOKEN,GW-ORION,Success,3,-123.76,SAR,-3.95,-2.32,-1.63,Success,DQ-T07
2025-08-04,SA955742346,TOKEN,GW-NIMBUS,Success,1,-1399.85,SAR,-33.27,-19.84,-13.43,Success,DQ-T07
2025-09-22,XX793597268,CARD,GW-ORION,Success,2,300.61,SAR,7.7,4.3,3.4,Success,DQ-T04
,SA775621648,CARD,GW-ATLAS,Success,5,230.56,SAR,7.2,4.75,2.45,Success,DQ-T02
,SA951904107,CARD,GW-ATLAS,Refunded,1,308.27,SAR,0.0,0.56,-0.56,Refunded,DQ-T02
,AE621587952,TOKEN,GW-ORION,Failed,1,297.86,AED,0.0,0.04,-0.04,Failed,DQ-T02
2025-09-23,XX734315540,CARD,GW-ATLAS,Refunded,1,214.79,EGP,0.0,7.64,-7.64,Refunded,DQ-T04
,SA190250693,CARD,GW-NIMBUS,Failed,1,799.34,SAR,0.0,0.06,-0.06,Failed,DQ-T02
2025-03-22,SA473410995,BNPL,GW-ATLAS,Success,0,87.84,SAR,4.14,3.11,1.03,Success,DQ-T08
2026-05-31,AE899860359,CARD,GW-ORION,Success,17,-818.17,AED,-25.59,-14.2,-11.39,Success,DQ-T07
2025-09-27,SA331993666,CARD,GW-ORION,Success,239,41912.44,SAR,58677.42,590.64,58086.78,Success,DQ-T09
,SA315873581,LDEBIT,GW-NIMBUS,Success,47,1798.85,SAR,28.24,16.03,12.21,Success,DQ-T02
2025-04-14,SA337097778,LDEBIT,GW-NIMBUS,Success,36,-15110.15,SAR,-117.9,-74.07,-43.83,Success,DQ-T07
2025-05-22,XX397838813,TOKEN,GW-NILE,Success,10,21831.94,EGP,576.62,301.48,275.14,Success,DQ-T04
2026-05-21,OM716128158,TOKEN,GW-NIMBUS,CHARGEBACK?,1,28.27,OMR,0.67,0.42,0.25,,DQ-T05
,EG849029255,LDEBIT,GW-NILE,Success,64,26162.17,EGP,489.23,219.12,270.11,Success,DQ-T02
,SA366690460,TOKEN,GW-NIMBUS,Success,1,43.62,SAR,1.45,0.85,0.6,Success,DQ-T02
,EG344164016,TOKEN,GW-NILE,Failed,1,326.3,EGP,0.0,0.39,-0.39,Failed,DQ-T02
2025-10-18,XX741558945,BNPL,GW-ATLAS,Success,1,1709.09,SAR,77.01,59.14,17.87,Success,DQ-T04
2024-11-09,OM501692260,CARD,GW-NIMBUS,Success,3,-144.52,OMR,-3.25,-2.03,-1.22,Success,DQ-T07
2025-06-04,AE920778970,CARD,GW-ATLAS,Success,1,-529.3,AED,-12.64,-7.99,-4.65,Success,DQ-T07
,EG717847087,WALLET,GW-NILE,Success,3,5446.59,EGP,101.59,49.47,52.12,Success,DQ-T02
,EG943656964,BNPL,GW-ATLAS,Failed,1,337.87,EGP,0.0,0.98,-0.98,Failed,DQ-T02
2024-10-05,EG259754316,TOKEN,GW-ATLAS,PENDING_REVIEW,2,513.38,EGP,0.0,14.58,-14.58,,DQ-T05
2025-01-09,EG750576392,WALLET,GW-NILE,Success,0,1538.22,EGP,35.36,15.89,19.47,Success,DQ-T08
,EG911025364,LDEBIT,GW-NILE,Failed,3,671.02,EGP,0.0,1.24,-1.24,Failed,DQ-T02
2024-07-14,EG877654092,TOKEN,GW-NILE,Success,161,-143300.81,EGP,-2739.92,-2215.94,-523.98,Success,DQ-T07
,SA596495663,CARD,GW-ORION,Voided,1,49.51,SAR,0.0,0.04,-0.04,Voided,DQ-T02
2024-08-17,EG643904514,WALLET,GW-NILE,CHARGEBACK?,3,1197.42,EGP,0.0,1.16,-1.16,,DQ-T05
,EG730609269,CARD,GW-ATLAS,APPROVED,3,5688.29,EGP,152.29,93.73,58.56,Success,DQ-T02
2025-08-19,SA972748866,LDEBIT,GW-NIMBUS,Success,0,56710.62,SAR,440.36,329.28,111.08,Success,DQ-T08
2025-05-14,EG518450463,TOKEN,GW-NILE,Success,1,-739.85,EGP,-23.26,-11.96,-11.3,Success,DQ-T07
2025-11-07,EG537272220,LDEBIT,GW-NILE,PENDING_REVIEW,1,1682.63,EGP,20.33,8.6,11.73,,DQ-T05
,SA753222305,TOKEN,GW-ATLAS,Failed,1,197.14,SAR,0.0,0.08,-0.08,Failed,DQ-T02
2025-03-12,EG758836714,WALLET,GW-NILE,Success,7,5766.22,EGP,8072.71,58.81,8013.9,Success,DQ-T09
,EG554455116,WALLET,GW-NILE,Failed,1,9502.86,EGP,0.0,0.39,-0.39,Failed,DQ-T02
2024-08-11,EG624580946,CARD,GW-NILE,CHARGEBACK?,10,2530.88,EGP,0.0,72.66,-72.66,,DQ-T05
2026-03-24,AE241754747,CARD,GW-NIMBUS,Success,39,-1868.17,AED,-60.55,-34.53,-26.02,Success,DQ-T07
2025-04-23,EG474518016,WALLET,GW-NILE,CHARGEBACK?,38,52905.23,EGP,1021.35,494.65,526.7,,DQ-T05
2025-08-19,AE317795493,TOKEN,GW-NIMBUS,CHARGEBACK?,3,803.11,AED,0.0,0.17,-0.17,,DQ-T05
,SA589749602,CARD,GW-ORION,Failed,11,1911.72,SAR,0.0,0.5,-0.5,Failed,DQ-T02
,AE282120405,TOKEN,GW-NIMBUS,Failed,1,40.88,AED,0.0,0.06,-0.06,Failed,DQ-T02
2026-04-01,EG771233717,CARD,GW-ATLAS,Success,9,-9367.21,EGP,-261.34,-170.75,-90.59,Success,DQ-T07
,SA847623511,CARD,GW-ORION,Success,15,1353.04,SAR,38.34,20.69,17.65,Success,DQ-T02
,EG310107271,TOKEN,GW-NILE,Voided,1,2322.01,EGP,0.0,0.39,-0.39,Voided,DQ-T02
2026-02-03,XX255580074,CARD,GW-ATLAS,Success,23,20851.64,EGP,602.6,391.34,211.26,Success,DQ-T04
,EG783358166,CARD,GW-ATLAS,Success,80,22552.64,EGP,949.78,623.72,326.06,Success,DQ-T02
2025-11-18,EG799575469,TOKEN,GW-NILE,UNKNOWN,9,3000.51,EGP,120.56,62.12,58.44,,DQ-T05
,OM107384993,LDEBIT,GW-NIMBUS,Refunded,1,19.2,OMR,0.0,0.06,-0.06,Refunded,DQ-T02
,AE761816465,CARD,GW-ORION,Voided,2,234.14,AED,0.0,0.09,-0.09,Voided,DQ-T02
,SA955742346,CARD,GW-ORION,Success,4,4875.67,SAR,113.59,63.4,50.19,Success,DQ-T02
2025-02-10,XX950068697,WALLET,GW-NILE,Voided,1,3579.08,EGP,0.0,0.39,-0.39,Voided,DQ-T04
,EG877654092,CARD,GW-NILE,Success,525,462390.18,EGP,8716.11,6965.95,1750.16,Success,DQ-T02
2025-02-24,EG105351460,CARD,GW-NILE,Success,19,-19782.75,EGP,-538.54,-289.77,-248.77,Success,DQ-T07
2024-11-05,SA999694215,CARD,GW-NIMBUS,Success,0,7967.95,SAR,201.01,117.07,83.94,Success,DQ-T08
2026-02-20,SA211354199,TOKEN,GW-ATLAS,Success,1,-86.34,SAR,-2.05,-1.58,-0.47,Success,DQ-T07
,SA726680999,CARD,GW-ORION,Success,23,1023.08,SAR,33.3,18.25,15.05,Success,DQ-T02
,AE634298413,CARD,GW-ORION,Failed,5,243.94,AED,0.0,0.22,-0.22,Failed,DQ-T02
2025-10-30,SA247609412,TOKEN,GW-ORION,PENDING_REVIEW,6,315.01,SAR,0.0,0.27,-0.27,,DQ-T05
,EG178731082,LDEBIT,GW-NILE,Success,13,7510.71,EGP,117.48,53.08,64.4,Success,DQ-T02
,EG686030808,LDEBIT,GW-NILE,Refunded,5,3021.29,EGP,0.0,38.18,-38.18,Refunded,DQ-T02
,OM267217098,CARD,GW-ATLAS,Refunded,11,148.01,OMR,0.0,0.63,-0.63,Refunded,DQ-T02
2026-03-15,SA487858809,CARD,GW-ATLAS,PENDING_REVIEW,1,49.07,SAR,0.0,0.56,-0.56,,DQ-T05
,EG389262771,CARD,GW-NILE,Success,121,45784.16,EGP,1592.61,879.14,713.47,Success,DQ-T02
2025-08-22,SA710370541,TOKEN,GW-ORION,UNKNOWN,1,627.54,SAR,0.0,0.04,-0.04,,DQ-T05
,EG163862782,LDEBIT,GW-NILE,Success,2,1770.71,EGP,26.13,10.77,262.79,Success,DQ-T02
2025-12-12,AE957433919,TOKEN,GW-NIMBUS,Success,1129,-176442.35,AED,-3827.38,-2739.7,-1087.68,Success,DQ-T07
,AE755938199,CARD,GW-NIMBUS,Failed,1,1186.33,AED,0.0,0.06,-0.06,Failed,DQ-T02
,AE642764712,CARD,GW-ATLAS,Failed,2,12086.9,AED,0.0,0.15,-0.15,Failed,DQ-T02
2025-05-29,EG989134753,WALLET,GW-NILE,Success,22,-160581.11,EGP,-2138.25,-1339.06,-799.19,Success,DQ-T07
,SA696833214,LDEBIT,GW-NIMBUS,Success,7,1380.63,SAR,15.63,7.39,8.24,Success,DQ-T02
2026-05-10,AE861319254,BNPL,GW-ATLAS,Success,1,-280.22,AED,-13.26,-9.76,-3.5,Success,DQ-T07
,SA320986752,LDEBIT,GW-NIMBUS,Refunded,1,537.31,SAR,0.0,0.56,-0.56,Refunded,DQ-T02
2025-03-03,EG447972836,TOKEN,GW-ATLAS,Success,1,1006.85,EGP,1409.59,18.88,1390.71,Success,DQ-T09
2025-02-24,EG518450463,LDEBIT,GW-NILE,Success,0,991.6,EGP,14.16,5.73,8.43,Success,DQ-T08
2025-02-11,AE345303542,CARD,GW-ATLAS,CHARGEBACK?,26,1174.78,AED,38.84,24.19,14.65,,DQ-T05
2025-08-30,SA184014126,CARD,GW-ORION,Success,0,2125.41,SAR,58.46,36.17,22.29,Success,DQ-T08
2025-03-30,OM107384993,CARD,GW-NIMBUS,Success,42,-850.49,OMR,-14.96,-12.53,-2.43,Success,DQ-T07
2026-03-17,SA460557898,LDEBIT,GW-NIMBUS,Success,0,2050.07,SAR,28.47,12.6,15.87,Success,DQ-T08
2025-03-14,XX932315122,TOKEN,GW-NILE,Success,567,160743.9,EGP,6573.43,3509.78,3063.65,Success,DQ-T04
2025-02-22,XX476719758,TOKEN,GW-NILE,Success,18,29884.55,EGP,762.81,423.35,339.46,Success,DQ-T04
,SA124881724,TOKEN,GW-ATLAS,Failed,2,233.14,SAR,0.0,0.15,-0.15,Failed,DQ-T02
,SA205739809,LDEBIT,GW-NIMBUS,Declined,2,73.09,SAR,0.0,0.11,-0.11,Failed,DQ-T02
,EG449636175,TOKEN,GW-NILE,Success,988,422044.82,EGP,9866.43,8004.36,1862.07,Success,DQ-T02
,EG219821138,CARD,GW-NILE,Success,20,9857.19,EGP,320.23,174.29,145.94,Success,DQ-T02
,OM543606528,TOKEN,GW-NIMBUS,Success,17,194.42,OMR,4.94,3.15,1.79,Success,DQ-T02
2025-08-27,EG167120747,TOKEN,GW-NILE,Success,0,5602.33,EGP,153.36,75.83,77.53,Success,DQ-T08
,EG856875467,CARD,GW-NILE,Success,93,37288.38,EGP,1308.67,696.85,611.82,Success,DQ-T02
,SA597658531,BNPL,GW-ATLAS,Success,162,24152.52,SAR,664.44,846.86,-182.42,Success,DQ-T02
,AE904440734,CARD,GW-ATLAS,Failed,4,193.96,AED,0.0,0.29,-0.29,Failed,DQ-T02
2024-10-17,EG123423908,LDEBIT,GW-NILE,PENDING_REVIEW,4,10665.57,EGP,132.32,50.0,82.32,,DQ-T05
,AE798073466,CARD,GW-ORION,Failed,1,257.46,AED,0.0,0.04,-0.04,Failed,DQ-T02
,AE744794983,CARD,GW-ORION,Failed,8,1221.97,AED,0.0,0.35,-0.35,Failed,DQ-T02
,AE618504164,CARD,GW-ATLAS,Refunded,3,197.66,AED,0.0,1.65,-1.65,Refunded,DQ-T02
,SA891035844,CARD,GW-ATLAS,Success,126,23005.41,SAR,560.27,370.38,189.89,Success,DQ-T02
2024-09-09,SA627300378,CARD,GW-NIMBUS,PENDING_REVIEW,13,4357.36,SAR,114.31,61.99,52.32,,DQ-T05
2024-12-12,AE123781768,LDEBIT,GW-NIMBUS,CHARGEBACK?,144,7445.08,AED,61.25,57.3,3.95,,DQ-T05
2025-10-17,EG740706106,BNPL,GW-ATLAS,Success,0,12863.81,EGP,581.06,445.58,135.48,Success,DQ-T08
2025-01-16,AE603567666,CARD,GW-ATLAS,PENDING_REVIEW,8,1071.5,AED,26.82,17.8,9.02,,DQ-T05
,EG140153041,WALLET,GW-NILE,Failed,2,954.4,EGP,0.0,0.82,-0.82,Failed,DQ-T02
2026-02-28,SA853040870,TOKEN,GW-ORION,PENDING_REVIEW,7,319.85,SAR,9.94,5.82,4.12,,DQ-T05
2026-02-16,XX756512916,BNPL,GW-ATLAS,Failed,1,362.85,EGP,0.0,1.03,-1.03,Failed,DQ-T04
,SA892484380,CARD,GW-ATLAS,Success,4,3861.97,SAR,89.82,57.42,32.4,Success,DQ-T02
2024-12-03,AE878919871,CARD,GW-ORION,CHARGEBACK?,4,820.18,AED,0.0,2.2,-2.2,,DQ-T05
,AE744794983,CARD,GW-ORION,Success,53,7947.03,AED,196.68,113.46,83.22,Success,DQ-T02
2026-06-17,EG452826753,CARD,GW-NILE,CHARGEBACK?,2,2080.32,EGP,54.41,30.73,23.68,,DQ-T05
,EG645057217,TOKEN,GW-ATLAS,REFUND,1,2157.94,EGP,0.0,7.41,-7.41,Refunded,DQ-T02
,SA508515348,TOKEN,GW-ORION,APPROVED,15,3080.77,SAR,77.22,44.32,32.9,Success,DQ-T02
2026-06-20,EG432619696,WALLET,GW-NILE,Success,0,16606.45,EGP,469.82,256.93,212.89,Success,DQ-T08
,EG799496821,TOKEN,GW-ATLAS,Failed,1,823.83,EGP,0.0,0.96,-0.96,Failed,DQ-T02
2026-03-08,AE853501645,CARD,GW-ORION,UNKNOWN,3,184.87,AED,0.0,0.13,-0.13,,DQ-T05
2024-09-18,EG728358410,BNPL,GW-NILE,CHARGEBACK?,4,6160.25,EGP,0.0,1.54,-1.54,,DQ-T05
2026-03-29,XX568598595,CARD,GW-NILE,Failed,1,2470.13,EGP,0.0,0.41,-0.41,Failed,DQ-T04
,EG903275069,BNPL,GW-NILE,Success,61,30399.0,EGP,1356.4,900.53,455.87,Success,DQ-T02
2025-10-24,EG331354329,TOKEN,GW-NILE,Success,53,-19765.07,EGP,-540.18,-390.46,-149.72,Success,DQ-T07
2025-12-07,SA147303844,TOKEN,GW-ORION,UNKNOWN,9,1541.26,SAR,41.24,22.51,18.73,,DQ-T05
,EG178731082,BNPL,GW-NILE,Failed,3,1891.0,EGP,0.0,1.17,-1.17,Failed,DQ-T02
2026-05-20,SA256650029,TOKEN,GW-NIMBUS,CHARGEBACK?,3,377.41,SAR,0.0,0.17,-0.17,,DQ-T05
,SA433295013,BANKTR,GW-NIMBUS,Refunded,4,653.6,SAR,0.0,2.25,-2.25,Refunded,DQ-T02
2024-09-26,EG217500923,CARD,GW-ATLAS,SETTLED,18,11050.87,EGP,15471.22,225.38,15245.84,Success,DQ-T09
2026-01-05,AE526176909,CARD,GW-ORION,SETTLED,5,-1396.02,AED,-34.87,-18.99,-15.88,Success,DQ-T07
2026-01-10,AE626038015,TOKEN,GW-ORION,Success,0,3710.51,AED,59.64,50.01,9.63,Success,DQ-T08
,EG716286440,LDEBIT,GW-NILE,Success,1,3504.13,EGP,41.03,15.93,25.1,Success,DQ-T02
2025-05-08,XX175519434,WALLET,GW-NILE,Failed,16,19080.74,EGP,0.0,6.38,-6.38,Failed,DQ-T04
2025-10-23,EG998632198,CARD,GW-NILE,CHARGEBACK?,9,14336.38,EGP,0.0,3.62,-3.62,,DQ-T05
,SA435110503,BANKTR,GW-NIMBUS,Failed,6,2194.2,SAR,0.0,0.34,-0.34,Failed,DQ-T02
2024-08-30,SA259363162,LDEBIT,GW-NIMBUS,Success,2,-245.68,SAR,-2.98,-1.44,-1.54,Success,DQ-T07
2026-05-18,EG529532780,CARD,GW-ATLAS,UNKNOWN,6,11635.83,EGP,304.84,192.54,112.3,,DQ-T05
2026-03-11,SA385404287,TOKEN,GW-ATLAS,Success,39,-1986.08,SAR,-59.15,-40.85,-18.3,Success,DQ-T07
2026-05-19,AE389283318,LDEBIT,GW-NIMBUS,Success,298,-28723.52,AED,-287.86,-178.5,-109.36,Success,DQ-T07
,EG331354329,TOKEN,GW-NILE,Voided,2,750.44,EGP,0.0,0.82,-0.82,Voided,DQ-T02
2024-11-30,XX758008947,WALLET,GW-NILE,Success,3,14176.45,EGP,263.5,119.95,143.55,Success,DQ-T04
,SA487858809,TOKEN,GW-ORION,Refunded,2,124.21,SAR,0.0,1.12,-1.12,Refunded,DQ-T02
2025-09-09,XX631839200,CARD,GW-NILE,Refunded,60,55758.68,EGP,0.0,458.4,-458.4,Refunded,DQ-T04
,SA734980407,TOKEN,GW-ATLAS,VOIDED,2,119.94,SAR,0.0,0.15,-0.15,Voided,DQ-T02
2024-08-13,XX211724605,CARD,GW-NIMBUS,Failed,256,39206.98,AED,0.0,14.1,-14.1,Failed,DQ-T04
,OM441483176,CARD,GW-ATLAS,Refunded,1,20.54,OMR,0.0,0.06,-0.06,Refunded,DQ-T02
2024-09-14,EG934737958,TOKEN,GW-NILE,PENDING_REVIEW,15,4143.81,EGP,168.08,90.56,77.52,,DQ-T05
2025-07-11,EG991914423,CARD,GW-NILE,CHARGEBACK?,2,1454.48,EGP,0.0,0.8,-0.8,,DQ-T05
2026-04-06,SA705652485,LDEBIT,GW-NIMBUS,UNKNOWN,17,2090.08,SAR,0.0,0.96,-0.96,,DQ-T05
2025-12-20,AE901159238,CARD,GW-NIMBUS,Success,0,3093.0,AED,80.17,45.34,34.83,Success,DQ-T08
,EG331354329,WALLET,GW-NILE,Failed,17,6171.02,EGP,0.0,6.78,-6.78,Failed,DQ-T02
2026-02-25,SA765577175,LDEBIT,GW-NIMBUS,Success,109,-9634.52,SAR,-78.21,-61.75,-16.46,Success,DQ-T07
,EG611254298,TOKEN,GW-NILE,Failed,1,377.61,EGP,0.0,0.41,-0.41,Failed,DQ-T02
,AE719619202,LDEBIT,GW-NIMBUS,Success,6,1748.1,AED,21.71,8.86,12.85,Success,DQ-T02
2024-08-26,EG373280861,CARD,GW-NILE,CHARGEBACK?,3,1057.83,EGP,38.41,20.56,17.85,,DQ-T05
2026-01-09,SA695199900,TOKEN,GW-ATLAS,PENDING_REVIEW,2,256.69,SAR,6.64,4.44,2.2,,DQ-T05
2025-03-22,EG181564804,LDEBIT,GW-NILE,CHARGEBACK?,46,22271.91,EGP,0.0,18.18,-18.18,,DQ-T05
2025-04-11,EG655465870,TOKEN,GW-ATLAS,Success,34,-10044.06,EGP,-403.64,-276.94,-126.7,Success,DQ-T07
2025-10-27,EG518450463,TOKEN,GW-NILE,Success,2,1432.08,EGP,2004.91,23.38,1981.53,Success,DQ-T09
,AE728035822,CARD,GW-NIMBUS,Success,7,777.22,AED,21.96,12.16,9.8,Success,DQ-T02
2025-06-11,AE836534480,CARD,GW-NIMBUS,UNKNOWN,8,2546.99,AED,63.14,36.29,26.85,,DQ-T05
,SA385404287,LDEBIT,GW-NIMBUS,Success,50,2340.26,SAR,34.46,18.97,15.49,Success,DQ-T02
2024-11-03,XX259761909,CARD,GW-ATLAS,Failed,18,3057.85,SAR,0.0,1.35,-1.35,Failed,DQ-T04
2025-07-05,EG799496821,WALLET,GW-NILE,Success,47,-42493.05,EGP,-597.81,-426.75,-171.06,Success,DQ-T07
,AE572051786,CARD,GW-NIMBUS,ERROR,6,257.97,AED,0.0,0.33,-0.33,Failed,DQ-T02
,EG926950694,CARD,GW-ATLAS,Success,276,330972.49,EGP,5482.02,5850.62,-368.6,Success,DQ-T02
2025-03-10,SA777243922,CARD,GW-NIMBUS,Success,3,-259.84,SAR,-7.6,-4.24,-3.36,Success,DQ-T07
2024-11-16,AE389283318,LDEBIT,GW-NIMBUS,Success,279,-26534.67,AED,-266.41,-165.51,-100.9,Success,DQ-T07
,EG105351460,BNPL,GW-NILE,Failed,2,2124.91,EGP,0.0,0.78,-0.78,Failed,DQ-T02
2024-07-18,EG998632198,LDEBIT,GW-NILE,CHARGEBACK?,9,13964.33,EGP,167.85,71.7,96.15,,DQ-T05
,EG770407516,TOKEN,GW-ATLAS,Failed,20,5807.81,EGP,0.0,20.36,-20.36,Failed,DQ-T02
2026-03-23,EG760725891,BNPL,GW-ATLAS,UNKNOWN,6,6433.53,EGP,279.99,228.53,51.46,,DQ-T05
,SA753222305,TOKEN,GW-ATLAS,Success,6,1133.42,SAR,29.01,18.8,10.21,Success,DQ-T02
2026-05-18,EG877654092,CARD,GW-NILE,Success,0,758904.95,EGP,14228.84,11376.58,2852.26,Success,DQ-T08
2025-10-24,XX370674123,LDEBIT,GW-NILE,Failed,5,2054.84,EGP,0.0,2.01,-2.01,Failed,DQ-T04
,EG877654092,TOKEN,GW-NILE,REFUND,2,2072.79,EGP,0.0,14.7,-14.7,Refunded,DQ-T02
,SA720574277,CARD,GW-NIMBUS,Success,10,622.96,SAR,19.32,10.85,8.47,Success,DQ-T02
2025-11-19,EG897740135,LDEBIT,GW-NILE,Success,0,1800.79,EGP,32.08,16.21,15.87,Success,DQ-T08
2026-06-21,SA955449063,CARD,GW-ATLAS,PENDING_REVIEW,35,1719.56,SAR,52.32,34.78,17.54,,DQ-T05
2026-05-23,EG449636175,CARD,GW-ATLAS,Success,0,984370.16,EGP,22863.37,23271.79,-408.42,Success,DQ-T08
,SA781674979,TOKEN,GW-ATLAS,Success,14,632.86,SAR,21.44,13.45,7.99,Success,DQ-T02
2026-01-07,EG124719628,CARD,GW-NILE,UNKNOWN,1,2344.38,EGP,0.0,0.4,-0.4,,DQ-T05
2026-04-13,SA589749602,TOKEN,GW-ATLAS,CHARGEBACK?,5,868.96,SAR,0.0,0.38,-0.38,,DQ-T05
,EG482640702,CARD,GW-ATLAS,Failed,6,14014.98,EGP,0.0,6.02,-6.02,Failed,DQ-T02
2024-10-03,XX590016051,LDEBIT,GW-NIMBUS,Success,5,178.93,SAR,3.0,1.65,1.35,Success,DQ-T04
,EG696983188,CARD,GW-ATLAS,Failed,57,19542.61,EGP,0.0,58.49,-58.49,Failed,DQ-T02
2026-03-30,SA200244788,TOKEN,GW-NIMBUS,PENDING_REVIEW,1,59.88,SAR,0.0,0.06,-0.06,,DQ-T05
,SA986462340,CARD,GW-ORION,Success,47,1676.03,SAR,57.35,31.97,25.38,Success,DQ-T02
,AE987618927,BNPL,GW-ATLAS,Failed,6,248.74,AED,0.0,0.44,-0.44,Failed,DQ-T02
,SA909908733,CARD,GW-ORION,Declined,7,1202.14,SAR,0.0,0.32,-0.32,Failed,DQ-T02
,SA860742247,TOKEN,GW-ATLAS,Refunded,2,344.59,SAR,0.0,1.12,-1.12,Refunded,DQ-T02
2025-01-14,OM780225802,LDEBIT,GW-NIMBUS,Success,18,-92.34,OMR,-1.5,-0.73,-0.77,Success,DQ-T07
2025-07-25,AE889475271,CARD,GW-NIMBUS,Success,37,1582.34,AED,2215.28,30.19,2185.09,Success,DQ-T09
2026-06-17,SA897535524,LDEBIT,GW-NIMBUS,Success,2,1000.95,SAR,1401.33,4.84,1396.49,Success,DQ-T09
2024-08-20,XX595270980,WALLET,GW-NILE,REFUNDED,1,307.68,EGP,0.0,7.27,-7.27,Refunded,DQ-T04
2024-10-26,SA416884588,LDEBIT,GW-NIMBUS,Success,0,3795.51,SAR,43.38,20.12,23.26,Success,DQ-T08
2024-08-15,EG838350410,LDEBIT,GW-NILE,Approved,6,-14671.11,EGP,-182.07,-69.59,-112.48,Success,DQ-T07
2026-06-26,EG219821138,CARD,GW-NILE,Success,0,12483.55,EGP,429.57,233.46,196.11,Success,DQ-T08
,EG420159724,LDEBIT,GW-NILE,Success,4,12311.33,EGP,157.3,56.99,100.31,Success,DQ-T02
2026-05-29,SA184014126,TOKEN,GW-NIMBUS,Success,20,-1039.24,SAR,-29.23,-19.42,-9.81,Success,DQ-T07
,SA776589285,CARD,GW-ORION,Failed,1,195.51,SAR,0.0,0.04,-0.04,Failed,DQ-T02
,SA773581532,CARD,GW-ORION,Failed,5,3684.96,SAR,0.0,0.22,-0.22,Failed,DQ-T02
2026-02-08,OM939316312,CARD,GW-NIMBUS,UNKNOWN,1,8.25,OMR,0.0,0.01,-0.01,,DQ-T05
2026-01-17,SA909908733,CARD,GW-ORION,PENDING_REVIEW,2,343.47,SAR,0.0,0.09,-0.09,,DQ-T05
2026-05-01,XX414458932,CARD,GW-NIMBUS,Failed,1,110.87,SAR,0.0,0.06,-0.06,Failed,DQ-T04
2025-11-13,SA382289892,TOKEN,GW-NIMBUS,Success,0,4228.32,SAR,66.84,63.58,3.26,Success,DQ-T08
,AE853501645,CARD,GW-ORION,Voided,1,61.62,AED,0.0,0.04,-0.04,Voided,DQ-T02
,EG220900048,TOKEN,GW-NILE,Success,1,1083.71,EGP,28.32,16.35,11.97,Success,DQ-T02
,SA580727871,CARD,GW-ORION,Success,30,1605.06,SAR,28.27,27.27,1.0,Success,DQ-T02
2026-03-07,EG552283131,CARD,GW-NILE,Success,1,2765.13,EGP,3871.18,36.33,3834.85,Success,DQ-T09
2025-02-18,XX596265513,WALLET,GW-NILE,Success,116,135515.6,EGP,1673.89,1296.89,377.0,Success,DQ-T04
,AE638004344,CARD,GW-NIMBUS,Failed,3,612.46,AED,0.0,0.17,-0.17,Failed,DQ-T02
2025-09-22,AE162515553,TOKEN,GW-NIMBUS,Approved,1,-1545.83,AED,-35.6,-21.88,-13.72,Success,DQ-T07
2026-06-01,EG335687023,CARD,GW-NILE,UNKNOWN,44,67474.73,EGP,0.0,339.48,-339.48,,DQ-T05
2025-01-05,XX337751117,TOKEN,GW-ATLAS,Failed,1,27.25,OMR,0.0,0.01,-0.01,Failed,DQ-T04
,AE403257742,CARD,GW-ORION,Failed,1,7410.61,AED,0.0,0.04,-0.04,Failed,DQ-T02
2025-05-18,XX131301639,CARD,GW-ATLAS,Success,85,13860.52,SAR,352.75,225.67,127.08,Success,DQ-T04
2025-01-21,SA710370541,TOKEN,GW-ORION,Success,0,85186.04,SAR,1302.5,1164.66,137.84,Success,DQ-T08
2026-06-11,XX796909628,TOKEN,GW-NILE,Success,11,3498.92,EGP,131.81,74.07,57.74,Success,DQ-T04
2025-09-04,EG348432509,TOKEN,GW-ATLAS,PENDING_REVIEW,1,4382.44,EGP,110.4,70.03,40.37,,DQ-T05
2025-06-16,EG943656964,WALLET,GW-NILE,Success,0,239.66,EGP,6.94,3.69,3.25,Success,DQ-T08
,EG799496821,TOKEN,GW-ATLAS,Success,42,37462.75,EGP,729.92,722.91,7.01,Success,DQ-T02
,EG110254241,TOKEN,GW-NILE,Success,3,2248.63,EGP,68.44,36.36,32.08,Success,DQ-T02
,SA385404287,CARD,GW-ORION,Refunded,5,227.2,SAR,0.0,2.81,-2.81,Refunded,DQ-T02
2025-06-21,AE239330460,CARD,GW-ORION,PENDING_REVIEW,1,58.0,AED,0.0,0.04,-0.04,,DQ-T05
2025-04-17,XX597884882,LDEBIT,GW-NILE,Voided,2,1811.54,EGP,0.0,0.8,-0.8,Voided,DQ-T04
2025-07-18,SA796857151,LDEBIT,GW-NIMBUS,Success,0,4082.54,SAR,43.32,18.71,24.61,Success,DQ-T08
,EG874835199,LDEBIT,GW-NILE,Success,38,10699.23,EGP,222.85,107.76,115.09,Success,DQ-T02
,EG775891339,CARD,GW-ATLAS,Success,6,5857.85,EGP,163.68,106.76,56.92,Success,DQ-T02
2025-10-14,SA734980407,LDEBIT,GW-NIMBUS,UNKNOWN,1,42.21,SAR,0.0,0.56,-0.56,,DQ-T05
2025-08-06,XX854511355,CARD,GW-ORION,Failed,3,623.83,SAR,0.0,0.14,-0.14,Failed,DQ-T04
2024-07-28,SA247327945,CARD,GW-NIMBUS,CAPTURED,5,-46625.61,SAR,-716.55,-630.66,-85.89,Success,DQ-T07
2026-04-08,SA416884588,TOKEN,GW-NIMBUS,Success,18,3567.02,SAR,4993.83,54.33,4939.5,Success,DQ-T09
,EG293670432,CARD,GW-NILE,Success,20,7375.79,EGP,257.8,144.0,113.8,Success,DQ-T02
,EG374768013,TOKEN,GW-NILE,Success,27,7928.81,EGP,323.78,173.68,150.1,Success,DQ-T02
,EG707591429,CARD,GW-ATLAS,Failed,1,733.41,EGP,0.0,1.03,-1.03,Failed,DQ-T02
2024-07-15,SA256650029,TOKEN,GW-NIMBUS,UNKNOWN,2,251.61,SAR,0.0,0.11,-0.11,,DQ-T05
,SA362023155,CARD,GW-ORION,Success,58,3755.23,SAR,105.04,61.08,43.96,Success,DQ-T02
2026-06-12,XX198124592,LDEBIT,GW-NIMBUS,Refunded,1,544.2,SAR,0.0,0.56,-0.56,Refunded,DQ-T04
,SA779172798,TOKEN,GW-ORION,Voided,1,144.08,SAR,0.0,0.04,-0.04,Voided,DQ-T02
,EG449636175,WALLET,GW-NILE,Failed,92,38305.65,EGP,0.0,37.05,-37.05,Failed,DQ-T02
2025-04-21,EG331354329,CARD,GW-ATLAS,PENDING_REVIEW,24,8682.94,EGP,0.0,23.86,-23.86,,DQ-T05
,SA705652485,TOKEN,GW-NIMBUS,Voided,3,368.84,SAR,0.0,0.17,-0.17,Voided,DQ-T02
,EG331354329,BNPL,GW-NILE,Failed,15,5306.48,EGP,0.0,5.83,-5.83,Failed,DQ-T02
,EG930327972,CARD,GW-NILE,Success,1,4393.26,EGP,113.69,56.08,57.61,Success,DQ-T02
2026-06-26,EG229215706,WALLET,GW-NILE,Success,5,-2743.12,EGP,-68.25,-31.22,-37.03,Success,DQ-T07
2024-11-04,EG877654092,TOKEN,GW-NILE,Success,0,151209.2,EGP,2896.71,2342.33,554.38,Success,DQ-T08
,EG327327982,WALLET,GW-NILE,SETTLED,19,6118.73,EGP,170.34,83.46,86.88,Success,DQ-T02
2026-06-07,EG219821138,WALLET,GW-NILE,APPROVED,0,5492.51,EGP,127.75,66.09,61.66,Success,DQ-T08
2025-02-28,XX992804233,CARD,GW-NILE,Voided,1,2322.01,EGP,0.0,0.39,-0.39,Voided,DQ-T04
2025-06-01,AE787062785,TOKEN,GW-ORION,Success,0,3289.68,AED,59.67,48.56,11.11,Success,DQ-T08
,SA853040870,CARD,GW-ORION,Success,18,812.62,SAR,24.92,14.43,10.49,Success,DQ-T02
2026-03-10,SA729864911,LDEBIT,GW-NIMBUS,CAPTURED,0,2210.14,SAR,27.76,11.63,16.13,Success,DQ-T08
2025-03-25,SA710370541,TOKEN,GW-ORION,Success,104,-64976.33,SAR,-992.33,-887.39,-104.94,Success,DQ-T07
2025-09-27,EG982441707,WALLET,GW-NILE,Success,12,-4875.59,EGP,-128.15,-60.88,-67.27,Success,DQ-T07
2025-12-06,EG728358410,WALLET,GW-NILE,CHARGEBACK?,6,10300.94,EGP,183.9,94.13,89.77,,DQ-T05
2025-01-09,XX951948470,BNPL,GW-ATLAS,Success,178,24027.66,SAR,660.76,843.75,-182.99,Success,DQ-T04
2025-02-11,EG373280861,TOKEN,GW-NILE,UNKNOWN,3,1647.69,EGP,52.75,28.56,24.19,,DQ-T05
,AE671906697,CARD,GW-ORION,Failed,349,22150.66,AED,0.0,15.38,-15.38,Failed,DQ-T02
2025-08-04,SA122822556,CARD,GW-NIMBUS,PENDING_REVIEW,32,1555.1,SAR,48.01,28.79,19.22,,DQ-T05
,SA320986752,CARD,GW-NIMBUS,Failed,7,6027.33,SAR,0.0,0.39,-0.39,Failed,DQ-T02
2026-02-08,SA466668047,TOKEN,GW-ORION,PENDING_REVIEW,47,2019.87,SAR,65.27,37.35,27.92,,DQ-T05
2026-06-21,AE285502973,LDEBIT,GW-NIMBUS,CHARGEBACK?,11,1809.83,AED,23.08,9.96,13.12,,DQ-T05
2025-12-25,EG529532780,TOKEN,GW-NILE,Approved,1,2417.12,EGP,3383.97,33.15,3350.82,Success,DQ-T09
2025-07-24,XX602358739,CARD,GW-ATLAS,Success,92,1435.79,OMR,34.23,23.55,10.68,Success,DQ-T04
2025-12-10,SA462175242,CARD,GW-NIMBUS,Success,12,1635.71,SAR,2289.99,25.01,2264.98,Success,DQ-T09
2024-08-02,XX365843083,CARD,GW-NIMBUS,Voided,1,37.58,SAR,0.0,0.06,-0.06,Voided,DQ-T04
,EG389371308,TOKEN,GW-ATLAS,Success,2,2627.42,EGP,70.22,47.05,23.17,Success,DQ-T02
2025-03-16,OM954248664,TOKEN,GW-ATLAS,Success,3,17.38,OMR,24.33,0.35,23.98,Success,DQ-T09
,EG696983188,CARD,GW-ATLAS,Voided,4,1309.87,EGP,0.0,3.92,-3.92,Voided,DQ-T02
,SA734980407,TOKEN,GW-ATLAS,Failed,6,359.82,SAR,0.0,0.45,-0.45,Failed,DQ-T02
2025-10-29,SA711632487,CARD,GW-ORION,CHARGEBACK?,14,525.38,SAR,0.0,0.63,-0.63,,DQ-T05
2024-12-04,XX545464989,WALLET,GW-NILE,Success,166,149778.77,EGP,2078.32,1498.03,580.29,Success,DQ-T04
,SA847687864,CARD,GW-NIMBUS,Failed,4,514.69,SAR,0.0,0.22,-0.22,Failed,DQ-T02
,AE174460555,CARD,GW-NIMBUS,Success,8,1486.94,AED,38.51,21.98,16.53,Success,DQ-T02
,EG730609269,LDEBIT,GW-NILE,Success,1,1076.24,EGP,15.37,6.14,9.23,Success,DQ-T02
2025-09-30,XX321095569,CARD,GW-NIMBUS,Success,1103,313891.04,AED,6647.95,4500.83,2147.12,Success,DQ-T04
2026-05-08,EG760725891,LDEBIT,GW-NILE,Success,4,-4850.73,EGP,-61.92,-26.86,-35.06,Success,DQ-T07
2025-05-01,EG550259154,WALLET,GW-NILE,CHARGEBACK?,7,2744.13,EGP,65.73,34.43,31.3,,DQ-T05
2025-06-02,AE626038015,TOKEN,GW-ORION,Success,7,8510.4,AED,11914.56,114.72,11799.84,Success,DQ-T09
2026-06-17,AE309318112,TOKEN,GW-ORION,Success,0,3080.9,AED,80.12,44.69,35.43,Success,DQ-T08
2026-03-27,SA623969133,TOKEN,GW-NIMBUS,PENDING_REVIEW,5,1296.12,SAR,32.9,19.36,13.54,,DQ-T05
,EG849029255,TOKEN,GW-ATLAS,Success,30,12733.72,EGP,480.35,303.12,177.23,Success,DQ-T02
,SA168621990,TOKEN,GW-ATLAS,Success,21,2336.94,SAR,66.69,41.16,25.53,Success,DQ-T02
,OM954248664,LDEBIT,GW-NIMBUS,Success,2,13.74,OMR,0.19,0.1,0.09,Success,DQ-T02
2026-02-26,SA716580826,LDEBIT,GW-NIMBUS,Success,27,-1227.43,SAR,-20.3,-10.08,-10.22,Success,DQ-T07
2025-06-17,XX986702181,CARD,GW-ATLAS,Refunded,1,265.13,EGP,0.0,7.48,-7.48,Refunded,DQ-T04
2025-12-15,EG897740135,WALLET,GW-NILE,UNKNOWN,13,4074.92,EGP,104.68,56.17,48.51,,DQ-T05
2025-07-17,AE782539735,CARD,GW-NIMBUS,PENDING_REVIEW,3,125.62,AED,0.0,0.17,-0.17,,DQ-T05
,EG696983188,LDEBIT,GW-NILE,Success,90,28949.69,EGP,565.66,273.05,292.61,Success,DQ-T02
,SA779172798,CARD,GW-ATLAS,Success,47,6454.83,SAR,166.22,107.15,59.07,Success,DQ-T02
,SA954952952,LDEBIT,GW-NIMBUS,Failed,41,1790.76,SAR,0.0,2.31,-2.31,Failed,DQ-T02
2026-04-16,XX917519434,CARD,GW-ATLAS,Failed,1,506.36,SAR,0.0,0.08,-0.08,Failed,DQ-T04
,AE681860470,CARD,GW-ORION,Success,15,1186.32,AED,33.79,18.49,15.3,Success,DQ-T02
2025-06-12,SA575207038,BANKTR,GW-NIMBUS,Success,0,14227.17,SAR,37.61,13.96,23.65,Success,DQ-T08
2026-03-24,EG389371308,TOKEN,GW-ATLAS,Success,4,9401.74,EGP,13162.44,157.43,13005.01,Success,DQ-T09
,EG389371308,TOKEN,GW-ATLAS,SUCCESS,3,4115.77,EGP,109.89,73.62,36.27,Success,DQ-T02
2025-10-06,SA944601083,TOKEN,GW-ORION,SUCCESS,6,-1973.99,SAR,-50.75,-27.59,-23.16,Success,DQ-T07
,SA382289892,CARD,GW-ORION,Success,34,7354.35,SAR,114.48,101.87,12.61,Success,DQ-T02
2025-05-16,SA734980407,BNPL,GW-ATLAS,Success,84,5192.38,SAR,7269.33,185.75,7083.58,Success,DQ-T09
2025-07-19,EG389371308,LDEBIT,GW-NILE,Success,0,1176.45,EGP,15.43,6.52,8.91,Success,DQ-T08
,EG614572570,BNPL,GW-NILE,Success,4,21478.02,EGP,971.24,620.15,351.09,Success,DQ-T02
2024-10-20,EG259754316,WALLET,GW-NILE,UNKNOWN,22,7930.12,EGP,192.32,101.66,90.66,,DQ-T05
2025-01-11,SA577673991,LDEBIT,GW-NIMBUS,SUCCESS,4,-624.15,SAR,-8.23,-3.48,-4.75,Success,DQ-T07
,AE381359654,TOKEN,GW-ORION,Failed,1,44.1,AED,0.0,0.04,-0.04,Failed,DQ-T02
,AE568351745,LDEBIT,GW-NIMBUS,Failed,9,1321.61,AED,0.0,0.5,-0.5,Failed,DQ-T02
2024-09-26,AE241754747,LDEBIT,GW-NIMBUS,CHARGEBACK?,4,186.61,AED,0.0,0.22,-0.22,,DQ-T05
2026-01-14,EG987489356,LDEBIT,GW-NILE,CHARGEBACK?,516,153716.76,EGP,3029.59,1534.9,1494.69,,DQ-T05
2024-12-11,SA420885285,LDEBIT,GW-NIMBUS,CHARGEBACK?,3,336.88,SAR,0.0,1.69,-1.69,,DQ-T05
,AE718043205,LDEBIT,GW-NIMBUS,Success,3,751.01,AED,9.08,3.88,5.2,Success,DQ-T02
2025-05-09,XX656074164,LDEBIT,GW-NIMBUS,Success,1,55.21,SAR,0.77,0.42,0.35,Success,DQ-T04
,AE984737156,CARD,GW-NIMBUS,Success,6,1694.45,AED,42.2,24.31,17.89,Success,DQ-T02
2025-02-25,EG331354329,CARD,GW-ATLAS,Success,0,131851.25,EGP,3575.4,3262.2,313.2,Success,DQ-T08
2026-05-01,SA320986752,LDEBIT,GW-NIMBUS,CHARGEBACK?,70,59163.52,SAR,470.93,278.05,192.88,,DQ-T05
,EG873952802,WALLET,GW-NILE,Success,86,110521.76,EGP,1492.83,1039.98,452.85,Success,DQ-T02
,EG229215706,LDEBIT,GW-NILE,Success,2,706.99,EGP,13.7,6.23,7.47,Success,DQ-T02
,SA909908733,CARD,GW-ORION,Success,115,19712.73,SAR,519.38,278.38,241.0,Success,DQ-T02
,SA576895050,CARD,GW-ORION,Success,4,635.57,SAR,16.92,9.04,7.88,Success,DQ-T02
2025-05-04,SA853040870,BNPL,GW-ATLAS,Success,5,-298.23,SAR,-13.34,-10.68,-2.66,Success,DQ-T07
,SA189309853,LDEBIT,GW-NIMBUS,Success,1,165.78,SAR,1.9,0.91,0.99,Success,DQ-T02
,EG998632198,WALLET,GW-NILE,Refunded,1,2211.7,EGP,0.0,7.42,-7.42,Refunded,DQ-T02
,SA623969133,TOKEN,GW-NIMBUS,Success,2,509.79,SAR,12.95,7.62,5.33,Success,DQ-T02
,AE584770998,CARD,GW-ATLAS,Success,6,521.97,AED,14.01,9.24,4.77,Success,DQ-T02
2025-09-28,SA696833214,CARD,GW-ATLAS,CHARGEBACK?,2,303.62,SAR,0.0,1.12,-1.12,,DQ-T05
2025-03-07,EG450716760,CARD,GW-NILE,Success,0,8847.95,EGP,215.08,115.36,99.72,Success,DQ-T08
,AE782539735,CARD,GW-NIMBUS,Declined,20,837.49,AED,0.0,1.1,-1.1,Failed,DQ-T02
,EG482640702,TOKEN,GW-NILE,Success,16,40265.38,EGP,1053.69,550.85,502.84,Success,DQ-T02
,AE317795493,TOKEN,GW-NIMBUS,Refunded,5,978.86,AED,0.0,2.75,-2.75,Refunded,DQ-T02
2025-05-02,SA507131461,LDEBIT,GW-NIMBUS,CHARGEBACK?,1,129.62,SAR,0.0,0.06,-0.06,,DQ-T05
2025-05-31,EG676342880,WALLET,GW-NILE,UNKNOWN,8,6766.96,EGP,0.0,3.19,-3.19,,DQ-T05
,EG474829702,TOKEN,GW-NILE,Success,2,9321.21,EGP,244.42,122.54,121.88,Success,DQ-T02
,EG361515615,LDEBIT,GW-NILE,Success,4,5413.23,EGP,68.67,29.11,39.56,Success,DQ-T02
,EG680228975,CARD,GW-NILE,Success,4,59647.88,EGP,954.9,735.65,219.25,Success,DQ-T02
,EG707591429,WALLET,GW-NILE,Success,4,2718.74,EGP,62.49,29.0,33.49,Success,DQ-T02
2025-07-04,XX971645398,WALLET,GW-NILE,Success,21,31769.3,EGP,377.56,294.22,83.34,Success,DQ-T04
2026-02-18,SA489370296,CARD,GW-ORION,Success,13,-11269.55,SAR,-252.69,-147.38,-105.31,Success,DQ-T07
2025-12-26,EG245991238,LDEBIT,GW-NILE,Success,10,3257.07,EGP,4559.9,31.01,4528.89,Success,DQ-T09
2025-01-20,XX820019175,TOKEN,GW-ATLAS,Refunded,1,153.35,AED,0.0,0.55,-0.55,Refunded,DQ-T04
2026-06-25,EG723843125,WALLET,GW-NILE,PENDING_REVIEW,4,1107.5,EGP,0.0,1.65,-1.65,,DQ-T05
2026-02-12,SA447120771,CARD,GW-NIMBUS,PENDING_REVIEW,14,2660.18,SAR,72.87,39.32,33.55,,DQ-T05
,AE787062785,TOKEN,GW-ORION,Success,20,3273.68,AED,58.88,47.91,10.97,Success,DQ-T02
2026-04-10,AE338852002,BNPL,GW-ATLAS,Success,1,-208.28,AED,-9.69,-7.27,-2.42,Success,DQ-T07
,SA972748866,TOKEN,GW-ORION,Failed,12,1564.68,SAR,0.0,0.54,-0.54,Failed,DQ-T02
,SA819868069,LDEBIT,GW-NIMBUS,Refunded,5,459.52,SAR,0.0,2.81,-2.81,Refunded,DQ-T02
,AE538589512,CARD,GW-ATLAS,Success,5,1096.29,AED,27.82,17.34,10.48,Success,DQ-T02
,EG918104848,TOKEN,GW-NILE,Success,17,6613.4,EGP,220.31,126.98,93.33,Success,DQ-T02
2024-11-08,AE901159238,CARD,GW-NIMBUS,CHARGEBACK?,25,4680.53,AED,122.21,69.16,53.05,,DQ-T05
,SA550486234,LDEBIT,GW-NIMBUS,Success,6,645.23,SAR,8.74,3.92,4.82,Success,DQ-T02
2025-03-26,SA118340145,BNPL,GW-ATLAS,CHARGEBACK?,3,182.76,SAR,8.89,6.54,2.35,,DQ-T05
,SA218399497,CARD,GW-ATLAS,Failed,5,195.43,SAR,0.0,0.38,-0.38,Failed,DQ-T02
2025-01-08,SA577673991,LDEBIT,GW-NIMBUS,CHARGEBACK?,3,467.69,SAR,6.17,2.61,3.56,,DQ-T05
2025-03-13,EG849029255,CARD,GW-NILE,Success,126,48990.59,EGP,68586.83,925.1,67661.73,Success,DQ-T09
2025-01-16,SA307616362,CARD,GW-ORION,Success,296,-14962.06,SAR,-438.37,-257.86,-180.51,Success,DQ-T07
2026-05-02,OM817062602,TOKEN,GW-NIMBUS,CHARGEBACK?,3,37.36,OMR,0.0,0.17,-0.17,,DQ-T05
2024-07-12,XX627670837,CARD,GW-NILE,Voided,3,649.55,EGP,0.0,1.15,-1.15,Voided,DQ-T04
,EG275709942,TOKEN,GW-ATLAS,Success,53,84441.75,EGP,1341.97,1470.49,-128.52,Success,DQ-T02
,OM817062602,CARD,GW-NIMBUS,Refunded,14,196.88,OMR,0.0,0.81,-0.81,Refunded,DQ-T02
,EG150005962,WALLET,GW-NILE,Success,4,1662.22,EGP,38.71,20.69,18.02,Success,DQ-T02
2025-02-15,EG331354329,BNPL,GW-NILE,Success,76,25784.91,EGP,36098.87,772.44,35326.43,Success,DQ-T09
2025-07-07,SA763491142,CARD,GW-ORION,CHARGEBACK?,1,342.0,SAR,0.0,0.04,-0.04,,DQ-T05
2025-08-21,XX297843703,CARD,GW-NIMBUS,Success,27,1355.23,SAR,41.88,24.88,17.0,Success,DQ-T04
,SA719526386,LDEBIT,GW-NIMBUS,Success,1,215.05,SAR,2.44,1.14,1.3,Success,DQ-T02
2025-08-02,AE836534480,CARD,GW-NIMBUS,Success,13,5032.85,AED,7045.99,71.05,6974.94,Success,DQ-T09
,SA605999505,CARD,GW-ATLAS,Success,492,108210.74,SAR,2067.65,1714.24,353.41,Success,DQ-T02
,SA742513174,CARD,GW-ORION,Success,1,50.88,SAR,1.59,0.88,0.71,Success,DQ-T02
,EG916667859,WALLET,GW-NILE,Success,1,1340.21,EGP,28.41,12.64,15.77,Success,DQ-T02
,EG123423908,WALLET,GW-NILE,Success,5,12165.54,EGP,241.25,107.38,133.87,Success,DQ-T02
,EG918104848,LDEBIT,GW-NILE,Success,12,3915.14,EGP,68.02,36.12,31.9,Success,DQ-T02
2025-08-22,SA385404287,LDEBIT,GW-NIMBUS,CHARGEBACK?,2,101.52,SAR,0.0,0.11,-0.11,,DQ-T05
2026-05-28,XX990822814,LDEBIT,GW-NILE,Success,13,5333.66,EGP,89.51,45.06,44.45,Success,DQ-T04
,EG774885021,CARD,GW-NILE,FAILED,5,33511.45,EGP,0.0,1.93,-1.93,Failed,DQ-T02
,EG308894080,WALLET,GW-NILE,Success,1,2466.38,EGP,53.16,21.76,31.4,Success,DQ-T02
2026-06-19,AE208762198,CARD,GW-NIMBUS,Success,32,-7817.01,AED,-178.25,-113.17,-65.08,Success,DQ-T07
,EG967183698,WALLET,GW-NILE,Failed,188,64113.65,EGP,0.0,73.8,-73.8,Failed,DQ-T02
2025-08-09,EG105351460,LDEBIT,GW-NILE,SETTLED,2,2617.53,EGP,3664.54,14.06,3650.48,Success,DQ-T09
2025-04-06,AE241754747,CARD,GW-NIMBUS,PENDING_REVIEW,5,233.27,AED,0.0,0.28,-0.28,,DQ-T05
,AE123781768,CARD,GW-ORION,Failed,55,2738.58,AED,0.0,2.42,-2.42,Failed,DQ-T02
2025-11-01,XX465734660,CARD,GW-ORION,DECLINED,8,1852.06,AED,0.0,0.35,-0.35,Failed,DQ-T04
,SA474123129,CARD,GW-ORION,Success,94,5634.15,SAR,161.4,93.2,68.2,Success,DQ-T02
2026-02-25,OM183510174,TOKEN,GW-NIMBUS,Success,8,116.54,OMR,163.16,1.83,161.33,Success,DQ-T09
2024-08-19,XX630969567,BANKTR,GW-NIMBUS,Success,18,138715.71,AED,326.0,93.49,232.51,Success,DQ-T04
2026-05-15,XX236539468,TOKEN,GW-ORION,Refunded,1,321.39,AED,0.0,0.55,-0.55,Refunded,DQ-T04
2025-04-24,AE836534480,TOKEN,GW-ORION,Success,1,295.15,AED,413.21,4.14,409.07,Success,DQ-T09
,EG361515615,TOKEN,GW-NILE,SETTLED,7,10101.73,EGP,263.03,145.9,117.13,Success,DQ-T02
,EG508110442,CARD,GW-ATLAS,Success,1,45040.15,EGP,711.85,660.24,51.61,Success,DQ-T02
2025-02-02,EG486344028,CARD,GW-ATLAS,Success,0,36933.57,EGP,1414.64,952.42,462.22,Success,DQ-T08
2024-12-23,EG550259154,WALLET,GW-NILE,PENDING_REVIEW,1,317.93,EGP,0.0,0.39,-0.39,,DQ-T05
2026-03-25,AE787062785,CARD,GW-ORION,CHARGEBACK?,79,11256.9,AED,201.11,161.58,39.53,,DQ-T05
2026-05-19,XX144572702,CARD,GW-NIMBUS,Success,112,91882.31,SAR,1495.76,1267.71,228.05,Success,DQ-T04
2026-04-05,SA391124455,CARD,GW-ATLAS,Success,26,-3566.22,SAR,-97.43,-59.21,-38.22,Success,DQ-T07
2026-01-05,XX356243051,WALLET,GW-NILE,Failed,5,3275.52,EGP,0.0,2.02,-2.02,Failed,DQ-T04
2026-06-18,EG284431976,LDEBIT,GW-NILE,Success,4,-4330.9,EGP,-57.46,-24.74,-32.72,Success,DQ-T07
2025-11-23,XX673702971,CARD,GW-NILE,Failed,5,1672.3,EGP,0.0,2.04,-2.04,Failed,DQ-T04
,AE538625118,BNPL,GW-ATLAS,Failed,1,211.41,AED,0.0,0.07,-0.07,Failed,DQ-T02
,EG482640702,BNPL,GW-NILE,DECLINED,3,6714.43,EGP,0.0,1.15,-1.15,Failed,DQ-T02
2024-07-02,SA315873581,TOKEN,GW-ORION,UNKNOWN,24,991.0,SAR,31.39,18.54,12.85,,DQ-T05
2025-10-20,SA576895050,CARD,GW-ORION,Success,5,-771.66,SAR,-20.6,-11.01,-9.59,Success,DQ-T07
2026-06-14,SA796857151,BNPL,GW-ATLAS,Success,1,-1698.43,SAR,-73.1,-58.77,-14.33,Success,DQ-T07
2024-09-20,XX255330132,CARD,GW-ORION,Refunded,1,53.25,SAR,0.0,0.56,-0.56,Refunded,DQ-T04
2025-03-18,XX217044181,TOKEN,GW-ORION,Success,4,571.39,AED,15.23,8.47,6.76,Success,DQ-T04
2026-01-16,EG165126097,TOKEN,GW-NILE,CHARGEBACK?,1,1006.88,EGP,28.84,15.36,13.48,,DQ-T05
2025-06-25,XX172842635,CARD,GW-ORION,SETTLED,304,26243.4,SAR,435.58,404.27,31.31,Success,DQ-T04
,EG199157533,CARD,GW-ATLAS,Success,6,7740.23,EGP,220.26,135.74,84.52,Success,DQ-T02
2026-04-07,AE200431265,TOKEN,GW-ORION,UNKNOWN,1,710.07,AED,0.0,0.04,-0.04,,DQ-T05
,EG193916126,LDEBIT,GW-NILE,Refunded,1,263.73,EGP,0.0,7.72,-7.72,Refunded,DQ-T02
,AE123781768,LDEBIT,GW-NIMBUS,Success,128,6205.23,AED,52.11,49.08,3.03,Success,DQ-T02
2025-08-30,XX342338938,TOKEN,GW-ORION,Failed,1,146.98,AED,0.0,0.04,-0.04,Failed,DQ-T04
2024-12-13,AE123781768,LDEBIT,GW-NIMBUS,UNKNOWN,7,348.55,AED,0.0,0.39,-0.39,,DQ-T05
,SA939400299,CARD,GW-ORION,FAILED,4,246.23,SAR,0.0,0.18,-0.18,Failed,DQ-T02
2025-06-17,XX175691562,CARD,GW-NILE,DECLINED,14,3758.65,EGP,0.0,5.59,-5.59,Failed,DQ-T04
2026-06-12,AE832517070,CARD,GW-NIMBUS,Success,21,-4493.57,AED,-108.41,-65.68,-42.73,Success,DQ-T07
2026-04-26,EG686030808,LDEBIT,GW-NILE,PENDING_REVIEW,3,2524.73,EGP,0.0,1.23,-1.23,,DQ-T05
2026-01-29,EG897740135,TOKEN,GW-NILE,UNKNOWN,5,1535.4,EGP,59.73,32.73,27.0,,DQ-T05
,AE667080643,CARD,GW-ORION,Success,8,1533.37,AED,39.06,21.41,17.65,Success,DQ-T02
2026-05-07,XX680665541,CARD,GW-NIMBUS,Failed,1,73.7,SAR,0.0,0.06,-0.06,Failed,DQ-T04
2025-09-18,XX241831211,LDEBIT,GW-NILE,Success,2,5780.02,EGP,64.7,26.97,37.73,Success,DQ-T04
2025-03-04,EG215045135,LDEBIT,GW-NILE,Success,0,17830.56,EGP,137.11,75.67,61.44,Success,DQ-T08
,SA397646855,LDEBIT,GW-NIMBUS,Success,171,8901.35,SAR,85.22,68.91,16.31,Success,DQ-T02
,SA366690460,LDEBIT,GW-NIMBUS,Success,4,277.52,SAR,4.0,1.92,2.08,Success,DQ-T02
2026-01-10,XX121429982,WALLET,GW-NILE,Success,58,22440.01,EGP,414.7,284.31,130.39,Success,DQ-T04
2025-09-20,EG594214015,WALLET,GW-NILE,APPROVED,2,663.86,EGP,929.4,8.94,920.46,Success,DQ-T09
2026-03-07,SA627300378,CARD,GW-NIMBUS,Success,22,-6588.65,SAR,-173.77,-94.31,-79.46,Success,DQ-T07
2026-02-23,EG182012188,CARD,GW-ATLAS,UNKNOWN,38,16532.23,EGP,598.18,385.31,212.87,,DQ-T05
,EG235600888,LDEBIT,GW-NILE,Success,3,18637.96,EGP,212.84,80.57,132.27,Success,DQ-T02
2025-08-04,EG686030808,WALLET,GW-NILE,PENDING_REVIEW,429,345762.06,EGP,4781.62,3543.32,1238.3,,DQ-T05
2026-02-22,SA781674979,LDEBIT,GW-NIMBUS,Success,35,-1624.69,SAR,-26.52,-13.22,-13.3,Success,DQ-T07
,EG327327982,WALLET,GW-NILE,SETTLED,16,4764.94,EGP,135.87,67.12,68.75,Success,DQ-T02
,AE878919871,TOKEN,GW-NIMBUS,Failed,2,440.82,AED,0.0,0.11,-0.11,Failed,DQ-T02
2025-11-23,XX181594571,CARD,GW-NILE,Voided,2,668.92,EGP,0.0,0.82,-0.82,Voided,DQ-T04
2025-09-01,AE439650362,LDEBIT,GW-NIMBUS,Success,6,347.74,AED,486.84,2.56,484.28,Success,DQ-T09
2025-07-01,EG237932689,CARD,GW-NILE,PENDING_REVIEW,8,3027.32,EGP,111.27,58.06,53.21,,DQ-T05
2025-09-06,OM238929570,TOKEN,GW-NIMBUS,Success,1,99.83,OMR,139.76,1.42,138.34,Success,DQ-T09
2025-07-03,EG110254241,CARD,GW-ATLAS,CHARGEBACK?,9,8581.13,EGP,243.51,158.54,84.97,,DQ-T05
2026-05-22,OM486301998,CARD,GW-ATLAS,Success,0,49.24,OMR,1.5,0.95,0.55,Success,DQ-T08
2025-02-12,AE713987880,TOKEN,GW-ORION,Success,0,999.9,AED,27.23,14.61,12.62,Success,DQ-T08
2025-02-09,AE970872555,BNPL,GW-ATLAS,CHARGEBACK?,1,110.43,AED,0.0,0.07,-0.07,,DQ-T05
2025-03-20,XX414364254,CARD,GW-ATLAS,Success,1,1205.12,EGP,32.79,21.23,11.56,Success,DQ-T04
,EG259754316,WALLET,GW-NILE,Failed,5,1950.25,EGP,0.0,2.06,-2.06,Failed,DQ-T02
2025-06-28,AE738504243,CARD,GW-ATLAS,PENDING_REVIEW,1,288.16,AED,0.0,0.55,-0.55,,DQ-T05
,EG259754316,LDEBIT,GW-NILE,Success,11,4176.7,EGP,73.07,36.78,36.29,Success,DQ-T02
2025-06-17,XX274388364,LDEBIT,GW-NIMBUS,SUCCESS,6,680.54,SAR,9.18,4.07,5.11,Success,DQ-T04
2024-12-13,EG161643120,WALLET,GW-NILE,UNKNOWN,4,3608.04,EGP,77.83,36.09,41.74,,DQ-T05
2024-10-15,SA577673991,BNPL,GW-ATLAS,Success,0,75.43,SAR,3.68,2.68,1.0,Success,DQ-T08
2026-05-30,AE776685743,CARD,GW-ATLAS,Success,0,2443.2,AED,60.06,36.71,23.35,Success,DQ-T08
,SA705652485,TOKEN,GW-NIMBUS,Failed,2,245.89,SAR,0.0,0.11,-0.11,Failed,DQ-T02
2026-05-03,SA720574277,CARD,GW-NIMBUS,CHARGEBACK?,11,782.19,SAR,23.65,13.24,10.41,,DQ-T05
2026-03-04,EG231422873,CARD,GW-ATLAS,UNKNOWN,2,11948.06,EGP,271.74,181.84,89.9,,DQ-T05
2025-10-04,SA205739809,CARD,GW-ORION,Success,36,1420.4,SAR,1988.56,26.24,1962.32,Success,DQ-T09
,OM441483176,TOKEN,GW-NIMBUS,SUCCESS,2,33.46,OMR,0.8,0.52,0.28,Success,DQ-T02
,EG511253320,WALLET,GW-NILE,Voided,1,338.54,EGP,0.0,0.41,-0.41,Voided,DQ-T02
,AE521533668,CARD,GW-ORION,Approved,5,1455.56,AED,36.3,19.75,16.55,Success,DQ-T02
2025-04-30,SA605999505,LDEBIT,GW-NIMBUS,CHARGEBACK?,108,23392.91,SAR,219.03,123.49,95.54,,DQ-T05
,EG191085202,WALLET,GW-NILE,Success,2,13959.6,EGP,264.09,116.67,147.42,Success,DQ-T02
2025-11-17,OM958516072,CARD,GW-ATLAS,UNKNOWN,8,8521.45,OMR,131.62,124.47,7.15,,DQ-T05
2025-03-01,EG750576392,CARD,GW-ATLAS,UNKNOWN,7,4916.18,EGP,156.85,97.27,59.58,,DQ-T05
,EG154810799,CARD,GW-ATLAS,Success,1,1204.6,EGP,32.22,21.37,10.85,Success,DQ-T02
,AE918231431,CARD,GW-ORION,Success,12,12169.42,AED,282.7,158.63,124.07,Success,DQ-T02
2025-07-17,AE638004344,CARD,GW-NIMBUS,CHARGEBACK?,2,408.31,AED,0.0,0.11,-0.11,,DQ-T05
,EG145730757,BNPL,GW-NILE,Success,1,3376.96,EGP,162.67,97.64,65.03,Success,DQ-T02
2025-01-14,SA550486234,TOKEN,GW-ORION,Success,1,-214.07,SAR,-5.63,-3.07,-2.56,Success,DQ-T07
,SA796857151,CARD,GW-NIMBUS,Failed,1,1965.14,SAR,0.0,0.06,-0.06,Failed,DQ-T02
2024-11-23,XX831546262,CARD,GW-ORION,Success,498,16793.93,SAR,541.44,326.41,215.03,Success,DQ-T04
2025-06-12,SA753222305,CARD,GW-ORION,Success,23,-4135.1,SAR,-104.16,-58.14,-46.02,Success,DQ-T07
,EG926950694,TOKEN,GW-ATLAS,Success,82,97537.72,EGP,1650.13,1781.31,-131.18,Success,DQ-T02
,EG344164016,WALLET,GW-NILE,Success,21,7858.57,EGP,201.05,100.31,100.74,Success,DQ-T02
,AE521533668,CARD,GW-ORION,Success,7,2719.59,AED,66.97,36.39,30.58,Success,DQ-T02
2026-02-01,SA479684490,LDEBIT,GW-NIMBUS,PENDING_REVIEW,11,531.06,SAR,7.82,4.25,3.57,,DQ-T05
,EG286990334,CARD,GW-NILE,APPROVED,4,428090.35,EGP,7193.17,5211.97,1981.2,Success,DQ-T02
,SA306273888,LDEBIT,GW-NIMBUS,Success,59,5566.73,SAR,79.47,35.01,44.46,Success,DQ-T02
2026-06-30,XX431757340,LDEBIT,GW-NIMBUS,Failed,1,366.23,SAR,0.0,0.06,-0.06,Failed,DQ-T04
,EG511253320,CARD,GW-NILE,Approved,77,25073.87,EGP,1039.22,515.2,524.02,Success,DQ-T02
,EG989134753,WALLET,GW-NILE,Success,10,69729.84,EGP,929.01,581.96,347.05,Success,DQ-T02
2026-04-14,SA813270664,TOKEN,GW-ORION,Success,0,46.2,SAR,1.58,0.84,0.74,Success,DQ-T08
,AE626038015,TOKEN,GW-ORION,CAPTURED,4,6054.94,AED,97.09,81.4,15.69,Success,DQ-T02
2026-06-11,XX535475399,LDEBIT,GW-NIMBUS,Refunded,1,84.75,SAR,0.0,0.56,-0.56,Refunded,DQ-T04
,SA781674979,TOKEN,GW-ATLAS,Failed,1,46.9,SAR,0.0,0.08,-0.08,Failed,DQ-T02
,EG432619696,CARD,GW-ATLAS,Voided,2,458.43,EGP,0.0,2.06,-2.06,Voided,DQ-T02
,SA358724361,LDEBIT,GW-NIMBUS,Success,8,400.32,SAR,6.43,3.15,3.28,Success,DQ-T02
2024-08-19,AE918231431,TOKEN,GW-NIMBUS,Success,1,-754.7,AED,-18.02,-10.8,-7.22,Success,DQ-T07
2025-10-12,EG420159724,LDEBIT,GW-NILE,Success,0,16673.84,EGP,211.76,76.34,135.42,Success,DQ-T08
,AE282120405,LDEBIT,GW-NIMBUS,Failed,2,81.76,AED,0.0,0.11,-0.11,Failed,DQ-T02
2026-06-04,EG219821138,BNPL,GW-NILE,CAPTURED,10,4484.49,EGP,6278.29,133.27,6145.02,Success,DQ-T09
2025-10-24,SA887216708,CARD,GW-NIMBUS,PENDING_REVIEW,1,1275.53,SAR,28.51,17.46,11.05,,DQ-T05
2025-09-05,EG100648072,LDEBIT,GW-NILE,Success,0,2361.89,EGP,31.11,11.35,19.76,Success,DQ-T08
,EG537155658,TOKEN,GW-ATLAS,Failed,2,441.29,EGP,0.0,1.96,-1.96,Failed,DQ-T02
2025-08-01,XX964356984,TOKEN,GW-ORION,Voided,3,149.38,AED,0.0,0.13,-0.13,Voided,DQ-T04
2025-06-03,AE678947423,TOKEN,GW-ORION,CHARGEBACK?,4,731.68,AED,18.88,10.61,8.27,,DQ-T05
,SA502724272,TOKEN,GW-ORION,Success,4,137.92,SAR,4.9,2.73,2.17,Success,DQ-T02
2024-10-21,SA847687864,LDEBIT,GW-NIMBUS,Success,10,-1526.44,SAR,-20.09,-8.56,-11.53,Success,DQ-T07
2026-04-06,AE861319254,CARD,GW-ATLAS,CHARGEBACK?,4,865.68,AED,21.96,13.71,8.25,,DQ-T05
2025-05-30,XX346322589,LDEBIT,GW-NIMBUS,Failed,1,146.98,AED,0.0,0.06,-0.06,Failed,DQ-T04
,EG468145711,LDEBIT,GW-NILE,Success,5,3843.84,EGP,58.38,24.55,33.83,Success,DQ-T02
2025-11-20,XX927424851,CARD,GW-ORION,Failed,1,77.52,SAR,0.0,0.04,-0.04,Failed,DQ-T04
,EG760725891,BNPL,GW-ATLAS,Success,10,10812.77,EGP,470.57,383.79,86.78,Success,DQ-T02
2025-07-17,SA473410995,LDEBIT,GW-NIMBUS,Success,3,-374.89,SAR,-4.88,-2.19,-2.69,Success,DQ-T07
2024-09-01,AE299289826,TOKEN,GW-ATLAS,Success,19,-1104.51,AED,-32.71,-21.86,-10.85,Success,DQ-T07
2026-05-21,SA550486234,TOKEN,GW-ORION,CHARGEBACK?,2,229.35,SAR,6.4,3.5,2.9,,DQ-T05
2026-02-13,AE987618927,TOKEN,GW-NIMBUS,UNKNOWN,1,41.46,AED,0.0,0.06,-0.06,,DQ-T05
,AE467155530,TOKEN,GW-ORION,Success,1,1483.55,AED,35.52,19.95,15.57,Success,DQ-T02
,AE626038015,LDEBIT,GW-NIMBUS,Success,1,2154.6,AED,16.49,9.86,6.63,Success,DQ-T02
2026-04-22,SA604765470,TOKEN,GW-NIMBUS,UNKNOWN,1,41.29,SAR,0.0,0.06,-0.06,,DQ-T05
2025-04-29,EG237932689,BNPL,GW-NILE,PENDING_REVIEW,4,1675.8,EGP,76.52,49.85,26.67,,DQ-T05
2025-05-11,EG867607945,WALLET,GW-NILE,Success,1,-3004.39,EGP,-59.21,-26.08,-33.13,Success,DQ-T07
2026-05-17,SA434781636,TOKEN,GW-NIMBUS,UNKNOWN,4,371.95,SAR,11.03,6.18,4.85,,DQ-T05
2024-12-23,XX511591740,CARD,GW-NIMBUS,Success,5,20633.97,SAR,300.92,279.78,21.14,Success,DQ-T04
2025-10-04,EG987489356,WALLET,GW-NILE,APPROVED,824,-245399.74,EGP,-6582.19,-3439.68,-3142.51,Success,DQ-T07
2024-07-11,EG486344028,WALLET,GW-NILE,PENDING_REVIEW,37,11757.56,EGP,305.0,157.51,147.49,,DQ-T05
,AE195822932,CARD,GW-NIMBUS,Success,21,2996.3,AED,76.6,45.46,31.14,Success,DQ-T02
,EG308894080,LDEBIT,GW-NILE,Success,1,4397.71,EGP,57.65,19.58,38.07,Success,DQ-T02
2026-06-21,EG361515615,WALLET,GW-NILE,Success,15,18286.1,EGP,25600.54,175.12,25425.42,Success,DQ-T09
,EG344164016,WALLET,GW-NILE,Failed,1,326.01,EGP,0.0,0.39,-0.39,Failed,DQ-T02
2025-06-26,XX150098194,TOKEN,GW-NIMBUS,Success,3,55.39,OMR,1.31,0.85,0.46,Success,DQ-T04
2025-02-17,EG761087060,TOKEN,GW-ATLAS,Success,0,37962.96,EGP,1019.29,672.03,347.26,Success,DQ-T08
2024-11-15,SA847623511,CARD,GW-ORION,Success,0,1579.7,SAR,44.17,23.82,20.35,Success,DQ-T08
2025-09-27,EG284431976,LDEBIT,GW-NILE,UNKNOWN,3,2380.59,EGP,33.69,14.99,18.7,,DQ-T05
2025-08-26,EG624580946,WALLET,GW-NILE,UNKNOWN,25,5274.97,EGP,0.0,9.89,-9.89,,DQ-T05
,OM780225802,CARD,GW-NIMBUS,Failed,4,19.85,OMR,0.0,0.02,-0.02,Failed,DQ-T02
2026-01-03,EG449636175,WALLET,GW-NILE,PENDING_REVIEW,76,31752.29,EGP,0.0,30.71,-30.71,,DQ-T05
2026-05-16,SA729864911,LDEBIT,GW-NIMBUS,Success,10,-2292.68,SAR,-28.72,-12.0,-16.72,Success,DQ-T07
2025-06-25,SA550486234,LDEBIT,GW-NIMBUS,Success,0,790.21,SAR,10.64,4.74,5.9,Success,DQ-T08
2025-11-26,EG348432509,CARD,GW-ATLAS,CHARGEBACK?,1,3240.04,EGP,81.33,51.01,30.32,,DQ-T05
2026-06-19,EG761087060,TOKEN,GW-ATLAS,Success,0,43871.79,EGP,1194.59,788.95,405.64,Success,DQ-T08
2025-01-29,XX151572590,LDEBIT,GW-NIMBUS,Failed,1,128.67,SAR,0.0,0.06,-0.06,Failed,DQ-T04
,AE783290352,CARD,GW-ORION,Success,9,582.19,AED,18.05,9.43,8.62,Success,DQ-T02
2024-08-29,EG511253320,CARD,GW-NILE,PENDING_REVIEW,56,18581.63,EGP,745.85,369.54,376.31,,DQ-T05
2025-02-12,SA307616362,CARD,GW-ORION,Success,0,16732.79,SAR,485.36,285.47,199.89,Success,DQ-T08
2024-10-15,SA977935480,CARD,GW-ORION,Success,49,-5118.71,SAR,-144.39,-76.55,-67.84,Success,DQ-T07
,EG760725891,BNPL,GW-ATLAS,Success,4,4275.32,EGP,186.06,151.88,34.18,Success,DQ-T02
2025-04-13,AE932795909,CARD,GW-NIMBUS,CHARGEBACK?,1250,364744.67,AED,7716.6,5222.44,2494.16,,DQ-T05
2025-07-15,SA623621170,TOKEN,GW-ATLAS,Success,2,-195.13,SAR,-5.31,-3.51,-1.8,Success,DQ-T07
,SA592705693,BNPL,GW-ATLAS,Success,1,1287.94,SAR,58.03,44.59,13.44,Success,DQ-T02
,AE548451543,LDEBIT,GW-NIMBUS,Success,4,211.94,AED,3.15,1.61,1.54,Success,DQ-T02
2024-11-13,SA586124263,CARD,GW-ORION,CHARGEBACK?,4,145.7,SAR,0.0,0.18,-0.18,,DQ-T05
2025-08-12,XX905016017,WALLET,GW-NILE,Success,8,3105.68,EGP,76.65,39.0,37.65,Success,DQ-T04
2025-11-16,SA391124455,LDEBIT,GW-NIMBUS,Success,16,2156.96,SAR,3019.74,12.41,3007.33,Success,DQ-T09
,EG981274071,WALLET,GW-NILE,Refunded,1,318.62,EGP,0.0,7.46,-7.46,Refunded,DQ-T02
,EG967183698,WALLET,GW-NILE,Voided,18,6219.01,EGP,0.0,7.16,-7.16,Voided,DQ-T02
2025-08-06,EG967183698,CARD,GW-NILE,CHARGEBACK?,24,13476.9,EGP,0.0,178.06,-178.06,,DQ-T05
2025-02-07,XX487753884,TOKEN,GW-ORION,Success,26,5346.79,AED,125.31,76.79,48.52,Success,DQ-T04
2025-04-24,XX941666703,LDEBIT,GW-NIMBUS,Success,3,336.99,SAR,4.54,2.02,2.52,Success,DQ-T04
2024-11-11,XX547276771,TOKEN,GW-NIMBUS,Refunded,1,239.7,SAR,0.0,0.56,-0.56,Refunded,DQ-T04
,EG199157533,TOKEN,GW-ATLAS,Failed,1,1007.35,EGP,0.0,0.98,-0.98,Failed,DQ-T02
2025-08-08,AE521533668,TOKEN,GW-ATLAS,PENDING_REVIEW,1,274.71,AED,0.0,0.07,-0.07,,DQ-T05
,EG215045135,CARD,GW-ATLAS,Failed,1,9512.04,EGP,0.0,0.96,-0.96,Failed,DQ-T02
,SA853040870,LDEBIT,GW-NIMBUS,Success,6,270.73,SAR,4.08,2.23,1.85,Success,DQ-T02
2025-12-19,EG647781107,LDEBIT,GW-NILE,Success,0,7991.57,EGP,120.94,51.96,68.98,Success,DQ-T08
,EG686030808,TOKEN,GW-NILE,Failed,13,10546.45,EGP,0.0,5.14,-5.14,Failed,DQ-T02
2025-04-14,XX654618369,TOKEN,GW-NILE,Success,173,159742.31,EGP,3052.06,2468.54,583.52,Success,DQ-T04
,EG134531316,LDEBIT,GW-NILE,Success,3,7621.06,EGP,94.43,35.99,58.44,Success,DQ-T02
,EG178731082,CARD,GW-NILE,Failed,4,2587.16,EGP,0.0,1.6,-1.6,Failed,DQ-T02
2024-09-30,SA315873581,TOKEN,GW-ORION,PENDING_REVIEW,21,853.46,SAR,27.15,16.04,11.11,,DQ-T05
2025-08-24,AE767122784,CARD,GW-ORION,CHARGEBACK?,5,1063.51,AED,26.08,14.73,11.35,,DQ-T05
2025-04-17,OM236113503,LDEBIT,GW-NIMBUS,Success,31,-886.26,OMR,-6.59,-4.52,-2.07,Success,DQ-T07
2025-06-12,XX362247867,CARD,GW-NIMBUS,Success,3,564.37,AED,14.29,8.34,5.95,Success,DQ-T04
,SA138962665,CARD,GW-ORION,Success,16,3381.76,SAR,89.8,46.92,42.88,Success,DQ-T02
2024-10-15,OM214883127,TOKEN,GW-NIMBUS,Success,0,9.5,OMR,0.28,0.16,0.12,Success,DQ-T08
2026-02-17,SA779341840,BNPL,GW-ATLAS,CHARGEBACK?,1,225.75,SAR,0.0,0.56,-0.56,,DQ-T05
,AE713987880,CARD,GW-ORION,Failed,3,430.11,AED,0.0,0.13,-0.13,Failed,DQ-T02
2025-10-27,AE467155530,BNPL,GW-ATLAS,PENDING_REVIEW,1,530.85,AED,24.59,18.42,6.17,,DQ-T05
,SA734980407,LDEBIT,GW-NIMBUS,Failed,26,1559.22,SAR,0.0,1.46,-1.46,Failed,DQ-T02
2024-12-01,EG373280861,CARD,GW-NILE,Success,8,-3600.67,EGP,-120.49,-64.53,-55.96,Success,DQ-T07
,EG140153041,TOKEN,GW-ATLAS,Success,1,393.8,EGP,14.97,9.76,5.21,Success,DQ-T02
2026-03-14,SA811026603,CARD,GW-ATLAS,CHARGEBACK?,4,679.9,SAR,17.96,11.02,6.94,,DQ-T05
2026-05-05,SA909908733,CARD,GW-ORION,Success,167,29084.33,SAR,40718.06,410.12,40307.94,Success,DQ-T09
2025-09-08,EG717847087,CARD,GW-NILE,Success,0,6290.44,EGP,150.96,84.53,66.43,Success,DQ-T08
2026-06-25,XX227021803,CARD,GW-ORION,Failed,23,953.51,AED,0.0,1.01,-1.01,Failed,DQ-T04
2026-02-17,EG799575469,WALLET,GW-NILE,Success,12,-4059.49,EGP,-109.86,-54.43,-55.43,Success,DQ-T07
,SA773581532,LDEBIT,GW-NIMBUS,Failed,1,736.99,SAR,0.0,0.06,-0.06,Failed,DQ-T02
,EG903275069,LDEBIT,GW-NILE,Failed,6,2971.98,EGP,0.0,2.32,-2.32,Failed,DQ-T02
2025-09-12,EG420159724,WALLET,GW-NILE,Success,2,-6232.64,EGP,-126.75,-54.05,-72.7,Success,DQ-T07
,EG799496821,CARD,GW-NILE,Refunded,4,3518.83,EGP,0.0,29.64,-29.64,Refunded,DQ-T02
,OM221133708,CARD,GW-ATLAS,Refunded,1,9.46,OMR,0.0,0.06,-0.06,Refunded,DQ-T02
,SA811026603,LDEBIT,GW-NIMBUS,Success,1,179.1,SAR,2.31,0.97,1.34,Success,DQ-T02
2025-10-16,XX701672171,TOKEN,GW-NIMBUS,Success,6,1435.62,SAR,36.27,21.56,14.71,Success,DQ-T04
2024-10-20,EG820064163,CARD,GW-NILE,SETTLED,0,5391.1,EGP,157.06,78.38,78.68,Success,DQ-T08
,SA772263667,LDEBIT,GW-NIMBUS,Success,10,430.07,SAR,6.84,3.62,3.22,Success,DQ-T02
,SA165400141,LDEBIT,GW-NIMBUS,Success,4,202.63,SAR,3.14,1.59,1.55,Success,DQ-T02
2025-02-03,AE934873526,CARD,GW-ATLAS,PENDING_REVIEW,1,325.13,AED,0.0,0.55,-0.55,,DQ-T05
,EG449636175,TOKEN,GW-NILE,Refunded,3,2171.39,EGP,0.0,23.22,-23.22,Refunded,DQ-T02
2024-08-15,SA306273888,LDEBIT,GW-NIMBUS,Success,0,3929.16,SAR,56.96,25.44,31.52,Success,DQ-T08
2026-05-26,AE462770123,CARD,GW-ORION,PENDING_REVIEW,1,307.98,AED,0.0,0.04,-0.04,,DQ-T05
2026-01-03,EG357144481,CARD,GW-NILE,Success,1,-416.71,EGP,-14.99,-7.74,-7.25,Success,DQ-T07
2025-02-20,EG403388419,CARD,GW-NILE,PENDING_REVIEW,9,14111.94,EGP,0.0,3.53,-3.53,,DQ-T05
,SA382289892,CARD,GW-ORION,Voided,1,207.94,SAR,0.0,0.04,-0.04,Voided,DQ-T02
,EG728358410,WALLET,GW-NILE,Refunded,1,1640.47,EGP,0.0,7.35,-7.35,Refunded,DQ-T02
2025-04-15,EG686030808,TOKEN,GW-NILE,Success,256,209557.04,EGP,293379.86,3314.88,290064.98,Success,DQ-T09
,SA900572493,CARD,GW-ATLAS,Refunded,1,406.81,SAR,0.0,0.56,-0.56,Refunded,DQ-T02
2025-12-24,EG799440003,CARD,GW-ATLAS,UNKNOWN,23,1569081.56,EGP,26254.23,22963.85,3290.38,,DQ-T05
,SA779341840,CARD,GW-ATLAS,Refunded,7,1246.27,SAR,0.0,3.94,-3.94,Refunded,DQ-T02
,AE603567666,BNPL,GW-ATLAS,Refunded,1,170.69,AED,0.0,0.55,-0.55,Refunded,DQ-T02
,EG178731082,TOKEN,GW-ATLAS,Success,21,14138.21,EGP,439.53,291.28,148.25,Success,DQ-T02
2025-07-27,SA362023155,TOKEN,GW-ORION,PENDING_REVIEW,4,264.19,SAR,0.0,0.18,-0.18,,DQ-T05
2025-03-07,EG134531316,WALLET,GW-NILE,UNKNOWN,5,8256.53,EGP,166.75,75.52,91.23,,DQ-T05
,AE125858239,CARD,GW-ORION,Voided,2,463.01,AED,0.0,0.09,-0.09,Voided,DQ-T02
,SA710370541,CARD,GW-ORION,Failed,16,10040.58,SAR,0.0,0.72,-0.72,Failed,DQ-T02
2026-02-05,EG327327982,CARD,GW-NILE,Success,48,-15029.43,EGP,-623.95,-313.13,-310.82,Success,DQ-T07
,SA847687864,CARD,GW-NIMBUS,Success,21,2472.16,SAR,68.22,38.49,29.73,Success,DQ-T02
2026-06-21,AE228494793,TOKEN,GW-ORION,Success,0,2114.14,AED,49.81,29.87,19.94,Success,DQ-T08
,EG511253320,WALLET,GW-NILE,Refunded,1,498.73,EGP,0.0,7.53,-7.53,Refunded,DQ-T02
2025-04-12,SA289229597,CARD,GW-ORION,PENDING_REVIEW,1,378.0,SAR,0.0,0.04,-0.04,,DQ-T05
2024-10-07,SA534917472,CARD,GW-ORION,Success,0,499.27,SAR,16.19,9.08,7.11,Success,DQ-T08
2024-08-05,EG344164016,WALLET,GW-NILE,Captured,25,-9378.81,EGP,-237.88,-118.36,-119.52,Success,DQ-T07
,SA268961677,CARD,GW-ORION,Success,23,2574.86,SAR,67.35,38.14,29.21,Success,DQ-T02
2025-10-20,EG952454778,LDEBIT,GW-NILE,Success,9,-2741.77,EGP,-54.8,-26.96,-27.84,Success,DQ-T07
2025-09-28,EG335687023,TOKEN,GW-ATLAS,CHARGEBACK?,4,6497.19,EGP,0.0,4.07,-4.07,,DQ-T05
,AE195822932,TOKEN,GW-NIMBUS,Failed,1,146.3,AED,0.0,0.06,-0.06,Failed,DQ-T02
,SA743782337,CARD,GW-NIMBUS,Failed,13,541.86,SAR,0.0,0.73,-0.73,Failed,DQ-T02
,AE970872555,BNPL,GW-ATLAS,Success,7,796.08,AED,37.33,28.03,9.3,Success,DQ-T02
,AE841408383,CARD,GW-ORION,Success,8,535.07,AED,15.49,8.61,6.88,Success,DQ-T02
,EG327394766,WALLET,GW-NILE,ERROR,8,12886.79,EGP,0.0,3.28,-3.28,Failed,DQ-T02
2025-10-04,XX880033454,LDEBIT,GW-NILE,Success,150,33841.9,EGP,790.1,401.37,388.73,Success,DQ-T04
,SA124881724,LDEBIT,GW-NIMBUS,Success,65,7811.2,SAR,76.5,46.12,30.38,Success,DQ-T02
2024-07-14,EG529532780,CARD,GW-ATLAS,PENDING_REVIEW,1,1585.08,EGP,0.0,0.96,-0.96,,DQ-T05
2026-03-05,EG629727686,LDEBIT,GW-NILE,UNKNOWN,1,276.76,EGP,5.82,2.93,2.89,,DQ-T05
2025-03-17,XX539336405,CARD,GW-NILE,Failed,4,6893.37,EGP,0.0,1.58,-1.58,Failed,DQ-T04
2024-11-13,AE520556972,CARD,GW-ATLAS,Success,429,59714.23,AED,83599.92,987.22,82612.7,Success,DQ-T09
,OM995225132,CARD,GW-ATLAS,Success,3,98.82,OMR,2.36,1.53,0.83,Success,DQ-T02
2024-12-17,XX546845508,BNPL,GW-ATLAS,Failed,3,4139.26,AED,0.0,0.22,-0.22,Failed,DQ-T04
,EG623813968,LDEBIT,GW-NILE,Success,8,16090.48,EGP,201.79,79.31,122.48,Success,DQ-T02
2026-01-12,EG449636175,TOKEN,GW-NILE,PENDING_REVIEW,849,351529.71,EGP,8266.05,6702.4,1563.65,,DQ-T05
2024-09-17,EG987489356,WALLET,GW-NILE,Success,0,195321.18,EGP,5247.46,2743.69,2503.77,Success,DQ-T08
2024-11-21,EG420159724,WALLET,GW-NILE,Success,0,2265.23,EGP,46.69,20.06,26.63,Success,DQ-T08
2025-06-19,SA241226283,BANKTR,GW-NIMBUS,PENDING_REVIEW,11,6966.24,SAR,31.47,18.54,12.93,,DQ-T05
2025-03-17,AE317795493,CARD,GW-NIMBUS,CHARGEBACK?,10,3005.23,AED,0.0,5.51,-5.51,,DQ-T05
2026-05-21,EG674673242,CARD,GW-NILE,UNKNOWN,1,6629.89,EGP,0.0,0.41,-0.41,,DQ-T05
2024-09-22,SA196173797,CARD,GW-ORION,UNKNOWN,3,258.02,SAR,0.0,0.14,-0.14,,DQ-T05
,SA779172798,TOKEN,GW-ORION,Success,6,738.24,SAR,19.62,11.16,8.46,Success,DQ-T02
2025-02-21,AE241754747,LDEBIT,GW-NIMBUS,Success,0,403.1,AED,6.55,3.3,3.25,Success,DQ-T08
2026-06-02,SA211354199,CARD,GW-ORION,UNKNOWN,1,190.54,SAR,0.0,0.04,-0.04,,DQ-T05
,SA147303844,CARD,GW-ORION,Approved,58,9909.6,SAR,259.88,139.98,119.9,Success,DQ-T02
2025-07-06,AE678947423,CARD,GW-ATLAS,PENDING_REVIEW,10,1927.43,AED,48.56,30.82,17.74,,DQ-T05
,SA977935480,TOKEN,GW-ORION,Failed,1,103.39,SAR,0.0,0.04,-0.04,Failed,DQ-T02
2025-09-19,SA550486234,CARD,GW-ATLAS,Success,0,1662.6,SAR,46.87,29.24,17.63,Success,DQ-T08
2026-02-04,EG550259154,TOKEN,GW-NILE,CHARGEBACK?,3,1129.18,EGP,40.79,22.39,18.4,,DQ-T05
2024-12-22,EG215045135,BNPL,GW-ATLAS,PENDING_REVIEW,1,12075.78,EGP,369.88,418.32,-48.44,,DQ-T05
2025-02-24,SA420885285,TOKEN,GW-ORION,Success,2,-268.4,SAR,-7.37,-4.02,-3.35,Success,DQ-T07
,EG486344028,CARD,GW-ATLAS,Success,97,31582.96,EGP,1211.21,815.51,395.7,Success,DQ-T02
2025-08-28,EG544696241,LDEBIT,GW-NILE,Success,0,20677.7,EGP,232.39,88.94,143.45,Success,DQ-T08
,AE518894994,CARD,GW-NIMBUS,VOID,10,551.03,AED,0.0,0.55,-0.55,Voided,DQ-T02
2024-09-30,XX831632248,WALLET,GW-NILE,Failed,12,9916.63,EGP,0.0,4.63,-4.63,Failed,DQ-T04
2025-10-02,OM713381935,LDEBIT,GW-NIMBUS,Success,1,105.71,OMR,147.99,0.49,147.5,Success,DQ-T09
,EG877654092,LDEBIT,GW-NILE,Failed,17,15767.77,EGP,0.0,6.92,-6.92,Failed,DQ-T02
2025-10-07,EG877654092,TOKEN,GW-NILE,UNKNOWN,8,7338.71,EGP,0.0,3.22,-3.22,,DQ-T05
2025-02-06,SA695199900,TOKEN,GW-ATLAS,CHARGEBACK?,2,253.93,SAR,6.58,4.39,2.19,,DQ-T05
,SA999694215,CARD,GW-NIMBUS,Failed,1,189.76,SAR,0.0,0.06,-0.06,Failed,DQ-T02
,EG336915801,TOKEN,GW-NILE,Declined,1,301.39,EGP,0.0,0.4,-0.4,Failed,DQ-T02
2024-11-10,AE836534480,BNPL,GW-ATLAS,PENDING_REVIEW,1,357.15,AED,0.0,0.07,-0.07,,DQ-T05
2025-02-15,SA576895050,CARD,GW-ORION,CHARGEBACK?,4,687.99,SAR,18.19,9.71,8.48,,DQ-T05
2025-01-28,EG629727686,CARD,GW-NILE,UNKNOWN,10,3170.53,EGP,123.81,64.5,59.31,,DQ-T05
2025-10-12,XX444398841,CARD,GW-ORION,Failed,2,633.96,SAR,0.0,0.09,-0.09,Failed,DQ-T04
,SA852543984,CARD,GW-NIMBUS,Failed,3,712.63,SAR,0.0,0.17,-0.17,Failed,DQ-T02
2024-08-22,EG656793347,LDEBIT,GW-NILE,Success,4,-257976.81,EGP,-2034.48,-1051.59,-982.89,Success,DQ-T07
2026-03-08,SA247806531,CARD,GW-ATLAS,Success,24,-1100.29,SAR,-20.17,-22.7,2.53,Success,DQ-T07
2026-03-11,AE642488904,BNPL,GW-ATLAS,Success,11,-13606.78,AED,-389.97,-471.06,81.09,Success,DQ-T07
,OM875678169,CARD,GW-NIMBUS,Approved,1,17.64,OMR,0.49,0.26,0.23,Success,DQ-T02
,EG432619696,WALLET,GW-NILE,Success,69,14298.16,EGP,430.94,239.72,191.22,Success,DQ-T02
,SA189309853,LDEBIT,GW-NIMBUS,Success,5,1396.83,SAR,15.35,7.13,8.22,Success,DQ-T02
2024-09-07,SA306273888,LDEBIT,GW-NIMBUS,Success,0,4683.43,SAR,67.13,29.68,37.45,Success,DQ-T08
2025-08-13,AE603567666,CARD,GW-ATLAS,PENDING_REVIEW,1,164.22,AED,0.0,0.07,-0.07,,DQ-T05
,EG105351460,CARD,GW-NILE,Refunded,1,728.04,EGP,0.0,7.21,-7.21,Refunded,DQ-T02
2026-01-15,OM371938797,LDEBIT,GW-NIMBUS,Success,136,-1049.29,OMR,-9.27,-7.07,-2.2,Success,DQ-T07
2024-11-02,XX190333886,CARD,GW-ORION,Failed,9,594.44,SAR,0.0,0.4,-0.4,Failed,DQ-T04
2025-09-17,EG903275069,WALLET,GW-NILE,UNKNOWN,15,7845.02,EGP,0.0,6.11,-6.11,,DQ-T05
2025-11-11,SA779341840,LDEBIT,GW-NIMBUS,CHARGEBACK?,52,8421.63,SAR,105.08,46.67,58.41,,DQ-T05
2025-03-17,OM486301998,LDEBIT,GW-NIMBUS,Success,1,-5.97,OMR,-0.09,-0.04,-0.05,Success,DQ-T07
,EG389262771,CARD,GW-NILE,Refunded,1,326.14,EGP,0.0,7.64,-7.64,Refunded,DQ-T02
2025-01-07,SA909908733,TOKEN,GW-ORION,CHARGEBACK?,3,515.2,SAR,0.0,0.14,-0.14,,DQ-T05
2025-04-24,EG744158614,CARD,GW-NILE,CHARGEBACK?,1,1034.13,EGP,0.0,7.46,-7.46,,DQ-T05
,EG934737958,TOKEN,GW-NILE,Failed,1,286.44,EGP,0.0,0.4,-0.4,Failed,DQ-T02
,EG449636175,WALLET,GW-NILE,Failed,104,42165.06,EGP,0.0,40.79,-40.79,Failed,DQ-T02
,AE671906697,TOKEN,GW-ORION,Failed,5,317.34,AED,0.0,0.22,-0.22,Failed,DQ-T02
,SA944601083,LDEBIT,GW-NIMBUS,Success,12,3944.93,SAR,48.62,19.78,28.84,Success,DQ-T02
2026-01-18,EG509980512,CARD,GW-NILE,CHARGEBACK?,21,6918.45,EGP,270.12,140.28,129.84,,DQ-T05
2026-04-23,XX530572643,LDEBIT,GW-NILE,Success,1,2948.66,EGP,38.19,13.74,24.45,Success,DQ-T04
,SA847623511,LDEBIT,GW-NIMBUS,Failed,1,97.47,SAR,0.0,0.06,-0.06,Failed,DQ-T02
2024-10-18,AE123781768,CARD,GW-ORION,CHARGEBACK?,1,49.79,AED,0.0,0.04,-0.04,,DQ-T05
2025-11-13,SA954952952,CARD,GW-ORION,Success,593,25939.52,SAR,36315.33,464.86,35850.47,Success,DQ-T09
,EG237932689,TOKEN,GW-NILE,Success,2,997.96,EGP,33.6,17.78,15.82,Success,DQ-T02
2025-08-23,EG903275069,BNPL,GW-NILE,Success,0,19617.95,EGP,875.35,581.62,293.73,Success,DQ-T08
2026-05-20,SA640104269,BNPL,GW-ATLAS,CHARGEBACK?,1,1258.79,SAR,40.9,43.58,-2.68,,DQ-T05
,SA247609412,CARD,GW-ORION,Voided,2,105.0,SAR,0.0,0.09,-0.09,Voided,DQ-T02
2025-12-13,EG511884968,WALLET,GW-NILE,CHARGEBACK?,7,12657.52,EGP,231.4,115.0,116.4,,DQ-T05
2025-09-21,SA189309853,LDEBIT,GW-NIMBUS,Success,1,200.99,SAR,281.39,1.07,280.32,Success,DQ-T09
2024-10-23,AE779021046,TOKEN,GW-ORION,Success,2,-3588.64,AED,-88.01,-48.17,-39.84,Success,DQ-T07
2026-02-21,SA851607798,CARD,GW-NIMBUS,PENDING_REVIEW,94,5503.7,SAR,96.6,97.21,-0.61,,DQ-T05
,EG327394766,CARD,GW-ATLAS,Success,135,229759.44,EGP,6114.24,3865.31,2248.93,Success,DQ-T02
,AE628221217,CARD,GW-ORION,Success,2,1111.23,AED,28.27,14.68,13.59,Success,DQ-T02
2026-04-30,EG989134753,WALLET,GW-NILE,Success,22,-161304.4,EGP,-2148.88,-1346.07,-802.81,Success,DQ-T07
2026-03-16,XX346948627,TOKEN,GW-NIMBUS,Refunded,1,1487.81,AED,0.0,0.55,-0.55,Refunded,DQ-T04
2026-01-06,EG799496821,CARD,GW-NILE,UNKNOWN,30,25962.63,EGP,0.0,12.12,-12.12,,DQ-T05
2026-06-12,AE554805022,TOKEN,GW-ORION,SUCCESS,14,13773.54,AED,19282.96,186.25,19096.71,Success,DQ-T09
,SA779341840,TOKEN,GW-ATLAS,Success,19,3620.32,SAR,92.82,60.01,32.81,Success,DQ-T02
2024-12-20,EG723980954,TOKEN,GW-ATLAS,UNKNOWN,1,278.02,EGP,11.84,7.83,4.01,,DQ-T05
2025-02-05,EG762971123,BNPL,GW-NILE,Success,0,3271.01,EGP,152.2,94.99,57.21,Success,DQ-T08
2026-02-10,XX648939298,CARD,GW-NILE,Voided,1,459.63,EGP,0.0,0.41,-0.41,Voided,DQ-T04
2024-08-31,SA206829187,TOKEN,GW-NIMBUS,PENDING_REVIEW,1,269.85,SAR,6.97,4.02,2.95,,DQ-T05
,AE832517070,CARD,GW-NIMBUS,Voided,1,223.45,AED,0.0,0.06,-0.06,Voided,DQ-T02
2026-03-14,XX526980574,LDEBIT,GW-NILE,Success,2,1169.61,EGP,19.64,8.35,11.29,Success,DQ-T04
2025-09-16,EG763647415,CARD,GW-NILE,Success,0,4811.28,EGP,110.7,61.16,49.54,Success,DQ-T08
,EG204164575,CARD,GW-NILE,Success,9,3341.92,EGP,121.21,64.62,56.59,Success,DQ-T02
,AE787062785,TOKEN,GW-ORION,Failed,1,146.98,AED,0.0,0.04,-0.04,Failed,DQ-T02
2024-09-06,SA466668047,BNPL,GW-ATLAS,Success,39,1633.94,SAR,2287.52,59.39,2228.13,Success,DQ-T09
,EG934737958,CARD,GW-ATLAS,Success,44,10822.75,EGP,458.47,316.06,142.41,Success,DQ-T02
,EG474518016,CARD,GW-NILE,REFUNDED,5,12392.4,EGP,0.0,36.8,-36.8,Refunded,DQ-T02
,EG403388419,WALLET,GW-NILE,Success,19,30219.73,EGP,582.66,279.06,303.6,Success,DQ-T02
2024-12-28,SA512016562,TOKEN,GW-NIMBUS,CAPTURED,29,-1110.42,SAR,-38.49,-22.61,-15.88,Success,DQ-T07
2025-08-01,EG550259154,CARD,GW-ATLAS,Success,0,6855.49,EGP,244.8,169.49,75.31,Success,DQ-T08
,EG849029255,LDEBIT,GW-NILE,Success,77,30890.12,EGP,584.7,263.37,321.33,Success,DQ-T02
2024-08-31,AE984737156,CARD,GW-NIMBUS,UNKNOWN,5,1337.72,AED,33.42,19.25,14.17,,DQ-T05
,EG509980512,LDEBIT,GW-NILE,Success,8,2154.06,EGP,44.75,22.57,22.18,Success,DQ-T02
2026-04-03,EG998632198,WALLET,GW-NILE,UNKNOWN,24,43727.22,EGP,811.05,397.29,413.76,,DQ-T05
2025-11-08,SA944601083,CARD,GW-ATLAS,Success,13,3656.02,SAR,5118.43,56.91,5061.52,Success,DQ-T09
2025-10-12,XX237529246,LDEBIT,GW-NILE,Success,2,6954.16,EGP,92.26,31.69,60.57,Success,DQ-T04
2025-09-07,XX154299535,TOKEN,GW-ORION,REVERSED,2,99.58,AED,0.0,0.09,-0.09,Voided,DQ-T04
2024-11-26,SA837285263,LDEBIT,GW-NIMBUS,Success,1,-549.74,SAR,-6.45,-2.64,-3.81,Success,DQ-T07
,SA705652485,LDEBIT,GW-NIMBUS,Voided,4,491.78,SAR,0.0,0.22,-0.22,Voided,DQ-T02
,OM761036673,LDEBIT,GW-NIMBUS,Failed,18,69.99,OMR,0.0,0.1,-0.1,Failed,DQ-T02
2024-11-21,SA189309853,CARD,GW-ORION,Success,13,-3205.03,SAR,-72.53,-43.99,-28.54,Success,DQ-T07
,AE561735990,CARD,GW-NIMBUS,Success,2,1454.25,AED,37.16,20.11,17.05,Success,DQ-T02
,EG903275069,TOKEN,GW-ATLAS,Success,51,25729.57,EGP,836.57,573.98,262.59,Success,DQ-T02
2026-03-01,EG981274071,WALLET,GW-NILE,UNKNOWN,146,61540.94,EGP,1536.68,762.12,774.56,,DQ-T05
2025-12-10,OM501692260,CARD,GW-NIMBUS,PENDING_REVIEW,4,265.7,OMR,5.92,3.69,2.23,,DQ-T05
2025-06-15,EG474518016,LDEBIT,GW-NILE,SETTLED,19,-23225.16,EGP,-296.12,-127.23,-168.89,Success,DQ-T07
2025-03-31,EG578179109,CARD,GW-NILE,Success,1,-14914.82,EGP,-339.93,-183.83,-156.1,Success,DQ-T07
2026-04-07,EG926950694,WALLET,GW-NILE,Success,0,77845.81,EGP,967.61,750.87,216.74,Success,DQ-T08
,AE208762198,TOKEN,GW-ORION,Success,4,826.59,AED,19.46,11.87,7.59,Success,DQ-T02
2024-10-17,OM978131111,TOKEN,GW-NIMBUS,Success,0,40.56,OMR,1.17,0.67,0.5,Success,DQ-T08
,OM284198769,TOKEN,GW-NIMBUS,Success,68,968.7,OMR,18.32,15.26,3.06,Success,DQ-T02
2025-09-09,AE634298413,CARD,GW-ORION,UNKNOWN,44,2091.09,AED,66.34,36.42,29.92,,DQ-T05
,SA676493356,CARD,GW-ATLAS,Success,33,3242.68,SAR,82.74,56.44,26.3,Success,DQ-T02
2026-04-21,SA358724361,CARD,GW-ORION,UNKNOWN,20,864.25,SAR,29.26,15.54,13.72,,DQ-T05
2026-01-16,XX479466629,CARD,GW-ORION,Failed,2,1603.69,SAR,0.0,0.09,-0.09,Failed,DQ-T04
,EG134531316,WALLET,GW-NILE,Success,5,9695.2,EGP,193.85,87.31,106.54,Success,DQ-T02
2026-01-26,SA397646855,BNPL,GW-ATLAS,UNKNOWN,61,3220.65,SAR,91.98,115.88,-23.9,,DQ-T05
,SA765577175,LDEBIT,GW-NIMBUS,Success,82,6991.22,SAR,57.14,45.3,11.84,Success,DQ-T02
,AE162515553,TOKEN,GW-NIMBUS,Success,2,3649.18,AED,83.9,51.57,32.33,Success,DQ-T02
,AE396175229,CARD,GW-ORION,Voided,1,102.44,AED,0.0,0.04,-0.04,Voided,DQ-T02
,SA640104269,LDEBIT,GW-NIMBUS,Success,5,7981.63,SAR,64.05,36.76,27.29,Success,DQ-T02
2024-10-13,XX327490575,WALLET,GW-NILE,Success,9,2871.83,EGP,72.42,38.57,33.85,Success,DQ-T04
2026-06-16,AE282120405,TOKEN,GW-NIMBUS,CHARGEBACK?,19,839.39,AED,27.64,16.29,11.35,,DQ-T05
,SA466668047,LDEBIT,GW-NIMBUS,Refunded,2,124.0,SAR,0.0,1.12,-1.12,Refunded,DQ-T02
2026-02-11,XX504378000,WALLET,GW-NILE,Failed,1,723.76,EGP,0.0,0.41,-0.41,Failed,DQ-T04
2024-07-14,SA139966565,CARD,GW-ATLAS,Success,167,6987.92,SAR,9783.09,148.23,9634.86,Success,DQ-T09
2025-05-23,SA711632487,LDEBIT,GW-NIMBUS,UNKNOWN,2,75.05,SAR,0.0,0.11,-0.11,,DQ-T05
2025-09-03,SA773581532,TOKEN,GW-ATLAS,UNKNOWN,8,5337.57,SAR,122.99,82.92,40.07,,DQ-T05
,SA837285263,CARD,GW-NIMBUS,Success,1,350.84,SAR,8.55,4.98,3.57,Success,DQ-T02
2025-11-02,EG468167807,CARD,GW-ATLAS,Success,3,-12743.44,EGP,-199.71,-197.12,-2.59,Success,DQ-T07
,EG934454177,LDEBIT,GW-NILE,Failed,2,2711.12,EGP,0.0,0.8,-0.8,Failed,DQ-T02
2026-04-09,AE518894994,CARD,GW-NIMBUS,Success,0,32906.78,AED,719.45,587.23,132.22,Success,DQ-T08
,AE618504164,LDEBIT,GW-NIMBUS,Success,24,1318.17,AED,20.04,9.9,10.14,Success,DQ-T02
,EG167120747,WALLET,GW-NILE,Voided,1,3677.75,EGP,0.0,0.4,-0.4,Voided,DQ-T02
2025-08-13,XX543362898,TOKEN,GW-NIMBUS,Voided,1,125.8,SAR,0.0,0.06,-0.06,Voided,DQ-T04
,EG952454778,WALLET,GW-NILE,Failed,4,1192.06,EGP,0.0,1.63,-1.63,Failed,DQ-T02
,SA434781636,LDEBIT,GW-NIMBUS,Failed,2,241.42,SAR,0.0,0.11,-0.11,Failed,DQ-T02
2024-08-18,SA853040870,LDEBIT,GW-NIMBUS,Success,7,-325.96,SAR,-4.88,-2.65,-2.23,Success,DQ-T07
,EG624580946,CARD,GW-NILE,Success,291,59531.23,EGP,2782.33,1486.14,1296.19,Success,DQ-T02
,EG680228975,LDEBIT,GW-NILE,Success,4,34764.57,EGP,274.81,147.72,127.09,Success,DQ-T02
,SA165400141,LDEBIT,GW-NIMBUS,Success,5,325.85,SAR,4.76,2.31,2.45,Success,DQ-T02
2025-08-11,AE923160667,CARD,GW-ORION,Success,5,-1896.33,AED,-45.07,-25.4,-19.67,Success,DQ-T07
,OM450405182,CARD,GW-ATLAS,Success,8,38.04,OMR,1.17,0.78,0.39,Success,DQ-T02
2024-08-23,XX424116367,WALLET,GW-NILE,REFUND,1,380.82,EGP,0.0,7.27,-7.27,Refunded,DQ-T04
,SA466668047,LDEBIT,GW-NIMBUS,Voided,1,43.95,SAR,0.0,0.06,-0.06,Voided,DQ-T02
2024-09-16,EG511893937,LDEBIT,GW-NILE,Success,1,-1895.23,EGP,-23.67,-9.36,-14.31,Success,DQ-T07
,SA507131461,CARD,GW-ORION,Success,7,885.13,SAR,23.42,12.91,10.51,Success,DQ-T02
,SA426436949,LDEBIT,GW-NIMBUS,Failed,6,410.37,SAR,0.0,0.34,-0.34,Failed,DQ-T02
,AE987618927,CARD,GW-ORION,Refunded,9,428.32,AED,0.0,4.96,-4.96,Refunded,DQ-T02
2024-11-20,EG699756627,CARD,GW-NILE,Success,0,7616.1,EGP,206.76,100.29,106.47,Success,DQ-T08
,SA819868069,CARD,GW-NIMBUS,Failed,47,6240.67,SAR,0.0,2.64,-2.64,Failed,DQ-T02
2025-05-03,SA534917472,TOKEN,GW-ORION,Success,3,-95.18,SAR,-3.42,-1.94,-1.48,Success,DQ-T07
2026-02-01,OM954248664,CARD,GW-NIMBUS,Success,18,-117.13,OMR,-3.3,-2.03,-1.27,Success,DQ-T07
2024-12-11,EG468167807,WALLET,GW-NILE,Success,1,-4976.94,EGP,-101.54,-42.03,-59.51,Success,DQ-T07
,EG231422873,CARD,GW-ATLAS,Success,1,7008.2,EGP,158.48,105.99,52.49,Success,DQ-T02
2025-08-05,EG191889591,TOKEN,GW-NILE,CHARGEBACK?,1,1392.79,EGP,0.0,0.4,-0.4,,DQ-T05
2024-08-12,EG839115780,WALLET,GW-NILE,Success,4,-26144.77,EGP,-513.03,-218.55,-294.48,Success,DQ-T07
2025-12-24,XX282156558,CARD,GW-ORION,Refunded,8,1028.96,SAR,0.0,4.5,-4.5,Refunded,DQ-T04
2026-03-29,EG293670432,BNPL,GW-NILE,PENDING_REVIEW,1,328.78,EGP,0.0,0.41,-0.41,,DQ-T05
,AE543834117,TOKEN,GW-ORION,Voided,1,48.67,AED,0.0,0.04,-0.04,Voided,DQ-T02
,EG276584921,TOKEN,GW-ATLAS,Failed,1,1428.05,EGP,0.0,0.99,-0.99,Failed,DQ-T02
2025-08-02,EG509980512,WALLET,GW-NILE,Success,15,-4634.34,EGP,-125.01,-63.5,-61.51,Success,DQ-T07
2026-01-07,SA779172798,CARD,GW-ATLAS,CHARGEBACK?,28,3987.07,SAR,102.28,65.9,36.38,,DQ-T05
,SA174215481,CARD,GW-ORION,Refunded,2,339.01,SAR,0.0,1.12,-1.12,Refunded,DQ-T02
2025-01-06,XX588495379,CARD,GW-NIMBUS,Success,8,539.94,OMR,12.03,7.49,4.54,Success,DQ-T04
2025-07-14,XX698332253,CARD,GW-NILE,Voided,3,1546.04,EGP,0.0,1.2,-1.2,Voided,DQ-T04
2025-12-07,SA776589285,LDEBIT,GW-NIMBUS,Success,4,-824.06,SAR,-10.05,-4.38,-5.67,Success,DQ-T07
2026-03-23,SA586124263,CARD,GW-ORION,Success,99,-3788.0,SAR,-127.2,-70.65,-56.55,Success,DQ-T07
2024-09-28,SA147303844,CARD,GW-ORION,Success,0,7932.1,SAR,207.86,111.95,95.91,Success,DQ-T08
2026-04-12,EG249264164,CARD,GW-ATLAS,PENDING_REVIEW,10,8731.59,EGP,256.8,165.28,91.52,,DQ-T05
2026-01-13,OM238929570,TOKEN,GW-NIMBUS,UNKNOWN,1,41.08,OMR,1.09,0.6,0.49,,DQ-T05
,EG643904514,CARD,GW-NILE,Failed,13,5166.98,EGP,0.0,5.02,-5.02,Failed,DQ-T02
,EG357144481,CARD,GW-NILE,Success,5,1852.89,EGP,68.8,35.5,33.3,Success,DQ-T02
2025-04-06,AE738504243,CARD,GW-ATLAS,SETTLED,0,1195.48,AED,28.92,18.25,10.67,Success,DQ-T08
,EG400875498,WALLET,GW-NILE,Failed,1,2368.02,EGP,0.0,0.4,-0.4,Failed,DQ-T02
2026-04-02,EG429684322,WALLET,GW-NILE,UNKNOWN,2,691.7,EGP,18.68,9.19,9.49,,DQ-T05
,EG820064163,WALLET,GW-NILE,Success,1,1665.13,EGP,35.17,15.25,19.92,Success,DQ-T02
2025-02-13,EG613159214,BANKTR,GW-NILE,PENDING_REVIEW,345,333983.24,EGP,7861.2,5618.02,2243.18,,DQ-T05
,EG611254298,WALLET,GW-NILE,Voided,1,374.53,EGP,0.0,0.4,-0.4,Voided,DQ-T02
2026-05-09,XX773059452,CARD,GW-NIMBUS,Success,6,283.1,SAR,5.04,5.28,-0.24,Success,DQ-T04
,AE125858239,CARD,GW-ORION,Success,60,14632.59,AED,331.81,200.7,131.11,Success,DQ-T02
,AE875103901,CARD,GW-ATLAS,Failed,22,1104.97,AED,0.0,1.62,-1.62,Failed,DQ-T02
2025-08-28,EG785459891,CARD,GW-NILE,Success,8,241783.95,EGP,338497.53,2958.65,335538.88,Success,DQ-T09
2025-04-25,EG728358410,LDEBIT,GW-NILE,Success,2,-3655.24,EGP,-41.52,-18.28,-23.24,Success,DQ-T07
,EG655465870,CARD,GW-ATLAS,Voided,1,314.11,EGP,0.0,0.97,-0.97,Voided,DQ-T02
2025-09-03,XX493568929,CARD,GW-ORION,Success,46,2955.67,SAR,88.19,48.16,40.03,Success,DQ-T04
2025-11-24,EG697551722,TOKEN,GW-NILE,UNKNOWN,4,4699.12,EGP,0.0,1.63,-1.63,,DQ-T05
2026-02-22,EG998632198,LDEBIT,GW-NILE,UNKNOWN,2,3246.7,EGP,0.0,0.82,-0.82,,DQ-T05
2025-04-17,OM761036673,CARD,GW-NIMBUS,Success,552,-2150.16,OMR,-71.26,-42.82,-28.44,Success,DQ-T07
,EG219821138,WALLET,GW-NILE,Failed,2,829.56,EGP,0.0,0.8,-0.8,Failed,DQ-T02
,SA124881724,TOKEN,GW-ATLAS,Success,27,3426.84,SAR,69.42,59.31,10.11,Success,DQ-T02
,SA295911590,LDEBIT,GW-NIMBUS,Success,3,552.5,SAR,6.81,2.99,3.82,Success,DQ-T02
,EG400875498,CARD,GW-NILE,Voided,1,2387.91,EGP,0.0,0.4,-0.4,Voided,DQ-T02
2025-04-03,EG839904793,WALLET,GW-NILE,Success,10,3815.46,EGP,5341.64,48.3,5293.34,Success,DQ-T09
,SA860742247,LDEBIT,GW-NIMBUS,Voided,12,2344.24,SAR,0.0,0.68,-0.68,Voided,DQ-T02
,SA315873581,TOKEN,GW-ORION,Success,29,1286.5,SAR,39.94,23.58,16.36,Success,DQ-T02
2025-05-24,OM334471218,LDEBIT,GW-NIMBUS,Success,5,-115.12,OMR,-1.34,-0.6,-0.74,Success,DQ-T07
,EG166655022,WALLET,GW-NILE,Refunded,2,2070.03,EGP,0.0,15.27,-15.27,Refunded,DQ-T02
2025-11-15,XX184157232,TOKEN,GW-NILE,Success,3,2831.31,EGP,85.06,43.78,41.28,Success,DQ-T04
2026-04-07,SA859807984,CARD,GW-NIMBUS,Success,0,4915.62,SAR,113.18,67.34,45.84,Success,DQ-T08
2024-11-04,EG918104848,LDEBIT,GW-NILE,Success,13,-4200.17,EGP,-73.64,-39.21,-34.43,Success,DQ-T07
2025-04-25,SA779341840,CARD,GW-ATLAS,UNKNOWN,109,18550.65,SAR,470.32,300.72,169.6,,DQ-T05
,SA479684490,TOKEN,GW-ORION,Failed,1,46.13,SAR,0.0,0.04,-0.04,Failed,DQ-T02
,EG770407516,CARD,GW-NILE,Failed,64,18779.88,EGP,0.0,26.34,-26.34,Failed,DQ-T02
,EG645057217,WALLET,GW-NILE,Failed,1,1292.35,EGP,0.0,0.4,-0.4,Failed,DQ-T02
2025-05-16,AE585192811,LDEBIT,GW-NIMBUS,Success,0,504.92,AED,6.66,3.1,3.56,Success,DQ-T08
,EG696983188,WALLET,GW-NILE,Voided,4,1360.57,EGP,0.0,1.63,-1.63,Voided,DQ-T02
2025-09-12,XX116489189,LDEBIT,GW-NIMBUS,FAILED,4,52.76,OMR,0.0,0.02,-0.02,Failed,DQ-T04
2025-04-16,EG988355477,LDEBIT,GW-NILE,UNKNOWN,2,4047.53,EGP,52.58,19.87,32.71,,DQ-T05
,SA182543031,CARD,GW-ATLAS,Refunded,1,211.03,SAR,0.0,0.56,-0.56,Refunded,DQ-T02
,EG783358166,CARD,GW-ATLAS,Success,75,22795.89,EGP,941.11,617.11,324.0,Success,DQ-T02
,SA592705693,TOKEN,GW-ORION,Failed,1,956.94,SAR,0.0,0.04,-0.04,Failed,DQ-T02
,AE585192811,LDEBIT,GW-NIMBUS,Success,5,641.97,AED,8.21,3.72,4.49,Success,DQ-T02
2025-09-19,SA779172798,TOKEN,GW-ORION,Success,7,-902.02,SAR,-23.85,-13.56,-10.29,Success,DQ-T07
2025-03-29,SA423374323,CARD,GW-NIMBUS,UNKNOWN,33,3055.8,SAR,90.09,49.3,40.79,,DQ-T05
2026-05-24,SA597658531,CARD,GW-ATLAS,Success,955,-145427.65,SAR,-2258.93,-2385.35,126.42,Success,DQ-T07
2025-07-02,EG783358166,LDEBIT,GW-NILE,Success,39,-12018.31,EGP,-242.19,-117.18,-125.01,Success,DQ-T07
2025-07-31,XX509130876,TOKEN,GW-NILE,Success,1,922.88,EGP,26.83,14.29,12.54,Success,DQ-T04
2026-03-05,XX689082550,CARD,GW-NILE,Success,980,1592467.82,EGP,28610.33,22028.25,6582.08,Success,DQ-T04
,SA848487072,TOKEN,GW-ORION,Success,6,4983.26,SAR,104.77,67.62,37.15,Success,DQ-T02
2026-01-14,EG537155658,TOKEN,GW-ATLAS,Success,103,23567.68,EGP,32994.75,741.39,32253.36,Success,DQ-T09
,OM713381935,TOKEN,GW-ATLAS,Success,1,81.49,OMR,1.98,1.26,0.72,Success,DQ-T02
,EG259754316,WALLET,GW-NILE,Refunded,3,1061.32,EGP,0.0,23.09,-23.09,Refunded,DQ-T02
2024-08-24,SA652255380,LDEBIT,GW-NIMBUS,Success,8,-4620.9,SAR,-50.11,-22.14,-27.97,Success,DQ-T07
2026-01-20,SA267227056,TOKEN,GW-ORION,PENDING_REVIEW,3,860.26,SAR,0.0,0.14,-0.14,,DQ-T05
,SA765577175,CARD,GW-ORION,Refunded,1,76.2,SAR,0.0,0.56,-0.56,Refunded,DQ-T02
2025-05-04,OM284198769,LDEBIT,GW-NIMBUS,CHARGEBACK?,5,76.55,OMR,0.0,0.29,-0.29,,DQ-T05
2025-02-18,XX261280261,LDEBIT,GW-NILE,Success,254,297041.39,EGP,2418.05,1639.22,778.83,Success,DQ-T04
2026-04-03,SA986462340,CARD,GW-ORION,Success,39,1546.33,SAR,2164.86,28.53,2136.33,Success,DQ-T09
2026-05-08,AE998528073,CARD,GW-ORION,Success,4,1040.46,AED,1456.64,14.21,1442.43,Success,DQ-T09
,AE744794983,TOKEN,GW-NIMBUS,Failed,2,305.49,AED,0.0,0.11,-0.11,Failed,DQ-T02
,SA732202482,CARD,GW-ORION,Success,52,3303.93,SAR,91.46,53.96,37.5,Success,DQ-T02
,SA720574277,CARD,GW-NIMBUS,Success,4,291.36,SAR,8.77,4.91,3.86,Success,DQ-T02
2024-11-18,OM450405182,LDEBIT,GW-NIMBUS,Success,1,4.65,OMR,6.51,0.04,6.47,Success,DQ-T09
,EG389592600,CARD,GW-NILE,Voided,3,957.99,EGP,0.0,1.22,-1.22,Voided,DQ-T02
,EG873952802,LDEBIT,GW-NILE,Failed,2,2629.37,EGP,0.0,0.81,-0.81,Failed,DQ-T02
2024-10-10,EG537339465,CARD,GW-ATLAS,Success,753,-306979.46,EGP,-7645.19,-7184.25,-460.94,Success,DQ-T07
2024-12-25,XX746756477,CARD,GW-ATLAS,Success,50,9605.32,SAR,244.38,153.92,90.46,Success,DQ-T04
2025-09-27,XX607740416,LDEBIT,GW-NILE,Success,1,1084.26,EGP,15.08,6.17,8.91,Success,DQ-T04
2025-04-04,SA887092113,LDEBIT,GW-NIMBUS,Success,8,-833.46,SAR,-11.15,-5.1,-6.05,Success,DQ-T07
,EG799496821,CARD,GW-NILE,Voided,4,3343.96,EGP,0.0,1.56,-1.56,Voided,DQ-T02
2026-01-23,XX678271114,WALLET,GW-NILE,Captured,1,8381.17,EGP,155.9,69.66,86.24,Success,DQ-T04
2025-10-18,EG982441707,CARD,GW-NILE,PENDING_REVIEW,22,9149.19,EGP,340.82,169.86,170.96,,DQ-T05
2025-06-04,SA211354199,TOKEN,GW-ATLAS,Success,2,-349.35,SAR,-7.54,-5.84,-1.7,Success,DQ-T07
,EG981274071,LDEBIT,GW-NILE,Voided,2,864.19,EGP,0.0,0.82,-0.82,Voided,DQ-T02
2024-07-30,SA586124263,CARD,GW-ORION,Success,89,3201.06,SAR,4481.48,60.9,4420.58,Success,DQ-T09
2025-05-14,AE518894994,LDEBIT,GW-NIMBUS,Success,0,2227.41,AED,24.13,16.96,7.17,Success,DQ-T08
2026-03-09,EG934454177,CARD,GW-ATLAS,PENDING_REVIEW,384,534448.27,EGP,10699.13,9258.33,1440.8,,DQ-T05
,SA771478693,CARD,GW-ORION,Refunded,5,741.88,SAR,0.0,2.81,-2.81,Refunded,DQ-T02
2024-12-22,OM222996492,CARD,GW-NIMBUS,PENDING_REVIEW,1,767.51,OMR,0.0,0.01,-0.01,,DQ-T05
2026-03-21,XX420452352,WALLET,GW-NILE,Refunded,1,1441.15,EGP,0.0,7.74,-7.74,Refunded,DQ-T04
,SA912413819,TOKEN,GW-ATLAS,SUCCESS,78,2829.54,SAR,90.34,64.43,25.91,Success,DQ-T02
2026-01-06,EG327394766,CARD,GW-ATLAS,Success,101,-163450.45,EGP,-4364.39,-2760.67,-1603.72,Success,DQ-T07
,AE486272694,TOKEN,GW-ORION,Success,2,534.62,AED,13.17,7.55,5.62,Success,DQ-T02
,EG284431976,WALLET,GW-NILE,Success,3,2350.76,EGP,49.28,24.28,25.0,Success,DQ-T02
2024-10-14,AE728035822,LDEBIT,GW-NIMBUS,Success,0,94.45,AED,1.34,0.59,0.75,Success,DQ-T08
,EG163862782,TOKEN,GW-NILE,Success,1,1081.07,EGP,31.79,16.34,15.45,Success,DQ-T02
,EG867607945,CARD,GW-NILE,Captured,8,8334.39,EGP,237.18,121.95,115.23,Success,DQ-T02
2026-02-13,XX630902908,CARD,GW-NILE,Success,17,12323.02,EGP,379.45,195.95,183.5,Success,DQ-T04
2024-11-30,EG529532780,CARD,GW-ATLAS,CHARGEBACK?,1,1608.48,EGP,0.0,0.98,-0.98,,DQ-T05
2026-05-10,EG215045135,CARD,GW-ATLAS,Success,7,-67718.86,EGP,-1063.44,-1014.05,-49.39,Success,DQ-T07
2026-03-18,SA165160063,LDEBIT,GW-NIMBUS,CHARGEBACK?,2,439.62,SAR,0.0,0.11,-0.11,,DQ-T05
,EG449636175,CARD,GW-ATLAS,Success,2776,1148498.66,EGP,26485.44,26956.68,-471.24,Success,DQ-T02
,SA247609412,CARD,GW-ORION,Voided,1,52.5,SAR,0.0,0.04,-0.04,Voided,DQ-T02
2025-12-28,SA819868069,CARD,GW-NIMBUS,CHARGEBACK?,65,8630.71,SAR,0.0,3.66,-3.66,,DQ-T05
2024-11-29,EG877654092,CARD,GW-NILE,CHARGEBACK?,508,454646.91,EGP,8554.58,6837.83,1716.75,,DQ-T05
2026-06-10,SA700672253,LDEBIT,GW-NIMBUS,Success,347,14973.59,SAR,20963.03,125.94,20837.09,Success,DQ-T09
2024-11-17,EG981274071,CARD,GW-ATLAS,Success,296,117876.28,EGP,165026.79,2787.54,162239.25,Success,DQ-T09
,EG193916126,LDEBIT,GW-NILE,Failed,2,568.58,EGP,0.0,0.81,-0.81,Failed,DQ-T02
2025-06-15,SA847623511,TOKEN,GW-ORION,PENDING_REVIEW,9,974.24,SAR,27.42,14.97,12.45,,DQ-T05
,EG325044783,LDEBIT,GW-NILE,Success,2,2955.73,EGP,36.33,15.45,20.88,Success,DQ-T02
2024-10-29,EG792191738,WALLET,GW-NILE,CHARGEBACK?,28,20560.95,EGP,462.38,214.18,248.2,,DQ-T05
2025-09-07,SA887216708,CARD,GW-NIMBUS,CHARGEBACK?,2,1627.56,SAR,36.65,22.46,14.19,,DQ-T05
2024-10-26,EG578179109,TOKEN,GW-ATLAS,UNKNOWN,1,11780.45,EGP,275.34,181.72,93.62,,DQ-T05
,EG275709942,WALLET,GW-NILE,Success,37,62370.73,EGP,731.27,567.94,163.33,Success,DQ-T02
,EG191889591,CARD,GW-ATLAS,Success,32,45832.51,EGP,1199.51,784.28,415.23,Success,DQ-T02
,SA586124263,CARD,GW-ORION,Success,69,2644.87,SAR,88.77,49.3,39.47,Success,DQ-T02
2024-12-24,EG518450463,WALLET,GW-NILE,Success,1,885.01,EGP,1239.01,8.88,1230.13,Success,DQ-T09
,OM528658283,CARD,GW-ATLAS,Success,4,92.09,OMR,2.19,1.46,0.73,Success,DQ-T02
,SA773581532,LDEBIT,GW-NIMBUS,Success,7,5960.43,SAR,65.39,28.0,37.39,Success,DQ-T02
,AE932795909,CARD,GW-NIMBUS,Failed,136,39259.64,AED,0.0,7.49,-7.49,Failed,DQ-T02
2025-08-03,XX208852639,TOKEN,GW-ATLAS,Voided,1,105.38,SAR,0.0,0.08,-0.08,Voided,DQ-T04
2026-06-04,EG763647415,CARD,GW-NILE,PENDING_REVIEW,3,17425.49,EGP,397.92,219.9,178.02,,DQ-T05
2025-10-02,SA720574277,LDEBIT,GW-NIMBUS,Success,1,-56.81,SAR,-0.89,-0.42,-0.47,Success,DQ-T07
2026-03-18,SA487858809,LDEBIT,GW-NIMBUS,PENDING_REVIEW,3,136.99,SAR,0.0,0.17,-0.17,,DQ-T05
2025-04-15,SA423374323,LDEBIT,GW-NIMBUS,CHARGEBACK?,2,174.21,SAR,0.0,0.11,-0.11,,DQ-T05
2024-11-05,AE779021046,CARD,GW-ORION,Success,16,-24953.46,AED,-599.52,-323.4,-276.12,Success,DQ-T07
,AE738504243,TOKEN,GW-NIMBUS,Failed,1,252.06,AED,0.0,0.06,-0.06,Failed,DQ-T02
2025-05-26,EG696983188,CARD,GW-ATLAS,PENDING_REVIEW,45,14978.89,EGP,0.0,44.83,-44.83,,DQ-T05
2026-02-16,XX628463961,BNPL,GW-ATLAS,Failed,6,1108.12,SAR,0.0,0.45,-0.45,Failed,DQ-T04
2025-08-23,AE875103901,CARD,GW-ATLAS,Success,150,-7431.47,AED,-227.35,-149.12,-78.23,Success,DQ-T07
,EG707758852,CARD,GW-ATLAS,Success,14,8637.66,EGP,270.66,178.74,91.92,Success,DQ-T02
,EG875100630,WALLET,GW-NILE,Success,2,1539.84,EGP,34.25,16.04,18.21,Success,DQ-T02
,SA168621990,LDEBIT,GW-NIMBUS,Failed,3,316.13,SAR,0.0,0.17,-0.17,Failed,DQ-T02
2026-03-09,AE783290352,BNPL,GW-ATLAS,UNKNOWN,1,56.29,AED,0.0,0.07,-0.07,,DQ-T05
2026-01-05,SA241226283,BANKTR,GW-NIMBUS,Success,37,-22878.96,SAR,-104.72,-62.08,-42.64,Success,DQ-T07
,EG987489356,WALLET,GW-NILE,Refunded,34,7082.17,EGP,0.0,254.37,-254.37,Refunded,DQ-T02
2025-07-31,XX155678020,CARD,GW-NILE,Voided,1,217.74,EGP,0.0,0.4,-0.4,Voided,DQ-T04
2025-11-05,SA307616362,LDEBIT,GW-NIMBUS,Success,136,-6788.41,SAR,-98.14,-53.5,-44.64,Success,DQ-T07
,SA988802623,BNPL,GW-ATLAS,Refunded,1,306.1,SAR,0.0,0.56,-0.56,Refunded,DQ-T02
,EG293670432,CARD,GW-NILE,SETTLED,17,5477.62,EGP,199.22,111.06,88.16,Success,DQ-T02
2026-03-08,SA588810791,CARD,GW-ORION,Success,0,23727.21,SAR,393.56,345.46,48.1,Success,DQ-T08
2024-10-08,XX492379377,TOKEN,GW-NIMBUS,Success,1,1008.15,SAR,25.06,14.36,10.7,Success,DQ-T04
,SA944601083,CARD,GW-ATLAS,Voided,1,335.24,SAR,0.0,0.08,-0.08,Voided,DQ-T02
,SA366690460,TOKEN,GW-NIMBUS,Success,5,293.37,SAR,9.06,5.33,3.73,Success,DQ-T02
2026-01-05,XX535907831,TOKEN,GW-NILE,Success,1,777.74,EGP,22.73,12.48,10.25,Success,DQ-T04
2025-07-15,EG761087060,CARD,GW-NILE,Success,0,114684.83,EGP,3013.16,1600.9,1412.26,Success,DQ-T08
,SA122822556,LDEBIT,GW-NIMBUS,APPROVED,17,827.88,SAR,12.59,6.59,6.0,Success,DQ-T02
2025-10-17,XX598774435,WALLET,GW-NILE,Failed,25,5369.26,EGP,0.0,10.07,-10.07,Failed,DQ-T04
,SA110751010,TOKEN,GW-ORION,Success,4,238.96,SAR,7.35,4.07,3.28,Success,DQ-T02
2025-07-01,XX433897552,TOKEN,GW-ATLAS,Success,14,1805.21,SAR,50.64,31.18,19.46,Success,DQ-T04
2025-11-05,EG707758852,LDEBIT,GW-NILE,CAPTURED,9,5515.48,EGP,7721.67,38.39,7683.28,Success,DQ-T09
2026-02-08,XX209163153,CARD,GW-ATLAS,Refunded,2,15.3,OMR,0.0,0.12,-0.12,Refunded,DQ-T04
2025-06-22,SA604765470,CARD,GW-ORION,UNKNOWN,1,41.29,SAR,0.0,0.04,-0.04,,DQ-T05
,SA652255380,LDEBIT,GW-NIMBUS,Success,8,4344.07,SAR,47.2,20.9,26.3,Success,DQ-T02
,SA112481566,TOKEN,GW-ORION,Success,9,867.12,SAR,26.0,13.54,12.46,Success,DQ-T02
,EG509980512,LDEBIT,GW-NILE,Success,8,2953.2,EGP,53.75,25.62,28.13,Success,DQ-T02
2026-01-04,EG595418422,TOKEN,GW-NILE,Success,29,-53546.41,EGP,-1093.95,-752.33,-341.62,Success,DQ-T07
2025-03-07,XX237499372,LDEBIT,GW-NIMBUS,Success,17,585.39,SAR,10.38,5.5,4.88,Success,DQ-T04
2025-07-25,EG760725891,CARD,GW-ATLAS,UNKNOWN,18,21843.27,EGP,565.65,385.33,180.32,,DQ-T05
,EG181564804,CARD,GW-ATLAS,Success,8228,3939990.56,EGP,92702.33,87040.63,5661.7,Success,DQ-T02
,AE998528073,CARD,GW-ORION,Failed,3,690.47,AED,0.0,0.13,-0.13,Failed,DQ-T02
2026-06-26,XX270475505,CARD,GW-ORION,REVERSED,18,1142.44,AED,0.0,0.79,-0.79,Voided,DQ-T04
2025-04-30,EG730609269,TOKEN,GW-ATLAS,UNKNOWN,1,3381.04,EGP,88.43,54.8,33.63,,DQ-T05
,AE125858239,BNPL,GW-ATLAS,Refunded,1,324.22,AED,0.0,0.55,-0.55,Refunded,DQ-T02
2025-10-08,SA660258875,LDEBIT,GW-NIMBUS,Success,16,-2495.9,SAR,-32.28,-13.93,-18.35,Success,DQ-T07
2024-10-04,EG934737958,CARD,GW-ATLAS,CHARGEBACK?,46,14158.6,EGP,543.58,371.89,171.69,,DQ-T05
,SA819868069,LDEBIT,GW-NIMBUS,Voided,4,531.12,SAR,0.0,0.22,-0.22,Voided,DQ-T02
,EG544029480,LDEBIT,GW-NILE,Success,9,13341.75,EGP,170.73,70.07,100.66,Success,DQ-T02
,SA416884588,CARD,GW-ORION,Voided,1,206.85,SAR,0.0,0.04,-0.04,Voided,DQ-T02
,SA705652485,CARD,GW-ORION,Refunded,9,1543.58,SAR,0.0,5.06,-5.06,Refunded,DQ-T02
2024-09-09,EG926950694,LDEBIT,GW-NILE,Success,0,287847.11,EGP,2330.42,1576.05,754.37,Success,DQ-T08
2025-04-20,EG286990334,LDEBIT,GW-NILE,PENDING_REVIEW,1,105867.41,EGP,869.85,430.5,439.35,,DQ-T05
,AE360087333,TOKEN,GW-ORION,Success,13,559.08,AED,17.71,10.28,7.43,Success,DQ-T02
2025-08-28,EG327394766,WALLET,GW-NILE,CHARGEBACK?,36,57052.08,EGP,1165.03,524.44,640.59,,DQ-T05
,AE852316595,TOKEN,GW-NIMBUS,Failed,1,102.66,AED,0.0,0.06,-0.06,Failed,DQ-T02
,EG908795816,BANKTR,GW-NILE,Success,4,307933.24,EGP,693.24,205.18,488.06,Success,DQ-T02
2025-04-02,AE987618927,TOKEN,GW-NIMBUS,Success,57,2403.56,AED,3364.98,47.26,3317.72,Success,DQ-T09
2026-02-13,XX564385453,CARD,GW-NIMBUS,Refunded,1,66.71,SAR,0.0,0.56,-0.56,Refunded,DQ-T04
,SA779341840,BNPL,GW-ATLAS,Success,15,2746.2,SAR,127.15,96.03,31.12,Success,DQ-T02
2025-08-21,AE211109637,CARD,GW-NIMBUS,Success,0,1487.3,AED,21.73,20.56,1.17,Success,DQ-T08
,SA555426966,CARD,GW-ORION,Success,1,89.12,SAR,2.47,1.37,1.1,Success,DQ-T02
2026-03-21,XX450288441,WALLET,GW-NILE,Failed,24,22562.21,EGP,0.0,9.91,-9.91,Failed,DQ-T04
2025-12-07,XX651134559,TOKEN,GW-NIMBUS,Success,32,-6779.82,AED,-158.13,-102.56,-55.57,Success,DQ-T04;DQ-T07
2025-01-11,AE741353303,CARD,GW-ORION,UNKNOWN,3,115.78,AED,0.0,0.13,-0.13,,DQ-T05
2026-06-01,XX789083344,TOKEN,GW-ORION,Voided,2,573.51,SAR,0.0,0.09,-0.09,Voided,DQ-T04
2024-09-05,AE889475271,LDEBIT,GW-NIMBUS,Success,7,-299.9,AED,-4.83,-2.51,-2.32,Success,DQ-T07
2025-09-10,AE744794983,CARD,GW-ORION,CHARGEBACK?,12,1832.96,AED,0.0,0.53,-0.53,,DQ-T05
,SA138962665,LDEBIT,GW-NIMBUS,Success,4,846.61,SAR,11.01,4.48,6.53,Success,DQ-T02
,SA259363162,TOKEN,GW-ORION,Refunded,2,204.29,SAR,0.0,1.12,-1.12,Refunded,DQ-T02
,EG373280861,LDEBIT,GW-NILE,Success,1,618.27,EGP,9.28,4.22,5.06,Success,DQ-T02
2025-07-10,EG704053078,CARD,GW-ATLAS,Success,36,126390.65,EGP,176946.91,1976.48,174970.43,Success,DQ-T09
2026-01-23,SA604765470,TOKEN,GW-NIMBUS,Success,7,274.17,SAR,383.84,5.54,378.3,Success,DQ-T09
,SA433295013,BANKTR,GW-NIMBUS,Success,278,39381.5,SAR,519.76,400.2,119.56,Success,DQ-T02
2024-10-09,EG559913630,WALLET,GW-NILE,Success,0,4163.04,EGP,78.32,35.42,42.9,Success,DQ-T08
2025-11-17,OM667112904,CARD,GW-NIMBUS,UNKNOWN,70,212.71,OMR,7.96,4.62,3.34,,DQ-T05
,SA860742247,CARD,GW-NIMBUS,Success,1951,381544.3,SAR,6612.4,5626.4,986.0,Success,DQ-T02
2024-10-19,EG486344028,CARD,GW-ATLAS,Success,74,23948.85,EGP,33528.39,615.35,32913.04,Success,DQ-T09
2026-01-09,XX650052846,CARD,GW-ATLAS,Success,85,129705.8,EGP,3487.86,2208.86,1279.0,Success,DQ-T04
2024-09-28,XX757480709,TOKEN,GW-ORION,Success,5,887.21,AED,24.31,12.89,11.42,Success,DQ-T04
2025-08-11,EG645057217,TOKEN,GW-ATLAS,Success,0,2951.99,EGP,81.27,51.95,29.32,Success,DQ-T08
2026-05-27,EG167120747,CARD,GW-ATLAS,PENDING_REVIEW,1,2562.62,EGP,69.4,41.18,28.22,,DQ-T05
2026-06-29,SA813270664,CARD,GW-ORION,UNKNOWN,4,200.28,SAR,6.62,3.46,3.16,,DQ-T05
2025-12-20,SA722880043,CARD,GW-NIMBUS,Success,0,5534.42,SAR,125.75,75.69,50.06,Success,DQ-T08
2025-11-05,XX670187384,WALLET,GW-NILE,Success,118,47688.96,EGP,1199.67,596.79,602.88,Success,DQ-T04
,EG697551722,CARD,GW-ATLAS,Success,144,166625.86,EGP,3577.33,2972.15,605.18,Success,DQ-T02
2025-11-30,SA852543984,TOKEN,GW-ORION,PENDING_REVIEW,3,712.63,SAR,0.0,0.14,-0.14,,DQ-T05
,AE360087333,CARD,GW-NIMBUS,Failed,2,96.41,AED,0.0,0.11,-0.11,Failed,DQ-T02
,OM761036673,TOKEN,GW-ATLAS,Failed,12,46.66,OMR,0.0,0.09,-0.09,Failed,DQ-T02
,OM954248664,LDEBIT,GW-NIMBUS,Success,5,43.32,OMR,0.57,0.28,0.29,Success,DQ-T02
2026-04-14,SA466668047,TOKEN,GW-ORION,Success,0,2476.13,SAR,78.66,44.98,33.68,Success,DQ-T08
2025-04-02,XX965424708,CARD,GW-ORION,Failed,33,1643.15,AED,0.0,1.45,-1.45,Failed,DQ-T04
,EG573406141,LDEBIT,GW-NILE,Success,1,985.22,EGP,14.52,5.73,8.79,Success,DQ-T02
2026-03-06,OM107384993,CARD,GW-NIMBUS,PENDING_REVIEW,21,406.18,OMR,7.17,6.01,1.16,,DQ-T05
,AE286189201,BNPL,GW-ATLAS,Success,4,278.77,AED,12.51,9.93,2.58,Success,DQ-T02
2026-06-27,EG432619696,TOKEN,GW-NILE,Success,0,12675.98,EGP,524.23,285.12,239.11,Success,DQ-T08
,EG622517179,WALLET,GW-NILE,Success,7,3765.25,EGP,89.04,43.1,45.94,Success,DQ-T02
2025-12-27,SA211354199,TOKEN,GW-ATLAS,UNKNOWN,1,221.82,SAR,4.69,3.63,1.06,,DQ-T05
2024-12-06,SA592705693,BNPL,GW-ATLAS,Success,1,-1278.95,SAR,-57.63,-44.28,-13.35,Success,DQ-T07
2025-04-02,AE984737156,CARD,GW-NIMBUS,CHARGEBACK?,6,1879.1,AED,46.55,26.8,19.75,,DQ-T05
,EG327327982,WALLET,GW-NILE,Failed,1,290.0,EGP,0.0,0.39,-0.39,Failed,DQ-T02
2025-03-12,SA972748866,LDEBIT,GW-NIMBUS,UNKNOWN,5,651.95,SAR,0.0,0.28,-0.28,,DQ-T05
,EG697551722,CARD,GW-ATLAS,Success,184,212287.61,EGP,4554.12,3783.0,771.12,Success,DQ-T02
,EG918104848,LDEBIT,GW-NILE,Success,8,3190.82,EGP,51.45,26.65,24.8,Success,DQ-T02
,SA886598559,LDEBIT,GW-NIMBUS,Success,27,4468.84,SAR,53.95,24.67,29.28,Success,DQ-T02
,AE241754747,CARD,GW-NIMBUS,Success,45,2052.23,AED,67.35,38.45,28.9,Success,DQ-T02
,EG544696241,WALLET,GW-NILE,Failed,1,6787.91,EGP,0.0,0.4,-0.4,Failed,DQ-T02
,SA597658531,CARD,GW-ATLAS,Success,1005,156502.12,SAR,2424.82,2560.69,-135.87,Success,DQ-T02
2025-07-06,SA954952952,LDEBIT,GW-NIMBUS,Success,246,-10587.35,SAR,-161.95,-89.16,-72.79,Success,DQ-T07
,AE934873526,CARD,GW-ATLAS,Voided,1,300.53,AED,0.0,0.07,-0.07,Voided,DQ-T02
,EG981274071,TOKEN,GW-NILE,Captured,112,48064.17,EGP,1735.28,911.64,823.64,Success,DQ-T02
2026-05-01,EG771233717,CARD,GW-ATLAS,CHARGEBACK?,11,13394.26,EGP,364.38,237.25,127.13,,DQ-T05
,AE934873526,CARD,GW-ATLAS,Failed,1,300.53,AED,0.0,0.07,-0.07,Failed,DQ-T02
2025-08-07,EG799496821,TOKEN,GW-ATLAS,CHARGEBACK?,2,1694.64,EGP,0.0,1.98,-1.98,,DQ-T05
,AE125858239,CARD,GW-ORION,Success,79,17520.88,AED,399.93,241.88,158.05,Success,DQ-T02
2025-08-12,AE923160667,LDEBIT,GW-NIMBUS,Success,2,-732.47,AED,-8.53,-3.63,-4.9,Success,DQ-T07
,SA466668047,CARD,GW-ORION,Success,183,7819.49,SAR,249.1,141.08,108.02,Success,DQ-T02
,EG792191738,WALLET,GW-NILE,Failed,5,4070.48,EGP,0.0,2.04,-2.04,Failed,DQ-T02
,EG856875467,TOKEN,GW-ATLAS,Failed,2,826.12,EGP,0.0,1.96,-1.96,Failed,DQ-T02
,EG537339465,WALLET,GW-NILE,Failed,36,14750.27,EGP,0.0,13.95,-13.95,Failed,DQ-T02
2025-09-13,SA473783633,LDEBIT,GW-NIMBUS,Success,3,-2971.62,SAR,-32.83,-13.88,-18.95,Success,DQ-T07
2025-04-23,SA945807399,CARD,GW-ATLAS,CHARGEBACK?,3,1672.07,SAR,42.7,25.21,17.49,,DQ-T05
2026-04-03,AE518894994,LDEBIT,GW-NIMBUS,UNKNOWN,179,9905.89,AED,106.28,74.16,32.12,,DQ-T05
2026-02-06,SA597658531,CARD,GW-ATLAS,CHARGEBACK?,938,145285.88,SAR,2252.39,2378.56,-126.17,,DQ-T05
2025-04-05,SA332563719,CARD,GW-NIMBUS,Success,7,-216.67,SAR,-7.38,-4.63,-2.75,Success,DQ-T07
2024-11-29,AE235728700,TOKEN,GW-ORION,CHARGEBACK?,1,228.24,AED,0.0,0.04,-0.04,,DQ-T05
,SA734980407,LDEBIT,GW-NIMBUS,Voided,1,59.97,SAR,0.0,0.06,-0.06,Voided,DQ-T02
,SA758672424,CARD,GW-ATLAS,Success,1,88.81,SAR,2.27,1.57,0.7,Success,DQ-T02
2024-11-29,EG724883181,TOKEN,GW-NILE,Success,16,-5965.27,EGP,-213.91,-116.54,-97.37,Success,DQ-T07
2025-06-07,EG165675111,CARD,GW-ATLAS,CHARGEBACK?,1,2839.59,EGP,73.81,45.09,28.72,,DQ-T05
2026-01-04,SA886598559,CARD,GW-NIMBUS,Success,36,-6595.19,SAR,-161.03,-97.81,-63.22,Success,DQ-T07
2026-04-29,EG785459891,BANKTR,GW-NILE,Success,21,621084.11,EGP,869517.75,627.51,868890.24,Success,DQ-T09
2024-12-13,XX847003633,LDEBIT,GW-NIMBUS,Voided,1,97.47,SAR,0.0,0.06,-0.06,Voided,DQ-T04
2025-08-19,EG766165674,CARD,GW-NILE,UNKNOWN,2,9875.98,EGP,232.6,125.24,107.36,,DQ-T05
2024-10-24,XX127726595,CARD,GW-ORION,Failed,9,328.89,SAR,0.0,0.4,-0.4,Failed,DQ-T04
2026-05-20,EG916667859,CARD,GW-ATLAS,UNKNOWN,3,2235.48,EGP,69.85,44.04,25.81,,DQ-T05
2025-06-04,AE204415052,CARD,GW-ORION,Success,0,1412.2,AED,39.72,21.38,18.34,Success,DQ-T08
2026-03-10,XX661978672,LDEBIT,GW-NIMBUS,Failed,3,85.06,SAR,0.0,0.17,-0.17,Failed,DQ-T04
2026-01-29,XX657338253,BNPL,GW-ATLAS,Success,10,14681.04,AED,420.76,508.11,-87.35,Success,DQ-T04
2025-08-26,EG237932689,WALLET,GW-NILE,Success,4,-1555.54,EGP,-38.89,-19.52,-19.37,Success,DQ-T07
2025-10-15,EG249264164,CARD,GW-ATLAS,Success,18,-14805.81,EGP,-439.24,-282.93,-156.31,Success,DQ-T07
,EG680139391,TOKEN,GW-ATLAS,Voided,1,421.16,EGP,0.0,1.03,-1.03,Voided,DQ-T02
,SA853040870,CARD,GW-ORION,Refunded,1,57.75,SAR,0.0,0.56,-0.56,Refunded,DQ-T02
,EG280455389,CARD,GW-NILE,Success,4,5382.34,EGP,137.32,76.27,61.05,Success,DQ-T02
2024-12-11,OM441483176,TOKEN,GW-NIMBUS,CHARGEBACK?,2,37.96,OMR,0.89,0.58,0.31,,DQ-T05
2026-05-06,OM141192539,LDEBIT,GW-NIMBUS,PENDING_REVIEW,21,346.39,OMR,4.02,1.92,2.1,,DQ-T05
2025-12-18,SA268987858,BNPL,GW-ATLAS,Success,1,87.78,SAR,122.89,3.11,119.78,Success,DQ-T09
2024-11-02,EG934737958,WALLET,GW-NILE,Success,22,-6955.19,EGP,-179.43,-93.91,-85.52,Success,DQ-T07
2025-12-23,SA623969133,CARD,GW-ORION,CHARGEBACK?,12,3296.28,SAR,81.7,44.94,36.76,,DQ-T05
2026-06-24,AE713987880,LDEBIT,GW-NIMBUS,PENDING_REVIEW,1,147.24,AED,0.0,0.55,-0.55,,DQ-T05
2025-02-15,XX597353195,LDEBIT,GW-NILE,Success,1,2556.97,EGP,34.0,12.07,21.93,Success,DQ-T04
2025-09-13,EG998632198,TOKEN,GW-NILE,UNKNOWN,15,24893.4,EGP,621.57,354.15,267.42,,DQ-T05
,EG656793347,CARD,GW-ATLAS,Voided,1,75568.32,EGP,0.0,0.99,-0.99,Voided,DQ-T02
,EG888467038,TOKEN,GW-NILE,Success,1,17479.5,EGP,396.16,222.97,173.19,Success,DQ-T02
,SA814924785,CARD,GW-ATLAS,Success,6,3486.99,SAR,80.15,52.51,27.64,Success,DQ-T02
2026-01-07,XX789465833,TOKEN,GW-NILE,Success,24,10419.73,EGP,349.95,195.55,154.4,Success,DQ-T04
,EG595418422,CARD,GW-NILE,Refunded,3,6853.45,EGP,0.0,23.22,-23.22,Refunded,DQ-T02
2026-04-23,SA909427280,TOKEN,GW-NIMBUS,Success,0,5235.05,SAR,129.48,81.33,48.15,Success,DQ-T08
,EG873952802,CARD,GW-ATLAS,Refunded,6,9429.75,EGP,0.0,44.46,-44.46,Refunded,DQ-T02
2024-12-30,EG308894080,LDEBIT,GW-NILE,PENDING_REVIEW,1,3485.02,EGP,46.16,15.83,30.33,,DQ-T05
2025-12-20,AE307567415,TOKEN,GW-ORION,Success,300,-54327.72,AED,-1060.48,-788.11,-272.37,Success,DQ-T07
2026-03-26,SA138962665,CARD,GW-ORION,UNKNOWN,1,200.12,SAR,0.0,0.04,-0.04,,DQ-T05
2024-12-30,EG979007692,CARD,GW-ATLAS,Success,3,2240.49,EGP,3136.69,43.55,3093.14,Success,DQ-T09
2025-05-25,XX275367896,LDEBIT,GW-NILE,Failed,3,6545.65,EGP,0.0,1.2,-1.2,Failed,DQ-T04
2025-02-23,XX283617605,LDEBIT,GW-NILE,Success,1,781.23,EGP,11.71,4.88,6.83,Success,DQ-T04
2025-11-26,SA711632487,TOKEN,GW-ORION,Success,22,-768.14,SAR,-27.17,-15.13,-12.04,Success,DQ-T07
2025-08-13,SA124881724,LDEBIT,GW-NIMBUS,Success,60,-7033.37,SAR,-69.08,-41.78,-27.3,Success,DQ-T07
2025-02-12,AE808885338,CARD,GW-ORION,Success,0,1888.41,AED,49.55,26.18,23.37,Success,DQ-T08
2024-10-12,XX876671348,CARD,GW-NIMBUS,Success,10,3739.9,AED,92.04,52.88,39.16,Success,DQ-T04
,AE678947423,TOKEN,GW-ORION,Success,2,239.08,AED,6.42,3.62,2.8,Success,DQ-T02
2025-12-10,SA466668047,LDEBIT,GW-NIMBUS,Success,0,3951.15,SAR,61.44,32.97,28.47,Success,DQ-T08
,EG344164016,WALLET,GW-NILE,Failed,2,639.6,EGP,0.0,0.77,-0.77,Failed,DQ-T02
,EG348432509,LDEBIT,GW-NILE,Success,4,33755.62,EGP,397.24,143.58,253.66,Success,DQ-T02
2024-10-31,SA977935480,TOKEN,GW-ORION,Success,29,-2692.37,SAR,-78.7,-42.28,-36.42,Success,DQ-T07
,AE307567415,CARD,GW-NIMBUS,Failed,113,20597.66,AED,0.0,6.22,-6.22,Failed,DQ-T02
2025-10-19,SA623621170,CARD,GW-ORION,Success,19,-1038.78,SAR,-31.04,-17.56,-13.48,Success,DQ-T07
2025-08-11,EG699756627,LDEBIT,GW-NILE,CHARGEBACK?,1,2971.12,EGP,39.11,13.76,25.35,,DQ-T05
,EG624580946,LDEBIT,GW-NILE,Success,52,12011.17,EGP,262.0,139.31,122.69,Success,DQ-T02
,EG943656964,CARD,GW-ATLAS,Failed,1,355.24,EGP,0.0,1.03,-1.03,Failed,DQ-T02
2026-01-25,XX801448214,CARD,GW-NIMBUS,Success,2,78.77,SAR,2.86,1.55,1.31,Success,DQ-T04
2026-04-15,XX896241076,LDEBIT,GW-NIMBUS,Refunded,1,111.33,SAR,0.0,0.56,-0.56,Refunded,DQ-T04
2026-01-12,EG482640702,TOKEN,GW-NILE,UNKNOWN,1,2351.15,EGP,0.0,0.4,-0.4,,DQ-T05
,SA423374323,CARD,GW-NIMBUS,Success,27,2238.98,SAR,67.12,36.81,30.31,Success,DQ-T02
2025-04-29,XX707928332,CARD,GW-ATLAS,Success,9,1217.65,SAR,32.68,20.25,12.43,Success,DQ-T04
,AE241754747,LDEBIT,GW-NIMBUS,Voided,2,93.31,AED,0.0,0.11,-0.11,Voided,DQ-T02
2025-10-25,EG361515615,TOKEN,GW-NILE,UNKNOWN,10,12673.7,EGP,336.26,186.37,149.89,,DQ-T05
2025-08-28,EG766165674,CARD,GW-NILE,Success,2,8130.61,EGP,11382.85,104.03,11278.82,Success,DQ-T09
2025-07-29,SA433295013,BANKTR,GW-NIMBUS,CHARGEBACK?,283,40121.37,SAR,529.18,407.42,121.76,,DQ-T05
2025-05-21,SA742513174,CARD,GW-ORION,Success,2,67.83,SAR,94.96,1.32,93.64,Success,DQ-T09
,EG623813968,TOKEN,GW-ATLAS,Declined,1,2212.69,EGP,0.0,1.01,-1.01,Failed,DQ-T02
,SA779172798,LDEBIT,GW-NIMBUS,Refunded,3,318.58,SAR,0.0,1.69,-1.69,Refunded,DQ-T02
2026-03-04,EG103023484,TOKEN,GW-ATLAS,UNKNOWN,144,187960.52,EGP,3493.42,3391.74,101.68,,DQ-T05
2026-04-22,XX911512138,CARD,GW-NILE,Voided,2,1742.5,EGP,0.0,0.82,-0.82,Voided,DQ-T04
2025-05-26,EG373213017,LDEBIT,GW-NILE,PENDING_REVIEW,1,1281.18,EGP,0.0,0.4,-0.4,,DQ-T05
,EG161643120,WALLET,GW-NILE,APPROVED,4,3074.98,EGP,68.35,32.09,36.26,Success,DQ-T02
,AE554805022,CARD,GW-NIMBUS,Failed,4,3971.05,AED,0.0,0.22,-0.22,Failed,DQ-T02
2026-06-19,EG987489356,LDEBIT,GW-NILE,Success,0,202637.22,EGP,3973.04,2008.88,1964.16,Success,DQ-T08
2026-04-08,XX553923704,LDEBIT,GW-NIMBUS,Success,4,4374.38,SAR,47.77,20.36,27.41,Success,DQ-T04
,AE317795493,CARD,GW-NIMBUS,Success,125,33327.06,AED,501.63,479.75,21.88,Success,DQ-T02
2025-07-16,EG403388419,TOKEN,GW-NILE,UNKNOWN,1,1603.84,EGP,0.0,0.4,-0.4,,DQ-T05
,SA580727871,LDEBIT,GW-NIMBUS,Success,14,787.01,SAR,6.74,5.9,0.84,Success,DQ-T02
,EG552283131,CARD,GW-NILE,Success,2,4712.62,EGP,123.86,62.71,61.15,Success,DQ-T02
2026-05-31,EG310678152,TOKEN,GW-ATLAS,Success,0,12084.55,EGP,308.52,205.61,102.91,Success,DQ-T08
2026-05-28,AE174460555,TOKEN,GW-ORION,Success,0,495.37,AED,12.48,6.81,5.67,Success,DQ-T08
,SA466668047,CARD,GW-ORION,Success,189,8258.62,SAR,261.48,148.05,113.43,Success,DQ-T02
,AE787062785,TOKEN,GW-ORION,Voided,1,146.98,AED,0.0,0.04,-0.04,Voided,DQ-T02
,OM995225132,CARD,GW-ATLAS,Success,1,32.71,OMR,0.78,0.51,0.27,Success,DQ-T02
2024-08-11,XX288699415,LDEBIT,GW-NIMBUS,Success,50,2053.7,SAR,31.55,17.68,13.87,Success,DQ-T04
2025-11-02,SA660258875,LDEBIT,GW-NIMBUS,CHARGEBACK?,1,188.27,SAR,0.0,0.06,-0.06,,DQ-T05
,EG327327982,WALLET,GW-NILE,Success,32,9770.84,EGP,272.81,133.8,139.01,Success,DQ-T02
,SA758672424,CARD,GW-ATLAS,Failed,2,233.8,SAR,0.0,0.15,-0.15,Failed,DQ-T02
2026-03-28,EG984686648,CARD,GW-NILE,CHARGEBACK?,59,31152.94,EGP,995.68,539.84,455.84,,DQ-T05
2024-07-29,XX966290272,CARD,GW-NILE,ERROR,2,4615.57,EGP,0.0,0.77,-0.77,Failed,DQ-T04
2025-11-19,XX608874214,TOKEN,GW-ATLAS,Success,1,3508.22,EGP,86.84,56.82,30.02,Success,DQ-T04
2026-06-11,EG266138287,WALLET,GW-NILE,UNKNOWN,2,586.25,EGP,0.0,0.82,-0.82,,DQ-T05
2026-01-30,SA695199900,CARD,GW-ORION,Success,5,-753.48,SAR,-18.79,-10.78,-8.01,Success,DQ-T07
,AE671906697,CARD,GW-ORION,Voided,71,4506.3,AED,0.0,3.13,-3.13,Voided,DQ-T02
,SA168621990,CARD,GW-NIMBUS,Refunded,2,145.85,SAR,0.0,1.12,-1.12,Refunded,DQ-T02
2026-02-11,EG920470377,WALLET,GW-NILE,PENDING_REVIEW,2,2270.27,EGP,45.25,21.98,23.27,,DQ-T05
,OM284198769,LDEBIT,GW-NIMBUS,APPROVED,111,1635.89,OMR,14.8,9.28,5.52,Success,DQ-T02
,EG345706176,WALLET,GW-NILE,Success,1,3148.71,EGP,61.26,27.22,34.04,Success,DQ-T02
2026-02-02,XX615144275,CARD,GW-NIMBUS,Failed,10,1267.66,AED,0.0,0.55,-0.55,Failed,DQ-T04
2024-08-26,XX104941176,CARD,GW-ORION,DECLINED,3,180.95,SAR,0.0,0.14,-0.14,Failed,DQ-T04
2025-05-14,AE779021046,TOKEN,GW-ORION,Success,0,8375.72,AED,204.8,112.05,92.75,Success,DQ-T08
2025-09-17,SA577673991,LDEBIT,GW-NIMBUS,Success,6,-967.66,SAR,-12.72,-5.37,-7.35,Success,DQ-T07
2025-12-21,XX892945392,CARD,GW-ATLAS,CAPTURED,47,3743.31,AED,100.1,67.35,32.75,Success,DQ-T04
2026-05-18,EG508110442,BANKTR,GW-NILE,PENDING_REVIEW,1,51619.19,EGP,130.05,39.88,90.17,,DQ-T05
,EG903275069,CARD,GW-NILE,Voided,1,523.4,EGP,0.0,0.41,-0.41,Voided,DQ-T02
,AE853501645,TOKEN,GW-NIMBUS,Refunded,16,1182.37,AED,0.0,8.81,-8.81,Refunded,DQ-T02
,EG594214015,TOKEN,GW-ATLAS,SUCCESS,5,1115.46,EGP,55.06,35.85,19.21,Success,DQ-T02
,EG799575469,CARD,GW-ATLAS,Voided,1,365.71,EGP,0.0,0.99,-0.99,Voided,DQ-T02
2025-01-25,AE875103901,CARD,GW-ATLAS,PENDING_REVIEW,23,1155.19,AED,0.0,1.69,-1.69,,DQ-T05
,EG770407516,TOKEN,GW-ATLAS,Voided,3,864.57,EGP,0.0,3.03,-3.03,Voided,DQ-T02
2025-12-06,SA925677957,CARD,GW-ATLAS,CHARGEBACK?,1,766.72,SAR,0.0,0.56,-0.56,,DQ-T05
,AE125858239,CARD,GW-ORION,APPROVED,88,20756.14,AED,471.73,285.32,186.41,Success,DQ-T02
2025-01-10,EG165126097,CARD,GW-ATLAS,Success,0,3997.8,EGP,107.09,69.17,37.92,Success,DQ-T08
,SA972748866,LDEBIT,GW-NIMBUS,Refunded,5,389.32,SAR,0.0,2.81,-2.81,Refunded,DQ-T02
2025-02-22,OM267217098,LDEBIT,GW-NIMBUS,PENDING_REVIEW,3,41.35,OMR,0.0,0.17,-0.17,,DQ-T05
,SA988802623,BNPL,GW-ATLAS,Failed,1,251.59,SAR,0.0,0.08,-0.08,Failed,DQ-T02
,AE608679106,CARD,GW-ORION,Failed,14,692.96,AED,0.0,0.62,-0.62,Failed,DQ-T02
2026-02-13,SA768323752,CARD,GW-ATLAS,PENDING_REVIEW,1,87.4,SAR,0.0,0.08,-0.08,,DQ-T05
2026-03-09,SA460557898,LDEBIT,GW-NIMBUS,PENDING_REVIEW,2,214.56,SAR,0.0,0.11,-0.11,,DQ-T05
,SA722880043,CARD,GW-NIMBUS,Success,2,3983.31,SAR,90.18,54.26,35.92,Success,DQ-T02
2025-09-03,EG275709942,CARD,GW-NILE,APPROVED,118,182204.25,EGP,255085.95,2532.32,252553.63,Success,DQ-T09
,EG191889591,TOKEN,GW-NILE,Success,15,20784.72,EGP,556.78,300.86,255.92,Success,DQ-T02
2024-12-25,XX846008092,LDEBIT,GW-NILE,Refunded,5,7234.8,EGP,0.0,36.77,-36.77,Refunded,DQ-T04
2025-11-27,EG843137256,LDEBIT,GW-NILE,Success,3,-3198.26,EGP,-44.11,-18.3,-25.81,Success,DQ-T07
2026-05-30,EG538857731,TOKEN,GW-NILE,Success,0,13098.92,EGP,336.02,189.64,146.38,Success,DQ-T08
,EG989134753,LDEBIT,GW-NILE,Success,10,75777.4,EGP,623.65,324.58,299.07,Success,DQ-T02
,EG389371308,WALLET,GW-NILE,Success,6,11794.55,EGP,227.24,106.24,121.0,Success,DQ-T02
2025-10-11,EG181564804,LDEBIT,GW-NILE,CHARGEBACK?,47,23193.0,EGP,0.0,18.93,-18.93,,DQ-T05
,EG529532780,CARD,GW-ATLAS,Failed,1,1677.83,EGP,0.0,1.02,-1.02,Failed,DQ-T02
2025-06-04,OM526413827,CARD,GW-NIMBUS,CHARGEBACK?,4,31.91,OMR,0.88,0.53,0.35,,DQ-T05
,SA512016562,LDEBIT,GW-NIMBUS,Success,30,1110.43,SAR,18.84,10.06,8.78,Success,DQ-T02
,EG699756627,LDEBIT,GW-NILE,Failed,1,2883.34,EGP,0.0,0.41,-0.41,Failed,DQ-T02
,SA781674979,TOKEN,GW-ATLAS,Approved,11,487.08,SAR,16.59,10.42,6.17,Success,DQ-T02
2026-02-12,EG497915590,CARD,GW-ATLAS,Success,2,-8181.28,EGP,-207.68,-126.88,-80.8,Success,DQ-T07
2025-09-07,SA851607798,CARD,GW-NIMBUS,UNKNOWN,13,784.99,SAR,0.0,0.73,-0.73,,DQ-T05
2026-06-23,AE713987880,TOKEN,GW-ORION,Success,14,-2466.71,AED,-66.87,-35.87,-31.0,Success,DQ-T07
2024-07-13,XX256210191,TOKEN,GW-NIMBUS,Success,1,50.82,OMR,1.32,0.74,0.58,Success,DQ-T04
2024-10-25,AE235728700,TOKEN,GW-ORION,Success,2,-610.16,AED,-15.15,-8.55,-6.6,Success,DQ-T07
,SA939182412,LDEBIT,GW-NIMBUS,Failed,4,153.49,SAR,0.0,0.22,-0.22,Failed,DQ-T02
2025-04-27,EG219821138,TOKEN,GW-NILE,UNKNOWN,7,3444.0,EGP,112.42,61.84,50.58,,DQ-T05
,EG286990334,CARD,GW-NILE,Success,7,561733.62,EGP,9443.91,6842.96,2600.95,Success,DQ-T02
,SA161949441,LDEBIT,GW-NIMBUS,Declined,1,724.69,SAR,0.0,0.06,-0.06,Failed,DQ-T02
,EG449636175,TOKEN,GW-NILE,Voided,9,3819.05,EGP,0.0,3.69,-3.69,Voided,DQ-T02
2026-04-10,EG123423908,WALLET,GW-NILE,Captured,0,15337.86,EGP,303.59,135.01,168.58,Success,DQ-T08
,SA426436949,TOKEN,GW-ORION,Failed,4,273.58,SAR,0.0,0.18,-0.18,Failed,DQ-T02
2025-06-22,EG717847087,LDEBIT,GW-NILE,PENDING_REVIEW,1,1890.82,EGP,22.42,9.4,13.02,,DQ-T05
2025-04-03,SA466668047,TOKEN,GW-ORION,CHARGEBACK?,1,43.95,SAR,0.0,0.04,-0.04,,DQ-T05
2025-07-14,XX582793721,TOKEN,GW-NIMBUS,Success,12,2289.73,AED,56.59,34.92,21.67,Success,DQ-T04
,AE798073466,TOKEN,GW-ORION,Success,3,722.33,AED,17.53,10.26,7.27,Success,DQ-T02
,SA951904107,TOKEN,GW-ATLAS,Voided,1,194.36,SAR,0.0,0.08,-0.08,Voided,DQ-T02
2025-09-24,SA696833214,TOKEN,GW-NIMBUS,Success,0,508.5,SAR,12.15,7.85,4.3,Success,DQ-T08
2025-11-12,XX343168647,LDEBIT,GW-NIMBUS,Voided,4,692.25,SAR,0.0,0.22,-0.22,Voided,DQ-T04
2026-01-26,EG244579582,BANKTR,GW-NILE,Success,14,-738176.76,EGP,-1795.54,-560.62,-1234.92,Success,DQ-T07
2026-04-05,EG595418422,WALLET,GW-NILE,CHARGEBACK?,12,21395.8,EGP,0.0,4.93,-4.93,,DQ-T05
2024-07-20,XX451774508,TOKEN,GW-NIMBUS,Success,18,1776.55,SAR,47.84,29.26,18.58,Success,DQ-T04
,EG943656964,CARD,GW-ATLAS,Declined,5,1689.35,EGP,0.0,4.88,-4.88,Failed,DQ-T02
,OM284198769,LDEBIT,GW-NIMBUS,Success,111,1710.26,OMR,15.41,9.62,5.79,Success,DQ-T02
,AE987618927,TOKEN,GW-NIMBUS,Refunded,1,39.75,AED,0.0,0.55,-0.55,Refunded,DQ-T02
2025-10-20,AE551105480,CARD,GW-NIMBUS,UNKNOWN,4,1229.71,AED,29.97,17.56,12.41,,DQ-T05
,EG903275069,BNPL,GW-NILE,Success,39,18935.7,EGP,844.91,560.64,284.27,Success,DQ-T02
,AE854744566,CARD,GW-ORION,Refunded,1,202.2,AED,0.0,0.55,-0.55,Refunded,DQ-T02
,EG998632198,WALLET,GW-NILE,Failed,1,1551.11,EGP,0.0,0.39,-0.39,Failed,DQ-T02
,EG920470377,CARD,GW-NILE,Success,10,14678.73,EGP,375.85,205.69,170.16,Success,DQ-T02
2024-12-22,SA487858809,TOKEN,GW-ORION,UNKNOWN,8,490.1,SAR,14.37,8.3,6.07,,DQ-T05
,SA597658531,LDEBIT,GW-NIMBUS,Voided,7,1083.63,SAR,0.0,0.39,-0.39,Voided,DQ-T02
,SA796857151,BNPL,GW-ATLAS,Success,2,3586.61,SAR,154.37,124.1,30.27,Success,DQ-T02
2025-06-13,SA806929470,LDEBIT,GW-NIMBUS,Success,1,-603.06,SAR,-7.1,-2.88,-4.22,Success,DQ-T07
,AE554805022,TOKEN,GW-ORION,Voided,1,992.76,AED,0.0,0.04,-0.04,Voided,DQ-T02
2025-02-12,XX747215161,LDEBIT,GW-NILE,Voided,1,327.87,EGP,0.0,0.39,-0.39,Voided,DQ-T04
2025-05-11,EG219821138,CARD,GW-NILE,Success,25,10824.19,EGP,15153.87,197.52,14956.35,Success,DQ-T09
,SA534917472,LDEBIT,GW-NIMBUS,Success,4,134.28,SAR,2.3,1.28,1.02,Success,DQ-T02
,EG482640702,LDEBIT,GW-NILE,Failed,2,4744.61,EGP,0.0,0.82,-0.82,Failed,DQ-T02
2025-09-15,XX730118494,TOKEN,GW-ATLAS,Success,12,438.11,SAR,15.66,9.95,5.71,Success,DQ-T04
,EG202927308,CARD,GW-NILE,Success,1,1180.01,EGP,34.71,17.04,17.67,Success,DQ-T02
2025-06-02,EG327394766,WALLET,GW-NILE,Success,37,-55807.36,EGP,-1144.8,-516.63,-628.17,Success,DQ-T07
2024-12-09,XX937681068,CARD,GW-NILE,SUCCESS,18,31497.44,EGP,732.68,429.46,303.22,Success,DQ-T04
2025-11-20,EG352362522,LDEBIT,GW-NILE,Success,1,-1517.16,EGP,-19.42,-7.93,-11.49,Success,DQ-T07
,EG204164575,TOKEN,GW-ATLAS,Success,4,1460.41,EGP,53.86,36.84,17.02,Success,DQ-T02
,EG361515615,CARD,GW-ATLAS,Failed,4,4764.38,EGP,0.0,3.93,-3.93,Failed,DQ-T02
,EG670766393,CARD,GW-ATLAS,Success,3,3211.61,EGP,89.8,57.53,32.27,Success,DQ-T02
2025-10-23,EG453339370,WALLET,GW-NILE,Success,0,5643.68,EGP,110.32,51.0,59.32,Success,DQ-T08
2026-04-15,XX816243598,TOKEN,GW-NIMBUS,Success,2,309.73,SAR,8.66,4.82,3.84,Success,DQ-T04
,SA711109092,CARD,GW-ORION,Refunded,13,564.0,SAR,0.0,7.31,-7.31,Refunded,DQ-T02
2025-02-24,SA211354199,CARD,GW-ORION,PENDING_REVIEW,7,1616.39,SAR,33.37,22.28,11.09,,DQ-T05
,SA796857151,BNPL,GW-ATLAS,Failed,1,1965.14,SAR,0.0,0.08,-0.08,Failed,DQ-T02
2026-01-02,EG903275069,CARD,GW-NILE,Success,249,-128912.33,EGP,-4133.91,-2232.96,-1900.95,Success,DQ-T07
2026-04-07,EG723980954,CARD,GW-NILE,Success,3,-746.46,EGP,-33.73,-17.23,-16.5,Success,DQ-T07
2025-09-19,XX668809568,TOKEN,GW-ORION,Success,47,8840.67,SAR,235.9,128.07,107.83,Success,DQ-T04
2024-08-02,EG952454778,CARD,GW-ATLAS,Success,0,7904.55,EGP,313.82,208.45,105.37,Success,DQ-T08
2025-05-08,SA256650029,TOKEN,GW-NIMBUS,UNKNOWN,2,251.61,SAR,0.0,0.11,-0.11,,DQ-T05
2026-02-26,SA829535554,CARD,GW-ORION,Success,1,-10950.2,SAR,-180.83,-140.6,-40.23,Success,DQ-T07
2024-12-11,XX763051442,TOKEN,GW-NILE,Success,498,143303.07,EGP,5804.66,3099.53,2705.13,Success,DQ-T04
2024-09-04,SA306273888,BNPL,GW-ATLAS,Success,0,3010.5,SAR,149.89,106.67,43.22,Success,DQ-T08
,SA575207038,BANKTR,GW-NIMBUS,Success,2,5304.63,SAR,14.24,5.39,8.85,Success,DQ-T02
2024-07-13,EG680228975,WALLET,GW-NILE,UNKNOWN,2,17843.45,EGP,0.0,0.77,-0.77,,DQ-T05
2026-03-25,SA508515348,BNPL,GW-ATLAS,Success,22,-4085.7,SAR,-185.74,-142.85,-42.89,Success,DQ-T07
2026-04-04,SA754882184,CARD,GW-ORION,UNKNOWN,19,2584.03,SAR,71.44,37.37,34.07,,DQ-T05
,SA576895050,LDEBIT,GW-NIMBUS,Success,4,903.58,SAR,11.47,4.74,6.73,Success,DQ-T02
,EG967183698,CARD,GW-NILE,Success,3161,1084450.89,EGP,23806.4,21504.09,2302.31,Success,DQ-T02
2025-01-15,XX534851981,WALLET,GW-NILE,Failed,105,42555.99,EGP,0.0,41.17,-41.17,Failed,DQ-T04
2025-02-21,OM501692260,CARD,GW-NIMBUS,Success,5,-294.93,OMR,-6.6,-4.11,-2.49,Success,DQ-T07
2024-08-23,XX696078745,CARD,GW-ATLAS,FAILED,16,2816.26,SAR,0.0,1.2,-1.2,Failed,DQ-T04
2025-10-17,EG849029255,LDEBIT,GW-NILE,Success,0,22920.96,EGP,430.58,193.27,237.31,Success,DQ-T08
,EG134531316,LDEBIT,GW-NILE,Success,4,5484.16,EGP,72.63,29.17,43.46,Success,DQ-T02
2024-07-07,EG482640702,TOKEN,GW-NILE,PENDING_REVIEW,7,19321.37,EGP,499.89,261.29,238.6,,DQ-T05
2025-10-18,EG838350410,TOKEN,GW-ATLAS,CHARGEBACK?,2,6288.1,EGP,159.98,102.53,57.45,,DQ-T05
2026-06-24,EG766165674,TOKEN,GW-NILE,PENDING_REVIEW,1,3764.97,EGP,91.93,50.16,41.77,,DQ-T05
,EG374768013,CARD,GW-NILE,Failed,4,1265.6,EGP,0.0,1.65,-1.65,Failed,DQ-T02
2025-11-30,XX973700835,WALLET,GW-NILE,FAILED,1,1288.03,EGP,0.0,0.41,-0.41,Failed,DQ-T04
2025-04-01,XX769524095,LDEBIT,GW-NILE,Refunded,1,12593.62,EGP,0.0,7.46,-7.46,Refunded,DQ-T04
,EG325044783,LDEBIT,GW-NILE,Success,1,1288.25,EGP,16.14,6.93,9.21,Success,DQ-T02
2026-06-02,SA112481566,LDEBIT,GW-NIMBUS,Success,14,-1470.6,SAR,-21.0,-8.98,-12.02,Success,DQ-T07
,EG674673242,CARD,GW-NILE,Success,3,25462.29,EGP,567.76,317.17,250.59,Success,DQ-T02
2025-11-07,SA592705693,CARD,GW-ORION,Success,4,4036.66,SAR,5651.32,52.64,5598.68,Success,DQ-T09
,AE345303542,LDEBIT,GW-NIMBUS,Failed,3,138.55,AED,0.0,0.17,-0.17,Failed,DQ-T02
,AE239330460,LDEBIT,GW-NIMBUS,Success,1,70.7,AED,1.06,0.48,0.58,Success,DQ-T02
,EG220900048,CARD,GW-ATLAS,Success,6,9283.27,EGP,225.44,158.19,67.25,Success,DQ-T02
2024-07-10,EG728358410,LDEBIT,GW-NILE,Success,4,-6954.09,EGP,-79.16,-34.9,-44.26,Success,DQ-T07
2025-09-24,EG843137256,LDEBIT,GW-NILE,PENDING_REVIEW,2,2574.12,EGP,0.0,0.81,-0.81,,DQ-T05
,EG838350410,TOKEN,GW-ATLAS,Success,2,5102.74,EGP,132.02,84.75,47.27,Success,DQ-T02
2025-09-16,SA382289892,CARD,GW-ORION,PENDING_REVIEW,3,623.83,SAR,0.0,0.14,-0.14,,DQ-T05
,EG386547356,BANKTR,GW-NILE,Success,2,143550.24,EGP,346.76,97.23,249.53,Success,DQ-T02
,EG647781107,LDEBIT,GW-NILE,Success,11,5681.32,EGP,93.96,42.21,51.75,Success,DQ-T02
2026-06-01,EG987489356,WALLET,GW-NILE,CAPTURED,1089,330790.71,EGP,463106.99,4639.93,458467.06,Success,DQ-T09
2026-05-12,EG686030808,WALLET,GW-NILE,CHARGEBACK?,421,355190.57,EGP,4908.69,3636.71,1271.98,,DQ-T05
2026-05-05,EG449636175,LDEBIT,GW-NILE,PENDING_REVIEW,23,9806.67,EGP,0.0,9.49,-9.49,,DQ-T05
,EG623813968,WALLET,GW-NILE,Voided,1,2259.83,EGP,0.0,0.41,-0.41,Voided,DQ-T02
,SA161949441,CARD,GW-ORION,Success,2,1273.81,SAR,27.17,16.78,10.39,Success,DQ-T02
2025-10-01,EG389592600,LDEBIT,GW-NILE,Success,20,-5918.13,EGP,-123.26,-59.21,-64.05,Success,DQ-T07
,SA247197710,LDEBIT,GW-NIMBUS,Success,1,562.67,SAR,6.86,2.7,4.16,Success,DQ-T02
2024-08-30,AE572051786,LDEBIT,GW-NIMBUS,CHARGEBACK?,2,85.99,AED,0.0,0.11,-0.11,,DQ-T05
2025-04-10,XX720309344,TOKEN,GW-ORION,Success,8,855.23,SAR,24.11,13.16,10.95,Success,DQ-T04
2025-03-11,SA295911590,TOKEN,GW-NIMBUS,PENDING_REVIEW,1,182.07,SAR,0.0,0.06,-0.06,,DQ-T05
2025-12-19,OM543606528,LDEBIT,GW-NIMBUS,UNKNOWN,3,21.41,OMR,0.0,0.17,-0.17,,DQ-T05
2025-04-15,SA479684490,TOKEN,GW-ORION,Captured,0,144.87,SAR,4.41,2.6,1.81,Success,DQ-T08
,AE728035822,LDEBIT,GW-NIMBUS,Refunded,1,93.84,AED,0.0,0.55,-0.55,Refunded,DQ-T02
2025-09-07,EG105351460,CARD,GW-NILE,Success,12,-12499.81,EGP,-342.49,-184.27,-158.22,Success,DQ-T07
,SA589749602,CARD,GW-ORION,Refunded,4,358.22,SAR,0.0,2.25,-2.25,Refunded,DQ-T02
2025-01-16,EG248756723,WALLET,GW-NILE,Success,0,1308.65,EGP,34.21,17.46,16.75,Success,DQ-T08
2025-02-06,XX328907780,CARD,GW-ORION,Success,1,57.82,SAR,1.75,0.96,0.79,Success,DQ-T04
,SA771478693,CARD,GW-ORION,Voided,1,133.45,SAR,0.0,0.04,-0.04,Voided,DQ-T02
2025-07-24,EG511253320,CARD,GW-NILE,UNKNOWN,1,214.03,EGP,0.0,7.53,-7.53,,DQ-T05
,EG785459891,CARD,GW-NILE,Success,6,193197.1,EGP,3108.96,2363.75,745.21,Success,DQ-T02
,OM761015209,CARD,GW-ATLAS,Success,7,161.6,OMR,4.05,2.56,1.49,Success,DQ-T02
,EG856875467,CARD,GW-NILE,Success,118,49001.28,EGP,1724.07,918.03,806.04,Success,DQ-T02
2025-01-27,AE389283318,CARD,GW-ORION,Success,0,91598.39,AED,1876.19,1384.94,491.25,Success,DQ-T08
2025-03-30,EG989134753,WALLET,GW-NILE,CHARGEBACK?,3,21407.69,EGP,0.0,1.19,-1.19,,DQ-T05
,EG577212501,CARD,GW-ATLAS,Success,4,1478.19,EGP,57.8,36.51,21.29,Success,DQ-T02
2025-05-07,XX524653161,LDEBIT,GW-NIMBUS,Refunded,2,365.05,SAR,0.0,1.12,-1.12,Refunded,DQ-T04
2024-09-23,EG231422873,CARD,GW-ATLAS,Success,9,-41778.89,EGP,-957.54,-641.26,-316.28,Success,DQ-T07
2024-07-01,EG676342880,CARD,GW-NILE,UNKNOWN,100,79670.32,EGP,2428.18,1222.87,1205.31,,DQ-T05
2024-08-16,AE861319254,TOKEN,GW-ATLAS,UNKNOWN,3,430.26,AED,11.51,7.32,4.19,,DQ-T05
2026-01-03,AE125858239,BNPL,GW-ATLAS,PENDING_REVIEW,8,2234.35,AED,94.62,77.81,16.81,,DQ-T05
2024-11-21,EG723980954,CARD,GW-NILE,Success,3,696.71,EGP,975.39,16.22,959.17,Success,DQ-T09
2025-07-19,XX233245698,CARD,GW-NILE,Refunded,1,277.62,EGP,0.0,7.53,-7.53,Refunded,DQ-T04
,EG982441707,CARD,GW-NILE,Failed,2,806.89,EGP,0.0,0.82,-0.82,Failed,DQ-T02
,AE647447711,LDEBIT,GW-NIMBUS,Failed,1,125.87,AED,0.0,0.06,-0.06,Failed,DQ-T02
2026-01-08,AE208762198,BNPL,GW-ATLAS,Success,3,-629.2,AED,-26.8,-21.97,-4.83,Success,DQ-T07
,EG697551722,CARD,GW-ATLAS,Refunded,6,9148.09,EGP,0.0,46.18,-46.18,Refunded,DQ-T02
2025-05-29,XX846737707,LDEBIT,GW-NIMBUS,Voided,2,276.79,AED,0.0,0.11,-0.11,Voided,DQ-T04
2024-07-28,SA502327003,LDEBIT,GW-NIMBUS,PENDING_REVIEW,1,276.18,SAR,0.0,0.56,-0.56,,DQ-T05
2026-04-11,XX250684001,CARD,GW-NILE,VOID,5,2634.27,EGP,0.0,2.05,-2.05,Voided,DQ-T04
2024-11-18,SA640104269,TOKEN,GW-ORION,Success,0,1362.74,SAR,22.91,18.35,4.56,Success,DQ-T08
2026-05-21,EG624580946,TOKEN,GW-ATLAS,Success,102,-23168.26,EGP,-1060.12,-739.44,-320.68,Success,DQ-T07
,SA620446884,LDEBIT,GW-NIMBUS,Failed,3,349.48,SAR,0.0,0.17,-0.17,Failed,DQ-T02
2026-03-27,EG680228975,LDEBIT,GW-NILE,CHARGEBACK?,2,15889.03,EGP,126.06,67.96,58.1,,DQ-T05
,OM214883127,CARD,GW-ATLAS,Failed,1,4.61,OMR,0.0,0.01,-0.01,Failed,DQ-T02
,SA847623511,CARD,GW-ORION,Success,18,1795.42,SAR,50.12,27.03,23.09,Success,DQ-T02
2026-06-27,EG344164016,CARD,GW-ATLAS,CHARGEBACK?,6,2052.37,EGP,0.0,6.17,-6.17,,DQ-T05
2025-08-24,AE676714739,CARD,GW-NIMBUS,UNKNOWN,5,304.66,AED,0.0,0.28,-0.28,,DQ-T05
2026-01-29,AE264932236,BANKTR,GW-NIMBUS,Success,23,-16013.31,AED,-67.18,-38.84,-28.34,Success,DQ-T07
,SA977935480,LDEBIT,GW-NIMBUS,Approved,39,3919.13,SAR,54.58,24.22,30.36,Success,DQ-T02
2026-05-13,SA474123129,TOKEN,GW-NIMBUS,Success,34,-2135.0,SAR,-61.62,-38.18,-23.44,Success,DQ-T07
,EG744158614,CARD,GW-NILE,Failed,1,1519.27,EGP,0.0,0.4,-0.4,Failed,DQ-T02
,SA710370541,LDEBIT,GW-NIMBUS,Success,183,111758.27,SAR,818.19,533.79,284.4,Success,DQ-T02
,EG219821138,LDEBIT,GW-NILE,Voided,1,417.9,EGP,0.0,0.4,-0.4,Voided,DQ-T02
,EG987489356,LDEBIT,GW-NILE,Failed,34,9909.56,EGP,0.0,13.35,-13.35,Failed,DQ-T02
,SA474123129,CARD,GW-ORION,Success,83,5088.04,SAR,145.05,83.75,61.3,Success,DQ-T02
2025-01-21,EG449636175,CARD,GW-ATLAS,CHARGEBACK?,31,12564.15,EGP,0.0,30.38,-30.38,,DQ-T05
2025-07-16,XX409453396,CARD,GW-ATLAS,Success,50,16632.37,EGP,621.51,428.2,193.31,Success,DQ-T04
2025-02-22,SA912413819,CARD,GW-ORION,UNKNOWN,6,200.69,SAR,0.0,0.27,-0.27,,DQ-T05
,EG259754316,TOKEN,GW-ATLAS,Success,25,9003.52,EGP,322.51,225.75,96.76,Success,DQ-T02
,AE368709978,TOKEN,GW-ORION,Success,24,1444.35,AED,43.94,24.45,19.49,Success,DQ-T02
2025-01-30,SA695199900,LDEBIT,GW-NIMBUS,PENDING_REVIEW,1,116.15,SAR,1.47,0.69,0.78,,DQ-T05
2026-01-03,EG982441707,CARD,GW-NILE,Success,22,-8923.88,EGP,-335.69,-167.33,-168.36,Success,DQ-T07
2025-04-06,AE208762198,TOKEN,GW-ORION,Success,4,1043.77,AED,1461.28,14.76,1446.52,Success,DQ-T09
2025-06-05,XX937091136,WALLET,GW-NILE,Failed,5,3233.95,EGP,0.0,2.0,-2.0,Failed,DQ-T04
,EG134531316,LDEBIT,GW-NILE,Success,1,1601.37,EGP,20.79,8.23,12.56,Success,DQ-T02
,SA853040870,LDEBIT,GW-NIMBUS,Voided,1,47.91,SAR,0.0,0.06,-0.06,Voided,DQ-T02
2025-07-22,SA696833214,LDEBIT,GW-NIMBUS,PENDING_REVIEW,3,513.48,SAR,5.89,2.82,3.07,,DQ-T05
,EG215045135,WALLET,GW-NILE,Success,3,29248.45,EGP,363.68,242.15,121.53,Success,DQ-T02
2025-08-22,XX484340939,CARD,GW-ORION,Failed,1,402.18,AED,0.0,0.04,-0.04,Failed,DQ-T04
2025-12-12,XX691400828,CARD,GW-ORION,Failed,2,205.32,AED,0.0,0.09,-0.09,Failed,DQ-T04
2025-07-30,EG511893937,WALLET,GW-NILE,Success,0,2658.96,EGP,53.82,25.05,28.77,Success,DQ-T08
,SA865900656,TOKEN,GW-ATLAS,Success,2,220.6,SAR,6.03,3.89,2.14,Success,DQ-T02
,SA189309853,TOKEN,GW-NIMBUS,Success,1,185.7,SAR,4.38,2.84,1.54,Success,DQ-T02
2025-07-09,EG422365719,TOKEN,GW-NILE,Success,2,-5553.8,EGP,-150.22,-75.3,-74.92,Success,DQ-T07
2026-05-08,AE228494793,TOKEN,GW-ORION,CHARGEBACK?,8,2306.61,AED,54.08,32.43,21.65,,DQ-T05
,SA110751010,CARD,GW-ORION,Failed,5,387.6,SAR,0.0,0.22,-0.22,Failed,DQ-T02
2024-11-01,SA124881724,TOKEN,GW-ATLAS,Success,0,3483.61,SAR,70.99,60.72,10.27,Success,DQ-T08
2026-04-25,AE853501645,CARD,GW-ORION,Success,0,8295.68,AED,232.84,136.94,95.9,Success,DQ-T08
,EG958671332,CARD,GW-ATLAS,FAILED,1,334.67,EGP,0.0,1.03,-1.03,Failed,DQ-T02
2026-02-02,AE707625102,CARD,GW-NIMBUS,PENDING_REVIEW,18,5113.59,AED,124.66,73.33,51.33,,DQ-T05
,EG537339465,WALLET,GW-NILE,Failed,32,13386.94,EGP,0.0,12.66,-12.66,Failed,DQ-T02
2025-08-28,EG123423908,LDEBIT,GW-NILE,Success,3,8432.69,EGP,11805.77,39.35,11766.42,Success,DQ-T09
,SA110751010,CARD,GW-ORION,Voided,1,77.52,SAR,0.0,0.04,-0.04,Voided,DQ-T02
2025-03-04,XX568952752,CARD,GW-ORION,Failed,1,168.2,SAR,0.0,0.04,-0.04,Failed,DQ-T04
,AE520409719,CARD,GW-NIMBUS,Success,50,11804.67,AED,271.34,171.3,100.04,Success,DQ-T02
,AE608679106,CARD,GW-ORION,Refunded,6,320.2,AED,0.0,3.31,-3.31,Refunded,DQ-T02
,OM892693620,LDEBIT,GW-NIMBUS,Success,3,59.27,OMR,0.71,0.32,0.39,Success,DQ-T02
2026-05-30,XX929514570,LDEBIT,GW-NILE,Voided,1,1579.29,EGP,0.0,0.41,-0.41,Voided,DQ-T04
2024-08-09,XX927984216,LDEBIT,GW-NIMBUS,Success,1,20.58,OMR,0.24,0.11,0.13,Success,DQ-T04
2026-05-12,SA597673425,TOKEN,GW-ORION,PENDING_REVIEW,5,182.62,SAR,6.87,3.54,3.33,,DQ-T05
2025-11-21,EG215045135,TOKEN,GW-ATLAS,CHARGEBACK?,3,30953.46,EGP,495.74,479.33,16.41,,DQ-T05
2024-11-05,AE707625102,CARD,GW-NIMBUS,Success,18,-5284.72,AED,-128.6,-75.64,-52.96,Success,DQ-T07
2025-07-26,SA512016562,LDEBIT,GW-NIMBUS,CHARGEBACK?,1,37.58,SAR,0.0,0.06,-0.06,,DQ-T05
2025-03-16,SA951904107,TOKEN,GW-ATLAS,UNKNOWN,1,336.95,SAR,0.0,0.56,-0.56,,DQ-T05
,EG723843125,CARD,GW-NILE,Failed,18,4862.77,EGP,0.0,7.23,-7.23,Failed,DQ-T02
2025-12-27,XX868255297,TOKEN,GW-ATLAS,Success,9,9427.31,EGP,289.07,176.44,112.63,Success,DQ-T04
2025-07-25,OM526413827,TOKEN,GW-NIMBUS,Success,0,11.2,OMR,0.3,0.18,0.12,Success,DQ-T08
2025-10-29,EG284431976,CARD,GW-NILE,Success,0,8292.38,EGP,229.93,124.77,105.16,Success,DQ-T08
,EG849029255,TOKEN,GW-ATLAS,Success,31,13307.53,EGP,498.8,314.53,184.27,Success,DQ-T02
,SA912413819,TOKEN,GW-ATLAS,Success,115,3940.61,SAR,128.2,91.49,36.71,Success,DQ-T02
,SA640104269,CARD,GW-ORION,Success,3,7105.13,SAR,116.27,91.76,24.51,Success,DQ-T02
2025-03-21,OM526413827,CARD,GW-NIMBUS,Success,4,-36.73,OMR,-0.98,-0.6,-0.38,Success,DQ-T07
2026-05-09,SA886598559,TOKEN,GW-ORION,CHARGEBACK?,1,164.49,SAR,0.0,0.04,-0.04,,DQ-T05
,EG967183698,LDEBIT,GW-NILE,Voided,11,3891.75,EGP,0.0,4.48,-4.48,Voided,DQ-T02
2025-10-28,SA189309853,CARD,GW-ORION,Success,3,617.93,SAR,865.1,8.59,856.51,Success,DQ-T09
,SA508515348,CARD,GW-ORION,Success,83,15007.63,SAR,372.25,210.92,161.33,Success,DQ-T02
,EG686030808,LDEBIT,GW-NILE,Failed,12,10154.97,EGP,0.0,4.95,-4.95,Failed,DQ-T02
2024-11-15,SA423374323,LDEBIT,GW-NIMBUS,PENDING_REVIEW,16,1420.11,SAR,20.69,9.09,11.6,,DQ-T05
2025-10-11,AE202986349,CARD,GW-ORION,Captured,8,-918.57,AED,-24.67,-13.52,-11.15,Success,DQ-T07
2025-11-05,SA295911590,TOKEN,GW-NIMBUS,Success,0,423.87,SAR,10.76,6.42,4.34,Success,DQ-T08
2025-06-29,SA837285263,LDEBIT,GW-NIMBUS,Approved,1,-279.97,SAR,-3.38,-1.43,-1.95,Success,DQ-T07
,AE239330460,TOKEN,GW-ORION,Success,9,579.86,AED,18.23,9.68,8.55,Success,DQ-T02
2025-06-06,EG266138287,TOKEN,GW-NILE,UNKNOWN,5,1322.41,EGP,55.23,29.88,25.35,,DQ-T05
,SA485114821,CARD,GW-ORION,SETTLED,4,287.93,SAR,7.96,4.58,3.38,Success,DQ-T02
2026-01-05,EG165675111,LDEBIT,GW-NILE,CAPTURED,1,2749.28,EGP,3848.99,12.9,3836.09,Success,DQ-T09
2025-03-14,SA779341840,TOKEN,GW-ATLAS,Success,24,-3814.35,SAR,-99.29,-64.33,-34.96,Success,DQ-T07
2025-12-15,SA589749602,LDEBIT,GW-NIMBUS,PENDING_REVIEW,3,521.38,SAR,0.0,0.17,-0.17,,DQ-T05
2025-11-15,AE836534480,TOKEN,GW-ORION,CHARGEBACK?,2,645.58,AED,16.33,9.02,7.31,,DQ-T05
,EG249264164,LDEBIT,GW-NILE,Success,12,11705.23,EGP,165.6,68.95,96.65,Success,DQ-T02
,EG934454177,CARD,GW-ATLAS,Failed,27,36952.49,EGP,0.0,27.1,-27.1,Failed,DQ-T02
2026-01-12,XX459305596,CARD,GW-ORION,Success,6,2144.28,SAR,53.91,28.83,25.08,Success,DQ-T04
2025-02-08,EG474829702,WALLET,GW-NILE,UNKNOWN,1,4384.27,EGP,0.0,0.39,-0.39,,DQ-T05
,SA416884588,CARD,GW-ORION,CAPTURED,36,7607.92,SAR,177.45,105.57,71.88,Success,DQ-T02
2025-06-22,EG509980512,BNPL,GW-ATLAS,CHARGEBACK?,1,340.28,EGP,0.0,1.0,-1.0,,DQ-T05
,SA124881724,CARD,GW-NIMBUS,Failed,10,1165.72,SAR,0.0,0.56,-0.56,Failed,DQ-T02
,SA534389906,BANKTR,GW-NIMBUS,Success,20,60759.38,SAR,160.31,57.75,102.56,Success,DQ-T02
2026-01-26,XX193639805,CARD,GW-NIMBUS,Voided,1,113.9,SAR,0.0,0.06,-0.06,Voided,DQ-T04
2025-03-08,XX392901377,LDEBIT,GW-NIMBUS,Voided,1,76.16,AED,0.0,0.06,-0.06,Voided,DQ-T04
2026-05-02,OM436896345,TOKEN,GW-ATLAS,PENDING_REVIEW,1,3.28,OMR,0.0,0.01,-0.01,,DQ-T05
,EG934454177,LDEBIT,GW-NILE,Refunded,6,7701.82,EGP,0.0,44.89,-44.89,Refunded,DQ-T02
,SA710370541,CARD,GW-ORION,Success,390,239753.19,SAR,3584.12,3160.65,423.47,Success,DQ-T02
2024-11-15,XX255166795,CARD,GW-ORION,Success,4,3105.38,AED,72.5,40.68,31.82,Success,DQ-T04
2024-07-25,OM141192539,CARD,GW-ATLAS,UNKNOWN,69,1039.4,OMR,24.88,17.12,7.76,,DQ-T05
,AE878919871,CARD,GW-ORION,Refunded,6,863.85,AED,0.0,3.31,-3.31,Refunded,DQ-T02
2026-06-05,XX331372908,CARD,GW-ATLAS,Success,2,29.11,OMR,0.76,0.48,0.28,Success,DQ-T04
2025-08-24,EG299020051,LDEBIT,GW-NILE,Success,1,556.55,EGP,779.17,3.99,775.18,Success,DQ-T09
2025-05-05,SA758672424,TOKEN,GW-ORION,Captured,0,113.66,SAR,2.84,1.73,1.11,Success,DQ-T08
2024-08-06,AE162515553,CARD,GW-ORION,CHARGEBACK?,3,5058.71,AED,113.86,65.51,48.35,,DQ-T05
2025-02-15,SA420885285,CARD,GW-NIMBUS,PENDING_REVIEW,1,127.21,SAR,0.0,0.06,-0.06,,DQ-T05
2025-04-30,XX539075928,TOKEN,GW-ATLAS,Failed,2,751.62,EGP,0.0,1.99,-1.99,Failed,DQ-T04
2025-07-30,AE572051786,TOKEN,GW-ATLAS,Success,0,546.75,AED,18.16,11.8,6.36,Success,DQ-T08
2024-09-11,XX240808337,LDEBIT,GW-NIMBUS,Success,1,674.92,SAR,8.1,3.21,4.89,Success,DQ-T04
,SA159383546,LDEBIT,GW-NIMBUS,Success,14,437.99,SAR,7.93,4.33,3.6,Success,DQ-T02
2025-09-22,XX746231687,WALLET,GW-NILE,Success,1,1536.97,EGP,29.7,14.23,15.47,Success,DQ-T04
,SA205739809,LDEBIT,GW-NIMBUS,Success,31,1174.09,SAR,20.18,10.51,9.67,Success,DQ-T02
,OM267217098,LDEBIT,GW-NIMBUS,Success,200,2888.76,OMR,21.63,16.46,5.17,Success,DQ-T02
2024-07-12,EG855745273,LDEBIT,GW-NILE,PENDING_REVIEW,1,629.69,EGP,9.6,4.23,5.37,,DQ-T05
2024-10-31,EG537339465,WALLET,GW-NILE,Success,232,-97123.43,EGP,-1673.43,-1181.39,-492.04,Success,DQ-T07
2026-02-04,XX200818762,CARD,GW-ATLAS,REFUNDED,1,1408.46,EGP,0.0,7.7,-7.7,Refunded,DQ-T04
,AE638004344,CARD,GW-NIMBUS,Success,3,836.43,AED,22.08,12.01,10.07,Success,DQ-T02
2025-07-17,EG327394766,WALLET,GW-NILE,UNKNOWN,1,1575.75,EGP,0.0,0.4,-0.4,,DQ-T05
2026-05-07,AE348507314,CARD,GW-ATLAS,PENDING_REVIEW,1,1511.77,AED,0.0,0.55,-0.55,,DQ-T05
2024-07-07,EG872519745,CARD,GW-ATLAS,Success,0,8615.17,EGP,367.97,243.04,124.93,Success,DQ-T08
2026-04-18,EG680139391,CARD,GW-NILE,PENDING_REVIEW,31,12983.93,EGP,0.0,12.72,-12.72,,DQ-T05
2026-04-18,XX770637733,WALLET,GW-NILE,Success,53,45465.0,EGP,646.66,463.44,183.22,Success,DQ-T04
,AE901159238,TOKEN,GW-ORION,Success,12,2678.82,AED,70.47,38.25,32.22,Success,DQ-T02
2025-08-30,EG450716760,CARD,GW-NILE,Success,0,3010.01,EGP,73.07,39.19,33.88,Success,DQ-T08
2025-09-22,SA124881724,TOKEN,GW-ATLAS,Success,0,2394.24,SAR,49.35,42.31,7.04,Success,DQ-T08
2025-03-20,OM377214746,CARD,GW-NIMBUS,Success,0,133.26,OMR,3.39,1.95,1.44,Success,DQ-T08
2026-05-02,SA247197710,CARD,GW-ATLAS,CHARGEBACK?,2,937.93,SAR,23.49,14.23,9.26,,DQ-T05
2025-01-17,EG750576392,CARD,GW-ATLAS,Success,0,4540.7,EGP,142.21,87.96,54.25,Success,DQ-T08
,SA734980407,LDEBIT,GW-NIMBUS,ERROR,16,959.52,SAR,0.0,0.9,-0.9,Failed,DQ-T02
,SA781674979,CARD,GW-NIMBUS,Voided,2,93.8,SAR,0.0,0.11,-0.11,Voided,DQ-T02
,EG191889591,CARD,GW-ATLAS,Failed,2,2728.24,EGP,0.0,1.94,-1.94,Failed,DQ-T02
2026-01-25,SA768323752,CARD,GW-ATLAS,Success,13,-1176.62,SAR,-33.51,-20.76,-12.75,Success,DQ-T07
2025-12-08,XX421305744,TOKEN,GW-NIMBUS,Success,2,3546.51,SAR,83.1,50.14,32.96,Success,DQ-T04
,AE603567666,BNPL,GW-ATLAS,Failed,2,328.43,AED,0.0,0.15,-0.15,Failed,DQ-T02
2025-11-08,XX650720080,TOKEN,GW-NILE,Success,23,7675.44,EGP,304.7,158.85,145.85,Success,DQ-T04
2025-05-27,EG680228975,WALLET,GW-NILE,Success,0,78551.49,EGP,1007.68,653.7,353.98,Success,DQ-T08
,EG728358410,WALLET,GW-NILE,Success,5,9558.75,EGP,168.68,85.97,82.71,Success,DQ-T02
2025-08-11,EG888467038,LDEBIT,GW-NILE,Success,1,-14460.0,EGP,-157.2,-60.29,-96.91,Success,DQ-T07
2025-08-04,AE520409719,TOKEN,GW-ORION,Success,0,1711.98,AED,39.7,24.08,15.62,Success,DQ-T08
2025-06-16,EG823617801,LDEBIT,GW-NILE,Success,0,1271.97,EGP,27.79,13.88,13.91,Success,DQ-T08
,SA847623511,TOKEN,GW-ORION,Failed,1,97.47,SAR,0.0,0.04,-0.04,Failed,DQ-T02
,AE339334302,CARD,GW-ORION,Success,2,20987.29,AED,339.04,269.49,69.55,Success,DQ-T02
2025-07-08,XX403379380,WALLET,GW-NILE,Failed,9,10813.57,EGP,0.0,3.61,-3.61,Failed,DQ-T04
2024-07-09,XX982117253,TOKEN,GW-ATLAS,Success,1,25619.13,EGP,627.35,390.92,236.43,Success,DQ-T04
,EG989134753,CARD,GW-NILE,Success,74,520151.97,EGP,8757.61,6513.83,2243.78,Success,DQ-T02
2026-04-07,EG408005333,BANKTR,GW-NILE,PENDING_REVIEW,6,434504.3,EGP,1007.0,294.96,712.04,,DQ-T05
2026-01-11,EG373213017,CARD,GW-ATLAS,UNKNOWN,40,52908.17,EGP,1347.0,920.93,426.07,,DQ-T05
2024-08-19,EG838350410,WALLET,GW-NILE,CHARGEBACK?,2,7117.09,EGP,137.51,61.04,76.47,,DQ-T05
,EG110254241,CARD,GW-ATLAS,Refunded,1,1195.97,EGP,0.0,7.36,-7.36,Refunded,DQ-T02
2026-01-28,XX827285542,BNPL,GW-NILE,Failed,2,4702.29,EGP,0.0,0.81,-0.81,Failed,DQ-T04
2025-02-27,XX652699705,CARD,GW-ORION,Voided,1,231.51,AED,0.0,0.04,-0.04,Voided,DQ-T04
2025-01-17,XX698249277,CARD,GW-ATLAS,Refunded,9,18124.48,EGP,0.0,66.16,-66.16,Refunded,DQ-T04
,SA268987858,CARD,GW-ORION,Success,10,803.52,SAR,22.52,12.53,9.99,Success,DQ-T02
,SA589749602,LDEBIT,GW-NIMBUS,Failed,6,1042.76,SAR,0.0,0.34,-0.34,Failed,DQ-T02
2026-03-20,XX955181672,LDEBIT,GW-NIMBUS,Failed,3,41.96,OMR,0.0,0.02,-0.02,Failed,DQ-T04
2025-07-24,EG897740135,LDEBIT,GW-NILE,PENDING_REVIEW,7,2409.31,EGP,43.44,22.05,21.39,,DQ-T05
2025-12-07,AE875103901,BNPL,GW-ATLAS,Success,0,1612.37,AED,74.77,58.15,16.62,Success,DQ-T08
2026-03-05,EG934454177,CARD,GW-ATLAS,Success,390,-547720.34,EGP,-10951.69,-9474.75,-1476.94,Success,DQ-T07
,SA986462340,CARD,GW-ORION,FAILED,3,123.74,SAR,0.0,0.14,-0.14,Failed,DQ-T02
2025-11-28,AE439650362,LDEBIT,GW-NIMBUS,UNKNOWN,1,107.67,AED,0.0,0.55,-0.55,,DQ-T05
2024-07-06,XX965349152,TOKEN,GW-ORION,Failed,2,417.98,AED,0.0,0.09,-0.09,Failed,DQ-T04
2026-05-10,XX259553311,TOKEN,GW-NIMBUS,Failed,3,171.12,SAR,0.0,0.17,-0.17,Failed,DQ-T04
2025-07-09,SA307616362,LDEBIT,GW-NIMBUS,CHARGEBACK?,110,5581.01,SAR,80.34,43.68,36.66,,DQ-T05
,EG775891339,WALLET,GW-NILE,SUCCESS,7,6666.47,EGP,139.79,66.1,73.69,Success,DQ-T02
2026-03-20,SA939400299,LDEBIT,GW-NIMBUS,UNKNOWN,11,625.37,SAR,8.89,4.67,4.22,,DQ-T05
2025-08-18,XX223380802,CARD,GW-ORION,Voided,1,231.51,AED,0.0,0.04,-0.04,Voided,DQ-T04
,AE282120405,CARD,GW-NIMBUS,Success,67,2543.18,AED,86.06,50.33,35.73,Success,DQ-T02
2026-01-08,XX342905293,BNPL,GW-ATLAS,Success,116,7089.52,SAR,185.32,253.71,-68.39,Success,DQ-T04
,SA705652485,LDEBIT,GW-NIMBUS,Voided,5,614.73,SAR,0.0,0.28,-0.28,Voided,DQ-T02
2024-12-27,AE932795909,TOKEN,GW-ORION,CHARGEBACK?,3,866.02,AED,0.0,0.13,-0.13,,DQ-T05
2024-12-22,OM780225802,LDEBIT,GW-NIMBUS,UNKNOWN,1,4.96,OMR,0.0,0.01,-0.01,,DQ-T05
2024-09-19,AE870997409,CARD,GW-NIMBUS,PENDING_REVIEW,3,331.02,AED,0.0,1.65,-1.65,,DQ-T05
2025-06-15,EG327394766,LDEBIT,GW-NILE,CHARGEBACK?,1,1565.95,EGP,0.0,0.4,-0.4,,DQ-T05
,EG750576392,CARD,GW-ATLAS,FAILED,2,1273.95,EGP,0.0,1.98,-1.98,Failed,DQ-T02
,EG856875467,TOKEN,GW-ATLAS,Failed,4,1715.62,EGP,0.0,4.07,-4.07,Failed,DQ-T02
2026-02-04,EG697551722,CARD,GW-ATLAS,PENDING_REVIEW,3,3547.45,EGP,0.0,3.08,-3.08,,DQ-T05
2025-04-30,SA972748866,TOKEN,GW-ORION,UNKNOWN,2,260.78,SAR,0.0,0.09,-0.09,,DQ-T05
2025-09-05,SA420885285,LDEBIT,GW-NIMBUS,Success,7,-923.85,SAR,-12.24,-5.34,-6.9,Success,DQ-T07
,EG327394766,CARD,GW-ATLAS,Failed,16,25055.27,EGP,0.0,15.96,-15.96,Failed,DQ-T02
,EG181564804,LDEBIT,GW-NILE,Refunded,33,12066.19,EGP,0.0,240.61,-240.61,Refunded,DQ-T02
,EG987489356,WALLET,GW-NILE,Voided,8,2451.74,EGP,0.0,3.3,-3.3,Voided,DQ-T02
2025-09-04,XX199617608,WALLET,GW-NILE,Failed,9,2063.9,EGP,0.0,3.67,-3.67,Failed,DQ-T04
,SA700672253,CARD,GW-ORION,Success,627,26837.47,SAR,833.33,483.96,349.37,Success,DQ-T02
2025-03-01,XX186090753,CARD,GW-NILE,Voided,1,1513.16,EGP,0.0,0.4,-0.4,Voided,DQ-T04
,AE229934676,BANKTR,GW-NIMBUS,DECLINED,12,1424.69,AED,0.0,0.66,-0.66,Failed,DQ-T02
2024-10-23,EG308894080,CARD,GW-ATLAS,PENDING_REVIEW,1,2814.98,EGP,77.11,44.64,32.47,,DQ-T05
2026-04-21,EG150005962,BNPL,GW-ATLAS,Success,3,1320.99,EGP,1849.39,48.73,1800.66,Success,DQ-T09
2026-06-02,XX197551530,WALLET,GW-NILE,Failed,5,1690.15,EGP,0.0,2.06,-2.06,Failed,DQ-T04
,SA695199900,LDEBIT,GW-NIMBUS,Failed,1,127.19,SAR,0.0,0.06,-0.06,Failed,DQ-T02
,EG537272220,CARD,GW-ATLAS,Failed,2,3169.81,EGP,0.0,1.92,-1.92,Failed,DQ-T02
,EG740706106,CARD,GW-NILE,SUCCESS,2,22407.27,EGP,516.03,277.58,238.45,Success,DQ-T02
2026-06-12,EG624580946,LDEBIT,GW-NILE,Success,95,20436.58,EGP,28611.21,253.8,28357.41,Success,DQ-T09
2024-11-28,XX445828310,LDEBIT,GW-NIMBUS,Failed,2,388.72,SAR,0.0,0.11,-0.11,Failed,DQ-T04
2024-08-10,AE241754747,LDEBIT,GW-NIMBUS,SUCCESS,13,524.61,AED,734.45,4.51,729.94,Success,DQ-T09
2026-02-09,SA845331728,CARD,GW-NIMBUS,Success,1,-1183.43,SAR,-25.62,-16.22,-9.4,Success,DQ-T07
,SA576895050,LDEBIT,GW-NIMBUS,Success,3,489.26,SAR,6.37,2.71,3.66,Success,DQ-T02
2025-11-28,EG308894080,LDEBIT,GW-NILE,Success,0,5818.19,EGP,75.43,25.35,50.08,Success,DQ-T08
2025-05-31,EG872519745,CARD,GW-ATLAS,CHARGEBACK?,2,546.35,EGP,0.0,1.99,-1.99,,DQ-T05
2024-12-09,EG770407516,CARD,GW-NILE,Success,646,-183067.89,EGP,-7322.51,-3902.72,-3419.79,Success,DQ-T07
2026-05-12,EG462840280,CARD,GW-ATLAS,Success,0,32724.36,EGP,792.35,503.83,288.52,Success,DQ-T08
2026-05-31,XX606626347,BANKTR,GW-NIMBUS,Refunded,1,278.39,SAR,0.0,0.56,-0.56,Refunded,DQ-T04
2025-02-15,XX226121851,CARD,GW-ATLAS,Success,2,4915.74,EGP,129.9,78.93,50.97,Success,DQ-T04
2026-02-08,AE205330599,CARD,GW-ORION,CHARGEBACK?,7,1126.62,AED,30.52,15.97,14.55,,DQ-T05
2026-04-11,SA196173797,LDEBIT,GW-NIMBUS,Success,0,882.77,SAR,11.63,5.83,5.8,Success,DQ-T08
2026-03-15,EG134531316,LDEBIT,GW-NILE,UNKNOWN,2,5701.55,EGP,70.33,26.7,43.63,,DQ-T05
2025-04-26,EG799496821,TOKEN,GW-ATLAS,Success,0,23063.4,EGP,463.01,459.07,3.94,Success,DQ-T08
,EG774885021,TOKEN,GW-NILE,Success,3,18020.01,EGP,457.21,234.81,222.4,Success,DQ-T02
2024-09-21,XX279819292,TOKEN,GW-NIMBUS,Failed,1,172.49,SAR,0.0,0.06,-0.06,Failed,DQ-T04
,OM206534144,CARD,GW-NIMBUS,Success,8,311.42,OMR,8.04,4.4,3.64,Success,DQ-T02
,EG400875498,LDEBIT,GW-NILE,Success,3,12275.18,EGP,154.05,54.98,99.07,Success,DQ-T02
,SA112481566,LDEBIT,GW-NIMBUS,Refunded,2,232.11,SAR,0.0,1.12,-1.12,Refunded,DQ-T02
,SA435110503,CARD,GW-NIMBUS,Success,87,31642.04,SAR,504.11,448.37,55.74,Success,DQ-T02
2025-12-11,EG763647415,WALLET,GW-NILE,PENDING_REVIEW,1,7958.63,EGP,142.3,66.25,76.05,,DQ-T05
,OM892693620,TOKEN,GW-ATLAS,Success,5,76.78,OMR,1.95,1.3,0.65,Success,DQ-T02
,EG178731082,WALLET,GW-NILE,Success,13,7905.34,EGP,177.92,85.98,91.94,Success,DQ-T02
,EG432619696,TOKEN,GW-NILE,Failed,3,687.65,EGP,0.0,1.24,-1.24,Failed,DQ-T02
,EG279421850,CARD,GW-NILE,Success,82,266139.12,EGP,4520.8,3456.58,1064.22,Success,DQ-T02
2024-11-17,OM667112904,LDEBIT,GW-NIMBUS,PENDING_REVIEW,1,3.03,OMR,0.0,0.01,-0.01,,DQ-T05
,EG631844222,CARD,GW-NILE,Success,2,663.17,EGP,26.27,13.25,13.02,Success,DQ-T02
,EG509980512,TOKEN,GW-NILE,Success,9,2747.32,EGP,110.01,57.63,52.38,Success,DQ-T02
,EG998632198,BNPL,GW-NILE,Success,13,21511.86,EGP,921.78,624.78,297.0,Success,DQ-T02
2026-04-14,SA647753119,TOKEN,GW-NIMBUS,Success,0,441.33,SAR,12.37,7.15,5.22,Success,DQ-T08
2025-01-12,SA987666099,CARD,GW-ATLAS,CHARGEBACK?,223,22542.0,SAR,421.69,390.54,31.15,,DQ-T05
2025-02-24,SA763491142,LDEBIT,GW-NIMBUS,UNKNOWN,1,342.0,SAR,0.0,0.06,-0.06,,DQ-T05
,SA320986752,LDEBIT,GW-NIMBUS,Failed,1,861.05,SAR,0.0,0.06,-0.06,Failed,DQ-T02
,SA776589285,CARD,GW-ORION,DECLINED,4,782.04,SAR,0.0,0.18,-0.18,Failed,DQ-T02
2025-11-11,SA466668047,BNPL,GW-ATLAS,UNKNOWN,9,395.58,SAR,0.0,0.68,-0.68,,DQ-T05
2026-06-04,SA966321681,LDEBIT,GW-NIMBUS,Success,5,848.99,SAR,1188.59,4.66,1183.93,Success,DQ-T09
,OM817062602,TOKEN,GW-NIMBUS,Refunded,1,15.57,OMR,0.0,0.06,-0.06,Refunded,DQ-T02
,EG622517179,LDEBIT,GW-NILE,Success,2,1098.41,EGP,17.62,7.85,9.77,Success,DQ-T02
,EG181564804,WALLET,GW-NILE,Refunded,30,14477.13,EGP,0.0,224.16,-224.16,Refunded,DQ-T02
,EG849029255,LDEBIT,GW-NILE,Refunded,1,416.69,EGP,0.0,7.73,-7.73,Refunded,DQ-T02
,AE853501645,TOKEN,GW-NIMBUS,Failed,4,246.49,AED,0.0,0.22,-0.22,Failed,DQ-T02
2025-07-02,EG696983188,WALLET,GW-NILE,Success,164,-53009.62,EGP,-1424.34,-717.46,-706.88,Success,DQ-T07
2024-07-25,EG449636175,CARD,GW-ATLAS,Success,0,1109568.64,EGP,25479.4,25931.66,-452.26,Success,DQ-T08
2024-10-08,EG655465870,CARD,GW-ATLAS,Success,84,-26984.21,EGP,-1024.89,-695.57,-329.32,Success,DQ-T07
,EG165675111,WALLET,GW-NILE,Success,1,1212.92,EGP,26.17,11.63,14.54,Success,DQ-T02
2024-07-24,AE713987880,TOKEN,GW-ORION,CHARGEBACK?,6,889.9,AED,24.49,13.15,11.34,,DQ-T05
2025-03-03,EG573406141,WALLET,GW-NILE,Success,1,-1167.49,EGP,-25.65,-11.19,-14.46,Success,DQ-T07
2024-09-15,EG724883181,LDEBIT,GW-NILE,Success,13,-4495.55,EGP,-80.31,-40.16,-40.15,Success,DQ-T07
2026-06-12,XX584320304,LDEBIT,GW-NILE,Success,71,113232.74,EGP,870.88,586.41,284.47,Success,DQ-T04
,AE123781768,LDEBIT,GW-NIMBUS,Voided,1,49.79,AED,0.0,0.06,-0.06,Voided,DQ-T02
,AE518894994,LDEBIT,GW-NIMBUS,Success,220,12383.91,AED,132.37,92.09,40.28,Success,DQ-T02
2024-11-08,EG449636175,TOKEN,GW-NILE,UNKNOWN,21,8475.28,EGP,0.0,8.2,-8.2,,DQ-T05
2025-03-13,EG888467038,BNPL,GW-NILE,UNKNOWN,2,20473.54,EGP,0.0,0.79,-0.79,,DQ-T05
2026-06-23,SA233359257,BANKTR,GW-NIMBUS,Success,1,-3147.59,SAR,-8.59,-2.94,-5.65,Success,DQ-T07
,SA352518639,BANKTR,GW-NIMBUS,Refunded,2,776.54,SAR,0.0,1.12,-1.12,Refunded,DQ-T02
,SA711632487,CARD,GW-ORION,Failed,12,450.33,SAR,0.0,0.54,-0.54,Failed,DQ-T02
,AE162515553,CARD,GW-ORION,Success,2,2263.58,AED,51.19,29.46,21.73,Success,DQ-T02
,SA577673991,LDEBIT,GW-NIMBUS,Success,2,319.74,SAR,4.21,1.78,2.43,Success,DQ-T02
2025-07-03,SA966321681,TOKEN,GW-ATLAS,Success,4,-533.97,SAR,-13.71,-9.18,-4.53,Success,DQ-T07
2026-04-18,OM206534144,CARD,GW-NIMBUS,Success,4,179.78,OMR,251.69,2.53,249.16,Success,DQ-T09
2024-10-22,XX172282193,LDEBIT,GW-NIMBUS,ERROR,9,35.0,OMR,0.0,0.05,-0.05,Failed,DQ-T04
,SA732374987,TOKEN,GW-ORION,Captured,8,482.12,SAR,13.68,8.2,5.48,Success,DQ-T02
,OM954248664,LDEBIT,GW-NIMBUS,Success,2,14.08,OMR,0.19,0.1,0.09,Success,DQ-T02
,EG266138287,LDEBIT,GW-NILE,Success,15,5294.09,EGP,93.94,46.77,47.17,Success,DQ-T02
,EG676342880,WALLET,GW-NILE,Success,84,73502.58,EGP,1645.96,745.03,900.93,Success,DQ-T02
2025-03-22,OM224536276,LDEBIT,GW-NIMBUS,SETTLED,0,35.19,OMR,0.58,0.31,0.27,Success,DQ-T08
2025-10-31,XX700044475,TOKEN,GW-ATLAS,Failed,1,736.99,SAR,0.0,0.08,-0.08,Failed,DQ-T04
2025-12-21,EG770407516,CARD,GW-NILE,Success,0,192094.66,EGP,7735.43,4122.64,3612.79,Success,DQ-T08
2025-01-06,OM761371745,CARD,GW-ATLAS,Success,2,-391.95,OMR,-8.41,-5.77,-2.64,Success,DQ-T07
2025-08-25,SA556781756,LDEBIT,GW-NIMBUS,UNKNOWN,4,207.0,SAR,0.0,0.22,-0.22,,DQ-T05
,SA586124263,LDEBIT,GW-NIMBUS,Success,48,1991.63,SAR,32.2,17.06,15.14,Success,DQ-T02
,EG331354329,WALLET,GW-NILE,Voided,2,713.58,EGP,0.0,0.78,-0.78,Voided,DQ-T02
2025-05-18,EG861848123,CARD,GW-NILE,Success,0,5267.84,EGP,168.59,85.13,83.46,Success,DQ-T08
2025-09-22,XX113219921,CARD,GW-NILE,Success,2,4538.25,EGP,108.77,60.54,48.23,Success,DQ-T04
2024-10-26,SA268987858,LDEBIT,GW-NIMBUS,CHARGEBACK?,2,139.26,SAR,1.97,0.96,1.01,,DQ-T05
2025-01-12,EG217500923,CARD,GW-ATLAS,Success,0,10234.91,EGP,313.78,218.13,95.65,Success,DQ-T08
2025-06-22,SA860742247,LDEBIT,GW-NIMBUS,CHARGEBACK?,925,180898.37,SAR,1535.88,970.14,565.74,,DQ-T05
2026-02-07,OM221133708,LDEBIT,GW-NIMBUS,Success,0,11.31,OMR,0.14,0.07,0.07,Success,DQ-T08
,EG680139391,WALLET,GW-NILE,Success,67,29781.04,EGP,729.02,360.67,368.35,Success,DQ-T02
2026-06-23,SA936227927,TOKEN,GW-ORION,Success,0,468.91,SAR,11.29,6.46,4.83,Success,DQ-T08
,EG219821138,CARD,GW-NILE,Failed,2,838.4,EGP,0.0,0.81,-0.81,Failed,DQ-T02
2025-12-23,XX853698154,CARD,GW-ATLAS,Failed,4,384.05,SAR,0.0,0.3,-0.3,Failed,DQ-T04
2025-04-22,EG403388419,TOKEN,GW-NILE,Success,0,17069.28,EGP,439.93,244.05,195.88,Success,DQ-T08
,AE901159238,LDEBIT,GW-NIMBUS,Voided,1,208.99,AED,0.0,0.06,-0.06,Voided,DQ-T02
,EG680228975,LDEBIT,GW-NILE,Success,6,55518.96,EGP,438.04,235.1,202.94,Success,DQ-T02
2025-11-20,AE901159238,LDEBIT,GW-NIMBUS,CHARGEBACK?,1,208.99,AED,0.0,0.06,-0.06,,DQ-T05
,SA122822556,CARD,GW-NIMBUS,Success,39,2167.15,SAR,64.7,38.76,25.94,Success,DQ-T02
2026-01-17,XX401584269,LDEBIT,GW-NIMBUS,Success,5,3718.37,SAR,37.49,17.58,19.91,Success,DQ-T04
,EG624580946,CARD,GW-NILE,Success,264,55837.95,EGP,2555.06,1364.97,1190.09,Success,DQ-T02
2025-01-10,EG676342880,CARD,GW-NILE,PENDING_REVIEW,2,1664.31,EGP,0.0,0.78,-0.78,,DQ-T05
2024-11-30,OM528658283,CARD,GW-ATLAS,Success,6,-156.64,OMR,-3.69,-2.45,-1.24,Success,DQ-T07
,AE242638729,CARD,GW-ATLAS,Success,2,805.89,AED,19.6,12.29,7.31,Success,DQ-T02
2025-03-31,AE957433919,TOKEN,GW-NIMBUS,PENDING_REVIEW,12,1837.83,AED,0.0,0.66,-0.66,,DQ-T05
2025-10-13,EG744743048,CARD,GW-NILE,Success,0,78723.05,EGP,2174.41,1119.25,1055.16,Success,DQ-T08
2026-05-10,SA189353734,TOKEN,GW-ORION,UNKNOWN,1,38.81,SAR,0.0,0.04,-0.04,,DQ-T05
2025-02-26,SA256650029,TOKEN,GW-NIMBUS,CHARGEBACK?,49,5946.0,SAR,152.16,95.19,56.97,,DQ-T05
2026-04-26,EG877654092,TOKEN,GW-NILE,CHARGEBACK?,247,227918.66,EGP,4383.68,3543.46,840.22,,DQ-T05
2026-06-13,AE713987880,TOKEN,GW-ORION,PENDING_REVIEW,14,2025.03,AED,55.86,29.99,25.87,,DQ-T05
2025-07-03,EG216145371,CARD,GW-NILE,Success,1,-3427.47,EGP,-86.3,-44.3,-42.0,Success,DQ-T07
2024-08-23,EG823617801,LDEBIT,GW-NILE,CHARGEBACK?,13,4362.07,EGP,83.37,39.71,43.66,,DQ-T05
2025-03-18,EG509980512,WALLET,GW-NILE,UNKNOWN,18,5472.0,EGP,148.26,75.44,72.82,,DQ-T05
,EG416828825,WALLET,GW-NILE,Success,1,9384.33,EGP,169.45,77.7,91.75,Success,DQ-T02
,SA466668047,TOKEN,GW-ORION,Failed,3,131.86,SAR,0.0,0.14,-0.14,Failed,DQ-T02
,EG989134753,WALLET,GW-NILE,ERROR,7,49573.59,EGP,0.0,2.75,-2.75,Failed,DQ-T02
,EG856875467,CARD,GW-NILE,Refunded,3,1626.28,EGP,0.0,22.91,-22.91,Refunded,DQ-T02
,EG903275069,TOKEN,GW-ATLAS,Voided,1,503.38,EGP,0.0,0.98,-0.98,Voided,DQ-T02
,EG245991238,WALLET,GW-NILE,Success,33,10454.49,EGP,274.2,143.94,130.26,Success,DQ-T02
2025-07-09,EG357144481,CARD,GW-NILE,Success,5,-2508.84,EGP,-84.65,-43.78,-40.87,Success,DQ-T07
2025-02-24,EG403388419,CARD,GW-NILE,Success,76,127419.7,EGP,178387.58,1745.79,176641.79,Success,DQ-T09
,EG352362522,CARD,GW-NILE,Failed,2,2656.4,EGP,0.0,0.83,-0.83,Failed,DQ-T02
2026-05-03,EG304469248,CARD,GW-NILE,Approved,11,-52064.98,EGP,-1233.61,-662.65,-570.96,Success,DQ-T07
2025-08-15,XX672683924,TOKEN,GW-NIMBUS,Success,1,21.1,OMR,0.51,0.32,0.19,Success,DQ-T04
2026-01-19,AE970872555,TOKEN,GW-ORION,UNKNOWN,1,136.01,AED,0.0,0.55,-0.55,,DQ-T05
,AE521533668,CARD,GW-ORION,Refunded,1,252.95,AED,0.0,0.55,-0.55,Refunded,DQ-T02
2025-01-07,AE608679106,CARD,GW-ORION,PENDING_REVIEW,184,8830.21,AED,280.49,153.41,127.08,,DQ-T05
2025-01-16,SA267227056,LDEBIT,GW-NIMBUS,CHARGEBACK?,15,4301.3,SAR,0.0,0.84,-0.84,,DQ-T05
2024-11-13,EG771233717,TOKEN,GW-NILE,CHARGEBACK?,3,3011.67,EGP,0.0,21.96,-21.96,,DQ-T05
2024-10-16,XX649557640,TOKEN,GW-ATLAS,Failed,1,6752.96,EGP,0.0,0.97,-0.97,Failed,DQ-T04
,EG643904514,LDEBIT,GW-NILE,Failed,2,807.57,EGP,0.0,0.78,-0.78,Failed,DQ-T02
2024-11-05,EG792191738,WALLET,GW-NILE,Success,45,35389.27,EGP,49544.98,363.51,49181.47,Success,DQ-T09
2025-04-24,XX813685931,CARD,GW-ATLAS,Success,13,3597.16,AED,95.7,55.98,39.72,Success,DQ-T04
2025-09-17,SA466668047,TOKEN,GW-ORION,PENDING_REVIEW,1,43.95,SAR,0.0,0.04,-0.04,,DQ-T05
2025-10-18,EG762971123,LDEBIT,GW-NILE,PENDING_REVIEW,1,1204.55,EGP,16.36,6.64,9.72,,DQ-T05
2026-05-30,SA886598559,CARD,GW-NIMBUS,PENDING_REVIEW,70,11447.6,SAR,282.33,171.61,110.72,,DQ-T05
,SA773581532,CARD,GW-ORION,Success,15,10835.7,SAR,243.9,142.26,101.64,Success,DQ-T02
,EG509980512,WALLET,GW-NILE,Failed,2,689.31,EGP,0.0,0.81,-0.81,Failed,DQ-T02
2025-02-04,EG761087060,TOKEN,GW-ATLAS,PENDING_REVIEW,19,25481.39,EGP,688.47,454.27,234.2,,DQ-T05
2025-07-31,EG259754316,LDEBIT,GW-NILE,Success,0,2837.4,EGP,55.45,29.06,26.39,Success,DQ-T08
,SA781674979,TOKEN,GW-ATLAS,Success,16,837.64,SAR,27.38,17.11,10.27,Success,DQ-T02
2025-08-27,AE355257464,BANKTR,GW-NIMBUS,Success,1,-10116.96,AED,-23.7,-6.4,-17.3,Success,DQ-T07
2025-08-27,EG655465870,CARD,GW-ATLAS,CHARGEBACK?,12,3848.59,EGP,0.0,11.87,-11.87,,DQ-T05
2026-01-19,SA407393102,LDEBIT,GW-NIMBUS,UNKNOWN,1,44.48,SAR,0.0,0.06,-0.06,,DQ-T05
,EG105351460,BNPL,GW-NILE,Success,4,4631.57,EGP,208.51,134.97,73.54,Success,DQ-T02
2025-07-18,AE626038015,CARD,GW-ATLAS,Success,0,15010.9,AED,235.88,221.85,14.03,Success,DQ-T08
,EG573406141,CARD,GW-NILE,Failed,1,805.65,EGP,0.0,0.4,-0.4,Failed,DQ-T02
,OM214883127,LDEBIT,GW-NIMBUS,Success,2,13.99,OMR,0.21,0.1,0.11,Success,DQ-T02
,AE123781768,CARD,GW-ORION,Refunded,2,96.91,AED,0.0,1.1,-1.1,Refunded,DQ-T02
2026-05-30,EG464447848,CARD,GW-NILE,Success,1,-15846.2,EGP,-347.75,-195.26,-152.49,Success,DQ-T07
2026-05-07,OM761036673,CARD,GW-NIMBUS,Success,652,-2561.28,OMR,-84.67,-50.87,-33.8,Success,DQ-T07
2025-12-06,SA914955375,TOKEN,GW-NIMBUS,Success,4,754.47,SAR,1056.26,11.54,1044.72,Success,DQ-T09
2026-06-07,AE145067044,CARD,GW-ATLAS,PENDING_REVIEW,1,140.84,AED,0.0,0.07,-0.07,,DQ-T05
,EG843137256,CARD,GW-ATLAS,Failed,2,2592.95,EGP,0.0,2.05,-2.05,Failed,DQ-T02
2025-04-16,XX737448249,BNPL,GW-ATLAS,Failed,4,207.0,SAR,0.0,0.3,-0.3,Failed,DQ-T04
2024-12-19,AE642488904,CARD,GW-ATLAS,PENDING_REVIEW,3,4139.26,AED,0.0,0.22,-0.22,,DQ-T05
,AE782539735,TOKEN,GW-ORION,Voided,1,41.87,AED,0.0,0.04,-0.04,Voided,DQ-T02
2026-04-08,OM817062602,CARD,GW-NIMBUS,CHARGEBACK?,3,39.57,OMR,0.0,0.02,-0.02,,DQ-T05
2024-12-06,AE561735990,TOKEN,GW-NIMBUS,Success,0,569.72,AED,14.95,8.21,6.74,Success,DQ-T08
,OM667112904,TOKEN,GW-ATLAS,APPROVED,9,26.77,OMR,1.02,0.66,0.36,Success,DQ-T02
,AE561735990,CARD,GW-NIMBUS,Refunded,1,691.91,AED,0.0,0.55,-0.55,Refunded,DQ-T02
2025-08-15,AE274153176,CARD,GW-ATLAS,PENDING_REVIEW,4,6196.58,AED,150.43,91.43,59.0,,DQ-T05
,EG843137256,LDEBIT,GW-NILE,Success,5,6401.46,EGP,85.33,34.57,50.76,Success,DQ-T02
2026-06-11,XX534075502,WALLET,GW-NILE,Success,1,4258.09,EGP,79.39,36.29,43.1,Success,DQ-T04
,SA765577175,LDEBIT,GW-NIMBUS,Voided,1,84.1,SAR,0.0,0.06,-0.06,Voided,DQ-T02
,EG259754316,BNPL,GW-ATLAS,Failed,6,2276.55,EGP,0.0,6.02,-6.02,Failed,DQ-T02
,EG873952802,WALLET,GW-NILE,Failed,12,15499.16,EGP,0.0,4.75,-4.75,Failed,DQ-T02
2026-05-15,EG427255297,LDEBIT,GW-NILE,Success,1,3578.37,EGP,5009.72,16.3,4993.42,Success,DQ-T09
,AE410140017,LDEBIT,GW-NIMBUS,Failed,24,3910.46,AED,0.0,1.32,-1.32,Failed,DQ-T02
2024-11-21,EG987489356,LDEBIT,GW-NILE,PENDING_REVIEW,37,10725.21,EGP,0.0,14.44,-14.44,,DQ-T05
2025-07-03,SA972748866,CARD,GW-ORION,UNKNOWN,891,114181.76,SAR,1810.57,1662.61,147.96,,DQ-T05
,SA577673991,LDEBIT,GW-NIMBUS,VOIDED,1,171.04,SAR,0.0,0.06,-0.06,Voided,DQ-T02
,SA620446884,LDEBIT,GW-NIMBUS,Success,18,2467.52,SAR,30.52,14.14,16.38,Success,DQ-T02
,EG926950694,TOKEN,GW-ATLAS,CAPTURED,82,94578.64,EGP,1611.57,1739.09,-127.52,Success,DQ-T02
,EG221032323,CARD,GW-NILE,Success,15,19775.65,EGP,538.04,279.23,258.81,Success,DQ-T02
,EG770407516,CARD,GW-NILE,Captured,653,179020.04,EGP,7263.85,3871.15,3392.7,Success,DQ-T02
2025-12-05,XX145134224,CARD,GW-NILE,Success,1,2157.72,EGP,59.57,28.91,30.66,Success,DQ-T04
2024-12-26,EG918104848,BNPL,GW-NILE,CHARGEBACK?,4,1559.53,EGP,0.0,1.57,-1.57,,DQ-T05
2026-06-18,XX761008403,LDEBIT,GW-NIMBUS,Failed,1,58.35,SAR,0.0,0.06,-0.06,Failed,DQ-T04
,EG181564804,CARD,GW-ATLAS,REVERSED,133,64394.87,EGP,0.0,131.39,-131.39,Voided,DQ-T02
,EG934454177,CARD,GW-ATLAS,Success,249,355870.73,EGP,7080.03,6119.43,960.6,Success,DQ-T02
,AE818669574,CARD,GW-NIMBUS,Success,1,212.18,AED,5.28,3.1,2.18,Success,DQ-T02
,EG537155658,LDEBIT,GW-NILE,Success,142,31837.05,EGP,750.09,382.08,368.01,Success,DQ-T02
,EG799575469,LDEBIT,GW-NILE,Failed,1,360.82,EGP,0.0,0.39,-0.39,Failed,DQ-T02
2025-05-12,EG967183698,CARD,GW-NILE,Success,3037,-1055906.96,EGP,-23056.55,-20847.36,-2209.19,Success,DQ-T07
,SA687319923,TOKEN,GW-ORION,Refunded,1,404.51,SAR,0.0,0.56,-0.56,Refunded,DQ-T02
2024-08-06,XX985206377,CARD,GW-ORION,Failed,7,739.43,SAR,0.0,0.32,-0.32,Failed,DQ-T04
,AE787062785,LDEBIT,GW-NIMBUS,Failed,1,146.98,AED,0.0,0.06,-0.06,Failed,DQ-T02
,EG219821138,BNPL,GW-NILE,Success,4,1845.76,EGP,81.42,54.81,26.61,Success,DQ-T02
,EG849029255,CARD,GW-NILE,Success,90,34348.98,EGP,1311.35,648.41,662.94,Success,DQ-T02
2024-12-15,EG167120747,TOKEN,GW-NILE,CHARGEBACK?,1,3947.42,EGP,105.89,52.34,53.55,,DQ-T05
2025-09-22,XX123071259,LDEBIT,GW-NILE,Success,3,6667.1,EGP,84.37,32.35,52.02,Success,DQ-T04
,AE836534480,BNPL,GW-ATLAS,Voided,1,357.15,AED,0.0,0.07,-0.07,Voided,DQ-T02
,AE761816465,TOKEN,GW-NIMBUS,SUCCESS,6,791.77,AED,20.46,12.52,7.94,Success,DQ-T02
2026-06-06,AE655038963,TOKEN,GW-ORION,Success,3,-517.89,AED,-13.39,-7.54,-5.85,Success,DQ-T07
,OM667112904,LDEBIT,GW-NIMBUS,Voided,1,3.03,OMR,0.0,0.01,-0.01,Voided,DQ-T02
2025-12-29,EG599017636,LDEBIT,GW-NILE,PENDING_REVIEW,2,3735.43,EGP,49.59,18.69,30.9,,DQ-T05
2024-11-09,EG345706176,CARD,GW-NILE,CHARGEBACK?,1,2732.0,EGP,0.0,7.32,-7.32,,DQ-T05
2024-11-18,AE875103901,CARD,GW-ATLAS,PENDING_REVIEW,16,803.61,AED,0.0,1.18,-1.18,,DQ-T05
2026-01-04,SA267227056,TOKEN,GW-ORION,UNKNOWN,4,1147.01,SAR,0.0,0.18,-0.18,,DQ-T05
,AE782539735,TOKEN,GW-ORION,APPROVED,35,1431.24,AED,44.61,26.68,17.93,Success,DQ-T02
,SA233359257,CARD,GW-ORION,Success,1,2220.54,SAR,37.41,28.69,8.72,Success,DQ-T02
2024-12-28,EG331354329,CARD,GW-ATLAS,CHARGEBACK?,2,2179.07,EGP,0.0,14.71,-14.71,,DQ-T05
2025-03-03,EG998632198,BNPL,GW-NILE,PENDING_REVIEW,5,8317.89,EGP,356.42,241.53,114.89,,DQ-T05
2025-09-27,AE195154121,TOKEN,GW-ATLAS,Captured,13,3152.23,AED,4413.12,51.19,4361.93,Success,DQ-T09
2026-05-15,SA295911590,CARD,GW-ORION,CHARGEBACK?,1,201.0,SAR,0.0,0.56,-0.56,,DQ-T05
2025-02-25,EG832002580,TOKEN,GW-NILE,Success,2,-4309.84,EGP,-112.04,-59.51,-52.53,Success,DQ-T07
2024-08-11,SA710370541,TOKEN,GW-ORION,PENDING_REVIEW,1,627.54,SAR,0.0,0.04,-0.04,,DQ-T05
2024-12-28,EG482640702,BNPL,GW-NILE,PENDING_REVIEW,4,9126.36,EGP,0.0,1.57,-1.57,,DQ-T05
,SA753222305,CARD,GW-ORION,Success,11,1991.85,SAR,50.14,27.99,22.15,Success,DQ-T02
,EG259754316,TOKEN,GW-ATLAS,Success,15,5697.42,EGP,203.91,142.72,61.19,Success,DQ-T02
2024-12-09,EG877654092,TOKEN,GW-NILE,Success,175,-152967.53,EGP,-2947.38,-2382.08,-565.3,Success,DQ-T07
2025-07-08,AE671906697,CARD,GW-ORION,UNKNOWN,17,834.35,AED,0.0,9.36,-9.36,,DQ-T05
2024-09-29,AE628221217,CARD,GW-ORION,Success,3,-1375.44,AED,-35.2,-18.29,-16.91,Success,DQ-T07
,SA426436949,BNPL,GW-ATLAS,Voided,1,68.4,SAR,0.0,0.08,-0.08,Voided,DQ-T02
2025-12-12,AE526176909,CARD,GW-ORION,Success,8,-2423.83,AED,-60.29,-32.82,-27.47,Success,DQ-T07
,SA988802623,TOKEN,GW-ORION,Success,12,2900.24,SAR,73.67,41.25,32.42,Success,DQ-T02
2026-01-14,XX832468393,CARD,GW-NIMBUS,Failed,4,657.94,SAR,0.0,0.22,-0.22,Failed,DQ-T04
,EG697551722,TOKEN,GW-NILE,Success,24,28909.35,EGP,626.07,427.17,198.9,Success,DQ-T02
,EG103023484,LDEBIT,GW-NILE,Success,163,216246.94,EGP,1930.87,1169.92,760.95,Success,DQ-T02
2025-02-03,OM939316312,CARD,GW-NIMBUS,Success,0,198.53,OMR,5.76,3.31,2.45,Success,DQ-T08
,EG981274071,WALLET,GW-NILE,Refunded,2,707.99,EGP,0.0,14.47,-14.47,Refunded,DQ-T02
2025-02-02,AE932795909,CARD,GW-NIMBUS,PENDING_REVIEW,19,5484.8,AED,0.0,1.05,-1.05,,DQ-T05
2025-03-05,XX204282935,LDEBIT,GW-NILE,Success,3,2517.85,EGP,38.5,15.38,23.12,Success,DQ-T04
2025-06-20,EG249264164,CARD,GW-ATLAS,Success,12,-10885.03,EGP,-315.81,-202.99,-112.82,Success,DQ-T07
,EG140153041,CARD,GW-NILE,Success,8,3096.37,EGP,114.0,58.01,55.99,Success,DQ-T02
2025-11-07,EG100648072,CARD,GW-ATLAS,Success,1,-1623.99,EGP,-45.32,-27.45,-17.87,Success,DQ-T07
2026-04-18,EG400875498,CARD,GW-NILE,PENDING_REVIEW,2,4912.99,EGP,0.0,0.82,-0.82,,DQ-T05
,SA177886357,CARD,GW-NIMBUS,Success,1,290.09,SAR,6.94,4.16,2.78,Success,DQ-T02
2026-05-03,EG759961492,WALLET,GW-NILE,APPROVED,4,-3153.06,EGP,-71.03,-32.76,-38.27,Success,DQ-T07
2026-03-13,EG750576392,WALLET,GW-NILE,Success,1,846.12,EGP,1184.57,8.66,1175.91,Success,DQ-T09
,EG449636175,WALLET,GW-NILE,Success,705,286580.19,EGP,4533.74,3516.62,1017.12,Success,DQ-T02
,SA972748866,BNPL,GW-ATLAS,Failed,55,7171.46,SAR,0.0,4.12,-4.12,Failed,DQ-T02
2025-09-10,XX298262547,CARD,GW-ATLAS,Declined,1,563.78,AED,0.0,0.07,-0.07,Failed,DQ-T04
2025-05-24,AE174460555,TOKEN,GW-ORION,UNKNOWN,2,566.4,AED,14.59,7.97,6.62,,DQ-T05
2024-08-19,AE741353303,TOKEN,GW-ORION,Success,0,309.14,AED,9.84,5.86,3.98,Success,DQ-T08
2025-02-12,EG178731082,BNPL,GW-NILE,Success,13,-9060.2,EGP,-419.85,-266.04,-153.81,Success,DQ-T07
,SA177886357,CARD,GW-NIMBUS,SETTLED,6,2301.88,SAR,54.34,32.54,21.8,Success,DQ-T02
2026-03-16,EG344758416,LDEBIT,GW-NILE,Success,1,-2393.89,EGP,-31.75,-11.5,-20.25,Success,DQ-T07
,EG680139391,LDEBIT,GW-NILE,Success,47,18818.08,EGP,336.23,160.62,175.61,Success,DQ-T02
2026-06-10,AE107661633,CARD,GW-NIMBUS,PENDING_REVIEW,4,558.74,AED,0.0,0.22,-0.22,,DQ-T05
,EG872519745,CARD,GW-ATLAS,Refunded,1,280.46,EGP,0.0,7.47,-7.47,Refunded,DQ-T02
,AE618504164,TOKEN,GW-ATLAS,Success,18,822.22,AED,27.0,17.32,9.68,Success,DQ-T02
,EG580628831,WALLET,GW-NILE,Success,5,4052.82,EGP,93.96,41.81,52.15,Success,DQ-T02
2026-02-13,XX267785869,LDEBIT,GW-NIMBUS,Failed,2,127.32,SAR,0.0,0.11,-0.11,Failed,DQ-T04
2025-08-15,EG792191738,WALLET,GW-NILE,Success,28,-22876.16,EGP,-507.59,-233.77,-273.82,Success,DQ-T07
2025-11-01,SA705652485,CARD,GW-ORION,Success,553,-67303.4,SAR,-1426.73,-986.22,-440.51,Success,DQ-T07
2026-05-13,EG903275069,LDEBIT,GW-NILE,Success,0,24903.2,EGP,387.69,182.06,205.63,Success,DQ-T08
2024-07-13,AE603567666,CARD,GW-ATLAS,CHARGEBACK?,1,164.22,AED,0.0,0.07,-0.07,,DQ-T05
,EG704053078,LDEBIT,GW-NILE,Failed,1,4065.38,EGP,0.0,0.4,-0.4,Failed,DQ-T02
2025-01-26,SA597673425,LDEBIT,GW-NIMBUS,APPROVED,2,-102.71,SAR,-1.72,-0.8,-0.92,Success,DQ-T07
2025-08-24,XX697739035,TOKEN,GW-NILE,Failed,1,286.81,EGP,0.0,0.4,-0.4,Failed,DQ-T04
,OM543606528,CARD,GW-NIMBUS,Success,39,415.35,OMR,10.47,6.58,3.89,Success,DQ-T02
,SA247609412,CARD,GW-ORION,Failed,24,1260.05,SAR,0.0,1.08,-1.08,Failed,DQ-T02
2025-02-02,SA711632487,CARD,GW-ORION,PENDING_REVIEW,3,112.58,SAR,0.0,0.14,-0.14,,DQ-T05
2025-08-30,AE741353303,CARD,GW-ORION,PENDING_REVIEW,4,154.37,AED,0.0,0.18,-0.18,,DQ-T05
,EG645057217,TOKEN,GW-ATLAS,Success,8,11091.95,EGP,308.35,197.42,110.93,Success,DQ-T02
2024-08-31,EG766165674,BNPL,GW-NILE,Success,1,-6386.89,EGP,-288.05,-184.33,-103.72,Success,DQ-T07
2025-09-20,SA550486234,TOKEN,GW-ORION,Success,3,305.65,SAR,427.91,4.73,423.18,Success,DQ-T09
2025-12-10,OM590437110,CARD,GW-NIMBUS,Success,2,-18.02,OMR,-0.51,-0.29,-0.22,Success,DQ-T07
2026-03-11,EG716286440,TOKEN,GW-ATLAS,PENDING_REVIEW,1,5101.63,EGP,122.45,80.95,41.5,,DQ-T05
,AE202986349,TOKEN,GW-NIMBUS,Voided,1,135.78,AED,0.0,0.06,-0.06,Voided,DQ-T02
2024-07-25,SA466668047,LDEBIT,GW-NIMBUS,Success,92,-4154.53,SAR,-64.11,-34.22,-29.89,Success,DQ-T07
,AE436682771,TOKEN,GW-NIMBUS,Success,4,769.0,AED,20.39,11.72,8.67,Success,DQ-T02
,EG761087060,TOKEN,GW-ATLAS,VOID,1,1418.0,EGP,0.0,0.99,-0.99,Voided,DQ-T02
2026-02-19,SA652586164,CARD,GW-ATLAS,PENDING_REVIEW,386,51923.91,SAR,1018.6,864.17,154.43,,DQ-T05
2026-02-21,SA307616362,LDEBIT,GW-NIMBUS,Success,0,8923.85,SAR,128.11,69.52,58.59,Success,DQ-T08
2025-01-07,OM450405182,TOKEN,GW-NIMBUS,UNKNOWN,1,5.51,OMR,0.17,0.1,0.07,,DQ-T05
2024-10-10,AE301462734,CARD,GW-ORION,Success,53,-2224.32,AED,-75.62,-40.1,-35.52,Success,DQ-T07
2024-08-19,EG730442129,BANKTR,GW-NILE,Success,1,-57727.88,EGP,-135.22,-41.62,-93.6,Success,DQ-T07
,EG989134753,CARD,GW-NILE,Success,56,395579.74,EGP,6667.21,4958.96,1708.25,Success,DQ-T02
2026-06-09,AE123781768,CARD,GW-ORION,UNKNOWN,6,298.75,AED,0.0,0.26,-0.26,,DQ-T05
2024-12-16,XX497180087,CARD,GW-ORION,Success,31,3598.3,AED,96.3,52.9,43.4,Success,DQ-T04
2025-03-14,XX858910372,LDEBIT,GW-NIMBUS,Success,3,407.92,SAR,5.41,2.34,3.07,Success,DQ-T04
2025-09-26,XX173389342,CARD,GW-NILE,Success,22,5311.63,EGP,232.49,123.92,108.57,Success,DQ-T04
2025-04-27,XX926965195,TOKEN,GW-ATLAS,Failed,3,966.99,EGP,0.0,2.98,-2.98,Failed,DQ-T04
,EG474518016,WALLET,GW-NILE,SETTLED,16,24571.44,EGP,470.91,227.32,243.59,Success,DQ-T02
2025-03-11,SA779172798,TOKEN,GW-ORION,Success,0,2175.25,SAR,56.81,32.28,24.53,Success,DQ-T08
,EG537339465,CARD,GW-ATLAS,Refunded,6,3629.65,EGP,0.0,44.12,-44.12,Refunded,DQ-T02
,AE987618927,CARD,GW-ORION,Success,269,11506.12,AED,351.46,206.29,145.17,Success,DQ-T02
2024-12-10,EG989134753,WALLET,GW-NILE,Success,13,-107152.68,EGP,-1423.43,-890.24,-533.19,Success,DQ-T07
2025-12-12,XX267562421,LDEBIT,GW-NILE,Failed,2,726.95,EGP,0.0,0.81,-0.81,Failed,DQ-T04
2024-12-18,EG728358410,LDEBIT,GW-NILE,Success,0,3051.75,EGP,35.42,15.79,19.63,Success,DQ-T08
2024-11-12,OM284198769,LDEBIT,GW-NIMBUS,Success,124,1871.02,OMR,2619.43,10.57,2608.86,Success,DQ-T09
,EG331354329,LDEBIT,GW-NILE,Success,44,17232.34,EGP,226.82,149.24,77.58,Success,DQ-T02
2024-12-15,EG877654092,LDEBIT,GW-NILE,Success,328,-297267.38,EGP,-2742.97,-1766.71,-976.26,Success,DQ-T07
,EG134531316,LDEBIT,GW-NILE,Success,9,16270.19,EGP,208.23,81.47,126.76,Success,DQ-T02
2026-06-07,SA247806531,CARD,GW-ATLAS,Success,20,-1049.43,SAR,-18.59,-20.85,2.26,Success,DQ-T07
2024-10-17,AE554805022,CARD,GW-NIMBUS,Success,0,29031.2,AED,667.2,399.32,267.88,Success,DQ-T08
,EG389262771,LDEBIT,GW-NILE,Failed,3,1178.99,EGP,0.0,1.24,-1.24,Failed,DQ-T02
,EG219821138,CARD,GW-NILE,Refunded,1,545.61,EGP,0.0,7.74,-7.74,Refunded,DQ-T02
2025-08-20,XX522071976,LDEBIT,GW-NIMBUS,Success,131,6535.85,AED,54.38,51.06,3.32,Success,DQ-T04
2025-02-06,SA705652485,LDEBIT,GW-NIMBUS,PENDING_REVIEW,8,1124.34,SAR,0.0,4.5,-4.5,,DQ-T05
2025-03-17,SA843654782,BANKTR,GW-NIMBUS,CHARGEBACK?,43,188415.55,SAR,459.63,153.06,306.57,,DQ-T05
2025-01-03,XX244634669,LDEBIT,GW-NIMBUS,Voided,1,300.53,AED,0.0,0.06,-0.06,Voided,DQ-T04
,EG167120747,LDEBIT,GW-NILE,Failed,1,3600.82,EGP,0.0,0.4,-0.4,Failed,DQ-T02
2025-11-19,XX354157200,TOKEN,GW-NILE,Success,14,18204.41,EGP,493.16,267.2,225.96,Success,DQ-T04
2026-05-25,EG474518016,CARD,GW-NILE,Success,53,-74594.83,EGP,-1906.87,-1051.15,-855.72,Success,DQ-T07
,SA887216708,CARD,GW-NIMBUS,Success,2,1944.43,SAR,43.64,26.74,16.9,Success,DQ-T02
,SA764037736,CARD,GW-ORION,Voided,10,2218.03,SAR,0.0,0.45,-0.45,Voided,DQ-T02
,SA138962665,LDEBIT,GW-NIMBUS,Success,7,1666.38,SAR,21.5,8.68,12.82,Success,DQ-T02
,EG981274071,WALLET,GW-NILE,Success,123,51202.92,EGP,1269.36,627.67,641.69,Success,DQ-T02
2024-10-01,EG266138287,LDEBIT,GW-NILE,Success,15,-3967.45,EGP,-80.3,-41.59,-38.71,Success,DQ-T07
2026-06-27,EG998632198,LDEBIT,GW-NILE,Success,10,-15073.48,EGP,-183.54,-79.05,-104.49,Success,DQ-T07
2025-07-13,EG981274071,LDEBIT,GW-NILE,CHARGEBACK?,11,4627.03,EGP,0.0,4.42,-4.42,,DQ-T05
2024-07-08,XX944509656,CARD,GW-NIMBUS,Voided,9,1640.52,AED,0.0,0.5,-0.5,Voided,DQ-T04
,EG331354329,WALLET,GW-NILE,REVERSED,2,723.58,EGP,0.0,0.8,-0.8,Voided,DQ-T02
2025-01-02,SA165400141,LDEBIT,GW-NIMBUS,Success,2,-94.96,SAR,-1.49,-0.76,-0.73,Success,DQ-T07
2026-03-20,XX124971275,LDEBIT,GW-NIMBUS,Failed,1,200.12,SAR,0.0,0.06,-0.06,Failed,DQ-T04
,SA508515348,BNPL,GW-ATLAS,Success,17,3612.47,SAR,164.22,126.12,38.1,Success,DQ-T02
2025-09-18,AE273918504,TOKEN,GW-ORION,CHARGEBACK?,1,73.37,AED,2.02,1.19,0.83,,DQ-T05
2026-05-28,XX918839704,LDEBIT,GW-NIMBUS,Failed,1,98.09,SAR,0.0,0.06,-0.06,Failed,DQ-T04
2025-01-15,AE123781768,CARD,GW-ORION,Success,518,-25931.33,AED,-437.77,-445.63,7.86,Success,DQ-T07
2024-08-21,EG482640702,WALLET,GW-NILE,Success,15,-37461.21,EGP,-743.6,-328.87,-414.73,Success,DQ-T07
2025-08-09,XX830601678,BNPL,GW-ATLAS,Failed,2,221.51,SAR,0.0,0.15,-0.15,Failed,DQ-T04
,AE366451684,CARD,GW-ORION,Success,4,555.14,AED,15.31,7.99,7.32,Success,DQ-T02
,SA806929470,LDEBIT,GW-NIMBUS,Success,5,2718.29,SAR,32.12,13.08,19.04,Success,DQ-T02
2026-04-29,AE787062785,LDEBIT,GW-NIMBUS,PENDING_REVIEW,17,2776.0,AED,23.98,15.3,8.68,,DQ-T05
2025-03-09,XX671562347,LDEBIT,GW-NIMBUS,Success,18,2741.5,SAR,34.22,15.37,18.85,Success,DQ-T04
2026-01-23,XX333666665,CARD,GW-NILE,Success,210,86323.4,EGP,3083.42,1611.09,1472.33,Success,DQ-T04
2025-04-28,SA712951009,CARD,GW-NIMBUS,CHARGEBACK?,2,1789.06,SAR,39.5,24.64,14.86,,DQ-T05
2026-04-12,SA310301059,CARD,GW-NIMBUS,UNKNOWN,21,2697.39,SAR,76.24,41.53,34.71,,DQ-T05
2025-03-09,AE853501645,CARD,GW-ORION,Success,154,9229.15,AED,12920.81,151.97,12768.84,Success,DQ-T09
2026-04-05,XX800653744,LDEBIT,GW-NILE,Success,210,334393.37,EGP,2952.69,1731.41,1221.28,Success,DQ-T04
2025-01-20,AE923160667,CARD,GW-ORION,UNKNOWN,4,1946.12,AED,45.82,25.82,20.0,,DQ-T05
,EG537339465,LDEBIT,GW-NILE,Failed,33,13787.33,EGP,0.0,13.04,-13.04,Failed,DQ-T02
2024-11-02,XX823057282,LDEBIT,GW-NILE,Failed,2,710.33,EGP,0.0,0.78,-0.78,Failed,DQ-T04
2025-01-21,SA487858809,CARD,GW-ATLAS,CHARGEBACK?,23,1001.91,SAR,31.36,20.99,10.37,,DQ-T05
,SA765577175,LDEBIT,GW-NIMBUS,Failed,1,84.1,SAR,0.0,0.06,-0.06,Failed,DQ-T02
2025-04-24,EG327394766,TOKEN,GW-ATLAS,Success,25,-36903.27,EGP,-1013.64,-649.94,-363.7,Success,DQ-T07
2026-04-09,AE853501645,TOKEN,GW-NIMBUS,UNKNOWN,2,123.24,AED,0.0,0.11,-0.11,,DQ-T05
,EG235283002,BANKTR,GW-NILE,Success,390,1073978.96,EGP,10616.76,6946.65,3670.11,Success,DQ-T02
,SA416884588,CARD,GW-ORION,DECLINED,3,620.56,SAR,0.0,0.14,-0.14,Failed,DQ-T02
,OM214883127,CARD,GW-ATLAS,Success,3,18.85,OMR,0.58,0.36,0.22,Success,DQ-T02
2025-12-29,SA138962665,CARD,GW-ORION,Success,0,2644.0,SAR,70.01,36.57,33.44,Success,DQ-T08
2025-02-20,SA633817671,CARD,GW-NIMBUS,Success,5,264.95,SAR,370.93,4.8,366.13,Success,DQ-T09
2026-06-07,SA856834042,CARD,GW-ORION,CHARGEBACK?,6,605.14,SAR,0.0,0.27,-0.27,,DQ-T05
,AE609791679,TOKEN,GW-ORION,Success,2,236.12,AED,6.81,3.58,3.23,Success,DQ-T02
2026-04-21,EG820064163,LDEBIT,GW-NILE,CHARGEBACK?,2,2040.72,EGP,29.78,11.86,17.92,,DQ-T05
,EG955763785,CARD,GW-NILE,Failed,1,832.22,EGP,0.0,0.41,-0.41,Failed,DQ-T02
,EG181564804,CARD,GW-ATLAS,Failed,1891,943499.89,EGP,0.0,1925.16,-1925.16,Failed,DQ-T02
2025-07-27,OM236113503,CARD,GW-NIMBUS,Success,33,-856.4,OMR,-13.08,-12.39,-0.69,Success,DQ-T07
,EG623813968,WALLET,GW-NILE,Failed,1,2259.83,EGP,0.0,0.41,-0.41,Failed,DQ-T02
2024-08-18,EG299020051,LDEBIT,GW-NILE,Success,0,2148.19,EGP,28.59,12.09,16.5,Success,DQ-T08
2025-12-13,XX864150094,TOKEN,GW-ATLAS,Success,15,721.32,SAR,22.9,15.07,7.83,Success,DQ-T04
,SA168621990,CARD,GW-NIMBUS,Success,89,9286.07,SAR,262.09,147.06,115.03,Success,DQ-T02
,AE563552817,CARD,GW-ATLAS,Success,26,2908.46,AED,74.77,49.47,25.3,Success,DQ-T02
2025-11-10,SA773581532,CARD,GW-ORION,UNKNOWN,1,736.99,SAR,0.0,0.04,-0.04,,DQ-T05
2025-11-25,SA954952952,TOKEN,GW-NIMBUS,Success,0,7499.86,SAR,236.02,146.92,89.1,Success,DQ-T08
2025-06-29,EG730609269,BNPL,GW-NILE,Success,2,5727.65,EGP,8018.71,165.75,7852.96,Success,DQ-T09
,EG877654092,TOKEN,GW-NILE,Success,154,139644.08,EGP,2665.74,2156.25,509.49,Success,DQ-T02
2025-02-24,SA853040870,BNPL,GW-ATLAS,Success,5,-226.95,SAR,-10.15,-8.22,-1.93,Success,DQ-T07
,EG761087060,CARD,GW-NILE,Success,74,108734.58,EGP,2841.53,1509.73,1331.8,Success,DQ-T02
,OM334471218,LDEBIT,GW-NIMBUS,Success,3,85.65,OMR,0.98,0.44,0.54,Success,DQ-T02
,EG403388419,TOKEN,GW-NILE,Refunded,1,1124.83,EGP,0.0,7.7,-7.7,Refunded,DQ-T02
,EG981274071,TOKEN,GW-NILE,Voided,2,841.28,EGP,0.0,0.8,-0.8,Voided,DQ-T02
,SA988802623,BNPL,GW-ATLAS,Success,3,1115.74,SAR,52.06,38.78,13.28,Success,DQ-T02
,AE403257742,BANKTR,GW-NIMBUS,SUCCESS,6,46830.5,AED,113.69,31.46,82.23,Success,DQ-T02
2025-05-20,XX925888329,CARD,GW-ORION,Declined,4,176.42,AED,0.0,0.18,-0.18,Failed,DQ-T04
2025-11-14,EG271950140,CARD,GW-NILE,Success,6,-2855.93,EGP,-101.31,-50.91,-50.4,Success,DQ-T07
2025-03-25,EG872519745,LDEBIT,GW-NILE,Success,0,2659.24,EGP,61.78,31.52,30.26,Success,DQ-T08
2025-07-11,XX472528160,LDEBIT,GW-NIMBUS,Success,24,1587.56,SAR,21.71,11.19,10.52,Success,DQ-T04
2024-11-18,XX678354521,BNPL,GW-ATLAS,Success,23,4793.17,AED,202.99,167.34,35.65,Success,DQ-T04
2025-05-25,SA710370541,LDEBIT,GW-NIMBUS,Success,224,-137801.16,SAR,-1008.63,-657.91,-350.72,Success,DQ-T07
,EG934454177,CARD,GW-ATLAS,Failed,20,28117.76,EGP,0.0,20.62,-20.62,Failed,DQ-T02
,AE381359654,TOKEN,GW-ORION,SETTLED,15,774.12,AED,24.86,13.57,11.29,Success,DQ-T02
2025-05-15,SA472968758,LDEBIT,GW-NIMBUS,Success,0,545.25,SAR,6.86,2.79,4.07,Success,DQ-T08
,EG100648072,CARD,GW-ATLAS,Failed,1,2172.23,EGP,0.0,1.0,-1.0,Failed,DQ-T02
2025-10-25,XX926971391,TOKEN,GW-NILE,Success,7,8869.47,EGP,229.48,130.43,99.05,Success,DQ-T04
,SA168621990,LDEBIT,GW-NIMBUS,Success,44,5256.08,SAR,71.61,31.08,40.53,Success,DQ-T02
,EG849029255,TOKEN,GW-ATLAS,Failed,1,388.2,EGP,0.0,0.98,-0.98,Failed,DQ-T02
2026-01-18,XX722841216,WALLET,GW-NILE,Failed,6,8467.88,EGP,0.0,2.42,-2.42,Failed,DQ-T04
,AE987618927,TOKEN,GW-NIMBUS,Failed,2,82.91,AED,0.0,0.11,-0.11,Failed,DQ-T02
2026-01-31,SA256650029,TOKEN,GW-NIMBUS,CHARGEBACK?,44,5704.22,SAR,144.84,90.58,54.26,,DQ-T05
2026-06-20,EG144615489,WALLET,GW-NILE,Success,0,1473.09,EGP,42.12,22.73,19.39,Success,DQ-T08
2025-03-04,XX414465313,CARD,GW-ATLAS,Failed,5,222.13,SAR,0.0,0.38,-0.38,Failed,DQ-T04
2026-06-04,XX508396793,TOKEN,GW-NILE,Success,21,10581.46,EGP,348.01,190.58,157.43,Success,DQ-T04
,SA912413819,CARD,GW-ORION,Success,321,11117.54,SAR,355.18,214.15,141.03,Success,DQ-T02
2026-01-20,XX436087559,LDEBIT,GW-NILE,Success,12,14305.32,EGP,181.66,79.15,102.51,Success,DQ-T04
2025-10-07,XX758068413,CARD,GW-NILE,Success,3,1560.57,EGP,52.95,26.97,25.98,Success,DQ-T04
2026-01-28,AE934873526,LDEBIT,GW-NIMBUS,CHARGEBACK?,3,1112.22,AED,14.29,5.5,8.79,,DQ-T05
2024-07-10,AE642488904,CARD,GW-ATLAS,CHARGEBACK?,1,1379.75,AED,0.0,0.07,-0.07,,DQ-T05
2025-01-25,XX190930852,TOKEN,GW-ORION,Failed,8,1458.24,AED,0.0,0.35,-0.35,Failed,DQ-T04
2025-01-22,OM892693620,CARD,GW-NIMBUS,PENDING_REVIEW,22,435.52,OMR,10.59,6.43,4.16,,DQ-T05
2025-10-23,EG249264164,WALLET,GW-NILE,UNKNOWN,2,1449.83,EGP,32.29,15.27,17.02,,DQ-T05
,OM236113503,CARD,GW-NIMBUS,Failed,1,27.25,OMR,0.0,0.01,-0.01,Failed,DQ-T02
,SA205739809,CARD,GW-ORION,Failed,5,182.72,SAR,0.0,0.22,-0.22,Failed,DQ-T02
,EG344164016,LDEBIT,GW-NILE,Voided,1,333.76,EGP,0.0,0.4,-0.4,Voided,DQ-T02
,EG537272220,WALLET,GW-NILE,Success,2,2468.91,EGP,47.57,23.4,24.17,Success,DQ-T02
2026-04-08,SA473783633,CARD,GW-ORION,SUCCESS,0,2859.73,SAR,65.39,37.78,27.61,Success,DQ-T08
2026-03-29,AE538625118,BNPL,GW-ATLAS,Success,1,137.89,AED,193.05,4.84,188.21,Success,DQ-T09
2025-08-03,SA851607798,CARD,GW-NIMBUS,UNKNOWN,1,60.38,SAR,0.0,0.06,-0.06,,DQ-T05
2025-09-15,XX670805784,TOKEN,GW-ATLAS,Success,17,734.43,AED,24.21,15.72,8.49,Success,DQ-T04
,AE626038015,CARD,GW-ATLAS,Success,8,11159.74,AED,175.31,164.88,10.43,Success,DQ-T02
2026-06-19,EG911025364,TOKEN,GW-ATLAS,UNKNOWN,1,223.16,EGP,0.0,1.03,-1.03,,DQ-T05
,SA859807984,CARD,GW-NIMBUS,Success,7,8325.25,SAR,191.77,114.1,77.67,Success,DQ-T02
,AE798073466,CARD,GW-ORION,Failed,2,514.92,AED,0.0,0.09,-0.09,Failed,DQ-T02
,AE779501806,CARD,GW-NIMBUS,Success,9,6490.93,AED,155.39,89.78,65.61,Success,DQ-T02
2025-02-20,XX593710050,TOKEN,GW-NILE,Failed,2,1788.1,EGP,0.0,0.79,-0.79,Failed,DQ-T04
,EG655465870,CARD,GW-ATLAS,Voided,1,318.16,EGP,0.0,0.98,-0.98,Voided,DQ-T02
,SA966321681,CARD,GW-NIMBUS,Success,10,1286.0,SAR,32.51,19.8,12.71,Success,DQ-T02
2024-07-25,EG728358410,BNPL,GW-NILE,Captured,0,6353.49,EGP,259.98,184.52,75.46,Success,DQ-T08
2025-12-17,EG897740135,WALLET,GW-NILE,Success,11,-3358.34,EGP,-87.0,-46.8,-40.2,Success,DQ-T07
,EG538857731,TOKEN,GW-NILE,Success,8,12255.19,EGP,311.38,175.83,135.55,Success,DQ-T02
,AE520409719,CARD,GW-NIMBUS,Failed,2,471.33,AED,0.0,0.11,-0.11,Failed,DQ-T02
2026-05-27,EG150005962,CARD,GW-NILE,Success,17,-9276.96,EGP,-285.71,-159.17,-126.54,Success,DQ-T07
,AE998528073,CARD,GW-ORION,Failed,2,460.31,AED,0.0,0.09,-0.09,Failed,DQ-T02
,AE755938199,CARD,GW-NIMBUS,Success,11,11645.5,AED,271.77,159.84,111.93,Success,DQ-T02
,EG760725891,CARD,GW-ATLAS,Success,48,59396.02,EGP,1539.92,1049.12,490.8,Success,DQ-T02
2026-02-28,SA345312220,CARD,GW-ATLAS,Approved,0,4567.66,SAR,101.95,67.98,33.97,Success,DQ-T08
,SA295911590,LDEBIT,GW-NIMBUS,Refunded,1,98.47,SAR,0.0,0.56,-0.56,Refunded,DQ-T02
,SA912413819,CARD,GW-ORION,Voided,7,234.14,SAR,0.0,0.32,-0.32,Voided,DQ-T02
,OM107384993,LDEBIT,GW-NIMBUS,Success,8,161.34,OMR,1.39,0.86,0.53,Success,DQ-T02
,AE299289826,CARD,GW-NIMBUS,Success,58,3039.87,AED,90.58,54.88,35.7,Success,DQ-T02
2024-12-16,EG139657763,WALLET,GW-NILE,UNKNOWN,16,15318.26,EGP,0.0,6.27,-6.27,,DQ-T05
,EG987146982,BANKTR,GW-NILE,Voided,3,2229.23,EGP,0.0,1.19,-1.19,Voided,DQ-T02
,EG934454177,CARD,GW-ATLAS,Voided,5,7034.65,EGP,0.0,5.16,-5.16,Voided,DQ-T02
2024-10-09,XX263019916,TOKEN,GW-ATLAS,Success,1,1597.32,EGP,41.06,27.75,13.31,Success,DQ-T04
,EG799575469,CARD,GW-ATLAS,REFUNDED,5,1020.35,EGP,0.0,36.77,-36.77,Refunded,DQ-T02
,SA315873581,CARD,GW-ORION,Voided,2,81.33,SAR,0.0,0.09,-0.09,Voided,DQ-T02
,EG166655022,LDEBIT,GW-NILE,Refunded,2,1848.71,EGP,0.0,15.47,-15.47,Refunded,DQ-T02
2025-09-13,XX520283355,CARD,GW-NILE,Failed,152,53808.97,EGP,0.0,61.94,-61.94,Failed,DQ-T04
,SA623621170,TOKEN,GW-ATLAS,Success,5,256.53,SAR,7.92,5.27,2.65,Success,DQ-T02
2026-05-30,XX318456343,CARD,GW-NILE,Refunded,1,9315.36,EGP,0.0,7.73,-7.73,Refunded,DQ-T04
,SA847687864,CARD,GW-NIMBUS,Failed,3,386.02,SAR,0.0,0.17,-0.17,Failed,DQ-T02
,SA267227056,LDEBIT,GW-NIMBUS,Success,352,104203.8,SAR,911.37,528.32,383.05,Success,DQ-T02
2025-02-11,SA912413819,TOKEN,GW-ATLAS,CHARGEBACK?,20,668.96,SAR,0.0,1.5,-1.5,,DQ-T05
,EG987489356,TOKEN,GW-NILE,Voided,7,2073.87,EGP,0.0,2.79,-2.79,Voided,DQ-T02
,EG181564804,WALLET,GW-NILE,Voided,88,42607.14,EGP,0.0,34.77,-34.77,Voided,DQ-T02
,SA473410995,CARD,GW-NIMBUS,Success,8,1484.83,SAR,37.98,22.0,15.98,Success,DQ-T02
2024-07-02,EG792191738,WALLET,GW-NILE,Captured,32,25367.5,EGP,35514.5,259.34,35255.16,Success,DQ-T09
2024-09-03,EG655465870,CARD,GW-ATLAS,UNKNOWN,3,1091.59,EGP,0.0,21.71,-21.71,,DQ-T05
2025-07-09,XX287859671,LDEBIT,GW-NILE,Failed,4,6303.0,EGP,0.0,1.61,-1.61,Failed,DQ-T04
,EG244579582,CARD,GW-NILE,Success,8,563885.3,EGP,8622.16,6872.82,1749.34,Success,DQ-T02
2026-06-27,XX933107925,CARD,GW-ORION,Voided,1,103.39,SAR,0.0,0.04,-0.04,Voided,DQ-T04
2026-05-07,XX577203672,TOKEN,GW-NILE,Success,6,2384.85,EGP,86.74,46.44,40.3,Success,DQ-T04
,EG373213017,TOKEN,GW-NILE,Failed,1,1325.96,EGP,0.0,0.41,-0.41,Failed,DQ-T02
2026-03-18,XX958599508,TOKEN,GW-ATLAS,Success,88,101253.88,EGP,1730.27,1866.93,-136.66,Success,DQ-T04
2026-01-07,AE707625102,TOKEN,GW-ORION,PENDING_REVIEW,2,562.68,AED,0.0,0.09,-0.09,,DQ-T05
2025-05-13,OM817062602,CARD,GW-NIMBUS,UNKNOWN,11,140.66,OMR,0.0,0.63,-0.63,,DQ-T05
,SA268987858,CARD,GW-ORION,Success,10,749.47,SAR,21.26,11.84,9.42,Success,DQ-T02
2026-05-10,EG991914423,WALLET,GW-NILE,Success,0,10661.41,EGP,243.13,113.42,129.71,Success,DQ-T08
2026-03-12,SA732374987,TOKEN,GW-ORION,PENDING_REVIEW,2,100.83,SAR,0.0,0.09,-0.09,,DQ-T05
2025-07-02,XX971083792,TOKEN,GW-ORION,Success,27,982.25,SAR,34.3,19.09,15.21,Success,DQ-T04
2026-05-10,AE417405784,LDEBIT,GW-NIMBUS,Success,0,414.81,AED,6.15,3.02,3.13,Success,DQ-T08
2026-01-11,EG407965941,WALLET,GW-NILE,Success,1,1301.16,EGP,1821.62,12.31,1809.31,Success,DQ-T09
2026-01-21,EG647781107,TOKEN,GW-ATLAS,UNKNOWN,1,857.97,EGP,0.0,7.58,-7.58,,DQ-T05
,EG529532780,CARD,GW-ATLAS,Success,6,13660.33,EGP,352.35,221.95,130.4,Success,DQ-T02
,SA711632487,LDEBIT,GW-NIMBUS,Failed,3,112.58,SAR,0.0,0.17,-0.17,Failed,DQ-T02
,EG911025364,CARD,GW-NILE,Success,79,17418.87,EGP,848.35,425.06,423.29,Success,DQ-T02
,SA205739809,LDEBIT,GW-NIMBUS,Success,23,860.14,SAR,14.84,7.75,7.09,Success,DQ-T02
2024-11-15,SA315873581,LDEBIT,GW-NIMBUS,CHARGEBACK?,30,1205.75,SAR,18.65,10.49,8.16,,DQ-T05
2025-11-16,XX702584931,TOKEN,GW-ATLAS,Refunded,1,164.83,SAR,0.0,0.56,-0.56,Refunded,DQ-T04
,AE282120405,TOKEN,GW-NIMBUS,Failed,2,81.76,AED,0.0,0.11,-0.11,Failed,DQ-T02
2024-11-13,EG655465870,CARD,GW-ATLAS,PENDING_REVIEW,1,316.43,EGP,0.0,0.98,-0.98,,DQ-T05
,AE143636134,CARD,GW-ATLAS,Success,2,9891.02,AED,154.62,144.75,9.87,Success,DQ-T02
2025-07-09,XX338307774,LDEBIT,GW-NILE,APPROVED,52,20253.45,EGP,264.49,173.37,91.12,Success,DQ-T04
,EG775891339,TOKEN,GW-ATLAS,Success,6,5644.57,EGP,162.53,107.28,55.25,Success,DQ-T02
,SA779341840,BNPL,GW-ATLAS,Captured,18,2593.93,SAR,120.1,91.0,29.1,Success,DQ-T02
2025-09-10,SA473410995,BNPL,GW-ATLAS,Success,1,179.2,SAR,250.88,6.27,244.61,Success,DQ-T09
,AE901159238,TOKEN,GW-ORION,Failed,1,208.99,AED,0.0,0.04,-0.04,Failed,DQ-T02
2026-05-29,XX722344323,LDEBIT,GW-NIMBUS,Voided,4,173.27,SAR,0.0,0.22,-0.22,Voided,DQ-T04
2026-02-19,SA887216708,CARD,GW-NIMBUS,Success,0,4606.28,SAR,103.11,63.16,39.95,Success,DQ-T08
2025-04-24,SA520439829,BANKTR,GW-NIMBUS,Success,37,-12987.31,SAR,-85.29,-57.14,-28.15,Success,DQ-T07
2026-04-07,SA165160063,CARD,GW-ORION,Success,0,6277.94,SAR,162.78,86.95,75.83,Success,DQ-T08
2024-12-23,SA434781636,TOKEN,GW-NIMBUS,Success,2,-272.49,SAR,-7.71,-4.3,-3.41,Success,DQ-T07
,EG839904793,CARD,GW-ATLAS,Failed,2,729.76,EGP,0.0,2.06,-2.06,Failed,DQ-T02
2025-08-12,XX298323281,TOKEN,GW-ATLAS,Success,6,257.91,SAR,8.46,5.56,2.9,Success,DQ-T04
2024-11-14,EG420159724,WALLET,GW-NILE,PENDING_REVIEW,3,7412.48,EGP,152.08,65.17,86.91,,DQ-T05
,SA268987858,CARD,GW-ORION,Refunded,1,92.88,SAR,0.0,0.56,-0.56,Refunded,DQ-T02
2025-01-22,EG509980512,CARD,GW-NILE,Success,24,7512.49,EGP,10517.49,153.61,10363.88,Success,DQ-T09
,EG511893937,TOKEN,GW-ATLAS,Success,1,2672.2,EGP,67.49,44.09,23.4,Success,DQ-T02
2025-01-29,EG518450463,LDEBIT,GW-NILE,PENDING_REVIEW,1,476.73,EGP,8.16,3.65,4.51,,DQ-T05
2026-03-23,EG772389130,LDEBIT,GW-NILE,Success,1,27391.84,EGP,38348.58,112.74,38235.84,Success,DQ-T09
,AE957433919,TOKEN,GW-NIMBUS,Failed,37,5666.63,AED,0.0,2.04,-2.04,Failed,DQ-T02
2025-02-23,XX396672910,CARD,GW-ORION,Success,3,337.27,SAR,9.04,4.99,4.05,Success,DQ-T04
2026-05-12,AE172157388,CARD,GW-NIMBUS,Success,4,-43149.03,AED,-696.16,-583.47,-112.69,Success,DQ-T07
,SA954952952,TOKEN,GW-NIMBUS,Success,114,4996.22,SAR,157.01,97.73,59.28,Success,DQ-T02
,EG799575469,LDEBIT,GW-NILE,Success,10,3465.14,EGP,66.0,31.35,34.65,Success,DQ-T02
2025-10-16,XX594915262,CARD,GW-ATLAS,Success,37,44057.82,EGP,1144.97,780.21,364.76,Success,DQ-T04
,AE548451543,CARD,GW-ORION,Failed,2,125.39,AED,0.0,0.09,-0.09,Failed,DQ-T02
2026-02-19,EG934737958,CARD,GW-ATLAS,UNKNOWN,67,20318.4,EGP,802.95,550.62,252.33,,DQ-T05
2025-11-12,AE901159238,CARD,GW-NIMBUS,Success,0,5060.23,AED,132.11,74.76,57.35,Success,DQ-T08
2025-03-25,EG486344028,WALLET,GW-NILE,CHARGEBACK?,32,10793.78,EGP,277.2,142.75,134.45,,DQ-T05
2026-05-22,SA362023155,CARD,GW-ORION,CHARGEBACK?,3,198.15,SAR,0.0,0.14,-0.14,,DQ-T05
,EG799496821,CARD,GW-NILE,Success,193,157252.41,EGP,3063.7,2419.1,644.6,Success,DQ-T02
,OM817062602,TOKEN,GW-NIMBUS,Failed,1,13.19,OMR,0.0,0.01,-0.01,Failed,DQ-T02
2025-09-18,SA726680999,CARD,GW-ORION,Success,0,780.45,SAR,24.4,13.35,11.05,Success,DQ-T08
2025-03-27,SA362023155,LDEBIT,GW-NIMBUS,UNKNOWN,2,132.1,SAR,0.0,0.11,-0.11,,DQ-T05
2025-03-29,EG875318556,CARD,GW-NILE,Success,1,-1168.5,EGP,-35.01,-16.82,-18.19,Success,DQ-T07
,SA779172798,BNPL,GW-ATLAS,Captured,4,592.23,SAR,27.27,20.77,6.5,Success,DQ-T02
,SA776589285,TOKEN,GW-ORION,Success,4,915.82,SAR,23.1,13.07,10.03,Success,DQ-T02
2025-12-20,EG873952802,LDEBIT,GW-NILE,Success,0,64590.31,EGP,571.53,350.67,220.86,Success,DQ-T08
,AE123781768,TOKEN,GW-ORION,Refunded,3,138.07,AED,0.0,1.65,-1.65,Refunded,DQ-T02
2025-02-23,SA189309853,CARD,GW-ORION,UNKNOWN,5,957.49,SAR,22.09,13.39,8.7,,DQ-T05
,EG920470377,WALLET,GW-NILE,Success,3,3445.16,EGP,68.57,33.29,35.28,Success,DQ-T02
,SA711632487,CARD,GW-ORION,Voided,1,37.53,SAR,0.0,0.04,-0.04,Voided,DQ-T02
2025-08-18,EG403388419,TOKEN,GW-NILE,PENDING_REVIEW,1,1741.51,EGP,0.0,7.42,-7.42,,DQ-T05
2025-10-09,SA576895050,LDEBIT,GW-NIMBUS,Success,1,-171.94,SAR,-2.23,-0.94,-1.29,Success,DQ-T07
,SA534389906,BANKTR,GW-NIMBUS,Success,5,18551.72,SAR,47.2,16.12,31.08,Success,DQ-T02
2026-04-02,SA333336650,BNPL,GW-ATLAS,PENDING_REVIEW,4,984.94,SAR,42.87,34.34,8.53,,DQ-T05
2026-06-09,EG614561530,BNPL,GW-ATLAS,CHARGEBACK?,2,936.94,EGP,0.0,2.06,-2.06,,DQ-T05
2026-02-13,XX859349050,WALLET,GW-NILE,Success,31,82982.18,EGP,1646.23,727.82,918.41,Success,DQ-T04
,SA267227056,LDEBIT,GW-NIMBUS,Voided,6,1720.52,SAR,0.0,0.34,-0.34,Voided,DQ-T02
,SA124881724,CARD,GW-NIMBUS,Voided,2,233.14,SAR,0.0,0.11,-0.11,Voided,DQ-T02
2025-07-21,XX437215290,LDEBIT,GW-NILE,Failed,1,998.48,EGP,0.0,0.4,-0.4,Failed,DQ-T04
2024-11-06,XX149855147,CARD,GW-ATLAS,Success,19,6757.28,SAR,169.52,103.79,65.73,Success,DQ-T04
2026-04-25,SA955449063,CARD,GW-ATLAS,Success,0,1338.27,SAR,40.62,27.0,13.62,Success,DQ-T08
,EG219821138,CARD,GW-NILE,Success,18,6778.82,EGP,241.1,130.92,110.18,Success,DQ-T02
2026-04-24,EG308894080,CARD,GW-ATLAS,APPROVED,6,20400.07,EGP,28560.1,320.21,28239.89,Success,DQ-T09
2025-12-16,EG276584921,BNPL,GW-ATLAS,Success,0,3585.26,EGP,152.95,125.94,27.01,Success,DQ-T08
2025-02-10,OM236113503,CARD,GW-NIMBUS,PENDING_REVIEW,2,54.5,OMR,0.0,0.01,-0.01,,DQ-T05
2026-03-28,EG730609269,LDEBIT,GW-NILE,CAPTURED,0,2143.99,EGP,27.97,10.49,17.48,Success,DQ-T08
2025-01-10,EG839115780,LDEBIT,GW-NILE,UNKNOWN,1,4916.4,EGP,0.0,0.39,-0.39,,DQ-T05
,AE381359654,LDEBIT,GW-NIMBUS,Failed,2,88.21,AED,0.0,0.11,-0.11,Failed,DQ-T02
2024-11-28,AE360087333,CARD,GW-NIMBUS,Success,25,1131.84,AED,1584.58,21.25,1563.33,Success,DQ-T09
2025-11-18,EG178731082,BNPL,GW-NILE,UNKNOWN,5,3304.99,EGP,0.0,2.04,-2.04,,DQ-T05
,EG219821138,CARD,GW-NILE,Success,19,8448.55,EGP,284.02,154.45,129.57,Success,DQ-T02
2026-05-11,EG245991238,TOKEN,GW-ATLAS,UNKNOWN,16,6196.98,EGP,226.07,154.74,71.33,,DQ-T05
,EG167120747,CARD,GW-ATLAS,Success,5,19762.67,EGP,520.54,307.22,213.32,Success,DQ-T02
2026-04-24,EG595418422,CARD,GW-NILE,CHARGEBACK?,181,321974.8,EGP,6483.52,4404.2,2079.32,,DQ-T05
2025-03-05,XX380259504,LDEBIT,GW-NIMBUS,Success,1,338.23,AED,3.95,1.69,2.26,Success,DQ-T04
,EG707591429,CARD,GW-ATLAS,Failed,1,724.03,EGP,0.0,1.02,-1.02,Failed,DQ-T02
,SA284947269,CARD,GW-NIMBUS,Failed,1,7526.6,SAR,0.0,0.06,-0.06,Failed,DQ-T02
2026-06-02,SA189353734,TOKEN,GW-ORION,Success,18,-720.0,SAR,-23.15,-13.59,-9.56,Success,DQ-T07
2026-01-16,SA397646855,BNPL,GW-ATLAS,APPROVED,59,-3032.24,SAR,-86.6,-109.22,22.62,Success,DQ-T07
,SA945807399,CARD,GW-ATLAS,Success,2,917.52,SAR,23.57,13.93,9.64,Success,DQ-T02
2026-06-06,XX611715859,LDEBIT,GW-NILE,Failed,1,392.1,EGP,0.0,0.41,-0.41,Failed,DQ-T04
,AE381359654,CARD,GW-ORION,Failed,4,176.42,AED,0.0,0.18,-0.18,Failed,DQ-T02
2024-10-23,EG763647415,WALLET,GW-NILE,PENDING_REVIEW,1,6880.29,EGP,123.25,57.43,65.82,,DQ-T05
,EG464447848,WALLET,GW-NILE,Success,1,11466.57,EGP,200.94,94.68,106.26,Success,DQ-T02
2025-05-28,EG154810799,CARD,GW-ATLAS,CHARGEBACK?,1,834.89,EGP,23.82,15.86,7.96,,DQ-T05
2026-06-29,EG511884968,WALLET,GW-NILE,CAPTURED,2,-3465.81,EGP,-63.64,-31.67,-31.97,Success,DQ-T07
,SA912413819,CARD,GW-ORION,Failed,28,936.55,SAR,0.0,1.26,-1.26,Failed,DQ-T02
,EG449636175,TOKEN,GW-NILE,Voided,10,4052.95,EGP,0.0,3.92,-3.92,Voided,DQ-T02
2025-09-09,EG697551722,LDEBIT,GW-NILE,UNKNOWN,1,1173.9,EGP,0.0,0.41,-0.41,,DQ-T05
,SA660258875,LDEBIT,GW-NIMBUS,Failed,3,564.8,SAR,0.0,0.17,-0.17,Failed,DQ-T02
,EG873952802,WALLET,GW-NILE,Voided,2,2638.38,EGP,0.0,0.81,-0.81,Voided,DQ-T02
2026-06-22,EG967183698,LDEBIT,GW-NILE,Success,0,360898.21,EGP,3909.51,3287.14,622.37,Success,DQ-T08
2026-05-05,SA729864911,CARD,GW-ORION,PENDING_REVIEW,3,738.12,SAR,0.0,0.14,-0.14,,DQ-T05
2024-10-20,AE713987880,CARD,GW-ORION,Success,32,-4553.89,AED,-123.36,-65.37,-57.99,Success,DQ-T07
,EG161643120,CARD,GW-NILE,Refunded,1,1566.69,EGP,0.0,7.35,-7.35,Refunded,DQ-T02
2025-03-13,EG783358166,WALLET,GW-NILE,PENDING_REVIEW,1,281.23,EGP,0.0,0.4,-0.4,,DQ-T05
,AE486272694,TOKEN,GW-ORION,Success,2,553.19,AED,13.61,7.79,5.82,Success,DQ-T02
2025-01-20,SA624172387,LDEBIT,GW-NIMBUS,Success,12,-489.51,SAR,-7.92,-4.23,-3.69,Success,DQ-T07
2025-05-18,XX646301583,TOKEN,GW-ORION,Voided,1,68.4,SAR,0.0,0.04,-0.04,Voided,DQ-T04
2025-12-21,EG361515615,CARD,GW-ATLAS,PENDING_REVIEW,36,46150.75,EGP,1201.34,808.48,392.86,,DQ-T05
2024-09-19,SA520439829,CARD,GW-ATLAS,Success,15,-5460.82,SAR,-88.96,-83.78,-5.18,Success,DQ-T07
2025-10-09,XX957932090,CARD,GW-ATLAS,Failed,1,739.49,SAR,0.0,0.08,-0.08,Failed,DQ-T04
2025-03-20,SA284947269,CARD,GW-NIMBUS,PENDING_REVIEW,1,7526.6,SAR,0.0,0.06,-0.06,,DQ-T05
2025-12-26,EG544029480,CARD,GW-NILE,UNKNOWN,6,7813.08,EGP,0.0,2.44,-2.44,,DQ-T05
,OM236113503,LDEBIT,GW-NIMBUS,Refunded,1,21.74,OMR,0.0,0.06,-0.06,Refunded,DQ-T02
,AE282120405,CARD,GW-NIMBUS,Success,52,2107.71,AED,69.96,40.87,29.09,Success,DQ-T02
2026-05-17,SA177886357,TOKEN,GW-NIMBUS,Success,0,324.3,SAR,7.88,4.78,3.1,Success,DQ-T08
2026-03-29,XX238652839,CARD,GW-NIMBUS,Failed,1,9.44,OMR,0.0,0.01,-0.01,Failed,DQ-T04
2025-08-31,XX186868936,CARD,GW-NILE,Captured,6,1739.89,EGP,72.1,36.87,35.23,Success,DQ-T04
2025-07-08,EG723843125,LDEBIT,GW-NILE,UNKNOWN,50,14341.14,EGP,282.22,145.91,136.31,,DQ-T05
,SA726680999,CARD,GW-ORION,Failed,3,155.49,SAR,0.0,0.14,-0.14,Failed,DQ-T02
2025-03-14,XX724392421,CARD,GW-NIMBUS,Success,25,3343.32,AED,93.52,51.1,42.42,Success,DQ-T04
2026-05-22,EG245991238,LDEBIT,GW-NILE,Success,15,-4607.74,EGP,-89.72,-45.73,-43.99,Success,DQ-T07
2025-01-20,XX225731526,WALLET,GW-NILE,Failed,2,1393.27,EGP,0.0,0.78,-0.78,Failed,DQ-T04
2024-07-25,EG761087060,CARD,GW-NILE,Success,74,-101522.0,EGP,-2676.65,-1422.1,-1254.55,Success,DQ-T07
2024-10-07,EG728979434,CARD,GW-ATLAS,Success,6,14357.67,EGP,20100.74,230.92,19869.82,Success,DQ-T09
,EG290794122,LDEBIT,GW-NILE,Success,2,8410.7,EGP,96.96,37.55,59.41,Success,DQ-T02
2025-06-22,XX347642632,TOKEN,GW-NIMBUS,Success,2,210.04,AED,5.77,3.42,2.35,Success,DQ-T04
2025-04-11,SA508515348,LDEBIT,GW-NIMBUS,PENDING_REVIEW,1,184.69,SAR,0.0,0.06,-0.06,,DQ-T05
2024-10-14,SA517497912,TOKEN,GW-ATLAS,Success,0,148.33,SAR,4.68,3.08,1.6,Success,DQ-T08
2025-09-10,OM188757830,CARD,GW-ATLAS,Success,12,-1009.64,OMR,-24.58,-15.06,-9.52,Success,DQ-T07
2026-06-05,AE970872555,CARD,GW-ORION,CAPTURED,15,1636.91,AED,2291.67,24.26,2267.41,Success,DQ-T09
,AE852316595,LDEBIT,GW-NIMBUS,REVERSED,1,102.66,AED,0.0,0.06,-0.06,Voided,DQ-T02
,AE426640224,BNPL,GW-ATLAS,Failed,1,77.81,AED,0.0,0.07,-0.07,Failed,DQ-T02
,EG544696241,BNPL,GW-ATLAS,Success,2,16232.9,EGP,722.2,563.03,159.17,Success,DQ-T02
2025-04-26,EG470401998,TOKEN,GW-NILE,Success,1,8903.63,EGP,12465.08,114.82,12350.26,Success,DQ-T09
2025-11-27,XX832043835,TOKEN,GW-ATLAS,Success,2,637.39,EGP,26.04,17.18,8.86,Success,DQ-T04
2026-06-16,EG544029480,TOKEN,GW-NILE,CHARGEBACK?,7,11642.99,EGP,305.77,165.78,139.99,,DQ-T05
2025-10-05,XX837610111,LDEBIT,GW-NIMBUS,Success,462,70559.54,SAR,537.24,395.48,141.76,Success,DQ-T04
,EG760725891,BNPL,GW-ATLAS,Refunded,1,1002.76,EGP,0.0,7.58,-7.58,Refunded,DQ-T02
,EG779290435,CARD,GW-NILE,Success,7,9688.94,EGP,265.58,136.85,128.73,Success,DQ-T02
2025-03-05,SA159383546,TOKEN,GW-NIMBUS,UNKNOWN,6,175.75,SAR,6.68,3.92,2.76,,DQ-T05
2025-06-13,XX223907476,CARD,GW-ATLAS,Success,327,136473.55,EGP,4846.27,3196.69,1649.58,Success,DQ-T04
,EG723843125,TOKEN,GW-ATLAS,Success,101,30668.6,EGP,1221.18,849.03,372.15,Success,DQ-T02
2026-05-31,AE145067044,CARD,GW-ATLAS,Success,0,814.39,AED,21.03,12.96,8.07,Success,DQ-T08
,SA765577175,CARD,GW-ORION,Success,249,21354.57,SAR,354.88,329.32,25.56,Success,DQ-T02
2025-11-23,SA999694215,CARD,GW-NIMBUS,UNKNOWN,1,182.58,SAR,0.0,0.56,-0.56,,DQ-T05
2025-01-20,SA914955375,LDEBIT,GW-NIMBUS,PENDING_REVIEW,1,231.35,SAR,0.0,0.06,-0.06,,DQ-T05
,AE782539735,CARD,GW-NIMBUS,Failed,13,544.37,AED,0.0,0.72,-0.72,Failed,DQ-T02
,SA420885285,CARD,GW-NIMBUS,Success,11,1190.25,SAR,32.91,18.75,14.16,Success,DQ-T02
2026-05-15,XX527716809,CARD,GW-ORION,Failed,1,350.92,SAR,0.0,0.04,-0.04,Failed,DQ-T04
2025-09-24,SA853040870,LDEBIT,GW-NIMBUS,Success,12,-561.58,SAR,-8.39,-4.55,-3.84,Success,DQ-T07
2025-10-19,SA419800769,BNPL,GW-ATLAS,Success,0,715.02,SAR,33.91,25.61,8.3,Success,DQ-T08
2026-04-26,XX696475980,TOKEN,GW-ORION,CHARGEBACK?,1,733.34,SAR,15.92,9.98,5.94,,DQ-T04;DQ-T05
2026-06-21,OM761015209,LDEBIT,GW-NIMBUS,PENDING_REVIEW,2,32.25,OMR,0.41,0.18,0.23,,DQ-T05
2026-04-15,SA362023155,TOKEN,GW-ORION,Success,20,-1322.79,SAR,-37.49,-22.06,-15.43,Success,DQ-T07
2024-12-26,SA390995470,CARD,GW-ATLAS,Success,0,345.28,SAR,8.64,5.31,3.33,Success,DQ-T08
2025-10-04,EG511884968,WALLET,GW-NILE,Success,3,-6052.47,EGP,-109.63,-54.31,-55.32,Success,DQ-T07
2026-04-09,EG308894080,LDEBIT,GW-NILE,PENDING_REVIEW,1,3138.77,EGP,41.95,14.51,27.44,,DQ-T05
,SA416884588,BNPL,GW-ATLAS,Refunded,2,355.22,SAR,0.0,1.12,-1.12,Refunded,DQ-T02
2024-12-21,EG266138287,WALLET,GW-NILE,CHARGEBACK?,4,1374.75,EGP,34.02,18.0,16.02,,DQ-T05
2025-06-11,XX440946597,TOKEN,GW-NILE,Success,1,5137.37,EGP,112.92,67.37,45.55,Success,DQ-T04
,EG389371308,BNPL,GW-NILE,Success,5,6891.67,EGP,309.64,200.53,109.11,Success,DQ-T02
2025-05-08,SA473410995,LDEBIT,GW-NIMBUS,PENDING_REVIEW,1,142.92,SAR,1.83,0.81,1.02,,DQ-T05
2025-09-11,SA586124263,TOKEN,GW-NIMBUS,CHARGEBACK?,29,1073.66,SAR,36.97,22.1,14.87,,DQ-T05
2026-01-08,XX250151772,WALLET,GW-NILE,Success,10,10553.71,EGP,237.95,103.17,134.78,Success,DQ-T04
2026-05-02,OM107384993,LDEBIT,GW-NIMBUS,Success,3,-83.69,OMR,-0.71,-0.43,-0.28,Success,DQ-T07
2026-04-23,SA734980407,BNPL,GW-ATLAS,CHARGEBACK?,34,2038.98,SAR,0.0,2.55,-2.55,,DQ-T05
,OM371938797,CARD,GW-ATLAS,Success,686,5267.97,OMR,94.9,96.33,-1.43,Success,DQ-T02
2026-06-03,XX263640518,TOKEN,GW-ORION,Failed,2,105.0,SAR,0.0,0.09,-0.09,Failed,DQ-T04
,EG248756723,WALLET,GW-NILE,Success,4,884.85,EGP,26.9,14.29,12.61,Success,DQ-T02
,AE410140017,LDEBIT,GW-NIMBUS,Voided,6,977.61,AED,0.0,0.33,-0.33,Voided,DQ-T02
2026-04-16,XX970434354,WALLET,GW-NILE,Success,164,70753.48,EGP,1754.43,867.62,886.81,Success,DQ-T04
,AE201707915,LDEBIT,GW-NIMBUS,Declined,2,119.69,AED,0.0,0.11,-0.11,Failed,DQ-T02
2026-04-18,XX884425931,WALLET,GW-NILE,Voided,1,1571.74,EGP,0.0,0.41,-0.41,Voided,DQ-T04
2024-12-09,EG403388419,TOKEN,GW-NILE,PENDING_REVIEW,2,2213.88,EGP,0.0,14.71,-14.71,,DQ-T05
,SA605999505,CARD,GW-ATLAS,Voided,12,2568.76,SAR,0.0,0.9,-0.9,Voided,DQ-T02
2026-03-11,EG723843125,CARD,GW-NILE,PENDING_REVIEW,29,8053.82,EGP,0.0,11.97,-11.97,,DQ-T05
2024-09-08,EG770407516,TOKEN,GW-ATLAS,UNKNOWN,3,885.03,EGP,0.0,21.71,-21.71,,DQ-T05
,EG903275069,BNPL,GW-NILE,Failed,5,2495.57,EGP,0.0,1.94,-1.94,Failed,DQ-T02
,SA972748866,LDEBIT,GW-NIMBUS,Success,410,52280.2,SAR,406.67,304.45,102.22,Success,DQ-T02
2024-09-26,XX381084327,LDEBIT,GW-NIMBUS,SUCCESS,116,7820.09,SAR,113.79,54.77,59.02,Success,DQ-T04
2025-09-01,XX568256382,CARD,GW-NILE,Failed,7,51505.76,EGP,0.0,2.85,-2.85,Failed,DQ-T04
2026-06-15,AE987618927,BNPL,GW-ATLAS,UNKNOWN,64,2643.49,AED,116.1,96.06,20.04,,DQ-T05
2024-09-20,EG819867905,LDEBIT,GW-NILE,Success,1,-7130.6,EGP,-76.07,-30.57,-45.5,Success,DQ-T07
2025-11-01,AE741353303,CARD,GW-ORION,PENDING_REVIEW,22,763.04,AED,24.75,14.59,10.16,,DQ-T05
2026-02-20,EG967183698,WALLET,GW-NILE,Success,1835,656962.89,EGP,919748.05,8616.53,911131.52,Success,DQ-T09
2026-05-31,AE776685743,CARD,GW-ATLAS,UNKNOWN,1,434.54,AED,10.79,6.61,4.18,,DQ-T05
,AE901159238,TOKEN,GW-ORION,Success,11,3072.7,AED,79.77,43.27,36.5,Success,DQ-T02
2025-08-26,AE738504243,CARD,GW-ATLAS,Success,4,-1161.77,AED,-28.5,-18.03,-10.47,Success,DQ-T07
2025-08-31,XX998804959,TOKEN,GW-ORION,Refunded,1,211.78,SAR,0.0,0.56,-0.56,Refunded,DQ-T04
2024-12-05,EG832002580,CARD,GW-NILE,CHARGEBACK?,1,4112.8,EGP,0.0,0.39,-0.39,,DQ-T05
2025-05-25,AE520409719,CARD,GW-NIMBUS,Success,27,-6715.1,AED,-153.82,-97.1,-56.72,Success,DQ-T07
,AE317795493,CARD,GW-NIMBUS,Failed,19,5086.34,AED,0.0,1.05,-1.05,Failed,DQ-T02
2026-05-14,XX706172515,TOKEN,GW-NIMBUS,Success,1,28.35,OMR,0.67,0.42,0.25,Success,DQ-T04
,SA466668047,LDEBIT,GW-NIMBUS,Success,89,3894.43,SAR,60.62,32.54,28.08,Success,DQ-T02
2025-11-05,AE728035822,LDEBIT,GW-NIMBUS,Success,3,300.37,AED,420.52,1.85,418.67,Success,DQ-T09
,EG284431976,CARD,GW-NILE,CAPTURED,7,6166.55,EGP,172.73,93.67,79.06,Success,DQ-T02
2026-03-29,SA851607798,TOKEN,GW-ORION,CHARGEBACK?,2,150.03,SAR,0.0,1.12,-1.12,,DQ-T05
2025-03-14,XX571427513,LDEBIT,GW-NILE,Success,1,753.87,EGP,10.54,4.78,5.76,Success,DQ-T04
,EG416828825,BNPL,GW-NILE,Success,1,4618.86,EGP,205.59,133.43,72.16,Success,DQ-T02
2025-11-30,SA652586164,LDEBIT,GW-NIMBUS,CHARGEBACK?,120,16235.02,SAR,155.98,93.31,62.67,,DQ-T05
2026-06-23,AE381359654,TOKEN,GW-ORION,CHARGEBACK?,1,44.1,AED,0.0,0.04,-0.04,,DQ-T05
2026-06-21,SA181926560,CARD,GW-ORION,Success,6,-631.86,SAR,-18.07,-9.44,-8.63,Success,DQ-T07
2026-06-15,AE932795909,CARD,GW-NIMBUS,UNKNOWN,5,1443.37,AED,0.0,0.28,-0.28,,DQ-T05
2025-12-22,SA726680999,LDEBIT,GW-NIMBUS,Success,0,201.26,SAR,3.13,1.58,1.55,Success,DQ-T08
2024-08-02,SA508515348,TOKEN,GW-ORION,Success,0,4005.04,SAR,101.33,58.18,43.15,Success,DQ-T08
2026-05-04,EG741980516,CARD,GW-NILE,PENDING_REVIEW,8,18028.21,EGP,313.54,240.9,72.64,,DQ-T05
,SA900572493,TOKEN,GW-ORION,Success,5,1682.58,SAR,43.41,23.49,19.92,Success,DQ-T02
2025-11-08,OM667112904,LDEBIT,GW-NIMBUS,Success,33,-111.21,OMR,-1.98,-1.07,-0.91,Success,DQ-T07
2025-01-08,EG918104848,BNPL,GW-NILE,Success,15,5720.25,EGP,8008.35,170.62,7837.73,Success,DQ-T09
,EG465172400,WALLET,GW-NILE,Failed,1,1869.48,EGP,0.0,0.4,-0.4,Failed,DQ-T02
2025-08-23,SA771478693,TOKEN,GW-NIMBUS,CHARGEBACK?,30,3934.53,SAR,69.91,62.4,7.51,,DQ-T05
2026-05-17,XX473899116,CARD,GW-ORION,Captured,7,963.35,SAR,26.02,13.91,12.11,Success,DQ-T04
2026-06-30,SA734980407,BNPL,GW-ATLAS,CHARGEBACK?,13,714.58,SAR,0.0,7.31,-7.31,,DQ-T05
2024-11-23,EG249264164,LDEBIT,GW-NILE,Success,10,-10023.62,EGP,-139.73,-57.68,-82.05,Success,DQ-T07
2026-02-14,EG165675111,CARD,GW-ATLAS,Success,3,5539.98,EGP,7755.97,92.16,7663.81,Success,DQ-T09
,EG550259154,TOKEN,GW-NILE,Success,2,629.06,EGP,24.41,13.36,11.05,Success,DQ-T02
2026-06-10,SA710370541,CARD,GW-ORION,UNKNOWN,1,627.54,SAR,0.0,0.04,-0.04,,DQ-T05
2024-08-06,EG550259154,LDEBIT,GW-NILE,PENDING_REVIEW,4,1358.83,EGP,24.31,12.29,12.02,,DQ-T05
,EG888467038,CARD,GW-NILE,Success,2,22066.79,EGP,493.11,273.56,219.55,Success,DQ-T02
,AE769624570,BNPL,GW-ATLAS,Success,3,2065.01,AED,89.56,71.59,17.97,Success,DQ-T02
2025-07-16,XX245965591,LDEBIT,GW-NIMBUS,Failed,10,1327.8,SAR,0.0,0.56,-0.56,Failed,DQ-T04
,EG849029255,WALLET,GW-NILE,Success,19,6325.61,EGP,174.18,83.22,90.96,Success,DQ-T02
2025-02-22,XX365867188,TOKEN,GW-ATLAS,Voided,1,154.8,SAR,0.0,0.08,-0.08,Voided,DQ-T04
2024-09-26,EG704826709,WALLET,GW-NILE,Success,3,2234.31,EGP,3128.03,23.16,3104.87,Success,DQ-T09
2026-05-26,AE818669574,CARD,GW-NIMBUS,CHARGEBACK?,1,255.31,AED,0.0,0.06,-0.06,,DQ-T05
,AE426640224,BNPL,GW-ATLAS,Failed,4,311.24,AED,0.0,0.29,-0.29,Failed,DQ-T02
,SA711632487,LDEBIT,GW-NIMBUS,Refunded,1,39.42,SAR,0.0,0.56,-0.56,Refunded,DQ-T02
2025-11-16,EG299020051,WALLET,GW-NILE,Success,0,1494.52,EGP,29.41,13.89,15.52,Success,DQ-T08
2025-05-15,EG877654092,WALLET,GW-NILE,Success,194,170727.42,EGP,239018.39,1721.13,237297.26,Success,DQ-T09
2024-09-11,AE603567666,BNPL,GW-ATLAS,UNKNOWN,1,273.52,AED,12.19,9.53,2.66,,DQ-T05
2025-01-18,SA124881724,CARD,GW-NIMBUS,PENDING_REVIEW,3,349.72,SAR,0.0,0.17,-0.17,,DQ-T05
,EG215045135,TOKEN,GW-ATLAS,Success,1,10843.22,EGP,173.52,167.76,5.76,Success,DQ-T02
2026-02-24,XX506529189,CARD,GW-NIMBUS,Refunded,12,158.61,OMR,0.0,0.69,-0.69,Refunded,DQ-T04
,OM334471218,CARD,GW-ATLAS,Refunded,4,72.16,OMR,0.0,0.23,-0.23,Refunded,DQ-T02
,EG389592600,WALLET,GW-NILE,Voided,1,318.9,EGP,0.0,0.41,-0.41,Voided,DQ-T02
,AE787062785,LDEBIT,GW-NIMBUS,Success,22,2997.13,AED,26.38,17.12,9.26,Success,DQ-T02
2025-06-26,EG888467038,CARD,GW-NILE,Success,0,37944.04,EGP,850.17,471.59,378.58,Success,DQ-T08
2024-09-30,AE346681166,CARD,GW-NIMBUS,PENDING_REVIEW,2,289.32,AED,0.0,0.11,-0.11,,DQ-T05
,EG883484273,BANKTR,GW-NILE,CAPTURED,1,45745.83,EGP,119.55,37.24,82.31,Success,DQ-T02
,EG331354329,TOKEN,GW-NILE,Success,58,20594.26,EGP,570.95,412.81,158.14,Success,DQ-T02
2025-05-19,SA853040870,TOKEN,GW-ORION,UNKNOWN,7,317.93,SAR,9.89,5.79,4.1,,DQ-T05
2024-12-30,EG704826709,CARD,GW-NILE,Success,7,5528.29,EGP,7739.61,85.36,7654.25,Success,DQ-T09
2025-08-15,EG275709942,LDEBIT,GW-NILE,PENDING_REVIEW,2,3030.26,EGP,0.0,0.79,-0.79,,DQ-T05
,AE333371080,CARD,GW-ORION,Success,6,1549.06,AED,38.67,21.17,17.5,Success,DQ-T02
2024-12-10,EG792191738,CARD,GW-ATLAS,Success,73,-59501.25,EGP,-1787.72,-1132.35,-655.37,Success,DQ-T07
2024-08-07,SA860742247,LDEBIT,GW-NIMBUS,PENDING_REVIEW,910,179059.19,SAR,1519.51,959.33,560.18,,DQ-T05
,SA652255380,CARD,GW-NIMBUS,Success,23,15764.45,SAR,347.88,218.43,129.45,Success,DQ-T02
2025-10-23,XX652143677,LDEBIT,GW-NIMBUS,Voided,2,15.39,OMR,0.0,0.01,-0.01,Voided,DQ-T04
,EG820064163,WALLET,GW-NILE,Refunded,1,795.92,EGP,0.0,7.35,-7.35,Refunded,DQ-T02
2026-04-12,XX326957476,CARD,GW-ATLAS,Refunded,3,47.88,OMR,0.0,0.17,-0.17,Refunded,DQ-T04
2026-02-21,SA307616362,LDEBIT,GW-NIMBUS,CHARGEBACK?,3,155.29,SAR,0.0,1.69,-1.69,,DQ-T05
2026-04-23,AE543834117,CARD,GW-ORION,CHARGEBACK?,41,1920.06,AED,60.49,33.57,26.92,,DQ-T05
2026-03-11,XX146586643,LDEBIT,GW-NILE,Success,2,6264.71,EGP,81.96,28.98,52.98,Success,DQ-T04
2026-06-08,SA124881724,CARD,GW-NIMBUS,CHARGEBACK?,11,1282.29,SAR,0.0,0.62,-0.62,,DQ-T05
2026-01-04,AE125858239,BNPL,GW-ATLAS,CAPTURED,10,2417.3,AED,3384.22,84.28,3299.94,Success,DQ-T09
,SA433295013,CARD,GW-NIMBUS,VOIDED,1,139.05,SAR,0.0,0.06,-0.06,Voided,DQ-T02
,EG934454177,WALLET,GW-NILE,Success,225,313805.37,EGP,4767.93,2942.69,1825.24,Success,DQ-T02
2024-11-28,SA576895050,LDEBIT,GW-NIMBUS,Success,3,-578.64,SAR,-7.43,-3.11,-4.32,Success,DQ-T07
,EG643904514,TOKEN,GW-NILE,Success,28,10672.08,EGP,377.28,207.22,170.06,Success,DQ-T02
,AE172124002,CARD,GW-ORION,Voided,1,128.8,AED,0.0,0.04,-0.04,Voided,DQ-T02
2026-03-20,OM436896345,LDEBIT,GW-NIMBUS,UNKNOWN,37,116.88,OMR,2.01,1.17,0.84,,DQ-T05
,SA652586164,LDEBIT,GW-NIMBUS,Refunded,5,714.35,SAR,0.0,2.81,-2.81,Refunded,DQ-T02
,EG245991238,WALLET,GW-NILE,Success,14,4392.64,EGP,115.55,60.72,54.83,Success,DQ-T02
,AE957433919,TOKEN,GW-NIMBUS,Voided,21,3216.2,AED,0.0,1.16,-1.16,Voided,DQ-T02
,SA623621170,TOKEN,GW-ATLAS,Success,3,192.36,SAR,5.64,3.74,1.9,Success,DQ-T02
2025-01-15,SA206829187,CARD,GW-ORION,UNKNOWN,1,244.13,SAR,0.0,0.04,-0.04,,DQ-T05
2026-03-31,SA597658531,LDEBIT,GW-NIMBUS,Success,459,-72179.09,SAR,-547.73,-402.26,-145.47,Success,DQ-T07
2026-04-11,EG987489356,TOKEN,GW-NILE,UNKNOWN,8,2438.21,EGP,0.0,3.28,-3.28,,DQ-T05
2026-03-22,EG888467038,LDEBIT,GW-NILE,Success,1,-9773.29,EGP,-107.15,-41.39,-65.76,Success,DQ-T07
2026-06-08,XX574115705,WALLET,GW-NILE,Success,3,17785.99,EGP,324.31,149.47,174.84,Success,DQ-T04
2025-07-28,SA775621648,CARD,GW-ATLAS,Success,8,402.23,SAR,563.12,8.08,555.04,Success,DQ-T09
2025-07-30,EG486344028,LDEBIT,GW-NILE,UNKNOWN,79,25822.14,EGP,492.89,243.35,249.54,,DQ-T05
,SA620446884,CARD,GW-NIMBUS,Success,32,4202.83,SAR,106.45,64.54,41.91,Success,DQ-T02
2026-06-10,XX852379086,TOKEN,GW-ATLAS,Voided,2,7.78,OMR,0.0,0.02,-0.02,Voided,DQ-T04
2024-07-05,AE204415052,LDEBIT,GW-NIMBUS,Success,0,410.96,AED,5.61,2.51,3.1,Success,DQ-T08
2024-11-29,EG331354329,BNPL,GW-NILE,UNKNOWN,20,7103.27,EGP,0.0,7.81,-7.81,,DQ-T05
2025-11-04,OM173271126,CARD,GW-NIMBUS,CHARGEBACK?,5,60.31,OMR,1.62,0.94,0.68,,DQ-T05
2025-09-02,EG511884968,WALLET,GW-NILE,Success,4,-8917.22,EGP,-160.52,-79.36,-81.16,Success,DQ-T07
,EG717847087,LDEBIT,GW-NILE,APPROVED,1,2408.12,EGP,27.95,11.55,16.4,Success,DQ-T02
,EG529532780,CARD,GW-ATLAS,Success,7,10954.33,EGP,293.23,185.88,107.35,Success,DQ-T02
2024-12-27,EG373213017,TOKEN,GW-NILE,Success,9,-11566.21,EGP,-299.97,-169.12,-130.85,Success,DQ-T07
,AE728035822,LDEBIT,GW-NIMBUS,Success,4,474.14,AED,6.53,2.79,3.74,Success,DQ-T02
2025-08-24,XX365954913,CARD,GW-ATLAS,Failed,4,1462.82,EGP,0.0,3.96,-3.96,Failed,DQ-T04
,SA306273888,CARD,GW-NIMBUS,Refunded,9,1456.81,SAR,0.0,5.06,-5.06,Refunded,DQ-T02
,SA775621648,CARD,GW-ATLAS,Failed,2,86.76,SAR,0.0,0.15,-0.15,Failed,DQ-T02
,AE787062785,CARD,GW-ORION,Failed,7,1028.86,AED,0.0,0.31,-0.31,Failed,DQ-T02
,EG897740135,TOKEN,GW-NILE,Failed,2,651.74,EGP,0.0,0.81,-0.81,Failed,DQ-T02
2025-04-30,XX394530058,LDEBIT,GW-NILE,Success,10,9549.85,EGP,143.14,56.08,87.06,Success,DQ-T04
,EG422365719,LDEBIT,GW-NILE,Success,2,5321.52,EGP,69.34,25.07,44.27,Success,DQ-T02
,EG468145711,WALLET,GW-NILE,Success,1,379.57,EGP,9.83,4.79,5.04,Success,DQ-T02
2024-07-06,XX224020223,LDEBIT,GW-NIMBUS,Success,1,185.54,SAR,2.28,1.0,1.28,Success,DQ-T04
,SA711109092,CARD,GW-ORION,Refunded,14,809.26,SAR,0.0,7.88,-7.88,Refunded,DQ-T02
,SA604765470,CARD,GW-ORION,Failed,5,206.45,SAR,0.0,0.22,-0.22,Failed,DQ-T02
2025-08-22,SA986462340,TOKEN,GW-ORION,Success,0,824.11,SAR,27.84,15.65,12.19,Success,DQ-T08
2025-11-01,AE671906697,TOKEN,GW-ORION,Success,964,-61183.76,AED,-1142.07,-1024.39,-117.68,Success,DQ-T07
2025-08-30,SA416884588,LDEBIT,GW-NIMBUS,Success,0,6745.25,SAR,76.53,35.25,41.28,Success,DQ-T08
2025-09-18,EG204164575,TOKEN,GW-ATLAS,UNKNOWN,1,436.82,EGP,15.24,10.37,4.87,,DQ-T05
2026-01-23,SA124881724,LDEBIT,GW-NIMBUS,SETTLED,56,-6198.3,SAR,-61.3,-37.34,-23.96,Success,DQ-T07
2025-10-26,OM194734403,LDEBIT,GW-NIMBUS,Success,3,-91.33,OMR,-0.65,-0.46,-0.19,Success,DQ-T07
2025-06-05,SA705652485,TOKEN,GW-NIMBUS,Success,0,16888.01,SAR,365.7,270.8,94.9,Success,DQ-T08
2026-01-12,EG989134753,TOKEN,GW-ATLAS,PENDING_REVIEW,7,50551.0,EGP,869.66,790.5,79.16,,DQ-T05
2026-01-18,XX413782089,LDEBIT,GW-NIMBUS,Failed,17,1019.49,SAR,0.0,0.96,-0.96,Failed,DQ-T04
,AE202986349,CARD,GW-ORION,Failed,1,135.78,AED,0.0,0.04,-0.04,Failed,DQ-T02
2025-01-30,EG785459891,CARD,GW-NILE,PENDING_REVIEW,7,180468.42,EGP,2907.9,2210.87,697.03,,DQ-T05
2026-03-05,EG823617801,LDEBIT,GW-NILE,Success,10,-3059.78,EGP,-62.41,-30.45,-31.96,Success,DQ-T07
,EG624580946,WALLET,GW-NILE,Success,139,30836.18,EGP,914.9,500.59,414.31,Success,DQ-T02
2024-12-24,XX921967798,TOKEN,GW-ATLAS,REFUNDED,3,4615.55,EGP,0.0,22.06,-22.06,Refunded,DQ-T04
2025-03-22,EG903275069,BNPL,GW-NILE,PENDING_REVIEW,17,8622.68,EGP,0.0,6.72,-6.72,,DQ-T05
,EG766165674,WALLET,GW-NILE,Success,2,10119.63,EGP,187.38,85.35,102.03,Success,DQ-T02
,SA914955375,CARD,GW-ORION,Success,2,389.75,SAR,9.28,5.44,3.84,Success,DQ-T02
2026-02-06,EG984686648,TOKEN,GW-NILE,Success,31,-15069.1,EGP,-500.82,-274.17,-226.65,Success,DQ-T07
,SA687319923,CARD,GW-ORION,REVERSED,2,1016.24,SAR,0.0,0.09,-0.09,Voided,DQ-T02
,EG750576392,LDEBIT,GW-NILE,Success,3,1699.07,EGP,28.29,12.11,16.18,Success,DQ-T02
,SA887395947,BANKTR,GW-NIMBUS,Failed,1,3271.73,SAR,0.0,0.06,-0.06,Failed,DQ-T02
,SA508515348,TOKEN,GW-ORION,Success,11,2192.68,SAR,55.08,31.62,23.46,Success,DQ-T02
2024-07-14,EG235283002,CARD,GW-NILE,CHARGEBACK?,8,20565.61,EGP,0.0,3.08,-3.08,,DQ-T05
2025-10-26,SA596495663,CARD,GW-ORION,Success,61,-3111.91,SAR,-95.29,-53.51,-41.78,Success,DQ-T07
,EG839904793,BNPL,GW-ATLAS,Failed,3,1094.63,EGP,0.0,3.1,-3.1,Failed,DQ-T02
2025-09-01,XX822803927,CARD,GW-NIMBUS,Failed,1,1186.33,AED,0.0,0.06,-0.06,Failed,DQ-T04
,EG373213017,WALLET,GW-NILE,Refunded,1,1044.61,EGP,0.0,7.58,-7.58,Refunded,DQ-T02
2025-10-16,SA233359257,BANKTR,GW-NIMBUS,CHARGEBACK?,4,22714.51,SAR,56.95,16.83,40.12,,DQ-T05
2024-10-24,SA462175242,TOKEN,GW-ATLAS,Success,0,596.06,SAR,16.35,10.4,5.95,Success,DQ-T08
2025-06-11,EG537339465,LDEBIT,GW-NILE,Success,496,-205282.76,EGP,-2528.75,-1697.25,-831.5,Success,DQ-T07
2025-03-27,EG872519745,LDEBIT,GW-NILE,Success,7,-1941.05,EGP,-40.49,-19.96,-20.53,Success,DQ-T07
2026-02-13,EG511884968,CARD,GW-ATLAS,Success,10,-25131.91,EGP,-581.39,-404.39,-177.0,Success,DQ-T07
,OM954248664,LDEBIT,GW-NIMBUS,Success,7,51.01,OMR,0.69,0.35,0.34,Success,DQ-T02
2025-07-21,SA711632487,CARD,GW-ORION,Success,0,3019.26,SAR,103.85,57.23,46.62,Success,DQ-T08
2025-08-01,EG465172400,WALLET,GW-NILE,CAPTURED,1,1159.91,EGP,1623.87,11.13,1612.74,Success,DQ-T09
,EG373213017,WALLET,GW-NILE,Failed,4,5197.08,EGP,0.0,1.62,-1.62,Failed,DQ-T02
,OM543606528,CARD,GW-NIMBUS,Failed,5,52.47,OMR,0.0,0.03,-0.03,Failed,DQ-T02
2025-01-22,AE172157388,BANKTR,GW-NIMBUS,Captured,0,93199.13,AED,217.35,61.34,156.01,Success,DQ-T08
2025-03-21,EG167120747,LDEBIT,GW-NILE,Success,0,3999.07,EGP,51.45,17.93,33.52,Success,DQ-T08
2024-10-16,AE282120405,LDEBIT,GW-NIMBUS,Success,0,645.79,AED,10.4,5.38,5.02,Success,DQ-T08
2025-05-11,XX706260859,TOKEN,GW-ORION,Success,9,-371.06,AED,-12.78,-6.9,-5.88,Success,DQ-T04;DQ-T07
,OM817062602,TOKEN,GW-NIMBUS,Success,54,766.41,OMR,11.59,12.08,-0.49,Success,DQ-T02
2025-07-01,AE853501645,CARD,GW-ORION,PENDING_REVIEW,9,353.8,AED,0.0,4.96,-4.96,,DQ-T05
,AE642488904,CARD,GW-ATLAS,Success,59,80699.2,AED,1172.02,1192.63,-20.61,Success,DQ-T02
2025-07-16,EG707591429,WALLET,GW-NILE,PENDING_REVIEW,1,713.44,EGP,0.0,0.4,-0.4,,DQ-T05
2025-03-21,AE932795909,CARD,GW-NIMBUS,Success,0,275767.12,AED,5835.48,3949.63,1885.85,Success,DQ-T08
2025-04-09,XX667318070,TOKEN,GW-ORION,Success,2,667.43,SAR,17.06,9.32,7.74,Success,DQ-T04
,EG167120747,CARD,GW-ATLAS,Success,6,17097.77,EGP,459.34,272.12,187.22,Success,DQ-T02
2024-10-30,AE468236624,CARD,GW-ORION,Success,0,3114.54,AED,73.36,40.58,32.78,Success,DQ-T08
,OM236113503,CARD,GW-NIMBUS,Success,33,997.38,OMR,15.09,14.29,0.8,Success,DQ-T02
,SA112481566,LDEBIT,GW-NIMBUS,Success,20,2300.56,SAR,32.48,13.73,18.75,Success,DQ-T02
2025-11-18,EG266138287,TOKEN,GW-NILE,CHARGEBACK?,1,290.48,EGP,0.0,0.41,-0.41,,DQ-T05
,OM978131111,LDEBIT,GW-NIMBUS,Success,7,69.34,OMR,0.97,0.43,0.54,Success,DQ-T02
,SA211354199,TOKEN,GW-ATLAS,Refunded,1,127.92,SAR,0.0,0.56,-0.56,Refunded,DQ-T02
2025-12-24,SA122822556,CARD,GW-NIMBUS,UNKNOWN,34,1825.67,SAR,54.96,32.93,22.03,,DQ-T05
,EG877654092,TOKEN,GW-NILE,Voided,2,1828.98,EGP,0.0,0.8,-0.8,Voided,DQ-T02
2025-09-15,AE861319254,BNPL,GW-ATLAS,CHARGEBACK?,1,207.73,AED,0.0,0.07,-0.07,,DQ-T05
2025-11-04,XX437237753,TOKEN,GW-ATLAS,Success,2,2981.66,EGP,76.33,52.63,23.7,Success,DQ-T04
2025-01-01,SA815162718,LDEBIT,GW-NIMBUS,Success,5,-531.85,SAR,-7.37,-3.24,-4.13,Success,DQ-T07
2024-09-17,EG911025364,CARD,GW-NILE,Success,55,-10825.93,EGP,-543.06,-272.15,-270.91,Success,DQ-T07
,SA860742247,LDEBIT,GW-NIMBUS,REVERSED,11,2148.89,SAR,0.0,0.62,-0.62,Voided,DQ-T02
,EG867607945,WALLET,GW-NILE,Refunded,1,1746.29,EGP,0.0,7.64,-7.64,Refunded,DQ-T02
,SA763491142,TOKEN,GW-ORION,Success,4,1354.37,SAR,34.59,18.91,15.68,Success,DQ-T02
2026-04-16,SA848487072,LDEBIT,GW-NIMBUS,Success,11,-10291.2,SAR,-103.37,-48.17,-55.2,Success,DQ-T07
2025-03-08,EG680139391,WALLET,GW-NILE,Success,0,27991.48,EGP,695.26,346.02,349.24,Success,DQ-T08
,SA502327003,LDEBIT,GW-NIMBUS,Success,3,650.57,SAR,8.31,3.43,4.88,Success,DQ-T02
2025-10-04,AE551105480,CARD,GW-NIMBUS,Success,0,604.2,AED,14.74,8.63,6.11,Success,DQ-T08
2025-08-21,XX420548645,TOKEN,GW-ATLAS,Success,17,719.81,AED,23.86,15.5,8.36,Success,DQ-T04
2025-10-27,EG453339370,CARD,GW-NILE,PENDING_REVIEW,2,5280.68,EGP,130.29,69.5,60.79,,DQ-T05
,AE779021046,CARD,GW-ORION,Failed,3,5684.19,AED,0.0,0.13,-0.13,Failed,DQ-T02
2025-01-17,EG276584921,CARD,GW-ATLAS,Success,0,10963.55,EGP,277.96,192.49,85.47,Success,DQ-T08
2024-12-27,SA508515348,CARD,GW-ORION,Success,66,11750.95,SAR,16451.33,165.37,16285.96,Success,DQ-T09
2024-09-11,AE744794983,CARD,GW-ORION,UNKNOWN,7,1069.23,AED,0.0,0.31,-0.31,,DQ-T05
,EG623813968,WALLET,GW-NILE,Success,3,6270.89,EGP,122.87,55.95,66.92,Success,DQ-T02
2025-06-30,XX214208757,CARD,GW-NILE,Success,4,1540.71,EGP,58.22,29.29,28.93,Success,DQ-T04
2025-12-28,EG140153041,LDEBIT,GW-NILE,Success,3,-1630.3,EGP,-27.04,-11.95,-15.09,Success,DQ-T07
,EG166655022,LDEBIT,GW-NILE,REFUND,1,2027.81,EGP,0.0,7.72,-7.72,Refunded,DQ-T02
2026-06-03,XX924328746,LDEBIT,GW-NILE,Failed,16,14995.88,EGP,0.0,6.58,-6.58,Failed,DQ-T04
2025-08-05,EG920470377,BNPL,GW-NILE,PENDING_REVIEW,2,2336.77,EGP,103.24,68.09,35.15,,DQ-T05
2025-07-09,XX842966978,TOKEN,GW-ORION,Failed,7,1498.45,SAR,0.0,0.32,-0.32,Failed,DQ-T04
2025-07-06,EG403388419,CARD,GW-NILE,PENDING_REVIEW,4,6415.35,EGP,0.0,1.61,-1.61,,DQ-T05
2025-10-16,EG275445878,LDEBIT,GW-NILE,Success,1,-879.9,EGP,-13.22,-5.33,-7.89,Success,DQ-T07
2025-09-27,XX111586425,CARD,GW-ORION,Voided,8,757.6,AED,0.0,0.35,-0.35,Voided,DQ-T04
,AE719619202,CARD,GW-NIMBUS,Refunded,1,419.1,AED,0.0,0.55,-0.55,Refunded,DQ-T02
2026-05-02,SA420885285,CARD,GW-NIMBUS,Success,12,-1667.45,SAR,-44.76,-25.44,-19.32,Success,DQ-T07
2026-03-08,EG631107574,WALLET,GW-NILE,Success,24,-6701.68,EGP,-181.5,-97.62,-83.88,Success,DQ-T07
,SA362023155,BNPL,GW-ATLAS,DECLINED,8,528.39,SAR,0.0,0.6,-0.6,Failed,DQ-T02
,SA638552986,TOKEN,GW-ATLAS,Success,1,254.14,SAR,6.64,4.12,2.52,Success,DQ-T02
2026-05-14,EG248756723,CARD,GW-ATLAS,PENDING_REVIEW,4,947.68,EGP,43.21,29.08,14.13,,DQ-T05
,EG624580946,LDEBIT,GW-NILE,REVERSED,2,438.86,EGP,0.0,0.82,-0.82,Voided,DQ-T02
,EG139657763,CARD,GW-ATLAS,SETTLED,381,360832.34,EGP,7097.66,6644.32,453.34,Success,DQ-T02
2025-08-31,SA158425015,TOKEN,GW-NIMBUS,UNKNOWN,1,39.99,SAR,0.0,0.06,-0.06,,DQ-T05
2025-07-18,EG624580946,TOKEN,GW-ATLAS,PENDING_REVIEW,2,388.36,EGP,0.0,15.06,-15.06,,DQ-T05
2024-09-15,EG775891339,TOKEN,GW-ATLAS,Success,0,2940.96,EGP,78.6,51.61,26.99,Success,DQ-T08
2024-07-23,XX576239093,CARD,GW-ATLAS,Failed,4,1054.87,EGP,0.0,3.85,-3.85,Failed,DQ-T04
,EG877654092,TOKEN,GW-NILE,Failed,8,7152.39,EGP,0.0,3.14,-3.14,Failed,DQ-T02
2025-11-23,AE545364971,TOKEN,GW-ORION,Success,2,-195.41,AED,-5.38,-3.04,-2.34,Success,DQ-T07
2024-07-31,SA652255380,CARD,GW-NIMBUS,Success,5,-2379.96,SAR,-53.09,-33.35,-19.74,Success,DQ-T07
2025-01-09,AE554805022,TOKEN,GW-ORION,PENDING_REVIEW,7,7318.56,AED,171.56,98.87,72.69,,DQ-T05
,EG542845011,LDEBIT,GW-NILE,Success,1,448.19,EGP,8.1,3.6,4.5,Success,DQ-T02
2024-12-01,EG758836714,CARD,GW-NILE,Success,0,18187.93,EGP,557.83,272.95,284.88,Success,DQ-T08
2026-06-08,SA466668047,TOKEN,GW-ORION,APPROVED,48,-2063.04,SAR,-66.67,-38.15,-28.52,Success,DQ-T07
2025-08-04,AE732739303,CARD,GW-ATLAS,Success,6,-1361.23,AED,-31.95,-21.48,-10.47,Success,DQ-T07
,EG304469248,CARD,GW-NILE,Success,18,86470.9,EGP,2041.79,1096.99,944.8,Success,DQ-T02
2025-05-06,XX455201007,BNPL,GW-ATLAS,Success,1,1592.49,EGP,67.94,56.03,11.91,Success,DQ-T04
2025-12-30,EG537339465,CARD,GW-ATLAS,Success,0,332716.39,EGP,8303.32,7804.21,499.11,Success,DQ-T08
,EG474829702,CARD,GW-ATLAS,Failed,1,4413.74,EGP,0.0,0.99,-0.99,Failed,DQ-T02
,EG150005962,LDEBIT,GW-NILE,Success,4,1493.44,EGP,25.66,13.1,12.56,Success,DQ-T02
,EG403388419,CARD,GW-NILE,Voided,1,1567.99,EGP,0.0,0.39,-0.39,Voided,DQ-T02
2026-05-18,XX968714166,LDEBIT,GW-NIMBUS,Failed,2,92.16,SAR,0.0,0.11,-0.11,Failed,DQ-T04
,AE389283318,CARD,GW-ORION,Voided,10,947.0,AED,0.0,0.44,-0.44,Voided,DQ-T02
2026-03-22,SA700672253,CARD,GW-ORION,Success,672,-28939.32,SAR,-897.06,-520.94,-376.12,Success,DQ-T07
,EG820064163,CARD,GW-NILE,Success,2,1991.71,EGP,59.14,29.52,29.62,Success,DQ-T02
,AE671906697,TOKEN,GW-ORION,Failed,2,126.94,AED,0.0,0.09,-0.09,Failed,DQ-T02
2025-03-15,EG373280861,TOKEN,GW-NILE,UNKNOWN,2,1518.11,EGP,44.92,24.36,20.56,,DQ-T05
2026-04-21,XX636825901,CARD,GW-ORION,Declined,3,166.66,SAR,0.0,0.14,-0.14,Failed,DQ-T04
2026-02-05,SA382289892,TOKEN,GW-NIMBUS,CHARGEBACK?,11,2034.56,SAR,32.69,31.17,1.52,,DQ-T05
,SA847687864,CARD,GW-NIMBUS,Success,45,5390.26,SAR,148.43,83.74,64.69,Success,DQ-T02
,SA307616362,CARD,GW-ORION,Failed,37,1893.77,SAR,0.0,1.66,-1.66,Failed,DQ-T02
,SA158425015,TOKEN,GW-NIMBUS,Failed,1,39.99,SAR,0.0,0.06,-0.06,Failed,DQ-T02
2026-06-17,SA865281392,LDEBIT,GW-NIMBUS,Success,20,7335.13,SAR,10269.18,36.38,10232.8,Success,DQ-T09
2025-03-27,EG237932689,CARD,GW-NILE,Success,11,-4614.49,EGP,-162.4,-84.86,-77.54,Success,DQ-T07
2025-06-13,XX697034956,LDEBIT,GW-NILE,Voided,2,1636.16,EGP,0.0,0.8,-0.8,Voided,DQ-T04
2024-12-08,XX419465698,LDEBIT,GW-NIMBUS,Voided,4,1147.01,SAR,0.0,0.22,-0.22,Voided,DQ-T04
2026-02-12,SA433295013,CARD,GW-NIMBUS,UNKNOWN,9,1251.41,SAR,0.0,0.51,-0.51,,DQ-T05
2025-08-13,OM939316312,LDEBIT,GW-NIMBUS,PENDING_REVIEW,10,72.9,OMR,1.06,0.5,0.56,,DQ-T05
,EG883484273,CARD,GW-NILE,Success,2,169998.34,EGP,2732.1,2070.8,661.3,Success,DQ-T02
,EG327394766,CARD,GW-ATLAS,Refunded,1,2041.34,EGP,0.0,7.47,-7.47,Refunded,DQ-T02
2024-09-23,AE934539772,LDEBIT,GW-NIMBUS,UNKNOWN,1,386.11,AED,4.8,1.9,2.9,,DQ-T05
,EG943656964,LDEBIT,GW-NILE,Success,1,494.96,EGP,8.14,3.77,4.37,Success,DQ-T02
,AE410140017,CARD,GW-NIMBUS,Failed,161,26232.65,AED,0.0,8.87,-8.87,Failed,DQ-T02
2024-08-07,OM667112904,TOKEN,GW-ATLAS,Success,11,-35.21,OMR,-1.31,-0.85,-0.46,Success,DQ-T07
2024-08-26,SA479684490,LDEBIT,GW-NIMBUS,Success,8,443.51,SAR,620.91,3.35,617.56,Success,DQ-T09
2026-06-18,AE558189150,CARD,GW-NIMBUS,Success,21,4563.46,AED,6388.84,66.62,6322.22,Success,DQ-T09
2025-08-22,EG215045135,TOKEN,GW-ATLAS,Success,0,37679.49,EGP,604.31,584.35,19.96,Success,DQ-T08
,AE987618927,TOKEN,GW-NIMBUS,Failed,4,165.83,AED,0.0,0.22,-0.22,Failed,DQ-T02
2026-01-10,SA819868069,LDEBIT,GW-NIMBUS,Success,164,22134.44,SAR,30988.22,127.28,30860.94,Success,DQ-T09
2025-06-08,EG763647415,CARD,GW-NILE,Success,1,-8934.49,EGP,-201.1,-111.2,-89.9,Success,DQ-T07
,AE333371080,CARD,GW-ORION,Success,9,2567.7,AED,63.73,34.88,28.85,Success,DQ-T02
,OM543606528,LDEBIT,GW-NIMBUS,Voided,2,20.99,OMR,0.0,0.01,-0.01,Voided,DQ-T02
2025-07-14,EG361515615,LDEBIT,GW-NILE,PENDING_REVIEW,8,9524.12,EGP,122.84,52.63,70.21,,DQ-T05
2024-10-15,SA705652485,CARD,GW-ORION,PENDING_REVIEW,5,614.73,SAR,0.0,0.22,-0.22,,DQ-T05
2025-07-21,XX469288818,LDEBIT,GW-NILE,Voided,1,270.15,EGP,0.0,0.4,-0.4,Voided,DQ-T04
,AE273918504,BNPL,GW-ATLAS,Failed,2,104.96,AED,0.0,0.15,-0.15,Failed,DQ-T02
2025-11-24,XX501466469,WALLET,GW-NILE,Success,2,2750.08,EGP,59.06,25.84,33.22,Success,DQ-T04
,EG696983188,CARD,GW-ATLAS,Voided,2,665.73,EGP,0.0,1.99,-1.99,Voided,DQ-T02
,AE609791679,CARD,GW-NIMBUS,Success,3,315.96,AED,9.07,4.98,4.09,Success,DQ-T02
2024-07-15,SA860742247,CARD,GW-NIMBUS,Success,1848,-359703.1,SAR,-6236.22,-5306.44,-929.78,Success,DQ-T07
,EG474518016,WALLET,GW-NILE,Failed,4,5691.76,EGP,0.0,1.63,-1.63,Failed,DQ-T02
2024-08-02,EG231422873,TOKEN,GW-ATLAS,UNKNOWN,1,7277.55,EGP,167.64,113.62,54.02,,DQ-T05
2024-11-19,EG165126097,CARD,GW-ATLAS,CHARGEBACK?,3,4106.95,EGP,109.55,70.71,38.84,,DQ-T05
2026-02-25,XX253032442,LDEBIT,GW-NIMBUS,Failed,4,695.17,SAR,0.0,0.22,-0.22,Failed,DQ-T04
2024-11-06,XX973115154,CARD,GW-ATLAS,Success,1,1779.88,EGP,48.11,29.56,18.55,Success,DQ-T04
2025-10-09,EG979007692,LDEBIT,GW-NILE,Success,0,1806.85,EGP,26.28,10.84,15.44,Success,DQ-T08
2025-03-13,AE526176909,TOKEN,GW-ORION,UNKNOWN,2,581.39,AED,14.79,8.17,6.62,,DQ-T05
2026-03-19,SA466668047,TOKEN,GW-ORION,UNKNOWN,1,73.5,SAR,0.0,0.56,-0.56,,DQ-T05
,SA466668047,CARD,GW-ORION,Failed,37,1626.27,SAR,0.0,1.66,-1.66,Failed,DQ-T02
2026-06-03,SA333336650,CARD,GW-ORION,Success,15,3125.45,SAR,4375.63,43.42,4332.21,Success,DQ-T09
2024-12-02,XX236227093,LDEBIT,GW-NILE,Refunded,11,17538.33,EGP,0.0,80.89,-80.89,Refunded,DQ-T04
2025-08-18,EG215045135,WALLET,GW-NILE,Success,3,-33426.45,EGP,-414.82,-275.95,-138.87,Success,DQ-T07
,EG655465870,CARD,GW-ATLAS,Failed,15,4845.1,EGP,0.0,14.94,-14.94,Failed,DQ-T02
2025-07-29,EG792191738,CARD,GW-ATLAS,UNKNOWN,65,50595.85,EGP,1543.17,979.09,564.08,,DQ-T05
,EG191889591,CARD,GW-ATLAS,Refunded,1,1710.63,EGP,0.0,7.47,-7.47,Refunded,DQ-T02
2025-01-11,EG537272220,WALLET,GW-NILE,Success,2,-3500.91,EGP,-65.47,-31.79,-33.68,Success,DQ-T07
,EG719592790,TOKEN,GW-ATLAS,Success,4,18848.17,EGP,456.0,300.17,155.83,Success,DQ-T02
2025-05-22,AE410140017,LDEBIT,GW-NIMBUS,UNKNOWN,19,3095.78,AED,0.0,1.05,-1.05,,DQ-T05
2024-11-01,EG998632198,TOKEN,GW-NILE,Success,18,-30008.47,EGP,-745.02,-424.66,-320.36,Success,DQ-T07
2025-10-12,EG680228975,CARD,GW-NILE,Success,10,99035.37,EGP,138649.52,1229.96,137419.56,Success,DQ-T09
2025-07-30,OM978131111,CARD,GW-ATLAS,CHARGEBACK?,15,133.78,OMR,3.86,2.38,1.48,,DQ-T05
2025-02-11,SA502327003,TOKEN,GW-NIMBUS,Success,4,595.85,SAR,834.19,9.32,824.87,Success,DQ-T09
2025-07-21,XX987399275,CARD,GW-ORION,Failed,13,2865.31,AED,0.0,0.57,-0.57,Failed,DQ-T04
2026-04-03,SA331993666,LDEBIT,GW-NIMBUS,CHARGEBACK?,14,2422.88,SAR,0.0,0.79,-0.79,,DQ-T05
2025-10-01,XX152969754,WALLET,GW-NILE,Failed,1,326.5,EGP,0.0,0.4,-0.4,Failed,DQ-T04
2025-06-24,OM936304206,TOKEN,GW-NIMBUS,Success,4,91.78,OMR,128.49,1.38,127.11,Success,DQ-T09
2025-09-24,EG544696241,WALLET,GW-NILE,Success,1,-5451.1,EGP,-99.58,-45.94,-53.64,Success,DQ-T07
2025-09-10,SA426436949,CARD,GW-NIMBUS,CHARGEBACK?,3,231.87,SAR,0.0,1.69,-1.69,,DQ-T05
,EG686030808,CARD,GW-NILE,Voided,19,15873.06,EGP,0.0,7.74,-7.74,Voided,DQ-T02
2024-08-14,EG474829702,BNPL,GW-ATLAS,Success,0,6743.22,EGP,332.31,234.98,97.33,Success,DQ-T08
,EG761087060,CARD,GW-NILE,Success,87,129196.11,EGP,3387.35,1799.71,1587.64,Success,DQ-T02
2026-05-13,SA710370541,TOKEN,GW-ORION,Captured,35,-20323.34,SAR,-311.05,-278.11,-32.94,Success,DQ-T07
,EG279421850,CARD,GW-NILE,Voided,1,3363.41,EGP,0.0,0.41,-0.41,Voided,DQ-T02
2024-11-26,SA426436949,TOKEN,GW-ORION,PENDING_REVIEW,4,273.58,SAR,0.0,0.18,-0.18,,DQ-T05
2025-10-11,EG903275069,BNPL,GW-NILE,CHARGEBACK?,12,6203.46,EGP,0.0,4.83,-4.83,,DQ-T05
2025-03-29,EG552283131,CARD,GW-NILE,Success,1,-2830.54,EGP,-73.09,-37.01,-36.08,Success,DQ-T07
,SA320986752,TOKEN,GW-ORION,Refunded,2,1454.33,SAR,0.0,1.12,-1.12,Refunded,DQ-T02
2025-07-28,EG123423908,WALLET,GW-NILE,PENDING_REVIEW,5,11607.46,EGP,230.71,102.8,127.91,,DQ-T05
2025-04-14,EG952454778,TOKEN,GW-NILE,Success,10,-2881.0,EGP,-119.84,-62.65,-57.19,Success,DQ-T07
2026-03-29,XX350559655,BNPL,GW-ATLAS,Success,1,13975.89,EGP,627.8,484.04,143.76,Success,DQ-T04
2025-05-25,XX472763101,LDEBIT,GW-NILE,Captured,3,855.71,EGP,17.39,8.7,8.69,Success,DQ-T04
2025-03-28,EG361515615,WALLET,GW-NILE,Success,0,15609.32,EGP,307.61,148.91,158.7,Success,DQ-T08
2026-02-07,OM861947173,CARD,GW-NIMBUS,APPROVED,6,107.13,OMR,149.98,1.6,148.38,Success,DQ-T09
,EG926950694,CARD,GW-ATLAS,Refunded,13,17210.12,EGP,0.0,100.05,-100.05,Refunded,DQ-T02
2026-03-15,EG697551722,WALLET,GW-NILE,PENDING_REVIEW,5,5945.53,EGP,0.0,2.06,-2.06,,DQ-T05
,SA705652485,CARD,GW-ORION,Voided,5,614.73,SAR,0.0,0.22,-0.22,Voided,DQ-T02
,AE744794983,CARD,GW-ORION,Success,51,7403.38,AED,183.83,106.06,77.77,Success,DQ-T02
,EG624580946,LDEBIT,GW-NILE,Success,61,12744.29,EGP,291.42,157.21,134.21,Success,DQ-T02
2025-10-05,XX647708254,CARD,GW-ORION,Voided,10,1229.46,SAR,0.0,0.45,-0.45,Voided,DQ-T04
2026-03-26,SA716580826,CARD,GW-ATLAS,Success,0,2339.3,SAR,78.72,48.54,30.18,Success,DQ-T08
2026-06-20,SA474123129,BNPL,GW-ATLAS,PENDING_REVIEW,8,482.54,SAR,0.0,0.6,-0.6,,DQ-T05
,AE551105480,LDEBIT,GW-NIMBUS,Success,1,231.79,AED,2.81,1.21,1.6,Success,DQ-T02
2025-04-16,EG897740135,TOKEN,GW-NILE,Success,8,-2685.59,EGP,-100.06,-54.92,-45.14,Success,DQ-T07
2025-03-25,EG686030808,LDEBIT,GW-NILE,PENDING_REVIEW,4,2598.47,EGP,0.0,29.64,-29.64,,DQ-T05
2025-11-21,SA887092113,TOKEN,GW-ATLAS,Success,1,-184.26,SAR,-4.81,-3.06,-1.75,Success,DQ-T07
2025-08-14,AE520556972,CARD,GW-ATLAS,PENDING_REVIEW,6,830.37,AED,0.0,0.44,-0.44,,DQ-T05
2025-06-11,XX512465358,TOKEN,GW-ORION,Success,5,771.32,SAR,20.06,11.37,8.69,Success,DQ-T04
,EG861848123,WALLET,GW-NILE,Success,8,6258.43,EGP,142.23,65.06,77.17,Success,DQ-T02
,AE226845726,TOKEN,GW-ORION,Success,9,1171.04,AED,29.07,17.54,11.53,Success,DQ-T02
2024-09-30,AE987618927,TOKEN,GW-NIMBUS,CHARGEBACK?,1,30.45,AED,0.0,0.55,-0.55,,DQ-T05
,EG806758000,TOKEN,GW-NILE,Success,1,1075.68,EGP,32.17,16.25,15.92,Success,DQ-T02
2026-02-17,EG544029480,WALLET,GW-NILE,UNKNOWN,16,19548.89,EGP,395.47,187.08,208.39,,DQ-T05
,SA362023155,CARD,GW-ORION,Failed,24,1585.16,SAR,0.0,1.08,-1.08,Failed,DQ-T02
2025-03-10,XX681354093,CARD,GW-NIMBUS,Voided,1,251.59,SAR,0.0,0.06,-0.06,Voided,DQ-T04
2025-12-24,AE608679106,LDEBIT,GW-NIMBUS,Success,71,3589.13,AED,5024.78,27.88,4996.9,Success,DQ-T09
,SA332563719,TOKEN,GW-ORION,Approved,1,22.72,SAR,0.89,0.53,0.36,Success,DQ-T02
2025-03-31,SA705652485,CARD,GW-ORION,SUCCESS,549,67963.19,SAR,95148.47,993.78,94154.69,Success,DQ-T09
2026-05-12,AE364520535,CARD,GW-ORION,Success,3,-473.26,AED,-12.34,-6.72,-5.62,Success,DQ-T07
,SA813150489,CARD,GW-ATLAS,Failed,27,4189.8,SAR,0.0,2.03,-2.03,Failed,DQ-T02
2025-10-15,SA605999505,LDEBIT,GW-NIMBUS,UNKNOWN,256,55115.61,SAR,516.27,291.22,225.05,,DQ-T05
,OM936304206,CARD,GW-ATLAS,Voided,2,39.56,OMR,0.0,0.02,-0.02,Voided,DQ-T02
,EG760725891,BNPL,GW-ATLAS,Success,10,10374.49,EGP,451.5,368.8,82.7,Success,DQ-T02
,EG916667859,CARD,GW-ATLAS,Refunded,1,1025.69,EGP,0.0,7.74,-7.74,Refunded,DQ-T02
2024-11-17,SA416884588,BNPL,GW-ATLAS,PENDING_REVIEW,5,1034.26,SAR,0.0,0.38,-0.38,,DQ-T05
,SA763491142,TOKEN,GW-ORION,Success,3,991.65,SAR,25.36,13.86,11.5,Success,DQ-T02
2025-12-20,AE282120405,TOKEN,GW-NIMBUS,Success,18,677.53,AED,948.54,13.78,934.76,Success,DQ-T09
2025-11-26,EG750576392,TOKEN,GW-NILE,Success,2,1188.89,EGP,1664.45,20.38,1644.07,Success,DQ-T09
2026-03-17,EG911025364,TOKEN,GW-ATLAS,Success,19,-4081.31,EGP,-204.84,-134.25,-70.59,Success,DQ-T07
,SA517497912,LDEBIT,GW-NIMBUS,Success,13,598.49,SAR,9.33,4.89,4.44,Success,DQ-T02
,EG389371308,WALLET,GW-NILE,Failed,1,1502.89,EGP,0.0,0.41,-0.41,Failed,DQ-T02
2024-12-17,EG449636175,TOKEN,GW-NILE,Success,0,343951.97,EGP,7999.54,6492.91,1506.63,Success,DQ-T08
,EG449636175,CARD,GW-ATLAS,Success,2265,926275.68,EGP,21413.67,21795.19,-381.52,Success,DQ-T02
,SA726680999,CARD,GW-ORION,Success,6,334.02,SAR,10.28,5.62,4.66,Success,DQ-T02
2026-02-27,XX212197015,TOKEN,GW-NIMBUS,Success,2,129.52,SAR,3.92,2.3,1.62,Success,DQ-T04
,SA813150489,CARD,GW-ATLAS,Refunded,2,412.28,SAR,0.0,1.12,-1.12,Refunded,DQ-T02
2025-09-19,OM434589390,CARD,GW-NIMBUS,UNKNOWN,1,14.75,OMR,0.0,0.01,-0.01,,DQ-T05
,EG724883181,WALLET,GW-NILE,Success,17,6111.67,EGP,151.16,79.08,72.08,Success,DQ-T02
2026-04-01,SA473783633,CARD,GW-ORION,Approved,2,-1797.15,SAR,-40.66,-23.49,-17.17,Success,DQ-T07
2026-01-28,SA652586164,LDEBIT,GW-NIMBUS,Success,0,27264.43,SAR,261.48,156.1,105.38,Success,DQ-T08
,SA426436949,LDEBIT,GW-NIMBUS,Refunded,1,94.37,SAR,0.0,0.56,-0.56,Refunded,DQ-T02
2026-05-19,SA623621170,CARD,GW-ORION,Success,13,-724.25,SAR,-21.54,-12.19,-9.35,Success,DQ-T07
,SA416884588,TOKEN,GW-NIMBUS,Failed,1,206.85,SAR,0.0,0.06,-0.06,Failed,DQ-T02
2024-12-24,EG873952802,TOKEN,GW-NILE,Success,69,-91293.18,EGP,-1662.24,-1329.57,-332.67,Success,DQ-T07
,EG145730757,BNPL,GW-NILE,Success,1,6167.24,EGP,297.08,178.0,119.08,Success,DQ-T02
,AE870997409,CARD,GW-NIMBUS,Success,15,2471.95,AED,59.79,36.95,22.84,Success,DQ-T02
,AE346681166,CARD,GW-NIMBUS,SETTLED,257,36856.54,AED,909.28,558.91,350.37,Success,DQ-T02
,EG680139391,TOKEN,GW-ATLAS,Failed,2,841.7,EGP,0.0,2.06,-2.06,Failed,DQ-T02
2024-08-22,XX873842668,TOKEN,GW-NILE,Voided,3,3795.02,EGP,0.0,1.16,-1.16,Voided,DQ-T04
,AE608679106,LDEBIT,GW-NIMBUS,Failed,8,395.98,AED,0.0,0.44,-0.44,Failed,DQ-T02
2026-03-24,XX270678618,TOKEN,GW-ORION,Voided,1,184.69,SAR,0.0,0.04,-0.04,Voided,DQ-T04
,EG998632198,LDEBIT,GW-NILE,Success,9,12941.1,EGP,157.37,67.72,89.65,Success,DQ-T02
2025-05-09,OM781490538,TOKEN,GW-ATLAS,CHARGEBACK?,1,73.3,OMR,1.7,1.14,0.56,,DQ-T05
2025-05-21,XX773847349,CARD,GW-NIMBUS,Failed,9,543.45,SAR,0.0,0.51,-0.51,Failed,DQ-T04
2025-05-16,SA556781756,TOKEN,GW-ATLAS,CHARGEBACK?,10,476.35,SAR,15.16,9.98,5.18,,DQ-T05
,SA211354199,CARD,GW-ORION,Success,7,1413.36,SAR,29.51,19.68,9.83,Success,DQ-T02
,SA333336650,TOKEN,GW-ORION,APPROVED,5,831.12,SAR,20.37,12.17,8.2,Success,DQ-T02
,SA779341840,CARD,GW-ATLAS,Success,83,14346.59,SAR,363.25,232.21,131.04,Success,DQ-T02
2024-12-16,OM173271126,LDEBIT,GW-NIMBUS,Success,3,-35.06,OMR,-0.46,-0.21,-0.25,Success,DQ-T07
2026-01-04,SA771478693,CARD,GW-ORION,PENDING_REVIEW,1,133.45,SAR,0.0,0.04,-0.04,,DQ-T05
2024-11-26,XX234266302,CARD,GW-NIMBUS,Refunded,1,172.33,SAR,0.0,0.56,-0.56,Refunded,DQ-T04
2026-05-10,SA366690460,LDEBIT,GW-NIMBUS,Success,0,340.78,SAR,5.13,2.55,2.58,Success,DQ-T08
2024-09-18,EG431057266,CARD,GW-NILE,CHARGEBACK?,5,45761.28,EGP,1032.7,568.78,463.92,,DQ-T05
2026-05-05,EG861848123,CARD,GW-NILE,Success,10,10664.27,EGP,14929.98,156.9,14773.08,Success,DQ-T09
2024-12-10,OM667112904,TOKEN,GW-ATLAS,Success,0,35.87,OMR,1.41,0.91,0.5,Success,DQ-T08
2026-06-22,AE301462734,CARD,GW-ORION,Success,0,1352.63,AED,45.13,23.9,21.23,Success,DQ-T08
2025-11-22,EG838350410,CARD,GW-NILE,CHARGEBACK?,3,7614.42,EGP,0.0,1.22,-1.22,,DQ-T05
2025-04-06,EG554455116,LDEBIT,GW-NILE,Success,0,25960.41,EGP,297.69,110.36,187.33,Success,DQ-T08
2024-10-02,XX590732367,CARD,GW-NIMBUS,Success,8,975.69,SAR,27.42,15.12,12.3,Success,DQ-T04
2024-12-09,XX220111077,WALLET,GW-NILE,Success,1874,635521.42,EGP,9166.78,8363.13,803.65,Success,DQ-T04
2025-08-08,EG215045135,LDEBIT,GW-NILE,CHARGEBACK?,1,13196.83,EGP,100.62,55.18,45.44,,DQ-T05
2026-05-14,EG275709942,TOKEN,GW-ATLAS,Success,0,62010.48,EGP,984.41,1078.76,-94.35,Success,DQ-T08
,SA652255380,LDEBIT,GW-NIMBUS,Success,4,2247.76,SAR,24.4,10.79,13.61,Success,DQ-T02
2024-08-24,AE761816465,LDEBIT,GW-NIMBUS,UNKNOWN,2,197.48,AED,0.0,1.1,-1.1,,DQ-T05
,SA138780824,LDEBIT,GW-NIMBUS,Success,5,842.3,SAR,10.92,4.63,6.29,Success,DQ-T02
2025-02-06,XX168541714,TOKEN,GW-NIMBUS,Success,1,150.82,SAR,4.07,2.36,1.71,Success,DQ-T04
,AE208762198,BNPL,GW-ATLAS,Success,7,1729.39,AED,73.67,60.28,13.39,Success,DQ-T02
,SA711632487,TOKEN,GW-ORION,Refunded,1,38.02,SAR,0.0,0.56,-0.56,Refunded,DQ-T02
2025-03-30,EG704053078,CARD,GW-ATLAS,CHARGEBACK?,1,4065.38,EGP,0.0,0.99,-0.99,,DQ-T05
2025-03-30,SA623969133,TOKEN,GW-NIMBUS,CHARGEBACK?,2,626.17,SAR,15.74,9.25,6.49,,DQ-T05
2026-06-06,EG623813968,CARD,GW-NILE,CHARGEBACK?,13,28628.56,EGP,726.66,383.28,343.38,,DQ-T05
,EG763647415,TOKEN,GW-ATLAS,Success,1,12201.97,EGP,278.59,188.12,90.47,Success,DQ-T02
2025-09-13,EG537339465,TOKEN,GW-ATLAS,PENDING_REVIEW,10,4308.0,EGP,0.0,10.19,-10.19,,DQ-T05
2025-08-15,SA777243922,CARD,GW-NIMBUS,Success,1,-57.08,SAR,-1.8,-1.01,-0.79,Success,DQ-T07
,AE852316595,CARD,GW-ORION,Refunded,1,99.0,AED,0.0,0.55,277.97,Refunded,DQ-T02
,SA623621170,CARD,GW-ORION,Failed,5,273.28,SAR,0.0,0.22,-0.22,Failed,DQ-T02
,OM526413827,TOKEN,GW-NIMBUS,Refunded,1,13.35,OMR,0.0,0.06,-0.06,Refunded,DQ-T02
,SA556781756,TOKEN,GW-ATLAS,Failed,1,51.75,SAR,0.0,0.08,-0.08,Failed,DQ-T02
,EG361515615,TOKEN,GW-NILE,Success,8,9623.68,EGP,256.68,142.23,114.45,Success,DQ-T02
2025-10-02,SA605999505,TOKEN,GW-ORION,UNKNOWN,1,214.06,SAR,0.0,0.04,-0.04,,DQ-T05
2025-02-27,SA828250977,CARD,GW-NIMBUS,Success,1,231.66,SAR,324.32,3.37,320.95,Success,DQ-T09
,SA988802623,CARD,GW-NIMBUS,Refunded,2,479.9,SAR,0.0,1.12,-1.12,Refunded,DQ-T02
,SA732374987,CARD,GW-ORION,Success,83,4241.14,SAR,123.07,72.89,50.18,Success,DQ-T02
,EG981274071,WALLET,GW-NILE,Success,104,42724.47,EGP,1056.2,521.66,534.54,Success,DQ-T02
,OM817062602,CARD,GW-NIMBUS,Success,81,1084.37,OMR,26.97,16.66,10.31,Success,DQ-T02
,OM141192539,CARD,GW-ATLAS,Failed,19,292.46,OMR,0.0,0.15,-0.15,Failed,DQ-T02
2025-09-10,EG624580946,WALLET,GW-NILE,UNKNOWN,32,6953.03,EGP,0.0,13.04,-13.04,,DQ-T05
2025-10-26,XX495377942,LDEBIT,GW-NILE,Refunded,1,496.12,EGP,0.0,7.55,-7.55,Refunded,DQ-T04
,EG696983188,LDEBIT,GW-NILE,Voided,1,343.71,EGP,0.0,0.41,-0.41,Voided,DQ-T02
,EG229215706,WALLET,GW-NILE,Success,3,1283.93,EGP,33.36,15.55,17.81,Success,DQ-T02
2025-12-06,XX359266680,TOKEN,GW-NILE,Success,1,830.37,EGP,24.01,13.16,10.85,Success,DQ-T04
,EG331354329,TOKEN,GW-NILE,Voided,1,375.5,EGP,0.0,0.41,-0.41,Voided,DQ-T02
,SA268987858,BNPL,GW-ATLAS,Failed,1,70.14,SAR,0.0,0.08,-0.08,Failed,DQ-T02
2025-03-11,SA267227056,CARD,GW-ORION,UNKNOWN,7,2007.27,SAR,0.0,0.32,-0.32,,DQ-T05
,OM817062602,LDEBIT,GW-NIMBUS,Failed,1,13.19,OMR,0.0,0.01,-0.01,Failed,DQ-T02
,SA753222305,TOKEN,GW-ATLAS,Success,3,635.04,SAR,16.11,10.43,5.68,Success,DQ-T02
2026-02-07,OM436896345,LDEBIT,GW-NIMBUS,CHARGEBACK?,1,3.28,OMR,0.0,0.01,-0.01,,DQ-T05
2026-06-04,XX167622532,WALLET,GW-NILE,SETTLED,11,2699.38,EGP,79.12,41.67,37.45,Success,DQ-T04
,OM450405182,LDEBIT,GW-NIMBUS,Success,1,4.49,OMR,0.07,0.04,0.03,Success,DQ-T02
2024-12-10,OM978131111,LDEBIT,GW-NIMBUS,UNKNOWN,9,105.29,OMR,1.43,0.63,0.8,,DQ-T05
2024-09-04,EG105351460,WALLET,GW-NILE,Success,0,7497.36,EGP,151.91,72.55,79.36,Success,DQ-T08
2026-02-03,EG429684322,WALLET,GW-NILE,Success,3,817.89,EGP,1145.05,12.01,1133.04,Success,DQ-T09
,EG916667859,CARD,GW-ATLAS,Success,3,3009.33,EGP,88.21,55.18,33.03,Success,DQ-T02
2025-11-07,XX976738431,LDEBIT,GW-NILE,Failed,2,580.39,EGP,0.0,0.82,-0.82,Failed,DQ-T04
2024-07-14,AE608679106,CARD,GW-ORION,Success,220,-10591.57,AED,-336.17,-183.86,-152.31,Success,DQ-T07
2025-11-06,AE617017126,TOKEN,GW-ORION,CHARGEBACK?,2,511.9,AED,13.02,7.25,5.77,,DQ-T05
2026-02-17,OM498407948,CARD,GW-ATLAS,CHARGEBACK?,20,551.24,OMR,13.51,8.61,4.9,,DQ-T05
2026-05-28,OM371938797,LDEBIT,GW-NIMBUS,Success,0,1206.19,OMR,10.64,8.11,2.53,Success,DQ-T08
2025-07-23,XX252170104,TOKEN,GW-ATLAS,Success,2,728.05,EGP,28.96,18.44,10.52,Success,DQ-T04
,EG389262771,WALLET,GW-NILE,Success,54,18875.34,EGP,455.52,244.76,210.76,Success,DQ-T02
2026-05-25,EG979007692,LDEBIT,GW-NILE,Success,0,1834.68,EGP,24.0,9.23,14.77,Success,DQ-T08
,AE588030458,LDEBIT,GW-NIMBUS,Success,3,209.38,AED,2.98,1.44,1.54,Success,DQ-T02
2025-07-17,XX605571204,LDEBIT,GW-NILE,SETTLED,14,5872.5,EGP,105.07,48.38,56.69,Success,DQ-T04
2026-01-29,SA362023155,BNPL,GW-ATLAS,Success,12,-745.07,SAR,-33.04,-26.65,-6.39,Success,DQ-T07
2024-12-16,SA473410995,CARD,GW-NIMBUS,Success,3,-647.72,SAR,-16.39,-9.48,-6.91,Success,DQ-T07
2024-07-15,EG998632198,CARD,GW-NILE,PENDING_REVIEW,3,4564.71,EGP,0.0,1.15,-1.15,,DQ-T05
2025-06-20,XX277491853,LDEBIT,GW-NIMBUS,Success,16,679.08,AED,10.96,5.7,5.26,Success,DQ-T04
2026-05-09,XX244930485,WALLET,GW-NILE,Refunded,12,5995.87,EGP,0.0,92.8,-92.8,Refunded,DQ-T04
,OM761036673,CARD,GW-NIMBUS,Failed,76,295.53,OMR,0.0,0.44,-0.44,Failed,DQ-T02
,SA912413819,CARD,GW-ORION,Success,496,16149.09,SAR,527.07,317.7,209.37,Success,DQ-T02
2024-12-25,SA165160063,LDEBIT,GW-NIMBUS,CHARGEBACK?,4,819.0,SAR,10.45,4.36,6.09,,DQ-T05
,EG792191738,CARD,GW-ATLAS,Failed,10,7832.9,EGP,0.0,9.8,-9.8,Failed,DQ-T02
2025-08-23,AE878919871,CARD,GW-ORION,Success,119,-27378.51,AED,-621.94,-377.0,-244.94,Success,DQ-T07
2024-11-19,XX404611068,TOKEN,GW-ORION,Failed,10,511.83,SAR,0.0,0.45,-0.45,Failed,DQ-T04
2024-10-03,SA624172387,CARD,GW-ORION,Success,21,-822.4,SAR,-27.27,-15.23,-12.04,Success,DQ-T07
,EG696983188,LDEBIT,GW-NILE,Failed,3,971.1,EGP,0.0,1.16,-1.16,Failed,DQ-T02
2025-11-15,AE410140017,CARD,GW-NIMBUS,Success,973,-159417.34,AED,-2477.96,-2384.4,-93.56,Success,DQ-T07
,SA652243125,LDEBIT,GW-NIMBUS,Success,1,64.9,SAR,0.96,0.46,0.5,Success,DQ-T02
,SA887216708,CARD,GW-NIMBUS,Success,3,2951.59,SAR,66.24,40.58,25.66,Success,DQ-T02
2026-01-14,EG511253320,LDEBIT,GW-NILE,PENDING_REVIEW,1,331.48,EGP,0.0,0.4,-0.4,,DQ-T05
2025-06-16,SA779172798,BNPL,GW-ATLAS,PENDING_REVIEW,1,144.08,SAR,0.0,0.08,-0.08,,DQ-T05
2025-07-03,AE798073466,TOKEN,GW-ORION,PENDING_REVIEW,1,257.46,AED,0.0,0.04,-0.04,,DQ-T05
,EG903275069,TOKEN,GW-ATLAS,Voided,2,1053.71,EGP,0.0,2.05,-2.05,Voided,DQ-T02
,EG680228975,CARD,GW-NILE,Success,13,114377.45,EGP,1850.3,1424.81,425.49,Success,DQ-T02
2025-09-13,OM236113503,CARD,GW-NIMBUS,Success,0,1121.1,OMR,16.96,16.06,0.9,Success,DQ-T08
2026-02-15,AE634298413,CARD,GW-ORION,PENDING_REVIEW,1,48.79,AED,0.0,0.04,-0.04,,DQ-T05
2026-01-14,SA550486234,TOKEN,GW-ORION,Success,0,455.23,SAR,12.71,6.95,5.76,Success,DQ-T08
,EG293670432,WALLET,GW-NILE,VOIDED,1,317.44,EGP,0.0,0.4,-0.4,Voided,DQ-T02
,AE732739303,TOKEN,GW-NIMBUS,Success,4,1083.47,AED,25.67,16.12,9.55,Success,DQ-T02
,EG723843125,LDEBIT,GW-NILE,Voided,1,270.15,EGP,0.0,0.4,-0.4,Voided,DQ-T02
,SA267227056,LDEBIT,GW-NIMBUS,Success,277,80450.56,SAR,704.33,408.77,295.56,Success,DQ-T02
2025-12-31,SA859807984,CARD,GW-NIMBUS,Success,2,-3285.92,SAR,-75.41,-44.85,-30.56,Success,DQ-T07
,EG799575469,CARD,GW-ATLAS,Failed,7,2636.17,EGP,0.0,7.13,-7.13,Failed,DQ-T02
,SA407055199,LDEBIT,GW-NIMBUS,Success,41,4366.85,SAR,56.05,26.57,29.48,Success,DQ-T02
2024-09-14,EG943656964,LDEBIT,GW-NILE,UNKNOWN,1,333.99,EGP,0.0,0.39,-0.39,,DQ-T05
2024-11-27,SA781674979,LDEBIT,GW-NIMBUS,Success,25,-1273.82,SAR,-20.31,-9.95,-10.36,Success,DQ-T07
,SA331993666,LDEBIT,GW-NIMBUS,Voided,3,519.19,SAR,0.0,0.17,-0.17,Voided,DQ-T02
2025-03-13,XX717506734,BNPL,GW-ATLAS,Failed,11,456.03,AED,0.0,0.81,-0.81,Failed,DQ-T04
2025-01-05,XX158096659,BNPL,GW-ATLAS,Success,14,3330.59,AED,140.72,116.13,24.59,Success,DQ-T04
2025-08-04,EG670766393,CARD,GW-ATLAS,Success,1,-1349.8,EGP,-36.55,-23.34,-13.21,Success,DQ-T07
2024-09-20,AE603567666,BNPL,GW-ATLAS,UNKNOWN,1,347.07,AED,15.47,12.07,3.4,,DQ-T05
2024-07-16,XX915678784,TOKEN,GW-NIMBUS,Failed,5,723.3,AED,0.0,0.28,-0.28,Failed,DQ-T04
2026-03-13,EG202927308,CARD,GW-NILE,PENDING_REVIEW,1,1033.3,EGP,31.13,15.29,15.84,,DQ-T05
2025-07-23,EG624580946,TOKEN,GW-ATLAS,Success,74,15821.32,EGP,22149.85,514.05,21635.8,Success,DQ-T09
,AE123781768,LDEBIT,GW-NIMBUS,Failed,7,348.55,AED,0.0,0.39,-0.39,Failed,DQ-T02
,SA280340580,CARD,GW-ORION,Success,4,1016.69,SAR,25.0,13.93,11.07,Success,DQ-T02
2026-03-19,AE832517070,CARD,GW-NIMBUS,Success,20,-4424.67,AED,-106.5,-64.51,-41.99,Success,DQ-T07
2025-02-24,EG389262771,TOKEN,GW-NILE,Success,51,19959.62,EGP,27943.47,384.12,27559.35,Success,DQ-T09
2025-02-05,XX529111602,CARD,GW-ATLAS,Voided,2,3081.06,EGP,0.0,1.96,-1.96,Voided,DQ-T04
,SA189309853,CARD,GW-ORION,REFUND,1,137.46,SAR,0.0,0.56,-0.56,Refunded,DQ-T02
2025-08-12,EG550259154,CARD,GW-ATLAS,Success,24,-7609.94,EGP,-286.12,-198.79,-87.33,Success,DQ-T07
2025-12-04,SA112481566,TOKEN,GW-ORION,Success,6,-867.72,SAR,-24.84,-12.88,-11.96,Success,DQ-T07
2024-12-02,AE841408383,TOKEN,GW-ATLAS,Success,1,120.3,AED,168.42,2.09,166.33,Success,DQ-T09
2025-01-17,EG219821138,BNPL,GW-NILE,Success,2,-1034.09,EGP,-45.61,-30.57,-15.04,Success,DQ-T07
2026-04-08,OM939316312,CARD,GW-NIMBUS,PENDING_REVIEW,2,16.5,OMR,0.0,0.01,-0.01,,DQ-T05
,EG701137966,CARD,GW-NILE,Success,9,234608.46,EGP,3559.93,2874.28,685.65,Success,DQ-T02
2024-07-12,AE713987880,CARD,GW-ORION,UNKNOWN,3,430.11,AED,0.0,0.13,-0.13,,DQ-T05
,EG554455116,CARD,GW-NILE,Success,4,39262.46,EGP,917.82,487.58,430.24,Success,DQ-T02
2025-08-21,XX974172903,CARD,GW-NIMBUS,Failed,2,147.22,OMR,0.0,0.01,-0.01,Failed,DQ-T04
2026-03-01,XX441648889,CARD,GW-ORION,Success,306,16117.15,SAR,467.39,274.9,192.49,Success,DQ-T04
2025-01-26,SA352518639,BANKTR,GW-NIMBUS,Success,236,-96714.93,SAR,-561.26,-371.38,-189.88,Success,DQ-T07
,EG704053078,WALLET,GW-NILE,Success,27,125897.13,EGP,1643.13,1066.45,576.68,Success,DQ-T02
2025-07-01,XX905110885,WALLET,GW-NILE,Success,5,1643.65,EGP,41.54,22.1,19.44,Success,DQ-T04
2026-04-27,AE317795493,TOKEN,GW-NIMBUS,UNKNOWN,35,10001.54,AED,153.08,148.38,4.7,,DQ-T05
,AE221142304,TOKEN,GW-ORION,Voided,2,115.56,AED,0.0,0.09,-0.09,Voided,DQ-T02
,EG511893937,LDEBIT,GW-NILE,Success,1,1572.06,EGP,20.07,8.06,12.01,Success,DQ-T02
,OM141192539,LDEBIT,GW-NIMBUS,Declined,3,46.18,OMR,0.0,0.02,-0.02,Failed,DQ-T02
2025-07-03,XX260100627,CARD,GW-NIMBUS,Success,25,5128.35,SAR,132.15,75.33,56.82,Success,DQ-T04
2025-10-13,SA256650029,CARD,GW-NIMBUS,PENDING_REVIEW,6,409.11,SAR,0.0,3.37,-3.37,,DQ-T05
2025-05-12,EG981274071,WALLET,GW-NILE,Success,141,-58088.29,EGP,-1446.15,-716.35,-729.8,Success,DQ-T07
2024-07-24,AE301462734,CARD,GW-ORION,PENDING_REVIEW,1,56.23,AED,0.0,0.55,-0.55,,DQ-T05
2025-01-22,AE345303542,CARD,GW-ATLAS,Success,0,1050.95,AED,34.65,21.57,13.08,Success,DQ-T08
2026-01-04,XX274165057,CARD,GW-ORION,Declined,36,1204.13,SAR,0.0,1.62,-1.62,Failed,DQ-T04
2026-01-23,XX703837846,BNPL,GW-ATLAS,Failed,3,1145.74,EGP,0.0,3.03,-3.03,Failed,DQ-T04
2025-05-26,EG550259154,WALLET,GW-NILE,Success,0,1174.95,EGP,33.13,18.23,14.9,Success,DQ-T08
,EG559913630,TOKEN,GW-ATLAS,Success,1,7224.96,EGP,173.44,113.01,60.43,Success,DQ-T02
,OM713381935,LDEBIT,GW-NIMBUS,Success,1,85.71,OMR,1.0,0.4,0.6,Success,DQ-T02
2026-05-14,XX322879049,TOKEN,GW-NIMBUS,Refunded,8,95.41,OMR,0.0,0.46,-0.46,Refunded,DQ-T04
,SA189309853,CARD,GW-ORION,Refunded,1,196.26,SAR,0.0,0.56,-0.56,Refunded,DQ-T02
2026-04-05,AE798073466,TOKEN,GW-ORION,CHARGEBACK?,1,257.46,AED,0.0,0.04,-0.04,,DQ-T05
2026-04-07,AE934873526,CARD,GW-ATLAS,Success,0,5678.14,AED,150.47,87.95,62.52,Success,DQ-T08
2024-07-26,OM898958663,CARD,GW-ATLAS,Success,1,-69.75,OMR,-1.69,-1.05,-0.64,Success,DQ-T07
,EG400875498,WALLET,GW-NILE,Success,4,7537.64,EGP,157.16,67.92,89.24,Success,DQ-T02
2025-07-02,XX614988918,LDEBIT,GW-NILE,Success,2,1943.68,EGP,28.72,11.39,17.33,Success,DQ-T04
2025-04-08,XX298993179,CARD,GW-NILE,Success,23,17168.97,EGP,526.95,269.2,257.75,Success,DQ-T04
2024-10-16,EG331354329,CARD,GW-ATLAS,Success,0,136067.74,EGP,3642.84,3318.33,324.51,Success,DQ-T08
2024-08-29,XX142724655,TOKEN,GW-NIMBUS,Voided,1,125.8,SAR,0.0,0.06,-0.06,Voided,DQ-T04
2024-11-02,EG331354329,BNPL,GW-NILE,PENDING_REVIEW,21,7458.43,EGP,0.0,8.2,-8.2,,DQ-T05
,EG704053078,LDEBIT,GW-NILE,Success,11,41135.36,EGP,338.53,185.78,152.75,Success,DQ-T02
,EG279725449,WALLET,GW-NILE,Success,1,1256.81,EGP,27.41,11.98,15.43,Success,DQ-T02
,EG843137256,CARD,GW-ATLAS,CAPTURED,19,21177.23,EGP,591.12,380.9,210.22,Success,DQ-T02
,AE617017126,CARD,GW-ORION,Failed,2,551.52,AED,0.0,0.09,-0.09,Failed,DQ-T02
2026-03-29,SA696833214,CARD,GW-ATLAS,PENDING_REVIEW,13,2502.88,SAR,57.96,40.1,17.86,,DQ-T05
2024-08-20,XX640918828,WALLET,GW-NILE,Failed,1,774.28,EGP,0.0,0.39,-0.39,Failed,DQ-T04
,AE307567415,CARD,GW-NIMBUS,Success,1065,194682.15,AED,3719.69,2882.44,837.25,Success,DQ-T02
2025-01-16,SA765577175,LDEBIT,GW-NIMBUS,Success,74,-6413.91,SAR,-52.26,-41.35,-10.91,Success,DQ-T07
2025-02-27,OM667112904,CARD,GW-NIMBUS,Success,55,-172.8,OMR,-6.39,-3.71,-2.68,Success,DQ-T07
2024-11-28,EG918104848,CARD,GW-ATLAS,CHARGEBACK?,1,388.11,EGP,0.0,0.98,-0.98,,DQ-T05
2024-09-17,OM224536276,LDEBIT,GW-NIMBUS,Success,10,-37.35,OMR,-0.63,-0.34,-0.29,Success,DQ-T07
2024-10-28,SA992726873,CARD,GW-ORION,APPROVED,0,44412.61,SAR,685.71,570.49,115.22,Success,DQ-T08
,AE761816465,LDEBIT,GW-NIMBUS,Success,8,948.5,AED,11.95,5.59,6.36,Success,DQ-T02
2025-01-04,AE346681166,TOKEN,GW-NIMBUS,CHARGEBACK?,1,125.4,AED,0.0,0.55,-0.55,,DQ-T05
,SA555426966,CARD,GW-ORION,Success,4,451.91,SAR,12.11,6.69,5.42,Success,DQ-T02
2026-06-18,EG448150005,LDEBIT,GW-NILE,Success,2,515.63,EGP,721.88,5.69,716.19,Success,DQ-T09
2025-03-09,AE634298413,LDEBIT,GW-NIMBUS,PENDING_REVIEW,9,448.79,AED,6.93,3.51,3.42,,DQ-T05
2026-04-13,XX693170509,CARD,GW-ORION,Failed,1,180.14,SAR,0.0,0.04,-0.04,Failed,DQ-T04
,EG259754316,LDEBIT,GW-NILE,Success,15,5388.34,EGP,95.41,48.25,47.16,Success,DQ-T02
2025-02-10,SA624172387,CARD,GW-ORION,UNKNOWN,25,1039.09,SAR,33.86,18.9,14.96,,DQ-T05
2024-07-04,AE642488904,BNPL,GW-ATLAS,Success,12,-15761.2,AED,-451.72,-545.59,93.87,Success,DQ-T07
2025-03-11,EG873952802,TOKEN,GW-NILE,UNKNOWN,102,141730.12,EGP,2565.25,2052.84,512.41,,DQ-T05
2024-08-15,XX941717944,CARD,GW-ORION,Success,559,160523.1,SAR,2871.8,2182.63,689.17,Success,DQ-T04
,SA168621990,CARD,GW-NIMBUS,Failed,12,1264.51,SAR,0.0,0.68,-0.68,Failed,DQ-T02
,EG792191738,WALLET,GW-NILE,Refunded,1,506.49,EGP,0.0,7.32,-7.32,Refunded,DQ-T02
2025-05-08,SA742513174,CARD,GW-ORION,CAPTURED,0,155.68,SAR,5.23,2.89,2.34,Success,DQ-T08
2026-03-12,SA479684490,CARD,GW-ORION,UNKNOWN,34,1593.89,SAR,48.1,28.02,20.08,,DQ-T05
,XX538395427,CARD,GW-NIMBUS,Success,6,908.37,SAR,22.55,13.73,8.82,Success,DQ-T02;DQ-T04
2025-11-13,AE970872555,CARD,GW-ORION,PENDING_REVIEW,3,374.03,AED,0.0,1.65,-1.65,,DQ-T05
,EG283786715,WALLET,GW-NILE,Failed,1,893.03,EGP,0.0,0.4,-0.4,Failed,DQ-T02
2024-12-23,EG998632198,LDEBIT,GW-NILE,Success,9,-12970.75,EGP,-157.86,-67.97,-89.89,Success,DQ-T07
,SA806929470,CARD,GW-NIMBUS,Failed,1,500.16,SAR,0.0,0.06,-0.06,Failed,DQ-T02
,SA716580826,TOKEN,GW-NIMBUS,Refunded,1,38.33,SAR,0.0,0.56,-0.56,Refunded,DQ-T02
,SA589749602,CARD,GW-ORION,ERROR,21,3649.65,SAR,0.0,0.94,-0.94,Failed,DQ-T02
2026-05-02,OM954248664,TOKEN,GW-ATLAS,CHARGEBACK?,3,24.82,OMR,0.68,0.46,0.22,,DQ-T05
,EG926950694,TOKEN,GW-ATLAS,Voided,2,2388.08,EGP,0.0,2.0,-2.0,Voided,DQ-T02
,EG259754316,LDEBIT,GW-NILE,Voided,1,387.9,EGP,0.0,0.41,-0.41,Voided,DQ-T02
,AE875103901,CARD,GW-ATLAS,Failed,17,853.84,AED,0.0,1.25,-1.25,Failed,DQ-T02
2026-05-13,AE229934676,CARD,GW-ORION,CHARGEBACK?,156,18250.18,AED,331.92,268.06,63.86,,DQ-T05
,AE818669574,TOKEN,GW-NIMBUS,Success,1,165.27,AED,4.29,2.55,1.74,Success,DQ-T02
,EG989134753,CARD,GW-NILE,Voided,1,6998.1,EGP,0.0,0.39,-0.39,Voided,DQ-T02
,EG643904514,WALLET,GW-NILE,Failed,1,396.23,EGP,0.0,0.38,-0.38,Failed,DQ-T02
,EG259754316,LDEBIT,GW-NILE,Failed,2,777.73,EGP,0.0,0.82,-0.82,Failed,DQ-T02
2026-03-15,XX424513615,LDEBIT,GW-NIMBUS,Success,2,367.22,SAR,4.75,1.99,2.76,Success,DQ-T04
,SA776589285,TOKEN,GW-ORION,Success,3,501.35,SAR,12.95,7.34,5.61,Success,DQ-T02
2025-04-26,AE901159238,LDEBIT,GW-NIMBUS,Success,7,-1682.64,AED,-21.15,-8.73,-12.42,Success,DQ-T07
2025-07-11,EG275709942,WALLET,GW-NILE,Success,38,-55539.29,EGP,-662.37,-516.62,-145.75,Success,DQ-T07
2026-04-22,XX840782263,BNPL,GW-ATLAS,Success,92,4826.53,SAR,137.85,173.7,-35.85,Success,DQ-T04
,SA205739809,TOKEN,GW-ATLAS,Failed,2,73.09,SAR,0.0,0.15,-0.15,Failed,DQ-T02
,EG813796112,LDEBIT,GW-NILE,Success,1,1533.08,EGP,20.37,7.92,12.45,Success,DQ-T02
,EG926950694,WALLET,GW-NILE,Failed,6,7256.32,EGP,0.0,2.42,-2.42,Failed,DQ-T02
2026-06-02,XX367078499,TOKEN,GW-ORION,Success,2,644.16,SAR,14.84,9.01,5.83,Success,DQ-T04
,EG290794122,CARD,GW-NILE,Success,5,16146.65,EGP,386.84,209.78,177.06,Success,DQ-T02
,EG403388419,BNPL,GW-NILE,Refunded,1,1028.29,EGP,0.0,7.48,-7.48,Refunded,DQ-T02
2026-04-19,EG245991238,CARD,GW-ATLAS,CHARGEBACK?,9,2779.67,EGP,0.0,9.24,-9.24,,DQ-T05
,EG450716760,CARD,GW-NILE,Success,1,1513.41,EGP,39.35,21.02,18.33,Success,DQ-T02
2025-01-14,SA512016562,LDEBIT,GW-NIMBUS,Success,48,1643.05,SAR,2300.27,15.49,2284.78,Success,DQ-T09
2025-08-26,EG982441707,WALLET,GW-NILE,Success,6,2825.28,EGP,3955.39,33.27,3922.12,Success,DQ-T09
2025-01-09,SA791415571,BANKTR,GW-NIMBUS,Success,1,-4242.61,SAR,-10.31,-3.49,-6.82,Success,DQ-T07
2024-11-30,EG680228975,LDEBIT,GW-NILE,Success,5,-45018.01,EGP,-355.42,-190.86,-164.56,Success,DQ-T07
2026-03-07,EG645057217,BNPL,GW-NILE,Success,2,2809.69,EGP,3933.57,81.74,3851.83,Success,DQ-T09
,OM954248664,CARD,GW-NIMBUS,Failed,2,13.79,OMR,0.0,0.01,-0.01,Failed,DQ-T02
2025-11-10,XX354576086,CARD,GW-ORION,Failed,4,239.39,AED,0.0,0.18,-0.18,Failed,DQ-T04
2025-10-12,AE163417336,BANKTR,GW-NIMBUS,SETTLED,0,89620.87,AED,204.13,55.53,148.6,Success,DQ-T08
,EG529532780,CARD,GW-ATLAS,Refunded,1,1842.13,EGP,0.0,7.27,-7.27,Refunded,DQ-T02
2024-09-22,XX210468713,CARD,GW-NIMBUS,Success,7,29209.08,SAR,425.95,396.03,29.92,Success,DQ-T04
2025-08-16,XX478728028,LDEBIT,GW-NIMBUS,Success,2,4289.42,SAR,45.5,19.64,25.86,Success,DQ-T04
,SA776589285,TOKEN,GW-ORION,Success,2,395.08,SAR,10.07,5.7,4.37,Success,DQ-T02
,SA734980407,CARD,GW-ATLAS,Voided,5,299.85,SAR,0.0,0.38,-0.38,Voided,DQ-T02
2025-12-31,AE410140017,CARD,GW-NIMBUS,Success,1119,181918.9,AED,254686.46,2723.02,251963.44,Success,DQ-T09
,SA987666099,CARD,GW-ATLAS,Failed,21,2115.84,SAR,0.0,1.58,-1.58,Failed,DQ-T02
,OM284198769,TOKEN,GW-NIMBUS,Success,69,1058.41,OMR,19.87,16.54,3.33,Success,DQ-T02
,EG744743048,TOKEN,GW-NILE,Failed,4,5227.62,EGP,0.0,1.61,-1.61,Failed,DQ-T02
2026-02-20,XX731941542,CARD,GW-ATLAS,Success,20,6837.81,SAR,171.85,105.25,66.6,Success,DQ-T04
2026-06-06,XX900936743,CARD,GW-ATLAS,Voided,2,3390.48,EGP,0.0,2.06,-2.06,Voided,DQ-T04
2025-12-21,OM688926128,TOKEN,GW-ATLAS,PENDING_REVIEW,8,84.37,OMR,0.0,0.06,-0.06,,DQ-T05
2025-01-19,XX904791442,LDEBIT,GW-NIMBUS,Success,2,45.4,OMR,0.53,0.24,0.29,Success,DQ-T04
2025-02-05,EG873952802,LDEBIT,GW-NILE,Success,0,82450.99,EGP,727.43,445.55,281.88,Success,DQ-T08
,EG991914423,CARD,GW-NILE,Failed,2,1486.87,EGP,0.0,0.82,-0.82,Failed,DQ-T02
,AE940712827,CARD,GW-NIMBUS,Failed,2,6501.69,AED,0.0,0.11,-0.11,Failed,DQ-T02
2026-02-12,XX839522377,TOKEN,GW-ATLAS,Success,2,656.49,EGP,26.57,17.52,9.05,Success,DQ-T04
2025-11-26,OM667112904,TOKEN,GW-ATLAS,CHARGEBACK?,1,3.03,OMR,0.0,0.01,-0.01,,DQ-T05
,SA416884588,TOKEN,GW-NIMBUS,Refunded,14,2999.06,SAR,0.0,7.88,-7.88,Refunded,DQ-T02
2025-10-21,XX642103006,LDEBIT,GW-NIMBUS,Success,76,3408.03,AED,54.33,27.9,26.43,Success,DQ-T04
,EG217500923,TOKEN,GW-ATLAS,Success,6,3332.63,EGP,103.38,72.53,30.85,Success,DQ-T02
,EG962999704,CARD,GW-NILE,Success,289,217057.2,EGP,4407.32,3379.24,1028.08,Success,DQ-T02
2025-11-20,EG629727686,WALLET,GW-NILE,Success,3,-952.41,EGP,-25.5,-13.07,-12.43,Success,DQ-T07
2025-03-06,SA320986752,CARD,GW-NIMBUS,Success,182,-156173.14,SAR,-2540.1,-2152.7,-387.4,Success,DQ-T07
,SA474123129,LDEBIT,GW-NIMBUS,Success,47,2602.03,SAR,37.3,19.64,17.66,Success,DQ-T02
,SA779341840,LDEBIT,GW-NIMBUS,Success,24,4545.36,SAR,55.95,24.5,31.45,Success,DQ-T02
2025-06-06,XX449538499,LDEBIT,GW-NIMBUS,Refunded,1,42.71,OMR,0.0,0.06,-0.06,Refunded,DQ-T04
,EG325044783,CARD,GW-NILE,Success,3,2121.37,EGP,61.3,33.7,27.6,Success,DQ-T02
,EG325044783,LDEBIT,GW-NILE,Success,2,2317.5,EGP,29.55,12.82,16.73,Success,DQ-T02
2026-03-18,AE547591847,BNPL,GW-ATLAS,Success,0,391.69,AED,17.32,13.68,3.64,Success,DQ-T08
,AE339334302,BANKTR,GW-NIMBUS,Success,11,105314.54,AED,243.39,67.4,175.99,Success,DQ-T02
,AE195154121,CARD,GW-ORION,Success,60,12199.51,AED,296.28,169.51,126.77,Success,DQ-T02
2025-10-27,SA944601083,LDEBIT,GW-NIMBUS,Success,13,-3514.73,SAR,-43.78,-18.01,-25.77,Success,DQ-T07
,EG799496821,TOKEN,GW-ATLAS,Voided,1,826.39,EGP,0.0,0.96,-0.96,Voided,DQ-T02
2026-04-09,EG373280861,WALLET,GW-NILE,Success,3,-1572.41,EGP,-36.09,-18.12,-17.97,Success,DQ-T07
2025-04-22,AE998528073,CARD,GW-ORION,PENDING_REVIEW,11,2455.84,AED,62.64,33.89,28.75,,DQ-T05
2024-10-08,EG331354329,CARD,GW-ATLAS,Success,381,-136294.26,EGP,-3681.74,-3357.6,-324.14,Success,DQ-T07
,SA851607798,TOKEN,GW-ORION,Failed,2,120.77,SAR,0.0,0.09,-0.09,Failed,DQ-T02
2025-04-25,XX143431355,CARD,GW-ORION,Voided,1,173.79,SAR,0.0,0.04,-0.04,Voided,DQ-T04
,EG799496821,TOKEN,GW-ATLAS,Failed,4,3305.54,EGP,0.0,3.86,-3.86,Failed,DQ-T02
,EG447972836,WALLET,GW-NILE,Success,1,1069.14,EGP,22.95,10.38,12.57,Success,DQ-T02
2026-05-06,SA976443961,BANKTR,GW-NIMBUS,PENDING_REVIEW,1,12428.04,SAR,26.31,7.58,18.73,,DQ-T05
,AE226845726,TOKEN,GW-ORION,Failed,2,282.72,AED,0.0,0.09,-0.09,Failed,DQ-T02
,AE870997409,TOKEN,GW-ATLAS,Success,5,665.21,AED,16.77,11.42,5.35,Success,DQ-T02
2025-07-23,AE202986349,TOKEN,GW-NIMBUS,Success,2,267.74,AED,374.84,4.23,370.61,Success,DQ-T09
2025-11-15,EG537339465,TOKEN,GW-ATLAS,CHARGEBACK?,202,88522.31,EGP,2217.89,2100.39,117.5,,DQ-T05
,EG877654092,CARD,GW-NILE,Voided,8,7200.47,EGP,0.0,3.16,-3.16,Voided,DQ-T02
2025-02-23,EG259754316,TOKEN,GW-ATLAS,Success,13,5258.37,EGP,7361.72,126.71,7235.01,Success,DQ-T09
2024-07-25,EG327327982,CARD,GW-NILE,CHARGEBACK?,8,2275.83,EGP,0.0,3.08,-3.08,,DQ-T05
2026-04-17,EG680139391,TOKEN,GW-ATLAS,Success,0,25240.97,EGP,912.37,609.45,302.92,Success,DQ-T08
,EG537339465,WALLET,GW-NILE,Failed,49,21382.68,EGP,0.0,20.22,-20.22,Failed,DQ-T02
,SA589749602,CARD,GW-ORION,Refunded,6,934.77,SAR,0.0,3.37,-3.37,Refunded,DQ-T02
,AE208762198,CARD,GW-NIMBUS,Failed,2,513.59,AED,0.0,0.11,-0.11,Failed,DQ-T02
2026-03-25,OM222996492,BANKTR,GW-NIMBUS,Success,24,16836.61,OMR,23571.25,11.79,23559.46,Success,DQ-T09
2025-07-22,AE798073466,TOKEN,GW-ORION,Success,6,-1306.27,AED,-31.92,-18.68,-13.24,Success,DQ-T07
2025-06-25,AE707625102,TOKEN,GW-ORION,SETTLED,0,622.28,AED,15.8,8.93,6.87,Success,DQ-T08
,EG850480139,BANKTR,GW-NILE,Success,2,75671.54,EGP,202.77,67.2,135.57,Success,DQ-T02
2026-01-02,SA624172387,LDEBIT,GW-NIMBUS,CHARGEBACK?,16,737.64,SAR,11.52,6.02,5.5,,DQ-T05
2025-09-16,EG799496821,CARD,GW-NILE,Success,0,136330.41,EGP,2632.98,2080.23,552.75,Success,DQ-T08
2025-02-19,XX553720798,CARD,GW-NILE,Failed,8,10966.25,EGP,0.0,3.14,-3.14,Failed,DQ-T04
,AE174460555,CARD,GW-NIMBUS,Success,3,469.25,AED,12.33,7.05,5.28,Success,DQ-T02
,AE538589512,TOKEN,GW-ATLAS,Success,3,701.43,AED,18.1,11.42,6.68,Success,DQ-T02
,SA776589285,CARD,GW-ORION,REFUNDED,1,195.38,SAR,0.0,0.56,-0.56,Refunded,DQ-T02
2026-03-16,SA447120771,CARD,GW-NIMBUS,Success,14,-3149.06,SAR,-85.25,-45.92,-39.33,Success,DQ-T07
2026-06-18,SA237358155,CARD,GW-ORION,CHARGEBACK?,7,322.58,SAR,0.0,0.32,-0.32,,DQ-T05
,SA351197729,CARD,GW-ORION,Failed,4,1037.28,SAR,0.0,0.18,-0.18,Failed,DQ-T02
2024-10-18,EG704053078,WALLET,GW-NILE,UNKNOWN,2,8000.88,EGP,0.0,0.78,-0.78,,DQ-T05
2025-05-09,XX367624478,WALLET,GW-NILE,Voided,1,853.37,EGP,0.0,0.4,-0.4,Voided,DQ-T04
2025-08-19,EG237932689,WALLET,GW-NILE,APPROVED,2,-782.79,EGP,-19.54,-9.8,-9.74,Success,DQ-T07
,SA944601083,LDEBIT,GW-NIMBUS,Success,6,2410.82,SAR,29.45,11.86,17.59,Success,DQ-T02
,EG259754316,LDEBIT,GW-NILE,Success,17,6505.62,EGP,111.09,55.38,55.71,Success,DQ-T02
2025-01-09,SA320986752,CARD,GW-NIMBUS,Success,0,217234.57,SAR,3533.2,2994.34,538.86,Success,DQ-T08
,AE273918504,BNPL,GW-ATLAS,Success,2,134.53,AED,5.94,4.8,1.14,Success,DQ-T02
2025-03-09,SA887092113,LDEBIT,GW-NIMBUS,Captured,7,-812.15,SAR,-10.71,-4.84,-5.87,Success,DQ-T07
2024-11-15,EG624580946,BNPL,GW-ATLAS,UNKNOWN,27,5620.8,EGP,0.0,26.35,-26.35,,DQ-T05
2024-11-17,SA466668047,CARD,GW-ORION,CHARGEBACK?,168,7405.3,SAR,233.91,132.42,101.49,,DQ-T05
2026-05-23,EG361515615,LDEBIT,GW-NILE,Success,0,7923.82,EGP,100.96,42.92,58.04,Success,DQ-T08
2026-02-17,SA754882184,LDEBIT,GW-NIMBUS,Success,9,-1483.92,SAR,-19.74,-8.2,-11.54,Success,DQ-T07
2025-06-26,AE798073466,CARD,GW-ORION,Success,18,-4354.05,AED,-103.49,-59.75,-43.74,Success,DQ-T07
2025-01-21,SA267227056,CARD,GW-ORION,Success,0,133420.79,SAR,2384.87,1812.42,572.45,Success,DQ-T08
2025-09-17,XX126993311,TOKEN,GW-ATLAS,Success,2,41.6,OMR,1.0,0.69,0.31,Success,DQ-T04
2025-02-23,EG266138287,WALLET,GW-NILE,Success,15,-4311.6,EGP,-113.12,-60.68,-52.44,Success,DQ-T07
,AE229934676,CARD,GW-ORION,Voided,1,118.72,AED,0.0,0.04,-0.04,Voided,DQ-T02
,EG723843125,CARD,GW-NILE,Success,114,29841.1,EGP,1235.54,663.92,571.62,Success,DQ-T02
,EG903275069,BNPL,GW-NILE,Failed,11,5749.59,EGP,0.0,4.48,-4.48,Failed,DQ-T02
,EG537339465,CARD,GW-ATLAS,Voided,16,6684.77,EGP,0.0,15.81,-15.81,Voided,DQ-T02
2025-06-18,XX518346240,WALLET,GW-NILE,Success,17,5753.21,EGP,143.48,76.28,67.2,Success,DQ-T04
,EG542845011,TOKEN,GW-ATLAS,Success,2,1956.16,EGP,59.46,36.77,22.69,Success,DQ-T02
,AE439650362,CARD,GW-ORION,Success,15,1236.22,AED,34.84,19.13,15.71,Success,DQ-T02
,OM780225802,CARD,GW-NIMBUS,Success,28,136.46,OMR,4.56,2.54,2.02,Success,DQ-T02
,AE309318112,BNPL,GW-ATLAS,Failed,4,773.77,AED,0.0,0.29,-0.29,Failed,DQ-T02
,EG248756723,WALLET,GW-NILE,Success,1,196.55,EGP,6.18,3.31,2.87,Success,DQ-T02
,SA268987858,CARD,GW-ORION,Success,7,507.52,SAR,14.48,8.07,6.41,Success,DQ-T02
2025-04-08,XX704122875,TOKEN,GW-ORION,Success,3,610.06,SAR,16.62,8.78,7.84,Success,DQ-T04
2025-07-27,SA966321681,CARD,GW-NIMBUS,CHARGEBACK?,2,180.1,SAR,4.79,2.92,1.87,,DQ-T05
2025-04-27,XX811549026,CARD,GW-NILE,Success,44,64678.16,EGP,1604.13,901.76,702.37,Success,DQ-T04
,SA696833214,LDEBIT,GW-NIMBUS,Voided,1,164.26,SAR,0.0,0.06,-0.06,Voided,DQ-T02
2024-12-23,XX154789221,LDEBIT,GW-NIMBUS,Success,4,563.02,AED,7.33,3.19,4.14,Success,DQ-T04
2025-07-07,EG529532780,CARD,GW-ATLAS,Success,0,11577.45,EGP,307.67,194.8,112.87,Success,DQ-T08
,EG336915801,TOKEN,GW-NILE,Success,6,2269.36,EGP,85.86,44.6,41.26,Success,DQ-T02
2024-09-03,EG877654092,LDEBIT,GW-NILE,Success,0,320130.91,EGP,2959.2,1907.71,1051.49,Success,DQ-T08
,AE548451543,CARD,GW-ORION,Success,37,2177.78,AED,64.18,36.0,28.18,Success,DQ-T02
,EG235600888,WALLET,GW-NILE,Failed,1,6424.78,EGP,0.0,0.39,-0.39,Failed,DQ-T02
,EG542845011,WALLET,GW-NILE,Success,2,1481.79,EGP,34.61,15.57,19.04,Success,DQ-T02
2025-04-08,XX242843558,LDEBIT,GW-NILE,Success,1,2888.81,EGP,32.27,13.44,18.83,Success,DQ-T04
2026-04-25,OM371938797,CARD,GW-ATLAS,CHARGEBACK?,59,454.05,OMR,0.0,0.45,-0.45,,DQ-T05
2025-06-17,XX968318852,TOKEN,GW-ORION,Success,13,3366.76,SAR,85.17,47.68,37.49,Success,DQ-T04
,SA647753119,TOKEN,GW-NIMBUS,Success,4,426.84,SAR,12.02,6.95,5.07,Success,DQ-T02
2025-06-27,XX346728955,TOKEN,GW-ATLAS,Voided,1,377.07,EGP,0.0,1.0,-1.0,Voided,DQ-T04
,OM107384993,CARD,GW-NIMBUS,Voided,1,20.08,OMR,0.0,0.01,-0.01,Voided,DQ-T02
,OM761036673,CARD,GW-NIMBUS,Failed,106,412.19,OMR,0.0,0.61,-0.61,Failed,DQ-T02
,EG408005333,BANKTR,GW-NILE,Voided,1,61900.66,EGP,0.0,0.4,-0.4,Voided,DQ-T02
2025-09-29,XX262569812,CARD,GW-ATLAS,Success,2,2094.15,EGP,61.5,38.07,23.43,Success,DQ-T04
2025-12-31,EG806758000,TOKEN,GW-NILE,Success,2,-2035.83,EGP,-61.46,-31.05,-30.41,Success,DQ-T07
2025-11-05,EG308894080,TOKEN,GW-ATLAS,CHARGEBACK?,2,6514.02,EGP,180.98,106.04,74.94,,DQ-T05
,SA860742247,CARD,GW-NIMBUS,Success,1553,301789.68,SAR,5232.86,4452.7,780.16,Success,DQ-T02
,EG400875498,CARD,GW-NILE,Success,11,18273.89,EGP,500.5,250.15,250.35,Success,DQ-T02
2025-02-11,XX268802645,LDEBIT,GW-NIMBUS,Success,4,322.88,SAR,4.58,2.13,2.45,Success,DQ-T04
2024-10-21,XX612623675,CARD,GW-ORION,Failed,5,846.12,SAR,0.0,0.22,-0.22,Failed,DQ-T04
2025-08-26,EG594214015,LDEBIT,GW-NILE,Success,8,1973.63,EGP,2763.08,21.84,2741.24,Success,DQ-T09
2025-08-04,EG686030808,TOKEN,GW-NILE,Success,305,-253330.84,EGP,-4848.12,-3991.5,-856.62,Success,DQ-T07
2025-05-28,AE889475271,CARD,GW-NIMBUS,SUCCESS,51,-2268.0,AED,-73.26,-42.79,-30.47,Success,DQ-T07
2025-01-22,XX568856995,TOKEN,GW-NIMBUS,Voided,1,230.16,AED,0.0,0.06,-0.06,Voided,DQ-T04
,EG345706176,TOKEN,GW-ATLAS,Success,2,5546.43,EGP,142.5,91.22,51.28,Success,DQ-T02
,EG761087060,TOKEN,GW-ATLAS,Failed,4,5596.17,EGP,0.0,3.9,-3.9,Failed,DQ-T02
2025-06-03,EG279421850,CARD,GW-NILE,Success,0,264021.92,EGP,4468.48,3416.7,1051.78,Success,DQ-T08
2025-11-03,XX847906521,CARD,GW-NIMBUS,Success,28,3393.76,SAR,93.32,52.64,40.68,Success,DQ-T04
,SA512016562,TOKEN,GW-NIMBUS,DECLINED,2,75.17,SAR,0.0,0.11,-0.11,Failed,DQ-T02
2025-06-11,EG389262771,LDEBIT,GW-NILE,Success,29,-10156.2,EGP,-178.96,-91.76,-87.2,Success,DQ-T07
2024-10-30,XX963779657,CARD,GW-ATLAS,Failed,34,39564.37,EGP,0.0,33.05,-33.05,Failed,DQ-T04
,EG655465870,CARD,GW-ATLAS,Voided,1,330.07,EGP,0.0,1.02,-1.02,Voided,DQ-T02
2025-05-15,XX780146198,TOKEN,GW-ATLAS,Success,19,3753.61,SAR,95.97,62.03,33.94,Success,DQ-T04
,AE375645881,TOKEN,GW-ORION,Success,1,370.08,AED,8.77,5.14,3.63,Success,DQ-T02
2026-02-13,SA397646855,CARD,GW-NIMBUS,PENDING_REVIEW,36,1848.08,SAR,0.0,2.03,-2.03,,DQ-T05
2025-08-17,EG357144481,CARD,GW-NILE,APPROVED,7,-2584.88,EGP,-96.43,-49.76,-46.67,Success,DQ-T07
,SA779341840,BNPL,GW-ATLAS,Voided,1,169.88,SAR,0.0,0.08,-0.08,Voided,DQ-T02
2025-08-12,SA847623511,TOKEN,GW-ORION,Success,6,-567.28,SAR,-16.27,-8.88,-7.39,Success,DQ-T07
2026-01-31,EG875100630,CARD,GW-ATLAS,Success,2,2028.31,EGP,2839.63,37.05,2802.58,Success,DQ-T09
,OM498407948,TOKEN,GW-NIMBUS,Success,2,48.35,OMR,1.22,0.73,0.49,Success,DQ-T02
2025-03-08,AE667080643,CARD,GW-ORION,Success,13,3047.4,AED,4266.36,41.91,4224.45,Success,DQ-T09
2024-07-21,AE301462734,CARD,GW-ORION,UNKNOWN,8,346.93,AED,0.0,0.35,-0.35,,DQ-T05
2025-05-15,EG934737958,WALLET,GW-NILE,PENDING_REVIEW,14,3884.17,EGP,105.1,55.87,49.23,,DQ-T05
2026-04-16,AE769624570,CARD,GW-NIMBUS,UNKNOWN,1,764.45,AED,0.0,0.06,-0.06,,DQ-T05
,AE761816465,CARD,GW-ORION,Refunded,2,243.43,AED,0.0,1.1,-1.1,Refunded,DQ-T02
,EG623813968,LDEBIT,GW-NILE,Success,5,10358.56,EGP,129.11,50.53,78.58,Success,DQ-T02
,AE755836575,TOKEN,GW-ORION,Success,3,525.4,AED,13.1,7.64,5.46,Success,DQ-T02
2025-11-19,SA320986752,LDEBIT,GW-NIMBUS,UNKNOWN,3,2583.14,SAR,0.0,0.17,-0.17,,DQ-T05
,OM978131111,TOKEN,GW-NIMBUS,Failed,1,10.39,OMR,0.0,0.01,-0.01,Failed,DQ-T02
2025-11-23,XX707679991,BNPL,GW-ATLAS,Failed,7,437.96,AED,0.0,0.51,-0.51,Failed,DQ-T04
2024-09-23,EG249264164,WALLET,GW-NILE,Success,0,2095.05,EGP,46.62,22.03,24.59,Success,DQ-T08
,EG624580946,LDEBIT,GW-NILE,Success,60,13655.06,EGP,303.53,162.34,141.19,Success,DQ-T02
,EG843137256,TOKEN,GW-NILE,Success,4,4579.46,EGP,128.76,68.1,60.66,Success,DQ-T02
2025-05-05,EG877654092,WALLET,GW-NILE,UNKNOWN,14,12707.35,EGP,0.0,5.58,-5.58,,DQ-T05
2025-04-09,SA592705693,BNPL,GW-ATLAS,PENDING_REVIEW,1,1275.29,SAR,57.46,44.15,13.31,,DQ-T05
2026-06-02,AE744794983,TOKEN,GW-NIMBUS,Success,25,-3667.39,AED,-92.76,-57.31,-35.45,Success,DQ-T07
2026-05-31,EG331354329,LDEBIT,GW-NILE,Success,28,10303.99,EGP,14425.59,92.26,14333.33,Success,DQ-T09
2024-09-02,OM939316312,TOKEN,GW-NIMBUS,UNKNOWN,1,9.65,OMR,0.28,0.16,0.12,,DQ-T05
,SA851607798,LDEBIT,GW-NIMBUS,Voided,1,60.38,SAR,0.0,0.06,-0.06,Voided,DQ-T02
2026-02-09,SA753222305,BNPL,GW-ATLAS,CHARGEBACK?,6,1432.16,SAR,65.87,49.95,15.92,,DQ-T05
,EG998632198,CARD,GW-NILE,Success,69,114616.92,EGP,2810.01,1580.7,1229.31,Success,DQ-T02
,SA289229597,CARD,GW-ORION,Voided,1,378.0,SAR,0.0,0.04,-0.04,Voided,DQ-T02
2025-10-24,SA605999505,TOKEN,GW-ORION,CHARGEBACK?,37,7920.36,SAR,0.0,1.66,-1.66,,DQ-T05
,AE295967621,CARD,GW-ORION,Success,1,139.52,AED,3.51,2.01,1.5,Success,DQ-T02
2025-03-26,XX560393922,LDEBIT,GW-NILE,Success,2,11932.09,EGP,148.72,51.78,96.94,Success,DQ-T04
,SA512016562,TOKEN,GW-NIMBUS,Voided,1,37.58,SAR,0.0,0.06,-0.06,Voided,DQ-T02
,EG614572570,CARD,GW-NILE,Success,11,57147.39,EGP,1346.78,723.32,623.46,Success,DQ-T02
2024-12-02,EG774885021,TOKEN,GW-NILE,UNKNOWN,1,6811.23,EGP,0.0,0.39,-0.39,,DQ-T05
2026-01-11,XX383482479,WALLET,GW-NILE,Success,1,564.17,EGP,13.3,6.34,6.96,Success,DQ-T04
2026-04-19,EG327327982,CARD,GW-NILE,Success,0,7995.67,EGP,350.61,176.01,174.6,Success,DQ-T08
2024-09-15,XX402719952,BANKTR,GW-NIMBUS,Success,731,72939.65,SAR,1308.15,1037.03,271.12,Success,DQ-T04
2026-06-04,SA765577175,CARD,GW-ORION,PENDING_REVIEW,2,196.59,SAR,0.0,1.12,-1.12,,DQ-T05
2025-08-07,EG249264164,LDEBIT,GW-NILE,Success,10,8173.43,EGP,11442.8,50.41,11392.39,Success,DQ-T09
2025-06-25,SA589749602,CARD,GW-ORION,PENDING_REVIEW,12,2085.51,SAR,0.0,0.54,-0.54,,DQ-T05
,SA534917472,LDEBIT,GW-NIMBUS,Success,11,453.6,SAR,7.28,3.9,3.38,Success,DQ-T02
,SA914955375,LDEBIT,GW-NIMBUS,Success,5,1065.97,SAR,12.34,5.64,6.7,Success,DQ-T02
2025-12-18,SA259363162,TOKEN,GW-ORION,UNKNOWN,1,158.89,SAR,3.89,2.34,1.55,,DQ-T05
,SA865900656,TOKEN,GW-ATLAS,Success,1,111.42,SAR,3.04,1.96,1.08,Success,DQ-T02
2025-07-02,SA177886357,CARD,GW-NIMBUS,CHARGEBACK?,4,1403.18,SAR,33.26,19.92,13.34,,DQ-T05
,SA847687864,LDEBIT,GW-NIMBUS,Failed,3,386.02,SAR,0.0,0.17,-0.17,Failed,DQ-T02
2025-08-03,EG873952802,CARD,GW-ATLAS,UNKNOWN,3,3874.79,EGP,0.0,2.97,-2.97,,DQ-T05
,OM781648289,TOKEN,GW-NIMBUS,Success,3,115.32,OMR,1.71,1.69,0.02,Success,DQ-T02
2026-03-20,SA596495663,CARD,GW-ORION,CHARGEBACK?,1,49.51,SAR,0.0,0.04,-0.04,,DQ-T05
,AE595956042,CARD,GW-ORION,Success,33,10002.61,AED,251.58,135.44,116.14,Success,DQ-T02
2025-10-05,XX186232159,LDEBIT,GW-NIMBUS,Success,114,1658.31,OMR,15.03,9.43,5.6,Success,DQ-T04
2026-05-24,XX420233849,BNPL,GW-ATLAS,Success,8,3048.1,EGP,144.54,113.59,30.95,Success,DQ-T04
,EG389262771,WALLET,GW-NILE,Success,43,16077.5,EGP,384.82,206.26,178.56,Success,DQ-T02
2025-11-22,AE486272694,CARD,GW-ATLAS,PENDING_REVIEW,6,1845.76,AED,44.19,28.54,15.65,,DQ-T05
2024-09-02,AE761816465,CARD,GW-ORION,Success,27,3476.55,AED,4867.17,50.47,4816.7,Success,DQ-T09
2026-05-19,SA914955375,CARD,GW-ORION,Success,0,139.51,SAR,3.43,2.01,1.42,Success,DQ-T08
2025-09-25,SA247609412,TOKEN,GW-ORION,Success,44,-2301.54,SAR,-68.84,-40.43,-28.41,Success,DQ-T07
2024-12-31,SA479684490,TOKEN,GW-ORION,Success,11,499.01,SAR,698.61,9.09,689.52,Success,DQ-T09
,EG934737958,CARD,GW-ATLAS,Failed,5,1444.3,EGP,0.0,4.98,-4.98,Failed,DQ-T02
2024-12-02,SA977935480,LDEBIT,GW-NIMBUS,UNKNOWN,1,103.39,SAR,0.0,0.06,-0.06,,DQ-T05
,EG991914423,LDEBIT,GW-NILE,Voided,1,707.11,EGP,0.0,0.39,-0.39,Voided,DQ-T02
2024-10-04,XX314487223,BNPL,GW-ATLAS,Failed,4,827.41,SAR,0.0,0.3,-0.3,Failed,DQ-T04
,EG832002580,TOKEN,GW-NILE,Failed,1,4179.17,EGP,0.0,0.4,-0.4,Failed,DQ-T02
2025-08-10,EG717847087,LDEBIT,GW-NILE,Success,0,2191.1,EGP,28.04,12.34,15.7,Success,DQ-T08
2026-05-20,SA306273888,TOKEN,GW-NIMBUS,PENDING_REVIEW,29,3003.59,SAR,87.86,49.12,38.74,,DQ-T05
,EG544029480,WALLET,GW-NILE,Refunded,1,1093.24,EGP,0.0,7.72,-7.72,Refunded,DQ-T02
2024-07-05,OM939316312,LDEBIT,GW-NIMBUS,UNKNOWN,18,137.09,OMR,1.97,0.93,1.04,,DQ-T05
,EG926950694,CARD,GW-ATLAS,Success,453,539131.32,EGP,8916.34,9516.4,-600.06,Success,DQ-T02
2025-12-12,AE333118951,CARD,GW-NIMBUS,PENDING_REVIEW,8,861.93,AED,24.11,13.55,10.56,,DQ-T05
,OM334471218,TOKEN,GW-ATLAS,Refunded,1,13.13,OMR,0.0,0.06,-0.06,Refunded,DQ-T02
2025-09-24,EG537339465,CARD,GW-ATLAS,PENDING_REVIEW,11,6434.07,EGP,0.0,84.04,-84.04,,DQ-T05
,OM761036673,CARD,GW-NIMBUS,Failed,74,287.75,OMR,0.0,0.43,-0.43,Failed,DQ-T02
2024-12-29,AE609791679,TOKEN,GW-ORION,Success,0,161.63,AED,4.52,2.37,2.15,Success,DQ-T08
2025-10-22,EG686030808,CARD,GW-NILE,Success,1167,986785.19,EGP,1381499.27,15103.31,1366395.96,Success,DQ-T09
2025-09-08,EG934737958,TOKEN,GW-NILE,CHARGEBACK?,2,590.7,EGP,0.0,0.81,-0.81,,DQ-T05
2025-10-16,XX111860346,TOKEN,GW-ATLAS,Refunded,1,21.9,OMR,0.0,0.06,-0.06,Refunded,DQ-T04
2024-10-24,AE396175229,TOKEN,GW-ORION,Success,0,317.88,AED,8.81,4.88,3.93,Success,DQ-T08
2026-04-27,AE366451684,LDEBIT,GW-NIMBUS,PENDING_REVIEW,4,549.17,AED,7.43,3.13,4.3,,DQ-T05
2025-10-16,XX362022635,CARD,GW-NILE,Failed,6,3917.19,EGP,0.0,2.42,-2.42,Failed,DQ-T04
2025-10-19,SA447120771,CARD,GW-NIMBUS,UNKNOWN,3,649.89,SAR,0.0,0.17,-0.17,,DQ-T05
2025-06-08,AE934873526,CARD,GW-ATLAS,UNKNOWN,2,601.07,AED,0.0,0.15,-0.15,,DQ-T05
2026-04-12,XX339244894,TOKEN,GW-ATLAS,Success,21,6331.91,EGP,254.46,175.47,78.99,Success,DQ-T04
2025-07-07,SA550486234,BNPL,GW-ATLAS,PENDING_REVIEW,2,221.51,SAR,0.0,0.15,-0.15,,DQ-T05
,EG331354329,WALLET,GW-NILE,Success,69,25979.73,EGP,483.06,332.02,151.04,Success,DQ-T02
2025-09-21,XX759733572,CARD,GW-NILE,Success,14,9698.09,EGP,301.42,155.62,145.8,Success,DQ-T04
2025-11-02,EG431162218,CARD,GW-ATLAS,PENDING_REVIEW,16,84741.23,EGP,1457.86,1295.88,161.98,,DQ-T05
2025-01-06,EG275709942,TOKEN,GW-ATLAS,CHARGEBACK?,2,3002.41,EGP,0.0,1.96,-1.96,,DQ-T05
2025-12-07,EG704053078,WALLET,GW-NILE,Success,0,62890.52,EGP,826.14,537.92,288.22,Success,DQ-T08
2024-11-27,AE782539735,CARD,GW-NIMBUS,PENDING_REVIEW,3,114.96,AED,0.0,1.65,-1.65,,DQ-T05
,EG680139391,WALLET,GW-NILE,Success,49,20153.15,EGP,496.56,246.32,250.24,Success,DQ-T02
2025-05-01,XX630499662,CARD,GW-ORION,Success,140,7047.31,SAR,207.12,121.58,85.54,Success,DQ-T04
,EG140153041,TOKEN,GW-ATLAS,Success,1,621.96,EGP,20.53,13.22,7.31,Success,DQ-T02
,EG967183698,WALLET,GW-NILE,Failed,206,70165.71,EGP,0.0,80.76,-80.76,Failed,DQ-T02
,SA705652485,CARD,GW-ORION,Success,537,65754.08,SAR,1393.0,962.79,430.21,Success,DQ-T02
,EG849029255,CARD,GW-NILE,Success,119,46794.02,EGP,1799.73,890.03,909.7,Success,DQ-T02
,SA416884588,CARD,GW-ORION,Success,30,5968.52,SAR,139.87,83.21,56.66,Success,DQ-T02
2024-11-27,AE901159238,CARD,GW-NIMBUS,CHARGEBACK?,1,284.67,AED,0.0,0.55,-0.55,,DQ-T05
,SA695199900,LDEBIT,GW-NIMBUS,Success,3,287.43,SAR,3.73,1.8,1.93,Success,DQ-T02
,SA627300378,CARD,GW-NIMBUS,Failed,1,318.18,SAR,0.0,0.06,-0.06,Failed,DQ-T02
,SA813150489,BNPL,GW-ATLAS,Failed,16,2482.85,SAR,0.0,1.2,-1.2,Failed,DQ-T02
2025-10-22,XX943595658,LDEBIT,GW-NIMBUS,Failed,1,366.23,SAR,0.0,0.06,-0.06,Failed,DQ-T04
2025-06-13,XX859140692,CARD,GW-ATLAS,Success,1,3264.81,EGP,83.77,51.29,32.48,Success,DQ-T04
,SA764037736,CARD,GW-ORION,Refunded,12,3138.5,SAR,0.0,6.75,-6.75,Refunded,DQ-T02
2024-09-24,EG259754316,LDEBIT,GW-NILE,Success,15,6072.99,EGP,8502.19,49.92,8452.27,Success,DQ-T09
,SA716580826,LDEBIT,GW-NIMBUS,Success,26,1097.73,SAR,18.53,9.33,9.2,Success,DQ-T02
,OM441483176,CARD,GW-ATLAS,Success,10,187.49,OMR,4.33,3.02,1.31,Success,DQ-T02
,EG167120747,CARD,GW-ATLAS,Success,1,2152.0,EGP,58.78,34.93,23.85,Success,DQ-T02
2025-01-13,AE923160667,CARD,GW-ORION,Success,0,3072.37,AED,72.6,40.92,31.68,Success,DQ-T08
,SA487858809,CARD,GW-ATLAS,Success,42,1766.55,SAR,55.83,37.41,18.42,Success,DQ-T02
,SA512016562,CARD,GW-NIMBUS,Voided,1,37.58,SAR,0.0,0.06,-0.06,Voided,DQ-T02
2025-04-24,XX836027148,TOKEN,GW-ATLAS,Failed,4,1623.13,EGP,0.0,3.98,-3.98,Failed,DQ-T04
2025-02-03,SA307616362,TOKEN,GW-ORION,Success,93,-4844.38,SAR,-143.24,-85.18,-58.06,Success,DQ-T07
,OM251384670,CARD,GW-NIMBUS,Success,1,37.66,OMR,0.89,0.53,0.36,Success,DQ-T02
2026-04-04,EG760725891,WALLET,GW-NILE,Success,4,3948.86,EGP,5528.4,39.17,5489.23,Success,DQ-T09
,OM284198769,CARD,GW-NIMBUS,Refunded,8,123.33,OMR,0.0,0.46,-0.46,Refunded,DQ-T02
2025-04-11,AE317795493,TOKEN,GW-NIMBUS,PENDING_REVIEW,29,7265.28,AED,112.14,108.64,3.5,,DQ-T05
,EG987489356,CARD,GW-ATLAS,Voided,25,7246.76,EGP,0.0,24.4,-24.4,Voided,DQ-T02
,EG509980512,CARD,GW-NILE,Success,32,11693.13,EGP,442.34,229.57,212.77,Success,DQ-T02
2025-03-07,SA660258875,TOKEN,GW-NIMBUS,Success,4,778.84,SAR,1090.38,11.88,1078.5,Success,DQ-T09
,EG934737958,WALLET,GW-NILE,Success,13,3115.16,EGP,88.43,47.71,40.72,Success,DQ-T02
2026-04-22,SA247609412,CARD,GW-ORION,Success,147,-7684.95,SAR,-226.04,-131.32,-94.72,Success,DQ-T07
,SA851607798,TOKEN,GW-ORION,Success,26,1713.29,SAR,29.69,28.59,1.1,Success,DQ-T02
2025-11-18,EG998632198,WALLET,GW-NILE,PENDING_REVIEW,1,1612.78,EGP,0.0,0.41,-0.41,,DQ-T05
,EG161643120,LDEBIT,GW-NILE,Voided,1,850.57,EGP,0.0,0.41,-0.41,Voided,DQ-T02
2025-09-30,EG235600888,TOKEN,GW-NILE,Success,0,7824.95,EGP,185.62,101.29,84.33,Success,DQ-T08
2026-03-13,AE368709978,CARD,GW-ORION,Success,0,3776.4,AED,114.45,63.05,51.4,Success,DQ-T08
2025-11-18,EG623813968,LDEBIT,GW-NILE,CHARGEBACK?,1,2232.6,EGP,0.0,0.41,-0.41,,DQ-T05
,SA676493356,CARD,GW-ATLAS,Failed,9,943.61,SAR,0.0,0.68,-0.68,Failed,DQ-T02
2025-10-17,EG537339465,CARD,GW-ATLAS,PENDING_REVIEW,648,275024.84,EGP,6837.29,6423.99,413.3,,DQ-T05
2026-02-12,EG349230375,BNPL,GW-NILE,Success,1,-8187.74,EGP,-339.22,-236.22,-103.0,Success,DQ-T07
2024-10-31,EG389262771,WALLET,GW-NILE,UNKNOWN,7,2593.68,EGP,0.0,2.72,-2.72,,DQ-T05
2026-06-16,AE901159238,LDEBIT,GW-NIMBUS,Success,0,1868.24,AED,23.53,9.73,13.8,Success,DQ-T08
2025-11-08,XX573567436,CARD,GW-ORION,REFUND,4,196.01,SAR,0.0,2.25,-2.25,Refunded,DQ-T04
,OM284198769,CARD,GW-NIMBUS,Failed,20,296.91,OMR,0.0,0.12,-0.12,Failed,DQ-T02
2024-08-02,SA951904107,LDEBIT,GW-NIMBUS,CHARGEBACK?,1,194.36,SAR,0.0,0.06,-0.06,,DQ-T05
,SA508515348,TOKEN,GW-ORION,Failed,3,554.06,SAR,0.0,0.14,-0.14,Failed,DQ-T02
2024-10-15,XX858749463,TOKEN,GW-ATLAS,Success,1,14.27,OMR,0.39,0.24,0.15,Success,DQ-T04
2026-03-19,AE707625102,LDEBIT,GW-NIMBUS,Success,4,-1122.03,AED,-13.4,-5.71,-7.69,Success,DQ-T07
,SA218399497,TOKEN,GW-ATLAS,Failed,1,39.09,SAR,0.0,0.08,-0.08,Failed,DQ-T02
2025-10-31,EG724883181,LDEBIT,GW-NILE,Success,10,3368.14,EGP,4715.4,31.26,4684.14,Success,DQ-T09
,AE520556972,CARD,GW-ATLAS,Failed,55,7611.74,AED,0.0,4.04,-4.04,Failed,DQ-T02
2026-01-20,SA640104269,BNPL,GW-ATLAS,Success,2,3536.97,SAR,4951.76,122.39,4829.37,Success,DQ-T09
2025-11-17,AE301462734,LDEBIT,GW-NIMBUS,PENDING_REVIEW,11,454.18,AED,7.65,3.86,3.79,,DQ-T05
2025-04-04,EG431057266,CARD,GW-NILE,UNKNOWN,2,15663.04,EGP,0.0,14.91,-14.91,,DQ-T05
2026-01-25,OM667112904,CARD,GW-NIMBUS,UNKNOWN,49,142.63,OMR,5.42,3.15,2.27,,DQ-T05
2026-04-13,EG550259154,LDEBIT,GW-NILE,Success,0,1410.1,EGP,25.43,12.89,12.54,Success,DQ-T08
,EG293670432,CARD,GW-NILE,Success,18,5481.7,EGP,201.9,112.48,89.42,Success,DQ-T02
,EG511884968,TOKEN,GW-NILE,DECLINED,1,2036.82,EGP,0.0,0.4,-0.4,Failed,DQ-T02
2024-12-23,EG327394766,CARD,GW-ATLAS,Success,68,-105068.17,EGP,-2810.86,-1778.58,-1032.28,Success,DQ-T07
,AE861319254,CARD,GW-ATLAS,Success,2,251.61,AED,6.69,4.21,2.48,Success,DQ-T02
2025-04-19,OM892693620,TOKEN,GW-ATLAS,PENDING_REVIEW,4,76.83,OMR,1.91,1.28,0.63,,DQ-T05
2025-05-20,EG614572570,BNPL,GW-NILE,Success,5,-22028.16,EGP,-996.11,-636.4,-359.71,Success,DQ-T07
2025-01-29,XX560423247,TOKEN,GW-NILE,Failed,1,408.06,EGP,0.0,0.39,-0.39,Failed,DQ-T04
2025-07-23,OM441483176,CARD,GW-ATLAS,Success,14,-263.49,OMR,-6.08,-4.24,-1.84,Success,DQ-T07
2025-04-14,XX444506492,LDEBIT,GW-NIMBUS,Refunded,2,135.91,SAR,0.0,1.12,-1.12,Refunded,DQ-T04
2024-10-19,AE572051786,CARD,GW-NIMBUS,Success,0,1589.73,AED,51.26,30.06,21.2,Success,DQ-T08
,OM713381935,LDEBIT,GW-NIMBUS,Success,1,94.23,OMR,1.09,0.44,0.65,Success,DQ-T02
2024-12-14,SA852543984,CARD,GW-NIMBUS,Success,21,4516.41,SAR,6322.97,66.09,6256.88,Success,DQ-T09
,OM501692260,LDEBIT,GW-NIMBUS,Failed,1,58.56,OMR,0.0,0.01,-0.01,Failed,DQ-T02
2025-06-04,EG284431976,LDEBIT,GW-NILE,PENDING_REVIEW,2,1437.22,EGP,0.0,14.96,-14.96,,DQ-T05
,EG680139391,TOKEN,GW-ATLAS,Voided,1,400.04,EGP,0.0,0.98,-0.98,Voided,DQ-T02
2025-03-22,OM526413827,TOKEN,GW-NIMBUS,CHARGEBACK?,2,21.53,OMR,0.57,0.35,0.22,,DQ-T05
2025-10-17,AE634298413,LDEBIT,GW-NIMBUS,Success,9,-376.3,AED,-6.09,-3.18,-2.91,Success,DQ-T07
,SA640104269,CARD,GW-ORION,Failed,1,1734.22,SAR,0.0,0.04,-0.04,Failed,DQ-T02
,EG867935936,CARD,GW-NILE,Success,1,5984.78,EGP,135.63,75.42,60.21,Success,DQ-T02
2025-07-27,SA416884588,BNPL,GW-ATLAS,Success,0,1390.95,SAR,59.95,48.6,11.35,Success,DQ-T08
,EG537272220,CARD,GW-ATLAS,Success,4,6028.92,EGP,150.77,102.97,47.8,Success,DQ-T02
,SA577673991,TOKEN,GW-ORION,Success,3,627.58,SAR,16.81,9.02,7.79,Success,DQ-T02
2026-06-15,SA777243922,CARD,GW-NIMBUS,Success,0,115.53,SAR,3.64,2.05,1.59,Success,DQ-T08
,EG550259154,CARD,GW-ATLAS,Refunded,1,205.75,EGP,0.0,7.35,-7.35,Refunded,DQ-T02
,SA674924548,CARD,GW-ORION,DECLINED,5,272.61,SAR,0.0,0.22,-0.22,Failed,DQ-T02
,EG760725891,WALLET,GW-NILE,Success,17,19715.5,EGP,386.04,189.65,196.39,Success,DQ-T02
2024-11-18,OM141192539,LDEBIT,GW-NIMBUS,Success,17,209.01,OMR,292.61,1.23,291.38,Success,DQ-T09
2025-11-20,SA887216708,CARD,GW-NIMBUS,CHARGEBACK?,1,718.8,SAR,16.23,9.95,6.28,,DQ-T05
2025-06-01,XX775098826,CARD,GW-ATLAS,Failed,2,2294.18,EGP,0.0,2.0,-2.0,Failed,DQ-T04
2025-04-17,EG707758852,LDEBIT,GW-NILE,PENDING_REVIEW,1,616.07,EGP,0.0,0.4,-0.4,,DQ-T05
,EG686030808,CARD,GW-NILE,Success,1368,1145598.88,EGP,21666.08,17614.69,4051.39,Success,DQ-T02
,EG631107574,LDEBIT,GW-NILE,Success,7,1377.63,EGP,33.45,18.05,15.4,Success,DQ-T02
2024-12-16,XX459250174,TOKEN,GW-NILE,Failed,1,4034.64,EGP,0.0,0.39,-0.39,Failed,DQ-T04
,SA474123129,TOKEN,GW-NIMBUS,Voided,1,60.32,SAR,0.0,0.06,-0.06,Voided,DQ-T02
,EG248756723,CARD,GW-ATLAS,Failed,1,277.34,EGP,0.0,0.97,-0.97,Failed,DQ-T02
,EG724883181,CARD,GW-ATLAS,Refunded,3,873.21,EGP,0.0,23.09,-23.09,Refunded,DQ-T02
2025-06-09,EG704053078,WALLET,GW-NILE,PENDING_REVIEW,3,12314.64,EGP,0.0,1.2,-1.2,,DQ-T05
,EG645057217,BNPL,GW-NILE,Failed,1,1322.39,EGP,0.0,0.41,-0.41,Failed,DQ-T02
2025-06-21,SA487858809,BNPL,GW-ATLAS,Success,0,231.07,SAR,10.48,8.36,2.12,Success,DQ-T08
,EG578179109,BNPL,GW-ATLAS,Failed,1,11314.19,EGP,0.0,1.02,-1.02,Failed,DQ-T02
,EG400875498,CARD,GW-NILE,Failed,1,2327.16,EGP,0.0,0.39,-0.39,Failed,DQ-T02
2025-01-30,XX281560831,CARD,GW-NIMBUS,Success,5,1007.29,AED,27.13,14.79,12.34,Success,DQ-T04
2025-05-25,SA966321681,CARD,GW-NIMBUS,Success,8,-1063.15,SAR,-26.77,-16.3,-10.47,Success,DQ-T07
,EG305582435,CARD,GW-NILE,Failed,1,2142.89,EGP,0.0,0.4,-0.4,Failed,DQ-T02
2025-04-03,XX170167739,CARD,GW-ATLAS,Success,48,8952.47,SAR,228.29,143.85,84.44,Success,DQ-T04
,AE125858239,BNPL,GW-ATLAS,Failed,2,463.01,AED,0.0,0.15,-0.15,Failed,DQ-T02
,EG474518016,TOKEN,GW-ATLAS,Failed,4,5566.65,EGP,0.0,3.99,-3.99,Failed,DQ-T02
,AE798073466,BNPL,GW-ATLAS,Success,2,479.39,AED,21.33,16.71,4.62,Success,DQ-T02
2025-02-16,SA977935480,TOKEN,GW-ORION,CHARGEBACK?,1,103.39,SAR,0.0,0.04,-0.04,,DQ-T05
2025-08-28,AE346681166,CARD,GW-NIMBUS,Success,236,-34071.14,AED,-839.98,-516.3,-323.68,Success,DQ-T07
2024-12-10,AE667080643,TOKEN,GW-ATLAS,Success,0,677.8,AED,17.79,11.34,6.45,Success,DQ-T08
2025-02-22,SA474123129,LDEBIT,GW-NIMBUS,Success,0,2973.9,SAR,41.75,21.65,20.1,Success,DQ-T08
2025-11-26,XX672565653,LDEBIT,GW-NIMBUS,VOID,1,44.1,AED,0.0,0.06,-0.06,Voided,DQ-T04
2024-11-18,EG544696241,BNPL,GW-ATLAS,Success,0,6266.18,EGP,278.78,217.54,61.24,Success,DQ-T08
,SA337097778,CARD,GW-ORION,Success,153,59897.25,SAR,957.19,802.02,155.17,Success,DQ-T02
,EG110254241,WALLET,GW-NILE,Success,1,1346.67,EGP,27.34,12.71,14.63,Success,DQ-T02
2026-05-14,SA720574277,TOKEN,GW-ORION,Success,4,-320.35,SAR,-9.66,-5.15,-4.51,Success,DQ-T07
2026-03-18,EG888467038,CARD,GW-NILE,UNKNOWN,3,34311.59,EGP,766.22,425.09,341.13,,DQ-T05
2024-08-21,SA189309853,TOKEN,GW-NIMBUS,Success,2,581.59,SAR,814.23,8.63,805.6,Success,DQ-T09
2026-02-26,AE787062785,CARD,GW-ORION,Success,70,-10882.49,AED,-192.74,-154.81,-37.93,Success,DQ-T07
2026-02-05,OM761036673,LDEBIT,GW-NIMBUS,PENDING_REVIEW,4,15.55,OMR,0.0,0.02,-0.02,,DQ-T05
,OM284198769,LDEBIT,GW-NIMBUS,Refunded,9,163.79,OMR,0.0,0.52,-0.52,Refunded,DQ-T02
2025-10-30,EG389262771,WALLET,GW-NILE,PENDING_REVIEW,44,16929.81,EGP,401.61,214.66,186.95,,DQ-T05
,SA462175242,TOKEN,GW-ATLAS,Success,5,434.34,SAR,12.44,7.95,4.49,Success,DQ-T02
,SA344056722,CARD,GW-NIMBUS,Voided,1,3813.31,SAR,0.0,0.06,-0.06,Voided,DQ-T02
,SA512016562,CARD,GW-NIMBUS,Failed,7,263.08,SAR,0.0,0.39,-0.39,Failed,DQ-T02
,SA693304792,CARD,GW-NIMBUS,Failed,1,4516.61,SAR,0.0,0.06,-0.06,Failed,DQ-T02
2026-05-01,AE755836575,TOKEN,GW-ORION,UNKNOWN,4,536.76,AED,13.74,8.01,5.73,,DQ-T05
2026-03-24,EG760725891,WALLET,GW-NILE,PENDING_REVIEW,1,1112.71,EGP,0.0,0.41,-0.41,,DQ-T05
2024-10-12,SA887216708,CARD,GW-NIMBUS,UNKNOWN,2,1729.88,SAR,38.91,23.84,15.07,,DQ-T05
2024-07-22,XX573300563,CARD,GW-NILE,Voided,1,823.83,EGP,0.0,0.38,-0.38,Voided,DQ-T04
,EG763647415,TOKEN,GW-ATLAS,Success,1,5968.08,EGP,138.81,93.9,44.91,Success,DQ-T02
,SA909427280,LDEBIT,GW-NIMBUS,Success,73,11515.33,SAR,136.9,64.14,72.76,Success,DQ-T02
2026-03-18,EG449636175,TOKEN,GW-NILE,UNKNOWN,965,400768.02,EGP,9488.02,7688.42,1799.6,,DQ-T05
2025-09-13,AE779501806,TOKEN,GW-ORION,UNKNOWN,2,1268.75,AED,0.0,0.09,-0.09,,DQ-T05
,EG290794122,WALLET,GW-NILE,ERROR,1,3507.8,EGP,0.0,0.38,-0.38,Failed,DQ-T02
,SA860742247,TOKEN,GW-ATLAS,Success,501,97028.67,SAR,1716.84,1606.1,110.74,Success,DQ-T02
2024-07-22,EG290794122,CARD,GW-NILE,Success,0,24720.57,EGP,586.37,318.2,268.17,Success,DQ-T08
2024-07-30,XX970195546,LDEBIT,GW-NIMBUS,Success,62,3351.27,AED,50.94,25.33,25.61,Success,DQ-T04
2025-08-20,SA891035844,CARD,GW-ATLAS,UNKNOWN,4,908.71,SAR,0.0,2.25,-2.25,,DQ-T05
2024-10-09,EG799575469,TOKEN,GW-NILE,Success,0,3110.12,EGP,116.3,59.8,56.5,Success,DQ-T08
,EG724883181,TOKEN,GW-NILE,Success,15,4619.34,EGP,180.0,97.86,82.14,Success,DQ-T02
2025-03-22,SA891035844,CARD,GW-ATLAS,UNKNOWN,122,22181.17,SAR,540.39,357.26,183.13,,DQ-T05
2025-08-01,EG611254298,CARD,GW-ATLAS,Success,0,13167.15,EGP,474.51,320.08,154.43,Success,DQ-T08
,SA588810791,CARD,GW-ORION,Failed,56,7063.14,SAR,0.0,2.52,-2.52,Failed,DQ-T02
,SA589749602,LDEBIT,GW-NIMBUS,Failed,4,695.17,SAR,0.0,0.22,-0.22,Failed,DQ-T02
2026-02-11,SA577673991,LDEBIT,GW-NIMBUS,Success,3,462.98,SAR,648.17,2.59,645.58,Success,DQ-T09
2025-08-14,XX790339839,LDEBIT,GW-NIMBUS,Success,26,1220.8,SAR,18.87,9.88,8.99,Success,DQ-T04
,EG989134753,CARD,GW-NILE,Success,41,279708.17,EGP,4711.12,3504.08,1207.04,Success,DQ-T02
2024-10-13,XX193434198,CARD,GW-ORION,FAILED,14,862.71,AED,0.0,0.62,-0.62,Failed,DQ-T04
2026-02-17,XX737652541,LDEBIT,GW-NIMBUS,Refunded,1,30.96,OMR,0.0,0.06,-0.06,Refunded,DQ-T04
2025-11-27,SA754882184,LDEBIT,GW-NIMBUS,Success,0,1638.96,SAR,21.82,9.06,12.76,Success,DQ-T08
2024-12-26,SA860742247,CARD,GW-NIMBUS,CHARGEBACK?,25,4883.84,SAR,0.0,1.41,-1.41,,DQ-T05
,SA660258875,LDEBIT,GW-NIMBUS,Failed,1,188.27,SAR,0.0,0.06,-0.06,Failed,DQ-T02
2025-12-09,XX484879966,CARD,GW-NIMBUS,Failed,3,311.72,AED,0.0,0.17,-0.17,Failed,DQ-T04
,SA705652485,LDEBIT,GW-NIMBUS,Failed,11,1352.4,SAR,0.0,0.62,-0.62,Failed,DQ-T02
2025-11-15,EG237932689,LDEBIT,GW-NILE,Success,1,-501.58,EGP,-8.3,-3.82,-4.48,Success,DQ-T07
2025-01-04,AE538589512,CARD,GW-ATLAS,PENDING_REVIEW,1,160.9,AED,0.0,0.55,-0.55,,DQ-T05
,AE299289826,TOKEN,GW-ATLAS,REFUNDED,2,97.94,AED,0.0,1.1,-1.1,Refunded,DQ-T02
2026-05-10,XX176021837,CARD,GW-ATLAS,Failed,3,717.05,EGP,0.0,3.09,-3.09,Failed,DQ-T04
2025-12-15,AE932795909,CARD,GW-NIMBUS,UNKNOWN,798,231401.81,AED,4896.89,3314.42,1582.47,,DQ-T05
,EG344164016,LDEBIT,GW-NILE,Failed,1,341.21,EGP,0.0,0.41,-0.41,Failed,DQ-T02
2025-07-08,XX822172929,TOKEN,GW-ORION,Success,1,648.81,SAR,15.1,8.85,6.25,Success,DQ-T04
2026-04-27,SA218399497,LDEBIT,GW-NIMBUS,Success,22,-865.64,SAR,-14.72,-7.61,-7.11,Success,DQ-T07
,EG774885021,CARD,GW-NILE,Success,19,127289.77,EGP,3150.43,1595.15,1555.28,Success,DQ-T02
2025-10-23,SA206829187,CARD,GW-ORION,CHARGEBACK?,2,633.93,SAR,15.91,8.57,7.34,,DQ-T05
2025-04-15,EG327327982,WALLET,GW-NILE,Success,13,-3772.01,EGP,-107.62,-53.17,-54.45,Success,DQ-T07
2025-11-20,EG631107574,CARD,GW-NILE,APPROVED,25,7313.63,EGP,10239.08,156.4,10082.68,Success,DQ-T09
,SA289229597,CARD,GW-ORION,Failed,5,1890.0,SAR,0.0,0.22,-0.22,Failed,DQ-T02
,EG217500923,WALLET,GW-NILE,Success,18,10672.06,EGP,229.93,118.53,111.4,Success,DQ-T02
2024-07-05,EG988355477,CARD,GW-ATLAS,Success,0,10523.76,EGP,266.67,164.11,102.56,Success,DQ-T08
2026-03-02,EG783358166,LDEBIT,GW-NILE,PENDING_REVIEW,53,16406.79,EGP,333.93,162.15,171.78,,DQ-T05
2024-11-21,AE551105480,LDEBIT,GW-NIMBUS,Success,0,526.57,AED,6.14,2.53,3.61,Success,DQ-T08
2025-09-02,EG594214015,WALLET,GW-NILE,UNKNOWN,1,285.8,EGP,0.0,0.41,-0.41,,DQ-T05
2026-01-10,EG680228975,CARD,GW-NILE,Success,7,-61396.84,EGP,-993.07,-764.71,-228.36,Success,DQ-T07
,OM141192539,CARD,GW-ATLAS,Success,112,1790.86,OMR,42.59,29.3,13.29,Success,DQ-T02
2026-03-27,XX412516365,CARD,GW-NILE,Refunded,3,4340.67,EGP,0.0,23.22,-23.22,Refunded,DQ-T04
2025-10-25,EG552283131,CARD,GW-NILE,UNKNOWN,1,3377.47,EGP,0.0,0.4,-0.4,,DQ-T05
2025-06-11,AE201167720,BANKTR,GW-NIMBUS,Approved,2,11099.98,AED,15539.97,8.23,15531.74,Success,DQ-T09
,EG219821138,TOKEN,GW-NILE,Success,7,3021.06,EGP,102.4,56.25,46.15,Success,DQ-T02
2025-11-11,AE642488904,CARD,GW-ATLAS,UNKNOWN,46,67118.08,AED,973.97,991.08,-17.11,,DQ-T05
2025-05-08,EG468167807,LDEBIT,GW-NILE,SUCCESS,0,3444.81,EGP,44.49,15.69,28.8,Success,DQ-T08
2024-09-09,XX315362462,CARD,GW-NILE,Voided,3,617.36,EGP,0.0,1.16,-1.16,Voided,DQ-T04
2026-04-07,AE254819908,CARD,GW-NIMBUS,Success,4,704.68,AED,986.55,10.47,976.08,Success,DQ-T09
2025-10-24,SA139966565,CARD,GW-ATLAS,Success,0,6467.5,SAR,228.35,137.59,90.76,Success,DQ-T08
2025-10-13,AE878919871,CARD,GW-ORION,CHARGEBACK?,48,10579.62,AED,0.0,2.12,-2.12,,DQ-T05
2024-09-08,AE339334302,BANKTR,GW-NIMBUS,Success,11,85288.12,AED,119403.37,57.39,119345.98,Success,DQ-T09
,EG888467038,LDEBIT,GW-NILE,Success,1,8335.43,EGP,91.63,35.47,56.16,Success,DQ-T02
2025-07-30,SA307616362,LDEBIT,GW-NIMBUS,PENDING_REVIEW,14,716.56,SAR,0.0,0.79,-0.79,,DQ-T05
2024-11-02,XX200862545,CARD,GW-ORION,FAILED,18,746.23,AED,0.0,0.79,-0.79,Failed,DQ-T04
,SA190250693,CARD,GW-NIMBUS,Success,2,1399.31,SAR,33.95,19.38,14.57,Success,DQ-T02
2024-10-20,EG237932689,WALLET,GW-NILE,Success,3,-1404.58,EGP,-33.38,-16.48,-16.9,Success,DQ-T07
,AE502481662,BANKTR,GW-NIMBUS,FAILED,6,2640.66,AED,0.0,0.33,-0.33,Failed,DQ-T02
2025-02-10,XX642720629,LDEBIT,GW-NILE,Failed,1,290.21,EGP,0.0,0.39,-0.39,Failed,DQ-T04
2025-10-30,AE468236624,CARD,GW-ORION,Success,3,5768.47,AED,8075.86,74.61,8001.25,Success,DQ-T09
,EG903275069,WALLET,GW-NILE,Success,84,46640.16,EGP,1046.32,527.44,518.88,Success,DQ-T02
2025-03-06,XX402838561,WALLET,GW-NILE,Failed,3,642.92,EGP,0.0,1.19,-1.19,Failed,DQ-T04
2024-09-18,SA776589285,LDEBIT,GW-NIMBUS,Success,5,-876.19,SAR,-10.82,-4.79,-6.03,Success,DQ-T07
,SA860742247,CARD,GW-NIMBUS,Success,1910,371900.31,SAR,6447.51,5486.22,961.29,Success,DQ-T02
2026-06-02,EG544029480,TOKEN,GW-NILE,PENDING_REVIEW,13,14186.05,EGP,395.56,214.18,181.38,,DQ-T05
2025-03-25,XX858369714,LDEBIT,GW-NILE,Success,1,1129.96,EGP,15.83,6.31,9.52,Success,DQ-T04
2026-05-07,XX155716673,LDEBIT,GW-NIMBUS,Success,380,16806.4,SAR,254.44,139.75,114.69,Success,DQ-T04
2026-04-16,SA925677957,TOKEN,GW-NIMBUS,Success,0,1437.15,SAR,35.95,20.61,15.34,Success,DQ-T08
2026-03-14,XX262805117,CARD,GW-NIMBUS,Success,4,530.94,SAR,13.37,8.14,5.23,Success,DQ-T04
,SA719526386,CARD,GW-ORION,Success,1,185.24,SAR,4.34,2.6,1.74,Success,DQ-T02
,EG348432509,LDEBIT,GW-NILE,Success,2,10828.54,EGP,129.33,47.31,82.02,Success,DQ-T02
2024-10-29,EG918104848,CARD,GW-ATLAS,UNKNOWN,1,386.58,EGP,0.0,0.97,-0.97,,DQ-T05
2026-02-22,EG877654092,CARD,GW-NILE,Success,897,-861177.15,EGP,-16136.48,-12902.45,-3234.03,Success,DQ-T07
,EG989134753,LDEBIT,GW-NILE,Refunded,1,5318.5,EGP,0.0,7.32,-7.32,Refunded,DQ-T02
2024-11-15,SA189309853,CARD,GW-ORION,Success,0,2531.57,SAR,57.57,34.91,22.66,Success,DQ-T08
,SA186131558,TOKEN,GW-NIMBUS,Success,2,571.25,SAR,14.82,8.48,6.34,Success,DQ-T02
2025-11-11,EG843137256,CARD,GW-ATLAS,Success,0,-30437.45,EGP,-831.83,-534.3,-297.53,Success,DQ-T07;DQ-T08
,EG181564804,CARD,GW-ATLAS,Voided,144,70163.12,EGP,0.0,143.16,-143.16,Voided,DQ-T02
,AE878919871,TOKEN,GW-NIMBUS,Failed,1,220.41,AED,0.0,0.06,-0.06,Failed,DQ-T02
,EG934454177,LDEBIT,GW-NILE,Voided,3,4105.83,EGP,0.0,1.2,-1.2,Voided,DQ-T02
,EG327394766,LDEBIT,GW-NILE,Refunded,4,7494.04,EGP,0.0,30.86,-30.86,Refunded,DQ-T02
,AE918231431,CARD,GW-ORION,Success,9,6465.73,AED,151.21,84.86,66.35,Success,DQ-T02
,SA256650029,CARD,GW-NIMBUS,Voided,2,251.61,SAR,0.0,0.11,-0.11,Voided,DQ-T02
,EG761087060,CARD,GW-NILE,Refunded,5,4707.42,EGP,0.0,38.58,-38.58,Refunded,DQ-T02
2025-03-31,XX449405555,CARD,GW-ATLAS,Success,2,4388.57,EGP,120.66,71.3,49.36,Success,DQ-T04
2026-04-08,SA710370541,CARD,GW-ORION,Success,172,105169.58,SAR,147237.41,1386.65,145850.76,Success,DQ-T09
,EG611254298,LDEBIT,GW-NILE,Success,4,1874.08,EGP,31.01,14.62,16.39,Success,DQ-T02
,EG509980512,TOKEN,GW-NILE,Success,7,2321.89,EGP,90.63,47.46,43.17,Success,DQ-T02
,EG680139391,CARD,GW-NILE,Voided,3,1217.35,EGP,0.0,1.19,-1.19,Voided,DQ-T02
2024-09-06,SA914955375,CARD,GW-ORION,UNKNOWN,2,462.71,SAR,0.0,0.09,-0.09,,DQ-T05
2026-02-20,AE545364971,CARD,GW-ORION,Success,0,484.13,AED,13.09,7.3,5.79,Success,DQ-T08
,AE732739303,CARD,GW-ATLAS,Voided,1,206.57,AED,0.0,0.07,-0.07,Voided,DQ-T02
,SA589749602,LDEBIT,GW-NIMBUS,Voided,1,173.79,SAR,0.0,0.06,-0.06,Voided,DQ-T02
2024-08-14,EG622517179,WALLET,GW-NILE,PENDING_REVIEW,2,867.95,EGP,0.0,0.78,-0.78,,DQ-T05
2024-10-08,XX432297790,BNPL,GW-ATLAS,Failed,20,1367.91,SAR,0.0,1.5,-1.5,Failed,DQ-T04
2026-06-11,EG930327972,TOKEN,GW-NILE,PENDING_REVIEW,1,6733.94,EGP,175.1,87.57,87.53,,DQ-T05
2026-01-07,SA382289892,TOKEN,GW-NIMBUS,CHARGEBACK?,1,207.94,SAR,0.0,0.06,-0.06,,DQ-T05
,AE719619202,TOKEN,GW-NIMBUS,Success,4,942.99,AED,24.7,14.16,10.54,Success,DQ-T02
2026-05-22,AE934539772,CARD,GW-NIMBUS,PENDING_REVIEW,3,1277.85,AED,32.32,17.97,14.35,,DQ-T05
2024-09-17,SA124881724,CARD,GW-NIMBUS,CHARGEBACK?,1,91.02,SAR,0.0,0.56,-0.56,,DQ-T05
2025-08-26,EG215045135,TOKEN,GW-ATLAS,Success,5,51232.11,EGP,71724.95,792.93,70932.02,Success,DQ-T09
,EG215045135,TOKEN,GW-ATLAS,Success,3,21377.4,EGP,345.27,334.02,11.25,Success,DQ-T02
2025-02-11,XX806904159,LDEBIT,GW-NILE,Failed,2,1681.13,EGP,0.0,0.79,-0.79,Failed,DQ-T04
2024-11-15,EG327394766,LDEBIT,GW-NILE,Success,14,-25016.86,EGP,-322.6,-125.23,-197.37,Success,DQ-T07
2026-06-21,AE366451684,CARD,GW-ORION,Success,5,728.26,AED,1019.56,10.43,1009.13,Success,DQ-T09
,EG989134753,CARD,GW-NILE,Success,56,389876.52,EGP,6569.67,4886.42,1683.25,Success,DQ-T02
2026-05-22,SA161949441,CARD,GW-ORION,Success,3,-2678.42,SAR,-56.68,-35.01,-21.67,Success,DQ-T07
2025-10-26,AE125858239,BNPL,GW-ATLAS,Success,19,-4445.4,AED,-188.26,-155.03,-33.23,Success,DQ-T07
2025-08-27,OM436896345,CARD,GW-ATLAS,UNKNOWN,49,150.81,OMR,5.29,3.59,1.7,,DQ-T05
2025-12-12,XX524348054,LDEBIT,GW-NILE,Success,97,41144.58,EGP,720.87,339.45,381.42,Success,DQ-T04
2026-02-28,AE878919871,CARD,GW-ORION,Success,168,38218.75,AED,53506.25,526.67,52979.58,Success,DQ-T09
,SA901680809,LDEBIT,GW-NIMBUS,Success,1,305.05,SAR,3.55,1.54,2.01,Success,DQ-T02
,SA110751010,CARD,GW-ORION,Refunded,3,208.16,SAR,0.0,1.69,-1.69,Refunded,DQ-T02
2026-05-21,EG181564804,LDEBIT,GW-NILE,UNKNOWN,25,16719.17,EGP,0.0,193.33,-193.33,,DQ-T05
,EG655465870,CARD,GW-ATLAS,Voided,3,953.31,EGP,0.0,2.94,-2.94,Voided,DQ-T02
2025-09-06,AE426640224,CARD,GW-ATLAS,PENDING_REVIEW,44,3493.15,AED,93.46,62.89,30.57,,DQ-T05
2026-01-31,SA426436949,CARD,GW-NIMBUS,UNKNOWN,35,2393.85,SAR,0.0,1.97,-1.97,,DQ-T05
,SA777243922,LDEBIT,GW-NIMBUS,SETTLED,1,74.61,SAR,1.1,0.5,0.6,Success,DQ-T02
2025-11-09,SA912413819,TOKEN,GW-ATLAS,PENDING_REVIEW,9,301.03,SAR,0.0,0.68,-0.68,,DQ-T05
,EG509980512,WALLET,GW-NILE,Voided,2,661.0,EGP,0.0,0.78,-0.78,Voided,DQ-T02
2026-01-11,EG331354329,WALLET,GW-NILE,Success,0,25629.63,EGP,473.21,324.29,148.92,Success,DQ-T08
2024-07-28,XX736375911,BNPL,GW-ATLAS,SUCCESS,11,2075.92,AED,87.92,72.55,15.37,Success,DQ-T04
2025-06-15,EG219821138,BNPL,GW-NILE,PENDING_REVIEW,3,1194.25,EGP,52.68,35.59,17.09,,DQ-T05
,EG327394766,WALLET,GW-NILE,Refunded,6,9671.83,EGP,0.0,45.31,-45.31,Refunded,DQ-T02
2024-10-16,XX628354217,TOKEN,GW-ATLAS,REFUNDED,1,405.59,EGP,0.0,7.29,-7.29,Refunded,DQ-T04
2026-06-02,SA712951009,CARD,GW-NIMBUS,Success,0,1332.49,SAR,29.62,18.48,11.14,Success,DQ-T08
2025-05-22,AE671906697,CARD,GW-ORION,CHARGEBACK?,383,24308.61,AED,0.0,16.88,-16.88,,DQ-T05
,EG266138287,TOKEN,GW-NILE,Success,2,528.42,EGP,22.43,12.12,10.31,Success,DQ-T02
2024-09-12,OM222996492,BANKTR,GW-NIMBUS,CAPTURED,15,-11136.61,OMR,-25.92,-7.67,-18.25,Success,DQ-T07
2026-03-04,AE285502973,CARD,GW-NIMBUS,CHARGEBACK?,5,802.3,AED,0.0,0.28,-0.28,,DQ-T05
,SA508515348,BNPL,GW-ATLAS,Refunded,3,617.64,SAR,0.0,1.69,-1.69,Refunded,DQ-T02
,SA776589285,BNPL,GW-ATLAS,Success,2,345.04,SAR,15.92,12.07,3.85,Success,DQ-T02
,EG449636175,LDEBIT,GW-NILE,Failed,66,26636.6,EGP,0.0,25.77,-25.77,Failed,DQ-T02
,SA819868069,CARD,GW-NIMBUS,Success,637,84595.48,SAR,1784.38,1297.31,487.07,Success,DQ-T02
2024-08-15,AE299289826,TOKEN,GW-ATLAS,APPROVED,14,889.98,AED,1245.97,17.26,1228.71,Success,DQ-T09
,EG704053078,WALLET,GW-NILE,Success,35,140692.34,EGP,1843.35,1198.7,644.65,Success,DQ-T02
2026-05-13,OM716128158,TOKEN,GW-NIMBUS,Success,1,-15.05,OMR,-0.38,-0.24,-0.14,Success,DQ-T07
2026-01-08,EG792191738,WALLET,GW-NILE,CHARGEBACK?,2,1614.89,EGP,0.0,0.81,-0.81,,DQ-T05
,EG744743048,TOKEN,GW-NILE,Success,29,33599.32,EGP,962.49,501.64,460.85,Success,DQ-T02
2026-02-15,EG389262771,WALLET,GW-NILE,Approved,43,-17697.71,EGP,-414.35,-220.57,-193.78,Success,DQ-T07
2026-02-11,EG823617801,TOKEN,GW-ATLAS,Success,0,1602.25,EGP,70.7,47.01,23.69,Success,DQ-T08
2025-02-11,SA206829187,CARD,GW-ORION,UNKNOWN,1,244.13,SAR,0.0,0.04,-0.04,,DQ-T05
2024-12-28,OM939316312,CARD,GW-NIMBUS,UNKNOWN,27,263.11,OMR,7.38,4.23,3.15,,DQ-T05
,EG783358166,WALLET,GW-NILE,Failed,2,579.95,EGP,0.0,0.81,-0.81,Failed,DQ-T02
2026-06-07,EG537272220,WALLET,GW-NILE,Success,0,3626.87,EGP,67.89,32.98,34.91,Success,DQ-T08
2026-04-12,EG614572570,BNPL,GW-NILE,Success,0,10887.47,EGP,492.33,314.38,177.95,Success,DQ-T08
2025-11-08,EG799496821,TOKEN,GW-ATLAS,Success,47,-41664.03,EGP,-814.95,-807.24,-7.71,Success,DQ-T07
2025-12-17,SA771478693,LDEBIT,GW-NIMBUS,UNKNOWN,1,133.45,SAR,0.0,0.06,-0.06,,DQ-T05
2024-12-19,XX543941675,CARD,GW-NIMBUS,Success,1096,312372.31,AED,6615.34,4478.66,2136.68,Success,DQ-T04
2024-08-01,SA775621648,CARD,GW-ATLAS,Success,13,-533.19,SAR,-17.21,-11.38,-5.83,Success,DQ-T07
,EG403388419,LDEBIT,GW-NILE,Success,15,21521.11,EGP,269.2,112.9,156.3,Success,DQ-T02
,EG283786715,LDEBIT,GW-NILE,Success,6,5982.35,EGP,89.29,34.52,54.77,Success,DQ-T02
2026-03-26,AE174460555,CARD,GW-NIMBUS,Success,0,157.0,AED,4.12,2.36,1.76,Success,DQ-T08
2024-10-16,SA900572493,CARD,GW-ATLAS,PENDING_REVIEW,19,6972.49,SAR,175.45,106.93,68.52,,DQ-T05
2026-06-09,XX475016313,CARD,GW-ATLAS,Success,660,5204.02,OMR,93.26,94.65,-1.39,Success,DQ-T04
2025-03-15,XX978650514,CARD,GW-ATLAS,Success,3,20985.85,EGP,488.47,316.94,171.53,Success,DQ-T04
2026-05-26,EG686030808,LDEBIT,GW-NILE,CHARGEBACK?,3,2536.86,EGP,0.0,1.24,-1.24,,DQ-T05
,SA764037736,CARD,GW-ORION,Success,560,123238.52,SAR,2338.68,1704.87,633.81,Success,DQ-T02
2025-10-02,SA508515348,LDEBIT,GW-NIMBUS,PENDING_REVIEW,1,184.69,SAR,0.0,0.06,-0.06,,DQ-T05
,SA375386305,LDEBIT,GW-NIMBUS,Success,2,366.33,SAR,4.77,1.99,2.78,Success,DQ-T02
,EG182012188,TOKEN,GW-NILE,Success,6,3119.35,EGP,108.22,55.62,52.6,Success,DQ-T02
2025-02-05,SA295911590,CARD,GW-ORION,CHARGEBACK?,5,1000.82,SAR,25.0,13.95,11.05,,DQ-T05
2024-07-20,SA951904107,CARD,GW-ATLAS,CHARGEBACK?,44,8230.93,SAR,209.84,132.22,77.62,,DQ-T05
2024-07-13,OM334471218,LDEBIT,GW-NIMBUS,CHARGEBACK?,1,24.21,OMR,0.0,0.01,-0.01,,DQ-T05
,SA407055199,TOKEN,GW-NIMBUS,Failed,3,316.9,SAR,0.0,0.17,-0.17,Failed,DQ-T02
2025-02-19,SA582972742,CARD,GW-NIMBUS,UNKNOWN,14,2475.29,SAR,66.9,36.83,30.07,,DQ-T05
2025-11-05,XX238910949,LDEBIT,GW-NIMBUS,Success,5,38.82,OMR,0.52,0.26,0.26,Success,DQ-T04
,AE360087333,CARD,GW-NIMBUS,Success,40,2081.87,AED,61.82,37.65,24.17,Success,DQ-T02
2025-04-02,AE901159238,CARD,GW-NIMBUS,PENDING_REVIEW,30,6639.87,AED,171.26,96.8,74.46,,DQ-T05
2025-09-08,EG259754316,CARD,GW-ATLAS,PENDING_REVIEW,63,23636.12,EGP,838.04,582.07,255.97,,DQ-T05
2026-03-26,XX637070669,CARD,GW-NIMBUS,Failed,84,326.64,OMR,0.0,0.48,-0.48,Failed,DQ-T04
,SA892484380,CARD,GW-ATLAS,Success,5,6058.96,SAR,140.42,89.73,50.69,Success,DQ-T02
2025-02-08,AE609791679,CARD,GW-NIMBUS,PENDING_REVIEW,2,204.79,AED,0.0,0.11,-0.11,,DQ-T05
2025-08-05,EG150005962,WALLET,GW-NILE,UNKNOWN,5,3627.56,EGP,74.32,38.04,36.28,,DQ-T05
2025-07-04,AE307567415,CARD,GW-NIMBUS,PENDING_REVIEW,891,163631.6,AED,3125.33,2421.72,703.61,,DQ-T05
,SA777243922,TOKEN,GW-ORION,Success,1,87.07,SAR,2.59,1.38,1.21,Success,DQ-T02
,EG537155658,CARD,GW-NILE,Voided,2,445.38,EGP,0.0,0.79,-0.79,Voided,DQ-T02
2024-11-20,EG981274071,WALLET,GW-NILE,Success,0,49446.27,EGP,1219.98,602.06,617.92,Success,DQ-T08
2025-09-02,EG943656964,LDEBIT,GW-NILE,Success,1,597.93,EGP,837.1,4.2,832.9,Success,DQ-T09
,OM761036673,TOKEN,GW-ATLAS,Voided,3,11.67,OMR,0.0,0.02,-0.02,Voided,DQ-T02
2025-05-31,XX366673949,TOKEN,GW-ORION,Failed,1,116.9,SAR,0.0,0.04,-0.04,Failed,DQ-T04
2025-01-27,EG304469248,LDEBIT,GW-NILE,Success,5,-23460.89,EGP,-271.76,-103.59,-168.17,Success,DQ-T07
,EG342155019,CARD,GW-NILE,Success,1,115378.76,EGP,1962.62,1404.5,558.12,Success,DQ-T02
,EG877654092,CARD,GW-NILE,Success,557,495951.21,EGP,9341.76,7466.41,1875.35,Success,DQ-T02
,OM780225802,CARD,GW-NIMBUS,Failed,7,34.73,OMR,0.0,0.04,-0.04,Failed,DQ-T02
2025-05-18,SA435110503,CARD,GW-NIMBUS,PENDING_REVIEW,2,731.4,SAR,0.0,0.11,-0.11,,DQ-T05
,AE732739303,CARD,GW-ATLAS,Failed,4,826.28,AED,0.0,0.29,-0.29,Failed,DQ-T02
,EG578179109,TOKEN,GW-ATLAS,Success,1,12768.19,EGP,297.97,196.61,101.36,Success,DQ-T02
2026-04-14,XX408283548,TOKEN,GW-NIMBUS,Failed,3,46.18,OMR,0.0,0.02,-0.02,Failed,DQ-T04
2026-05-15,XX568555860,TOKEN,GW-NIMBUS,Success,7,103.34,OMR,2.76,1.62,1.14,Success,DQ-T04
2025-04-08,OM898958663,LDEBIT,GW-NIMBUS,Success,0,45.7,OMR,0.55,0.22,0.33,Success,DQ-T08
,EG468145711,WALLET,GW-NILE,Success,2,1336.69,EGP,30.76,14.32,16.44,Success,DQ-T02
2024-11-24,EG903275069,CARD,GW-NILE,Success,161,79608.54,EGP,111451.96,1383.65,110068.31,Success,DQ-T09
2025-03-18,XX939538028,CARD,GW-NIMBUS,Failed,1,256.79,AED,0.0,0.06,-0.06,Failed,DQ-T04
,AE904440734,CARD,GW-ATLAS,Success,50,2553.56,AED,86.13,50.82,35.31,Success,DQ-T02
2025-02-09,XX584631471,CARD,GW-NIMBUS,Failed,1,46.93,SAR,0.0,0.06,-0.06,Failed,DQ-T04
2026-05-02,EG293670432,WALLET,GW-NILE,Success,5,1570.67,EGP,2198.94,21.74,2668.29,Success,DQ-T09
2025-02-16,XX702296846,TOKEN,GW-ORION,Voided,21,1332.85,AED,0.0,0.93,-0.93,Voided,DQ-T04
2026-03-01,EG279421850,CARD,GW-NILE,Success,62,-199309.55,EGP,-3388.95,-2591.15,-797.8,Success,DQ-T07
,EG774885021,TOKEN,GW-NILE,Success,4,32767.73,EGP,824.53,423.35,401.18,Success,DQ-T02
2024-12-18,SA556781756,BNPL,GW-ATLAS,PENDING_REVIEW,4,207.0,SAR,0.0,0.3,-0.3,,DQ-T05
2026-04-12,XX783616437,CARD,GW-NILE,Failed,2,4912.99,EGP,0.0,0.82,-0.82,Failed,DQ-T04
,SA860742247,CARD,GW-NIMBUS,Success,1785,350513.89,SAR,6072.65,5167.03,905.62,Success,DQ-T02
2026-01-03,EG537339465,TOKEN,GW-ATLAS,Approved,193,-81152.98,EGP,-2055.62,-1948.52,-107.1,Success,DQ-T07
,SA474123129,BNPL,GW-ATLAS,Success,24,1421.95,SAR,63.69,50.94,12.75,Success,DQ-T02
,EG219821138,TOKEN,GW-NILE,Success,6,2940.47,EGP,96.17,52.89,43.28,Success,DQ-T02
,EG926950694,WALLET,GW-NILE,Failed,7,8530.37,EGP,0.0,2.85,-2.85,Failed,DQ-T02
,OM141192539,LDEBIT,GW-NIMBUS,Success,24,361.57,OMR,4.24,2.04,2.2,Success,DQ-T02
,EG987489356,CARD,GW-ATLAS,Refunded,86,36593.1,EGP,0.0,657.04,-657.04,Refunded,DQ-T02
2026-04-24,EG429684322,LDEBIT,GW-NILE,PENDING_REVIEW,1,351.96,EGP,0.0,0.41,-0.41,,DQ-T05
,EG740706106,BNPL,GW-ATLAS,Failed,1,8851.26,EGP,0.0,1.03,-1.03,Failed,DQ-T02
,EG823617801,WALLET,GW-NILE,Success,3,697.76,EGP,21.01,10.89,10.12,Success,DQ-T02
,EG123423908,WALLET,GW-NILE,Success,5,12386.88,EGP,244.79,108.78,136.01,Success,DQ-T02
,OM805525842,TOKEN,GW-NIMBUS,Failed,3,43.0,OMR,0.0,0.02,-0.02,Failed,DQ-T02
,EG511884968,WALLET,GW-NILE,Success,4,9997.48,EGP,178.13,87.76,90.37,Success,DQ-T02
2025-04-16,XX201639992,LDEBIT,GW-NILE,SETTLED,25,35605.07,EGP,443.47,187.7,255.77,Success,DQ-T04
2024-11-10,AE901159238,TOKEN,GW-ORION,Success,5,-1021.19,AED,-27.03,-14.67,-12.36,Success,DQ-T07
2025-06-16,OM526413827,CARD,GW-NIMBUS,CHARGEBACK?,2,28.4,OMR,0.0,0.12,-0.12,,DQ-T05
2025-10-17,EG249264164,TOKEN,GW-ATLAS,CHARGEBACK?,7,7471.02,EGP,214.51,139.04,75.47,,DQ-T05
,EG774885021,TOKEN,GW-NILE,APPROVED,3,15758.26,EGP,401.73,206.35,195.38,Success,DQ-T02
2025-08-06,SA315873581,LDEBIT,GW-NIMBUS,CHARGEBACK?,41,1700.18,SAR,15.63,14.57,1.06,,DQ-T05
2025-08-27,AE932795909,CARD,GW-NIMBUS,UNKNOWN,16,4618.78,AED,0.0,0.88,-0.88,,DQ-T05
2024-12-06,XX902299979,CARD,GW-ORION,Voided,2,72.85,SAR,0.0,0.09,-0.09,Voided,DQ-T04
2025-08-04,AE918231431,TOKEN,GW-NIMBUS,Success,5,-4329.75,AED,-103.07,-61.81,-41.26,Success,DQ-T07
2025-10-02,EG799496821,LDEBIT,GW-NILE,Success,32,-28913.26,EGP,-271.38,-173.48,-97.9,Success,DQ-T07
2026-06-01,SA763491142,LDEBIT,GW-NIMBUS,Success,5,-1634.47,SAR,-20.05,-8.2,-11.85,Success,DQ-T07
,EG697551722,CARD,GW-ATLAS,Voided,1,1182.54,EGP,0.0,1.03,-1.03,Voided,DQ-T02
2026-02-15,XX748955179,CARD,GW-ATLAS,Success,10,12419.85,AED,195.4,183.8,11.6,Success,DQ-T04
2024-10-08,AE360087333,TOKEN,GW-ORION,UNKNOWN,5,295.03,AED,8.66,5.02,3.64,,DQ-T05
,AE998528073,CARD,GW-ORION,Success,7,1372.81,AED,35.33,19.13,16.2,Success,DQ-T02
2024-07-20,XX432848738,LDEBIT,GW-NILE,Success,5,3600.29,EGP,53.64,23.0,30.64,Success,DQ-T04
,SA779341840,BNPL,GW-ATLAS,Success,27,4043.61,SAR,187.22,141.77,45.45,Success,DQ-T02
,SA988802623,LDEBIT,GW-NIMBUS,Failed,4,1006.34,SAR,0.0,0.22,-0.22,Failed,DQ-T02
,SA556781756,LDEBIT,GW-NIMBUS,Failed,6,310.5,SAR,0.0,0.34,-0.34,Failed,DQ-T02
2025-12-01,EG699756627,WALLET,GW-NILE,Success,0,1864.4,EGP,40.17,16.88,23.29,Success,DQ-T08
2025-10-30,AE521533668,CARD,GW-ORION,APPROVED,1,-324.79,AED,-8.06,-4.38,-3.68,Success,DQ-T07
2025-12-19,EG219821138,WALLET,GW-NILE,PENDING_REVIEW,8,3201.04,EGP,76.83,40.18,36.65,,DQ-T05
2024-10-10,EG373280861,WALLET,GW-NILE,Success,0,361.3,EGP,8.96,4.63,4.33,Success,DQ-T08
2025-07-18,SA897535524,TOKEN,GW-NIMBUS,Success,0,1392.95,SAR,34.07,19.99,14.08,Success,DQ-T08
,SA966321681,CARD,GW-NIMBUS,Success,4,402.13,SAR,10.51,6.4,4.11,Success,DQ-T02
2026-04-02,AE889475271,TOKEN,GW-ORION,Success,18,-825.11,AED,-26.88,-14.91,-11.97,Success,DQ-T07
,SA660258875,CARD,GW-NIMBUS,Refunded,3,301.91,SAR,0.0,1.69,-1.69,Refunded,DQ-T02
,SA972748866,LDEBIT,GW-NIMBUS,Refunded,8,1036.11,SAR,0.0,4.5,-4.5,Refunded,DQ-T02
2025-05-22,EG216145371,WALLET,GW-NILE,Success,2,-5214.8,EGP,-103.89,-45.73,-58.16,Success,DQ-T07
2025-06-25,XX292808227,CARD,GW-ATLAS,Failed,1,860.44,EGP,0.0,1.0,-1.0,Failed,DQ-T04
2025-05-29,AE787062785,LDEBIT,GW-NIMBUS,Success,0,2857.3,AED,25.28,16.49,8.79,Success,DQ-T08
,SA306273888,LDEBIT,GW-NIMBUS,Refunded,3,155.1,SAR,0.0,1.69,-1.69,Refunded,DQ-T02
2026-03-16,SA397646855,LDEBIT,GW-NIMBUS,PENDING_REVIEW,217,11334.95,SAR,108.41,87.63,20.78,,DQ-T05
2026-06-29,XX465581311,TOKEN,GW-ORION,Refunded,2,90.1,SAR,0.0,1.12,-1.12,Refunded,DQ-T04
2026-03-14,AE346681166,CARD,GW-NIMBUS,PENDING_REVIEW,15,2835.13,AED,0.0,8.26,-8.26,,DQ-T05
,SA845331728,TOKEN,GW-ORION,Success,1,853.79,SAR,18.99,11.58,7.41,Success,DQ-T02
2026-04-14,EG849029255,TOKEN,GW-ATLAS,Success,56,-23443.64,EGP,-897.16,-567.09,-330.07,Success,DQ-T07
2025-12-20,SA720574277,BNPL,GW-ATLAS,CHARGEBACK?,2,148.58,SAR,7.34,5.29,2.05,,DQ-T05
2026-04-02,EG987489356,WALLET,GW-NILE,CHARGEBACK?,34,13739.28,EGP,0.0,261.67,-261.67,,DQ-T05
,SA887216708,BNPL,GW-ATLAS,Success,1,666.21,SAR,29.39,23.1,6.29,Success,DQ-T02
,AE832517070,CARD,GW-NIMBUS,Success,35,8192.48,AED,196.45,118.95,77.5,Success,DQ-T02
2024-09-01,EG624580946,LDEBIT,GW-NILE,Success,38,-8051.69,EGP,-180.46,-96.77,-83.69,Success,DQ-T07
,AE345303542,TOKEN,GW-ORION,Approved,8,421.45,AED,13.65,7.35,6.3,Success,DQ-T02
2025-08-29,XX425412620,BNPL,GW-ATLAS,Success,4,403.48,AED,18.92,14.24,4.68,Success,DQ-T04
2025-05-17,SA951904107,TOKEN,GW-ATLAS,CHARGEBACK?,2,388.72,SAR,0.0,0.15,-0.15,,DQ-T05
2025-03-06,EG750576392,LDEBIT,GW-NILE,UNKNOWN,2,1225.31,EGP,19.93,8.42,11.51,,DQ-T05
2025-02-21,AE782539735,TOKEN,GW-ORION,CHARGEBACK?,37,1625.49,AED,49.66,29.7,19.96,,DQ-T05
2024-12-29,OM526413827,LDEBIT,GW-NIMBUS,PENDING_REVIEW,3,23.16,OMR,0.31,0.16,0.15,,DQ-T05
,AE132301545,TOKEN,GW-NIMBUS,Refunded,1,185.34,AED,0.0,0.55,-0.55,Refunded,DQ-T02
,AE410140017,CARD,GW-NIMBUS,Success,750,122498.16,AED,1904.71,1832.76,71.95,Success,DQ-T02
,AE808885338,CARD,GW-ORION,SUCCESS,4,788.6,AED,20.78,10.98,9.8,Success,DQ-T02
,EG537155658,WALLET,GW-NILE,Refunded,1,280.59,EGP,0.0,7.65,-7.65,Refunded,DQ-T02
,SA165160063,LDEBIT,GW-NIMBUS,Refunded,1,108.06,SAR,0.0,0.56,-0.56,Refunded,DQ-T02
2025-06-26,AE787062785,TOKEN,GW-ORION,Success,0,4586.35,AED,83.28,67.77,15.51,Success,DQ-T08
,SA124881724,LDEBIT,GW-NIMBUS,Failed,4,466.29,SAR,0.0,0.22,-0.22,Failed,DQ-T02
2024-08-13,AE671906697,TOKEN,GW-ORION,CHARGEBACK?,1415,90007.49,AED,1679.26,1506.3,172.96,,DQ-T05
2025-04-04,SA295911590,CARD,GW-ORION,Success,5,-900.75,SAR,-22.69,-12.66,-10.03,Success,DQ-T07
2025-11-30,EG474518016,LDEBIT,GW-NILE,CHARGEBACK?,3,4272.04,EGP,0.0,1.22,-1.22,,DQ-T05
2025-07-23,XX146813890,CARD,GW-ATLAS,Refunded,1,80.16,SAR,0.0,0.56,-0.56,Refunded,DQ-T04
2025-07-04,SA462175242,CARD,GW-NIMBUS,CHARGEBACK?,1,112.0,SAR,0.0,0.06,-0.06,,DQ-T05
2025-12-09,XX222354154,CARD,GW-ORION,Failed,2,257.6,AED,0.0,0.09,-0.09,Failed,DQ-T04
2025-07-29,OM761036673,LDEBIT,GW-NIMBUS,Success,111,439.4,OMR,615.16,3.9,611.26,Success,DQ-T09
2024-08-07,EG643904514,LDEBIT,GW-NILE,Success,13,5499.29,EGP,7699.01,44.31,7654.7,Success,DQ-T09
2025-01-27,XX138561909,WALLET,GW-NILE,Success,5,1802.13,EGP,45.89,23.17,22.72,Success,DQ-T04
2026-06-07,EG407965941,CARD,GW-ATLAS,CHARGEBACK?,4,5800.72,EGP,149.58,99.8,49.78,,DQ-T05
2025-11-03,EG403388419,TOKEN,GW-NILE,CHARGEBACK?,1,1628.88,EGP,0.0,0.41,-0.41,,DQ-T05
2025-10-30,EG221032323,CARD,GW-NILE,UNKNOWN,11,15597.11,EGP,421.76,218.86,202.9,,DQ-T05
,OM141192539,TOKEN,GW-NIMBUS,SUCCESS,35,526.69,OMR,12.86,8.25,4.61,Success,DQ-T02
2024-08-07,EG389262771,WALLET,GW-NILE,Success,82,29509.08,EGP,41312.71,378.05,40934.66,Success,DQ-T09
2025-07-29,XX365189737,CARD,GW-ORION,Success,30,5265.3,SAR,137.78,74.19,63.59,Success,DQ-T04
2024-09-12,SA722880043,LDEBIT,GW-NIMBUS,Success,0,4186.67,SAR,46.49,19.35,27.14,Success,DQ-T08
,SA605999505,BNPL,GW-ATLAS,Voided,2,428.13,SAR,0.0,0.15,-0.15,Voided,DQ-T02
2026-05-18,SA474123129,BNPL,GW-ATLAS,PENDING_REVIEW,6,361.9,SAR,0.0,0.45,-0.45,,DQ-T05
2025-06-22,XX141894072,TOKEN,GW-ORION,VOIDED,2,428.13,SAR,0.0,0.09,-0.09,Voided,DQ-T04
2026-05-27,AE626038015,CARD,GW-ATLAS,Success,18,-24185.33,AED,-380.12,-357.51,-22.61,Success,DQ-T07
,AE970872555,TOKEN,GW-ORION,Success,4,554.95,AED,14.84,8.25,6.59,Success,DQ-T02
,SA912413819,TOKEN,GW-ATLAS,Voided,3,100.34,SAR,0.0,0.22,-0.22,Voided,DQ-T02
,SA580727871,BNPL,GW-ATLAS,Refunded,1,52.47,SAR,0.0,0.56,-0.56,Refunded,DQ-T02
2025-12-20,SA781674979,CARD,GW-NIMBUS,UNKNOWN,45,2069.5,SAR,68.67,38.91,29.76,,DQ-T05
,SA914955375,LDEBIT,GW-NIMBUS,Success,7,1469.72,SAR,17.04,7.79,9.25,Success,DQ-T02
,EG723843125,LDEBIT,GW-NILE,FAILED,6,1657.11,EGP,0.0,2.46,-2.46,Failed,DQ-T02
,EG839904793,CARD,GW-ATLAS,Failed,3,1039.74,EGP,0.0,2.94,-2.94,Failed,DQ-T02
2025-06-16,XX997276335,TOKEN,GW-NIMBUS,SUCCESS,1,177.56,AED,4.7,2.72,1.98,Success,DQ-T04
2025-05-17,SA811044755,CARD,GW-ORION,CHARGEBACK?,1,780.72,SAR,17.72,10.23,7.49,,DQ-T05
2025-11-13,EG276584921,CARD,GW-ATLAS,UNKNOWN,1,1471.69,EGP,0.0,1.02,-1.02,,DQ-T05
2025-06-16,XX379842318,TOKEN,GW-ATLAS,Refunded,3,1406.94,EGP,0.0,22.44,-22.44,Refunded,DQ-T04
,AE934873526,CARD,GW-ATLAS,Success,9,2968.29,AED,78.3,45.72,32.58,Success,DQ-T02
,SA268961677,LDEBIT,GW-NIMBUS,Success,9,1093.79,SAR,13.9,6.44,7.46,Success,DQ-T02
,EG509980512,WALLET,GW-NILE,FAILED,4,1403.73,EGP,0.0,1.65,-1.65,Failed,DQ-T02
2025-12-06,SA722880043,LDEBIT,GW-NIMBUS,CHARGEBACK?,2,1446.72,SAR,16.25,6.85,9.4,,DQ-T05
2026-04-22,EG758836714,LDEBIT,GW-NILE,Success,12,-10521.69,EGP,-161.31,-64.16,-97.15,Success,DQ-T07
2025-12-27,XX816261306,TOKEN,GW-NIMBUS,Failed,1,1186.33,AED,0.0,0.06,-0.06,Failed,DQ-T04
,EG511893937,CARD,GW-NILE,Success,7,7738.19,EGP,212.46,112.21,100.25,Success,DQ-T02
2026-06-26,SA479684490,LDEBIT,GW-NIMBUS,Success,0,525.01,SAR,8.13,4.56,3.57,Success,DQ-T08
2025-01-06,AE208762198,CARD,GW-NIMBUS,UNKNOWN,19,4668.58,AED,106.42,67.56,38.86,,DQ-T05
,SA972748866,TOKEN,GW-ORION,Failed,1,130.39,SAR,0.0,0.04,-0.04,Failed,DQ-T02
,EG217500923,TOKEN,GW-ATLAS,Success,6,3784.4,EGP,114.34,80.11,34.23,Success,DQ-T02
2025-06-11,EG511884968,CARD,GW-ATLAS,Success,6,-13171.92,EGP,-307.9,-214.19,-93.71,Success,DQ-T07
,AE123781768,CARD,GW-ORION,Failed,41,2041.49,AED,0.0,1.81,-1.81,Failed,DQ-T02
2025-11-24,XX258580239,CARD,GW-NILE,Approved,26,29461.41,EGP,795.7,428.2,367.5,Success,DQ-T04
2026-04-03,EG989134753,TOKEN,GW-ATLAS,Success,11,-89660.57,EGP,-1537.97,-1397.43,-140.54,Success,DQ-T07
,EG181564804,CARD,GW-ATLAS,Success,9083,4378930.49,EGP,103075.07,96783.86,6291.21,Success,DQ-T02
,AE987618927,TOKEN,GW-NIMBUS,Voided,1,41.46,AED,0.0,0.06,-0.06,Voided,DQ-T02
2025-05-30,OM486301998,CARD,GW-ATLAS,CHARGEBACK?,2,10.26,OMR,0.0,0.02,-0.02,,DQ-T05
2025-11-08,XX724513533,TOKEN,GW-ORION,Success,4,448.21,SAR,12.56,6.85,5.71,Success,DQ-T04
,EG770407516,TOKEN,GW-ATLAS,Voided,2,581.13,EGP,0.0,2.04,-2.04,Voided,DQ-T02
2025-06-07,EG537272220,TOKEN,GW-ATLAS,Success,0,3588.9,EGP,89.33,61.65,27.68,Success,DQ-T08
2025-08-25,SA972748866,LDEBIT,GW-NIMBUS,Success,425,53471.83,SAR,74860.56,312.34,74548.22,Success,DQ-T09
,EG877654092,WALLET,GW-NILE,Refunded,3,3159.02,EGP,0.0,23.2,-23.2,Refunded,DQ-T02
2025-09-20,EG697551722,LDEBIT,GW-NILE,CHARGEBACK?,2,2347.79,EGP,0.0,0.81,-0.81,,DQ-T05
2025-08-10,XX382207206,WALLET,GW-NILE,Failed,1,641.4,EGP,0.0,0.4,-0.4,Failed,DQ-T04
2025-09-19,SA550486234,TOKEN,GW-ORION,Success,2,-211.69,SAR,-5.97,-3.26,-2.71,Success,DQ-T07
2024-08-30,SA189353734,CARD,GW-ORION,UNKNOWN,61,2562.41,SAR,79.97,46.46,33.51,,DQ-T05
,EG304469248,LDEBIT,GW-NILE,Success,5,24241.97,EGP,280.27,106.69,173.58,Success,DQ-T02
,SA407055199,TOKEN,GW-NIMBUS,Refunded,1,55.45,SAR,0.0,0.56,-0.56,Refunded,DQ-T02
2026-05-23,EG400875498,CARD,GW-NILE,PENDING_REVIEW,10,23837.56,EGP,634.34,316.95,317.39,,DQ-T05
2025-02-13,SA954952952,TOKEN,GW-NIMBUS,CHARGEBACK?,2,87.35,SAR,0.0,0.11,-0.11,,DQ-T05
2026-04-13,SA887092113,CARD,GW-ORION,PENDING_REVIEW,6,870.89,SAR,22.78,12.5,10.28,,DQ-T05
,SA165400141,CARD,GW-NIMBUS,Success,4,204.2,SAR,6.4,3.73,2.67,Success,DQ-T02
2025-11-06,EG696983188,WALLET,GW-NILE,Success,179,-58011.38,EGP,-1564.9,-789.23,-775.67,Success,DQ-T07
2026-03-26,XX696992947,TOKEN,GW-ORION,Success,1,1259.5,AED,31.31,16.97,14.34,Success,DQ-T04
2024-11-06,SA986462340,CARD,GW-ORION,Success,76,3067.9,SAR,4295.06,56.29,4238.77,Success,DQ-T09
2024-12-14,XX488676096,TOKEN,GW-ATLAS,Refunded,3,4761.01,EGP,0.0,22.06,-22.06,Refunded,DQ-T04
2025-08-25,XX896855508,TOKEN,GW-ATLAS,Success,10,2239.14,AED,55.11,36.57,18.54,Success,DQ-T04
,EG165126097,CARD,GW-ATLAS,Success,5,4615.51,EGP,131.52,85.69,45.83,Success,DQ-T02
,EG544329487,CARD,GW-NILE,Success,1,7168.19,EGP,168.06,89.73,78.33,Success,DQ-T02
2024-08-27,SA124881724,TOKEN,GW-ATLAS,CHARGEBACK?,1,116.57,SAR,0.0,0.08,-0.08,,DQ-T05
2025-07-10,EG647781107,LDEBIT,GW-NILE,Success,0,6097.97,EGP,96.24,42.26,53.98,Success,DQ-T08
,EG573406141,CARD,GW-NILE,Success,3,3320.49,EGP,97.14,48.05,49.09,Success,DQ-T02
,SA813270664,LDEBIT,GW-NIMBUS,Success,2,98.35,SAR,1.61,0.78,0.83,Success,DQ-T02
,SA268987858,BNPL,GW-ATLAS,Success,2,96.01,SAR,4.49,3.47,1.02,Success,DQ-T02
,SA487858809,BNPL,GW-ATLAS,Captured,9,459.06,SAR,20.83,16.54,4.29,Success,DQ-T02
,EG761087060,TOKEN,GW-ATLAS,Failed,1,1448.3,EGP,0.0,1.01,-1.01,Failed,DQ-T02
2025-11-18,EG123423908,WALLET,GW-NILE,UNKNOWN,4,10720.22,EGP,211.6,93.97,117.63,,DQ-T05
,EG219821138,TOKEN,GW-NILE,Success,1,332.23,EGP,12.3,6.73,5.57,Success,DQ-T02
2026-01-21,XX968234519,CARD,GW-ATLAS,Voided,1,1164.3,EGP,0.0,1.01,-1.01,Voided,DQ-T04
,EG843137256,WALLET,GW-NILE,Refunded,1,1977.55,EGP,0.0,7.36,-7.36,Refunded,DQ-T02
2026-02-07,EG696983188,WALLET,GW-NILE,UNKNOWN,1,342.84,EGP,0.0,0.41,-0.41,,DQ-T05
2025-05-30,XX492639007,BNPL,GW-ATLAS,Failed,1,56.29,AED,0.0,0.07,-0.07,Failed,DQ-T04
2025-07-05,SA508515348,LDEBIT,GW-NIMBUS,UNKNOWN,27,4979.52,SAR,60.38,26.96,33.42,,DQ-T05
2024-07-29,XX522312075,WALLET,GW-NILE,APPROVED,1,2701.78,EGP,55.66,23.57,32.09,Success,DQ-T04
2025-05-25,EG676342880,LDEBIT,GW-NILE,PENDING_REVIEW,36,28910.64,EGP,436.19,179.85,256.34,,DQ-T05
,SA508515348,BNPL,GW-ATLAS,Voided,1,184.69,SAR,0.0,0.08,-0.08,Voided,DQ-T02
,SA891035844,CARD,GW-ATLAS,Failed,18,3168.3,SAR,0.0,1.35,-1.35,Failed,DQ-T02
2025-02-20,XX662184527,TOKEN,GW-ATLAS,Success,3,1291.15,EGP,46.52,30.41,16.11,Success,DQ-T04
,AE410140017,CARD,GW-NIMBUS,Refunded,15,1922.7,AED,0.0,8.26,-8.26,Refunded,DQ-T02
2025-01-19,SA158425015,LDEBIT,GW-NIMBUS,APPROVED,20,-901.66,SAR,-14.2,-7.43,-6.77,Success,DQ-T07
,SA397646855,CARD,GW-NIMBUS,Voided,3,154.01,SAR,0.0,0.17,-0.17,Voided,DQ-T02
2025-06-02,SA945807399,LDEBIT,GW-NIMBUS,PENDING_REVIEW,1,450.08,SAR,5.66,2.19,3.47,,DQ-T05
2026-01-02,EG723843125,WALLET,GW-NILE,CHARGEBACK?,2,543.85,EGP,0.0,0.81,-0.81,,DQ-T05
,EG293670432,TOKEN,GW-NILE,Voided,1,314.78,EGP,0.0,0.4,-0.4,Voided,DQ-T02
2025-07-01,XX571656413,CARD,GW-NIMBUS,Failed,1,204.15,AED,0.0,0.06,-0.06,Failed,DQ-T04
2024-10-22,AE798073466,TOKEN,GW-ORION,Captured,3,-796.11,AED,-19.21,-11.24,-7.97,Success,DQ-T07
2025-06-25,EG629727686,LDEBIT,GW-NILE,Success,0,1485.51,EGP,29.8,14.74,15.06,Success,DQ-T08
2025-08-15,XX785133132,TOKEN,GW-ATLAS,Success,15,770.03,SAR,24.07,15.81,8.26,Success,DQ-T04
,SA118340145,LDEBIT,GW-NIMBUS,Success,13,869.11,SAR,12.92,6.1,6.82,Success,DQ-T02
,SA433295013,CARD,GW-NIMBUS,Refunded,2,326.9,SAR,0.0,1.12,-1.12,Refunded,DQ-T02
,EG877654092,CARD,GW-NILE,Failed,50,44647.42,EGP,0.0,19.6,-19.6,Failed,DQ-T02
2024-12-02,XX854142922,CARD,GW-ATLAS,Refunded,16,19532.2,EGP,0.0,117.65,-117.65,Refunded,DQ-T04
2025-08-20,AE595956042,CARD,GW-ORION,Success,15,-4118.99,AED,-104.12,-56.08,-48.04,Success,DQ-T07
,EG680228975,LDEBIT,GW-NILE,Success,9,77363.33,EGP,612.32,329.48,282.84,Success,DQ-T02
2025-01-16,SA138780824,CARD,GW-ATLAS,PENDING_REVIEW,4,605.53,SAR,16.18,9.94,6.24,,DQ-T05
2025-09-04,EG788681599,BNPL,GW-ATLAS,Success,0,10365.81,EGP,463.66,359.26,104.4,Success,DQ-T08
2026-01-27,SA837285263,CARD,GW-NIMBUS,Success,1,550.94,SAR,771.32,7.68,763.64,Success,DQ-T09
,AE235728700,CARD,GW-NIMBUS,Success,16,3857.53,AED,95.06,55.9,39.16,Success,DQ-T02
2025-08-31,SA385404287,CARD,GW-ORION,Success,109,5640.28,SAR,7896.39,96.63,7799.76,Success,DQ-T09
,EG911025364,BNPL,GW-NILE,Failed,4,884.57,EGP,0.0,1.63,-1.63,Failed,DQ-T02
2025-08-13,EG100648072,LDEBIT,GW-NILE,CHARGEBACK?,1,2154.13,EGP,0.0,0.4,-0.4,,DQ-T05
2026-01-10,EG105351460,LDEBIT,GW-NILE,CHARGEBACK?,6,5341.21,EGP,73.91,32.24,41.67,,DQ-T05
,OM334471218,LDEBIT,GW-NIMBUS,Failed,1,24.21,OMR,0.0,0.01,-0.01,Failed,DQ-T02
,SA865281392,CARD,GW-ATLAS,Success,26,9845.54,SAR,254.9,150.76,104.14,Success,DQ-T02
,SA306273888,BNPL,GW-ATLAS,Voided,1,88.58,SAR,0.0,0.08,-0.08,Voided,DQ-T02
2024-08-06,XX756679109,WALLET,GW-NILE,Success,856,343326.15,EGP,5451.35,4232.28,1219.07,Success,DQ-T04
2024-11-06,EG299020051,CARD,GW-ATLAS,PENDING_REVIEW,3,4075.95,EGP,106.43,70.26,36.17,,DQ-T05
,EG573406141,LDEBIT,GW-NILE,Failed,1,800.57,EGP,0.0,0.4,-0.4,Failed,DQ-T02
,SA352518639,BANKTR,GW-NIMBUS,Refunded,2,805.06,SAR,0.0,1.12,-1.12,Refunded,DQ-T02
2026-04-09,EG595418422,WALLET,GW-NILE,SUCCESS,72,-132058.06,EGP,-2041.23,-1198.97,-842.26,Success,DQ-T07
2026-02-22,OM817062602,LDEBIT,GW-NIMBUS,PENDING_REVIEW,35,462.33,OMR,3.39,2.69,0.7,,DQ-T05
2025-05-29,EG293670432,TOKEN,GW-NILE,Success,5,-1494.18,EGP,-57.03,-32.03,-25.0,Success,DQ-T07
2024-12-14,EG327327982,CARD,GW-NILE,Success,30,-8405.28,EGP,-358.75,-180.07,-178.68,Success,DQ-T07
,EG911025364,CARD,GW-NILE,Failed,4,851.5,EGP,0.0,1.57,-1.57,Failed,DQ-T02
2026-05-10,AE904440734,LDEBIT,GW-NIMBUS,Success,0,623.16,AED,10.51,4.95,5.56,Success,DQ-T08
,OM238929570,CARD,GW-ATLAS,Success,1,139.12,OMR,3.51,2.06,1.45,Success,DQ-T02
2026-02-16,EG389371308,CARD,GW-NILE,PENDING_REVIEW,20,32765.29,EGP,838.85,452.48,386.37,,DQ-T05
2024-10-31,AE172124002,LDEBIT,GW-NIMBUS,PENDING_REVIEW,1,128.8,AED,0.0,0.06,-0.06,,DQ-T05
,SA426436949,LDEBIT,GW-NIMBUS,Failed,13,889.14,SAR,0.0,0.73,-0.73,Failed,DQ-T02
2025-08-26,AE125858239,CARD,GW-ORION,PENDING_REVIEW,1,231.51,AED,0.0,0.04,-0.04,,DQ-T05
2025-04-04,AE957433919,TOKEN,GW-NIMBUS,CHARGEBACK?,11,1684.67,AED,0.0,0.61,-0.61,,DQ-T05
2025-10-20,EG284431976,CARD,GW-NILE,Success,0,8037.12,EGP,219.03,119.0,100.03,Success,DQ-T08
,AE163417336,BANKTR,GW-NIMBUS,Success,7,68276.45,AED,156.91,43.52,113.39,Success,DQ-T02
,EG178731082,LDEBIT,GW-NILE,Success,15,9287.3,EGP,141.56,63.05,78.51,Success,DQ-T02
2025-01-03,XX513735088,CARD,GW-ATLAS,Success,3,477.52,AED,12.16,7.78,4.38,Success,DQ-T04
2026-05-22,XX240962785,CARD,GW-NILE,Success,50,61627.52,EGP,1654.26,885.4,768.86,Success,DQ-T04
2025-09-10,XX575908782,LDEBIT,GW-NIMBUS,Failed,2,74.37,AED,0.0,0.11,-0.11,Failed,DQ-T04
2026-01-12,SA853040870,TOKEN,GW-ORION,Success,7,339.49,SAR,475.29,6.08,469.21,Success,DQ-T09
2025-12-31,XX543998980,CARD,GW-ATLAS,Success,7,1596.34,AED,40.98,25.18,15.8,Success,DQ-T04
,EG918104848,LDEBIT,GW-NILE,Success,8,3469.35,EGP,54.07,27.66,26.41,Success,DQ-T02
,SA806929470,CARD,GW-NIMBUS,Success,4,1847.63,SAR,44.87,25.92,18.95,Success,DQ-T02
2026-01-28,SA700672253,LDEBIT,GW-NIMBUS,Success,0,4915.8,SAR,74.58,41.02,33.56,Success,DQ-T08
,EG221032323,TOKEN,GW-NILE,Failed,1,1329.44,EGP,0.0,0.41,-0.41,Failed,DQ-T02
,SA732374987,CARD,GW-ORION,Declined,14,705.79,SAR,0.0,0.63,-0.63,Failed,DQ-T02
2024-08-22,EG991914423,WALLET,GW-NILE,PENDING_REVIEW,1,504.2,EGP,0.0,7.27,-7.27,,DQ-T05
,SA462175242,LDEBIT,GW-NIMBUS,Refunded,1,106.15,SAR,0.0,0.56,-0.56,Refunded,DQ-T02
2026-02-20,SA972748866,LDEBIT,GW-NIMBUS,Success,427,-58680.25,SAR,-451.98,-336.12,-115.86,Success,DQ-T07
2025-11-21,EG771233717,TOKEN,GW-NILE,Success,0,4997.22,EGP,142.82,76.47,66.35,Success,DQ-T08
,EG518450463,CARD,GW-NILE,Captured,1,1342.45,EGP,37.35,19.01,18.34,Success,DQ-T02
2026-04-14,XX184432882,TOKEN,GW-ATLAS,Success,18,6929.17,EGP,247.36,173.11,74.25,Success,DQ-T04
2026-05-11,EG723843125,CARD,GW-NILE,PENDING_REVIEW,34,8670.71,EGP,0.0,262.93,-262.93,,DQ-T05
2026-03-24,AE755938199,CARD,GW-NIMBUS,CHARGEBACK?,1,870.28,AED,0.0,0.55,-0.55,,DQ-T05
2025-11-05,AE520556972,CARD,GW-ATLAS,UNKNOWN,6,830.37,AED,0.0,0.44,-0.44,,DQ-T05
,SA944601083,CARD,GW-ATLAS,Failed,1,335.24,SAR,0.0,0.08,-0.08,Failed,DQ-T02
2025-03-30,XX273857147,CARD,GW-NIMBUS,Success,494,1913.96,OMR,63.53,38.18,25.35,Success,DQ-T04
,SA251636450,LDEBIT,GW-NIMBUS,Failed,2,126.69,SAR,0.0,0.11,-0.11,Failed,DQ-T02
2026-05-21,OM141192539,LDEBIT,GW-NIMBUS,PENDING_REVIEW,2,30.78,OMR,0.0,0.01,-0.01,,DQ-T05
,EG379278678,CARD,GW-NILE,Success,2,4797.62,EGP,115.69,63.74,51.95,Success,DQ-T02
,EG680139391,LDEBIT,GW-NILE,Success,32,13724.72,EGP,234.47,109.61,124.86,Success,DQ-T02
2026-02-25,EG988355477,CARD,GW-ATLAS,UNKNOWN,6,14561.18,EGP,380.34,235.08,145.26,,DQ-T05
2026-04-18,SA945807399,CARD,GW-ATLAS,Success,6,3586.49,SAR,5021.09,53.96,4967.13,Success,DQ-T09
2026-03-08,XX726481986,TOKEN,GW-NIMBUS,SUCCESS,1,19.69,OMR,0.48,0.3,0.18,Success,DQ-T04
,SA320986752,LDEBIT,GW-NIMBUS,Failed,4,3444.19,SAR,0.0,0.22,-0.22,Failed,DQ-T02
,SA218399497,CARD,GW-ATLAS,Success,28,1224.1,SAR,40.93,25.62,15.31,Success,DQ-T02
2025-05-22,EG867607945,TOKEN,GW-NILE,Success,3,4281.28,EGP,5993.79,61.86,5931.93,Success,DQ-T09
2024-09-06,SA206829187,TOKEN,GW-NIMBUS,Success,1,-137.93,SAR,-3.76,-2.17,-1.59,Success,DQ-T07
,AE987618927,TOKEN,GW-NIMBUS,DECLINED,5,207.29,AED,0.0,0.28,-0.28,Failed,DQ-T02
,SA954952952,CARD,GW-ORION,Failed,65,2839.0,SAR,0.0,2.92,-2.92,Failed,DQ-T02
,SA700672253,CARD,GW-ORION,Refunded,1,40.68,SAR,0.0,0.56,-0.56,Refunded,DQ-T02
2026-06-07,EG728358410,BNPL,GW-NILE,Success,0,2378.13,EGP,97.31,69.31,28.0,Success,DQ-T08
,EG403388419,CARD,GW-NILE,Success,81,126906.8,EGP,3197.38,1751.41,1445.97,Success,DQ-T02
,SA247806531,CARD,GW-ATLAS,Failed,7,358.78,SAR,0.0,0.52,-0.52,Failed,DQ-T02
2026-02-23,XX651388634,TOKEN,GW-NIMBUS,Failed,2,56.7,SAR,0.0,0.11,-0.11,Failed,DQ-T04
2024-10-27,EG110254241,CARD,GW-ATLAS,Success,0,10291.04,EGP,286.19,186.01,100.18,Success,DQ-T08
2025-09-03,EG724883181,CARD,GW-ATLAS,CHARGEBACK?,4,1419.33,EGP,0.0,4.07,-4.07,,DQ-T05
,AE920778970,CARD,GW-ATLAS,Success,2,1108.29,AED,26.43,16.7,9.73,Success,DQ-T02
2026-04-22,EG464447848,WALLET,GW-NILE,Success,1,-9443.73,EGP,-165.94,-78.29,-87.65,Success,DQ-T07
2024-10-04,SA502327003,CARD,GW-ORION,CHARGEBACK?,2,360.28,SAR,0.0,0.09,-0.09,,DQ-T05
,AE628221217,LDEBIT,GW-NIMBUS,Success,1,375.86,AED,4.74,1.86,2.88,Success,DQ-T02
2024-09-28,EG145730757,BNPL,GW-NILE,Success,0,18579.87,EGP,894.99,536.64,358.35,Success,DQ-T08
2025-03-27,SA624172387,LDEBIT,GW-NIMBUS,Success,18,-751.22,SAR,-12.07,-6.42,-5.65,Success,DQ-T07
2026-02-01,XX789383999,CARD,GW-ORION,Success,12,2727.83,SAR,67.43,37.65,29.78,Success,DQ-T04
,SA247609412,CARD,GW-ORION,Refunded,2,60.74,SAR,0.0,1.12,-1.12,Refunded,DQ-T02
2025-06-29,EG511253320,CARD,GW-NILE,Success,45,-14311.6,EGP,-590.74,-292.84,-297.9,Success,DQ-T07
2026-03-31,SA845331728,CARD,GW-NIMBUS,UNKNOWN,1,1308.27,SAR,28.28,17.91,10.37,,DQ-T05
2026-06-19,EG217500923,LDEBIT,GW-NILE,UNKNOWN,1,625.29,EGP,0.0,0.41,-0.41,,DQ-T05
,SA765577175,CARD,GW-ORION,Failed,14,1177.47,SAR,0.0,0.63,-0.63,Failed,DQ-T02
2025-11-13,EG903275069,LDEBIT,GW-NILE,Success,0,24295.81,EGP,395.05,189.38,205.67,Success,DQ-T08
