txn_date,mid,payment_method,gateway,status,txn_count,amount_local,currency,revenue_local,cost_local,gp_local,status_std,dq_failed_rules
2026-05-16,AE551105480,CARD,GW-NIMBUS,PENDING_REVIEW,5,1849.69,AED,44.69,26.16,18.53,,DQ-T05
,EG911025364,BNPL,GW-NILE,Failed,3,627.85,EGP,0.0,1.16,-1.16,Failed,DQ-T02
,AE671906697,TOKEN,GW-ORION,REVERSED,14,888.57,AED,0.0,0.62,-0.62,Voided,DQ-T02
2025-12-02,XX780625366,LDEBIT,GW-NIMBUS,Success,42,134.19,OMR,2.3,1.33,0.97,Success,DQ-T04
2025-02-18,SA887092113,CARD,GW-ORION,Success,18,2129.98,SAR,2981.97,31.32,2950.65,Success,DQ-T09
2025-10-15,XX967744146,TOKEN,GW-NILE,Success,7,3228.39,EGP,115.6,59.36,56.24,Success,DQ-T04
,SA901680809,LDEBIT,GW-NIMBUS,Success,3,1161.38,SAR,13.35,5.73,7.62,Success,DQ-T02
,OM221133708,LDEBIT,GW-NIMBUS,Success,7,54.92,OMR,0.74,0.37,0.37,Success,DQ-T02
2025-07-06,EG838350410,CARD,GW-NILE,Success,0,20506.89,EGP,518.74,270.44,248.3,Success,DQ-T08
2025-06-09,XX861335386,CARD,GW-NIMBUS,Success,205,3010.53,OMR,55.65,45.77,9.88,Success,DQ-T04
2025-04-26,EG229215706,WALLET,GW-NILE,Success,0,702.14,EGP,21.88,10.91,10.97,Success,DQ-T08
2025-09-22,EG331354329,LDEBIT,GW-NILE,Success,49,-19137.12,EGP,-250.98,-164.86,-86.12,Success,DQ-T07
2025-10-10,EG623813968,LDEBIT,GW-NILE,Success,4,8030.38,EGP,11242.53,39.57,11202.96,Success,DQ-T09
2025-06-03,AE738504243,CARD,GW-ATLAS,UNKNOWN,2,504.13,AED,0.0,0.15,-0.15,,DQ-T05
,AE162515553,CARD,GW-ORION,Success,2,1948.62,AED,44.17,25.42,18.75,Success,DQ-T02
,EG595418422,LDEBIT,GW-NILE,Voided,1,1791.55,EGP,0.0,0.41,-0.41,Voided,DQ-T02
2026-04-30,AE595956042,BNPL,GW-ATLAS,Success,0,315.24,AED,15.1,10.97,4.13,Success,DQ-T08
2025-09-02,SA189353734,TOKEN,GW-ORION,Success,22,-874.12,SAR,-28.16,-16.53,-11.63,Success,DQ-T07
2026-02-11,XX844741163,CARD,GW-ORION,Refunded,60,8175.59,SAR,0.0,33.75,-33.75,Refunded,DQ-T04
2024-08-15,EG431057266,TOKEN,GW-NILE,CHARGEBACK?,2,15822.32,EGP,366.17,204.5,161.67,,DQ-T05
2024-10-07,EG105351460,TOKEN,GW-NILE,Success,5,-6870.25,EGP,-182.39,-99.45,-82.94,Success,DQ-T07
,SA307616362,LDEBIT,GW-NIMBUS,Voided,3,153.55,SAR,0.0,0.17,-0.17,Voided,DQ-T02
,OM206534144,CARD,GW-NIMBUS,Failed,1,44.78,OMR,0.0,0.01,-0.01,Failed,DQ-T02
,SA847623511,CARD,GW-ORION,Failed,2,194.94,SAR,0.0,0.09,-0.09,Failed,DQ-T02
2025-10-10,EG389592600,LDEBIT,GW-NILE,Success,0,9277.92,EGP,184.28,86.91,97.37,Success,DQ-T08
2026-01-04,SA754882184,CARD,GW-ORION,Success,13,-1837.5,SAR,-50.6,-26.46,-24.14,Success,DQ-T07
2025-07-30,AE727701879,CARD,GW-NIMBUS,CHARGEBACK?,42,4983.28,AED,141.23,77.3,63.93,,DQ-T05
,SA295911590,CARD,GW-ORION,Success,4,584.17,SAR,15.0,8.38,6.62,Success,DQ-T02
,SA734980407,CARD,GW-ATLAS,Failed,67,4017.99,SAR,0.0,5.03,-5.03,Failed,DQ-T02
2025-10-19,SA696833214,CARD,GW-ATLAS,PENDING_REVIEW,1,224.47,SAR,0.0,0.56,-0.56,,DQ-T05
2025-04-03,SA754882184,TOKEN,GW-ORION,UNKNOWN,1,139.94,SAR,0.0,0.04,-0.04,,DQ-T05
2025-09-17,XX375197038,TOKEN,GW-NIMBUS,Success,1,6.51,OMR,0.19,0.12,0.07,Success,DQ-T04
,EG542845011,WALLET,GW-NILE,Success,1,567.15,EGP,13.8,6.33,7.47,Success,DQ-T02
2025-07-17,EG237932689,WALLET,GW-NILE,CHARGEBACK?,3,1134.14,EGP,28.69,14.46,14.23,,DQ-T05
2026-02-01,OM173271126,LDEBIT,GW-NIMBUS,PENDING_REVIEW,1,16.87,OMR,0.21,0.09,0.12,,DQ-T05
2025-09-04,SA987666099,BANKTR,GW-NIMBUS,Captured,779,-77331.34,SAR,-1393.19,-1104.92,-288.27,Success,DQ-T07
2025-10-15,EG770407516,TOKEN,GW-ATLAS,PENDING_REVIEW,3,551.46,EGP,0.0,22.66,-22.66,,DQ-T05
,EG511884968,CARD,GW-ATLAS,Success,9,20223.66,EGP,471.17,327.76,143.41,Success,DQ-T02
2026-04-02,SA897535524,CARD,GW-ORION,UNKNOWN,2,1498.67,SAR,0.0,0.09,-0.09,,DQ-T05
2025-07-26,XX803790324,LDEBIT,GW-NILE,Success,5,2894.86,EGP,43.06,20.51,22.55,Success,DQ-T04
2026-06-17,AE984737156,CARD,GW-NIMBUS,Success,0,1444.99,AED,36.33,20.94,15.39,Success,DQ-T08
2024-12-13,AE836534480,CARD,GW-NIMBUS,UNKNOWN,2,714.3,AED,0.0,0.11,-0.11,,DQ-T05
2024-07-26,EG806758000,WALLET,GW-NILE,Success,2,1909.28,EGP,2672.99,18.83,2654.16,Success,DQ-T09
2024-08-06,EG728358410,BNPL,GW-NILE,PENDING_REVIEW,1,1546.57,EGP,0.0,0.39,-0.39,,DQ-T05
,OM284198769,LDEBIT,GW-NIMBUS,Success,104,1556.77,OMR,14.06,8.8,5.26,Success,DQ-T02
,AE711049967,BANKTR,GW-NIMBUS,Captured,1,14772.79,AED,31.83,8.73,23.1,Success,DQ-T02
,EG550259154,LDEBIT,GW-NILE,Success,3,1110.15,EGP,19.52,9.8,9.72,Success,DQ-T02
2025-04-15,SA742513174,TOKEN,GW-ATLAS,Success,1,53.68,SAR,75.15,1.09,74.06,Success,DQ-T09
2025-09-28,SA110751010,CARD,GW-ORION,Success,25,1847.17,SAR,2586.04,29.26,2556.78,Success,DQ-T09
2026-03-20,AE957433919,TOKEN,GW-NIMBUS,UNKNOWN,1359,206798.13,AED,4495.31,3219.58,1275.73,,DQ-T05
2025-08-02,SA865281392,LDEBIT,GW-NIMBUS,PENDING_REVIEW,1,374.69,SAR,0.0,0.06,-0.06,,DQ-T05
2026-06-20,EG792191738,WALLET,GW-NILE,UNKNOWN,32,25139.78,EGP,564.39,261.24,303.15,,DQ-T05
2026-06-05,AE779021046,TOKEN,GW-ORION,PENDING_REVIEW,3,7936.54,AED,194.12,106.21,87.91,,DQ-T05
2025-04-16,SA466668047,BNPL,GW-ATLAS,Success,0,1908.94,SAR,88.12,69.42,18.7,Success,DQ-T08
2026-01-08,EG744158614,CARD,GW-NILE,UNKNOWN,11,18608.36,EGP,481.89,255.54,226.35,,DQ-T05
2026-04-07,AE595956042,TOKEN,GW-ORION,Success,13,3925.01,AED,5495.01,55.04,5439.97,Success,DQ-T09
,EG989134753,TOKEN,GW-ATLAS,CAPTURED,14,102311.32,EGP,1759.52,1599.28,160.24,Success,DQ-T02
2025-08-19,EG760725891,TOKEN,GW-NILE,Success,9,-8697.28,EGP,-238.03,-133.18,-104.85,Success,DQ-T07
,SA320986752,TOKEN,GW-ORION,Success,60,49730.68,SAR,827.31,674.81,152.5,Success,DQ-T02
2025-07-24,XX526289475,LDEBIT,GW-NIMBUS,Refunded,4,64.53,OMR,0.0,0.23,-0.23,Refunded,DQ-T04
2025-01-29,EG573406141,CARD,GW-NILE,PENDING_REVIEW,3,2814.89,EGP,84.85,41.99,42.86,,DQ-T05
,OM805525842,TOKEN,GW-NIMBUS,Success,33,420.66,OMR,10.92,6.71,4.21,Success,DQ-T02
2025-10-11,EG266138287,WALLET,GW-NILE,Success,0,1596.35,EGP,43.45,23.5,19.95,Success,DQ-T08
,SA597658531,CARD,GW-ATLAS,Voided,13,2012.46,SAR,0.0,0.98,-0.98,Voided,DQ-T02
2026-03-30,XX742341702,CARD,GW-NILE,Failed,1,316.63,EGP,0.0,0.41,-0.41,Failed,DQ-T04
2026-01-06,AE410140017,LDEBIT,GW-NIMBUS,Success,383,61599.1,AED,86238.74,340.49,85898.25,Success,DQ-T09
2025-02-03,XX548915554,TOKEN,GW-ATLAS,Failed,1,400.53,EGP,0.0,0.98,-0.98,Failed,DQ-T04
,EG645057217,TOKEN,GW-ATLAS,Success,4,7088.06,EGP,191.15,121.79,69.36,Success,DQ-T02
2025-10-19,SA138780824,CARD,GW-ATLAS,Success,0,924.73,SAR,24.67,15.15,9.52,Success,DQ-T08
2026-06-24,SA404185012,CARD,GW-ORION,UNKNOWN,9,3070.05,SAR,72.56,41.37,31.19,,DQ-T05
2024-08-21,EG537339465,TOKEN,GW-ATLAS,Success,215,86558.01,EGP,121181.21,2079.48,119101.73,Success,DQ-T09
,AE486272694,CARD,GW-ATLAS,Success,5,1445.92,AED,34.74,22.44,12.3,Success,DQ-T02
,AE226845726,TOKEN,GW-ORION,Success,9,1018.74,AED,25.72,15.52,10.2,Success,DQ-T02
2025-07-13,EG357144481,CARD,GW-NILE,Success,1,444.27,EGP,621.98,8.06,613.92,Success,DQ-T09
,EG308894080,CARD,GW-ATLAS,Failed,1,3104.65,EGP,0.0,0.97,-0.97,Failed,DQ-T02
2026-01-16,SA700672253,LDEBIT,GW-NIMBUS,PENDING_REVIEW,1,43.23,SAR,0.0,0.06,-0.06,,DQ-T05
2025-08-16,XX311562937,WALLET,GW-NILE,Failed,1,1081.11,EGP,0.0,0.4,-0.4,Failed,DQ-T04
2026-03-21,XX864931006,CARD,GW-ORION,Voided,2,194.94,SAR,0.0,0.09,-0.09,Voided,DQ-T04
,AE827819347,TOKEN,GW-NIMBUS,Voided,1,62.57,AED,0.0,0.06,-0.06,Voided,DQ-T02
,EG982441707,CARD,GW-NILE,Voided,1,403.44,EGP,0.0,0.41,-0.41,Voided,DQ-T02
2024-12-28,SA914955375,LDEBIT,GW-NIMBUS,CHARGEBACK?,2,360.39,SAR,4.23,1.96,2.27,,DQ-T05
2026-05-13,XX126842958,TOKEN,GW-ATLAS,Voided,1,294.11,EGP,0.0,1.03,-1.03,Voided,DQ-T04
2026-06-18,OM224536276,LDEBIT,GW-NIMBUS,APPROVED,0,23.05,OMR,0.4,0.22,0.18,Success,DQ-T08
,AE345303542,CARD,GW-ATLAS,Success,34,1612.25,AED,52.66,32.75,19.91,Success,DQ-T02
2026-01-15,EG877654092,WALLET,GW-NILE,PENDING_REVIEW,24,22091.62,EGP,0.0,9.7,-9.7,,DQ-T05
2025-12-28,OM436896345,TOKEN,GW-ATLAS,Success,0,55.1,OMR,1.97,1.35,0.62,Success,DQ-T08
,EG389371308,WALLET,GW-NILE,Success,7,16014.29,EGP,305.73,142.29,163.44,Success,DQ-T02
,AE265367413,LDEBIT,GW-NIMBUS,Voided,1,37.19,AED,0.0,0.06,-0.06,Voided,DQ-T02
2024-07-21,EG724883181,CARD,GW-ATLAS,CHARGEBACK?,66,21975.3,EGP,807.0,555.27,251.73,,DQ-T05
2025-03-31,EG761087060,TOKEN,GW-ATLAS,UNKNOWN,40,57312.14,EGP,1536.4,1012.77,523.63,,DQ-T05
2024-09-12,XX662043229,LDEBIT,GW-NIMBUS,DECLINED,2,85.99,AED,0.0,0.11,-0.11,Failed,DQ-T04
,SA887092113,TOKEN,GW-ATLAS,Success,2,305.65,SAR,8.11,5.18,2.93,Success,DQ-T02
2026-03-11,OM236113503,TOKEN,GW-ATLAS,PENDING_REVIEW,1,27.25,OMR,0.0,0.01,-0.01,,DQ-T05
,SA423374323,CARD,GW-NIMBUS,Success,52,4828.0,SAR,142.29,77.85,64.44,Success,DQ-T02
2024-08-24,EG474829702,LDEBIT,GW-NILE,PENDING_REVIEW,2,11545.85,EGP,143.97,50.15,93.82,,DQ-T05
2025-09-01,XX653545769,CARD,GW-ORION,Success,23,6657.03,AED,152.84,90.37,62.47,Success,DQ-T04
,SA512016562,LDEBIT,GW-NIMBUS,Declined,1,37.58,SAR,0.0,0.06,-0.06,Failed,DQ-T02
2025-12-17,EG518450463,CARD,GW-NILE,Success,2,-1941.27,EGP,-56.97,-28.98,-27.99,Success,DQ-T07
2024-07-22,EG849029255,WALLET,GW-NILE,UNKNOWN,26,10529.17,EGP,275.59,129.05,146.54,,DQ-T05
,SA487858809,CARD,GW-ATLAS,Voided,1,45.66,SAR,0.0,0.08,-0.08,Voided,DQ-T02
,SA189309853,CARD,GW-ORION,Refunded,2,684.37,SAR,0.0,1.12,-1.12,Refunded,DQ-T02
,EG178731082,CARD,GW-NILE,FAILED,8,5222.92,EGP,0.0,3.22,-3.22,Failed,DQ-T02
,AE713987880,LDEBIT,GW-NIMBUS,Success,4,541.54,AED,7.23,3.1,4.13,Success,DQ-T02
,EG873952802,TOKEN,GW-NILE,Refunded,2,1780.87,EGP,0.0,15.39,-15.39,Refunded,DQ-T02
2026-03-23,EG110254241,WALLET,GW-NILE,UNKNOWN,4,3098.27,EGP,67.57,32.32,35.25,,DQ-T05
,SA577673991,LDEBIT,GW-NIMBUS,Success,3,509.1,SAR,6.66,2.8,3.86,Success,DQ-T02
,EG775891339,TOKEN,GW-ATLAS,Success,5,4735.04,EGP,137.24,90.63,46.61,Success,DQ-T02
,SA860742247,TOKEN,GW-ATLAS,Success,524,100997.31,SAR,1787.74,1672.49,115.25,Success,DQ-T02
2025-10-05,AE200431265,CARD,GW-ORION,PENDING_REVIEW,3,1975.19,AED,42.98,25.98,17.0,,DQ-T05
2026-02-26,EG903275069,BNPL,GW-NILE,CHARGEBACK?,70,37026.78,EGP,1652.13,1095.1,557.03,,DQ-T05
2025-10-01,EG537272220,CARD,GW-ATLAS,Success,0,7014.11,EGP,176.89,120.89,56.0,Success,DQ-T08
,EG474518016,TOKEN,GW-ATLAS,Success,22,28418.62,EGP,747.43,511.93,235.5,Success,DQ-T02
,SA977935480,TOKEN,GW-ORION,Failed,2,206.79,SAR,0.0,0.09,-0.09,Failed,DQ-T02
2025-06-23,AE346681166,TOKEN,GW-NIMBUS,UNKNOWN,3,433.98,AED,0.0,0.17,-0.17,,DQ-T05
2025-07-25,EG920470377,BNPL,GW-NILE,Success,2,-3625.81,EGP,-160.19,-105.23,-54.96,Success,DQ-T07
,EG770407516,CARD,GW-NILE,Voided,10,2751.9,EGP,0.0,3.86,-3.86,Voided,DQ-T02
,OM371938797,TOKEN,GW-ATLAS,Refunded,1,4.5,OMR,0.0,0.06,-0.06,Refunded,DQ-T02
,AE832517070,CARD,GW-NIMBUS,Success,24,5596.46,AED,134.23,81.28,52.95,Success,DQ-T02
2024-12-11,SA118340145,TOKEN,GW-ORION,Success,5,-312.66,SAR,-9.74,-5.27,-4.47,Success,DQ-T07
,EG911025364,WALLET,GW-NILE,FAILED,4,873.68,EGP,0.0,1.61,-1.61,Failed,DQ-T02
2024-12-16,XX601864880,CARD,GW-ORION,Failed,6,264.63,AED,0.0,0.26,-0.26,Failed,DQ-T04
2026-01-29,EG550259154,TOKEN,GW-NILE,PENDING_REVIEW,7,2336.46,EGP,87.91,48.18,39.73,,DQ-T05
,SA259363162,TOKEN,GW-ORION,Failed,1,120.95,SAR,0.0,0.04,-0.04,Failed,DQ-T02
2025-03-10,OM188757830,LDEBIT,GW-NIMBUS,CAPTURED,0,156.12,OMR,1.84,0.72,1.12,Success,DQ-T08
2025-07-18,SA775621648,CARD,GW-ATLAS,CHARGEBACK?,12,498.77,SAR,16.03,10.6,5.43,,DQ-T05
,EG420159724,WALLET,GW-NILE,Success,2,6951.82,EGP,140.69,59.83,80.86,Success,DQ-T02
2025-12-18,SA764037736,CARD,GW-ORION,Success,0,134665.27,SAR,2554.74,1862.29,692.45,Success,DQ-T08
,SA118340145,CARD,GW-NIMBUS,Failed,3,194.8,SAR,0.0,0.17,-0.17,Failed,DQ-T02
2025-05-19,XX384200863,LDEBIT,GW-NILE,Success,5,4912.76,EGP,68.46,28.61,39.85,Success,DQ-T04
2026-05-20,SA597658531,BNPL,GW-ATLAS,Success,224,34831.27,SAR,48763.78,1220.57,47543.21,Success,DQ-T09
2025-06-25,EG259754316,WALLET,GW-NILE,PENDING_REVIEW,2,610.14,EGP,0.0,14.96,-14.96,,DQ-T05
,SA897535524,LDEBIT,GW-NIMBUS,Success,3,2101.21,SAR,24.6,9.96,14.64,Success,DQ-T02
,EG839904793,BNPL,GW-ATLAS,Failed,1,354.94,EGP,0.0,1.0,-1.0,Failed,DQ-T02
2025-04-28,SA205739809,TOKEN,GW-ATLAS,CHARGEBACK?,1,36.54,SAR,0.0,0.08,-0.08,,DQ-T05
2026-05-12,XX896563860,CARD,GW-NILE,Failed,2,13902.23,EGP,0.0,0.82,-0.82,Failed,DQ-T04
2025-12-03,XX825869887,WALLET,GW-NILE,Failed,1,287.44,EGP,0.0,0.41,-0.41,Failed,DQ-T04
2025-01-21,SA796857151,CARD,GW-NIMBUS,UNKNOWN,1,1837.75,SAR,39.92,25.05,14.87,,DQ-T05
2026-05-20,SA333336650,LDEBIT,GW-NIMBUS,PENDING_REVIEW,1,468.72,SAR,5.17,2.28,2.89,,DQ-T05
2026-06-08,EG624580946,WALLET,GW-NILE,UNKNOWN,149,32899.16,EGP,977.04,534.73,442.31,,DQ-T05
2025-01-09,EG486344028,CARD,GW-ATLAS,UNKNOWN,6,1932.33,EGP,0.0,5.88,-5.88,,DQ-T05
2025-06-05,AE274153176,CARD,GW-ATLAS,PENDING_REVIEW,1,1157.53,AED,28.19,17.15,11.04,,DQ-T05
2026-03-22,EG911025364,TOKEN,GW-ATLAS,CHARGEBACK?,21,4393.49,EGP,223.47,146.61,76.86,,DQ-T05
,OM267217098,LDEBIT,GW-NIMBUS,Failed,3,43.85,OMR,0.0,0.02,-0.02,Failed,DQ-T02
2025-04-28,XX355544980,WALLET,GW-NILE,Success,3,1354.78,EGP,32.47,16.19,16.28,Success,DQ-T04
2024-11-18,AE125858239,BNPL,GW-ATLAS,UNKNOWN,5,1157.54,AED,0.0,0.37,-0.37,,DQ-T05
2025-08-05,EG934737958,TOKEN,GW-NILE,Success,15,3441.12,EGP,4817.57,82.68,4734.89,Success,DQ-T09
,AE355257464,BANKTR,GW-NIMBUS,Failed,1,12353.01,AED,0.0,0.06,-0.06,Failed,DQ-T02
,OM780225802,LDEBIT,GW-NIMBUS,Success,16,81.03,OMR,1.32,0.64,0.68,Success,DQ-T02
2026-02-09,XX697805669,CARD,GW-ORION,Success,51,10322.27,SAR,241.57,143.71,97.86,Success,DQ-T04
2026-03-21,EG952454778,WALLET,GW-NILE,PENDING_REVIEW,4,1207.51,EGP,0.0,1.65,-1.65,,DQ-T05
2024-10-25,OM861947173,LDEBIT,GW-NIMBUS,APPROVED,8,140.58,OMR,196.81,0.77,196.04,Success,DQ-T09
2024-10-06,SA517497912,CARD,GW-NIMBUS,Success,0,1833.68,SAR,57.64,34.26,23.38,Success,DQ-T08
,SA972748866,LDEBIT,GW-NIMBUS,Failed,6,782.34,SAR,0.0,0.34,-0.34,Failed,DQ-T02
,EG331354329,LDEBIT,GW-NILE,Voided,1,359.98,EGP,0.0,0.4,-0.4,Voided,DQ-T02
2024-08-27,EG235283002,BANKTR,GW-NILE,Success,247,673886.17,EGP,943440.64,4168.03,939272.61,Success,DQ-T09
2025-09-30,AE998528073,CARD,GW-ORION,UNKNOWN,10,2692.18,AED,67.91,36.7,31.21,,DQ-T05
2025-10-13,EG631107574,CARD,GW-NILE,PENDING_REVIEW,3,815.88,EGP,0.0,1.21,-1.21,,DQ-T05
,OM141192539,TOKEN,GW-NIMBUS,Success,14,242.44,OMR,5.84,3.74,2.1,Success,DQ-T02
2025-03-08,EG482640702,LDEBIT,GW-NILE,Success,9,-20518.21,EGP,-259.01,-98.66,-160.35,Success,DQ-T07
2024-07-14,EG331354329,CARD,GW-ATLAS,Success,0,133938.51,EGP,3626.95,3308.65,318.3,Success,DQ-T08
2024-07-31,EG728358410,BNPL,GW-NILE,Success,0,1814.43,EGP,74.25,52.64,21.61,Success,DQ-T08
,AE798073466,BNPL,GW-ATLAS,Success,2,384.2,AED,17.1,13.42,3.68,Success,DQ-T02
2025-01-20,EG431162218,BANKTR,GW-NILE,Success,69,319512.07,EGP,447316.9,1235.98,446080.92,Success,DQ-T09
2026-02-01,XX398729348,LDEBIT,GW-NIMBUS,Success,11,488.6,SAR,4.44,4.05,0.39,Success,DQ-T04
,EG550259154,CARD,GW-ATLAS,Failed,3,938.52,EGP,0.0,2.89,-2.89,Failed,DQ-T02
2025-08-24,XX458746993,LDEBIT,GW-NILE,Success,71,90802.37,EGP,801.08,490.66,310.42,Success,DQ-T04
,AE125858239,CARD,GW-ORION,Failed,12,2778.09,AED,0.0,0.53,-0.53,Failed,DQ-T02
2025-07-01,EG279421850,BANKTR,GW-NILE,PENDING_REVIEW,13,42533.5,EGP,0.0,5.22,-5.22,,DQ-T05
,SA211354199,CARD,GW-ORION,Success,9,1747.02,SAR,36.6,24.4,12.2,Success,DQ-T02
,EG674673242,CARD,GW-NILE,Success,1,6935.19,EGP,155.61,86.9,68.71,Success,DQ-T02
,SA865588306,CARD,GW-NIMBUS,Failed,1,155.88,SAR,0.0,0.06,-0.06,Failed,DQ-T02
2024-07-24,EG280455389,TOKEN,GW-ATLAS,PENDING_REVIEW,1,991.22,EGP,26.79,18.55,8.24,,DQ-T05
,SA168621990,LDEBIT,GW-NIMBUS,Failed,1,105.38,SAR,0.0,0.06,-0.06,Failed,DQ-T02
,SA913218070,LDEBIT,GW-NIMBUS,Failed,1,148.97,SAR,0.0,0.06,-0.06,Failed,DQ-T02
,AE711049967,BANKTR,GW-NIMBUS,Success,1,14603.33,AED,31.48,8.64,22.84,Success,DQ-T02
2024-12-27,EG823617801,CARD,GW-NILE,UNKNOWN,1,335.61,EGP,0.0,7.35,-7.35,,DQ-T05
2025-12-09,EG554455116,LDEBIT,GW-NILE,Success,1,-11598.49,EGP,-132.22,-48.76,-83.46,Success,DQ-T07
2025-05-22,EG926950694,WALLET,GW-NILE,Success,117,-151059.67,EGP,-1847.3,-1427.57,-419.73,Success,DQ-T07
2024-09-19,EG403388419,WALLET,GW-NILE,Success,11,-16761.95,EGP,-322.55,-154.34,-168.21,Success,DQ-T07
2024-07-14,XX401743304,LDEBIT,GW-NIMBUS,Refunded,8,340.89,SAR,0.0,4.5,-4.5,Refunded,DQ-T04
,SA196173797,LDEBIT,GW-NIMBUS,Failed,1,86.01,SAR,0.0,0.06,-0.06,Failed,DQ-T02
,EG124719628,CARD,GW-NILE,Success,3,6363.61,EGP,168.02,85.42,82.6,Success,DQ-T02
2025-02-14,EG911025364,CARD,GW-NILE,CHARGEBACK?,61,13508.42,EGP,644.28,322.76,321.52,,DQ-T05
,EG110254241,LDEBIT,GW-NILE,Failed,1,976.03,EGP,0.0,0.41,-0.41,Failed,DQ-T02
2025-11-20,EG861848123,WALLET,GW-NILE,CHARGEBACK?,5,4959.73,EGP,108.98,49.09,59.89,,DQ-T05
2025-05-15,SA385404287,TOKEN,GW-ATLAS,SETTLED,27,1348.53,SAR,1887.94,27.88,1860.06,Success,DQ-T09
2025-10-19,EG276584921,BNPL,GW-ATLAS,Approved,1,-1630.96,EGP,-69.58,-57.37,-12.21,Success,DQ-T07
2025-06-08,OM206534144,LDEBIT,GW-NIMBUS,UNKNOWN,3,122.36,OMR,1.54,0.6,0.94,,DQ-T05
2026-03-07,EG839904793,LDEBIT,GW-NILE,Success,0,4254.84,EGP,85.79,38.9,46.89,Success,DQ-T08
,EG191889591,TOKEN,GW-NILE,Success,11,16152.9,EGP,429.48,232.11,197.37,Success,DQ-T02
,AE798073466,CARD,GW-ORION,Success,11,2715.71,AED,64.46,37.22,27.24,Success,DQ-T02
,AE787062785,CARD,GW-ORION,Refunded,1,97.3,AED,0.0,0.55,-0.55,Refunded,DQ-T02
2025-05-14,XX559043809,CARD,GW-NIMBUS,Failed,7,422.69,SAR,0.0,0.39,-0.39,Failed,DQ-T04
,SA734980407,CARD,GW-ATLAS,Voided,4,239.88,SAR,0.0,0.3,-0.3,Voided,DQ-T02
2024-08-23,AE783290352,BNPL,GW-ATLAS,SUCCESS,3,-150.04,AED,-7.52,-5.41,-2.11,Success,DQ-T07
,OM236113503,CARD,GW-NIMBUS,Failed,2,54.5,OMR,0.0,0.01,-0.01,Failed,DQ-T02
2025-11-14,EG178731082,LDEBIT,GW-NILE,Success,10,-8052.62,EGP,-116.72,-50.45,-66.27,Success,DQ-T07
2025-08-13,XX149553169,CARD,GW-ATLAS,Failed,5,1873.47,SAR,0.0,0.38,-0.38,Failed,DQ-T04
,EG248756723,WALLET,GW-NILE,Success,5,1378.48,EGP,38.72,20.17,18.55,Success,DQ-T02
2026-05-02,XX601810747,TOKEN,GW-NIMBUS,Success,36,5018.83,SAR,88.57,79.04,9.53,Success,DQ-T04
2025-03-14,EG872519745,WALLET,GW-NILE,UNKNOWN,13,3092.25,EGP,91.83,47.52,44.31,,DQ-T05
,EG482640702,CARD,GW-ATLAS,Failed,7,15985.37,EGP,0.0,6.87,-6.87,Failed,DQ-T02
2025-11-09,OM441483176,LDEBIT,GW-NIMBUS,PENDING_REVIEW,4,78.97,OMR,0.89,0.42,0.47,,DQ-T05
2026-03-09,OM141192539,CARD,GW-ATLAS,Success,0,2351.13,OMR,55.96,38.49,17.47,Success,DQ-T08
,SA891035844,TOKEN,GW-ORION,Failed,2,352.03,SAR,0.0,0.09,-0.09,Failed,DQ-T02
,SA813150489,TOKEN,GW-ATLAS,Success,57,8521.65,SAR,164.18,144.66,19.52,Success,DQ-T02
,EG538857731,TOKEN,GW-NILE,Success,7,12717.12,EGP,317.09,179.27,137.82,Success,DQ-T02
2024-12-22,OM188757830,LDEBIT,GW-NIMBUS,CHARGEBACK?,1,80.47,OMR,0.96,0.38,0.58,,DQ-T05
2026-04-22,EG327394766,WALLET,GW-NILE,Success,52,-89332.11,EGP,-1818.21,-816.97,-1001.24,Success,DQ-T07
,SA434781636,CARD,GW-NIMBUS,Failed,3,362.12,SAR,0.0,0.17,-0.17,Failed,DQ-T02
,EG361515615,TOKEN,GW-NILE,Success,7,8178.0,EGP,219.63,121.66,97.97,Success,DQ-T02
2026-04-10,AE618504164,CARD,GW-ATLAS,UNKNOWN,11,595.18,AED,0.0,0.81,-0.81,,DQ-T05
,EG723980954,LDEBIT,GW-NILE,Success,1,268.24,EGP,5.73,2.83,2.9,Success,DQ-T02
,SA358724361,LDEBIT,GW-NIMBUS,Success,11,464.4,SAR,7.81,3.95,3.86,Success,DQ-T02
,EG389262771,LDEBIT,GW-NILE,Success,8,3320.51,EGP,55.44,27.85,27.59,Success,DQ-T02
2026-06-23,XX185118286,WALLET,GW-NILE,Failed,11,4313.07,EGP,0.0,4.53,-4.53,Failed,DQ-T04
,AE345303542,LDEBIT,GW-NIMBUS,Success,7,361.85,AED,5.7,2.79,2.91,Success,DQ-T02
,EG934454177,CARD,GW-ATLAS,Failed,22,29634.35,EGP,0.0,21.73,-21.73,Failed,DQ-T02
,EG611254298,CARD,GW-ATLAS,Failed,3,1146.66,EGP,0.0,3.09,-3.09,Failed,DQ-T02
2026-03-16,SA416884588,TOKEN,GW-NIMBUS,CHARGEBACK?,17,3265.87,SAR,78.32,49.87,28.45,,DQ-T05
2025-12-16,SA859807984,TOKEN,GW-NIMBUS,Success,2,-3155.09,SAR,-74.01,-44.66,-29.35,Success,DQ-T07
2025-01-11,EG704053078,LDEBIT,GW-NILE,Captured,11,49478.37,EGP,69269.72,219.25,69050.47,Success,DQ-T09
2026-02-11,SA473783633,BNPL,GW-ATLAS,Success,3,-2585.39,SAR,-114.84,-89.58,-25.26,Success,DQ-T07
2025-01-12,EG529532780,TOKEN,GW-NILE,CHARGEBACK?,3,4293.63,EGP,118.01,61.89,56.12,,DQ-T05
2026-05-28,EG849029255,TOKEN,GW-ATLAS,CHARGEBACK?,43,19660.73,EGP,732.15,461.32,270.83,,DQ-T05
,SA734980407,TOKEN,GW-ATLAS,Voided,1,59.97,SAR,0.0,0.08,-0.08,Voided,DQ-T02
,SA852543984,LDEBIT,GW-NIMBUS,Success,17,4005.25,SAR,48.32,20.89,27.43,Success,DQ-T02
,EG911025364,BNPL,GW-NILE,Failed,2,432.78,EGP,0.0,0.8,-0.8,Failed,DQ-T02
2026-03-11,EG245991238,LDEBIT,GW-NILE,Success,13,-4163.63,EGP,-79.67,-40.34,-39.33,Success,DQ-T07
,EG717847087,WALLET,GW-NILE,Success,1,2009.73,EGP,37.12,18.0,19.12,Success,DQ-T02
2025-06-21,SA205739809,CARD,GW-ORION,PENDING_REVIEW,33,1201.03,SAR,42.33,22.76,19.57,,DQ-T05
,AE741353303,CARD,GW-ORION,Success,31,1070.54,AED,34.78,20.5,14.28,Success,DQ-T02
,EG647781107,TOKEN,GW-ATLAS,Success,6,3796.01,EGP,121.97,79.47,42.5,Success,DQ-T02
2025-03-20,SA988802623,LDEBIT,GW-NIMBUS,Success,0,5329.03,SAR,64.55,27.36,37.19,Success,DQ-T08
2025-02-26,SA473410995,LDEBIT,GW-NIMBUS,Success,3,-734.39,SAR,-9.02,-3.81,-5.21,Success,DQ-T07
2026-06-22,SA886598559,TOKEN,GW-ORION,CHARGEBACK?,1,164.49,SAR,0.0,0.04,-0.04,,DQ-T05
2026-04-14,EG336915801,BNPL,GW-NILE,Success,12,-4313.52,EGP,-201.4,-129.16,-72.24,Success,DQ-T07
,AE776685743,TOKEN,GW-ORION,Success,4,2335.81,AED,58.75,31.94,26.81,Success,DQ-T02
,EG431162218,BANKTR,GW-NILE,Success,23,105441.0,EGP,701.52,408.55,292.97,Success,DQ-T02
2025-09-12,SA211354199,CARD,GW-ORION,Success,5,-1040.88,SAR,-21.67,-14.46,-7.21,Success,DQ-T07
2026-02-13,EG934454177,LDEBIT,GW-NILE,Success,111,-156149.04,EGP,-1529.16,-831.73,-697.43,Success,DQ-T07
2024-10-08,SA860742247,CARD,GW-NIMBUS,UNKNOWN,17,3321.01,SAR,0.0,0.96,-0.96,,DQ-T05
,SA852543984,TOKEN,GW-ORION,APPROVED,11,2854.24,SAR,71.26,40.42,30.84,Success,DQ-T02
,SA487858809,BNPL,GW-ATLAS,Success,3,144.01,SAR,6.53,5.2,1.33,Success,DQ-T02
,SA705652485,CARD,GW-ORION,Success,465,55751.2,SAR,1183.71,818.48,365.23,Success,DQ-T02
,SA508515348,CARD,GW-ORION,Success,90,15978.49,SAR,396.94,224.93,172.01,Success,DQ-T02
,EG373280861,CARD,GW-NILE,Failed,1,492.28,EGP,0.0,0.4,-0.4,Failed,DQ-T02
2025-08-14,XX354082533,WALLET,GW-NILE,Success,5,1303.34,EGP,37.54,19.21,18.33,Success,DQ-T04
2026-06-07,EG717847087,WALLET,GW-NILE,Success,0,5179.9,EGP,97.07,47.36,49.71,Success,DQ-T08
2024-10-01,EG724883181,TOKEN,GW-NILE,Approved,15,3975.99,EGP,5566.39,88.74,5477.65,Success,DQ-T09
2024-10-31,EG955763785,CARD,GW-NILE,Success,12,-9811.53,EGP,-302.71,-150.12,-152.59,Success,DQ-T07
,EG249264164,TOKEN,GW-ATLAS,Success,4,3048.62,EGP,93.65,61.05,32.6,Success,DQ-T02
,SA320986752,LDEBIT,GW-NIMBUS,Voided,1,861.05,SAR,0.0,0.06,-0.06,Voided,DQ-T02
2025-01-28,SA754882184,CARD,GW-ORION,CHARGEBACK?,1,139.94,SAR,0.0,0.04,-0.04,,DQ-T05
,AE348507314,CARD,GW-ATLAS,Success,2,2931.56,AED,66.67,43.29,23.38,Success,DQ-T02
,SA955742346,LDEBIT,GW-NIMBUS,Success,1,657.39,SAR,7.58,3.13,4.45,Success,DQ-T02
,EG474829702,CARD,GW-ATLAS,Success,3,11523.14,EGP,298.75,178.97,119.78,Success,DQ-T02
,AE707625102,LDEBIT,GW-NIMBUS,Failed,1,281.34,AED,0.0,0.06,-0.06,Failed,DQ-T02
,EG614572570,BNPL,GW-NILE,Voided,1,4805.1,EGP,0.0,0.4,-0.4,Voided,DQ-T02
2025-02-17,EG276584921,LDEBIT,GW-NILE,Success,2,2471.01,EGP,3459.41,13.44,3445.97,Success,DQ-T09
,AE345303542,CARD,GW-ATLAS,Failed,1,46.18,AED,0.0,0.07,-0.07,Failed,DQ-T02
2025-12-17,SA936227927,BNPL,GW-ATLAS,Success,0,565.85,SAR,25.76,19.63,6.13,Success,DQ-T08
2024-10-25,EG389262771,LDEBIT,GW-NILE,UNKNOWN,32,12337.18,EGP,207.31,104.41,102.9,,DQ-T05
2025-11-25,AE364520535,LDEBIT,GW-NIMBUS,Success,2,397.85,AED,556.99,2.12,554.87,Success,DQ-T09
2025-12-06,EG259754316,TOKEN,GW-ATLAS,UNKNOWN,12,4803.02,EGP,168.53,117.82,50.71,,DQ-T05
2024-08-10,XX955354399,LDEBIT,GW-NIMBUS,Refunded,7,893.57,SAR,0.0,3.94,-3.94,Refunded,DQ-T04
,AE195154121,CARD,GW-ORION,Success,36,7684.04,AED,185.96,106.38,79.58,Success,DQ-T02
,EG237932689,WALLET,GW-NILE,Success,1,384.83,EGP,9.6,4.82,4.78,Success,DQ-T02
,AE155861221,CARD,GW-ATLAS,Success,11,590.27,AED,17.84,11.6,6.24,Success,DQ-T02
,SA925677957,CARD,GW-ATLAS,Success,5,2627.53,SAR,64.87,39.7,25.17,Success,DQ-T02
2025-12-05,XX765763900,BNPL,GW-ATLAS,Failed,1,528.76,EGP,0.0,1.02,-1.02,Failed,DQ-T04
,EG486344028,WALLET,GW-NILE,Voided,1,326.68,EGP,0.0,0.4,-0.4,Voided,DQ-T02
,EG926950694,TOKEN,GW-ATLAS,Failed,3,3520.82,EGP,0.0,2.94,-2.94,Failed,DQ-T02
2025-09-20,XX198164812,CARD,GW-ORION,Failed,3,331.28,AED,0.0,0.13,-0.13,Failed,DQ-T04
,AE307567415,CARD,GW-NIMBUS,Voided,12,2187.36,AED,0.0,0.66,-0.66,Voided,DQ-T02
2026-01-26,EG191889591,TOKEN,GW-NILE,CHARGEBACK?,3,4141.96,EGP,0.0,22.73,-22.73,,DQ-T05
2024-09-15,AE123781768,LDEBIT,GW-NIMBUS,PENDING_REVIEW,13,647.3,AED,0.0,0.72,-0.72,,DQ-T05
2024-07-16,EG991914423,LDEBIT,GW-NILE,Success,8,6222.62,EGP,8711.67,38.67,8673.0,Success,DQ-T09
2024-07-25,EG299020051,TOKEN,GW-NILE,Success,4,-5794.02,EGP,-152.47,-83.2,-69.27,Success,DQ-T07
2026-05-21,XX415514712,TOKEN,GW-NIMBUS,Voided,1,164.97,SAR,0.0,0.06,-0.06,Voided,DQ-T04
,EG327327982,CARD,GW-NILE,Captured,29,8976.84,EGP,369.59,185.47,184.12,Success,DQ-T02
,EG680139391,LDEBIT,GW-NILE,Voided,1,400.18,EGP,0.0,0.39,-0.39,Voided,DQ-T02
2026-05-01,XX471865834,CARD,GW-ATLAS,Refunded,1,1008.98,OMR,0.0,0.06,-0.06,Refunded,DQ-T04
2025-11-16,EG150005962,CARD,GW-NILE,PENDING_REVIEW,18,9362.46,EGP,291.64,162.38,129.26,,DQ-T05
2025-06-15,OM501692260,TOKEN,GW-ATLAS,Success,0,88.48,OMR,2.0,1.37,0.63,Success,DQ-T08
2026-01-03,SA633817671,LDEBIT,GW-NIMBUS,PENDING_REVIEW,3,203.03,SAR,2.97,1.42,1.55,,DQ-T05
2026-05-29,XX649663821,CARD,GW-NILE,Failed,3,2241.14,EGP,0.0,1.24,-1.24,Failed,DQ-T04
2025-02-16,EG550259154,CARD,GW-ATLAS,Success,18,-6047.1,EGP,-221.36,-153.52,-67.84,Success,DQ-T07
2024-12-14,SA592705693,LDEBIT,GW-NIMBUS,Success,1,1220.74,SAR,1709.04,5.66,1703.38,Success,DQ-T09
,SA589749602,LDEBIT,GW-NIMBUS,Success,56,9431.67,SAR,113.59,51.89,61.7,Success,DQ-T02
2025-09-06,EG327394766,TOKEN,GW-ATLAS,Success,25,-41599.63,EGP,-1129.88,-723.21,-406.67,Success,DQ-T07
2025-09-23,SA687319923,LDEBIT,GW-NIMBUS,UNKNOWN,1,508.12,SAR,0.0,0.06,-0.06,,DQ-T05
2026-01-17,EG595418422,TOKEN,GW-NILE,Success,21,-40337.98,EGP,-821.02,-564.48,-256.54,Success,DQ-T07
,AE676714739,CARD,GW-NIMBUS,Failed,4,243.73,AED,0.0,0.22,-0.22,Failed,DQ-T02
,SA939400299,TOKEN,GW-NIMBUS,Success,5,263.43,SAR,7.89,4.91,2.98,Success,DQ-T02
2024-11-22,XX939082203,TOKEN,GW-ATLAS,Success,5,223.14,SAR,7.14,4.76,2.38,Success,DQ-T04
2025-12-23,EG163862782,LDEBIT,GW-NILE,Success,1,802.1,EGP,1122.94,5.03,1117.91,Success,DQ-T09
,SA674924548,CARD,GW-ORION,Success,35,1873.14,SAR,60.44,31.82,28.62,Success,DQ-T02
2026-04-19,SA623969133,TOKEN,GW-NIMBUS,Success,1,170.14,SAR,238.2,2.63,235.57,Success,DQ-T09
,OM761036673,TOKEN,GW-ATLAS,SETTLED,113,437.17,OMR,14.75,9.83,4.92,Success,DQ-T02
,AE282120405,CARD,GW-NIMBUS,Failed,8,327.02,AED,0.0,0.44,-0.44,Failed,DQ-T02
2025-10-29,OM817062602,LDEBIT,GW-NIMBUS,PENDING_REVIEW,3,33.38,OMR,0.0,0.17,-0.17,,DQ-T05
,OM334471218,TOKEN,GW-ATLAS,Refunded,2,50.89,OMR,0.0,0.12,-0.12,Refunded,DQ-T02
,EG631107574,LDEBIT,GW-NILE,Failed,1,278.7,EGP,0.0,0.41,-0.41,Failed,DQ-T02
2025-12-01,EG760725891,WALLET,GW-NILE,PENDING_REVIEW,18,19312.21,EGP,382.04,188.5,193.54,,DQ-T05
,AE779021046,CARD,GW-ORION,Failed,1,1894.73,AED,0.0,0.04,-0.04,Failed,DQ-T02
2025-09-06,XX885668908,TOKEN,GW-ATLAS,Success,36,58917.5,EGP,936.83,1026.52,-89.69,Success,DQ-T04
,AE317795493,CARD,GW-NIMBUS,Refunded,25,5446.21,AED,0.0,13.77,-13.77,Refunded,DQ-T02
2026-05-03,EG911025364,CARD,GW-NILE,Success,43,-9816.49,EGP,-472.59,-236.76,-235.83,Success,DQ-T07
,EG327394766,LDEBIT,GW-NILE,Success,14,25050.28,EGP,322.99,125.37,197.62,Success,DQ-T02
2025-03-03,EG468167807,TOKEN,GW-ATLAS,Success,0,13120.89,EGP,354.15,213.01,141.14,Success,DQ-T08
2025-02-19,SA776589285,CARD,GW-ORION,PENDING_REVIEW,1,195.51,SAR,0.0,0.04,-0.04,,DQ-T05
,SA960678556,CARD,GW-ORION,Success,10,416.88,SAR,12.54,7.58,4.96,Success,DQ-T02
2026-02-14,EG348432509,CARD,GW-ATLAS,PENDING_REVIEW,2,8941.7,EGP,220.46,137.96,82.5,,DQ-T05
2025-09-15,XX976523915,CARD,GW-NIMBUS,Success,4,703.92,SAR,18.72,10.48,8.24,Success,DQ-T04
,EG486344028,WALLET,GW-NILE,Success,26,8288.69,EGP,218.72,113.49,105.23,Success,DQ-T02
2024-07-22,EG275709942,TOKEN,GW-ATLAS,PENDING_REVIEW,42,56205.85,EGP,913.19,999.29,-86.1,,DQ-T05
,AE295967621,TOKEN,GW-ATLAS,SETTLED,2,479.42,AED,11.78,7.79,3.99,Success,DQ-T02
2026-05-08,XX114620401,CARD,GW-NILE,Refunded,3,2136.97,EGP,0.0,23.2,-23.2,Refunded,DQ-T04
,EG897740135,WALLET,GW-NILE,Failed,2,632.45,EGP,0.0,0.79,-0.79,Failed,DQ-T02
,AE195154121,CARD,GW-ORION,Voided,1,202.57,AED,0.0,0.04,-0.04,Voided,DQ-T02
,AE875103901,CARD,GW-ATLAS,DECLINED,20,1004.52,AED,0.0,1.47,-1.47,Failed,DQ-T02
2026-01-29,SA382289892,CARD,GW-ORION,Success,38,7516.91,SAR,10523.67,104.85,10418.82,Success,DQ-T09
2025-07-02,EG963028660,CARD,GW-ATLAS,CHARGEBACK?,2,4314.83,EGP,107.15,70.34,36.81,,DQ-T05
,EG670766393,CARD,GW-ATLAS,Success,3,2662.34,EGP,77.5,49.85,27.65,Success,DQ-T02
2026-02-09,EG416828825,CARD,GW-NILE,UNKNOWN,1,8776.6,EGP,200.5,109.35,91.15,,DQ-T05
,EG529532780,TOKEN,GW-NILE,Success,2,3020.08,EGP,82.95,43.51,39.44,Success,DQ-T02
,AE889475271,TOKEN,GW-ORION,Refunded,1,29.44,AED,0.0,0.55,-0.55,Refunded,DQ-T02
,SA620446884,LDEBIT,GW-NIMBUS,Refunded,1,137.88,SAR,0.0,0.56,-0.56,Refunded,DQ-T02
2026-05-30,EG235600888,CARD,GW-ATLAS,Success,0,21251.69,EGP,495.12,321.29,173.83,Success,DQ-T08
,EG988355477,CARD,GW-ATLAS,Success,5,17256.02,EGP,439.16,270.44,168.72,Success,DQ-T02
2026-05-13,EG403388419,BNPL,GW-NILE,UNKNOWN,1,2601.03,EGP,0.0,7.73,-7.73,,DQ-T05
2025-12-28,EG594214015,WALLET,GW-NILE,Success,3,-878.99,EGP,-25.44,-12.46,-12.98,Success,DQ-T07
2026-03-27,EG292925935,CARD,GW-ATLAS,Success,0,9165.87,EGP,259.45,168.0,91.45,Success,DQ-T08
2025-07-31,EG820064163,CARD,GW-NILE,Success,0,-1965.22,EGP,-58.49,-29.2,-29.29,Success,DQ-T07;DQ-T08
2025-08-03,EG979007692,TOKEN,GW-NILE,Success,2,2164.52,EGP,3030.33,32.52,2997.81,Success,DQ-T09
,EG515839669,TOKEN,GW-NILE,Success,2,2511.29,EGP,69.1,37.09,32.01,Success,DQ-T02
2026-01-09,OM761371745,CARD,GW-ATLAS,Success,2,-345.6,OMR,-7.42,-5.1,-2.32,Success,DQ-T07
,EG397022030,CARD,GW-NILE,Success,1,76158.57,EGP,1153.4,927.9,225.5,Success,DQ-T02
2025-01-14,EG943656964,CARD,GW-ATLAS,PENDING_REVIEW,1,339.3,EGP,0.0,0.98,-0.98,,DQ-T05
,EG686030808,TOKEN,GW-NILE,Failed,7,5671.47,EGP,0.0,2.77,-2.77,Failed,DQ-T02
,EG930327972,TOKEN,GW-NILE,Success,1,4815.73,EGP,126.77,63.41,63.36,Success,DQ-T02
2026-05-21,XX977324809,CARD,GW-ORION,Voided,4,692.25,SAR,0.0,0.18,-0.18,Voided,DQ-T04
2026-06-24,XX753089267,BNPL,GW-ATLAS,Success,1,66.89,AED,3.35,2.39,0.96,Success,DQ-T04
2025-01-29,OM978131111,TOKEN,GW-NIMBUS,Success,0,16.81,OMR,0.5,0.29,0.21,Success,DQ-T08
,EG988355477,LDEBIT,GW-NILE,Voided,1,2858.54,EGP,0.0,0.41,-0.41,Voided,DQ-T02
2026-04-30,XX195001107,TOKEN,GW-ATLAS,Refunded,3,4551.7,EGP,0.0,23.09,-23.09,Refunded,DQ-T04
2024-11-05,XX332037251,TOKEN,GW-ORION,Failed,1,143.37,AED,0.0,0.04,-0.04,Failed,DQ-T04
2025-11-08,XX628947540,TOKEN,GW-ORION,Success,2,124.16,SAR,3.92,2.1,1.82,Success,DQ-T04
2025-12-25,EG823617801,WALLET,GW-NILE,APPROVED,7,2369.21,EGP,3316.89,31.66,3285.23,Success,DQ-T09
2026-04-29,SA722880043,CARD,GW-NIMBUS,Success,10,-12375.0,SAR,-281.57,-169.5,-112.07,Success,DQ-T07
,SA306273888,BNPL,GW-ATLAS,Failed,7,620.06,SAR,0.0,0.52,-0.52,Failed,DQ-T02
2026-05-06,EG336915801,BNPL,GW-NILE,Success,23,-7261.06,EGP,-339.02,-218.6,-120.42,Success,DQ-T07
2024-11-09,EG918104848,BNPL,GW-NILE,CHARGEBACK?,14,5493.18,EGP,224.18,163.67,60.51,,DQ-T05
2024-07-16,AE123781768,TOKEN,GW-ORION,Success,0,7619.17,AED,131.61,135.42,-3.81,Success,DQ-T08
2025-02-14,EG373280861,TOKEN,GW-NILE,Success,3,-1390.82,EGP,-46.82,-25.33,-21.49,Success,DQ-T07
,EG697551722,CARD,GW-ATLAS,Voided,3,3480.98,EGP,0.0,3.02,-3.02,Voided,DQ-T02
2026-05-01,SA771478693,TOKEN,GW-NIMBUS,Success,41,-5214.27,SAR,-92.99,-82.99,-10.0,Success,DQ-T07
2025-07-09,EG537339465,LDEBIT,GW-NILE,UNKNOWN,26,11036.89,EGP,0.0,10.44,-10.44,,DQ-T05
,SA912413819,CARD,GW-ORION,Failed,40,1337.93,SAR,0.0,1.8,-1.8,Failed,DQ-T02
2025-07-13,AE901159238,CARD,GW-NIMBUS,APPROVED,0,5337.43,AED,138.39,78.26,60.13,Success,DQ-T08
2025-05-26,EG735951857,TOKEN,GW-NILE,PENDING_REVIEW,2,1652.55,EGP,49.84,26.1,23.74,,DQ-T05
,SA268961677,CARD,GW-ORION,Failed,3,341.42,SAR,0.0,0.14,-0.14,Failed,DQ-T02
,SA700672253,BNPL,GW-ATLAS,Success,153,7008.29,SAR,312.43,253.68,58.75,Success,DQ-T02
2024-12-31,EG873952802,WALLET,GW-NILE,PENDING_REVIEW,7,9376.12,EGP,0.0,51.47,-51.47,,DQ-T05
2025-01-07,EG867607945,TOKEN,GW-NILE,Success,1,-1089.42,EGP,-31.36,-16.32,-15.04,Success,DQ-T07
2026-06-09,XX609305197,LDEBIT,GW-NIMBUS,Failed,10,2218.03,SAR,0.0,0.56,-0.56,Failed,DQ-T04
,AE239330460,CARD,GW-ORION,Failed,1,58.0,AED,0.0,0.04,-0.04,Failed,DQ-T02
,EG623813968,TOKEN,GW-ATLAS,Success,4,7362.3,EGP,193.45,126.03,67.42,Success,DQ-T02
2026-01-22,SA660258875,LDEBIT,GW-NIMBUS,PENDING_REVIEW,1,188.27,SAR,0.0,0.06,-0.06,,DQ-T05
,EG217500923,CARD,GW-ATLAS,Failed,6,3742.17,EGP,0.0,6.16,-6.16,Failed,DQ-T02
,AE957433919,TOKEN,GW-NIMBUS,SUCCESS,972,149429.09,AED,3245.6,2324.04,921.56,Success,DQ-T02
,EG215045135,TOKEN,GW-ATLAS,Success,2,14224.18,EGP,230.14,222.66,7.48,Success,DQ-T02
2024-09-14,SA462175242,LDEBIT,GW-NIMBUS,Success,0,447.63,SAR,5.96,2.69,3.27,Success,DQ-T08
2026-04-04,EG544029480,WALLET,GW-NILE,CHARGEBACK?,12,15163.65,EGP,305.7,144.38,161.32,,DQ-T05
,EG537339465,CARD,GW-ATLAS,Voided,13,5597.06,EGP,0.0,13.23,-13.23,Voided,DQ-T02
2026-02-21,SA852543984,LDEBIT,GW-NIMBUS,Success,23,5525.84,SAR,7736.18,28.75,7707.43,Success,DQ-T09
2025-09-21,AE346681166,TOKEN,GW-NIMBUS,Success,66,-9853.8,AED,-246.93,-153.71,-93.22,Success,DQ-T07
2025-07-07,XX515593135,WALLET,GW-NILE,Failed,22,20118.73,EGP,0.0,8.83,-8.83,Failed,DQ-T04
,EG275709942,TOKEN,GW-ATLAS,Failed,4,6240.99,EGP,0.0,4.07,-4.07,Failed,DQ-T02
,EG537155658,TOKEN,GW-ATLAS,Refunded,1,260.14,EGP,0.0,7.29,-7.29,Refunded,DQ-T02
2025-12-04,SA939400299,LDEBIT,GW-NIMBUS,PENDING_REVIEW,7,377.4,SAR,5.43,2.88,2.55,,DQ-T05
,EG331354329,LDEBIT,GW-NILE,Refunded,1,305.14,EGP,0.0,7.65,-7.65,Refunded,DQ-T02
,SA165400141,CARD,GW-NIMBUS,Success,4,146.36,SAR,5.03,2.95,2.08,Success,DQ-T02
2024-12-17,EG981274071,TOKEN,GW-NILE,Success,87,-36683.62,EGP,-1310.21,-688.26,-621.95,Success,DQ-T07
,OM978131111,CARD,GW-ATLAS,Failed,1,10.39,OMR,0.0,0.01,-0.01,Failed,DQ-T02
,SA710370541,LDEBIT,GW-NIMBUS,Failed,2,1255.07,SAR,0.0,0.11,-0.11,Failed,DQ-T02
,SA320986752,TOKEN,GW-ORION,Success,49,41604.49,SAR,691.8,564.27,127.53,Success,DQ-T02
,EG998632198,CARD,GW-NILE,Success,43,64842.6,EGP,1598.77,899.05,699.72,Success,DQ-T02
,SA205739809,CARD,GW-ORION,Failed,6,219.26,SAR,0.0,0.27,-0.27,Failed,DQ-T02
,EG991914423,LDEBIT,GW-NILE,Success,9,6832.53,EGP,102.2,42.87,59.33,Success,DQ-T02
2025-01-02,EG920470377,LDEBIT,GW-NILE,CHARGEBACK?,2,3603.54,EGP,43.82,18.02,25.8,,DQ-T05
2025-04-20,SA944601083,CARD,GW-ATLAS,UNKNOWN,1,335.24,SAR,0.0,0.08,-0.08,,DQ-T05
,SA259363162,LDEBIT,GW-NIMBUS,Success,9,1326.89,SAR,15.73,7.49,8.24,Success,DQ-T02
2024-07-06,SA909908733,CARD,GW-ORION,Success,0,5429.71,SAR,144.31,77.42,66.89,Success,DQ-T08
,SA268961677,CARD,GW-ORION,Failed,2,227.61,SAR,0.0,0.09,-0.09,Failed,DQ-T02
,EG134531316,BNPL,GW-ATLAS,Failed,1,1776.97,EGP,0.0,1.02,-1.02,Failed,DQ-T02
2025-05-14,EG486344028,CARD,GW-ATLAS,Success,0,33847.2,EGP,1302.14,876.86,425.28,Success,DQ-T08
,AE410140017,LDEBIT,GW-NIMBUS,Success,363,58796.16,AED,448.39,324.57,123.82,Success,DQ-T02
2026-04-03,SA366690460,TOKEN,GW-NIMBUS,PENDING_REVIEW,1,80.78,SAR,2.35,1.37,0.98,,DQ-T05
2026-03-04,OM183510174,TOKEN,GW-NIMBUS,UNKNOWN,1,13.99,OMR,0.0,0.01,-0.01,,DQ-T05
2024-12-08,EG680139391,LDEBIT,GW-NILE,CHARGEBACK?,1,523.89,EGP,0.0,7.35,-7.35,,DQ-T05
,EG537339465,TOKEN,GW-ATLAS,Success,232,100913.96,EGP,2542.45,2408.89,133.56,Success,DQ-T02
,AE918231431,TOKEN,GW-NIMBUS,Voided,1,907.52,AED,0.0,0.06,-0.06,Voided,DQ-T02
2025-10-14,SA623621170,LDEBIT,GW-NIMBUS,Success,11,-672.04,SAR,-9.64,-4.88,-4.76,Success,DQ-T07
2024-12-21,EG623813968,CARD,GW-NILE,Success,15,-27848.33,EGP,-715.77,-377.33,-338.44,Success,DQ-T07
2026-06-14,XX230665792,WALLET,GW-NILE,Refunded,4,3201.01,EGP,0.0,30.86,-30.86,Refunded,DQ-T04
2025-01-12,SA479684490,CARD,GW-ORION,PENDING_REVIEW,2,92.25,SAR,0.0,0.09,-0.09,,DQ-T05
,EG336915801,WALLET,GW-NILE,Failed,1,301.39,EGP,0.0,0.4,-0.4,Failed,DQ-T02
2025-12-17,EG744743048,CARD,GW-NILE,Success,77,102433.22,EGP,143406.51,1452.3,141954.21,Success,DQ-T09
2025-05-25,EG799575469,WALLET,GW-NILE,PENDING_REVIEW,14,4998.84,EGP,132.25,64.9,67.35,,DQ-T05
2025-03-01,XX187370506,CARD,GW-ATLAS,Failed,2,2852.39,EGP,0.0,1.98,-1.98,Failed,DQ-T04
2025-12-04,AE853501645,CARD,GW-ORION,Success,0,10190.38,AED,286.03,168.23,117.8,Success,DQ-T08
,EG327394766,LDEBIT,GW-NILE,DECLINED,5,7803.63,EGP,0.0,1.99,-1.99,Failed,DQ-T02
,EG178731082,BNPL,GW-NILE,Failed,2,1282.8,EGP,0.0,0.79,-0.79,Failed,DQ-T02
,EG624580946,TOKEN,GW-ATLAS,Success,54,10585.4,EGP,508.82,355.95,152.87,Success,DQ-T02
2024-10-22,EG538857731,CARD,GW-NILE,UNKNOWN,5,7214.95,EGP,0.0,1.94,-1.94,,DQ-T05
,SA945807399,LDEBIT,GW-NIMBUS,SETTLED,2,1101.54,SAR,13.77,5.29,8.48,Success,DQ-T02
2025-10-29,AE923160667,LDEBIT,GW-NIMBUS,Success,2,630.67,AED,882.94,3.17,879.77,Success,DQ-T09
2024-12-01,XX120962644,LDEBIT,GW-NILE,Success,1,1537.19,EGP,20.37,7.94,12.43,Success,DQ-T04
2025-11-18,SA200244788,CARD,GW-ORION,Success,41,-2471.09,SAR,-74.63,-40.83,-33.8,Success,DQ-T07
2025-04-05,XX903845548,TOKEN,GW-ORION,Success,10,2242.19,AED,52.78,32.01,20.77,Success,DQ-T04
,AE733959111,LDEBIT,GW-NIMBUS,Success,1,751.43,AED,8.81,3.55,5.26,Success,DQ-T02
,OM450405182,TOKEN,GW-NIMBUS,Success,6,27.99,OMR,0.88,0.54,0.34,Success,DQ-T02
2026-04-18,EG707758852,LDEBIT,GW-NILE,Success,8,-4429.74,EGP,-70.84,-32.31,-38.53,Success,DQ-T07
,EG967183698,CARD,GW-NILE,Refunded,2,604.25,EGP,0.0,14.47,-14.47,Refunded,DQ-T02
2024-07-28,EG552283131,CARD,GW-NILE,Success,1,-2863.02,EGP,-73.73,-37.33,-36.4,Success,DQ-T07
,SA734980407,CARD,GW-ATLAS,Refunded,2,102.44,SAR,0.0,1.12,-1.12,Refunded,DQ-T02
2026-05-17,SA382289892,TOKEN,GW-NIMBUS,CHARGEBACK?,2,415.89,SAR,0.0,0.11,-0.11,,DQ-T05
2026-03-23,AE439650362,CARD,GW-ORION,CHARGEBACK?,3,228.47,AED,0.0,0.13,-0.13,,DQ-T05
2026-01-15,XX913091079,CARD,GW-ORION,Failed,1,129.62,SAR,0.0,0.04,-0.04,Failed,DQ-T04
2024-12-23,SA624172387,CARD,GW-ORION,PENDING_REVIEW,1,41.15,SAR,0.0,0.04,-0.04,,DQ-T05
2025-05-01,EG482640702,LDEBIT,GW-NILE,Success,0,23972.16,EGP,299.05,112.78,186.27,Success,DQ-T08
2025-08-05,AE934873526,LDEBIT,GW-NIMBUS,Success,6,-1742.09,AED,-22.63,-8.83,-13.8,Success,DQ-T07
,EG770407516,TOKEN,GW-ATLAS,Voided,5,1375.95,EGP,0.0,4.82,-4.82,Voided,DQ-T02
2026-04-26,SA843654782,BANKTR,GW-NIMBUS,Success,0,201179.26,SAR,492.48,164.92,327.56,Success,DQ-T08
2025-11-20,SA847687864,TOKEN,GW-NIMBUS,CAPTURED,9,-1060.78,SAR,-29.84,-17.04,-12.8,Success,DQ-T07
2025-01-05,XX855840987,CARD,GW-NIMBUS,Voided,1,125.8,SAR,0.0,0.06,-0.06,Voided,DQ-T04
,SA779341840,LDEBIT,GW-NIMBUS,Failed,3,509.64,SAR,0.0,0.17,-0.17,Failed,DQ-T02
2026-04-30,XX721426703,LDEBIT,GW-NIMBUS,Failed,1,801.85,SAR,0.0,0.06,-0.06,Failed,DQ-T04
,EG611254298,LDEBIT,GW-NILE,Success,3,991.14,EGP,18.57,9.25,9.32,Success,DQ-T02
,OM371938797,LDEBIT,GW-NIMBUS,Failed,12,92.35,OMR,0.0,0.07,-0.07,Failed,DQ-T02
,EG920470377,WALLET,GW-NILE,Approved,1,2392.73,EGP,44.75,21.11,23.64,Success,DQ-T02
,EG537339465,TOKEN,GW-ATLAS,Success,245,101398.97,EGP,2568.21,2434.39,133.82,Success,DQ-T02
2025-09-29,AE538589512,TOKEN,GW-ATLAS,CHARGEBACK?,3,537.37,AED,14.13,8.94,5.19,,DQ-T05
2025-01-02,SA592705693,LDEBIT,GW-NIMBUS,PENDING_REVIEW,2,1985.55,SAR,22.26,9.27,12.99,,DQ-T05
2025-03-10,SA765577175,LDEBIT,GW-NIMBUS,SETTLED,127,-10499.99,SAR,-86.34,-68.68,-17.66,Success,DQ-T07
2025-09-29,XX126409687,CARD,GW-ATLAS,Success,195,224174.87,EGP,4817.51,4003.44,814.07,Success,DQ-T04
2025-09-28,EG266138287,CARD,GW-ATLAS,Success,0,3758.14,EGP,155.63,107.56,48.07,Success,DQ-T08
2025-05-02,SA362023155,TOKEN,GW-ORION,Success,0,1046.28,SAR,29.34,17.26,12.08,Success,DQ-T08
,EG538819871,CARD,GW-ATLAS,Failed,2,49262.23,EGP,0.0,2.05,-2.05,Failed,DQ-T02
2026-04-11,EG788681599,CARD,GW-ATLAS,CHARGEBACK?,2,10077.07,EGP,235.69,154.52,81.17,,DQ-T05
2025-06-27,SA416884588,LDEBIT,GW-NIMBUS,Success,0,3196.73,SAR,36.32,16.75,19.57,Success,DQ-T08
,AE190030385,CARD,GW-NIMBUS,Failed,1,1071.25,AED,0.0,0.06,-0.06,Failed,DQ-T02
2025-03-04,EG856875467,TOKEN,GW-ATLAS,Success,33,12664.7,EGP,17730.58,312.12,17418.46,Success,DQ-T09
,AE647447711,CARD,GW-NIMBUS,Failed,2,251.74,AED,0.0,0.11,-0.11,Failed,DQ-T02
2025-02-19,SA344056722,CARD,GW-NIMBUS,Success,0,18699.65,SAR,272.83,253.66,19.17,Success,DQ-T08
2025-10-20,XX817391082,TOKEN,GW-NIMBUS,Voided,1,41.46,AED,0.0,0.06,-0.06,Voided,DQ-T04
2024-07-09,OM173271126,CARD,GW-NIMBUS,Success,0,33.65,OMR,0.87,0.5,0.37,Success,DQ-T08
2026-06-28,EG594214015,TOKEN,GW-ATLAS,Success,2,-634.38,EGP,-26.79,-17.2,-9.59,Success,DQ-T07
2025-02-08,EG193916126,WALLET,GW-NILE,UNKNOWN,3,714.64,EGP,21.89,10.94,10.95,,DQ-T05
,SA912413819,TOKEN,GW-ATLAS,Refunded,4,153.4,SAR,0.0,2.25,-2.25,Refunded,DQ-T02
2025-12-19,AE621587952,BNPL,GW-ATLAS,Success,0,239.11,AED,11.7,8.34,3.36,Success,DQ-T08
,SA633817671,LDEBIT,GW-NIMBUS,Success,4,191.93,SAR,3.04,1.54,1.5,Success,DQ-T02
,SA912413819,TOKEN,GW-ATLAS,Success,170,5744.75,SAR,187.78,134.04,53.74,Success,DQ-T02
,EG482640702,TOKEN,GW-NILE,Refunded,1,2358.63,EGP,0.0,7.65,-7.65,Refunded,DQ-T02
,EG191889591,CARD,GW-ATLAS,Failed,9,12719.54,EGP,0.0,9.03,-9.03,Failed,DQ-T02
,SA710370541,CARD,GW-ORION,Voided,2,1255.07,SAR,0.0,0.09,-0.09,Voided,DQ-T02
,AE125858239,TOKEN,GW-ORION,Failed,1,231.51,AED,0.0,0.04,-0.04,Failed,DQ-T02
,AE738504243,TOKEN,GW-NIMBUS,Success,1,213.78,AED,5.45,3.23,2.22,Success,DQ-T02
2026-04-08,EG984686648,CARD,GW-NILE,Success,0,30061.24,EGP,980.04,531.13,448.91,Success,DQ-T08
2026-05-15,XX714555843,TOKEN,GW-ATLAS,Success,6,715.7,SAR,18.7,12.49,6.21,Success,DQ-T04
2025-10-27,SA306273888,TOKEN,GW-NIMBUS,Success,41,3433.73,SAR,4807.22,58.07,4749.15,Success,DQ-T09
2026-02-28,EG839904793,CARD,GW-ATLAS,UNKNOWN,3,1088.54,EGP,0.0,3.08,-3.08,,DQ-T05
2025-10-16,SA754882184,TOKEN,GW-ORION,PENDING_REVIEW,5,554.82,SAR,16.01,8.49,7.52,,DQ-T05
,EG926950694,CARD,GW-ATLAS,Refunded,25,33012.25,EGP,0.0,185.48,-185.48,Refunded,DQ-T02
2025-09-22,EG220900048,TOKEN,GW-NILE,Success,0,778.3,EGP,21.77,12.51,9.26,Success,DQ-T08
,EG266138287,WALLET,GW-NILE,Success,7,1829.55,EGP,49.78,26.92,22.86,Success,DQ-T02
2025-10-12,EG799496821,CARD,GW-NILE,Success,163,-137765.58,EGP,-2669.73,-2108.78,-560.95,Success,DQ-T07
,SA851607798,CARD,GW-NIMBUS,Failed,8,483.07,SAR,0.0,0.45,-0.45,Failed,DQ-T02
2026-04-04,XX230593499,CARD,GW-NILE,Success,6,9059.05,EGP,245.12,126.38,118.74,Success,DQ-T04
2026-04-21,XX245264194,CARD,GW-ATLAS,Failed,1,2052.36,EGP,0.0,1.03,-1.03,Failed,DQ-T04
,SA597658531,LDEBIT,GW-NIMBUS,Success,429,66342.26,SAR,504.4,370.93,133.47,Success,DQ-T02
,AE798073466,TOKEN,GW-ORION,Voided,1,257.46,AED,0.0,0.04,-0.04,Voided,DQ-T02
,EG643904514,TOKEN,GW-NILE,VOID,1,399.14,EGP,0.0,0.39,-0.39,Voided,DQ-T02
,AE727701879,LDEBIT,GW-NIMBUS,Success,12,1477.66,AED,20.45,8.63,11.82,Success,DQ-T02
2026-01-29,SA211354199,LDEBIT,GW-NIMBUS,Success,4,824.22,SAR,1153.91,4.38,1149.53,Success,DQ-T09
,EG110254241,TOKEN,GW-NILE,Success,2,2866.25,EGP,77.39,41.38,36.01,Success,DQ-T02
,EG537339465,LDEBIT,GW-NILE,Success,543,245644.03,EGP,2968.79,1975.39,993.4,Success,DQ-T02
,SA604765470,TOKEN,GW-NIMBUS,Failed,1,41.29,SAR,0.0,0.06,-0.06,Failed,DQ-T02
2025-07-01,SA138962665,CARD,GW-ORION,Success,0,2132.43,SAR,57.37,30.02,27.35,Success,DQ-T08
2024-08-10,OM543606528,TOKEN,GW-NIMBUS,Success,0,87.86,OMR,2.25,1.43,0.82,Success,DQ-T08
,SA122822556,LDEBIT,GW-NIMBUS,Success,24,1396.75,SAR,20.32,10.34,9.98,Success,DQ-T02
,EG144615489,WALLET,GW-NILE,Success,8,2297.41,EGP,61.76,32.86,28.9,Success,DQ-T02
2025-09-05,EG696983188,CARD,GW-ATLAS,Success,277,-93730.23,EGP,-3665.32,-2410.62,-1254.7,Success,DQ-T07
2026-01-16,XX382543877,CARD,GW-ORION,Failed,4,468.29,AED,0.0,0.18,-0.18,Failed,DQ-T04
2024-08-29,AE618504164,CARD,GW-ATLAS,Success,57,-2746.12,AED,-87.5,-55.53,-31.97,Success,DQ-T07
2025-11-04,SA315873581,LDEBIT,GW-NIMBUS,Success,44,-1704.4,SAR,-15.99,-15.09,-0.9,Success,DQ-T07
2026-05-03,EG544029480,LDEBIT,GW-NILE,CHARGEBACK?,1,1318.86,EGP,0.0,0.41,-0.41,,DQ-T05
2026-05-04,EG943952192,CARD,GW-ATLAS,PENDING_REVIEW,8,43988.64,EGP,1077.18,671.88,405.3,,DQ-T05
,AE667080643,TOKEN,GW-ATLAS,Success,4,791.48,AED,20.53,13.05,7.48,Success,DQ-T02
,EG998632198,TOKEN,GW-NILE,Voided,1,1632.44,EGP,0.0,0.41,-0.41,Voided,DQ-T02
,EG967183698,LDEBIT,GW-NILE,Failed,4,1362.44,EGP,0.0,1.57,-1.57,Failed,DQ-T02
2024-11-12,EG763647415,TOKEN,GW-ATLAS,Success,1,5571.79,EGP,7800.51,87.86,7712.65,Success,DQ-T09
,SA332563719,LDEBIT,GW-NIMBUS,Success,3,158.51,SAR,2.25,1.22,1.03,Success,DQ-T02
2025-07-05,AE918231431,LDEBIT,GW-NIMBUS,CHARGEBACK?,2,2310.34,AED,26.2,10.73,15.47,,DQ-T05
2024-12-31,EG982441707,CARD,GW-NILE,Captured,0,5250.12,EGP,195.75,97.57,98.18,Success,DQ-T08
,AE538589512,LDEBIT,GW-NIMBUS,Success,1,245.53,AED,3.03,1.27,1.76,Success,DQ-T02
2026-02-16,SA479684490,CARD,GW-ORION,UNKNOWN,1,46.13,SAR,0.0,0.04,-0.04,,DQ-T05
,OM377293460,LDEBIT,GW-NIMBUS,Success,2,44.82,OMR,0.52,0.24,0.28,Success,DQ-T02
2024-08-02,EG178731082,LDEBIT,GW-NILE,Success,12,-9080.72,EGP,-131.95,-57.12,-74.83,Success,DQ-T07
2024-11-20,XX449672599,LDEBIT,GW-NIMBUS,Failed,1,42.99,AED,0.0,0.06,-0.06,Failed,DQ-T04
2024-07-29,SA765577175,CARD,GW-ORION,PENDING_REVIEW,265,22303.29,SAR,371.98,345.06,26.92,,DQ-T05
,SA914955375,LDEBIT,GW-NIMBUS,Failed,2,462.71,SAR,0.0,0.11,-0.11,Failed,DQ-T02
2025-10-26,EG482640702,TOKEN,GW-NILE,SUCCESS,12,31992.93,EGP,44790.1,435.13,44354.97,Success,DQ-T09
2024-12-02,XX740810051,TOKEN,GW-NIMBUS,Failed,2,234.14,AED,0.0,0.11,-0.11,Failed,DQ-T04
,SA576895050,LDEBIT,GW-NIMBUS,Success,2,304.51,SAR,3.99,1.71,2.28,Success,DQ-T02
,EG680139391,TOKEN,GW-ATLAS,Failed,2,819.38,EGP,0.0,2.01,-2.01,Failed,DQ-T02
2026-01-20,EG150005962,LDEBIT,GW-NILE,Success,0,916.03,EGP,14.62,7.25,7.37,Success,DQ-T08
,EG482640702,BNPL,GW-NILE,Success,10,21811.13,EGP,1029.49,632.04,397.45,Success,DQ-T02
2025-06-16,EG178731082,CARD,GW-NILE,Success,0,40121.48,EGP,1243.83,654.01,589.82,Success,DQ-T08
,EG704053078,CARD,GW-ATLAS,Success,53,203442.85,EGP,3414.65,3163.65,251.0,Success,DQ-T02
,SA779172798,LDEBIT,GW-NIMBUS,Success,16,2430.76,SAR,30.35,13.64,16.71,Success,DQ-T02
2024-12-23,AE923160667,CARD,GW-ORION,Success,2,815.17,AED,1141.24,10.89,1130.35,Success,DQ-T09
2025-12-22,AE626038015,CARD,GW-ATLAS,Success,13,-15172.94,AED,-238.92,-224.75,-14.17,Success,DQ-T07
2025-03-04,XX448783042,LDEBIT,GW-NIMBUS,Failed,1,116.49,SAR,0.0,0.06,-0.06,Failed,DQ-T04
2026-03-16,AE767122784,TOKEN,GW-ORION,Success,2,-629.04,AED,-15.37,-8.8,-6.57,Success,DQ-T07
2026-03-25,AE588030458,TOKEN,GW-ATLAS,UNKNOWN,1,103.91,AED,0.0,0.07,-0.07,,DQ-T05
2026-05-22,SA779172798,TOKEN,GW-ORION,Success,0,761.54,SAR,19.79,11.24,8.55,Success,DQ-T08
2024-10-28,EG110254241,WALLET,GW-NILE,Success,0,784.02,EGP,16.91,8.05,8.86,Success,DQ-T08
,AE572051786,CARD,GW-NIMBUS,Failed,5,214.97,AED,0.0,0.28,-0.28,Failed,DQ-T02
2025-11-20,EG967183698,WALLET,GW-NILE,PENDING_REVIEW,7,3429.31,EGP,0.0,53.52,-53.52,,DQ-T05
2025-09-15,XX645395672,TOKEN,GW-NILE,Failed,5,2106.18,EGP,0.0,2.04,-2.04,Failed,DQ-T04
2025-11-04,XX940043107,BNPL,GW-ATLAS,Failed,3,1156.05,EGP,0.0,3.06,-3.06,Failed,DQ-T04
,SA259363162,TOKEN,GW-ORION,Success,4,465.57,SAR,11.81,7.08,4.73,Success,DQ-T02
,SA407393102,CARD,GW-NIMBUS,Failed,6,266.89,SAR,0.0,0.34,-0.34,Failed,DQ-T02
2025-03-04,SA407055199,CARD,GW-ORION,PENDING_REVIEW,1,105.63,SAR,0.0,0.04,-0.04,,DQ-T05
2026-06-29,OM141192539,CARD,GW-ATLAS,CHARGEBACK?,1,15.39,OMR,0.0,0.01,-0.01,,DQ-T05
,OM713381935,CARD,GW-NIMBUS,Success,4,309.36,OMR,7.36,4.28,3.08,Success,DQ-T02
,SA174215481,CARD,GW-ORION,Refunded,1,182.15,SAR,0.0,0.56,-0.56,Refunded,DQ-T02
2024-09-07,SA754882184,LDEBIT,GW-NIMBUS,PENDING_REVIEW,4,799.49,SAR,10.47,4.27,6.2,,DQ-T05
2024-12-09,EG193916126,LDEBIT,GW-NILE,PENDING_REVIEW,6,1748.87,EGP,36.66,17.38,19.28,,DQ-T05
2025-10-18,OM436896345,TOKEN,GW-ATLAS,Success,15,-43.28,OMR,-1.58,-1.08,-0.5,Success,DQ-T07
2026-05-11,EG191889591,TOKEN,GW-NILE,PENDING_REVIEW,23,35679.43,EGP,948.12,512.41,435.71,,DQ-T05
,SA331993666,CARD,GW-ORION,Failed,82,14191.17,SAR,0.0,3.69,-3.69,Failed,DQ-T02
,SA502327003,TOKEN,GW-NIMBUS,Success,1,132.57,SAR,3.68,2.1,1.58,Success,DQ-T02
2024-08-28,XX594098936,TOKEN,GW-NILE,APPROVED,23,25394.3,EGP,727.23,379.02,348.21,Success,DQ-T04
2025-05-14,EG161643120,LDEBIT,GW-NILE,Success,0,3155.14,EGP,46.59,19.75,26.84,Success,DQ-T08
2025-06-23,AE779021046,TOKEN,GW-ORION,Success,10,18530.33,AED,25942.46,248.64,25693.82,Success,DQ-T09
,EG771233717,CARD,GW-ATLAS,Success,18,21955.36,EGP,596.06,388.0,208.06,Success,DQ-T02
2025-08-08,XX986157672,CARD,GW-ATLAS,Success,13,1243.64,SAR,31.86,21.74,10.12,Success,DQ-T04
2025-01-24,SA147303844,CARD,GW-ORION,Success,0,5151.5,SAR,135.42,72.96,62.46,Success,DQ-T08
2024-08-17,XX916929386,CARD,GW-ATLAS,Success,53,2667.2,AED,84.08,53.29,30.79,Success,DQ-T04
2025-09-28,SA891035844,CARD,GW-ATLAS,Success,110,-19612.45,SAR,-478.61,-316.47,-162.14,Success,DQ-T07
2025-12-23,EG823617801,CARD,GW-NILE,Success,0,5742.17,EGP,236.09,121.03,115.06,Success,DQ-T08
2025-08-28,XX608445405,CARD,GW-ORION,Success,21,888.03,AED,27.12,15.97,11.15,Success,DQ-T04
2025-07-23,SA426436949,CARD,GW-NIMBUS,CHARGEBACK?,1,67.41,SAR,0.0,0.56,-0.56,,DQ-T05
,EG792191738,CARD,GW-ATLAS,Failed,3,2440.84,EGP,0.0,3.05,-3.05,Failed,DQ-T02
2026-05-12,XX253415940,LDEBIT,GW-NILE,Failed,1,1520.08,EGP,0.0,0.41,-0.41,Failed,DQ-T04
2026-06-16,SA397646855,TOKEN,GW-ORION,UNKNOWN,3,154.01,SAR,0.0,0.14,-0.14,,DQ-T05
,EG486344028,WALLET,GW-NILE,Success,33,11277.4,EGP,290.14,149.5,140.64,Success,DQ-T02
,AE987618927,BNPL,GW-ATLAS,Failed,13,538.94,AED,0.0,0.95,-0.95,Failed,DQ-T02
2024-09-19,EG249264164,TOKEN,GW-ATLAS,Success,2,1503.33,EGP,2104.66,29.87,2074.79,Success,DQ-T09
2024-09-21,XX311053700,LDEBIT,GW-NIMBUS,Failed,1,15.39,OMR,0.0,0.01,-0.01,Failed,DQ-T04
,EG955763785,WALLET,GW-NILE,CAPTURED,3,1966.04,EGP,46.57,21.11,25.46,Success,DQ-T02
2025-04-14,XX346174584,BANKTR,GW-NIMBUS,Success,154,65780.21,AED,371.07,239.32,131.75,Success,DQ-T04
,EG676342880,LDEBIT,GW-NILE,Refunded,1,1083.29,EGP,0.0,7.58,-7.58,Refunded,DQ-T02
,EG345706176,LDEBIT,GW-NILE,Success,4,10203.11,EGP,126.79,48.31,78.48,Success,DQ-T02
,AE235728700,CARD,GW-NIMBUS,Failed,1,228.24,AED,0.0,0.06,-0.06,Failed,DQ-T02
,SA972748866,TOKEN,GW-ORION,REFUNDED,2,380.42,SAR,0.0,1.12,-1.12,Refunded,DQ-T02
2026-03-30,SA865900656,LDEBIT,GW-NIMBUS,Success,8,-741.78,SAR,-10.02,-4.69,-5.33,Success,DQ-T07
2026-01-21,XX482859843,CARD,GW-ATLAS,Failed,1,1077.44,EGP,0.0,1.01,-1.01,Failed,DQ-T04
2024-10-27,AE521533668,CARD,GW-ORION,CHARGEBACK?,4,715.19,AED,18.4,10.04,8.36,,DQ-T05
2025-10-11,EG403388419,TOKEN,GW-NILE,Success,18,-24813.19,EGP,-650.65,-360.68,-289.97,Success,DQ-T07
2025-09-21,EG327394766,TOKEN,GW-ATLAS,PENDING_REVIEW,19,27873.03,EGP,768.51,493.05,275.46,,DQ-T05
2026-03-16,AE932795909,TOKEN,GW-ORION,UNKNOWN,165,47529.53,AED,1027.49,668.2,359.29,,DQ-T05
,EG509980512,LDEBIT,GW-NILE,Failed,1,331.63,EGP,0.0,0.39,-0.39,Failed,DQ-T02
,EG544029480,TOKEN,GW-NILE,Failed,2,2584.62,EGP,0.0,0.81,-0.81,Failed,DQ-T02
2025-06-12,XX674099357,LDEBIT,GW-NIMBUS,Success,16,501.85,SAR,9.08,4.96,4.12,Success,DQ-T04
,EG934737958,CARD,GW-ATLAS,Voided,1,284.53,EGP,0.0,0.98,-0.98,Voided,DQ-T02
,SA988802623,CARD,GW-NIMBUS,Voided,1,251.59,SAR,0.0,0.06,-0.06,Voided,DQ-T02
2024-09-04,EG249264164,WALLET,GW-NILE,Success,7,-6616.81,EGP,-140.9,-65.41,-75.49,Success,DQ-T07
2025-05-10,AE998528073,CARD,GW-ORION,Success,12,-2823.67,AED,-71.78,-38.82,-32.96,Success,DQ-T07
,AE957433919,CARD,GW-NIMBUS,PENDING_REVIEW,296,45333.07,AED,0.0,16.31,-16.31,,DQ-T02;DQ-T05
,EG327327982,WALLET,GW-NILE,Success,15,4500.62,EGP,126.5,62.18,64.32,Success,DQ-T02
,EG981274071,BNPL,GW-ATLAS,Success,73,30999.26,EGP,1460.69,1143.91,316.78,Success,DQ-T02
2025-05-17,SA385404287,CARD,GW-ORION,CHARGEBACK?,1,35.82,SAR,0.0,0.56,-0.56,,DQ-T05
2025-11-04,SA205739809,TOKEN,GW-ATLAS,UNKNOWN,1,36.54,SAR,0.0,0.08,-0.08,,DQ-T05
2026-04-10,XX947649237,LDEBIT,GW-NIMBUS,Failed,2,503.17,SAR,0.0,0.11,-0.11,Failed,DQ-T04
2024-08-31,EG799496821,CARD,GW-NILE,CHARGEBACK?,13,10788.38,EGP,0.0,5.04,-5.04,,DQ-T05
,SA462175242,CARD,GW-NIMBUS,Failed,2,224.0,SAR,0.0,0.11,-0.11,Failed,DQ-T02
2025-01-04,SA711632487,LDEBIT,GW-NIMBUS,UNKNOWN,2,75.05,SAR,0.0,0.11,-0.11,,DQ-T05
2025-08-06,SA362023155,TOKEN,GW-ORION,PENDING_REVIEW,10,637.42,SAR,18.2,10.71,7.49,,DQ-T05
2025-09-11,SA597658531,CARD,GW-ATLAS,UNKNOWN,175,27090.83,SAR,0.0,13.12,-13.12,,DQ-T05
2025-02-05,AE878919871,TOKEN,GW-NIMBUS,UNKNOWN,1,435.99,AED,0.0,0.55,-0.55,,DQ-T05
2026-02-22,SA679105691,LDEBIT,GW-NIMBUS,CHARGEBACK?,1,161.7,SAR,0.0,0.06,-0.06,,DQ-T05
2026-04-09,EG595418422,LDEBIT,GW-NILE,Success,48,-86979.15,EGP,-856.69,-438.46,-418.23,Success,DQ-T07
,EG670766393,WALLET,GW-NILE,Success,3,3209.76,EGP,67.4,31.1,36.3,Success,DQ-T02
,EG989134753,LDEBIT,GW-NILE,Success,8,67451.19,EGP,553.78,287.61,266.17,Success,DQ-T02
,EG482640702,BNPL,GW-NILE,Failed,1,2387.98,EGP,0.0,0.41,-0.41,Failed,DQ-T02
2025-11-03,SA158425015,CARD,GW-NIMBUS,UNKNOWN,14,559.83,SAR,0.0,0.79,-0.79,,DQ-T05
,EG544696241,CARD,GW-NILE,Failed,2,13219.35,EGP,0.0,0.78,-0.78,Failed,DQ-T02
2024-07-08,EG554455116,TOKEN,GW-NILE,Success,1,-9207.8,EGP,-220.09,-118.57,-101.52,Success,DQ-T07
2026-03-16,XX430776829,CARD,GW-ORION,Voided,8,1043.12,SAR,0.0,0.36,-0.36,Voided,DQ-T04
2024-11-12,XX945680795,LDEBIT,GW-NILE,Refunded,1,2639.53,EGP,0.0,7.32,-7.32,Refunded,DQ-T04
2025-07-04,XX282730432,TOKEN,GW-ATLAS,Refunded,1,480.54,EGP,0.0,7.53,-7.53,Refunded,DQ-T04
2026-03-08,EG897740135,LDEBIT,GW-NILE,Success,0,1286.69,EGP,26.72,14.24,12.48,Success,DQ-T08
2025-01-07,EG762971123,BNPL,GW-NILE,Success,3,-4115.85,EGP,-191.51,-119.71,-71.8,Success,DQ-T07
,SA779172798,BNPL,GW-ATLAS,REFUND,2,263.19,SAR,0.0,1.12,-1.12,Refunded,DQ-T02
2026-01-27,SA843654782,BANKTR,GW-NIMBUS,Success,45,172341.68,SAR,241278.35,147.76,241130.59,Success,DQ-T09
,AE987618927,CARD,GW-ORION,Success,162,6620.52,AED,204.88,120.27,84.61,Success,DQ-T02
2025-03-29,XX838839038,WALLET,GW-NILE,Refunded,2,721.51,EGP,0.0,14.82,-14.82,Refunded,DQ-T04
2026-02-12,SA640104269,BNPL,GW-ATLAS,Success,3,-4325.24,SAR,-140.53,-149.71,9.18,Success,DQ-T07
2026-06-05,SA676493356,CARD,GW-ATLAS,CAPTURED,67,-7357.04,SAR,-184.77,-125.86,-58.91,Success,DQ-T07
,AE239330460,LDEBIT,GW-NIMBUS,Success,3,168.34,AED,2.63,1.25,1.38,Success,DQ-T02
2024-10-26,EG537272220,CARD,GW-ATLAS,CHARGEBACK?,9,13680.14,EGP,339.65,231.83,107.82,,DQ-T05
2025-11-03,EG926950694,CARD,GW-ATLAS,CHARGEBACK?,381,474748.39,EGP,7831.1,8358.93,-527.83,,DQ-T05
,SA112481566,CARD,GW-ORION,Refunded,2,150.96,SAR,0.0,1.12,-1.12,Refunded,DQ-T02
2025-03-19,XX960876530,TOKEN,GW-ORION,Failed,2,83.75,AED,0.0,0.09,-0.09,Failed,DQ-T04
,SA897535524,LDEBIT,GW-NIMBUS,Success,4,3942.25,SAR,45.85,18.42,27.43,Success,DQ-T02
2026-05-24,SA732202482,CARD,GW-ORION,UNKNOWN,1,63.66,SAR,0.0,0.04,-0.04,,DQ-T05
2025-10-10,EG679079810,WALLET,GW-NILE,UNKNOWN,1,308.85,EGP,8.64,4.26,4.38,,DQ-T05
2024-10-02,SA589749602,CARD,GW-ORION,Success,93,-16740.09,SAR,-409.35,-235.36,-173.99,Success,DQ-T07
,SA754882184,CARD,GW-ORION,Failed,1,139.94,SAR,0.0,0.04,-0.04,Failed,DQ-T02
,SA623969133,CARD,GW-ORION,CAPTURED,4,982.08,SAR,24.5,13.48,11.02,Success,DQ-T02
,EG276584921,CARD,GW-ATLAS,Success,5,7069.08,EGP,175.51,121.37,54.14,Success,DQ-T02
2026-03-08,XX126714953,WALLET,GW-NILE,Success,7,1623.99,EGP,47.06,25.79,21.27,Success,DQ-T04
2026-05-05,EG955763785,CARD,GW-NILE,UNKNOWN,2,1884.76,EGP,0.0,15.47,-15.47,,DQ-T05
,EG723843125,TOKEN,GW-ATLAS,Success,57,15764.53,EGP,646.13,450.05,196.08,Success,DQ-T02
,EG595418422,TOKEN,GW-NILE,Success,29,53061.08,EGP,1084.99,746.21,338.78,Success,DQ-T02
,EG259754316,TOKEN,GW-ATLAS,Failed,1,375.81,EGP,0.0,0.99,-0.99,Failed,DQ-T02
2025-02-21,SA734980407,LDEBIT,GW-NIMBUS,Success,185,-10729.2,SAR,-93.53,-79.5,-14.03,Success,DQ-T07
,SA280340580,CARD,GW-ORION,SETTLED,2,718.98,SAR,17.35,9.66,7.69,Success,DQ-T02
2025-02-18,EG707591429,LDEBIT,GW-NILE,CAPTURED,1,846.82,EGP,1185.55,5.15,1180.4,Success,DQ-T09
,SA623969133,CARD,GW-ORION,Success,8,1845.39,SAR,46.22,25.44,20.78,Success,DQ-T02
2024-09-30,AE861319254,BNPL,GW-ATLAS,Success,2,-683.32,AED,-32.34,-23.76,-8.58,Success,DQ-T07
2025-08-08,XX294252148,BNPL,GW-NILE,Failed,3,1235.52,EGP,0.0,1.19,-1.19,Failed,DQ-T04
2026-05-21,XX825302875,CARD,GW-ATLAS,Success,3,51.31,OMR,1.24,0.83,0.41,Success,DQ-T04
2025-12-15,SA433295013,CARD,GW-NIMBUS,Success,91,-12246.36,SAR,-214.93,-187.51,-27.42,Success,DQ-T07
2026-03-18,SA900572493,LDEBIT,GW-NIMBUS,Success,11,-3792.46,SAR,-46.86,-18.92,-27.94,Success,DQ-T07
,SA722880043,LDEBIT,GW-NIMBUS,Success,4,5846.97,SAR,64.89,26.99,37.9,Success,DQ-T02
,EG336915801,CARD,GW-ATLAS,Failed,2,602.77,EGP,0.0,2.01,-2.01,Failed,DQ-T02
,AE572051786,LDEBIT,GW-NIMBUS,Voided,1,42.99,AED,0.0,0.06,-0.06,Voided,DQ-T02
2024-12-21,SA177886357,LDEBIT,GW-NIMBUS,PENDING_REVIEW,1,501.39,SAR,5.73,2.43,3.3,,DQ-T05
2026-05-02,EG838350410,LDEBIT,GW-NILE,PENDING_REVIEW,4,14010.77,EGP,170.09,63.96,106.13,,DQ-T05
,SA575207038,BANKTR,GW-NIMBUS,Success,3,16702.97,SAR,39.63,12.46,27.17,Success,DQ-T02
2024-08-14,XX510353505,WALLET,GW-NILE,Success,12,14086.94,EGP,272.91,134.45,138.46,Success,DQ-T04
2025-08-15,EG982441707,LDEBIT,GW-NILE,Success,5,1471.42,EGP,2059.99,14.61,2045.38,Success,DQ-T09
2025-12-22,EG873952802,TOKEN,GW-NILE,UNKNOWN,2,2658.54,EGP,0.0,0.81,-0.81,,DQ-T05
2025-02-19,XX179895622,CARD,GW-ATLAS,Success,60,10976.0,SAR,280.33,176.68,103.65,Success,DQ-T04
,SA986462340,CARD,GW-ORION,REFUNDED,1,46.52,SAR,0.0,0.56,-0.56,Refunded,DQ-T02
2024-12-16,SA112481566,CARD,GW-ORION,Success,11,1036.82,SAR,1451.55,15.75,1435.8,Success,DQ-T09
2025-08-27,AE798073466,CARD,GW-ORION,Success,10,-2187.46,AED,-52.34,-30.23,-22.11,Success,DQ-T07
,AE827819347,TOKEN,GW-NIMBUS,Success,31,1938.12,AED,55.98,34.53,21.45,Success,DQ-T02
2024-10-28,XX892560453,CARD,GW-ATLAS,Voided,1,46.18,AED,0.0,0.07,-0.07,Voided,DQ-T04
,SA315873581,CARD,GW-ORION,REFUND,2,119.53,SAR,0.0,1.12,-1.12,Refunded,DQ-T02
,SA474123129,CARD,GW-ORION,Success,68,4009.36,SAR,115.27,66.57,48.7,Success,DQ-T02
,AE923160667,TOKEN,GW-ORION,Failed,1,373.87,AED,0.0,0.04,-0.04,Failed,DQ-T02
2024-07-01,AE901159238,TOKEN,GW-ORION,PENDING_REVIEW,8,1472.85,AED,39.29,21.34,17.95,,DQ-T05
,EG686030808,WALLET,GW-NILE,Voided,9,7457.38,EGP,0.0,3.64,-3.64,Voided,DQ-T02
,AE241754747,LDEBIT,GW-NIMBUS,Success,14,636.11,AED,10.3,5.18,5.12,Success,DQ-T02
,AE547591847,BNPL,GW-ATLAS,Failed,2,356.44,AED,0.0,0.15,-0.15,Failed,DQ-T02
2026-06-15,OM435145511,TOKEN,GW-NIMBUS,PENDING_REVIEW,10,193.08,OMR,4.66,2.95,1.71,,DQ-T05
,EG696983188,CARD,GW-ATLAS,Voided,5,1703.01,EGP,0.0,5.1,-5.1,Voided,DQ-T02
,AE317795493,TOKEN,GW-NIMBUS,Success,37,9736.08,AED,149.79,145.14,4.65,Success,DQ-T02
2025-07-11,SA772263667,CARD,GW-NIMBUS,Success,0,473.09,SAR,15.25,9.07,6.18,Success,DQ-T08
,EG231422873,TOKEN,GW-ATLAS,Success,3,12450.91,EGP,293.23,199.14,94.09,Success,DQ-T02
,SA705652485,CARD,GW-ORION,Success,456,55579.89,SAR,1178.03,814.28,363.75,Success,DQ-T02
2024-08-30,EG559913630,CARD,GW-ATLAS,Success,1,-3904.64,EGP,-93.83,-60.51,-33.32,Success,DQ-T07
2026-02-02,EG245991238,TOKEN,GW-ATLAS,PENDING_REVIEW,1,308.84,EGP,0.0,1.03,-1.03,,DQ-T05
,AE836534480,TOKEN,GW-ORION,Success,2,1098.19,AED,27.24,15.04,12.2,Success,DQ-T02
2025-11-30,OM284198769,LDEBIT,GW-NIMBUS,Success,107,-1602.57,OMR,-14.48,-9.06,-5.42,Success,DQ-T07
2025-03-18,SA247197710,CARD,GW-ATLAS,PENDING_REVIEW,1,314.82,SAR,0.0,0.08,-0.08,,DQ-T05
,SA856834042,LDEBIT,GW-NIMBUS,Refunded,1,103.37,SAR,0.0,0.56,-0.56,Refunded,DQ-T02
2025-09-28,AE889475271,CARD,GW-NIMBUS,Success,48,2121.77,AED,2970.48,40.1,2930.38,Success,DQ-T09
,SA138962665,TOKEN,GW-ORION,Success,4,801.66,SAR,21.81,11.55,10.26,Success,DQ-T02
,SA966321681,CARD,GW-NIMBUS,Failed,1,144.53,SAR,0.0,0.06,-0.06,Failed,DQ-T02
2024-08-11,SA147303844,TOKEN,GW-ORION,Success,16,2668.66,SAR,3736.12,39.06,3697.06,Success,DQ-T09
2024-12-15,AE728035822,LDEBIT,GW-NIMBUS,Success,1,109.6,AED,153.44,0.66,152.78,Success,DQ-T09
2026-03-30,EG740706106,BNPL,GW-ATLAS,Success,1,8590.73,EGP,12027.02,297.93,11729.09,Success,DQ-T09
2025-06-14,SA256650029,CARD,GW-NIMBUS,Success,0,21453.76,SAR,537.82,332.28,205.54,Success,DQ-T08
2025-04-09,OM780225802,CARD,GW-NIMBUS,CHARGEBACK?,27,127.54,OMR,4.29,2.4,1.89,,DQ-T05
,SA416884588,CARD,GW-ORION,Failed,5,1034.26,SAR,0.0,0.22,-0.22,Failed,DQ-T02
2026-04-15,SA925677957,CARD,GW-ATLAS,PENDING_REVIEW,3,1525.14,SAR,37.69,23.07,14.62,,DQ-T05
2025-03-27,EG449636175,TOKEN,GW-NILE,UNKNOWN,12,4902.27,EGP,0.0,4.74,-4.74,,DQ-T05
2025-01-05,XX932225092,WALLET,GW-NILE,Failed,1,2725.12,EGP,0.0,0.39,-0.39,Failed,DQ-T04
,EG509980512,WALLET,GW-NILE,Success,21,6673.96,EGP,180.78,91.98,88.8,Success,DQ-T02
2025-10-20,XX171546746,TOKEN,GW-ATLAS,Voided,2,347.59,SAR,0.0,0.15,-0.15,Voided,DQ-T04
2025-09-10,SA508515348,BNPL,GW-ATLAS,Success,10,2026.52,SAR,2837.13,70.79,2766.34,Success,DQ-T09
2026-05-02,XX297281868,LDEBIT,GW-NILE,Failed,12,10147.45,EGP,0.0,4.95,-4.95,Failed,DQ-T04
2025-07-29,AE204415052,CARD,GW-ORION,Approved,0,490.0,AED,14.09,7.59,6.5,Success,DQ-T08
2026-04-05,EG373213017,TOKEN,GW-NILE,PENDING_REVIEW,1,1947.99,EGP,0.0,7.7,-7.7,,DQ-T05
2026-03-05,EG150005962,BNPL,GW-ATLAS,UNKNOWN,2,1071.86,EGP,0.0,2.06,-2.06,,DQ-T05
2024-07-16,XX719652715,LDEBIT,GW-NIMBUS,Success,5,955.86,SAR,12.06,5.15,6.91,Success,DQ-T04
2024-08-21,AE345303542,CARD,GW-ATLAS,Success,30,-1458.97,AED,-47.36,-29.42,-17.94,Success,DQ-T07
,SA247806531,CARD,GW-ATLAS,Success,22,991.03,SAR,18.25,20.55,-2.3,Success,DQ-T02
2026-01-02,EG873952802,TOKEN,GW-NILE,PENDING_REVIEW,1,1319.19,EGP,0.0,0.4,-0.4,,DQ-T05
2025-09-01,SA851607798,LDEBIT,GW-NIMBUS,UNKNOWN,63,3926.4,SAR,33.36,28.3,5.06,,DQ-T05
2024-08-03,AE861319254,CARD,GW-ATLAS,Success,9,-1531.53,AED,-39.56,-24.78,-14.78,Success,DQ-T07
,EG374768013,CARD,GW-NILE,Failed,4,1266.54,EGP,0.0,1.65,-1.65,Failed,DQ-T02
,SA550486234,CARD,GW-ATLAS,Success,12,1427.23,SAR,38.88,24.14,14.74,Success,DQ-T02
,EG345985720,CARD,GW-ATLAS,Voided,1,1547.33,EGP,0.0,1.03,-1.03,Voided,DQ-T02
,EG468145711,CARD,GW-NILE,Success,7,4801.39,EGP,150.68,76.66,74.02,Success,DQ-T02
2025-07-31,AE389283318,LDEBIT,GW-NIMBUS,SUCCESS,0,31630.43,AED,316.84,196.38,120.46,Success,DQ-T08
,SA189353734,CARD,GW-ORION,Refunded,1,57.99,SAR,0.0,0.56,-0.56,Refunded,DQ-T02
2025-11-21,EG696983188,CARD,GW-ATLAS,UNKNOWN,2,927.63,EGP,0.0,15.29,-15.29,,DQ-T05
2025-03-28,SA320986752,CARD,GW-NIMBUS,Success,174,-151602.91,SAR,-2465.05,-2089.05,-376.0,Success,DQ-T07
,AE348507314,TOKEN,GW-NIMBUS,Success,1,1605.69,AED,37.28,22.72,14.56,Success,DQ-T02
2025-04-30,XX987464253,LDEBIT,GW-NILE,Success,3,4554.1,EGP,55.14,23.66,31.48,Success,DQ-T04
2025-05-28,AE987618927,TOKEN,GW-NIMBUS,PENDING_REVIEW,62,2686.26,AED,83.08,52.41,30.67,,DQ-T05
,SA886598559,LDEBIT,GW-NIMBUS,Success,12,1828.86,SAR,22.26,10.25,12.01,Success,DQ-T02
2024-08-03,SA851607798,CARD,GW-NIMBUS,Success,0,5107.24,SAR,89.85,90.4,-0.55,Success,DQ-T08
,EG723843125,TOKEN,GW-ATLAS,Success,78,20497.55,EGP,862.2,601.51,260.69,Success,DQ-T02
2026-02-10,EG629727686,LDEBIT,GW-NILE,Success,0,1007.81,EGP,22.12,11.26,10.86,Success,DQ-T08
,EG345706176,LDEBIT,GW-NILE,Success,3,7531.15,EGP,93.63,35.69,57.94,Success,DQ-T02
2024-09-20,SA711632487,CARD,GW-ORION,CHARGEBACK?,65,2421.42,SAR,82.67,45.55,37.12,,DQ-T05
2025-07-14,AE934539772,CARD,GW-NIMBUS,PENDING_REVIEW,2,1015.57,AED,25.54,14.19,11.35,,DQ-T05
,SA865900656,CARD,GW-ATLAS,Success,8,965.72,SAR,25.6,16.3,9.3,Success,DQ-T02
2025-02-17,XX252794230,CARD,GW-ATLAS,Failed,1,5002.1,EGP,0.0,0.98,-0.98,Failed,DQ-T04
2026-03-19,SA856834042,LDEBIT,GW-NIMBUS,Success,16,1651.79,SAR,2312.51,10.13,2302.38,Success,DQ-T09
2026-02-01,EG529532780,TOKEN,GW-NILE,Success,0,4166.8,EGP,110.51,57.94,52.57,Success,DQ-T08
,SA385404287,CARD,GW-ORION,SETTLED,106,5410.08,SAR,158.45,93.01,65.44,Success,DQ-T02
2025-02-26,EG420159724,WALLET,GW-NILE,Success,1,2634.49,EGP,3688.29,23.06,3665.23,Success,DQ-T09
2025-01-01,SA900572493,LDEBIT,GW-NIMBUS,Success,9,-2209.33,SAR,-27.81,-11.46,-16.35,Success,DQ-T07
2025-02-13,EG373280861,CARD,GW-NILE,Success,9,-4492.53,EGP,-145.56,-77.99,-67.57,Success,DQ-T07
,EG686030808,WALLET,GW-NILE,Failed,70,58907.48,EGP,0.0,28.73,-28.73,Failed,DQ-T02
,SA710370541,TOKEN,GW-ORION,Refunded,1,524.65,SAR,0.0,0.56,-0.56,Refunded,DQ-T02
2025-03-25,EG193916126,LDEBIT,GW-NILE,CHARGEBACK?,15,3581.1,EGP,82.42,40.44,41.98,,DQ-T05
,EG724883181,TOKEN,GW-NILE,Voided,2,718.86,EGP,0.0,0.83,-0.83,Voided,DQ-T02
2025-12-11,EG760725891,LDEBIT,GW-NILE,Success,10,11398.77,EGP,15958.28,63.98,15894.3,Success,DQ-T09
2025-05-19,AE235728700,BNPL,GW-ATLAS,CHARGEBACK?,2,456.48,AED,0.0,0.15,-0.15,,DQ-T05
2025-12-15,XX459351469,CARD,GW-NILE,Success,123,50239.66,EGP,1705.26,942.25,763.01,Success,DQ-T04
2026-02-13,SA914955375,LDEBIT,GW-NIMBUS,Success,0,479.78,SAR,5.51,2.5,3.01,Success,DQ-T08
,SA502327003,CARD,GW-ORION,Failed,1,180.14,SAR,0.0,0.04,-0.04,Failed,DQ-T02
2026-01-29,SA660258875,CARD,GW-NIMBUS,CHARGEBACK?,2,376.53,SAR,0.0,0.11,-0.11,,DQ-T05
2025-03-02,SA165160063,TOKEN,GW-NIMBUS,Success,5,-1040.38,SAR,-27.6,-15.78,-11.82,Success,DQ-T07
2025-11-04,SA796857151,LDEBIT,GW-NIMBUS,Success,2,-3789.12,SAR,-40.24,-17.39,-22.85,Success,DQ-T07
,SA502327003,LDEBIT,GW-NIMBUS,Success,3,554.59,SAR,7.17,3.0,4.17,Success,DQ-T02
2026-03-29,EG336915801,BNPL,GW-NILE,PENDING_REVIEW,9,2545.92,EGP,118.87,77.04,41.83,,DQ-T05
,SA843654782,BANKTR,GW-NIMBUS,Success,39,155189.12,SAR,384.22,130.98,253.24,Success,DQ-T02
2026-06-12,AE282120405,LDEBIT,GW-NIMBUS,UNKNOWN,18,717.6,AED,11.81,6.2,5.61,,DQ-T05
,SA592705693,CARD,GW-ORION,Failed,1,956.94,SAR,0.0,0.04,-0.04,Failed,DQ-T02
2026-03-31,SA174215481,LDEBIT,GW-NIMBUS,UNKNOWN,10,2155.47,SAR,26.32,11.39,14.93,,DQ-T05
,EG361515615,CARD,GW-ATLAS,Refunded,1,714.08,EGP,0.0,7.47,-7.47,Refunded,DQ-T02
,AE776685743,TOKEN,GW-ORION,Success,4,1911.85,AED,48.36,26.3,22.06,Success,DQ-T02
2025-09-16,EG770407516,CARD,GW-NILE,PENDING_REVIEW,627,180821.85,EGP,7298.19,3889.56,3408.63,,DQ-T05
,AE410140017,CARD,GW-NIMBUS,Refunded,10,2132.44,AED,0.0,5.51,-5.51,Refunded,DQ-T02
2024-09-19,SA972748866,LDEBIT,GW-NIMBUS,Success,349,44504.84,SAR,62306.78,259.17,62047.61,Success,DQ-T09
2024-11-08,XX740179154,TOKEN,GW-NILE,Success,27,33767.12,EGP,950.61,495.3,455.31,Success,DQ-T04
2025-04-23,XX336242997,CARD,GW-ORION,Captured,398,49843.98,SAR,829.21,727.8,101.41,Success,DQ-T04
2025-11-17,SA897535524,TOKEN,GW-NIMBUS,CHARGEBACK?,2,1764.48,SAR,42.96,25.19,17.77,,DQ-T05
2025-01-12,SA474123129,BNPL,GW-ATLAS,Success,0,887.65,SAR,39.76,31.88,7.88,Success,DQ-T08
2026-02-28,EG271950140,WALLET,GW-NILE,SETTLED,0,1603.72,EGP,39.24,18.38,20.86,Success,DQ-T08
,OM334471218,CARD,GW-ATLAS,Refunded,3,60.3,OMR,0.0,0.17,-0.17,Refunded,DQ-T02
2025-11-24,EG293670432,LDEBIT,GW-NILE,Success,0,1056.2,EGP,18.5,9.63,8.87,Success,DQ-T08
,AE123781768,TOKEN,GW-ORION,Refunded,1,51.66,AED,0.0,0.55,-0.55,Refunded,DQ-T02
2025-06-21,SA847623511,LDEBIT,GW-NIMBUS,Success,10,-1107.2,SAR,-14.96,-6.67,-8.29,Success,DQ-T07
2025-05-22,EG873952802,LDEBIT,GW-NILE,CHARGEBACK?,2,2601.64,EGP,0.0,0.8,-0.8,,DQ-T05
,EG647433267,CARD,GW-NILE,Success,70,35246.23,EGP,1122.24,618.6,503.64,Success,DQ-T02
,SA586124263,CARD,GW-ORION,Failed,8,291.41,SAR,0.0,0.36,-0.36,Failed,DQ-T02
2025-02-24,EG537155658,TOKEN,GW-ATLAS,Success,85,-18564.24,EGP,-885.32,-589.32,-296.0,Success,DQ-T07
2024-08-15,EG537155658,WALLET,GW-NILE,Success,68,-14157.51,EGP,-441.6,-229.97,-211.63,Success,DQ-T07
2026-06-08,EG877654092,LDEBIT,GW-NILE,UNKNOWN,538,510903.48,EGP,4715.61,3037.72,1677.89,,DQ-T05
2024-11-10,AE861319254,TOKEN,GW-ATLAS,Success,4,703.21,AED,984.49,11.72,972.77,Success,DQ-T09
,EG770407516,TOKEN,GW-ATLAS,Success,223,62608.24,EGP,2571.71,1774.84,796.87,Success,DQ-T02
2024-08-10,XX725635710,LDEBIT,GW-NILE,Failed,1,366.23,EGP,0.0,0.39,-0.39,Failed,DQ-T04
2025-01-29,SA474123129,TOKEN,GW-NIMBUS,UNKNOWN,2,91.46,SAR,0.0,1.12,-1.12,,DQ-T05
,SA122822556,LDEBIT,GW-NIMBUS,Failed,1,52.89,SAR,0.0,0.06,-0.06,Failed,DQ-T02
2024-11-21,XX353597993,CARD,GW-NIMBUS,Failed,7,816.0,SAR,0.0,0.39,-0.39,Failed,DQ-T04
2024-09-14,SA416884588,TOKEN,GW-NIMBUS,UNKNOWN,1,206.85,SAR,0.0,0.06,-0.06,,DQ-T05
,EG813796112,CARD,GW-NILE,Success,3,7432.56,EGP,191.35,97.98,93.37,Success,DQ-T02
,EG920470377,CARD,GW-NILE,Success,12,15251.97,EGP,398.83,218.12,180.71,Success,DQ-T02
,AE468236624,CARD,GW-ORION,SETTLED,7,13561.8,AED,317.2,175.39,141.81,Success,DQ-T02
2025-01-17,EG955763785,LDEBIT,GW-NILE,CHARGEBACK?,3,2504.97,EGP,37.93,15.29,22.64,,DQ-T05
2026-01-02,EG611254298,WALLET,GW-NILE,Success,11,-3742.94,EGP,-96.32,-49.77,-46.55,Success,DQ-T07
2026-03-04,AE642488904,CARD,GW-ATLAS,Success,0,50077.41,AED,727.66,740.46,-12.8,Success,DQ-T08
2024-12-30,EG903275069,WALLET,GW-NILE,PENDING_REVIEW,12,6040.58,EGP,0.0,4.71,-4.71,,DQ-T05
2026-04-29,EG903275069,BNPL,GW-NILE,Success,60,-34218.23,EGP,-1526.82,-1010.11,-516.71,Success,DQ-T07
2025-02-01,EG537155658,CARD,GW-NILE,Success,207,-45715.31,EGP,-2143.97,-1093.75,-1050.22,Success,DQ-T07
2026-03-16,EG544696241,LDEBIT,GW-NILE,Success,1,-4146.52,EGP,-47.69,-18.6,-29.09,Success,DQ-T07
2024-10-15,SA972748866,LDEBIT,GW-NIMBUS,CHARGEBACK?,3,337.99,SAR,0.0,1.69,-1.69,,DQ-T05
2025-06-12,SA168621990,TOKEN,GW-ATLAS,Success,25,-2519.68,SAR,-72.84,-45.04,-27.8,Success,DQ-T07
,AE558189150,LDEBIT,GW-NIMBUS,Success,6,1535.59,AED,18.83,7.9,10.93,Success,DQ-T02
2026-01-01,EG908795816,BANKTR,GW-NILE,CHARGEBACK?,3,241841.66,EGP,540.08,157.78,382.3,,DQ-T05
,AE918231431,CARD,GW-ORION,Voided,1,907.52,AED,0.0,0.04,-0.04,Voided,DQ-T02
2026-05-02,EG792191738,WALLET,GW-NILE,PENDING_REVIEW,7,5768.23,EGP,0.0,2.89,-2.89,,DQ-T05
2025-05-07,EG792191738,WALLET,GW-NILE,Success,0,23972.81,EGP,534.21,246.48,287.73,Success,DQ-T08
2025-07-15,SA726680999,TOKEN,GW-ORION,CHARGEBACK?,2,138.28,SAR,4.14,2.29,1.85,,DQ-T05
,SA462175242,TOKEN,GW-ATLAS,Success,1,90.45,SAR,2.58,1.65,0.93,Success,DQ-T02
,AE208762198,BNPL,GW-ATLAS,Success,2,456.81,AED,19.46,15.93,3.53,Success,DQ-T02
2024-11-10,EG397022030,BANKTR,GW-NILE,Success,0,279761.75,EGP,644.3,188.94,455.36,Success,DQ-T08
,AE719619202,LDEBIT,GW-NIMBUS,Success,4,1566.42,AED,19.18,7.71,11.47,Success,DQ-T02
2025-07-25,EG728979434,LDEBIT,GW-NILE,Success,0,4060.52,EGP,49.03,18.2,30.83,Success,DQ-T08
2025-11-30,EG325044783,TOKEN,GW-NILE,Success,0,869.13,EGP,24.46,13.65,10.81,Success,DQ-T08
2025-02-12,EG987489356,LDEBIT,GW-NILE,Success,455,-131203.85,EGP,-2589.68,-1312.76,-1276.92,Success,DQ-T07
,EG792191738,WALLET,GW-NILE,Success,25,19062.28,EGP,430.11,199.52,230.59,Success,DQ-T02
,EG389262771,TOKEN,GW-NILE,REFUND,2,782.87,EGP,0.0,14.43,-14.43,Refunded,DQ-T02
2026-05-20,SA168621990,LDEBIT,GW-NIMBUS,PENDING_REVIEW,46,5194.34,SAR,71.27,31.14,40.13,,DQ-T05
2026-04-17,OM780225802,LDEBIT,GW-NIMBUS,Success,10,-49.27,OMR,-0.81,-0.39,-0.42,Success,DQ-T07
2024-09-28,XX152470752,CARD,GW-NIMBUS,Failed,2,350.87,AED,0.0,0.11,-0.11,Failed,DQ-T04
2025-10-22,EG622517179,LDEBIT,GW-NILE,Success,5,2469.13,EGP,3456.78,18.81,3437.97,Success,DQ-T09
2025-02-09,AE713987880,CARD,GW-ORION,PENDING_REVIEW,31,4860.55,AED,130.45,69.09,61.36,,DQ-T05
2024-10-12,AE836534480,TOKEN,GW-ORION,Success,2,645.66,AED,903.92,9.02,894.9,Success,DQ-T09
,EG537339465,WALLET,GW-NILE,Failed,30,12613.46,EGP,0.0,11.93,-11.93,Failed,DQ-T02
2026-02-08,EG920470377,BNPL,GW-NILE,Success,0,999.09,EGP,44.14,29.18,14.96,Success,DQ-T08
,EG161643120,WALLET,GW-NILE,Failed,1,857.3,EGP,0.0,0.41,-0.41,Failed,DQ-T02
2025-09-05,EG622719015,CARD,GW-ATLAS,PENDING_REVIEW,1,13248.15,EGP,0.0,1.02,-1.02,,DQ-T05
2024-10-03,EG676342880,WALLET,GW-NILE,Success,67,54463.84,EGP,76249.38,555.14,75694.24,Success,DQ-T09
2025-10-25,EG327245837,CARD,GW-NILE,Success,1,-9358.02,EGP,-218.68,-116.37,-102.31,Success,DQ-T07
2025-09-19,EG229215706,WALLET,GW-NILE,UNKNOWN,2,1145.19,EGP,28.2,12.84,15.36,,DQ-T05
,EG856875467,CARD,GW-NILE,Failed,16,6766.09,EGP,0.0,6.42,-6.42,Failed,DQ-T02
2025-03-10,XX908275709,CARD,GW-ORION,Success,6,48392.05,AED,809.21,621.7,187.51,Success,DQ-T04
2025-08-09,XX320377942,CARD,GW-ORION,Failed,1,182.07,SAR,0.0,0.04,-0.04,Failed,DQ-T04
,EG758836714,WALLET,GW-NILE,Success,3,2527.29,EGP,58.55,25.74,32.81,Success,DQ-T02
2026-04-08,XX631100105,CARD,GW-NIMBUS,Failed,3,684.72,AED,0.0,0.17,-0.17,Failed,DQ-T04
2026-03-22,EG215045135,LDEBIT,GW-NILE,Success,0,11318.35,EGP,86.63,47.65,38.98,Success,DQ-T08
2026-05-11,SA936227927,LDEBIT,GW-NIMBUS,PENDING_REVIEW,1,748.03,SAR,0.0,0.06,-0.06,,DQ-T05
2026-05-14,XX661077248,CARD,GW-ATLAS,Success,3,116.71,OMR,1.69,1.79,-0.1,Success,DQ-T04
,EG624580946,WALLET,GW-NILE,Success,120,25672.81,EGP,769.23,422.03,347.2,Success,DQ-T02
,SA124881724,CARD,GW-NIMBUS,Success,98,11219.18,SAR,225.38,175.35,50.03,Success,DQ-T02
2024-09-24,EG676342880,WALLET,GW-NILE,Success,0,57474.25,EGP,1286.24,582.04,704.2,Success,DQ-T08
,AE642488904,BNPL,GW-ATLAS,Success,8,9451.85,AED,270.89,327.24,-56.35,Success,DQ-T02
,OM781490538,CARD,GW-ATLAS,Success,4,248.68,OMR,5.66,3.74,1.92,Success,DQ-T02
2026-04-20,OM936304206,CARD,GW-ATLAS,Success,0,328.47,OMR,7.74,5.24,2.5,Success,DQ-T08
2025-08-18,EG676342880,WALLET,GW-NILE,PENDING_REVIEW,2,2423.09,EGP,0.0,14.84,-14.84,,DQ-T05
2026-02-12,SA586124263,LDEBIT,GW-NIMBUS,CHARGEBACK?,5,182.13,SAR,0.0,0.28,-0.28,,DQ-T05
2025-11-30,XX347308211,TOKEN,GW-NILE,Refunded,3,6321.42,EGP,0.0,22.94,-22.94,Refunded,DQ-T04
,OM436896345,CARD,GW-ATLAS,Success,74,241.39,OMR,8.3,5.62,2.68,Success,DQ-T02
2026-02-24,OM761036673,TOKEN,GW-ATLAS,PENDING_REVIEW,193,780.79,OMR,26.0,17.3,8.7,,DQ-T05
2025-10-13,EG550259154,WALLET,GW-NILE,UNKNOWN,1,326.5,EGP,0.0,0.4,-0.4,,DQ-T05
,AE348507314,BNPL,GW-ATLAS,Failed,2,3536.56,AED,0.0,0.15,-0.15,Failed,DQ-T02
2026-03-20,AE274153176,CARD,GW-ATLAS,UNKNOWN,3,4116.95,AED,100.07,60.84,39.23,,DQ-T05
,EG934454177,WALLET,GW-NILE,ERROR,10,13584.04,EGP,0.0,3.99,-3.99,Failed,DQ-T02
,AE671906697,TOKEN,GW-ORION,Voided,24,1523.25,AED,0.0,1.06,-1.06,Voided,DQ-T02
2026-05-22,EG220900048,WALLET,GW-NILE,UNKNOWN,1,1254.89,EGP,23.62,11.97,11.65,,DQ-T05
2024-10-02,EG310107271,LDEBIT,GW-NILE,Success,3,6588.11,EGP,9223.35,31.79,9191.56,Success,DQ-T09
,EG344164016,WALLET,GW-NILE,Success,28,8898.98,EGP,240.95,122.36,118.59,Success,DQ-T02
,SA473410995,LDEBIT,GW-NIMBUS,Success,3,626.93,SAR,7.78,3.33,4.45,Success,DQ-T02
2026-02-02,AE671906697,TOKEN,GW-ORION,UNKNOWN,22,1396.32,AED,0.0,0.97,-0.97,,DQ-T05
2024-08-05,EG987489356,WALLET,GW-NILE,Success,645,-184787.52,EGP,-4956.81,-2590.37,-2366.44,Success,DQ-T07
,AE870997409,CARD,GW-NIMBUS,Voided,2,292.16,AED,0.0,0.11,-0.11,Voided,DQ-T02
,EG279421850,CARD,GW-NILE,Voided,1,3282.01,EGP,0.0,0.4,-0.4,Voided,DQ-T02
,SA652586164,CARD,GW-ATLAS,Success,204,28279.72,SAR,553.09,468.93,84.16,Success,DQ-T02
,EG191889591,TOKEN,GW-NILE,Captured,22,31758.58,EGP,849.53,459.06,390.47,Success,DQ-T02
,SA781674979,LDEBIT,GW-NIMBUS,Failed,2,93.8,SAR,0.0,0.11,-0.11,Failed,DQ-T02
2026-01-28,AE782539735,CARD,GW-NIMBUS,Success,187,-7700.45,AED,-235.85,-148.6,-87.25,Success,DQ-T07
2024-10-28,XX567992220,LDEBIT,GW-NILE,Success,11,3834.41,EGP,67.99,34.24,33.75,Success,DQ-T04
,EG624580946,BNPL,GW-ATLAS,Failed,20,4348.92,EGP,0.0,20.39,-20.39,Failed,DQ-T02
2025-04-30,XX533086851,CARD,GW-NIMBUS,Failed,6,1129.6,SAR,0.0,0.34,-0.34,Failed,DQ-T04
2026-06-29,EG344164016,TOKEN,GW-NILE,Success,13,4343.75,EGP,6081.25,90.17,5991.08,Success,DQ-T09
2025-04-28,SA256650029,TOKEN,GW-NIMBUS,Success,58,7839.08,SAR,10974.71,123.88,10850.83,Success,DQ-T09
2025-09-22,XX755464272,LDEBIT,GW-NILE,Failed,1,1330.06,EGP,0.0,0.41,-0.41,Failed,DQ-T04
2024-07-04,EG643904514,CARD,GW-NILE,UNKNOWN,10,3962.29,EGP,0.0,3.85,-3.85,,DQ-T05
2025-09-16,SA182543031,TOKEN,GW-NIMBUS,Success,2,-291.86,SAR,-7.51,-4.57,-2.94,Success,DQ-T07
,SA589749602,LDEBIT,GW-NIMBUS,Failed,3,521.38,SAR,0.0,0.17,-0.17,Failed,DQ-T02
,AE273918504,BNPL,GW-ATLAS,Success,1,44.05,AED,1.94,1.6,0.34,Success,DQ-T02
2026-02-19,SA705652485,LDEBIT,GW-NIMBUS,UNKNOWN,6,737.68,SAR,0.0,0.34,-0.34,,DQ-T05
2025-02-08,XX663278908,TOKEN,GW-NILE,Voided,1,362.79,EGP,0.0,0.39,-0.39,Voided,DQ-T04
2025-04-27,SA435110503,BANKTR,GW-NIMBUS,Success,246,90863.96,SAR,127209.54,382.14,126827.4,Success,DQ-T09
2025-08-18,EG645057217,CARD,GW-NILE,Success,0,20922.18,EGP,564.26,290.9,273.36,Success,DQ-T08
2024-09-15,EG728358410,BNPL,GW-NILE,CHARGEBACK?,2,1925.99,EGP,78.81,56.24,22.57,,DQ-T05
2025-10-24,EG217500923,TOKEN,GW-ATLAS,CHARGEBACK?,10,6651.24,EGP,196.94,137.82,59.12,,DQ-T05
2025-05-25,XX353821572,CARD,GW-NILE,Success,4,2032.37,EGP,68.15,35.25,32.9,Success,DQ-T04
,SA914955375,CARD,GW-ORION,Failed,1,231.35,SAR,0.0,0.04,-0.04,Failed,DQ-T02
2026-06-29,AE595956042,TOKEN,GW-ORION,UNKNOWN,1,642.69,AED,0.0,0.55,-0.55,,DQ-T05
,SA851607798,LDEBIT,GW-NIMBUS,Success,74,4292.83,SAR,37.16,31.81,5.35,Success,DQ-T02
,OM933600305,TOKEN,GW-ATLAS,Success,2,73.23,OMR,1.87,1.16,0.71,Success,DQ-T02
,SA473410995,LDEBIT,GW-NIMBUS,Success,1,219.86,SAR,2.72,1.16,1.56,Success,DQ-T02
,OM107384993,TOKEN,GW-ATLAS,Success,8,180.97,OMR,3.22,2.96,0.26,Success,DQ-T02
,AE741353303,TOKEN,GW-ORION,Voided,1,38.59,AED,0.0,0.04,-0.04,Voided,DQ-T02
,EG150005962,CARD,GW-NILE,Failed,1,521.33,EGP,0.0,0.4,-0.4,Failed,DQ-T02
2025-06-02,EG911025364,CARD,GW-NILE,Success,0,15474.88,EGP,760.35,380.99,379.36,Success,DQ-T08
,EG853730833,CARD,GW-ATLAS,Success,14,15005.91,EGP,414.76,271.55,143.21,Success,DQ-T02
2024-10-21,EG873952802,TOKEN,GW-NILE,PENDING_REVIEW,62,75181.0,EGP,1385.3,1107.0,278.3,,DQ-T05
2025-12-31,SA112481566,CARD,GW-ORION,CAPTURED,31,-3102.84,SAR,-90.83,-46.7,-44.13,Success,DQ-T07
,SA815162718,TOKEN,GW-NIMBUS,Failed,1,169.77,SAR,0.0,0.06,-0.06,Failed,DQ-T02
,EG537339465,WALLET,GW-NILE,Success,212,81961.26,EGP,1436.61,1020.71,415.9,Success,DQ-T02
,EG934454177,LDEBIT,GW-NILE,Success,127,178746.44,EGP,1750.34,951.98,798.36,Success,DQ-T02
2025-11-27,SA764037736,CARD,GW-ORION,Success,652,-143317.57,SAR,-2719.93,-1982.81,-737.12,Success,DQ-T07
,EG680228975,WALLET,GW-NILE,Refunded,1,8756.56,EGP,0.0,7.64,-7.64,Refunded,DQ-T02
2026-01-15,SA865900656,CARD,GW-ATLAS,Success,0,1054.96,SAR,28.07,17.88,10.19,Success,DQ-T08
2025-04-29,SA165400141,CARD,GW-NIMBUS,CHARGEBACK?,6,221.41,SAR,7.59,4.45,3.14,,DQ-T05
2025-07-02,XX138468630,CARD,GW-ATLAS,Failed,61,891.69,OMR,0.0,0.47,-0.47,Failed,DQ-T04
,SA779341840,CARD,GW-ATLAS,Failed,19,3227.73,SAR,0.0,1.42,-1.42,Failed,DQ-T02
2026-03-20,EG614572570,CARD,GW-NILE,UNKNOWN,1,4907.46,EGP,0.0,0.41,-0.41,,DQ-T05
,AE618504164,LDEBIT,GW-NIMBUS,Refunded,2,111.1,AED,0.0,1.1,-1.1,Refunded,DQ-T02
,SA182543031,CARD,GW-ATLAS,Success,3,452.22,SAR,11.37,7.43,3.94,Success,DQ-T02
,AE467155530,CARD,GW-ORION,Voided,1,815.18,AED,0.0,0.04,-0.04,Voided,DQ-T02
2025-06-09,OM222996492,CARD,GW-NIMBUS,Success,4,2369.13,OMR,3316.78,32.08,3284.7,Success,DQ-T09
,EG140153041,CARD,GW-NILE,Success,5,2366.23,EGP,83.18,42.35,40.83,Success,DQ-T02
,AE787062785,LDEBIT,GW-NIMBUS,Approved,15,2288.08,AED,19.9,12.78,7.12,Success,DQ-T02
2024-10-07,XX458509505,LDEBIT,GW-NIMBUS,Success,5,624.78,SAR,8.13,3.66,4.47,Success,DQ-T04
2025-11-07,XX711149053,TOKEN,GW-ORION,Success,36,9551.81,AED,220.02,134.91,85.11,Success,DQ-T04
,SA391124455,LDEBIT,GW-NIMBUS,Success,22,2592.89,SAR,35.36,15.38,19.98,Success,DQ-T02
2026-04-18,EG916667859,LDEBIT,GW-NILE,Success,0,6917.65,EGP,102.83,42.38,60.45,Success,DQ-T08
2025-03-12,EG286990334,WALLET,GW-NILE,UNKNOWN,1,92492.82,EGP,0.0,0.4,-0.4,,DQ-T05
2025-10-02,XX550091235,CARD,GW-NIMBUS,Success,19,136.06,OMR,3.76,2.31,1.45,Success,DQ-T04
2025-10-15,XX349808654,LDEBIT,GW-NILE,Success,3,5218.97,EGP,67.2,26.42,40.78,Success,DQ-T04
2025-10-05,AE366451684,TOKEN,GW-NIMBUS,Success,0,270.3,AED,7.62,4.26,3.36,Success,DQ-T08
2025-04-18,XX652665028,BNPL,GW-NILE,Failed,1,1086.55,EGP,0.0,0.4,-0.4,Failed,DQ-T04
2026-03-14,SA814924785,CARD,GW-ATLAS,SUCCESS,0,2164.91,SAR,49.49,32.4,17.09,Success,DQ-T08
,EG511253320,WALLET,GW-NILE,Voided,2,675.02,EGP,0.0,0.82,-0.82,Voided,DQ-T02
2024-11-30,AE889475271,LDEBIT,GW-NIMBUS,CHARGEBACK?,10,373.27,AED,6.26,3.33,2.93,,DQ-T05
,SA434781636,TOKEN,GW-NIMBUS,Success,2,191.67,SAR,5.66,3.17,2.49,Success,DQ-T02
2025-03-18,SA247609412,CARD,GW-ORION,PENDING_REVIEW,1,52.5,SAR,0.0,0.04,-0.04,,DQ-T05
2025-07-08,EG105351460,TOKEN,GW-NILE,PENDING_REVIEW,1,1097.01,EGP,0.0,0.4,-0.4,,DQ-T05
2024-09-16,SA853040870,CARD,GW-ORION,UNKNOWN,13,700.24,SAR,20.53,11.88,8.65,,DQ-T05
2025-08-22,SA577673991,CARD,GW-NIMBUS,Success,0,1238.65,SAR,32.14,17.94,14.2,Success,DQ-T08
2026-03-27,EG219821138,LDEBIT,GW-NILE,Success,0,2982.72,EGP,47.63,22.91,24.72,Success,DQ-T08
,SA944601083,TOKEN,GW-ORION,Success,5,1510.9,SAR,39.0,21.21,17.79,Success,DQ-T02
,SA909908733,TOKEN,GW-ORION,Voided,2,343.47,SAR,0.0,0.09,-0.09,Voided,DQ-T02
2024-11-15,XX723447378,CARD,GW-ORION,Refunded,10,372.98,SAR,0.0,5.62,-5.62,Refunded,DQ-T04
2025-01-20,SA512016562,LDEBIT,GW-NIMBUS,CHARGEBACK?,59,2126.13,SAR,36.36,19.52,16.84,,DQ-T05
2024-12-25,EG717847087,WALLET,GW-NILE,Success,0,829.37,EGP,16.76,8.43,8.33,Success,DQ-T08
2026-02-05,AE241754747,CARD,GW-NIMBUS,CHARGEBACK?,54,2516.11,AED,82.12,46.86,35.26,,DQ-T05
2025-03-23,AE381359654,CARD,GW-ORION,UNKNOWN,15,661.57,AED,0.0,0.66,-0.66,,DQ-T05
2024-10-26,SA865281392,CARD,GW-ATLAS,UNKNOWN,19,7164.91,SAR,185.53,109.74,75.79,,DQ-T05
,EG144615489,TOKEN,GW-NILE,Success,11,3003.24,EGP,125.99,67.56,58.43,Success,DQ-T02
,SA435110503,CARD,GW-NIMBUS,REVERSED,1,365.7,SAR,0.0,0.06,-0.06,Voided,DQ-T02
2025-12-19,EG899495597,LDEBIT,GW-NILE,Success,1,2334.95,EGP,3268.93,11.24,3257.69,Success,DQ-T09
2025-03-15,SA710370541,TOKEN,GW-ORION,PENDING_REVIEW,82,50678.13,SAR,774.2,692.32,81.88,,DQ-T05
2025-09-27,SA732202482,TOKEN,GW-ATLAS,UNKNOWN,3,190.98,SAR,0.0,0.22,-0.22,,DQ-T05
,AE538589512,LDEBIT,GW-NIMBUS,Failed,1,223.52,AED,0.0,0.06,-0.06,Failed,DQ-T02
,SA676493356,CARD,GW-ATLAS,Success,51,5707.09,SAR,142.97,97.36,45.61,Success,DQ-T02
,SA267227056,LDEBIT,GW-NIMBUS,Refunded,26,7020.25,SAR,0.0,14.62,-14.62,Refunded,DQ-T02
,EG629727686,CARD,GW-NILE,Voided,1,347.53,EGP,0.0,0.4,-0.4,Voided,DQ-T02
2025-12-03,AE273918504,BNPL,GW-ATLAS,CHARGEBACK?,3,108.99,AED,4.81,3.99,0.82,,DQ-T05
2026-02-09,SA828250977,TOKEN,GW-ATLAS,Success,0,241.12,SAR,6.37,3.92,2.45,Success,DQ-T08
,SA434781636,TOKEN,GW-NIMBUS,Voided,1,120.71,SAR,0.0,0.06,-0.06,Voided,DQ-T02
,SA174215481,LDEBIT,GW-NIMBUS,Success,8,1994.24,SAR,24.11,10.32,13.79,Success,DQ-T02
2026-01-20,EG279421850,CARD,GW-NILE,UNKNOWN,68,245711.6,EGP,4142.36,3167.46,974.9,,DQ-T05
,SA716580826,CARD,GW-ATLAS,Failed,7,310.98,SAR,0.0,0.52,-0.52,Failed,DQ-T02
,EG474518016,CARD,GW-NILE,Voided,1,1433.35,EGP,0.0,0.41,-0.41,Voided,DQ-T02
2025-01-16,AE572051786,LDEBIT,GW-NIMBUS,UNKNOWN,17,711.73,AED,11.49,6.01,5.48,,DQ-T05
,SA912413819,CARD,GW-ORION,Failed,52,1739.3,SAR,0.0,2.34,-2.34,Failed,DQ-T02
,EG280455389,CARD,GW-NILE,Failed,1,1458.3,EGP,0.0,0.39,-0.39,Failed,DQ-T02
2026-03-17,XX315988470,CARD,GW-NILE,Success,2,16173.22,EGP,345.27,201.97,143.3,Success,DQ-T04
2025-10-17,EG704053078,CARD,GW-ATLAS,CHARGEBACK?,38,145993.67,EGP,2450.28,2270.16,180.12,,DQ-T05
2025-02-09,SA320986752,LDEBIT,GW-NIMBUS,UNKNOWN,139,126110.14,SAR,1002.42,590.95,411.47,,DQ-T05
2025-12-23,EG335687023,CARD,GW-NILE,PENDING_REVIEW,12,19479.96,EGP,0.0,4.89,-4.89,,DQ-T05
,SA592705693,LDEBIT,GW-NIMBUS,Success,2,2076.94,SAR,23.26,9.68,13.58,Success,DQ-T02
,EG629727686,CARD,GW-NILE,Success,11,3708.0,EGP,144.21,75.13,69.08,Success,DQ-T02
,SA676493356,CARD,GW-ATLAS,Success,31,3293.76,SAR,83.1,56.63,26.47,Success,DQ-T02
,SA818206797,CARD,GW-ORION,Failed,1,124.06,SAR,0.0,0.04,-0.04,Failed,DQ-T02
2026-02-05,SA247197710,CARD,GW-ATLAS,PENDING_REVIEW,1,380.07,SAR,9.6,5.82,3.78,,DQ-T05
,AE861319254,TOKEN,GW-ATLAS,SUCCESS,1,137.84,AED,3.7,2.36,1.34,Success,DQ-T02
2024-10-21,XX852836466,CARD,GW-NILE,Success,6,11706.9,EGP,299.06,157.7,141.36,Success,DQ-T04
,SA489370296,TOKEN,GW-NIMBUS,Success,5,3845.2,SAR,88.32,55.05,33.27,Success,DQ-T02
,OM761015209,CARD,GW-ATLAS,Success,1,16.16,OMR,0.42,0.26,0.16,Success,DQ-T02
2025-05-15,EG614572570,CARD,GW-NILE,UNKNOWN,14,73058.76,EGP,1721.6,924.63,796.97,,DQ-T05
,AE307567415,CARD,GW-NIMBUS,Refunded,33,9043.92,AED,0.0,18.18,-18.18,Refunded,DQ-T02
2025-09-17,XX349983700,CARD,GW-ORION,Success,49,1831.36,SAR,61.78,34.41,27.37,Success,DQ-T04
2025-12-02,AE767122784,BNPL,GW-ATLAS,CHARGEBACK?,1,133.51,AED,6.06,4.69,1.37,,DQ-T05
,AE932795909,TOKEN,GW-ORION,Voided,3,866.02,AED,0.0,0.13,-0.13,Voided,DQ-T02
2026-01-15,EG276584921,CARD,GW-ATLAS,UNKNOWN,1,1458.56,EGP,0.0,1.01,-1.01,,DQ-T05
2025-12-15,OM688926128,CARD,GW-NIMBUS,Success,0,3761.76,OMR,73.89,59.46,14.43,Success,DQ-T08
,AE798073466,CARD,GW-ORION,Refunded,2,648.06,AED,0.0,1.1,-1.1,Refunded,DQ-T02
,EG760725891,CARD,GW-ATLAS,Failed,6,6639.43,EGP,0.0,6.16,-6.16,Failed,DQ-T02
,AE626038015,CARD,GW-ATLAS,Refunded,2,1676.15,AED,0.0,1.1,-1.1,Refunded,DQ-T02
2025-06-25,SA426436949,TOKEN,GW-ORION,Success,0,5920.91,SAR,178.34,98.16,80.18,Success,DQ-T08
,AE132301545,CARD,GW-NIMBUS,Refunded,1,207.87,AED,0.0,0.55,-0.55,Refunded,DQ-T02
,EG989134753,TOKEN,GW-ATLAS,Refunded,1,7141.79,EGP,0.0,7.73,-7.73,Refunded,DQ-T02
2025-08-02,EG799575469,LDEBIT,GW-NILE,Success,10,-3626.65,EGP,-67.92,-32.0,-35.92,Success,DQ-T07
,EG981274071,BNPL,GW-ATLAS,Failed,24,10320.2,EGP,0.0,24.63,-24.63,Failed,DQ-T02
,EG624580946,TOKEN,GW-ATLAS,Failed,14,3064.21,EGP,0.0,14.37,-14.37,Failed,DQ-T02
,OM371938797,TOKEN,GW-ATLAS,Failed,15,115.44,OMR,0.0,0.12,-0.12,Failed,DQ-T02
2026-06-01,XX456203592,CARD,GW-NILE,Success,870,803699.23,EGP,15189.1,12136.71,3052.39,Success,DQ-T04
2026-02-08,XX129123322,TOKEN,GW-ORION,Voided,5,911.4,AED,0.0,0.22,-0.22,Voided,DQ-T04
2026-04-01,EG357144481,CARD,GW-NILE,PENDING_REVIEW,5,1934.0,EGP,71.88,37.09,34.79,,DQ-T05
2026-06-11,AE543834117,CARD,GW-ORION,UNKNOWN,3,106.64,AED,0.0,1.65,-1.65,,DQ-T05
2025-08-08,AE779021046,TOKEN,GW-ORION,UNKNOWN,7,11807.3,AED,289.72,158.57,131.15,,DQ-T05
2026-04-22,OM141192539,LDEBIT,GW-NIMBUS,Success,0,429.9,OMR,5.07,2.45,2.62,Success,DQ-T08
,EG799575469,CARD,GW-ATLAS,Success,52,18348.64,EGP,697.63,453.15,244.48,Success,DQ-T02
2024-11-28,XX844071240,BNPL,GW-NILE,Success,2,3239.51,EGP,132.56,94.08,38.48,Success,DQ-T04
,SA416884588,CARD,GW-ORION,Failed,12,2482.23,SAR,0.0,0.54,-0.54,Failed,DQ-T02
,SA147303844,TOKEN,GW-ORION,Failed,1,169.22,SAR,0.0,0.04,-0.04,Failed,DQ-T02
,AE870997409,CARD,GW-NIMBUS,Failed,1,146.08,AED,0.0,0.06,-0.06,Failed,DQ-T02
2025-01-09,OM543606528,LDEBIT,GW-NIMBUS,UNKNOWN,1,10.49,OMR,0.0,0.01,-0.01,,DQ-T05
,EG181564804,LDEBIT,GW-NILE,Failed,321,157910.82,EGP,0.0,128.88,-128.88,Failed,DQ-T02
2025-02-13,EG474518016,CARD,GW-NILE,PENDING_REVIEW,7,9595.47,EGP,0.0,2.75,-2.75,,DQ-T05
,EG843137256,CARD,GW-ATLAS,Success,16,18685.58,EGP,514.7,331.0,183.7,Success,DQ-T02
2025-05-19,XX814285030,TOKEN,GW-ORION,Success,5,185.9,AED,5.99,3.57,2.42,Success,DQ-T04
,SA472968758,CARD,GW-ORION,Failed,1,316.98,SAR,0.0,0.04,-0.04,Failed,DQ-T02
,EG987489356,WALLET,GW-NILE,ERROR,161,48746.9,EGP,0.0,65.65,-65.65,Failed,DQ-T02
2026-02-18,SA845331728,LDEBIT,GW-NIMBUS,SETTLED,1,1086.65,SAR,1521.31,5.06,1516.25,Success,DQ-T09
2025-10-05,AE486272694,TOKEN,GW-ORION,PENDING_REVIEW,2,418.55,AED,10.48,6.0,4.48,,DQ-T05
,SA852543984,TOKEN,GW-ORION,Failed,1,237.54,SAR,0.0,0.04,-0.04,Failed,DQ-T02
2026-04-19,EG573406141,WALLET,GW-NILE,PENDING_REVIEW,1,629.86,EGP,15.15,6.9,8.25,,DQ-T05
,SA623621170,LDEBIT,GW-NIMBUS,Voided,1,54.66,SAR,0.0,0.06,-0.06,Voided,DQ-T02
2026-06-21,AE512828415,CARD,GW-ATLAS,Approved,6,-622.7,AED,-16.09,-10.71,-5.38,Success,DQ-T07
2024-08-18,EG511253320,TOKEN,GW-ATLAS,CHARGEBACK?,13,3830.08,EGP,163.25,104.51,58.74,,DQ-T05
,AE987618927,CARD,GW-ORION,Voided,7,290.2,AED,0.0,0.31,-0.31,Voided,DQ-T02
,AE761816465,LDEBIT,GW-NIMBUS,Refunded,1,139.27,AED,0.0,0.55,-0.55,Refunded,DQ-T02
2025-07-27,OM590437110,TOKEN,GW-ATLAS,UNKNOWN,1,4.32,OMR,0.14,0.09,0.05,,DQ-T05
2024-10-17,EG345706176,CARD,GW-NILE,Success,2,-5935.56,EGP,-148.45,-77.27,-71.18,Success,DQ-T07
2025-01-28,EG674673242,CARD,GW-NILE,CHARGEBACK?,3,25166.08,EGP,561.31,313.56,247.75,,DQ-T05
,SA716580826,TOKEN,GW-NIMBUS,REFUND,1,32.66,SAR,0.0,0.56,-0.56,Refunded,DQ-T02
2025-11-20,EG432619696,CARD,GW-ATLAS,Success,188,-41522.7,EGP,-1880.08,-1314.52,-565.56,Success,DQ-T07
2025-10-03,XX223101064,LDEBIT,GW-NILE,Failed,1,1447.74,EGP,0.0,0.4,-0.4,Failed,DQ-T04
,EG623813968,CARD,GW-NILE,Failed,5,10817.95,EGP,0.0,1.98,-1.98,Failed,DQ-T02
2025-08-21,SA288575225,LDEBIT,GW-NIMBUS,UNKNOWN,2,440.52,SAR,5.57,2.32,3.25,,DQ-T05
,EG431057266,CARD,GW-NILE,Success,6,63979.61,EGP,1439.75,793.06,646.69,Success,DQ-T02
2025-01-25,SA247197710,CARD,GW-ATLAS,UNKNOWN,2,654.47,SAR,16.63,10.1,6.53,,DQ-T05
2024-07-31,XX739926115,CARD,GW-ATLAS,Refunded,1,121.94,OMR,0.0,0.06,-0.06,Refunded,DQ-T04
2024-11-30,EG266138287,WALLET,GW-NILE,UNKNOWN,2,766.07,EGP,18.34,9.62,8.72,,DQ-T05
2026-06-02,EG344758416,CARD,GW-NILE,CHARGEBACK?,5,10658.18,EGP,291.22,143.13,148.09,,DQ-T05
2026-06-10,EG427255297,TOKEN,GW-ATLAS,CHARGEBACK?,2,6767.13,EGP,174.77,109.93,64.84,,DQ-T05
,SA474123129,TOKEN,GW-NIMBUS,Failed,2,120.63,SAR,0.0,0.11,-0.11,Failed,DQ-T02
2024-10-05,XX578702191,TOKEN,GW-ATLAS,Success,2,13093.32,EGP,332.04,205.16,126.88,Success,DQ-T04
2025-10-20,EG215045135,TOKEN,GW-ATLAS,Success,0,8514.81,EGP,136.97,132.47,4.5,Success,DQ-T08
,AE984737156,LDEBIT,GW-NIMBUS,Success,4,916.58,AED,11.33,4.79,6.54,Success,DQ-T02
2024-11-03,SA674924548,LDEBIT,GW-NIMBUS,Success,15,-957.04,SAR,-14.64,-6.84,-7.8,Success,DQ-T07
2024-12-02,SA860742247,LDEBIT,GW-NIMBUS,CHARGEBACK?,39,7618.79,SAR,0.0,2.19,-2.19,,DQ-T05
2026-03-26,SA268987858,LDEBIT,GW-NIMBUS,Success,3,188.49,SAR,263.89,1.35,262.54,Success,DQ-T09
,EG327327982,LDEBIT,GW-NILE,Voided,1,303.52,EGP,0.0,0.41,-0.41,Voided,DQ-T02
2025-12-17,EG178731082,WALLET,GW-NILE,CHARGEBACK?,2,1320.22,EGP,0.0,0.81,-0.81,,DQ-T05
2026-03-31,OM435145511,CARD,GW-NIMBUS,Success,0,161.81,OMR,3.81,2.38,1.43,Success,DQ-T08
2025-09-22,XX228422291,CARD,GW-ATLAS,Voided,164,81875.24,EGP,0.0,167.06,-167.06,Voided,DQ-T04
2026-01-10,XX471759132,WALLET,GW-NILE,Success,37,66544.29,EGP,1028.85,604.43,424.42,Success,DQ-T04
2025-05-07,EG761087060,CARD,GW-NILE,UNKNOWN,9,12853.17,EGP,0.0,3.59,-3.59,,DQ-T05
2025-01-28,EG538857731,CARD,GW-NILE,PENDING_REVIEW,1,977.3,EGP,0.0,7.35,-7.35,,DQ-T05
,SA485114821,TOKEN,GW-ATLAS,Success,2,117.39,SAR,3.44,2.33,1.11,Success,DQ-T02
2026-04-15,OM141192539,LDEBIT,GW-NIMBUS,Success,0,281.89,OMR,3.27,1.56,1.71,Success,DQ-T08
,SA315873581,LDEBIT,GW-NIMBUS,Voided,1,40.67,SAR,0.0,0.06,-0.06,Voided,DQ-T02
,EG105351460,TOKEN,GW-NILE,Success,2,1835.41,EGP,52.05,28.33,23.72,Success,DQ-T02
,SA556781756,BNPL,GW-ATLAS,Refunded,1,47.13,SAR,0.0,0.56,-0.56,Refunded,DQ-T02
2024-10-12,EG220900048,TOKEN,GW-NILE,Success,1,-2014.05,EGP,-48.02,-27.95,-20.07,Success,DQ-T07
,AE375396549,TOKEN,GW-NIMBUS,Success,1,354.21,AED,9.79,5.2,4.59,Success,DQ-T02
2024-10-12,SA633817671,LDEBIT,GW-NIMBUS,Success,1,-56.64,SAR,-0.86,-0.42,-0.44,Success,DQ-T07
2025-03-06,EG998632198,CARD,GW-NILE,Success,55,-81302.65,EGP,-2013.18,-1131.82,-881.36,Success,DQ-T07
,EG911025364,CARD,GW-NILE,FAILED,1,217.74,EGP,0.0,0.4,-0.4,Failed,DQ-T02
2026-06-28,SA845331728,TOKEN,GW-ORION,Success,0,515.51,SAR,11.61,7.08,4.53,Success,DQ-T08
,EG538857731,TOKEN,GW-NILE,Success,5,8773.83,EGP,218.72,123.66,95.06,Success,DQ-T02
2025-03-13,AE853501645,TOKEN,GW-NIMBUS,PENDING_REVIEW,40,2843.97,AED,78.28,49.36,28.92,,DQ-T05
,SA912413819,CARD,GW-ORION,Success,202,6734.83,SAR,217.99,131.41,86.58,Success,DQ-T02
,EG537339465,TOKEN,GW-ATLAS,Success,223,91926.64,EGP,2339.16,2218.14,121.02,Success,DQ-T02
2024-07-03,SA466668047,LDEBIT,GW-NIMBUS,UNKNOWN,1,43.95,SAR,0.0,0.06,-0.06,,DQ-T05
2026-03-10,EG427255297,LDEBIT,GW-NILE,UNKNOWN,1,3666.5,EGP,45.23,16.66,28.57,,DQ-T05
2025-09-16,EG215045135,CARD,GW-ATLAS,PENDING_REVIEW,5,45691.87,EGP,718.34,685.03,33.31,,DQ-T05
,EG331354329,WALLET,GW-NILE,Refunded,1,279.41,EGP,0.0,7.27,-7.27,Refunded,DQ-T02
,SA796857151,CARD,GW-NIMBUS,Refunded,1,2083.58,SAR,0.0,0.56,-0.56,Refunded,DQ-T02
2024-10-04,XX253145638,WALLET,GW-NILE,Declined,1,6553.64,EGP,0.0,0.39,-0.39,Failed,DQ-T04
2024-09-16,XX914831352,TOKEN,GW-ATLAS,Captured,249,70393.06,EGP,2834.26,1953.19,881.07,Success,DQ-T04
,EG981274071,CARD,GW-ATLAS,Voided,2,814.78,EGP,0.0,1.94,-1.94,Voided,DQ-T02
,AE468236624,BNPL,GW-ATLAS,Success,1,1441.88,AED,66.9,49.9,17.0,Success,DQ-T02
,SA847687864,TOKEN,GW-NIMBUS,Success,14,1736.39,SAR,48.56,27.72,20.84,Success,DQ-T02
,AE410140017,LDEBIT,GW-NIMBUS,Success,389,63715.02,AED,485.33,351.0,134.33,Success,DQ-T02
2026-05-09,SA986462340,CARD,GW-ORION,UNKNOWN,1,16.89,SAR,0.0,0.56,-0.56,,DQ-T05
2026-01-03,XX124577281,CARD,GW-NILE,Failed,1,1300.5,EGP,0.0,0.4,-0.4,Failed,DQ-T04
2025-11-14,SA112481566,LDEBIT,GW-NIMBUS,Success,14,-1777.66,SAR,-24.81,-10.36,-14.45,Success,DQ-T07
,EG680139391,CARD,GW-NILE,Success,212,88163.88,EGP,3144.83,1643.14,1501.69,Success,DQ-T02
2026-02-26,EG468167807,CARD,GW-ATLAS,UNKNOWN,2,8004.41,EGP,125.86,124.3,1.56,,DQ-T05
,AE381359654,LDEBIT,GW-NIMBUS,SUCCESS,8,347.32,AED,5.65,2.89,2.76,Success,DQ-T02
2024-08-30,EG981274071,TOKEN,GW-NILE,PENDING_REVIEW,74,31969.86,EGP,1128.63,592.81,535.82,,DQ-T05
2026-06-19,SA663148534,LDEBIT,GW-NIMBUS,Success,1,-243.22,SAR,-3.16,-1.26,-1.9,Success,DQ-T07
2026-06-22,OM410323148,CARD,GW-NIMBUS,UNKNOWN,1,17.64,OMR,0.0,0.01,-0.01,,DQ-T05
2025-02-07,AE317795493,TOKEN,GW-NIMBUS,PENDING_REVIEW,35,10280.74,AED,157.09,152.29,4.8,,DQ-T05
2026-06-05,EG187417841,CARD,GW-ATLAS,UNKNOWN,1,12027.18,EGP,262.28,179.16,83.12,,DQ-T05
,SA819868069,CARD,GW-NIMBUS,Refunded,17,2239.34,SAR,0.0,9.56,-9.56,Refunded,DQ-T02
,EG723843125,LDEBIT,GW-NILE,REFUND,1,287.34,EGP,0.0,7.55,-7.55,Refunded,DQ-T02
,EG105351460,CARD,GW-NILE,Failed,1,1071.17,EGP,0.0,0.39,-0.39,Failed,DQ-T02
,EG550259154,CARD,GW-ATLAS,Success,19,6218.53,EGP,230.03,159.65,70.38,Success,DQ-T02
,AE932795909,TOKEN,GW-ORION,Refunded,2,346.37,AED,0.0,1.1,-1.1,Refunded,DQ-T02
2025-05-02,SA184014126,TOKEN,GW-NIMBUS,CHARGEBACK?,14,788.16,SAR,21.73,14.45,7.28,,DQ-T05
2025-06-03,EG750576392,CARD,GW-ATLAS,Success,8,-5589.1,EGP,-178.94,-111.02,-67.92,Success,DQ-T07
2025-02-24,SA267227056,CARD,GW-ORION,Success,592,167125.64,SAR,233975.9,2274.64,231701.26,Success,DQ-T09
,OM173271126,CARD,GW-NIMBUS,Failed,1,13.58,OMR,0.0,0.01,-0.01,Failed,DQ-T02
,EG465172400,CARD,GW-ATLAS,Failed,1,1905.18,EGP,0.0,1.03,-1.03,Failed,DQ-T02
2025-11-04,SA487858809,CARD,GW-ATLAS,Success,29,-1281.99,SAR,-39.96,-26.74,-13.22,Success,DQ-T07
2025-06-21,SA256650029,TOKEN,GW-NIMBUS,PENDING_REVIEW,5,436.55,SAR,0.0,2.81,-2.81,,DQ-T05
2024-10-08,EG799575469,TOKEN,GW-NILE,PENDING_REVIEW,15,5426.81,EGP,207.98,107.02,100.96,,DQ-T05
2025-06-29,EG474829702,TOKEN,GW-NILE,Success,1,-2195.27,EGP,-60.29,-30.3,-29.99,Success,DQ-T07
2025-05-07,SA674924548,LDEBIT,GW-NIMBUS,Success,0,844.56,SAR,13.67,6.67,7.0,Success,DQ-T08
,SA205739809,LDEBIT,GW-NIMBUS,Failed,2,73.09,SAR,0.0,0.11,-0.11,Failed,DQ-T02
2026-02-12,SA550486234,CARD,GW-ATLAS,SETTLED,0,2513.63,SAR,69.99,43.59,26.4,Success,DQ-T08
2025-05-06,SA124881724,TOKEN,GW-ATLAS,PENDING_REVIEW,1,116.57,SAR,0.0,0.08,-0.08,,DQ-T05
2026-01-28,EG305582435,CARD,GW-NILE,Success,6,-11457.98,EGP,-280.92,-155.28,-125.64,Success,DQ-T07
2026-05-09,EG981274071,CARD,GW-ATLAS,UNKNOWN,5,2160.48,EGP,0.0,5.16,-5.16,,DQ-T05
,SA315873581,LDEBIT,GW-NIMBUS,Failed,3,122.0,SAR,0.0,0.17,-0.17,Failed,DQ-T02
2025-10-24,AE741353303,TOKEN,GW-ORION,UNKNOWN,1,43.6,AED,0.0,0.55,-0.55,,DQ-T05
,SA577673991,LDEBIT,GW-NIMBUS,Success,2,586.27,SAR,7.38,2.98,4.4,Success,DQ-T02
,SA158425015,TOKEN,GW-NIMBUS,Success,28,1177.37,SAR,38.95,23.31,15.64,Success,DQ-T02
,EG482640702,WALLET,GW-NILE,Success,15,35353.53,EGP,705.7,313.12,392.58,Success,DQ-T02
,SA758672424,TOKEN,GW-ORION,Success,1,85.18,SAR,2.23,1.36,0.87,Success,DQ-T02
,EG861848123,CARD,GW-NILE,Success,12,9640.8,EGP,294.28,148.59,145.69,Success,DQ-T02
2026-04-24,EG432619696,CARD,GW-ATLAS,Success,0,40271.44,EGP,1750.88,1221.23,529.65,Success,DQ-T08
2026-06-15,EG707758852,LDEBIT,GW-NILE,Success,0,5040.88,EGP,72.21,31.22,40.99,Success,DQ-T08
2026-02-14,EG723843125,WALLET,GW-NILE,CHARGEBACK?,128,35832.73,EGP,969.05,520.1,448.95,,DQ-T05
2024-10-10,XX147415469,BNPL,GW-NILE,Success,2,2081.87,EGP,102.57,60.74,41.83,Success,DQ-T04
2024-12-11,XX980012854,CARD,GW-ORION,Success,100,22134.68,AED,504.21,305.62,198.59,Success,DQ-T04
2024-10-02,AE172124002,LDEBIT,GW-NIMBUS,SETTLED,23,-2513.53,AED,-35.82,-15.11,-20.71,Success,DQ-T07
,AE333371080,CARD,GW-ORION,Failed,2,639.77,AED,0.0,0.09,-0.09,Failed,DQ-T02
,SA508515348,TOKEN,GW-ORION,DECLINED,2,369.37,SAR,0.0,0.09,-0.09,Failed,DQ-T02
,EG728358410,TOKEN,GW-ATLAS,Success,4,4920.46,EGP,122.54,88.9,33.64,Success,DQ-T02
2024-12-13,AE345303542,TOKEN,GW-ORION,Success,0,160.65,AED,5.57,3.01,2.56,Success,DQ-T08
2026-02-04,XX963675839,LDEBIT,GW-NIMBUS,Voided,3,665.41,SAR,0.0,0.17,-0.17,Voided,DQ-T04
2026-03-07,SA814924785,CARD,GW-ATLAS,UNKNOWN,5,4345.71,SAR,98.96,64.75,34.21,,DQ-T05
,EG728358410,LDEBIT,GW-NILE,Success,5,9289.24,EGP,105.24,46.27,58.97,Success,DQ-T02
2026-03-10,EG529532780,TOKEN,GW-NILE,CHARGEBACK?,5,8234.29,EGP,223.91,117.42,106.49,,DQ-T05
,SA479684490,CARD,GW-ORION,Refunded,1,29.97,SAR,0.0,0.56,-0.56,Refunded,DQ-T02
,SA705652485,LDEBIT,GW-NIMBUS,Failed,8,983.57,SAR,0.0,0.45,-0.45,Failed,DQ-T02
2025-05-20,EG981274071,TOKEN,GW-NILE,UNKNOWN,9,3757.52,EGP,0.0,3.59,-3.59,,DQ-T05
2025-11-23,EG761087060,TOKEN,GW-ATLAS,CHARGEBACK?,42,63898.54,EGP,1706.75,1124.57,582.18,,DQ-T05
2025-01-28,SA925677957,CARD,GW-ATLAS,Success,7,-3448.35,SAR,-85.31,-52.22,-33.09,Success,DQ-T07
2026-05-23,AE107661633,CARD,GW-NIMBUS,PENDING_REVIEW,2,279.37,AED,0.0,0.11,-0.11,,DQ-T05
2025-10-06,EG486344028,LDEBIT,GW-NILE,CHARGEBACK?,58,19100.7,EGP,363.91,179.56,184.35,,DQ-T05
2025-05-06,AE881349842,CARD,GW-ORION,PENDING_REVIEW,1,3410.77,AED,0.0,0.04,-0.04,,DQ-T05
2024-07-02,SA592950341,LDEBIT,GW-NIMBUS,PENDING_REVIEW,6,1505.79,SAR,18.63,7.79,10.84,,DQ-T05
,AE987618927,BNPL,GW-ATLAS,Refunded,1,36.54,AED,0.0,0.55,-0.55,Refunded,DQ-T02
,EG554455116,WALLET,GW-NILE,Success,1,7498.35,EGP,139.8,62.54,77.26,Success,DQ-T02
,SA295911590,LDEBIT,GW-NIMBUS,Success,6,1204.53,SAR,14.74,6.43,8.31,Success,DQ-T02
,EG762971123,WALLET,GW-NILE,Success,1,2012.53,EGP,40.19,18.11,22.08,Success,DQ-T02
2025-10-13,SA647753119,CARD,GW-NIMBUS,PENDING_REVIEW,1,108.68,SAR,0.0,0.06,-0.06,,DQ-T05
2026-02-04,SA251636450,TOKEN,GW-ORION,Success,13,-860.19,SAR,-25.87,-14.34,-11.53,Success,DQ-T07
2026-03-02,SA256650029,CARD,GW-NIMBUS,Success,0,22347.84,SAR,559.0,345.33,213.67,Success,DQ-T08
,SA382289892,LDEBIT,GW-NIMBUS,Failed,2,415.89,SAR,0.0,0.11,-0.11,Failed,DQ-T02
2024-11-08,EG728979434,LDEBIT,GW-NILE,PENDING_REVIEW,2,5301.49,EGP,65.72,24.89,40.83,,DQ-T05
2026-06-23,SA196173797,TOKEN,GW-ORION,UNKNOWN,7,566.35,SAR,15.43,9.09,6.34,,DQ-T05
2026-03-12,EG123423908,CARD,GW-NILE,Success,7,-19095.2,EGP,-484.94,-251.15,-233.79,Success,DQ-T07
,EG249264164,CARD,GW-ATLAS,Success,12,10101.99,EGP,295.36,189.99,105.37,Success,DQ-T02
,EG744158614,TOKEN,GW-ATLAS,Failed,1,1485.55,EGP,0.0,0.99,-0.99,Failed,DQ-T02
,EG486344028,LDEBIT,GW-NILE,Voided,1,337.17,EGP,0.0,0.41,-0.41,Voided,DQ-T02
2025-10-29,XX557724980,TOKEN,GW-NILE,Success,20,21133.58,EGP,570.91,319.65,251.26,Success,DQ-T04
2025-03-02,SA954952952,LDEBIT,GW-NIMBUS,Success,214,-9711.04,SAR,-146.36,-79.81,-66.55,Success,DQ-T07
2026-05-13,EG792191738,LDEBIT,GW-NILE,Success,0,22924.31,EGP,345.16,145.17,199.99,Success,DQ-T08
2025-01-07,OM761371745,CARD,GW-ATLAS,CHARGEBACK?,1,164.14,OMR,0.0,0.01,-0.01,,DQ-T05
2025-09-05,XX141110162,CARD,GW-ATLAS,Voided,1,1309.97,EGP,0.0,1.02,-1.02,Voided,DQ-T04
2025-10-02,OM236113503,CARD,GW-NIMBUS,UNKNOWN,1,27.25,OMR,0.0,0.01,-0.01,,DQ-T05
,SA912413819,CARD,GW-ORION,Success,375,12665.88,SAR,408.13,246.05,162.08,Success,DQ-T02
,EG998632198,BNPL,GW-NILE,Success,12,20177.08,EGP,864.59,585.78,278.81,Success,DQ-T02
,EG191889591,TOKEN,GW-NILE,Success,5,5948.03,EGP,162.41,87.73,74.68,Success,DQ-T02
,AE671906697,CARD,GW-ORION,Success,2243,142795.61,AED,2619.36,2320.77,298.59,Success,DQ-T02
2025-09-02,SA624172387,LDEBIT,GW-NIMBUS,Success,11,-383.35,SAR,-6.52,-3.58,-2.94,Success,DQ-T07
2026-01-10,XX395541924,BNPL,GW-ATLAS,Voided,4,239.88,SAR,0.0,0.3,-0.3,Voided,DQ-T04
2025-03-22,SA912413819,TOKEN,GW-ATLAS,Success,147,-4888.08,SAR,-160.66,-114.7,-45.96,Success,DQ-T07
,OM730950792,CARD,GW-NIMBUS,Success,3,37.42,OMR,0.93,0.58,0.35,Success,DQ-T02
,EG728358410,LDEBIT,GW-NILE,Declined,1,1592.34,EGP,0.0,0.4,-0.4,Failed,DQ-T02
,EG447972836,LDEBIT,GW-NILE,Failed,1,1132.6,EGP,0.0,0.39,-0.39,Failed,DQ-T02
,EG259754316,TOKEN,GW-ATLAS,Failed,2,747.85,EGP,0.0,1.98,-1.98,Failed,DQ-T02
2024-10-27,AE123781768,CARD,GW-ORION,PENDING_REVIEW,489,24201.67,AED,410.04,417.12,-7.08,,DQ-T05
,EG259754316,CARD,GW-ATLAS,Failed,5,1948.8,EGP,0.0,5.16,-5.16,Failed,DQ-T02
2025-02-15,AE904440734,CARD,GW-ATLAS,CHARGEBACK?,2,96.98,AED,0.0,0.15,-0.15,,DQ-T05
2026-04-02,AE786280232,BANKTR,GW-NIMBUS,Success,8,-20431.2,AED,-54.84,-20.94,-33.9,Success,DQ-T07
2025-07-28,EG292925935,TOKEN,GW-ATLAS,PENDING_REVIEW,1,976.97,EGP,0.0,1.0,-1.0,,DQ-T05
2026-02-08,XX517005713,CARD,GW-ATLAS,Success,3,3829.35,AED,83.28,56.65,26.63,Success,DQ-T04
,EG482640702,WALLET,GW-NILE,Success,23,59214.38,EGP,1174.09,518.92,655.17,Success,DQ-T02
,SA352518639,BANKTR,GW-NIMBUS,Voided,4,1657.17,SAR,0.0,0.22,-0.22,Voided,DQ-T02
2025-08-18,SA988802623,LDEBIT,GW-NIMBUS,Success,9,-2130.18,SAR,-25.99,-11.1,-14.89,Success,DQ-T07
2025-02-12,AE410140017,LDEBIT,GW-NIMBUS,Success,0,18976.55,AED,144.3,104.23,40.07,Success,DQ-T08
2025-09-21,AE678947423,CARD,GW-ATLAS,PENDING_REVIEW,13,2851.17,AED,71.18,45.1,26.08,,DQ-T05
2024-10-08,OM936304206,LDEBIT,GW-NIMBUS,Success,5,-72.34,OMR,-0.86,-0.41,-0.45,Success,DQ-T07
2026-01-08,XX294257227,CARD,GW-ATLAS,Failed,152,23530.32,SAR,0.0,11.4,-11.4,Failed,DQ-T04
2025-11-16,SA722880043,CARD,GW-NIMBUS,Success,0,7462.96,SAR,169.79,102.21,67.58,Success,DQ-T08
,AE360087333,TOKEN,GW-ORION,Success,9,464.66,AED,14.06,8.15,5.91,Success,DQ-T02
,SA972748866,LDEBIT,GW-NIMBUS,Success,394,51516.51,SAR,399.38,298.31,101.07,Success,DQ-T02
2024-09-19,SA914955375,LDEBIT,GW-NIMBUS,Success,0,160.41,SAR,1.9,0.89,1.01,Success,DQ-T08
2025-09-13,XX474245250,CARD,GW-NIMBUS,Success,4,7238.62,SAR,164.01,98.7,65.31,Success,DQ-T04
2026-02-10,AE787062785,LDEBIT,GW-NIMBUS,UNKNOWN,2,293.96,AED,0.0,0.11,-0.11,,DQ-T05
,SA247609412,LDEBIT,GW-NIMBUS,Voided,2,105.0,SAR,0.0,0.11,-0.11,Voided,DQ-T02
2026-04-30,XX579455945,CARD,GW-ORION,Success,26,1678.75,SAR,50.04,27.32,22.72,Success,DQ-T04
,SA426436949,BNPL,GW-ATLAS,Voided,2,136.79,SAR,0.0,0.15,-0.15,Voided,DQ-T02
2024-10-15,EG816834588,CARD,GW-NILE,PENDING_REVIEW,3,4915.79,EGP,121.54,67.46,54.08,,DQ-T05
2026-05-30,SA936227927,CARD,GW-ATLAS,PENDING_REVIEW,7,5639.82,SAR,130.99,84.17,46.82,,DQ-T05
2024-10-08,XX553562281,TOKEN,GW-ORION,Voided,1,51.18,SAR,0.0,0.04,-0.04,Voided,DQ-T04
2024-07-21,EG728358410,TOKEN,GW-ATLAS,Success,5,-9210.62,EGP,-216.73,-157.06,-59.67,Success,DQ-T07
2026-05-05,XX656282389,CARD,GW-ATLAS,FAILED,2,8146.74,EGP,0.0,2.06,-2.06,Failed,DQ-T04
,AE205330599,CARD,GW-ORION,Failed,1,137.34,AED,0.0,0.04,-0.04,Failed,DQ-T02
,EG292925935,TOKEN,GW-ATLAS,Success,4,4468.53,EGP,126.69,82.75,43.94,Success,DQ-T02
,EG723843125,WALLET,GW-NILE,Voided,1,271.93,EGP,0.0,0.4,-0.4,Voided,DQ-T02
,EG998632198,BNPL,GW-NILE,APPROVED,9,13405.19,EGP,574.41,389.6,184.81,Success,DQ-T02
,SA139966565,CARD,GW-ATLAS,Voided,1,41.62,SAR,0.0,0.08,-0.08,Voided,DQ-T02
2025-09-28,XX279687246,TOKEN,GW-ATLAS,APPROVED,9,44599.07,EGP,1076.52,708.26,368.26,Success,DQ-T04
2025-01-26,EG290794122,CARD,GW-NILE,CAPTURED,10,-33104.66,EGP,-789.36,-428.19,-361.17,Success,DQ-T07
2025-12-17,SA306273888,TOKEN,GW-NIMBUS,PENDING_REVIEW,30,2689.77,SAR,80.27,44.97,35.3,,DQ-T05
,SA259363162,CARD,GW-ATLAS,Failed,2,241.9,SAR,0.0,0.15,-0.15,Failed,DQ-T02
2025-11-28,EG344164016,TOKEN,GW-NILE,UNKNOWN,1,338.97,EGP,0.0,0.41,-0.41,,DQ-T05
2025-11-19,AE547591847,TOKEN,GW-NIMBUS,Success,7,-1296.85,AED,-31.88,-19.83,-12.05,Success,DQ-T07
2025-10-29,AE123781768,LDEBIT,GW-NIMBUS,Success,0,6394.82,AED,53.45,50.26,3.19,Success,DQ-T08
,AE468236624,CARD,GW-ORION,Failed,1,1542.6,AED,0.0,0.04,-0.04,Failed,DQ-T02
2026-06-04,XX562500643,LDEBIT,GW-NILE,Success,1,3483.18,EGP,41.37,15.91,25.46,Success,DQ-T04
2024-10-02,EG123423908,LDEBIT,GW-NILE,Success,0,2989.63,EGP,36.78,13.81,22.97,Success,DQ-T08
,SA589749602,CARD,GW-ORION,Success,111,20016.13,SAR,489.39,281.37,208.02,Success,DQ-T02
,AE707625102,CARD,GW-NIMBUS,Failed,2,562.68,AED,0.0,0.11,-0.11,Failed,DQ-T02
2025-10-20,SA944601083,CARD,GW-ATLAS,Success,22,-7594.57,SAR,-190.78,-116.83,-73.95,Success,DQ-T07
,AE987618927,BNPL,GW-ATLAS,Failed,18,746.23,AED,0.0,1.32,-1.32,Failed,DQ-T02
2024-10-04,EG235600888,TOKEN,GW-NILE,Success,1,8127.69,EGP,11378.77,104.99,11273.78,Success,DQ-T09
2025-03-03,SA640104269,TOKEN,GW-ORION,Success,7,-10376.2,SAR,-174.24,-139.57,-34.67,Success,DQ-T07
2025-11-13,SA859807984,CARD,GW-NIMBUS,Success,4,6830.61,SAR,9562.85,93.19,9469.66,Success,DQ-T09
2024-08-14,SA711632487,LDEBIT,GW-NIMBUS,CHARGEBACK?,43,1620.4,SAR,27.23,14.55,12.68,,DQ-T05
2025-08-18,XX169725810,LDEBIT,GW-NIMBUS,Success,7,330.7,SAR,4.93,2.67,2.26,Success,DQ-T04
2026-04-17,AE235728700,TOKEN,GW-ORION,CHARGEBACK?,3,598.41,AED,15.24,8.61,6.63,,DQ-T05
2024-07-08,EG217500923,WALLET,GW-NILE,Success,4,-2114.81,EGP,-46.1,-23.86,-22.24,Success,DQ-T07
,EG967183698,CARD,GW-NILE,Refunded,34,14605.01,EGP,0.0,250.02,-250.02,Refunded,DQ-T02
,SA159383546,CARD,GW-NIMBUS,Failed,2,56.7,SAR,0.0,0.11,-0.11,Failed,DQ-T02
2025-11-02,EG124719628,CARD,GW-NILE,UNKNOWN,2,4176.33,EGP,110.43,56.15,54.28,,DQ-T05
2025-06-09,EG537155658,LDEBIT,GW-NILE,CHARGEBACK?,138,30333.31,EGP,714.23,363.75,350.48,,DQ-T05
2025-10-02,XX319330334,TOKEN,GW-ATLAS,Success,6,4305.0,SAR,99.03,66.76,32.27,Success,DQ-T04
,EG486344028,WALLET,GW-NILE,Refunded,1,337.07,EGP,0.0,7.24,-7.24,Refunded,DQ-T02
2025-04-19,SA710370541,TOKEN,GW-ORION,UNKNOWN,5,4328.97,SAR,0.0,2.81,-2.81,,DQ-T05
2026-05-26,SA489370296,LDEBIT,GW-NIMBUS,Success,2,1617.71,SAR,2264.79,7.62,2257.17,Success,DQ-T09
,AE608679106,CARD,GW-ORION,Failed,28,1385.91,AED,0.0,1.23,-1.23,Failed,DQ-T02
2026-03-03,SA771478693,LDEBIT,GW-NIMBUS,Success,83,-11179.09,SAR,-95.27,-64.31,-30.96,Success,DQ-T07
,EG888467038,BNPL,GW-NILE,Success,2,25313.6,EGP,1107.72,729.85,377.87,Success,DQ-T02
2025-07-12,EG178731082,CARD,GW-NILE,PENDING_REVIEW,51,33285.58,EGP,1027.19,540.08,487.11,,DQ-T05
2025-08-25,EG594214015,CARD,GW-ATLAS,PENDING_REVIEW,1,277.53,EGP,0.0,0.99,-0.99,,DQ-T05
2026-05-27,EG523240890,CARD,GW-NILE,Success,0,10063.49,EGP,246.77,135.93,110.84,Success,DQ-T08
2026-04-12,XX556863319,CARD,GW-ATLAS,REVERSED,1,297.86,AED,0.0,0.07,-0.07,Voided,DQ-T04
,SA652586164,CARD,GW-ATLAS,Voided,3,401.76,SAR,0.0,0.22,-0.22,Voided,DQ-T02
2025-08-02,EG290794122,CARD,GW-NILE,Success,11,-41222.77,EGP,-975.98,-529.69,-446.29,Success,DQ-T07
,AE264932236,CARD,GW-ORION,Failed,1,636.84,AED,0.0,0.04,-0.04,Failed,DQ-T02
,EG237932689,BNPL,GW-NILE,CAPTURED,3,1523.8,EGP,69.58,45.12,24.46,Success,DQ-T02
2026-03-08,XX785187374,CARD,GW-NIMBUS,Failed,2,456.48,AED,0.0,0.11,-0.11,Failed,DQ-T04
,AE642488904,CARD,GW-ATLAS,Voided,1,1379.75,AED,0.0,0.07,-0.07,Voided,DQ-T02
2024-08-08,EG926950694,CARD,GW-ATLAS,PENDING_REVIEW,29,33631.67,EGP,0.0,28.1,-28.1,,DQ-T05
2025-06-18,SA268987858,CARD,GW-ORION,CHARGEBACK?,3,210.43,SAR,0.0,0.14,-0.14,,DQ-T05
,EG199157533,CARD,GW-ATLAS,Success,2,1582.07,EGP,48.68,30.32,18.36,Success,DQ-T02
2026-05-07,EG348432509,CARD,GW-ATLAS,CHARGEBACK?,1,5255.81,EGP,0.0,1.03,-1.03,,DQ-T05
2025-12-29,XX756233959,LDEBIT,GW-NILE,Failed,1,388.03,EGP,0.0,0.41,-0.41,Failed,DQ-T04
,OM377293460,TOKEN,GW-NIMBUS,Success,1,14.82,OMR,0.37,0.23,0.14,Success,DQ-T02
2025-01-07,EG403388419,CARD,GW-NILE,PENDING_REVIEW,51,78766.08,EGP,1989.09,1089.47,899.62,,DQ-T05
,EG474829702,BNPL,GW-ATLAS,Success,1,7232.47,EGP,356.42,250.99,105.43,Success,DQ-T02
,EG670766393,WALLET,GW-NILE,Success,1,1001.99,EGP,21.21,9.82,11.39,Success,DQ-T02
2026-01-25,SA796857151,CARD,GW-NIMBUS,Success,0,12497.4,SAR,271.19,170.18,101.01,Success,DQ-T08
2025-12-22,SA416884588,TOKEN,GW-NIMBUS,UNKNOWN,16,3826.96,SAR,90.31,57.48,32.83,,DQ-T05
,AE779021046,CARD,GW-ORION,Success,10,17423.21,AED,418.17,225.55,192.62,Success,DQ-T02
2025-02-23,EG181564804,LDEBIT,GW-NILE,PENDING_REVIEW,64,30780.12,EGP,0.0,25.12,-25.12,,DQ-T05
,EG373213017,WALLET,GW-NILE,Failed,3,3980.84,EGP,0.0,1.24,-1.24,Failed,DQ-T02
2024-11-19,AE878919871,BNPL,GW-ATLAS,Success,29,6376.79,AED,8927.51,222.51,8705.0,Success,DQ-T09
2025-10-24,EG110254241,CARD,GW-ATLAS,Success,11,-11270.37,EGP,-315.68,-205.3,-110.38,Success,DQ-T07
,SA886598559,CARD,GW-NIMBUS,Failed,9,1480.37,SAR,0.0,0.51,-0.51,Failed,DQ-T02
,AE932795909,CARD,GW-NIMBUS,Voided,13,3752.76,AED,0.0,0.72,-0.72,Voided,DQ-T02
,OM590437110,LDEBIT,GW-NIMBUS,Success,1,8.96,OMR,0.12,0.06,0.06,Success,DQ-T02
,EG373280861,CARD,GW-NILE,Failed,1,483.86,EGP,0.0,0.39,-0.39,Failed,DQ-T02
2026-01-02,EG594214015,TOKEN,GW-ATLAS,CHARGEBACK?,4,935.96,EGP,44.81,29.1,15.71,,DQ-T05
2025-08-20,SA280340580,LDEBIT,GW-NIMBUS,CHARGEBACK?,1,161.12,SAR,2.01,0.89,1.12,,DQ-T05
2025-12-07,XX379514358,CARD,GW-NIMBUS,Success,24,5045.48,AED,121.88,73.84,48.04,Success,DQ-T04
2025-04-12,SA860742247,LDEBIT,GW-NIMBUS,CHARGEBACK?,27,4900.06,SAR,0.0,15.19,-15.19,,DQ-T05
2026-03-10,XX458855800,WALLET,GW-NILE,Refunded,1,10292.01,EGP,0.0,7.74,-7.74,Refunded,DQ-T04
,EG432619696,LDEBIT,GW-NILE,Success,35,8117.9,EGP,177.16,95.23,81.93,Success,DQ-T02
,EG204164575,CARD,GW-NILE,Success,7,2805.81,EGP,98.52,52.53,45.99,Success,DQ-T02
,SA779341840,CARD,GW-ATLAS,Failed,11,1868.69,SAR,0.0,0.82,-0.82,Failed,DQ-T02
2026-01-07,AE881349842,LDEBIT,GW-NIMBUS,UNKNOWN,2,6821.53,AED,0.0,0.11,-0.11,,DQ-T05
,EG611254298,CARD,GW-ATLAS,Voided,1,377.61,EGP,0.0,1.02,-1.02,Voided,DQ-T02
,SA139966565,CARD,GW-ATLAS,Failed,20,832.32,SAR,0.0,1.5,-1.5,Failed,DQ-T02
2026-02-20,SA597673425,CARD,GW-NIMBUS,PENDING_REVIEW,11,472.71,SAR,16.75,9.06,7.69,,DQ-T05
,AE634298413,LDEBIT,GW-NIMBUS,Success,7,317.38,AED,5.03,2.59,2.44,Success,DQ-T02
,EG724883181,WALLET,GW-NILE,Failed,1,336.06,EGP,0.0,0.39,-0.39,Failed,DQ-T02
,EG537339465,WALLET,GW-NILE,FAILED,54,23547.14,EGP,0.0,22.27,-22.27,Failed,DQ-T02
2025-07-27,EG631107574,CARD,GW-NILE,UNKNOWN,6,1626.68,EGP,0.0,2.41,-2.41,,DQ-T05
2025-05-18,XX764045406,CARD,GW-ATLAS,Refunded,1,1585.85,EGP,0.0,7.47,-7.47,Refunded,DQ-T04
2025-02-12,EG875100630,LDEBIT,GW-NILE,UNKNOWN,1,1771.39,EGP,22.88,8.89,13.99,,DQ-T05
2026-06-02,EG474829702,CARD,GW-ATLAS,Success,2,8635.02,EGP,12089.03,133.51,11955.52,Success,DQ-T09
,EG237932689,TOKEN,GW-NILE,Failed,2,825.15,EGP,0.0,0.78,-0.78,Failed,DQ-T02
2024-09-28,AE779021046,TOKEN,GW-ORION,Success,5,-10502.61,AED,-257.26,-140.78,-116.48,Success,DQ-T07
2025-04-18,SA986462340,CARD,GW-ORION,Success,60,2417.64,SAR,3384.7,44.38,3340.32,Success,DQ-T09
2024-07-29,EG680139391,CARD,GW-NILE,CHARGEBACK?,18,7066.01,EGP,0.0,6.92,-6.92,,DQ-T05
,EG952454778,WALLET,GW-NILE,Failed,5,1509.38,EGP,0.0,2.06,-2.06,Failed,DQ-T02
,SA416884588,BNPL,GW-ATLAS,Failed,2,413.71,SAR,0.0,0.15,-0.15,Failed,DQ-T02
2026-06-07,SA487858809,BNPL,GW-ATLAS,UNKNOWN,5,214.38,SAR,9.73,7.78,1.95,,DQ-T05
,SA860742247,TOKEN,GW-ATLAS,Failed,32,6251.31,SAR,0.0,2.4,-2.4,Failed,DQ-T02
,SA623969133,CARD,GW-ORION,Failed,1,245.49,SAR,0.0,0.04,-0.04,Failed,DQ-T02
,SA407055199,CARD,GW-ORION,Success,95,9968.56,SAR,261.1,148.99,112.11,Success,DQ-T02
2026-01-19,SA705652485,TOKEN,GW-NIMBUS,UNKNOWN,1,122.95,SAR,0.0,0.06,-0.06,,DQ-T05
2024-10-01,AE241754747,CARD,GW-NIMBUS,Success,52,2502.02,AED,3502.83,46.19,3456.64,Success,DQ-T09
2026-04-07,XX443467951,TOKEN,GW-ATLAS,Failed,2,339.76,SAR,0.0,0.15,-0.15,Failed,DQ-T04
2025-05-08,XX660902461,CARD,GW-NIMBUS,Success,2,586.96,SAR,15.13,8.41,6.72,Success,DQ-T04
2025-11-23,AE671906697,CARD,GW-ORION,UNKNOWN,244,15486.42,AED,0.0,10.75,-10.75,,DQ-T05
,AE274153176,TOKEN,GW-ORION,Success,1,1038.99,AED,25.9,14.04,11.86,Success,DQ-T02
2025-09-27,SA362023155,CARD,GW-ORION,UNKNOWN,50,3270.84,SAR,91.3,53.09,38.21,,DQ-T05
2025-10-24,OM362279591,CARD,GW-NIMBUS,Success,1,-85.15,OMR,-1.94,-1.17,-0.77,Success,DQ-T07
2026-02-15,XX518825639,TOKEN,GW-NILE,Success,1,9275.5,EGP,211.05,119.59,91.46,Success,DQ-T04
2026-06-03,SA712951009,LDEBIT,GW-NIMBUS,UNKNOWN,2,936.61,SAR,10.31,4.55,5.76,,DQ-T05
2025-08-18,SA865588306,TOKEN,GW-ORION,Success,1,157.5,SAR,220.5,2.32,218.18,Success,DQ-T09
2024-09-03,XX952960424,CARD,GW-NIMBUS,Success,156,19748.54,SAR,493.17,304.63,188.54,Success,DQ-T04
2024-11-02,EG537339465,TOKEN,GW-ATLAS,CHARGEBACK?,202,81506.85,EGP,2069.27,1961.84,107.43,,DQ-T05
2026-05-17,EG134531316,CARD,GW-NILE,UNKNOWN,6,16883.5,EGP,0.0,46.4,-46.4,,DQ-T05
2026-03-27,EG841233405,LDEBIT,GW-NILE,Success,0,6206.51,EGP,75.7,30.55,45.15,Success,DQ-T08
,SA337097778,CARD,GW-ORION,REVERSED,1,404.98,SAR,0.0,0.04,-0.04,Voided,DQ-T02
,AE526176909,LDEBIT,GW-NIMBUS,Approved,1,187.19,AED,2.35,1.01,1.34,Success,DQ-T02
,AE174460555,CARD,GW-NIMBUS,Failed,2,350.87,AED,0.0,0.11,-0.11,Failed,DQ-T02
2026-02-17,SA853040870,BNPL,GW-ATLAS,Success,3,-166.52,SAR,-7.45,-5.98,-1.47,Success,DQ-T07
,SA909908733,CARD,GW-ORION,Failed,10,1717.34,SAR,0.0,0.45,-0.45,Failed,DQ-T02
2025-03-05,EG655465870,CARD,GW-ATLAS,CHARGEBACK?,114,36029.72,EGP,1386.4,942.02,444.38,,DQ-T05
,SA589749602,LDEBIT,GW-NIMBUS,Success,49,8894.64,SAR,106.41,48.29,58.12,Success,DQ-T02
2025-04-18,EG952454778,TOKEN,GW-NILE,Success,0,3318.22,EGP,130.11,68.16,61.95,Success,DQ-T08
,SA765577175,CARD,GW-ORION,Success,268,22180.74,SAR,371.13,344.15,26.98,Success,DQ-T02
2026-06-17,EG550259154,WALLET,GW-NILE,UNKNOWN,3,1000.75,EGP,0.0,1.23,-1.23,,DQ-T05
,EG573406141,TOKEN,GW-ATLAS,Success,1,1082.68,EGP,32.48,20.03,12.45,Success,DQ-T02
2025-09-25,SA592705693,BNPL,GW-ATLAS,Approved,2,-1892.35,SAR,-85.27,-65.55,-19.72,Success,DQ-T07
2025-02-10,EG544696241,LDEBIT,GW-NILE,CHARGEBACK?,1,9763.9,EGP,108.68,41.26,67.42,,DQ-T05
2024-11-08,EG823617801,WALLET,GW-NILE,Success,3,-895.55,EGP,-24.55,-12.38,-12.17,Success,DQ-T07
2025-07-02,EG193916126,WALLET,GW-NILE,Success,8,-2279.01,EGP,-66.22,-32.51,-33.71,Success,DQ-T07
,EG987489356,LDEBIT,GW-NILE,Failed,52,15936.31,EGP,0.0,21.46,-21.46,Failed,DQ-T02
2026-05-26,OM371938797,CARD,GW-ATLAS,Success,682,-5095.25,OMR,-92.3,-93.69,1.39,Success,DQ-T07
,EG717847087,TOKEN,GW-ATLAS,Success,2,1954.93,EGP,52.92,36.82,16.1,Success,DQ-T02
2026-01-28,OM898958663,CARD,GW-ATLAS,Success,2,95.58,OMR,133.81,1.45,132.36,Success,DQ-T09
,AE861319254,BNPL,GW-ATLAS,Failed,1,207.73,AED,0.0,0.07,-0.07,Failed,DQ-T02
2026-06-06,AE375645881,TOKEN,GW-ORION,Success,1,313.74,AED,439.24,4.39,434.85,Success,DQ-T09
2025-03-25,SA385404287,CARD,GW-ORION,Success,65,2953.65,SAR,4135.11,52.37,4082.74,Success,DQ-T09
,EG537155658,TOKEN,GW-ATLAS,Refunded,1,323.52,EGP,0.0,7.72,-7.72,Refunded,DQ-T02
,SA813270664,TOKEN,GW-ORION,Success,2,82.78,SAR,2.92,1.55,1.37,Success,DQ-T02
2025-03-13,EG219821138,LDEBIT,GW-NILE,SETTLED,2,-985.12,EGP,-15.56,-7.45,-8.11,Success,DQ-T07
,SA147303844,CARD,GW-ORION,Voided,1,169.22,SAR,0.0,0.04,-0.04,Voided,DQ-T02
2025-06-25,SA320986752,CARD,GW-NIMBUS,CHARGEBACK?,121,108733.72,SAR,1766.97,1497.4,269.57,,DQ-T05
2025-07-09,SA592950341,LDEBIT,GW-NIMBUS,CHARGEBACK?,4,679.01,SAR,8.66,3.73,4.93,,DQ-T05
,SA267227056,LDEBIT,GW-NIMBUS,Voided,3,860.26,SAR,0.0,0.17,-0.17,Voided,DQ-T02
2025-08-02,SA256650029,CARD,GW-NIMBUS,PENDING_REVIEW,153,18299.56,SAR,460.15,284.34,175.81,,DQ-T05
2025-09-04,SA474123129,TOKEN,GW-NIMBUS,Success,0,2737.84,SAR,79.92,49.54,30.38,Success,DQ-T08
2024-07-19,XX891962719,TOKEN,GW-ORION,Failed,3,131.86,SAR,0.0,0.14,-0.14,Failed,DQ-T04
2026-05-06,AE462770123,LDEBIT,GW-NIMBUS,CHARGEBACK?,3,1052.64,AED,12.83,5.23,7.6,,DQ-T05
2026-04-01,XX455971299,CARD,GW-NILE,Failed,2,3238.31,EGP,0.0,0.82,-0.82,Failed,DQ-T04
,EG217500923,CARD,GW-ATLAS,Failed,4,2508.75,EGP,0.0,4.13,-4.13,Failed,DQ-T02
2025-05-22,XX684632451,LDEBIT,GW-NILE,Failed,1,859.36,EGP,0.0,0.4,-0.4,Failed,DQ-T04
2025-12-20,SA206829187,TOKEN,GW-NIMBUS,UNKNOWN,1,244.67,SAR,6.36,3.67,2.69,,DQ-T05
2026-06-16,EG759961492,LDEBIT,GW-NILE,PENDING_REVIEW,2,1738.23,EGP,25.7,10.64,15.06,,DQ-T05
2025-03-13,SA508515348,TOKEN,GW-ORION,UNKNOWN,22,4401.42,SAR,110.54,63.45,47.09,,DQ-T05
,SA407393102,CARD,GW-NIMBUS,Refunded,1,29.4,SAR,0.0,0.56,-0.56,Refunded,DQ-T02
,EG474518016,CARD,GW-NILE,Voided,1,1424.01,EGP,0.0,0.41,-0.41,Voided,DQ-T02
2025-10-03,SA358724361,CARD,GW-ORION,Success,18,739.49,SAR,1035.29,13.5,1021.79,Success,DQ-T09
2025-09-23,EG856875467,TOKEN,GW-ATLAS,PENDING_REVIEW,2,858.32,EGP,0.0,2.04,-2.04,,DQ-T05
2025-06-30,XX651304194,WALLET,GW-NILE,Success,22,138047.95,EGP,1843.79,1156.59,687.2,Success,DQ-T04
2026-06-17,AE282120405,CARD,GW-NIMBUS,PENDING_REVIEW,6,245.27,AED,0.0,0.33,-0.33,,DQ-T05
,SA972748866,CARD,GW-ORION,Voided,7,912.73,SAR,0.0,0.32,-0.32,Voided,DQ-T02
,EG806758000,CARD,GW-ATLAS,Failed,3,3062.33,EGP,0.0,3.08,-3.08,Failed,DQ-T02
,OM377293460,TOKEN,GW-NIMBUS,Success,4,95.03,OMR,2.29,1.43,0.86,Success,DQ-T02
2025-10-12,XX699266520,LDEBIT,GW-NIMBUS,Refunded,4,22.48,OMR,0.0,0.23,-0.23,Refunded,DQ-T04
2026-06-07,OM817062602,TOKEN,GW-NIMBUS,Success,41,-579.26,OMR,-8.76,-9.13,0.37,Success,DQ-T07
,AE642488904,CARD,GW-ATLAS,Success,39,54956.45,AED,797.84,811.86,-14.02,Success,DQ-T02
,AE970872555,TOKEN,GW-ORION,Success,8,777.21,AED,21.71,12.08,9.63,Success,DQ-T02
2026-06-14,EG799496821,CARD,GW-NILE,Success,182,-156715.12,EGP,-3038.86,-2400.25,-638.61,Success,DQ-T07
,EG987489356,WALLET,GW-NILE,ERROR,105,30436.39,EGP,0.0,40.99,-40.99,Failed,DQ-T02
2024-10-22,EG331354329,WALLET,GW-NILE,Success,0,41069.2,EGP,781.17,541.91,239.26,Success,DQ-T08
,AE548451543,LDEBIT,GW-NIMBUS,Success,12,838.38,AED,11.73,5.76,5.97,Success,DQ-T02
2025-07-05,EG696983188,WALLET,GW-NILE,Success,0,51124.8,EGP,1349.3,675.84,673.46,Success,DQ-T08
2025-07-27,EG799575469,CARD,GW-ATLAS,Success,46,16095.55,EGP,22533.77,405.51,22128.26,Success,DQ-T09
,SA473410995,TOKEN,GW-NIMBUS,Success,2,261.85,SAR,7.06,4.15,2.91,Success,DQ-T02
,AE889475271,LDEBIT,GW-NIMBUS,Failed,1,44.15,AED,0.0,0.06,-0.06,Failed,DQ-T02
2025-10-07,XX280509331,WALLET,GW-NILE,ERROR,11,4221.48,EGP,0.0,4.43,-4.43,Failed,DQ-T04
,SA589749602,LDEBIT,GW-NIMBUS,Failed,7,1216.55,SAR,0.0,0.39,-0.39,Failed,DQ-T02
2025-08-12,OM173271126,CARD,GW-NIMBUS,Success,0,21.56,OMR,0.59,0.34,0.25,Success,DQ-T08
2026-02-13,AE468236624,CARD,GW-ORION,Success,0,3866.05,AED,90.43,50.0,40.43,Success,DQ-T08
,SA315873581,CARD,GW-ORION,Refunded,1,103.73,SAR,0.0,0.56,-0.56,Refunded,DQ-T02
2026-02-20,EG217500923,CARD,GW-ATLAS,UNKNOWN,4,2494.78,EGP,0.0,4.1,-4.1,,DQ-T05
,EG918104848,TOKEN,GW-NILE,Voided,1,389.75,EGP,0.0,0.39,-0.39,Voided,DQ-T02
,EG537339465,CARD,GW-ATLAS,Failed,74,31618.68,EGP,0.0,74.77,-74.77,Failed,DQ-T02
2025-08-07,XX355142159,BNPL,GW-ATLAS,Success,125,7776.89,SAR,203.29,278.14,-74.85,Success,DQ-T04
,EG178731082,WALLET,GW-NILE,FAILED,2,1289.26,EGP,0.0,0.8,-0.8,Failed,DQ-T02
2024-11-08,EG763647415,WALLET,GW-NILE,Success,0,10253.04,EGP,182.48,84.76,97.72,Success,DQ-T08
,OM386383673,CARD,GW-ATLAS,Failed,2,18.48,OMR,0.0,0.02,-0.02,Failed,DQ-T02
,SA589749602,LDEBIT,GW-NIMBUS,Success,58,10308.26,SAR,123.54,56.17,67.37,Success,DQ-T02
2025-07-04,EG219821138,LDEBIT,GW-NILE,Success,1,-445.16,EGP,-7.31,-3.56,-3.75,Success,DQ-T07
,EG853730833,LDEBIT,GW-NILE,Refunded,1,755.36,EGP,0.0,7.7,-7.7,Refunded,DQ-T02
2024-07-29,XX167336705,CARD,GW-ATLAS,Voided,5,691.98,AED,0.0,0.37,-0.37,Voided,DQ-T04
,EG645057217,CARD,GW-NILE,Failed,1,1334.46,EGP,0.0,0.41,-0.41,Failed,DQ-T02
,SA912413819,TOKEN,GW-ATLAS,DECLINED,16,535.17,SAR,0.0,1.2,-1.2,Failed,DQ-T02
2025-04-10,SA779172798,LDEBIT,GW-NIMBUS,CHARGEBACK?,1,144.08,SAR,0.0,0.06,-0.06,,DQ-T05
2026-02-05,SA604765470,TOKEN,GW-NIMBUS,UNKNOWN,2,82.58,SAR,0.0,0.11,-0.11,,DQ-T05
2025-07-21,EG400875498,CARD,GW-NILE,PENDING_REVIEW,16,39340.49,EGP,1041.86,520.55,521.31,,DQ-T05
2024-11-21,EG275709942,TOKEN,GW-ATLAS,Success,0,83512.59,EGP,1330.51,1457.71,-127.2,Success,DQ-T08
2025-10-20,EG760725891,LDEBIT,GW-NILE,CHARGEBACK?,2,2171.56,EGP,0.0,0.81,-0.81,,DQ-T05
,EG911025364,CARD,GW-NILE,Refunded,1,117.65,EGP,0.0,7.47,-7.47,Refunded,DQ-T02
,AE346681166,TOKEN,GW-NIMBUS,Refunded,8,982.08,AED,0.0,4.41,-4.41,Refunded,DQ-T02
2025-02-04,SA138962665,LDEBIT,GW-NIMBUS,CHARGEBACK?,6,907.67,SAR,12.15,5.1,7.05,,DQ-T05
,AE282120405,CARD,GW-NIMBUS,Failed,2,81.76,AED,0.0,0.11,-0.11,Failed,DQ-T02
2024-12-08,AE299289826,CARD,GW-NIMBUS,CHARGEBACK?,43,2459.74,AED,71.85,43.47,28.38,,DQ-T05
,EG284431976,LDEBIT,GW-NILE,Success,3,2035.24,EGP,29.81,13.48,16.33,Success,DQ-T02
,SA912413819,TOKEN,GW-ATLAS,Declined,9,301.03,SAR,0.0,0.68,-0.68,Failed,DQ-T02
,EG761087060,TOKEN,GW-ATLAS,Voided,1,1428.13,EGP,0.0,1.0,-1.0,Voided,DQ-T02
2026-02-09,EG622517179,CARD,GW-NILE,UNKNOWN,1,525.01,EGP,0.0,7.7,-7.7,,DQ-T05
2025-06-12,EG165126097,CARD,GW-ATLAS,Success,0,1107.49,EGP,30.58,19.84,10.74,Success,DQ-T08
2025-05-10,AE558189150,LDEBIT,GW-NIMBUS,Success,0,409.63,AED,5.1,2.17,2.93,Success,DQ-T08
,EG655465870,CARD,GW-ATLAS,Refunded,4,1337.94,EGP,0.0,30.11,-30.11,Refunded,DQ-T02
,SA332563719,CARD,GW-NIMBUS,Success,6,224.89,SAR,7.16,4.5,2.66,Success,DQ-T02
,EG374768013,CARD,GW-NILE,Failed,10,3164.0,EGP,0.0,4.12,-4.12,Failed,DQ-T02
2025-06-01,XX217769640,TOKEN,GW-ATLAS,Success,13,495.31,SAR,17.49,11.1,6.39,Success,DQ-T04
2025-04-18,OM590437110,TOKEN,GW-ATLAS,UNKNOWN,1,6.63,OMR,0.2,0.13,0.07,,DQ-T05
2025-10-29,EG762971123,LDEBIT,GW-NILE,CHARGEBACK?,1,1152.44,EGP,15.77,6.43,9.34,,DQ-T05
2025-02-07,OM730950792,CARD,GW-NIMBUS,Success,0,61.87,OMR,1.46,0.91,0.55,Success,DQ-T08
2024-11-13,AE355257464,BANKTR,GW-NIMBUS,Success,0,91961.81,AED,212.19,55.36,156.83,Success,DQ-T08
2025-02-25,SA624172387,CARD,GW-ORION,Success,20,894.46,SAR,1252.24,15.93,1236.31,Success,DQ-T09
,AE642488904,TOKEN,GW-NIMBUS,Success,17,25716.62,AED,381.24,364.09,17.15,Success,DQ-T02
,SA407393102,CARD,GW-NIMBUS,Voided,1,44.48,SAR,0.0,0.06,-0.06,Voided,DQ-T02
2026-04-22,EG284431976,TOKEN,GW-NILE,Success,4,-4057.92,EGP,-112.77,-62.01,-50.76,Success,DQ-T07
2025-02-07,EG110254241,CARD,GW-ATLAS,PENDING_REVIEW,5,3824.09,EGP,113.14,73.91,39.23,,DQ-T05
,SA385404287,TOKEN,GW-ATLAS,Failed,1,50.76,SAR,0.0,0.08,-0.08,Failed,DQ-T02
,EG696983188,WALLET,GW-NILE,Voided,2,642.68,EGP,0.0,0.77,-0.77,Voided,DQ-T02
2025-03-31,EG799440003,CARD,GW-ATLAS,CHARGEBACK?,4,257733.27,EGP,0.0,3.95,-3.95,,DQ-T05
2026-04-28,SA247806531,TOKEN,GW-ATLAS,Success,0,531.0,SAR,9.54,10.8,-1.26,Success,DQ-T08
2024-11-06,XX126077601,LDEBIT,GW-NIMBUS,Failed,1,208.01,AED,0.0,0.06,-0.06,Failed,DQ-T04
2026-02-18,SA710370541,LDEBIT,GW-NIMBUS,Success,159,-99633.03,SAR,-728.86,-475.18,-253.68,Success,DQ-T07
2026-03-13,EG167120747,CARD,GW-ATLAS,UNKNOWN,1,4259.56,EGP,0.0,7.74,-7.74,,DQ-T05
,EG655465870,CARD,GW-ATLAS,Voided,4,1260.73,EGP,0.0,3.89,-3.89,Voided,DQ-T02
2025-06-26,OM236113503,TOKEN,GW-ATLAS,Success,12,330.17,OMR,462.24,5.33,456.91,Success,DQ-T09
2025-04-18,EG987489356,CARD,GW-ATLAS,CHARGEBACK?,248,73229.0,EGP,0.0,246.56,-246.56,,DQ-T05
2024-12-01,SA776589285,TOKEN,GW-ORION,Success,0,1287.57,SAR,32.24,18.24,14.0,Success,DQ-T08
2025-12-14,SA267227056,LDEBIT,GW-NIMBUS,CHARGEBACK?,1,286.75,SAR,0.0,0.06,-0.06,,DQ-T05
,SA407055199,LDEBIT,GW-NIMBUS,Failed,4,422.53,SAR,0.0,0.22,-0.22,Failed,DQ-T02
,SA764037736,LDEBIT,GW-NIMBUS,Voided,5,1109.02,SAR,0.0,0.28,-0.28,Voided,DQ-T02
,AE360087333,CARD,GW-NIMBUS,Failed,3,144.62,AED,0.0,0.17,-0.17,Failed,DQ-T02
2025-06-17,EG987489356,CARD,GW-ATLAS,UNKNOWN,320,94805.52,EGP,0.0,319.21,-319.21,,DQ-T05
2025-12-08,SA852543984,LDEBIT,GW-NIMBUS,Success,0,4445.46,SAR,53.85,23.38,30.47,Success,DQ-T08
2025-04-28,OM892693620,CARD,GW-NIMBUS,Success,13,-218.64,OMR,-5.39,-3.28,-2.11,Success,DQ-T07
2026-05-27,SA891035844,TOKEN,GW-ORION,UNKNOWN,40,6593.66,SAR,165.34,96.62,68.72,,DQ-T05
2025-03-09,AE211109637,CARD,GW-NIMBUS,Success,0,1221.3,AED,17.69,16.73,0.96,Success,DQ-T08
2025-03-02,SA586124263,TOKEN,GW-NIMBUS,CHARGEBACK?,1,36.43,SAR,0.0,0.06,-0.06,,DQ-T05
2025-03-27,AE638004344,LDEBIT,GW-NIMBUS,Success,3,-402.82,AED,-5.51,-2.31,-3.2,Success,DQ-T07
,SA734980407,BNPL,GW-ATLAS,Voided,1,59.97,SAR,0.0,0.08,-0.08,Voided,DQ-T02
2024-09-18,EG449636175,LDEBIT,GW-NILE,UNKNOWN,1654,662872.53,EGP,7545.58,5477.17,2068.41,,DQ-T05
2026-01-23,XX507067376,LDEBIT,GW-NIMBUS,Refunded,10,2043.84,SAR,0.0,5.62,-5.62,Refunded,DQ-T04
,SA779172798,CARD,GW-ATLAS,Refunded,3,439.83,SAR,0.0,1.69,-1.69,Refunded,DQ-T02
2024-08-29,EG728358410,WALLET,GW-NILE,Success,7,13611.27,EGP,19055.78,122.12,18933.66,Success,DQ-T09
,SA189309853,TOKEN,GW-NIMBUS,Failed,1,232.53,SAR,0.0,0.06,-0.06,Failed,DQ-T02
,EG873952802,LDEBIT,GW-NILE,Success,56,74962.98,EGP,657.19,401.03,256.16,Success,DQ-T02
2026-04-03,XX218317991,CARD,GW-NIMBUS,Success,11,3730.24,AED,92.2,52.98,39.22,Success,DQ-T04
,EG181564804,LDEBIT,GW-NILE,Failed,160,75652.07,EGP,0.0,61.75,-61.75,Failed,DQ-T02
2026-03-23,SA138780824,CARD,GW-ATLAS,UNKNOWN,2,315.69,SAR,0.0,0.15,-0.15,,DQ-T05
2025-08-26,AE229934676,BANKTR,GW-NIMBUS,PENDING_REVIEW,395,45523.82,AED,706.23,552.24,153.99,,DQ-T05
2026-06-26,SA473410995,LDEBIT,GW-NIMBUS,CHARGEBACK?,4,618.21,SAR,7.87,3.46,4.41,,DQ-T05
2026-03-02,EG336915801,LDEBIT,GW-NILE,Success,0,1835.47,EGP,34.61,16.46,18.15,Success,DQ-T08
,SA729864911,LDEBIT,GW-NIMBUS,Failed,2,492.08,SAR,0.0,0.11,-0.11,Failed,DQ-T02
2025-12-03,SA267227056,TOKEN,GW-ORION,CHARGEBACK?,8,2294.03,SAR,0.0,0.36,-0.36,,DQ-T05
2026-04-01,SA458701773,TOKEN,GW-ORION,Success,0,524.54,SAR,13.84,7.2,6.64,Success,DQ-T08
,AE125858239,BNPL,GW-ATLAS,Failed,4,926.03,AED,0.0,0.29,-0.29,Failed,DQ-T02
2025-10-12,EG403388419,CARD,GW-NILE,Success,62,-93051.85,EGP,-2366.72,-1296.01,-1070.71,Success,DQ-T07
,SA575207038,BANKTR,GW-NIMBUS,Success,5,17398.55,SAR,44.24,15.54,28.7,Success,DQ-T02
2024-10-25,AE836534480,CARD,GW-NIMBUS,PENDING_REVIEW,2,714.3,AED,0.0,0.11,-0.11,,DQ-T05
,AE713987880,TOKEN,GW-ORION,Success,16,2459.89,AED,67.47,36.21,31.26,Success,DQ-T02
2025-09-11,OM933600305,CARD,GW-NIMBUS,CHARGEBACK?,2,60.52,OMR,1.52,0.87,0.65,,DQ-T05
,OM892693620,CARD,GW-NIMBUS,Voided,1,19.33,OMR,0.0,0.01,-0.01,Voided,DQ-T02
2026-06-02,AE798073466,CARD,GW-ORION,Success,12,-3068.27,AED,-72.68,-41.96,-30.72,Success,DQ-T07
2025-01-29,EG631844222,CARD,GW-NILE,UNKNOWN,1,289.4,EGP,0.0,0.39,-0.39,,DQ-T05
2026-01-28,AE681860470,LDEBIT,GW-NIMBUS,PENDING_REVIEW,1,83.31,AED,0.0,0.06,-0.06,,DQ-T05
,OM954248664,CARD,GW-NIMBUS,Voided,1,6.9,OMR,0.0,0.01,-0.01,Voided,DQ-T02
2025-07-17,SA502327003,CARD,GW-ORION,PENDING_REVIEW,7,1438.8,SAR,37.68,20.01,17.67,,DQ-T05
,SA705652485,TOKEN,GW-NIMBUS,Refunded,52,5328.17,SAR,0.0,29.25,-29.25,Refunded,DQ-T02
2025-02-11,AE355257464,CARD,GW-ORION,Success,1,-8823.81,AED,-145.32,-113.34,-31.98,Success,DQ-T07
2025-02-01,SA623621170,LDEBIT,GW-NIMBUS,UNKNOWN,12,680.86,SAR,9.94,5.09,4.85,,DQ-T05
2024-11-11,AE875103901,TOKEN,GW-ORION,UNKNOWN,38,1990.88,AED,61.14,34.78,26.36,,DQ-T05
2025-05-31,XX123765089,CARD,GW-NIMBUS,Voided,1,1186.33,AED,0.0,0.06,-0.06,Voided,DQ-T04
2025-05-04,SA556781756,BNPL,GW-ATLAS,Success,8,433.96,SAR,607.54,15.6,591.94,Success,DQ-T09
2026-03-27,OM761036673,CARD,GW-NIMBUS,Success,0,2432.14,OMR,80.47,48.35,32.12,Success,DQ-T08
,SA732374987,LDEBIT,GW-NIMBUS,Voided,1,50.41,SAR,0.0,0.06,-0.06,Voided,DQ-T02
2026-02-01,EG629727686,WALLET,GW-NILE,Success,0,3315.27,EGP,82.29,41.22,41.07,Success,DQ-T08
2026-05-08,EG903275069,LDEBIT,GW-NILE,Success,54,-26792.71,EGP,-431.51,-205.95,-225.56,Success,DQ-T07
2024-11-19,SA110751010,CARD,GW-ORION,UNKNOWN,21,1859.28,SAR,52.39,28.52,23.87,,DQ-T05
,SA811026603,TOKEN,GW-ORION,Success,1,214.72,SAR,5.68,3.08,2.6,Success,DQ-T02
,AE787062785,TOKEN,GW-ORION,Success,17,2359.12,AED,43.11,35.09,8.02,Success,DQ-T02
,SA315873581,CARD,GW-ORION,Voided,4,162.66,SAR,0.0,0.18,-0.18,Voided,DQ-T02
,SA589749602,TOKEN,GW-ATLAS,Failed,6,1042.76,SAR,0.0,0.45,-0.45,Failed,DQ-T02
,EG643904514,CARD,GW-NILE,Voided,1,399.14,EGP,0.0,0.39,-0.39,Voided,DQ-T02
2025-10-20,EG284431976,LDEBIT,GW-NILE,CHARGEBACK?,1,519.04,EGP,8.25,3.86,4.39,,DQ-T05
2025-04-02,XX392273897,TOKEN,GW-NILE,Success,3,1286.66,EGP,46.2,24.12,22.08,Success,DQ-T04
,OM817062602,TOKEN,GW-NIMBUS,Success,36,547.85,OMR,8.22,8.57,-0.35,Success,DQ-T02
,SA534917472,TOKEN,GW-ORION,Success,3,120.52,SAR,4.01,2.27,1.74,Success,DQ-T02
2025-03-23,EG982441707,WALLET,GW-NILE,Success,0,4220.96,EGP,114.32,54.94,59.38,Success,DQ-T08
2026-02-16,EG716286440,CARD,GW-NILE,Success,0,25776.24,EGP,605.36,326.78,278.58,Success,DQ-T08
2025-07-30,XX193941025,TOKEN,GW-NIMBUS,Success,1,217.31,SAR,5.61,3.29,2.32,Success,DQ-T04
2025-07-16,XX949260772,CARD,GW-ATLAS,Failed,4,5163.22,EGP,0.0,4.02,-4.02,Failed,DQ-T04
2026-04-07,EG895075137,CARD,GW-ATLAS,Success,58,52967.09,EGP,74153.93,992.48,73161.45,Success,DQ-T09
,EG511253320,WALLET,GW-NILE,Voided,1,324.12,EGP,0.0,0.4,-0.4,Voided,DQ-T02
,SA508515348,LDEBIT,GW-NIMBUS,Refunded,2,378.55,SAR,0.0,1.12,-1.12,Refunded,DQ-T02
2024-11-20,SA860742247,TOKEN,GW-ATLAS,Success,518,101988.02,SAR,142783.23,1685.8,141097.43,Success,DQ-T09
2025-12-24,AE609791679,TOKEN,GW-ORION,Success,1,-111.39,AED,-3.24,-1.7,-1.54,Success,DQ-T07
2026-02-13,EG389592600,LDEBIT,GW-NILE,PENDING_REVIEW,1,321.42,EGP,0.0,0.41,-0.41,,DQ-T05
2025-12-31,EG823617801,CARD,GW-NILE,Success,20,5761.98,EGP,8066.77,123.97,7942.8,Success,DQ-T09
2024-10-04,XX369971048,CARD,GW-ATLAS,Success,8,12658.83,EGP,336.87,213.34,123.53,Success,DQ-T04
2025-06-21,EG867607945,WALLET,GW-NILE,PENDING_REVIEW,2,2066.63,EGP,44.2,20.23,23.97,,DQ-T05
2025-11-09,SA987666099,BANKTR,GW-NIMBUS,Success,0,75953.78,SAR,1360.3,1078.23,282.07,Success,DQ-T08
,SA256650029,TOKEN,GW-NIMBUS,Voided,1,125.8,SAR,0.0,0.06,-0.06,Voided,DQ-T02
2025-09-16,XX371488295,WALLET,GW-NILE,Success,36,14455.01,EGP,384.55,181.26,203.29,Success,DQ-T04
2025-03-11,AE345303542,LDEBIT,GW-NIMBUS,Success,9,-453.77,AED,-7.19,-3.53,-3.66,Success,DQ-T07
,SA716580826,CARD,GW-ATLAS,Success,47,2073.48,SAR,70.14,43.27,26.87,Success,DQ-T02
2025-06-09,SA479684490,LDEBIT,GW-NIMBUS,Success,0,366.92,SAR,5.48,3.0,2.48,Success,DQ-T08
2025-10-26,AE787062785,TOKEN,GW-ORION,CHARGEBACK?,4,587.92,AED,0.0,0.18,-0.18,,DQ-T05
,AE681860470,CARD,GW-ORION,Success,29,2313.58,AED,65.81,36.0,29.81,Success,DQ-T02
,OM334471218,LDEBIT,GW-NIMBUS,Failed,2,48.41,OMR,0.0,0.01,-0.01,Failed,DQ-T02
2025-07-23,SA508515348,CARD,GW-ORION,Success,46,-8464.52,SAR,-209.65,-118.78,-90.87,Success,DQ-T07
,EG352362522,CARD,GW-NILE,Refunded,1,1574.17,EGP,0.0,7.42,-7.42,Refunded,DQ-T02
,SA796857151,LDEBIT,GW-NIMBUS,Success,3,4733.69,SAR,50.36,21.81,28.55,Success,DQ-T02
,OM441483176,TOKEN,GW-NIMBUS,Refunded,1,22.59,OMR,0.0,0.06,-0.06,Refunded,DQ-T02
,EG989134753,CARD,GW-NILE,Success,75,531943.7,EGP,8946.32,6654.27,2292.05,Success,DQ-T02
2026-01-23,XX708974573,CARD,GW-NIMBUS,Voided,1,146.3,AED,0.0,0.06,-0.06,Voided,DQ-T04
2025-03-17,EG680228975,LDEBIT,GW-NILE,UNKNOWN,1,9164.2,EGP,0.0,0.4,-0.4,,DQ-T05
,SA996021577,CARD,GW-ORION,Refunded,2,487.21,SAR,0.0,1.12,-1.12,Refunded,DQ-T02
,EG741980516,BANKTR,GW-NILE,Success,25,54484.29,EGP,634.3,423.91,210.39,Success,DQ-T02
,AE204415052,CARD,GW-ORION,Success,5,570.25,AED,15.63,8.4,7.23,Success,DQ-T02
2025-07-05,AE558189150,CARD,GW-NIMBUS,UNKNOWN,22,4434.48,AED,112.78,65.12,47.66,,DQ-T05
,EG806758000,LDEBIT,GW-NILE,Success,1,852.57,EGP,12.75,5.15,7.6,Success,DQ-T02
2026-01-16,EG723843125,TOKEN,GW-ATLAS,PENDING_REVIEW,3,499.95,EGP,0.0,22.73,-22.73,,DQ-T05
2026-01-19,OM954248664,CARD,GW-NIMBUS,Success,15,95.49,OMR,133.69,1.66,132.03,Success,DQ-T09
,EG293670432,CARD,GW-NILE,Failed,2,643.84,EGP,0.0,0.81,-0.81,Failed,DQ-T02
2025-02-19,SA775621648,CARD,GW-ATLAS,CHARGEBACK?,1,43.38,SAR,0.0,0.08,-0.08,,DQ-T05
2024-12-26,SA847687864,TOKEN,GW-NIMBUS,Success,7,-969.91,SAR,-26.8,-15.28,-11.52,Success,DQ-T07
2026-04-07,XX357599755,CARD,GW-ORION,Failed,19,787.69,AED,0.0,0.84,-0.84,Failed,DQ-T04
2026-05-08,SA856834042,CARD,GW-ORION,Success,56,5536.11,SAR,7750.55,83.47,7667.08,Success,DQ-T09
,EG723843125,LDEBIT,GW-NILE,Success,74,20655.66,EGP,412.68,214.5,376.07,Success,DQ-T02
,SA182543031,CARD,GW-ATLAS,Failed,2,280.19,SAR,0.0,0.15,-0.15,Failed,DQ-T02
,OM222996492,CARD,GW-NIMBUS,Captured,5,3621.05,OMR,57.38,49.01,8.37,Success,DQ-T02
2025-08-10,SA589749602,TOKEN,GW-ATLAS,Success,30,5411.79,SAR,7576.51,90.15,7486.36,Success,DQ-T09
,EG448150005,CARD,GW-NILE,Success,3,825.15,EGP,35.78,18.2,17.58,Success,DQ-T02
2025-02-10,AE588030458,CARD,GW-NIMBUS,Success,33,-3076.06,AED,-84.67,-49.4,-35.27,Success,DQ-T07
,SA900572493,LDEBIT,GW-NIMBUS,Success,13,4908.27,SAR,60.4,24.28,36.12,Success,DQ-T02
,EG761087060,CARD,GW-NILE,Failed,8,11239.77,EGP,0.0,3.14,-3.14,Failed,DQ-T02
,EG799575469,WALLET,GW-NILE,Success,18,6655.9,EGP,173.4,84.54,88.86,Success,DQ-T02
2025-05-28,EG943656964,CARD,GW-ATLAS,CHARGEBACK?,10,3791.21,EGP,137.81,92.14,45.67,,DQ-T05
,OM284198769,CARD,GW-NIMBUS,Failed,12,178.15,OMR,0.0,0.07,-0.07,Failed,DQ-T02
2025-11-12,SA988802623,TOKEN,GW-ORION,PENDING_REVIEW,16,3261.11,SAR,83.78,46.94,36.84,,DQ-T05
,SA624172387,TOKEN,GW-ATLAS,Success,5,221.2,SAR,7.2,4.73,2.47,Success,DQ-T02
2026-06-19,XX280117015,LDEBIT,GW-NIMBUS,SUCCESS,5,2030.03,SAR,24.66,9.98,14.68,Success,DQ-T04
2024-07-02,SA502327003,LDEBIT,GW-NIMBUS,Success,2,385.33,SAR,539.46,2.07,537.39,Success,DQ-T09
,AE417405784,CARD,GW-NIMBUS,Success,16,998.04,AED,29.73,17.29,12.44,Success,DQ-T02
,EG911025364,BNPL,GW-NILE,Failed,1,210.17,EGP,0.0,0.39,-0.39,Failed,DQ-T02
,SA556781756,CARD,GW-NIMBUS,SUCCESS,35,1875.43,SAR,57.07,33.85,23.22,Success,DQ-T02
,EG987146982,CARD,GW-ATLAS,Failed,10,7549.9,EGP,0.0,10.04,-10.04,Failed,DQ-T02
2024-09-01,AE538589512,CARD,GW-ATLAS,Success,6,-1081.99,AED,-27.87,-17.41,-10.46,Success,DQ-T07
2024-10-12,XX538208253,CARD,GW-NIMBUS,Voided,1,256.79,AED,0.0,0.06,-0.06,Voided,DQ-T04
,SA474123129,LDEBIT,GW-NIMBUS,Success,58,3437.83,SAR,48.52,25.26,23.26,Success,DQ-T02
2024-12-13,XX671466659,CARD,GW-ATLAS,Failed,16,665.86,SAR,0.0,1.2,-1.2,Failed,DQ-T04
,SA124881724,TOKEN,GW-ATLAS,Success,33,4116.58,SAR,83.54,71.4,12.14,Success,DQ-T02
2025-04-05,XX966694309,CARD,GW-NILE,Success,14,3756.69,EGP,154.91,82.53,72.38,Success,DQ-T04
2025-12-10,AE426640224,CARD,GW-ATLAS,Success,63,5151.68,AED,7212.35,92.23,7120.12,Success,DQ-T09
2026-01-11,SA211354199,TOKEN,GW-ATLAS,UNKNOWN,1,223.78,SAR,0.0,0.56,-0.56,,DQ-T05
,EG916667859,WALLET,GW-NILE,Success,2,1790.35,EGP,39.68,18.03,21.65,Success,DQ-T02
,SA705652485,CARD,GW-ORION,Success,692,85905.19,SAR,1817.32,1255.71,561.61,Success,DQ-T02
,EG219821138,WALLET,GW-NILE,Failed,1,419.2,EGP,0.0,0.4,-0.4,Failed,DQ-T02
2025-11-27,EG728358410,WALLET,GW-NILE,CHARGEBACK?,1,1627.32,EGP,0.0,0.41,-0.41,,DQ-T05
2026-04-22,XX979470937,WALLET,GW-NILE,Failed,1,2879.6,EGP,0.0,0.41,-0.41,Failed,DQ-T04
2024-12-05,XX458545797,WALLET,GW-NILE,Voided,1,400.18,EGP,0.0,0.39,-0.39,Voided,DQ-T04
,OM939316312,LDEBIT,GW-NIMBUS,VOIDED,1,8.25,OMR,0.0,0.01,-0.01,Voided,DQ-T02
,EG449636175,WALLET,GW-NILE,Success,780,304193.86,EGP,4872.25,3790.95,1081.3,Success,DQ-T02
2026-04-06,OM954248664,LDEBIT,GW-NIMBUS,CHARGEBACK?,3,23.8,OMR,0.32,0.16,0.16,,DQ-T05
,EG774885021,CARD,GW-NILE,Success,14,84510.7,EGP,2101.27,1064.16,1037.11,Success,DQ-T02
,EG327394766,WALLET,GW-NILE,Success,34,56815.74,EGP,1156.86,519.93,636.93,Success,DQ-T02
,EG799575469,TOKEN,GW-NILE,APPROVED,12,3356.71,EGP,142.38,73.47,68.91,Success,DQ-T02
2025-10-03,EG934737958,WALLET,GW-NILE,CHARGEBACK?,1,291.94,EGP,0.0,0.4,-0.4,,DQ-T05
2025-09-19,AE588030458,TOKEN,GW-ATLAS,CHARGEBACK?,1,96.29,AED,0.0,0.55,-0.55,,DQ-T05
,AE241754747,LDEBIT,GW-NIMBUS,Failed,3,139.96,AED,0.0,0.17,-0.17,Failed,DQ-T02
,SA734980407,CARD,GW-ATLAS,Success,380,22904.33,SAR,401.96,439.4,-37.44,Success,DQ-T02
,EG911025364,WALLET,GW-NILE,Refunded,1,319.91,EGP,0.0,7.32,-7.32,Refunded,DQ-T02
,EG979007692,LDEBIT,GW-NILE,Success,1,822.23,EGP,12.26,5.13,7.13,Success,DQ-T02
2025-05-19,SA779341840,TOKEN,GW-ATLAS,UNKNOWN,1,169.88,SAR,0.0,0.08,-0.08,,DQ-T05
2024-09-10,OM107384993,TOKEN,GW-ATLAS,Success,10,192.93,OMR,270.1,3.2,266.9,Success,DQ-T09
,AE282120405,CARD,GW-NIMBUS,Failed,5,204.39,AED,0.0,0.28,-0.28,Failed,DQ-T02
,EG943952192,TOKEN,GW-NILE,Success,6,36966.12,EGP,921.08,482.17,438.91,Success,DQ-T02
,EG761087060,TOKEN,GW-ATLAS,Success,36,52822.59,EGP,1413.27,931.38,481.89,Success,DQ-T02
2026-02-27,AE486272694,LDEBIT,GW-NIMBUS,CHARGEBACK?,1,277.64,AED,0.0,0.06,-0.06,,DQ-T05
,AE970872555,CARD,GW-ORION,Failed,2,220.86,AED,0.0,0.09,-0.09,Failed,DQ-T02
2025-10-10,SA623969133,CARD,GW-ORION,Success,11,2734.82,SAR,3828.75,37.51,3791.24,Success,DQ-T09
,SA423374323,CARD,GW-NIMBUS,Success,38,3537.15,SAR,62.52,57.01,5.51,Success,DQ-T02
2026-02-20,AE211109637,CARD,GW-NIMBUS,PENDING_REVIEW,1,1086.95,AED,15.77,14.91,0.86,,DQ-T05
2025-10-15,XX755442237,TOKEN,GW-ATLAS,Failed,1,13095.0,EGP,0.0,1.01,-1.01,Failed,DQ-T04
2026-04-26,SA220762380,BANKTR,GW-NIMBUS,PENDING_REVIEW,8,1249.2,SAR,0.0,4.5,-4.5,,DQ-T05
2025-12-06,EG728358410,CARD,GW-NILE,UNKNOWN,5,8125.64,EGP,0.0,2.04,-2.04,,DQ-T05
2025-12-14,XX416294074,LDEBIT,GW-NILE,Failed,1,409.91,EGP,0.0,0.41,-0.41,Failed,DQ-T04
2026-06-30,EG595418422,WALLET,GW-NILE,Success,0,140911.9,EGP,2182.46,1283.61,898.85,Success,DQ-T08
2025-03-31,EG474829702,BNPL,GW-ATLAS,Success,0,11924.69,EGP,587.65,414.09,173.56,Success,DQ-T08
,EG537155658,WALLET,GW-NILE,APPROVED,66,14877.34,EGP,452.07,233.75,218.32,Success,DQ-T02
,AE998528073,CARD,GW-ORION,VOIDED,1,230.16,AED,0.0,0.04,-0.04,Voided,DQ-T02
,EG849029255,CARD,GW-NILE,Refunded,1,362.86,EGP,0.0,7.7,-7.7,Refunded,DQ-T02
,EG237932689,BNPL,GW-NILE,APPROVED,2,773.07,EGP,35.3,23.09,12.21,Success,DQ-T02
,AE934539772,CARD,GW-NIMBUS,Success,4,1527.06,AED,38.79,21.57,17.22,Success,DQ-T02
2025-10-22,SA900572493,TOKEN,GW-ORION,PENDING_REVIEW,1,366.23,SAR,0.0,0.04,-0.04,,DQ-T05
,AE301462734,TOKEN,GW-NIMBUS,Failed,2,86.73,AED,0.0,0.11,-0.11,Failed,DQ-T02
,EG219821138,BNPL,GW-NILE,Failed,1,401.67,EGP,0.0,0.39,-0.39,Failed,DQ-T02
2025-10-24,EG724883181,LDEBIT,GW-NILE,Success,11,4394.95,EGP,6152.93,37.18,6115.75,Success,DQ-T09
2026-04-17,XX160434305,TOKEN,GW-ATLAS,Success,19,1287.25,SAR,35.78,24.74,11.04,Success,DQ-T04
2026-06-15,AE854744566,CARD,GW-ORION,Success,0,690.34,AED,18.76,9.94,8.82,Success,DQ-T08
2024-08-03,XX384100229,CARD,GW-NIMBUS,Failed,1,189.76,SAR,0.0,0.06,-0.06,Failed,DQ-T04
2025-03-18,EG875318556,WALLET,GW-NILE,UNKNOWN,2,1802.22,EGP,42.04,18.06,23.98,,DQ-T05
,SA397646855,TOKEN,GW-ORION,Failed,2,102.67,SAR,0.0,0.09,-0.09,Failed,DQ-T02
2024-07-19,XX180797079,TOKEN,GW-ATLAS,Success,3,20.24,OMR,0.58,0.39,0.19,Success,DQ-T04
2025-02-13,EG178731082,WALLET,GW-NILE,UNKNOWN,21,13405.09,EGP,300.05,144.65,155.4,,DQ-T05
2025-10-29,SA912413819,CARD,GW-ORION,CHARGEBACK?,306,9783.67,SAR,321.38,193.7,127.68,,DQ-T05
,AE836534480,BNPL,GW-ATLAS,Success,3,1189.74,AED,56.11,41.34,14.77,Success,DQ-T02
2024-11-18,SA925677957,CARD,GW-ATLAS,PENDING_REVIEW,1,766.88,SAR,18.75,11.46,7.29,,DQ-T05
2025-02-12,XX391941768,WALLET,GW-NILE,Success,116,49394.7,EGP,1215.68,599.31,616.37,Success,DQ-T04
2024-07-04,XX605513331,LDEBIT,GW-NILE,Success,7,3775.21,EGP,59.6,27.07,32.53,Success,DQ-T04
2025-03-13,AE626038015,TOKEN,GW-ORION,Success,1,-584.39,AED,-9.53,-7.99,-1.54,Success,DQ-T07
2024-12-19,XX121531956,TOKEN,GW-ATLAS,Success,2,38.86,OMR,0.94,0.64,0.3,Success,DQ-T04
2026-03-15,SA732374987,CARD,GW-ORION,PENDING_REVIEW,109,5758.99,SAR,165.73,98.15,67.58,,DQ-T05
,AE547591847,TOKEN,GW-NIMBUS,Success,5,904.8,AED,22.28,13.86,8.42,Success,DQ-T02
,SA362023155,LDEBIT,GW-NIMBUS,Success,25,1637.8,SAR,22.44,11.59,10.85,Success,DQ-T02
,SA555426966,LDEBIT,GW-NIMBUS,Success,1,117.21,SAR,1.53,0.7,0.83,Success,DQ-T02
,SA771478693,LDEBIT,GW-NIMBUS,Failed,5,667.25,SAR,0.0,0.28,-0.28,Failed,DQ-T02
2025-12-27,OM107384993,CARD,GW-NIMBUS,Success,0,537.29,OMR,9.41,7.88,1.53,Success,DQ-T08
,SA375386305,CARD,GW-ORION,Success,2,649.5,SAR,16.65,8.77,7.88,Success,DQ-T02
2025-03-01,AE618504164,LDEBIT,GW-NIMBUS,Success,0,1596.98,AED,24.46,12.14,12.32,Success,DQ-T08
2024-08-27,EG559913630,CARD,GW-ATLAS,CHARGEBACK?,1,4988.8,EGP,118.54,76.32,42.22,,DQ-T05
,EG873952802,TOKEN,GW-NILE,Success,74,103679.56,EGP,1886.07,1508.71,377.36,Success,DQ-T02
,SA487858809,CARD,GW-ATLAS,Failed,7,319.63,SAR,0.0,0.52,-0.52,Failed,DQ-T02
,AE671906697,TOKEN,GW-ORION,Success,1334,84099.59,AED,1572.18,1410.02,162.16,Success,DQ-T02
,EG934737958,CARD,GW-ATLAS,Refunded,1,344.72,EGP,0.0,7.53,-7.53,Refunded,DQ-T02
,SA901680809,LDEBIT,GW-NIMBUS,Success,2,1347.18,SAR,15.19,6.4,8.79,Success,DQ-T02
2026-02-22,EG403388419,LDEBIT,GW-NILE,Success,17,30430.94,EGP,42603.32,153.77,42449.55,Success,DQ-T09
2026-05-23,XX503095315,CARD,GW-NIMBUS,Success,52,154.86,OMR,5.84,3.39,2.45,Success,DQ-T04
2024-12-14,XX585651662,LDEBIT,GW-NIMBUS,Failed,13,889.14,SAR,0.0,0.73,-0.73,Failed,DQ-T04
,SA211354199,TOKEN,GW-ATLAS,Success,1,173.44,SAR,3.75,2.9,0.85,Success,DQ-T02
2025-07-15,XX704239683,TOKEN,GW-ORION,Success,36,1458.77,AED,45.59,27.27,18.32,Success,DQ-T04
,EG647781107,LDEBIT,GW-NILE,Failed,1,692.16,EGP,0.0,0.39,-0.39,Failed,DQ-T02
,SA734980407,CARD,GW-ATLAS,Success,680,41813.63,SAR,730.1,798.34,-68.24,Success,DQ-T02
,EG873952802,LDEBIT,GW-NILE,Voided,1,1330.06,EGP,0.0,0.41,-0.41,Voided,DQ-T02
2025-10-01,EG336915801,TOKEN,GW-NILE,Success,6,1886.66,EGP,2641.32,39.78,2601.54,Success,DQ-T09
2024-12-25,XX122017894,LDEBIT,GW-NIMBUS,ERROR,22,4297.78,SAR,0.0,1.24,-1.24,Failed,DQ-T04
2026-04-05,EG843137256,BNPL,GW-NILE,Success,0,8190.63,EGP,381.85,238.35,143.5,Success,DQ-T08
2026-05-07,EG647433267,TOKEN,GW-NILE,CHARGEBACK?,3,1467.87,EGP,0.0,1.24,-1.24,,DQ-T05
,SA592950341,TOKEN,GW-ORION,Success,2,504.58,SAR,13.01,7.16,5.85,Success,DQ-T02
2025-07-15,EG403388419,BNPL,GW-NILE,PENDING_REVIEW,3,4811.52,EGP,0.0,1.2,-1.2,,DQ-T05
2024-12-03,SA473410995,TOKEN,GW-NIMBUS,PENDING_REVIEW,4,788.72,SAR,20.49,12.02,8.47,,DQ-T05
2025-08-17,AE783290352,CARD,GW-ORION,PENDING_REVIEW,1,56.29,AED,0.0,0.04,-0.04,,DQ-T05
,EG926950694,WALLET,GW-NILE,Success,133,157617.55,EGP,1945.08,1506.64,438.44,Success,DQ-T02
2026-03-31,AE403257742,CARD,GW-ORION,Success,0,16352.57,AED,273.44,210.08,63.36,Success,DQ-T08
2025-05-24,EG167120747,CARD,GW-ATLAS,CHARGEBACK?,4,15509.21,EGP,408.19,240.87,167.32,,DQ-T05
2025-04-08,AE301462734,TOKEN,GW-NIMBUS,PENDING_REVIEW,6,262.43,AED,8.97,5.11,3.86,,DQ-T05
,EG899495597,CARD,GW-NILE,Success,4,5353.73,EGP,151.97,75.44,76.53,Success,DQ-T02
,EG849029255,WALLET,GW-NILE,Success,39,15477.06,EGP,409.92,192.88,217.04,Success,DQ-T02
,SA385404287,TOKEN,GW-ATLAS,Success,28,1313.19,SAR,39.94,27.63,12.31,Success,DQ-T02
2025-06-12,OM486301998,CARD,GW-ATLAS,Success,8,37.08,OMR,51.91,0.77,51.14,Success,DQ-T09
,EG178731082,BNPL,GW-NILE,Success,9,6460.12,EGP,299.36,189.69,109.67,Success,DQ-T02
,SA819868069,CARD,GW-NIMBUS,Voided,3,398.34,SAR,0.0,0.17,-0.17,Voided,DQ-T02
2025-10-29,EG799575469,LDEBIT,GW-NILE,Success,9,-3976.32,EGP,-70.01,-31.96,-38.05,Success,DQ-T07
2026-05-27,XX519839252,WALLET,GW-NILE,Refunded,15,5000.32,EGP,0.0,116.0,-116.0,Refunded,DQ-T04
2025-05-24,XX261114176,TOKEN,GW-ATLAS,Success,1,149.92,SAR,3.8,2.54,1.26,Success,DQ-T04
,SA605999505,TOKEN,GW-ORION,Success,102,22519.96,SAR,439.2,322.27,116.93,Success,DQ-T02
,AE782539735,CARD,GW-NIMBUS,Failed,12,502.5,AED,0.0,0.66,-0.66,Failed,DQ-T02
2024-09-30,XX677340173,BNPL,GW-ATLAS,Success,1,2202.89,EGP,102.96,77.1,25.86,Success,DQ-T04
,AE632922055,BANKTR,GW-NIMBUS,Success,9,106158.58,AED,227.26,65.14,162.12,Success,DQ-T02
2025-05-25,EG325044783,CARD,GW-NILE,UNKNOWN,4,4194.87,EGP,111.11,61.53,49.58,,DQ-T05
2025-05-01,EG537339465,WALLET,GW-NILE,PENDING_REVIEW,2,821.26,EGP,0.0,14.94,-14.94,,DQ-T05
2025-04-28,SA556781756,CARD,GW-NIMBUS,Success,0,2110.52,SAR,63.32,37.51,25.81,Success,DQ-T08
2025-09-01,SA479684490,TOKEN,GW-ORION,Success,0,190.93,SAR,5.83,3.43,2.4,Success,DQ-T08
,AE957433919,CARD,GW-NIMBUS,Voided,53,8117.07,AED,0.0,2.92,-2.92,Voided,DQ-T02
2026-04-27,SA647753119,CARD,GW-NIMBUS,UNKNOWN,2,140.71,SAR,4.16,2.39,1.77,,DQ-T05
2025-12-10,XX997408768,TOKEN,GW-ORION,Refunded,12,3071.14,SAR,0.0,6.75,-6.75,Refunded,DQ-T04
2024-09-30,XX538944660,TOKEN,GW-ATLAS,Success,2,12.84,OMR,0.37,0.25,0.12,Success,DQ-T04
2024-08-12,AE588030458,LDEBIT,GW-NIMBUS,CHARGEBACK?,1,103.91,AED,0.0,0.06,-0.06,,DQ-T05
,SA773581532,TOKEN,GW-ATLAS,Failed,1,736.99,SAR,0.0,0.08,-0.08,Failed,DQ-T02
2026-03-24,EG554455116,LDEBIT,GW-NILE,CHARGEBACK?,1,11908.17,EGP,135.71,50.03,85.68,,DQ-T05
2026-06-10,SA124881724,LDEBIT,GW-NIMBUS,Success,0,10284.2,SAR,101.31,61.47,39.84,Success,DQ-T08
2025-11-30,SA189309853,CARD,GW-ORION,Success,4,-825.78,SAR,-18.93,-11.48,-7.45,Success,DQ-T07
,SA954952952,LDEBIT,GW-NIMBUS,Voided,1,43.68,SAR,0.0,0.06,-0.06,Voided,DQ-T02
,EG926950694,TOKEN,GW-ATLAS,Voided,3,3628.16,EGP,0.0,3.03,-3.03,Voided,DQ-T02
,SA200244788,CARD,GW-ORION,Failed,8,479.02,SAR,0.0,0.36,-0.36,Failed,DQ-T02
2025-11-05,EG656793347,WALLET,GW-NILE,Success,16,1058890.09,EGP,1482446.13,8605.55,1473840.58,Success,DQ-T09
,SA768323752,LDEBIT,GW-NIMBUS,Failed,1,87.4,SAR,0.0,0.06,-0.06,Failed,DQ-T02
2025-05-04,EG998632198,BNPL,GW-NILE,Success,15,27207.62,EGP,38090.67,789.56,37301.11,Success,DQ-T09
2026-06-30,XX410373962,TOKEN,GW-NILE,Success,2,1942.57,EGP,59.25,29.93,29.32,Success,DQ-T04
2025-06-07,EG178731082,BNPL,GW-NILE,CHARGEBACK?,7,4522.94,EGP,209.59,133.05,76.54,,DQ-T05
,EG163862782,TOKEN,GW-NILE,Success,2,2020.68,EGP,60.18,30.93,29.25,Success,DQ-T02
2025-01-19,SA813150489,LDEBIT,GW-NIMBUS,PENDING_REVIEW,1,119.8,SAR,0.0,0.56,-0.56,,DQ-T05
,AE333371080,CARD,GW-ORION,Success,5,2125.4,AED,51.81,28.34,23.47,Success,DQ-T02
2025-09-07,SA508515348,TOKEN,GW-ORION,UNKNOWN,18,3248.03,SAR,82.23,47.22,35.01,,DQ-T05
2025-09-02,EG327327982,CARD,GW-NILE,UNKNOWN,1,301.3,EGP,0.0,0.41,-0.41,,DQ-T05
2024-10-24,XX760201594,CARD,GW-ORION,Success,1,29.06,SAR,1.13,0.6,0.53,Success,DQ-T04
2026-04-14,XX305373293,CARD,GW-NILE,Refunded,6,8198.22,EGP,0.0,46.18,-46.18,Refunded,DQ-T04
,EG449636175,WALLET,GW-NILE,Failed,85,34461.83,EGP,0.0,33.34,-33.34,Failed,DQ-T02
,SA860742247,CARD,GW-NIMBUS,Failed,123,24028.48,SAR,0.0,6.92,-6.92,Failed,DQ-T02
2024-09-26,EG981274071,LDEBIT,GW-NILE,Success,58,-23576.71,EGP,-411.5,-193.41,-218.09,Success,DQ-T07
,EG624580946,LDEBIT,GW-NILE,Voided,2,429.54,EGP,0.0,0.81,-0.81,Voided,DQ-T02
2025-08-03,XX925447134,BNPL,GW-ATLAS,FAILED,32,1919.04,SAR,0.0,2.4,-2.4,Failed,DQ-T04
2026-02-12,EG331354329,TOKEN,GW-NILE,Success,72,26725.25,EGP,37415.35,532.52,36882.83,Success,DQ-T09
2026-03-28,SA860742247,TOKEN,GW-ATLAS,PENDING_REVIEW,10,2586.54,SAR,0.0,5.62,-5.62,,DQ-T05
,OM334471218,TOKEN,GW-ATLAS,Failed,2,48.41,OMR,0.0,0.02,-0.02,Failed,DQ-T02
2025-06-30,EG259754316,LDEBIT,GW-NILE,Success,9,-2979.91,EGP,-54.33,-27.78,-26.55,Success,DQ-T07
2026-06-15,EG707758852,TOKEN,GW-NILE,Success,1,601.14,EGP,841.6,10.3,831.3,Success,DQ-T09
2024-10-04,EG696983188,CARD,GW-ATLAS,Success,201,-65827.71,EGP,-2559.64,-1682.75,-876.89,Success,DQ-T07
,EG474518016,WALLET,GW-NILE,Refunded,4,6171.14,EGP,0.0,30.31,-30.31,Refunded,DQ-T02
2025-06-23,SA592950341,CARD,GW-NIMBUS,CHARGEBACK?,7,1516.05,SAR,38.67,22.17,16.5,,DQ-T05
2025-05-16,SA779341840,CARD,GW-ATLAS,CAPTURED,95,-16242.57,SAR,-411.64,-263.18,-148.46,Success,DQ-T07
,OM761371745,CARD,GW-ATLAS,Success,1,185.51,OMR,3.98,2.73,1.25,Success,DQ-T02
2025-12-29,XX255725696,WALLET,GW-NILE,Voided,1,217.15,EGP,0.0,0.41,-0.41,Voided,DQ-T04
,SA466668047,CARD,GW-ORION,Voided,2,87.91,SAR,0.0,0.09,-0.09,Voided,DQ-T02
,EG981274071,CARD,GW-ATLAS,Success,342,141137.55,EGP,5067.13,3346.81,1720.32,Success,DQ-T02
2025-02-08,XX105974976,CARD,GW-NILE,ERROR,1,1456.63,EGP,0.0,0.39,-0.39,Failed,DQ-T04
2025-09-16,OM434589390,LDEBIT,GW-NIMBUS,Success,8,115.04,OMR,161.06,0.66,160.4,Success,DQ-T09
,SA315873581,CARD,GW-ORION,Failed,15,609.99,SAR,0.0,0.68,-0.68,Failed,DQ-T02
,EG449636175,CARD,GW-ATLAS,Success,2666,1093768.27,EGP,25323.08,25774.63,-451.55,Success,DQ-T02
2025-06-18,EG293670432,TOKEN,GW-NILE,UNKNOWN,5,1881.55,EGP,65.39,36.92,28.47,,DQ-T05
,SA426436949,CARD,GW-NIMBUS,Voided,2,136.79,SAR,0.0,0.11,-0.11,Voided,DQ-T02
2025-02-28,XX938610792,TOKEN,GW-ORION,Failed,5,858.67,SAR,0.0,0.22,-0.22,Failed,DQ-T04
,AE875103901,BNPL,GW-ATLAS,Success,32,1563.97,AED,72.52,56.4,16.12,Success,DQ-T02
2025-12-24,EG760725891,CARD,GW-ATLAS,Success,40,-46021.31,EGP,-1205.04,-821.66,-383.38,Success,DQ-T07
2024-08-14,SA705652485,LDEBIT,GW-NIMBUS,PENDING_REVIEW,16,1486.61,SAR,0.0,9.0,-9.0,,DQ-T05
2025-08-27,EG231422873,TOKEN,GW-ATLAS,Success,0,3737.32,EGP,88.55,60.17,28.38,Success,DQ-T08
2026-06-08,OM441483176,CARD,GW-ATLAS,CHARGEBACK?,8,152.28,OMR,3.51,2.45,1.06,,DQ-T05
2025-08-06,EG998632198,TOKEN,GW-NILE,Success,0,6099.04,EGP,153.35,87.33,66.02,Success,DQ-T08
,SA814924785,CARD,GW-ATLAS,Failed,1,739.49,SAR,0.0,0.08,-0.08,Failed,DQ-T02
2025-01-14,XX452370146,LDEBIT,GW-NIMBUS,Failed,1,188.27,SAR,0.0,0.06,-0.06,Failed,DQ-T04
2025-11-07,EG934454177,WALLET,GW-NILE,UNKNOWN,12,16679.78,EGP,0.0,4.89,-4.89,,DQ-T05
,OM267217098,CARD,GW-ATLAS,Voided,6,87.71,OMR,0.0,0.05,-0.05,Voided,DQ-T02
2026-04-03,EG697551722,TOKEN,GW-NILE,Success,0,49729.08,EGP,1092.48,746.24,346.24,Success,DQ-T08
,AE870997409,TOKEN,GW-ATLAS,Success,4,572.3,AED,14.32,9.74,4.58,Success,DQ-T02
2024-08-26,EG728358410,LDEBIT,GW-NILE,PENDING_REVIEW,2,3064.18,EGP,35.49,15.8,19.69,,DQ-T05
2025-12-22,AE274153176,CARD,GW-ATLAS,UNKNOWN,1,1210.86,AED,0.0,0.07,-0.07,,DQ-T05
2025-07-11,XX212322175,LDEBIT,GW-NIMBUS,APPROVED,6,278.74,SAR,4.17,2.27,1.9,Success,DQ-T04
,EG991914423,WALLET,GW-NILE,Success,9,6444.0,EGP,145.55,67.63,77.92,Success,DQ-T02
2026-01-20,XX401469340,LDEBIT,GW-NILE,Success,17,5178.13,EGP,100.87,51.03,49.84,Success,DQ-T04
2026-04-13,XX257806229,TOKEN,GW-NILE,Failed,2,2679.71,EGP,0.0,0.82,-0.82,Failed,DQ-T04
,EG178731082,BNPL,GW-NILE,Failed,5,3233.95,EGP,0.0,2.0,-2.0,Failed,DQ-T02
2025-08-04,EG537339465,WALLET,GW-NILE,PENDING_REVIEW,34,14223.62,EGP,0.0,13.45,-13.45,,DQ-T05
2026-06-19,OM118285580,CARD,GW-ATLAS,PENDING_REVIEW,1,5.33,OMR,0.15,0.11,0.04,,DQ-T05
2024-10-01,AE987618927,TOKEN,GW-NIMBUS,PENDING_REVIEW,1,41.46,AED,0.0,0.06,-0.06,,DQ-T05
,SA700672253,BNPL,GW-ATLAS,Refunded,2,108.98,SAR,0.0,1.12,-1.12,Refunded,DQ-T02
2025-05-29,SA843654782,BANKTR,GW-NIMBUS,Success,0,197727.62,SAR,491.6,168.67,322.93,Success,DQ-T08
,SA860742247,TOKEN,GW-ATLAS,Refunded,4,997.59,SAR,0.0,2.25,-2.25,Refunded,DQ-T02
2025-11-21,SA174215481,TOKEN,GW-NIMBUS,Success,2,-572.31,SAR,-14.31,-8.5,-5.81,Success,DQ-T07
2024-09-22,AE808885338,CARD,GW-ORION,UNKNOWN,1,213.84,AED,0.0,0.04,-0.04,,DQ-T05
2026-06-10,XX756287526,TOKEN,GW-NILE,Success,1,2624.54,EGP,65.9,35.8,30.1,Success,DQ-T04
,SA479684490,TOKEN,GW-ORION,Success,6,209.34,SAR,7.0,4.12,2.88,Success,DQ-T02
2025-08-02,SA550486234,CARD,GW-ATLAS,PENDING_REVIEW,12,1365.64,SAR,37.4,23.24,14.16,,DQ-T05
2025-01-02,EG823617801,WALLET,GW-NILE,UNKNOWN,4,993.43,EGP,29.02,14.91,14.11,,DQ-T05
,SA181926560,CARD,GW-ORION,Failed,1,96.38,SAR,0.0,0.04,-0.04,Failed,DQ-T02
,EG431057266,CARD,GW-NILE,Success,4,47954.7,EGP,1077.31,593.46,483.85,Success,DQ-T02
,AE808885338,TOKEN,GW-NIMBUS,Success,2,329.29,AED,8.98,5.09,3.89,Success,DQ-T02
2026-03-10,AE798073466,CARD,GW-ORION,Success,0,2892.38,AED,69.5,40.14,29.36,Success,DQ-T08
,EG319798094,LDEBIT,GW-NILE,Success,1,2353.66,EGP,30.8,11.33,19.47,Success,DQ-T02
2026-03-11,SA754882184,TOKEN,GW-ORION,Success,3,-417.66,SAR,-11.75,-6.22,-5.53,Success,DQ-T07
2026-02-12,XX820701383,LDEBIT,GW-NILE,Success,263,60380.31,EGP,1410.74,716.81,693.93,Success,DQ-T04
,SA972748866,CARD,GW-ORION,Refunded,24,3183.65,SAR,0.0,13.5,-13.5,Refunded,DQ-T02
2025-01-29,XX406872637,TOKEN,GW-NIMBUS,Success,1,925.39,SAR,22.81,13.2,9.61,Success,DQ-T04
2025-09-18,XX555968439,TOKEN,GW-ORION,Failed,1,281.34,AED,0.0,0.04,-0.04,Failed,DQ-T04
2024-11-05,EG903275069,CARD,GW-NILE,PENDING_REVIEW,3,1678.33,EGP,0.0,21.96,-21.96,,DQ-T05
2026-03-17,SA112481566,LDEBIT,GW-NIMBUS,Success,19,-1822.86,SAR,-26.36,-11.41,-14.95,Success,DQ-T07
,EG730609269,WALLET,GW-NILE,Success,4,8222.81,EGP,169.28,73.81,95.47,Success,DQ-T02
,EG573406141,CARD,GW-NILE,Success,3,2636.93,EGP,80.74,39.97,40.77,Success,DQ-T02
,EG903275069,CARD,GW-NILE,Refunded,1,598.3,EGP,0.0,7.72,-7.72,Refunded,DQ-T02
,SA887297988,CARD,GW-ORION,Refunded,2,242.79,SAR,0.0,1.12,-1.12,Refunded,DQ-T02
2025-02-27,XX481219503,BNPL,GW-ATLAS,Success,2,363.6,SAR,16.78,12.72,4.06,Success,DQ-T04
,SA758672424,LDEBIT,GW-NIMBUS,Success,2,285.84,SAR,3.34,1.62,1.72,Success,DQ-T02
,EG799575469,WALLET,GW-NILE,Failed,2,752.74,EGP,0.0,0.81,-0.81,Failed,DQ-T02
2025-05-04,AE618504164,TOKEN,GW-ATLAS,UNKNOWN,1,54.11,AED,0.0,0.07,-0.07,,DQ-T05
,SA556781756,CARD,GW-NIMBUS,Failed,7,362.25,SAR,0.0,0.39,-0.39,Failed,DQ-T02
,EG275709942,LDEBIT,GW-NILE,Failed,3,4568.28,EGP,0.0,1.19,-1.19,Failed,DQ-T02
2026-06-12,SA206829187,CARD,GW-ORION,Success,0,846.3,SAR,21.37,11.52,9.85,Success,DQ-T08
2025-11-28,SA676493356,TOKEN,GW-ORION,Success,30,3543.4,SAR,4960.76,53.82,4906.94,Success,DQ-T09
2025-12-23,EG611254298,LDEBIT,GW-NILE,UNKNOWN,7,2959.18,EGP,50.93,24.46,26.47,,DQ-T05
2025-04-21,XX306355787,TOKEN,GW-ATLAS,Success,11,284.88,OMR,6.87,4.62,2.25,Success,DQ-T04
2024-09-30,AE918231431,TOKEN,GW-NIMBUS,UNKNOWN,7,6185.64,AED,147.2,88.27,58.93,,DQ-T05
2024-12-21,AE934539772,CARD,GW-NIMBUS,Success,1,-380.47,AED,-9.67,-5.38,-4.29,Success,DQ-T07
2024-08-16,EG449636175,LDEBIT,GW-NILE,UNKNOWN,12,4807.6,EGP,0.0,4.65,-4.65,,DQ-T05
2025-05-13,SA829535554,BANKTR,GW-NIMBUS,CHARGEBACK?,7,64896.4,SAR,153.8,42.03,111.77,,DQ-T05
,EG259754316,LDEBIT,GW-NILE,Success,14,5649.89,EGP,96.54,48.14,48.4,Success,DQ-T02
2025-05-23,SA112481566,LDEBIT,GW-NIMBUS,PENDING_REVIEW,14,1760.24,SAR,24.59,10.28,14.31,,DQ-T05
,EG799496821,WALLET,GW-NILE,Success,54,43194.3,EGP,615.53,441.43,174.1,Success,DQ-T02
2025-03-24,OM267217098,LDEBIT,GW-NIMBUS,UNKNOWN,1,14.62,OMR,0.0,0.01,-0.01,,DQ-T05
2025-07-21,SA779341840,CARD,GW-ATLAS,CHARGEBACK?,3,509.64,SAR,0.0,0.22,-0.22,,DQ-T05
2025-06-17,AE618504164,LDEBIT,GW-NIMBUS,CHARGEBACK?,1,54.11,AED,0.0,0.06,-0.06,,DQ-T05
,SA939400299,CARD,GW-ORION,Voided,1,61.56,SAR,0.0,0.04,-0.04,Voided,DQ-T02
2024-11-29,SA772263667,CARD,GW-NIMBUS,Success,12,-510.07,SAR,-16.5,-9.81,-6.69,Success,DQ-T07
2024-09-03,EG744158614,TOKEN,GW-ATLAS,UNKNOWN,3,4938.24,EGP,130.13,85.38,44.75,,DQ-T05
2025-07-24,SA853040870,TOKEN,GW-ORION,Success,0,236.28,SAR,6.9,4.04,2.86,Success,DQ-T08
2026-06-07,AE301462734,CARD,GW-ORION,UNKNOWN,3,130.1,AED,0.0,0.13,-0.13,,DQ-T05
,EG680139391,WALLET,GW-NILE,REVERSED,1,403.75,EGP,0.0,0.4,-0.4,Voided,DQ-T02
2025-04-09,AE381359654,LDEBIT,GW-NIMBUS,CHARGEBACK?,3,132.31,AED,0.0,0.17,-0.17,,DQ-T05
2025-08-15,XX846723349,LDEBIT,GW-NIMBUS,Voided,5,3137.68,SAR,0.0,0.28,-0.28,Voided,DQ-T04
2025-02-11,OM954248664,CARD,GW-NIMBUS,Success,20,-126.92,OMR,-3.59,-2.21,-1.38,Success,DQ-T07
,OM543606528,TOKEN,GW-NIMBUS,Refunded,1,5.88,OMR,0.0,0.06,-0.06,Refunded,DQ-T02
,EG293670432,CARD,GW-NILE,Refunded,1,401.07,EGP,0.0,7.53,-7.53,Refunded,DQ-T02
2025-03-25,SA112481566,LDEBIT,GW-NIMBUS,Success,18,-1818.47,SAR,-26.11,-11.22,-14.89,Success,DQ-T07
2025-12-12,EG105351460,WALLET,GW-NILE,UNKNOWN,1,1112.64,EGP,0.0,0.41,-0.41,,DQ-T05
2026-06-19,EG554455116,WALLET,GW-NILE,Success,1,-7726.47,EGP,-143.97,-64.38,-79.59,Success,DQ-T07
,EG758836714,CARD,GW-NILE,Success,19,17317.93,EGP,535.48,262.08,273.4,Success,DQ-T02
2026-02-09,XX516436658,WALLET,GW-NILE,Failed,3,22235.38,EGP,0.0,1.23,-1.23,Failed,DQ-T04
2025-07-25,SA596495663,CARD,GW-ORION,CHARGEBACK?,1,49.51,SAR,0.0,0.04,-0.04,,DQ-T05
2025-03-27,SA138780824,TOKEN,GW-NIMBUS,Success,0,689.65,SAR,18.57,10.63,7.94,Success,DQ-T08
,AE667080643,CARD,GW-ORION,Failed,1,216.2,AED,0.0,0.04,-0.04,Failed,DQ-T02
2025-03-16,EG327394766,WALLET,GW-NILE,Success,31,45640.65,EGP,63896.91,423.28,63473.63,Success,DQ-T09
2026-04-30,AE727701879,CARD,GW-NIMBUS,PENDING_REVIEW,57,6799.67,AED,192.58,105.4,87.18,,DQ-T05
2025-11-21,SA200244788,CARD,GW-ORION,Success,40,-2680.19,SAR,-79.27,-43.28,-35.99,Success,DQ-T07
2026-04-18,AE667080643,TOKEN,GW-ATLAS,Success,2,-393.79,AED,-10.22,-6.5,-3.72,Success,DQ-T07
,AE889475271,TOKEN,GW-ORION,Success,12,629.61,AED,19.84,11.0,8.84,Success,DQ-T02
2026-01-01,EG279421850,CARD,GW-NILE,PENDING_REVIEW,14,46105.67,EGP,0.0,5.66,-5.66,,DQ-T05
,OM377214746,TOKEN,GW-NIMBUS,SUCCESS,3,48.31,OMR,1.29,0.75,0.54,Success,DQ-T02
,EG823617801,LDEBIT,GW-NILE,Success,8,2191.71,EGP,45.51,22.34,23.17,Success,DQ-T02
2025-12-25,AE671906697,CARD,GW-ORION,PENDING_REVIEW,3518,223901.33,AED,4107.39,3639.15,468.24,,DQ-T05
2024-10-14,AE934539772,CARD,GW-NIMBUS,PENDING_REVIEW,1,292.21,AED,0.0,0.55,-0.55,,DQ-T05
,EG331354329,BNPL,GW-NILE,Success,69,24163.36,EGP,832.43,722.97,109.46,Success,DQ-T02
,AE520556972,LDEBIT,GW-NIMBUS,REFUNDED,4,682.37,AED,0.0,2.2,-2.2,Refunded,DQ-T02
2026-05-14,XX378762433,CARD,GW-NILE,Success,17,5667.85,EGP,216.36,115.32,101.04,Success,DQ-T04
2025-07-04,SA845331728,TOKEN,GW-ORION,CHARGEBACK?,1,755.59,SAR,0.0,0.56,-0.56,,DQ-T05
2025-11-23,SA720574277,CARD,GW-NIMBUS,Success,0,666.99,SAR,20.02,11.2,8.82,Success,DQ-T08
2024-09-27,EG100648072,LDEBIT,GW-NILE,Success,0,2121.18,EGP,28.07,10.28,17.79,Success,DQ-T08
2026-04-16,EG303905612,TOKEN,GW-ATLAS,Success,0,3188.96,EGP,72.83,52.01,20.82,Success,DQ-T08
2024-12-22,EG283786715,CARD,GW-ATLAS,CHARGEBACK?,3,2642.07,EGP,0.0,2.94,-2.94,,DQ-T05
2025-01-31,AE642488904,BNPL,GW-ATLAS,UNKNOWN,6,7203.97,AED,206.47,249.41,-42.94,,DQ-T05
2025-06-10,EG352362522,WALLET,GW-NILE,Success,4,-6315.53,EGP,-124.44,-58.14,-66.3,Success,DQ-T07
2026-03-27,SA763491142,LDEBIT,GW-NIMBUS,Success,3,1032.25,SAR,1445.15,5.15,1440.0,Success,DQ-T09
2025-06-26,XX603473847,LDEBIT,GW-NILE,Voided,2,836.05,EGP,0.0,0.8,-0.8,Voided,DQ-T04
2024-11-23,EG199157533,TOKEN,GW-ATLAS,Success,0,2320.14,EGP,62.66,38.69,23.97,Success,DQ-T08
,EG624580946,CARD,GW-NILE,Success,218,44910.49,EGP,2061.53,1101.29,960.24,Success,DQ-T02
2026-03-31,EG166655022,WALLET,GW-NILE,UNKNOWN,18,22955.83,EGP,462.85,218.45,244.4,,DQ-T05
,SA999694215,CARD,GW-NIMBUS,Success,44,7658.66,SAR,195.77,114.12,81.65,Success,DQ-T02
2025-09-01,EG955763785,CARD,GW-NILE,Success,15,-11366.27,EGP,-359.94,-178.59,-181.35,Success,DQ-T07
,SA977935480,CARD,GW-ORION,Success,59,5871.09,SAR,166.72,88.43,78.29,Success,DQ-T02
2026-06-12,XX536066641,CARD,GW-NIMBUS,Failed,19,2390.26,SAR,0.0,1.07,-1.07,Failed,DQ-T04
,EG899495597,CARD,GW-NILE,Success,2,3009.17,EGP,84.65,42.01,42.64,Success,DQ-T02
,AE904440734,CARD,GW-ATLAS,Failed,5,242.45,AED,0.0,0.37,-0.37,Failed,DQ-T02
,OM224536276,CARD,GW-ATLAS,Success,32,117.81,OMR,4.03,2.63,1.4,Success,DQ-T02
,EG717847087,CARD,GW-NILE,Success,6,9151.38,EGP,227.07,126.92,100.15,Success,DQ-T02
,AE761816465,CARD,GW-ORION,Failed,5,585.36,AED,0.0,0.22,-0.22,Failed,DQ-T02
2026-04-26,EG631844222,LDEBIT,GW-NILE,Success,2,-692.15,EGP,-8.16,-6.39,-1.77,Success,DQ-T07
,SA705652485,TOKEN,GW-NIMBUS,Refunded,4,440.39,SAR,0.0,2.25,-2.25,Refunded,DQ-T02
,SA851607798,CARD,GW-NIMBUS,FAILED,14,845.37,SAR,0.0,0.79,-0.79,Failed,DQ-T02
,EG416828825,WALLET,GW-NILE,Success,1,8800.01,EGP,159.21,73.08,86.13,Success,DQ-T02
,EG237932689,BNPL,GW-NILE,Success,1,420.71,EGP,19.21,12.51,6.7,Success,DQ-T02
2025-08-31,EG447972836,LDEBIT,GW-NILE,Success,2,-2409.36,EGP,-33.26,-13.22,-20.04,Success,DQ-T07
2024-09-03,SA466668047,LDEBIT,GW-NIMBUS,PENDING_REVIEW,5,219.77,SAR,0.0,0.28,-0.28,,DQ-T05
2025-12-07,XX470196723,CARD,GW-ORION,Success,10,8117.09,SAR,193.69,106.29,87.4,Success,DQ-T04
2025-07-28,EG843137256,BNPL,GW-NILE,PENDING_REVIEW,1,1268.23,EGP,0.0,0.4,-0.4,,DQ-T05
2025-02-26,AE889475271,TOKEN,GW-ORION,Success,16,777.06,AED,1087.88,13.83,1074.05,Success,DQ-T09
,SA865281392,LDEBIT,GW-NIMBUS,Success,16,5435.71,SAR,69.22,27.16,42.06,Success,DQ-T02
2024-07-28,EG331354329,BNPL,GW-NILE,PENDING_REVIEW,1,350.0,EGP,0.0,0.38,-0.38,,DQ-T05
2025-06-17,XX494160576,LDEBIT,GW-NIMBUS,DECLINED,1,184.69,SAR,0.0,0.06,-0.06,Failed,DQ-T04
2026-02-14,EG304469248,CARD,GW-NILE,APPROVED,12,48140.24,EGP,67396.34,617.53,66778.81,Success,DQ-T09
2025-06-09,EG735951857,TOKEN,GW-NILE,Success,0,1288.98,EGP,35.95,18.88,17.07,Success,DQ-T08
2025-08-23,SA466668047,TOKEN,GW-ORION,CHARGEBACK?,52,2368.22,SAR,75.37,43.1,32.27,,DQ-T05
,EG897740135,WALLET,GW-NILE,Approved,13,4306.73,EGP,107.82,57.39,50.43,Success,DQ-T02
,AE642764712,CARD,GW-ATLAS,Failed,1,6043.45,AED,0.0,0.07,-0.07,Failed,DQ-T02
,EG345706176,TOKEN,GW-ATLAS,Success,2,3649.59,EGP,97.44,62.61,34.83,Success,DQ-T02
,EG875100630,TOKEN,GW-ATLAS,Success,1,1693.21,EGP,45.68,29.21,16.47,Success,DQ-T02
2024-08-28,EG704053078,CARD,GW-ATLAS,Success,0,321655.11,EGP,5370.56,4972.93,397.63,Success,DQ-T08
2025-02-14,XX274444084,BNPL,GW-ATLAS,Voided,1,119.05,SAR,0.0,0.08,-0.08,Voided,DQ-T04
2024-10-30,EG511893937,CARD,GW-NILE,CHARGEBACK?,7,8871.67,EGP,238.0,125.82,112.18,,DQ-T05
2025-02-04,SA813150489,TOKEN,GW-ATLAS,CHARGEBACK?,4,620.71,SAR,0.0,0.3,-0.3,,DQ-T05
2025-11-23,SA315873581,TOKEN,GW-ORION,Success,20,-803.56,SAR,-15.39,-15.15,-0.24,Success,DQ-T07
2026-01-27,EG979007692,WALLET,GW-NILE,Success,1,-629.71,EGP,-14.62,-6.87,-7.75,Success,DQ-T07
2025-09-08,EG744158614,TOKEN,GW-ATLAS,UNKNOWN,1,1531.78,EGP,0.0,1.02,-1.02,,DQ-T05
,AE676714739,CARD,GW-NIMBUS,Success,35,2157.28,AED,69.05,37.48,31.57,Success,DQ-T02
,SA485114821,TOKEN,GW-ATLAS,SUCCESS,6,237.06,SAR,7.69,5.25,2.44,Success,DQ-T02
2026-01-28,SA397646855,TOKEN,GW-ORION,Success,102,5471.97,SAR,7660.76,95.54,7565.22,Success,DQ-T09
,AE125858239,TOKEN,GW-ORION,SUCCESS,21,4707.13,AED,109.62,67.19,42.43,Success,DQ-T02
2026-02-05,SA700672253,TOKEN,GW-ORION,PENDING_REVIEW,13,561.97,SAR,0.0,0.58,-0.58,,DQ-T05
2025-02-18,SA426436949,LDEBIT,GW-NIMBUS,UNKNOWN,12,820.75,SAR,0.0,0.68,-0.68,,DQ-T05
2025-07-20,XX356048684,TOKEN,GW-NILE,Failed,2,642.58,EGP,0.0,0.8,-0.8,Failed,DQ-T04
2024-09-25,XX879911091,LDEBIT,GW-NILE,Success,2,5912.6,EGP,77.31,27.32,49.99,Success,DQ-T04
2026-06-02,EG161643120,TOKEN,GW-ATLAS,Success,4,4292.79,EGP,6009.91,80.13,5929.78,Success,DQ-T09
,OM377293460,CARD,GW-ATLAS,Failed,1,18.14,OMR,0.0,0.01,-0.01,Failed,DQ-T02
,OM761036673,TOKEN,GW-ATLAS,Success,120,475.51,OMR,15.93,10.6,5.33,Success,DQ-T02
2026-04-06,XX661480823,LDEBIT,GW-NILE,Success,3,1158.35,EGP,21.09,10.08,11.01,Success,DQ-T04
2026-02-21,EG934454177,CARD,GW-ATLAS,Success,316,449663.25,EGP,629528.55,7755.83,621772.72,Success,DQ-T09
,EG331354329,WALLET,GW-NILE,Success,136,47425.44,EGP,892.44,616.43,276.01,Success,DQ-T02
,EG843137256,CARD,GW-ATLAS,Failed,3,3749.53,EGP,0.0,2.97,-2.97,Failed,DQ-T02
,EG235600888,TOKEN,GW-NILE,Approved,1,7933.83,EGP,187.94,102.56,85.38,Success,DQ-T02
,EG145730757,BNPL,GW-NILE,Success,1,4831.84,EGP,232.75,139.55,93.2,Success,DQ-T02
,AE609791679,BNPL,GW-ATLAS,Success,2,207.27,AED,10.38,7.31,3.07,Success,DQ-T02
,EG934454177,WALLET,GW-NILE,Refunded,2,4033.07,EGP,0.0,14.64,-14.64,Refunded,DQ-T02
2025-08-06,AE502481662,CARD,GW-ORION,Success,0,23471.3,AED,371.14,312.92,58.22,Success,DQ-T08
2026-02-08,XX528575903,LDEBIT,GW-NILE,Success,7,3174.01,EGP,53.47,25.42,28.05,Success,DQ-T04
2024-11-16,XX676917137,CARD,GW-ORION,Voided,8,2294.03,SAR,0.0,0.36,-0.36,Voided,DQ-T04
,AE987618927,BNPL,GW-ATLAS,Success,31,1245.82,AED,54.72,45.33,9.39,Success,DQ-T02
,EG293670432,CARD,GW-NILE,Failed,3,973.14,EGP,0.0,1.22,-1.22,Failed,DQ-T02
,EG799496821,WALLET,GW-NILE,Voided,2,1652.77,EGP,0.0,0.77,-0.77,Voided,DQ-T02
2025-11-28,EG204164575,TOKEN,GW-ATLAS,UNKNOWN,1,355.69,EGP,0.0,1.02,-1.02,,DQ-T05
,SA473410995,TOKEN,GW-NIMBUS,Refunded,1,128.55,SAR,0.0,0.56,-0.56,Refunded,DQ-T02
2025-10-02,AE713987880,CARD,GW-ORION,PENDING_REVIEW,7,1003.59,AED,0.0,0.31,-0.31,,DQ-T05
2024-11-09,EG823617801,TOKEN,GW-ATLAS,Success,3,-867.23,EGP,-36.14,-23.95,-12.19,Success,DQ-T07
2026-04-16,EG163862782,WALLET,GW-NILE,CHARGEBACK?,1,738.6,EGP,16.83,7.78,9.05,,DQ-T05
,EG447972836,WALLET,GW-NILE,Success,1,1316.31,EGP,27.76,12.45,15.31,Success,DQ-T02
,EG843137256,TOKEN,GW-NILE,Success,9,11018.55,EGP,308.41,163.13,145.28,Success,DQ-T02
2025-10-12,AE366451684,TOKEN,GW-NIMBUS,Success,3,-298.17,AED,-8.72,-4.89,-3.83,Success,DQ-T07
,SA860742247,TOKEN,GW-ATLAS,Voided,9,1758.18,SAR,0.0,0.68,-0.68,Voided,DQ-T02
,EG786386215,TOKEN,GW-ATLAS,Success,1,1482.31,EGP,43.32,26.1,17.22,Success,DQ-T02
,EG217500923,CARD,GW-ATLAS,Failed,4,2385.88,EGP,0.0,3.93,-3.93,Failed,DQ-T02
,EG403388419,CARD,GW-NILE,Refunded,9,19546.7,EGP,0.0,68.81,-68.81,Refunded,DQ-T02
2026-05-03,EG509980512,WALLET,GW-NILE,Success,4,-1553.7,EGP,-39.78,-19.8,-19.98,Success,DQ-T07
2025-08-15,XX868145483,CARD,GW-NILE,Voided,1,1290.02,EGP,0.0,0.4,-0.4,Voided,DQ-T04
2024-11-10,OM526413827,CARD,GW-NIMBUS,Success,0,37.71,OMR,1.01,0.61,0.4,Success,DQ-T08
,EG537339465,CARD,GW-ATLAS,Failed,92,39663.46,EGP,0.0,93.79,-93.79,Failed,DQ-T02
2026-02-16,SA247806531,LDEBIT,GW-NIMBUS,Success,8,-381.67,SAR,-3.41,-3.07,-0.34,Success,DQ-T07
2024-11-17,SA734980407,BNPL,GW-ATLAS,UNKNOWN,89,5590.23,SAR,146.13,199.87,-53.74,,DQ-T05
,OM183510174,TOKEN,GW-NIMBUS,Failed,2,27.97,OMR,0.0,0.01,-0.01,Failed,DQ-T02
2026-02-09,XX907305175,CARD,GW-ATLAS,Success,19,3978.39,AED,93.91,63.17,30.74,Success,DQ-T04
,EG735951857,WALLET,GW-NILE,Success,2,1998.21,EGP,42.59,19.7,22.89,Success,DQ-T02
,SA247609412,CARD,GW-ORION,Success,117,6267.13,SAR,183.26,106.45,76.81,Success,DQ-T02
,EG656793347,WALLET,GW-NILE,Success,8,836662.48,EGP,10781.41,6790.53,3990.88,Success,DQ-T02
,OM188757830,LDEBIT,GW-NIMBUS,Voided,1,83.7,OMR,0.0,0.01,-0.01,Voided,DQ-T02
2025-03-16,AE618504164,TOKEN,GW-ATLAS,Success,26,1527.08,AED,2137.91,30.16,2107.75,Success,DQ-T09
2025-07-07,SA710370541,CARD,GW-ORION,UNKNOWN,1,627.54,SAR,0.0,0.04,-0.04,,DQ-T05
,OM107384993,LDEBIT,GW-NIMBUS,Success,14,265.39,OMR,2.3,1.44,0.86,Success,DQ-T02
,EG373213017,CARD,GW-ATLAS,Refunded,3,3391.07,EGP,0.0,23.09,-23.09,Refunded,DQ-T02
2024-08-19,EG704053078,TOKEN,GW-NILE,UNKNOWN,1,3011.51,EGP,0.0,7.27,-7.27,,DQ-T05
2024-10-11,AE667080643,TOKEN,GW-ATLAS,Success,0,294.31,AED,7.45,4.72,2.73,Success,DQ-T08
2026-05-24,EG981274071,WALLET,GW-NILE,Success,150,63950.19,EGP,89530.27,788.66,88741.61,Success,DQ-T09
2026-05-27,XX617871660,TOKEN,GW-NILE,Approved,8,14507.62,EGP,387.83,204.66,183.17,Success,DQ-T04
2024-07-27,EG373213017,TOKEN,GW-NILE,Success,6,-8794.33,EGP,-223.38,-126.1,-97.28,Success,DQ-T07
2026-06-21,SA158425015,CARD,GW-NIMBUS,CHARGEBACK?,95,3954.41,SAR,129.15,76.54,52.61,,DQ-T05
,EG259754316,BNPL,GW-ATLAS,Success,17,6521.64,EGP,285.39,241.91,43.48,Success,DQ-T02
,OM224536276,CARD,GW-ATLAS,Success,18,62.22,OMR,2.17,1.42,0.75,Success,DQ-T02
2024-08-11,EG165675111,LDEBIT,GW-NILE,Success,2,3507.08,EGP,4909.91,17.59,4892.32,Success,DQ-T09
2025-03-14,SA159383546,CARD,GW-NIMBUS,CAPTURED,16,-504.99,SAR,-18.44,-10.72,-7.72,Success,DQ-T07
,SA865281392,CARD,GW-ATLAS,Failed,2,749.39,SAR,0.0,0.15,-0.15,Failed,DQ-T02
2026-04-10,EG680139391,LDEBIT,GW-NILE,CHARGEBACK?,57,25992.4,EGP,444.1,207.63,236.47,,DQ-T05
,EG686030808,TOKEN,GW-NILE,Success,356,297521.52,EGP,5723.72,4709.78,1013.94,Success,DQ-T02
2026-06-22,XX453124784,LDEBIT,GW-NILE,Refunded,6,2787.52,EGP,0.0,46.29,-46.29,Refunded,DQ-T04
2025-11-02,XX715504872,CARD,GW-ORION,Refunded,62,9262.45,SAR,0.0,34.87,-34.87,Refunded,DQ-T04
,EG537339465,TOKEN,GW-ATLAS,Failed,10,4308.0,EGP,0.0,10.19,-10.19,Failed,DQ-T02
,EG676342880,CARD,GW-NILE,Success,188,167028.31,EGP,5047.43,2541.91,2505.52,Success,DQ-T02
2025-09-15,SA200244788,CARD,GW-ORION,CHARGEBACK?,37,2396.72,SAR,71.35,38.98,32.37,,DQ-T05
2025-01-08,SA604765470,CARD,GW-ORION,Success,22,-894.43,SAR,-29.74,-16.38,-13.36,Success,DQ-T07
2026-06-10,SA909427280,LDEBIT,GW-NIMBUS,PENDING_REVIEW,79,13739.65,SAR,161.83,75.16,86.67,,DQ-T05
2026-05-10,EG958671332,WALLET,GW-NILE,PENDING_REVIEW,7,2153.05,EGP,60.34,30.07,30.27,,DQ-T05
2024-08-15,SA912413819,TOKEN,GW-ATLAS,PENDING_REVIEW,5,335.76,SAR,0.0,2.81,-2.81,,DQ-T05
2025-02-02,SA487858809,LDEBIT,GW-NIMBUS,UNKNOWN,1,45.66,SAR,0.0,0.06,-0.06,,DQ-T05
,SA416884588,BNPL,GW-ATLAS,Success,5,829.63,SAR,35.76,29.05,6.71,Success,DQ-T02
2025-05-26,EG331354329,CARD,GW-ATLAS,Success,256,-90767.1,EGP,-2482.09,-2267.06,-215.03,Success,DQ-T07
2025-04-11,EG259754316,CARD,GW-ATLAS,UNKNOWN,2,751.62,EGP,0.0,1.99,-1.99,,DQ-T05
2025-08-16,SA147303844,CARD,GW-ORION,UNKNOWN,5,846.12,SAR,0.0,0.22,-0.22,,DQ-T05
,SA508515348,CARD,GW-ORION,Refunded,4,722.13,SAR,0.0,2.25,-2.25,Refunded,DQ-T02
2024-08-26,SA147303844,CARD,GW-ORION,UNKNOWN,44,7655.77,SAR,200.47,107.96,92.51,,DQ-T05
,EG761087060,CARD,GW-NILE,Failed,16,22878.65,EGP,0.0,6.38,-6.38,Failed,DQ-T02
2025-06-14,EG352362522,WALLET,GW-NILE,Success,4,4028.79,EGP,5640.31,39.62,5600.69,Success,DQ-T09
2025-07-06,AE711049967,BANKTR,GW-NIMBUS,UNKNOWN,1,11017.04,AED,24.13,6.85,17.28,,DQ-T05
,AE642488904,TOKEN,GW-NIMBUS,Success,16,23240.62,AED,344.71,329.19,15.52,Success,DQ-T02
,AE520556972,LDEBIT,GW-NIMBUS,Voided,1,138.4,AED,0.0,0.06,-0.06,Voided,DQ-T02
,EG280455389,CARD,GW-NILE,Success,4,5574.17,EGP,141.53,78.63,62.9,Success,DQ-T02
,SA423374323,CARD,GW-NIMBUS,Success,58,4880.85,SAR,87.59,80.03,7.56,Success,DQ-T02
,EG967183698,WALLET,GW-NILE,Voided,18,6278.87,EGP,0.0,7.23,-7.23,Voided,DQ-T02
2025-10-08,EG783358166,CARD,GW-ATLAS,CHARGEBACK?,2,573.25,EGP,0.0,2.01,-2.01,,DQ-T05
2026-03-28,AE366451684,TOKEN,GW-NIMBUS,Success,4,-448.91,AED,-12.92,-7.24,-5.68,Success,DQ-T07
,SA972748866,CARD,GW-ORION,Failed,80,10431.22,SAR,0.0,3.6,-3.6,Failed,DQ-T02
2025-10-08,OM236113503,LDEBIT,GW-NIMBUS,Success,0,647.34,OMR,4.83,3.33,1.5,Success,DQ-T08
,EG468145711,CARD,GW-NILE,Success,4,2368.28,EGP,76.76,39.04,37.72,Success,DQ-T02
2026-01-22,EG579116624,WALLET,GW-NILE,Success,1,-3349.76,EGP,-63.44,-28.9,-34.54,Success,DQ-T07
,OM781648289,CARD,GW-ATLAS,Success,3,119.08,OMR,1.73,1.82,-0.09,Success,DQ-T02
2024-12-20,SA813150489,CARD,GW-ATLAS,CHARGEBACK?,3,465.53,SAR,0.0,0.22,-0.22,,DQ-T05
2024-08-24,SA945807399,LDEBIT,GW-NIMBUS,Success,2,-1187.39,SAR,-14.81,-5.68,-9.13,Success,DQ-T07
2026-02-03,EG344758416,LDEBIT,GW-NILE,PENDING_REVIEW,5,7071.14,EGP,99.3,37.62,61.68,,DQ-T05
2026-02-18,XX720818066,CARD,GW-ATLAS,Failed,1,292.38,EGP,0.0,1.03,-1.03,Failed,DQ-T04
2024-10-06,EG838350410,CARD,GW-NILE,UNKNOWN,10,25344.16,EGP,640.04,333.69,306.35,,DQ-T05
,SA987666099,BANKTR,GW-NIMBUS,Failed,14,1410.56,SAR,0.0,0.79,-0.79,Failed,DQ-T02
2026-05-10,SA110751010,CARD,GW-ORION,PENDING_REVIEW,5,387.6,SAR,0.0,0.22,-0.22,,DQ-T05
2026-03-05,SA165160063,LDEBIT,GW-NIMBUS,Success,13,-2637.66,SAR,-33.68,-14.06,-19.62,Success,DQ-T07
2025-05-19,EG771233717,CARD,GW-ATLAS,Success,0,13250.42,EGP,369.12,241.11,128.01,Success,DQ-T08
2026-02-09,EG237932689,BNPL,GW-NILE,PENDING_REVIEW,1,433.77,EGP,0.0,0.41,-0.41,,DQ-T05
,SA828250977,CARD,GW-NIMBUS,Failed,1,282.55,SAR,0.0,0.06,-0.06,Failed,DQ-T02
2025-11-29,EG389262771,WALLET,GW-NILE,Success,41,-15722.0,EGP,-374.6,-200.49,-174.11,Success,DQ-T07
2024-12-14,XX624609417,WALLET,GW-NILE,Refunded,1,935.68,EGP,0.0,7.35,-7.35,Refunded,DQ-T04
2024-07-07,SA362023155,BNPL,GW-ATLAS,Success,8,546.17,SAR,764.64,19.48,745.16,Success,DQ-T09
2025-02-20,XX363605996,WALLET,GW-NILE,Success,24,31329.27,EGP,601.19,294.98,306.21,Success,DQ-T04
2025-06-16,SA407393102,CARD,GW-NIMBUS,UNKNOWN,6,266.89,SAR,0.0,0.34,-0.34,,DQ-T05
2025-07-01,OM334471218,TOKEN,GW-ATLAS,Success,0,324.92,OMR,7.77,5.23,2.54,Success,DQ-T08
,EG988355477,CARD,GW-ATLAS,Failed,1,2750.37,EGP,0.0,0.98,-0.98,Failed,DQ-T02
2025-02-05,EG416828825,BNPL,GW-NILE,Success,0,9443.12,EGP,420.31,272.35,147.96,Success,DQ-T08
,SA763491142,CARD,GW-ORION,Voided,1,342.0,SAR,0.0,0.04,-0.04,Voided,DQ-T02
,EG191960141,CARD,GW-ATLAS,Refunded,2,3469.51,EGP,0.0,15.43,-15.43,Refunded,DQ-T02
2026-03-27,SA211354199,BNPL,GW-ATLAS,Success,4,937.75,SAR,1312.85,32.71,1280.14,Success,DQ-T09
2025-06-18,SA660258875,TOKEN,GW-NIMBUS,Success,9,-1631.11,SAR,-43.31,-25.03,-18.28,Success,DQ-T07
,EG105351460,TOKEN,GW-NILE,Success,4,5153.2,EGP,138.18,75.32,62.86,Success,DQ-T02
,EG237932689,BNPL,GW-NILE,Failed,1,409.56,EGP,0.0,0.39,-0.39,Failed,DQ-T02
,EG215045135,CARD,GW-ATLAS,FAILED,1,9961.36,EGP,0.0,1.01,-1.01,Failed,DQ-T02
2026-02-28,SA211354199,BNPL,GW-ATLAS,Success,2,-219.52,SAR,-8.35,-7.74,-0.61,Success,DQ-T07
2025-08-08,EG614572570,CARD,GW-NILE,CHARGEBACK?,2,9409.18,EGP,0.0,0.79,-0.79,,DQ-T05
,EG429684322,LDEBIT,GW-NILE,Success,4,1583.49,EGP,29.43,13.61,15.82,Success,DQ-T02
2024-08-13,XX760748617,LDEBIT,GW-NIMBUS,Success,8,909.85,SAR,11.15,5.44,5.71,Success,DQ-T04
2025-08-26,AE787062785,TOKEN,GW-ORION,PENDING_REVIEW,1,146.98,AED,0.0,0.04,-0.04,,DQ-T05
2025-12-20,AE273918504,CARD,GW-ORION,APPROVED,15,-850.43,AED,-24.27,-14.18,-10.09,Success,DQ-T07
,EG704053078,WALLET,GW-NILE,Success,25,109105.13,EGP,1426.52,926.68,499.84,Success,DQ-T02
,OM954248664,TOKEN,GW-ATLAS,Success,5,41.46,OMR,1.14,0.77,0.37,Success,DQ-T02
2025-07-29,SA168621990,TOKEN,GW-ATLAS,CHARGEBACK?,23,2421.23,SAR,69.59,42.99,26.6,,DQ-T05
2025-11-14,EG336915801,WALLET,GW-NILE,Success,0,6287.39,EGP,166.08,83.04,83.04,Success,DQ-T08
,AE836534480,CARD,GW-NIMBUS,Failed,2,714.3,AED,0.0,0.11,-0.11,Failed,DQ-T02
,EG497915590,CARD,GW-ATLAS,Success,1,5005.87,EGP,125.62,76.56,49.06,Success,DQ-T02
,AE195154121,CARD,GW-ORION,Failed,7,1417.99,AED,0.0,0.31,-0.31,Failed,DQ-T02
2024-12-10,XX929403451,CARD,GW-NIMBUS,Refunded,3,333.44,AED,0.0,1.65,-1.65,Refunded,DQ-T04
,SA259363162,TOKEN,GW-ORION,Voided,1,120.95,SAR,0.0,0.04,-0.04,Voided,DQ-T02
2024-10-27,EG680139391,LDEBIT,GW-NILE,Success,0,11242.88,EGP,199.32,94.87,104.45,Success,DQ-T08
,OM501692260,LDEBIT,GW-NIMBUS,Success,1,47.8,OMR,0.53,0.23,0.3,Success,DQ-T02
,SA397646855,CARD,GW-NIMBUS,SETTLED,377,19523.87,SAR,380.59,355.47,25.12,Success,DQ-T02
,AE132301545,TOKEN,GW-NIMBUS,Success,16,2922.09,AED,70.45,44.73,25.72,Success,DQ-T02
,EG403388419,CARD,GW-NILE,Success,59,93905.72,EGP,2365.26,1295.62,1069.64,Success,DQ-T02
2025-07-25,EG622517179,CARD,GW-NILE,Success,11,-4673.4,EGP,-166.48,-86.04,-80.44,Success,DQ-T07
2026-06-27,AE783290352,BNPL,GW-ATLAS,Success,0,89.89,AED,4.5,3.18,1.32,Success,DQ-T08
2025-10-03,OM936304206,CARD,GW-ATLAS,Success,11,235.43,OMR,329.6,3.75,325.85,Success,DQ-T09
2025-12-01,SA181926560,CARD,GW-ORION,Success,8,-700.37,SAR,-20.56,-10.76,-9.8,Success,DQ-T07
2025-11-15,SA726680999,LDEBIT,GW-NIMBUS,SETTLED,0,565.63,SAR,8.54,4.23,4.31,Success,DQ-T08
2024-07-30,XX988242982,CARD,GW-NILE,Failed,10,3155.45,EGP,0.0,3.85,-3.85,Failed,DQ-T04
2025-12-30,XX801014392,LDEBIT,GW-NIMBUS,Voided,1,333.56,AED,0.0,0.06,-0.06,Voided,DQ-T04
,OM954248664,LDEBIT,GW-NIMBUS,SUCCESS,4,24.08,OMR,0.34,0.18,0.16,Success,DQ-T02
,EG680228975,WALLET,GW-NILE,Success,8,61374.73,EGP,787.32,510.75,276.57,Success,DQ-T02
,AE226845726,TOKEN,GW-ORION,Refunded,4,546.31,AED,0.0,2.2,-2.2,Refunded,DQ-T02
2025-05-17,AE588030458,LDEBIT,GW-NIMBUS,CHARGEBACK?,11,1068.66,AED,14.36,6.63,7.73,,DQ-T05
,EG103023484,LDEBIT,GW-NILE,Voided,3,4017.12,EGP,0.0,1.23,-1.23,Voided,DQ-T02
,EG275709942,LDEBIT,GW-NILE,Refunded,13,15954.84,EGP,0.0,95.59,-95.59,Refunded,DQ-T02
,EG724883181,CARD,GW-ATLAS,Success,62,21590.95,EGP,793.18,545.78,247.4,Success,DQ-T02
2025-03-04,EG449636175,TOKEN,GW-NILE,Success,1013,416397.0,EGP,582955.8,7898.64,575057.16,Success,DQ-T09
2025-02-25,AE904440734,CARD,GW-ATLAS,UNKNOWN,53,2547.16,AED,87.12,51.54,35.58,,DQ-T05
2024-12-24,SA781674979,CARD,GW-NIMBUS,APPROVED,0,2540.47,SAR,83.02,46.97,36.05,Success,DQ-T08
2025-06-25,EG511253320,CARD,GW-NILE,Success,0,23995.91,EGP,982.88,487.16,495.72,Success,DQ-T08
2025-05-03,SA168621990,CARD,GW-NIMBUS,UNKNOWN,59,6345.77,SAR,178.39,100.05,78.34,,DQ-T05
2026-05-04,EG849029255,CARD,GW-NILE,UNKNOWN,3,1225.17,EGP,0.0,1.24,-1.24,,DQ-T05
2025-08-18,XX201843155,TOKEN,GW-NIMBUS,Refunded,1,10.32,OMR,0.0,0.06,-0.06,Refunded,DQ-T04
2025-04-30,EG178731082,BNPL,GW-NILE,Success,16,11264.67,EGP,15770.54,330.79,15439.75,Success,DQ-T09
,EG537155658,TOKEN,GW-ATLAS,Failed,5,1104.58,EGP,0.0,4.91,-4.91,Failed,DQ-T02
,OM730950792,CARD,GW-NIMBUS,Failed,2,33.39,OMR,0.0,0.01,-0.01,Failed,DQ-T02
2025-07-12,EG573406141,WALLET,GW-NILE,Success,1,-678.06,EGP,-16.04,-7.25,-8.79,Success,DQ-T07
2025-03-28,SA900572493,CARD,GW-ATLAS,UNKNOWN,21,7969.1,SAR,200.24,122.02,78.22,,DQ-T05
,EG420159724,TOKEN,GW-NILE,Failed,1,2723.49,EGP,0.0,0.4,-0.4,Failed,DQ-T02
2025-12-20,EG327245837,TOKEN,GW-ATLAS,CHARGEBACK?,1,7113.09,EGP,171.11,111.32,59.79,,DQ-T05
,SA344056722,BANKTR,GW-NIMBUS,Success,18,66795.89,SAR,157.93,58.04,99.89,Success,DQ-T02
,SA256650029,CARD,GW-NIMBUS,Voided,1,125.8,SAR,0.0,0.06,-0.06,Voided,DQ-T02
2025-12-22,XX656014139,TOKEN,GW-NILE,Approved,2,20555.11,EGP,470.0,264.39,205.61,Success,DQ-T04
