date_key,month_key,merchant_key,payment_method,gateway,status,currency,txn_count,amount_usd,gmv_usd,refund_usd,revenue_usd,expected_revenue_usd,cost_usd,gp_usd,amount_local
20240701,202407,267,CARD,GW-ATLAS,Success,OMR,6,16713.186,16713.186,0.0,258.1274,258.1373,244.1092,14.018200000000036,6426.22
20240701,202407,395,WALLET,GW-NILE,Success,EGP,26,211.4325,211.4325,0.0,5.0213,5.0212,2.6226,2.3987000000000003,10167.64
20240701,202407,66,CARD,GW-ATLAS,Failed,EGP,6,35.1064,0.0,0.0,0.0,0.0,0.12,-0.12,1688.24
20240701,202407,516,CARD,GW-ORION,Success,SAR,714,24629.72,24629.72,0.0,390.0667,390.0667,358.2373,31.82940000000002,92361.45
20240701,202407,135,CARD,GW-ATLAS,Voided,SAR,3,33.2933,0.0,0.0,0.0,0.0,0.0587,-0.0587,124.85
20240701,202407,504,CARD,GW-ORION,Voided,SAR,1,12.776,0.0,0.0,0.0,0.0,0.0107,-0.0107,47.91
20240701,202407,487,LDEBIT,GW-NILE,Success,EGP,4,31.9647,31.9647,0.0,0.5956,0.5956,0.2695,0.3261,1537.16
20240701,202407,298,TOKEN,GW-ORION,Success,AED,9,104.0871,104.0871,0.0,3.224,3.2243,1.9197,1.3043000000000002,382.26
20240702,202407,146,LDEBIT,GW-NIMBUS,Success,SAR,4,38.0827,38.0827,0.0,0.6347,0.634,0.352,0.2827,142.81
20240702,202407,190,LDEBIT,GW-NIMBUS,Success,SAR,14,841.416,841.416,0.0,9.568,9.5685,4.416,5.151999999999999,3155.31
20240702,202407,221,WALLET,GW-NILE,Success,EGP,9,15891.082,15891.082,0.0,213.5733,213.5733,129.0329,84.54039999999998,764191.01
20240702,202407,339,LDEBIT,GW-NIMBUS,Success,SAR,9,278.5173,278.5173,0.0,3.4053,3.4042,1.6587,1.7466,1044.44
20240702,202407,1,LDEBIT,GW-NIMBUS,Success,SAR,6,338.9067,338.9067,0.0,4.408,4.4086,1.7947,2.6133000000000006,1270.9
20240702,202407,247,BANKTR,GW-NIMBUS,Success,SAR,202,22265.0347,22265.0347,0.0,128.48,128.4795,84.8613,43.61869999999999,83493.88
20240702,202407,120,CARD,GW-ORION,Voided,SAR,8,611.7413,0.0,0.0,0.0,0.0,0.096,-0.096,2294.03
20240702,202407,285,CARD,GW-NIMBUS,Refunded,SAR,17,1161.5893,0.0,1161.5893,0.0,0.0,2.5493,-2.5493,4355.96
20240702,202407,311,WALLET,GW-NILE,Success,EGP,3,54.3626,54.3626,0.0,1.1495,1.1495,0.5452,0.6043,2614.26
20240703,202407,245,LDEBIT,GW-NILE,Success,EGP,5,42.2495,42.2495,0.0,0.702,0.7021,0.346,0.356,2031.75
20240703,202407,106,CARD,GW-ATLAS,Success,EGP,1,19.8163,19.8163,0.0,0.5477,0.5477,0.3629,0.1847999999999999,952.95
20240703,202407,385,TOKEN,GW-ATLAS,Success,EGP,4,157.9782,157.9782,0.0,4.123,4.123,2.6846,1.4384,7597.06
20240703,202407,353,TOKEN,GW-NIMBUS,Success,OMR,4,213.6021,213.6021,0.0,4.9935,4.9882,3.251,1.7425000000000002,82.13
20240703,202407,60,CARD,GW-ATLAS,Failed,EGP,1,33.909,0.0,0.0,0.0,0.0,0.02,-0.02,1630.66
20240704,202407,184,CARD,GW-NILE,Failed,EGP,35,149.3099,0.0,0.0,0.0,0.0,0.2801,-0.2801,7180.21
20240704,202407,248,CARD,GW-ATLAS,Success,SAR,30,338.1333,338.1333,0.0,11.5707,11.5695,7.1493,4.4214,1268.0
20240704,202407,347,WALLET,GW-NILE,Refunded,EGP,1,20.8194,0.0,20.8194,0.0,0.0,0.1499,-0.1499,1001.19
20240704,202407,539,CARD,GW-ATLAS,Success,EGP,20,116.0518,116.0518,0.0,4.594,4.594,3.172,1.4220000000000002,5580.85
20240704,202407,417,TOKEN,GW-NILE,Failed,EGP,37,306.0011,0.0,0.0,0.0,0.0,0.2959,-0.2959,14715.38
20240704,202407,295,CARD,GW-NILE,Failed,EGP,1,1550.3613,0.0,0.0,0.0,0.0,0.0079,-0.0079,74555.79
20240704,202407,34,LDEBIT,GW-NIMBUS,Success,AED,2,163.951,163.951,0.0,2.0123,2.0128,0.8278,1.1845000000000003,602.11
20240705,202407,259,WALLET,GW-NILE,Failed,EGP,4,27.2903,0.0,0.0,0.0,0.0,0.032,-0.032,1312.37
20240705,202407,26,CARD,GW-ATLAS,Success,AED,56,23941.2798,23941.2798,0.0,347.1096,347.1105,353.209,-6.099400000000003,87924.35
20240705,202407,556,TOKEN,GW-ORION,Voided,AED,1,13.6773,0.0,0.0,0.0,0.0,0.0109,-0.0109,50.23
20240705,202407,368,CARD,GW-ATLAS,Failed,OMR,11,440.3641,0.0,0.0,0.0,0.0,0.2081,-0.2081,169.32
20240705,202407,285,TOKEN,GW-ATLAS,Failed,SAR,14,729.32,0.0,0.0,0.0,0.0,0.28,-0.28,2734.95
20240705,202407,284,LDEBIT,GW-NILE,Failed,EGP,1,4.9306,0.0,0.0,0.0,0.0,0.0079,-0.0079,237.11
20240706,202407,81,TOKEN,GW-ORION,Voided,AED,1,97.2498,0.0,0.0,0.0,0.0,0.0109,-0.0109,357.15
20240706,202407,278,LDEBIT,GW-NIMBUS,Success,SAR,6,221.752,221.752,0.0,3.0133,3.0145,1.2667,1.7466000000000002,831.57
20240706,202407,357,BNPL,GW-NILE,Success,EGP,66,453.8777,453.8777,0.0,15.6361,15.6361,13.5997,2.0364000000000004,21826.66
20240706,202407,487,CARD,GW-NILE,Success,EGP,7,77.6582,77.6582,0.0,2.6407,2.6407,1.3146,1.3260999999999998,3734.53
20240706,202407,527,BANKTR,GW-NILE,Refunded,EGP,6,92.8227,0.0,92.8227,0.0,0.0,0.9,-0.9,4463.78
20240707,202407,539,TOKEN,GW-NILE,Failed,EGP,1,5.6988,0.0,0.0,0.0,0.0,0.0079,-0.0079,274.05
20240707,202407,204,TOKEN,GW-ORION,Success,SAR,1,21.2827,21.2827,0.0,0.5813,0.5811,0.3413,0.24,79.81
20240707,202407,12,CARD,GW-ATLAS,Voided,OMR,4,152.0676,0.0,0.0,0.0,0.0,0.078,-0.078,58.47
20240707,202407,292,TOKEN,GW-ATLAS,Success,EGP,1,25.0706,25.0706,0.0,0.702,0.7019,0.4531,0.2488999999999999,1205.63
20240707,202407,181,CARD,GW-ORION,Refunded,AED,1,10.9707,0.0,10.9707,0.0,0.0,0.1498,-0.1498,40.29
20240707,202407,454,TOKEN,GW-ORION,Success,AED,10,362.7229,362.7229,0.0,10.0885,10.0891,5.4187,4.6698,1332.1
20240707,202407,417,LDEBIT,GW-NILE,Voided,EGP,21,173.6763,0.0,0.0,0.0,0.0,0.168,-0.168,8351.97
20240708,202407,500,TOKEN,GW-ATLAS,Success,EGP,221,1251.4326,1251.4326,0.0,51.1332,51.1332,35.2756,15.857600000000003,60180.52
20240708,202407,245,CARD,GW-ATLAS,Success,EGP,45,355.2302,355.2302,0.0,12.2724,12.2724,8.5092,3.7632,17082.77
20240708,202407,549,CARD,GW-ATLAS,Success,EGP,1,26.2268,26.2268,0.0,0.6496,0.6497,0.4564,0.1931999999999999,1261.23
20240708,202407,395,WALLET,GW-NILE,Failed,EGP,2,16.4789,0.0,0.0,0.0,0.0,0.016,-0.016,792.46
20240708,202407,160,LDEBIT,GW-NIMBUS,Success,SAR,5,420.5547,420.5547,0.0,5.416,5.4168,2.1173,3.2987,1577.08
20240709,202407,170,CARD,GW-NILE,Voided,EGP,1,28.6694,0.0,0.0,0.0,0.0,0.0079,-0.0079,1378.69
20240709,202407,405,TOKEN,GW-NILE,Success,EGP,5,50.6119,50.6119,0.0,1.7933,1.7933,0.9027,0.8906,2433.89
20240709,202407,205,WALLET,GW-NILE,Success,EGP,46,1399.5373,1399.5373,0.0,16.617,16.6171,12.9463,3.6707,67302.77
20240709,202407,204,CARD,GW-ORION,Failed,SAR,2,45.8693,0.0,0.0,0.0,0.0,0.024,-0.024,172.01
20240709,202407,409,LDEBIT,GW-NILE,Success,EGP,40,677.8768,677.8768,0.0,6.4428,6.4427,4.1454,2.2974,32598.62
20240709,202407,303,LDEBIT,GW-NIMBUS,Success,SAR,19,267.8187,267.8187,0.0,4.0187,4.0192,2.0613,1.9574,1004.32
20240709,202407,520,LDEBIT,GW-NIMBUS,Success,AED,20,268.6835,268.6835,0.0,4.2587,4.26,2.1103,2.1484,986.74
20240710,202407,459,TOKEN,GW-ORION,Refunded,SAR,1,38.256,0.0,38.256,0.0,0.0,0.1493,-0.1493,143.46
20240710,202407,284,CARD,GW-ATLAS,Failed,EGP,4,19.7223,0.0,0.0,0.0,0.0,0.0801,-0.0801,948.43
20240710,202407,365,CARD,GW-NILE,Success,EGP,7,62.7894,62.7894,0.0,2.2275,2.2275,1.1339,1.0936,3019.5
20240710,202407,446,CARD,GW-NIMBUS,Failed,OMR,31,1196.9051,0.0,0.0,0.0,0.0,0.4681,-0.4681,460.21
20240710,202407,387,LDEBIT,GW-NIMBUS,Voided,SAR,1,46.344,0.0,0.0,0.0,0.0,0.016,-0.016,173.79
20240710,202407,17,TOKEN,GW-NIMBUS,Failed,AED,1,39.0034,0.0,0.0,0.0,0.0,0.0163,-0.0163,143.24
20240710,202407,163,CARD,GW-ORION,Success,SAR,8,381.8427,381.8427,0.0,9.608,9.6091,5.3707,4.2373,1431.91
20240711,202407,154,CARD,GW-NIMBUS,Failed,SAR,17,3903.416,0.0,0.0,0.0,0.0,0.256,-0.256,14637.81
20240711,202407,233,CARD,GW-ATLAS,Success,EGP,2,223.9141,223.9141,0.0,5.2538,5.2537,3.4126,1.8412,10767.87
20240711,202407,400,LDEBIT,GW-NIMBUS,Voided,SAR,1,23.6213,0.0,0.0,0.0,0.0,0.016,-0.016,88.58
20240711,202407,321,CARD,GW-NILE,Success,EGP,5,90.8059,90.8059,0.0,2.7407,2.7407,1.3683,1.3723999999999998,4366.79
20240711,202407,457,TOKEN,GW-NIMBUS,Success,SAR,40,402.5867,402.5867,0.0,14.0133,14.0123,8.2373,5.776,1509.7
20240711,202407,5,TOKEN,GW-ATLAS,Success,EGP,2,30.5606,30.5606,0.0,0.9258,0.9257,0.6101,0.3157,1469.64
20240711,202407,363,TOKEN,GW-NIMBUS,Voided,AED,1,16.7788,0.0,0.0,0.0,0.0,0.0163,-0.0163,61.62
20240712,202407,403,CARD,GW-NIMBUS,Success,SAR,258,4778.0773,4778.0773,0.0,140.856,140.8561,81.2747,59.5813,17917.79
20240712,202407,467,CARD,GW-NIMBUS,Voided,SAR,1,63.344,0.0,0.0,0.0,0.0,0.016,-0.016,237.54
20240712,202407,268,LDEBIT,GW-NILE,Success,EGP,1,129.0156,129.0156,0.0,1.476,1.476,0.5575,0.9185,6204.27
20240712,202407,26,BNPL,GW-ATLAS,Failed,AED,5,1878.4942,0.0,0.0,0.0,0.0,0.1007,-0.1007,6898.77
20240713,202407,32,WALLET,GW-NILE,Success,EGP,20,290.3554,290.3554,0.0,6.3831,6.3832,3.0518,3.3313,13962.99
20240714,202407,285,CARD,GW-NIMBUS,Success,SAR,1856,96854.4667,96854.4667,0.0,1678.4613,1678.4607,1428.176,250.2853,363204.25
20240714,202407,93,CARD,GW-ORION,Refunded,AED,1,448.5528,0.0,448.5528,0.0,0.0,0.1498,-0.1498,1647.31
20240714,202407,408,WALLET,GW-NILE,Failed,EGP,1,8.8136,0.0,0.0,0.0,0.0,0.0079,-0.0079,423.84
20240714,202407,79,TOKEN,GW-ORION,Failed,SAR,1,45.1253,0.0,0.0,0.0,0.0,0.0107,-0.0107,169.22
20240714,202407,227,BANKTR,GW-NILE,Success,EGP,12,5049.1592,5049.1592,0.0,15.3907,15.3908,6.1481,9.2426,242810.53
20240714,202407,95,TOKEN,GW-ORION,Failed,AED,2,140.2097,0.0,0.0,0.0,0.0,0.0245,-0.0245,514.92
20240714,202407,46,WALLET,GW-NILE,Voided,EGP,3,24.4892,0.0,0.0,0.0,0.0,0.0239,-0.0239,1177.67
20240715,202407,214,LDEBIT,GW-NILE,Success,EGP,2,86.0674,86.0674,0.0,1.0888,1.0889,0.4186,0.6701999999999999,4138.92
20240715,202407,290,TOKEN,GW-NIMBUS,Success,AED,4,238.4561,238.4561,0.0,6.0722,6.0729,3.5997,2.4725,875.73
20240716,202407,478,TOKEN,GW-ORION,Success,SAR,2,482.728,482.728,0.0,10.816,10.8152,6.5387,4.2773,1810.23
20240716,202407,146,CARD,GW-ATLAS,Success,SAR,11,137.2427,137.2427,0.0,4.2667,4.2663,2.816,1.4507000000000003,514.66
20240716,202407,328,CARD,GW-NIMBUS,Success,AED,1,3688.678,3688.678,0.0,56.6916,56.6912,49.8625,6.829100000000004,13546.67
20240716,202407,399,LDEBIT,GW-NILE,Success,EGP,2,31.1901,31.1901,0.0,0.4698,0.4697,0.1963,0.2734999999999999,1499.91
20240716,202407,209,TOKEN,GW-ATLAS,Success,EGP,3,104.4948,104.4948,0.0,2.7472,2.7473,1.8021,0.9450999999999998,5025.08
20240716,202407,405,CARD,GW-ATLAS,Failed,EGP,1,12.8952,0.0,0.0,0.0,0.0,0.02,-0.02,620.12
20240716,202407,44,WALLET,GW-NILE,Voided,EGP,1,4.5025,0.0,0.0,0.0,0.0,0.0079,-0.0079,216.52
20240716,202407,417,CARD,GW-ATLAS,Success,EGP,2753,22827.3691,22827.3691,0.0,527.1584,527.1584,536.5451,-9.38670000000002,1097752.2
20240716,202407,409,CARD,GW-NILE,Failed,EGP,21,359.7547,0.0,0.0,0.0,0.0,0.168,-0.168,17300.35
20240717,202407,99,WALLET,GW-NILE,Success,EGP,2,112.7111,112.7111,0.0,2.2284,2.2284,0.983,1.2454,5420.2
20240717,202407,271,CARD,GW-NILE,Success,EGP,4,133.2904,133.2904,0.0,3.459,3.459,1.8314,1.6276000000000002,6409.84
20240717,202407,348,CARD,GW-NILE,Failed,EGP,5,32.8081,0.0,0.0,0.0,0.0,0.0399,-0.0399,1577.72
20240718,202407,331,CARD,GW-NIMBUS,Failed,AED,14,1020.5119,0.0,0.0,0.0,0.0,0.2097,-0.2097,3747.83
20240718,202407,68,LDEBIT,GW-NIMBUS,Success,SAR,13,691.7493,691.7493,0.0,8.592,8.5913,3.6987,4.8933,2594.06
20240719,202407,184,TOKEN,GW-ATLAS,Failed,EGP,5,21.3299,0.0,0.0,0.0,0.0,0.1,-0.1,1025.74
20240719,202407,492,CARD,GW-ORION,Success,SAR,12,2054.4667,2054.4667,0.0,46.3787,46.3777,27.0533,19.3254,7704.25
20240719,202407,122,CARD,GW-NIMBUS,Failed,AED,2,22.2628,0.0,0.0,0.0,0.0,0.03,-0.03,81.76
20240719,202407,556,CARD,GW-ATLAS,Failed,AED,17,232.4956,0.0,0.0,0.0,0.0,0.3404,-0.3404,853.84
20240719,202407,205,LDEBIT,GW-NILE,Voided,EGP,3,91.899,0.0,0.0,0.0,0.0,0.0239,-0.0239,4419.36
20240719,202407,120,LDEBIT,GW-NIMBUS,Refunded,SAR,16,1387.824,0.0,1387.824,0.0,0.0,2.4,-2.4,5204.34
20240719,202407,349,BNPL,GW-ATLAS,Success,AED,3,81.917,81.917,0.0,4.1007,4.1016,2.8918,1.2089,300.84
20240720,202407,474,CARD,GW-ATLAS,Failed,EGP,1,22.9987,0.0,0.0,0.0,0.0,0.02,-0.02,1105.99
20240721,202407,429,CARD,GW-NILE,Voided,EGP,1,26.0401,0.0,0.0,0.0,0.0,0.0079,-0.0079,1252.25
20240721,202407,455,CARD,GW-ATLAS,Failed,SAR,42,671.664,0.0,0.0,0.0,0.0,0.84,-0.84,2518.74
20240721,202407,197,CARD,GW-NILE,Failed,EGP,1,5.9146,0.0,0.0,0.0,0.0,0.0079,-0.0079,284.43
20240721,202407,252,CARD,GW-NIMBUS,Failed,SAR,1,45.6107,0.0,0.0,0.0,0.0,0.016,-0.016,171.04
20240722,202407,178,WALLET,GW-NILE,Success,EGP,6,159.1834,159.1834,0.0,3.188,3.1881,1.4993,1.6887,7655.02
20240722,202407,131,LDEBIT,GW-NIMBUS,Voided,SAR,2,62.1707,0.0,0.0,0.0,0.0,0.0293,-0.0293,233.14
20240722,202407,95,TOKEN,GW-ORION,Success,AED,3,178.3199,178.3199,0.0,4.3567,4.3568,2.5514,1.8053,654.88
20240722,202407,46,WALLET,GW-NILE,Voided,EGP,2,16.3261,0.0,0.0,0.0,0.0,0.016,-0.016,785.11
20240722,202407,63,LDEBIT,GW-NIMBUS,Failed,SAR,1,48.0373,0.0,0.0,0.0,0.0,0.016,-0.016,180.14
20240723,202407,536,CARD,GW-NILE,Success,EGP,2,285.849,285.849,0.0,6.38,6.3801,3.579,2.801,13746.28
20240723,202407,192,CARD,GW-ATLAS,Failed,EGP,4,5217.6634,0.0,0.0,0.0,0.0,0.0801,-0.0801,250913.78
20240723,202407,78,CARD,GW-NILE,Success,EGP,8,47.7391,47.7391,0.0,1.9293,1.9294,1.004,0.9253,2295.74
20240723,202407,385,CARD,GW-NILE,Success,EGP,11,440.6294,440.6294,0.0,11.2586,11.2586,5.9367,5.321899999999999,21189.56
20240723,202407,23,TOKEN,GW-ORION,Refunded,SAR,1,7.5787,0.0,7.5787,0.0,0.0,0.1493,-0.1493,28.42
20240723,202407,367,LDEBIT,GW-NIMBUS,Success,AED,1,85.5793,85.5793,0.0,1.0184,1.0192,0.4302,0.5882,314.29
20240723,202407,144,WALLET,GW-NILE,Success,EGP,1,43.126,43.126,0.0,0.7771,0.7771,0.3843,0.3928,2073.9
20240724,202407,259,WALLET,GW-NILE,Success,EGP,6,46.6671,46.6671,0.0,1.1853,1.1853,0.5881,0.5972000000000001,2244.19
20240725,202407,180,TOKEN,GW-NIMBUS,Refunded,AED,1,76.7951,0.0,76.7951,0.0,0.0,0.1498,-0.1498,282.03
20240725,202407,245,WALLET,GW-NILE,Failed,EGP,3,22.6801,0.0,0.0,0.0,0.0,0.0239,-0.0239,1090.67
20240726,202407,159,WALLET,GW-NILE,Failed,EGP,9,152.8255,0.0,0.0,0.0,0.0,0.0719,-0.0719,7349.27
20240726,202407,44,TOKEN,GW-ATLAS,Success,EGP,62,270.5978,270.5978,0.0,13.0314,13.0314,8.6795,4.351899999999999,13012.86
20240726,202407,184,LDEBIT,GW-NILE,Success,EGP,44,190.2388,190.2388,0.0,4.2983,4.2983,2.3105,1.9878,9148.45
20240727,202407,559,TOKEN,GW-NILE,Success,EGP,3,605.365,605.365,0.0,14.0659,14.066,7.7866,6.279299999999999,29111.58
20240727,202407,144,CARD,GW-ATLAS,Failed,EGP,1,41.1807,0.0,0.0,0.0,0.0,0.02,-0.02,1980.35
20240727,202407,542,CARD,GW-ATLAS,Failed,EGP,10,257.193,0.0,0.0,0.0,0.0,0.2,-0.2,12368.23
20240727,202407,152,LDEBIT,GW-NIMBUS,Voided,AED,3,77.3587,0.0,0.0,0.0,0.0,0.0463,-0.0463,284.1
20240727,202407,166,LDEBIT,GW-NIMBUS,Failed,SAR,1,62.008,0.0,0.0,0.0,0.0,0.016,-0.016,232.53
20240727,202407,150,LDEBIT,GW-NIMBUS,Failed,SAR,2,195.3253,0.0,0.0,0.0,0.0,0.0293,-0.0293,732.47
20240728,202407,125,TOKEN,GW-ORION,Failed,SAR,2,20.6987,0.0,0.0,0.0,0.0,0.024,-0.024,77.62
20240728,202407,246,CARD,GW-ATLAS,Success,EGP,17,101.1805,101.1805,0.0,3.926,3.926,2.7332,1.1928,4865.7
20240729,202407,474,CARD,GW-ATLAS,Failed,EGP,1,22.9987,0.0,0.0,0.0,0.0,0.02,-0.02,1105.99
20240729,202407,67,CARD,GW-ORION,Failed,SAR,3,32.9227,0.0,0.0,0.0,0.0,0.0373,-0.0373,123.46
20240729,202407,325,BANKTR,GW-NIMBUS,Success,OMR,4,7796.9311,7796.9311,0.0,18.3615,18.3654,5.3576,13.0039,2997.92
20240729,202407,413,CARD,GW-ATLAS,Success,EGP,101,654.4745,654.4745,0.0,25.2653,25.2652,17.0163,8.248999999999999,31473.22
20240730,202407,304,TOKEN,GW-ORION,Success,SAR,6,89.4053,89.4053,0.0,2.6267,2.6268,1.5467,1.08,335.27
20240730,202407,377,CARD,GW-ATLAS,Failed,OMR,1,12.1977,0.0,0.0,0.0,0.0,0.026,-0.026,4.69
20240730,202407,124,TOKEN,GW-ATLAS,Success,AED,6,178.0667,178.0667,0.0,4.8877,4.8876,3.1368,1.7508999999999997,653.95
20240730,202407,107,CARD,GW-ATLAS,Success,OMR,1,41.1704,41.1704,0.0,1.0143,1.0124,0.6762,0.3380999999999999,15.83
20240730,202407,544,CARD,GW-ATLAS,Success,OMR,1,57.8674,57.8674,0.0,1.4044,1.4151,0.9103,0.4941000000000001,22.25
20240731,202407,523,TOKEN,GW-NIMBUS,Success,OMR,1,683.173,683.173,0.0,14.9545,14.9453,9.6229,5.3316,262.68
20240801,202408,368,LDEBIT,GW-NIMBUS,Success,OMR,17,673.9142,673.9142,0.0,7.8804,7.8924,3.7971,4.0833,259.12
20240801,202408,308,CARD,GW-ATLAS,Success,OMR,10,2367.7243,2367.7243,0.0,57.5553,57.5649,35.2666,22.28870000000001,910.39
20240801,202408,178,WALLET,GW-NILE,Success,EGP,6,153.5283,153.5283,0.0,3.0861,3.0861,1.4535,1.6326,7437.28
20240801,202408,184,WALLET,GW-NILE,Voided,EGP,2,8.532,0.0,0.0,0.0,0.0,0.0161,-0.0161,413.31
20240802,202408,277,CARD,GW-ATLAS,Failed,EGP,1,6.9666,0.0,0.0,0.0,0.0,0.02,-0.02,337.48
20240802,202408,409,CARD,GW-NILE,Refunded,EGP,2,37.347,0.0,37.347,0.0,0.0,0.2999,-0.2999,1809.18
20240802,202408,395,LDEBIT,GW-NILE,Refunded,EGP,1,7.4197,0.0,7.4197,0.0,0.0,0.1501,-0.1501,359.43
20240802,202408,346,TOKEN,GW-ATLAS,Success,SAR,3,79.9653,79.9653,0.0,2.1413,2.1406,1.432,0.7093000000000003,299.87
20240802,202408,454,TOKEN,GW-ORION,Success,AED,10,376.7488,376.7488,0.0,10.4398,10.4386,5.6065,4.8333,1383.61
20240803,202408,162,CARD,GW-NILE,Voided,EGP,5,91.1059,0.0,0.0,0.0,0.0,0.04,-0.04,4413.39
20240803,202408,69,CARD,GW-NIMBUS,Success,AED,3,244.983,244.983,0.0,5.9796,5.979,3.5017,2.4778999999999995,899.7
20240803,202408,130,LDEBIT,GW-NILE,Failed,EGP,4,26.6005,0.0,0.0,0.0,0.0,0.032,-0.032,1288.59
20240803,202408,22,WALLET,GW-NILE,Failed,EGP,2,13.8474,0.0,0.0,0.0,0.0,0.0161,-0.0161,670.8
20240803,202408,388,TOKEN,GW-ORION,Success,AED,186,9521.3233,9521.3233,0.0,185.3479,185.3471,137.7018,47.64610000000002,34967.06
20240803,202408,26,TOKEN,GW-NIMBUS,Refunded,AED,2,643.1967,0.0,643.1967,0.0,0.0,0.2995,-0.2995,2362.14
20240804,202408,201,CARD,GW-ORION,Success,AED,14,1254.5024,1254.5024,0.0,30.9135,30.9132,16.9149,13.9986,4607.16
20240804,202408,5,WALLET,GW-NILE,Success,EGP,3,58.48,58.48,0.0,1.2309,1.2309,0.5786,0.6523000000000001,2832.91
20240805,202408,350,CARD,GW-ORION,Success,SAR,63,1657.4,1657.4,0.0,47.1227,47.1219,24.9973,22.125400000000003,6215.25
20240805,202408,458,WALLET,GW-NILE,Success,EGP,1,28.1991,28.1991,0.0,0.6081,0.6082,0.2634,0.3446999999999999,1366.03
20240805,202408,265,CARD,GW-NIMBUS,Failed,SAR,1,53.904,0.0,0.0,0.0,0.0,0.016,-0.016,202.14
20240805,202408,541,WALLET,GW-NILE,Refunded,EGP,4,69.2967,0.0,69.2967,0.0,0.0,0.6001,-0.6001,3356.9
20240805,202408,303,TOKEN,GW-ATLAS,Success,SAR,14,200.3547,200.3547,0.0,6.1973,6.1985,4.0667,2.1306000000000003,751.33
20240806,202408,313,LDEBIT,GW-NILE,Failed,EGP,1,49.7948,0.0,0.0,0.0,0.0,0.0081,-0.0081,2412.18
20240806,202408,141,TOKEN,GW-NIMBUS,Success,SAR,3,86.568,86.568,0.0,2.4747,2.474,1.408,1.0667,324.63
20240806,202408,15,BNPL,GW-ATLAS,Failed,AED,12,135.4636,0.0,0.0,0.0,0.0,0.2396,-0.2396,497.49
20240807,202408,43,TOKEN,GW-ATLAS,Success,AED,4,188.7461,188.7461,0.0,4.9449,4.945,3.1504,1.7944999999999998,693.17
20240807,202408,253,CARD,GW-NIMBUS,Voided,SAR,1,16.8907,0.0,0.0,0.0,0.0,0.016,-0.016,63.34
20240807,202408,288,LDEBIT,GW-NIMBUS,Success,SAR,41,404.7547,404.7547,0.0,6.7787,6.7791,3.6667,3.112,1517.83
20240807,202408,222,CARD,GW-ATLAS,Failed,EGP,1,100.3222,0.0,0.0,0.0,0.0,0.02,-0.02,4859.85
20240807,202408,26,TOKEN,GW-NIMBUS,Success,AED,14,5395.2267,5395.2267,0.0,80.049,80.0481,76.4438,3.6052000000000106,19813.97
20240807,202408,396,WALLET,GW-NILE,Failed,EGP,7,53.3601,0.0,0.0,0.0,0.0,0.0559,-0.0559,2584.89
20240808,202408,277,CARD,GW-ATLAS,Failed,EGP,7,48.7662,0.0,0.0,0.0,0.0,0.14,-0.14,2362.35
20240808,202408,53,TOKEN,GW-ATLAS,Success,OMR,2,64.5254,64.5254,0.0,1.7685,1.7767,1.1183,0.6501999999999999,24.81
20240808,202408,455,TOKEN,GW-ATLAS,Failed,SAR,11,175.912,0.0,0.0,0.0,0.0,0.2187,-0.2187,659.67
20240808,202408,487,LDEBIT,GW-NILE,Success,EGP,4,22.9615,22.9615,0.0,0.4876,0.4875,0.2331,0.2544999999999999,1112.31
20240809,202408,315,CARD,GW-ORION,Failed,SAR,43,586.8987,0.0,0.0,0.0,0.0,0.5173,-0.5173,2200.87
20240809,202408,162,CARD,GW-NILE,Refunded,EGP,7,147.1752,0.0,147.1752,0.0,0.0,1.0499,-1.0499,7129.52
20240809,202408,360,WALLET,GW-NILE,Success,EGP,5,29.6383,29.6383,0.0,0.7729,0.7728,0.4151,0.3578,1435.75
20240809,202408,241,WALLET,GW-NILE,Failed,EGP,2,14.7877,0.0,0.0,0.0,0.0,0.0161,-0.0161,716.35
20240810,202408,22,LDEBIT,GW-NILE,Failed,EGP,1,6.9237,0.0,0.0,0.0,0.0,0.0081,-0.0081,335.4
20240810,202408,226,WALLET,GW-NILE,Voided,EGP,11,65.3405,0.0,0.0,0.0,0.0,0.0879,-0.0879,3165.25
20240810,202408,34,LDEBIT,GW-NIMBUS,Failed,AED,1,83.8611,0.0,0.0,0.0,0.0,0.0163,-0.0163,307.98
20240810,202408,403,LDEBIT,GW-NIMBUS,Failed,SAR,9,164.1493,0.0,0.0,0.0,0.0,0.136,-0.136,615.56
20240811,202408,403,BNPL,GW-ATLAS,Success,SAR,52,986.1253,986.1253,0.0,47.4827,47.4819,35.12,12.362700000000004,3697.97
20240811,202408,286,LDEBIT,GW-NILE,Success,EGP,20,403.8943,403.8943,0.0,5.9997,5.9996,2.3358,3.6639,19565.61
20240811,202408,443,LDEBIT,GW-NIMBUS,Failed,SAR,1,17.6133,0.0,0.0,0.0,0.0,0.016,-0.016,66.05
20240811,202408,403,CARD,GW-NIMBUS,Failed,SAR,32,583.6427,0.0,0.0,0.0,0.0,0.48,-0.48,2188.66
20240811,202408,399,TOKEN,GW-NILE,Success,EGP,1,18.5131,18.5131,0.0,0.5561,0.5562,0.2863,0.2698,896.82
20240811,202408,32,CARD,GW-NILE,Success,EGP,49,608.8517,608.8517,0.0,19.0071,19.0071,9.9946,9.0125,29494.24
20240811,202408,177,CARD,GW-NIMBUS,Failed,OMR,1,17.9454,0.0,0.0,0.0,0.0,0.026,-0.026,6.9
20240811,202408,100,CARD,GW-ORION,Success,SAR,4,299.9307,299.9307,0.0,7.5733,7.5733,4.0827,3.4906,1124.74
20240812,202408,242,CARD,GW-NIMBUS,Success,SAR,3,493.4987,493.4987,0.0,12.0107,12.0109,6.856,5.1547,1850.62
20240812,202408,417,TOKEN,GW-NILE,Failed,EGP,35,289.4605,0.0,0.0,0.0,0.0,0.2799,-0.2799,14022.16
20240812,202408,274,CARD,GW-ORION,Success,SAR,32,674.1653,674.1653,0.0,19.3387,19.3395,10.5467,8.792,2528.12
20240812,202408,373,LDEBIT,GW-NIMBUS,Failed,SAR,1,18.704,0.0,0.0,0.0,0.0,0.016,-0.016,70.14
20240812,202408,95,TOKEN,GW-ORION,Success,AED,3,248.8958,248.8958,0.0,5.9632,5.9624,3.4881,2.4750999999999994,914.07
20240813,202408,222,CARD,GW-ATLAS,Failed,EGP,2,200.6443,0.0,0.0,0.0,0.0,0.04,-0.04,9719.69
20240813,202408,173,CARD,GW-ORION,Success,SAR,9,248.608,248.608,0.0,6.7467,6.7475,3.7227,3.024,932.28
20240813,202408,360,CARD,GW-NILE,Failed,EGP,1,8.3266,0.0,0.0,0.0,0.0,0.0081,-0.0081,403.36
20240813,202408,79,CARD,GW-ORION,Voided,SAR,1,45.1253,0.0,0.0,0.0,0.0,0.0107,-0.0107,169.22
20240813,202408,105,TOKEN,GW-NILE,Failed,EGP,1,5.7988,0.0,0.0,0.0,0.0,0.0081,-0.0081,280.91
20240814,202408,557,TOKEN,GW-ORION,Voided,SAR,1,45.7947,0.0,0.0,0.0,0.0,0.0107,-0.0107,171.73
20240814,202408,105,CARD,GW-ATLAS,Failed,EGP,8,46.3901,0.0,0.0,0.0,0.0,0.16,-0.16,2247.25
20240814,202408,187,TOKEN,GW-ATLAS,Success,EGP,1,9.6736,9.6736,0.0,0.3573,0.3574,0.2203,0.137,468.61
20240814,202408,204,TOKEN,GW-ORION,Success,SAR,3,48.8773,48.8773,0.0,1.408,1.4084,0.8293,0.5786999999999999,183.29
20240814,202408,76,BANKTR,GW-NIMBUS,Success,SAR,218,21793.5733,21793.5733,0.0,135.8,135.801,90.4667,45.33330000000001,81725.9
20240814,202408,299,LDEBIT,GW-NIMBUS,Success,SAR,39,4083.0693,4083.0693,0.0,31.9467,31.9472,20.128,11.8187,15311.51
20240814,202408,146,CARD,GW-ATLAS,Success,SAR,10,103.2373,103.2373,0.0,3.3893,3.3904,2.2453,1.144,387.14
20240814,202408,417,LDEBIT,GW-NILE,Voided,EGP,18,148.8655,0.0,0.0,0.0,0.0,0.1441,-0.1441,7211.4
20240814,202408,493,CARD,GW-ORION,Success,AED,8,300.2614,300.2614,0.0,7.8965,7.8961,4.324,3.5725,1102.71
20240815,202408,508,CARD,GW-ORION,Refunded,SAR,2,67.3547,0.0,67.3547,0.0,0.0,0.2987,-0.2987,252.58
20240815,202408,61,TOKEN,GW-ATLAS,Failed,EGP,1,144.4623,0.0,0.0,0.0,0.0,0.02,-0.02,6998.1
20240815,202408,475,CARD,GW-ATLAS,Voided,SAR,4,107.472,0.0,0.0,0.0,0.0,0.08,-0.08,403.02
20240816,202408,132,CARD,GW-ORION,Voided,SAR,1,14.5387,0.0,0.0,0.0,0.0,0.0107,-0.0107,54.52
20240816,202408,239,TOKEN,GW-ATLAS,Success,OMR,9,69.1287,69.1287,0.0,2.6528,2.6511,1.7165,0.9363,26.58
20240816,202408,4,CARD,GW-ATLAS,Failed,SAR,1,99.9173,0.0,0.0,0.0,0.0,0.0213,-0.0213,374.69
20240816,202408,184,TOKEN,GW-ATLAS,Failed,EGP,4,17.064,0.0,0.0,0.0,0.0,0.0801,-0.0801,826.62
20240816,202408,30,CARD,GW-ORION,Success,AED,17,497.2716,497.2716,0.0,13.5003,13.5007,7.3873,6.113,1826.23
20240816,202408,130,CARD,GW-ATLAS,Success,EGP,76,479.0227,479.0227,0.0,19.0695,19.0694,12.6082,6.461300000000001,23205.01
20240816,202408,300,LDEBIT,GW-NILE,Success,EGP,6,85.2968,85.2968,0.0,1.1989,1.199,0.5555,0.6434000000000001,4131.98
20240817,202408,304,CARD,GW-ORION,Failed,SAR,4,49.2,0.0,0.0,0.0,0.0,0.048,-0.048,184.5
20240817,202408,50,CARD,GW-ATLAS,Success,EGP,1,17.7167,17.7167,0.0,0.5349,0.5348,0.3324,0.2025,858.24
20240817,202408,556,CARD,GW-ATLAS,Voided,AED,1,13.6773,0.0,0.0,0.0,0.0,0.0191,-0.0191,50.23
20240817,202408,246,LDEBIT,GW-NILE,Success,EGP,2,12.8986,12.8986,0.0,0.2388,0.2388,0.1222,0.1166,624.84
20240817,202408,6,LDEBIT,GW-NIMBUS,Success,AED,9,501.2035,501.2035,0.0,6.3717,6.3712,2.6603,3.7114,1840.67
20240817,202408,42,TOKEN,GW-ORION,Success,SAR,15,163.8133,163.8133,0.0,5.5227,5.5229,3.072,2.4507000000000003,614.3
20240818,202408,446,CARD,GW-NIMBUS,Voided,OMR,1,38.6216,0.0,0.0,0.0,0.0,0.026,-0.026,14.85
20240818,202408,357,LDEBIT,GW-NILE,Failed,EGP,8,58.2244,0.0,0.0,0.0,0.0,0.064,-0.064,2820.53
20240818,202408,131,LDEBIT,GW-NIMBUS,Failed,SAR,4,124.344,0.0,0.0,0.0,0.0,0.0587,-0.0587,466.29
20240818,202408,412,CARD,GW-NIMBUS,Failed,SAR,1,53.6187,0.0,0.0,0.0,0.0,0.016,-0.016,201.07
20240818,202408,393,WALLET,GW-NILE,Success,EGP,1,21.7917,21.7917,0.0,0.4277,0.4278,0.2116,0.2161,1055.64
20240819,202408,449,WALLET,GW-NILE,Refunded,EGP,2,55.0637,0.0,55.0637,0.0,0.0,0.2999,-0.2999,2667.42
20240819,202408,545,CARD,GW-NILE,Success,EGP,11,357.0917,357.0917,0.0,8.4061,8.4061,4.9217,3.4844,17298.38
20240819,202408,459,CARD,GW-ATLAS,Failed,SAR,18,844.88,0.0,0.0,0.0,0.0,0.36,-0.36,3168.3
20240819,202408,147,TOKEN,GW-ORION,Success,AED,13,3587.0225,3587.0225,0.0,84.1253,84.1243,48.482,35.6433,13173.34
20240819,202408,484,TOKEN,GW-ORION,Success,SAR,2,66.0267,66.0267,0.0,1.8613,1.8607,0.9973,0.864,247.6
20240819,202408,286,TOKEN,GW-ATLAS,Success,EGP,4,45.6668,45.6668,0.0,1.5872,1.5872,0.9865,0.6006999999999999,2212.21
20240820,202408,452,CARD,GW-NIMBUS,Failed,SAR,1,385.4853,0.0,0.0,0.0,0.0,0.016,-0.016,1445.57
20240820,202408,285,TOKEN,GW-ATLAS,Success,SAR,496,25301.5813,25301.5813,0.0,448.128,448.1278,419.264,28.863999999999976,94880.93
20240820,202408,281,TOKEN,GW-NIMBUS,Success,SAR,7,230.0027,230.0027,0.0,6.4373,6.4368,3.6747,2.7625999999999995,862.51
20240820,202408,408,CARD,GW-NILE,Success,EGP,6,48.7305,48.7305,0.0,1.8428,1.8429,0.9102,0.9326,2360.62
20240820,202408,303,CARD,GW-NIMBUS,Voided,SAR,1,13.8,0.0,0.0,0.0,0.0,0.016,-0.016,51.75
20240821,202408,253,TOKEN,GW-ORION,Success,SAR,7,93.392,93.392,0.0,2.9867,2.9876,1.6587,1.3279999999999998,350.22
20240821,202408,206,LDEBIT,GW-NILE,Success,EGP,16,59.2677,59.2677,0.0,1.5557,1.5557,0.8001,0.7556,2871.07
20240821,202408,382,BANKTR,GW-NIMBUS,Success,SAR,300,11579.2613,11579.2613,0.0,150.0853,150.0849,115.2907,34.79459999999999,43422.23
20240821,202408,403,CARD,GW-NIMBUS,Voided,SAR,3,54.7173,0.0,0.0,0.0,0.0,0.0453,-0.0453,205.19
20240822,202408,114,TOKEN,GW-ORION,Voided,SAR,2,334.6853,0.0,0.0,0.0,0.0,0.024,-0.024,1255.07
20240822,202408,245,CARD,GW-ATLAS,Voided,EGP,1,7.5601,0.0,0.0,0.0,0.0,0.02,-0.02,366.23
20240822,202408,366,TOKEN,GW-NILE,Success,EGP,2,305.3693,305.3693,0.0,7.08,7.08,3.9536,3.1264000000000003,14792.82
20240823,202408,453,TOKEN,GW-NILE,Success,EGP,3,342.3061,342.3061,0.0,8.4195,8.4195,4.4721,3.947399999999999,16582.13
20240823,202408,277,WALLET,GW-NILE,Success,EGP,31,224.4819,224.4819,0.0,5.5503,5.5503,2.9032,2.6471,10874.44
20240823,202408,63,BNPL,GW-ATLAS,Success,SAR,2,102.8453,102.8453,0.0,4.992,4.9921,3.5947,1.3973,385.67
20240823,202408,320,LDEBIT,GW-NIMBUS,Success,OMR,3,25.7477,25.7477,0.0,0.4421,0.4518,0.2601,0.182,9.9
20240823,202408,18,LDEBIT,GW-NIMBUS,Failed,SAR,2,25.0133,0.0,0.0,0.0,0.0,0.0293,-0.0293,93.8
20240823,202408,402,CARD,GW-NIMBUS,Voided,OMR,1,25.9298,0.0,0.0,0.0,0.0,0.026,-0.026,9.97
20240823,202408,47,TOKEN,GW-NIMBUS,Success,SAR,1,109.4613,109.4613,0.0,2.784,2.7835,1.5973,1.1867,410.48
20240823,202408,556,BNPL,GW-ATLAS,Success,AED,28,418.5568,418.5568,0.0,19.4091,19.4085,15.0252,4.383899999999999,1537.15
20240823,202408,197,WALLET,GW-NILE,Success,EGP,5,28.9271,28.9271,0.0,0.8074,0.8074,0.4094,0.398,1401.3
20240824,202408,347,TOKEN,GW-ATLAS,Success,EGP,2,61.621,61.621,0.0,1.5625,1.5624,1.0796,0.4829000000000001,2985.07
20240824,202408,135,CARD,GW-ATLAS,Failed,SAR,23,255.2453,0.0,0.0,0.0,0.0,0.4587,-0.4587,957.17
20240824,202408,564,TOKEN,GW-NIMBUS,Success,SAR,6,59.608,59.608,0.0,2.0667,2.0666,1.224,0.8427,223.53
20240824,202408,129,CARD,GW-ATLAS,Success,AED,6,3349.8325,3349.8325,0.0,75.9374,75.9377,49.2852,26.652199999999997,12302.26
20240824,202408,66,WALLET,GW-NILE,Refunded,EGP,1,7.5533,0.0,7.5533,0.0,0.0,0.1501,-0.1501,365.9
20240824,202408,541,WALLET,GW-NILE,Voided,EGP,4,95.7601,0.0,0.0,0.0,0.0,0.032,-0.032,4638.85
20240825,202408,455,BNPL,GW-ATLAS,Voided,SAR,1,15.992,0.0,0.0,0.0,0.0,0.0213,-0.0213,59.97
20240825,202408,328,BANKTR,GW-NIMBUS,Success,AED,1,4280.9122,4280.9122,0.0,9.1954,9.1959,2.5051,6.690299999999999,15721.65
20240825,202408,563,CARD,GW-NIMBUS,Success,AED,11,300.4248,300.4248,0.0,8.3077,8.3081,4.7706,3.537100000000001,1103.31
20240825,202408,435,TOKEN,GW-NIMBUS,Success,SAR,1,51.744,51.744,0.0,1.3467,1.346,0.7893,0.5574,194.04
20240826,202408,417,WALLET,GW-NILE,Voided,EGP,8,66.1625,0.0,0.0,0.0,0.0,0.064,-0.064,3205.07
20240826,202408,455,BNPL,GW-ATLAS,Voided,SAR,1,15.992,0.0,0.0,0.0,0.0,0.0213,-0.0213,59.97
20240827,202408,516,CARD,GW-ORION,Success,SAR,747,25793.256,25793.256,0.0,408.44,408.4413,375.1173,33.3227,96724.71
20240827,202408,396,LDEBIT,GW-NILE,Success,EGP,49,381.1878,381.1878,0.0,6.4524,6.4525,3.2587,3.1937,18465.65
20240827,202408,463,CARD,GW-NIMBUS,Success,AED,21,1534.9326,1534.9326,0.0,34.9925,34.9936,22.0858,12.9067,5637.04
20240827,202408,93,CARD,GW-ORION,Failed,AED,3,1547.7713,0.0,0.0,0.0,0.0,0.0354,-0.0354,5684.19
20240827,202408,387,CARD,GW-ORION,Voided,SAR,1,46.344,0.0,0.0,0.0,0.0,0.0107,-0.0107,173.79
20240827,202408,376,TOKEN,GW-ATLAS,Success,EGP,3,700.1674,700.1674,0.0,16.3759,16.3758,10.8085,5.567400000000001,33917.79
20240827,202408,187,CARD,GW-NILE,Success,EGP,1,20.9655,20.9655,0.0,0.6399,0.64,0.3078,0.3321,1015.62
20240828,202408,449,CARD,GW-NILE,Success,EGP,11,401.8197,401.8197,0.0,10.4906,10.4905,5.465,5.025600000000001,19465.11
20240828,202408,360,LDEBIT,GW-NILE,Success,EGP,3,24.5646,24.5646,0.0,0.4147,0.4148,0.2046,0.2101,1189.97
20240828,202408,281,CARD,GW-NIMBUS,Voided,SAR,1,34.312,0.0,0.0,0.0,0.0,0.016,-0.016,128.67
20240828,202408,135,CARD,GW-ATLAS,Refunded,SAR,1,13.1653,0.0,13.1653,0.0,0.0,0.1493,-0.1493,49.37
20240828,202408,131,LDEBIT,GW-NIMBUS,Success,SAR,54,1684.8373,1684.8373,0.0,16.552,16.5515,10.0107,6.5413,6318.14
20240828,202408,162,LDEBIT,GW-NILE,Success,EGP,338,6058.6257,6058.6257,0.0,56.2749,56.2748,36.3675,19.907400000000003,293494.37
20240829,202408,534,TOKEN,GW-NIMBUS,Voided,SAR,1,32.7867,0.0,0.0,0.0,0.0,0.016,-0.016,122.95
20240829,202408,29,TOKEN,GW-ATLAS,Success,EGP,1,18.881,18.881,0.0,0.5805,0.5804,0.3594,0.2211,914.64
20240829,202408,379,TOKEN,GW-ATLAS,Success,AED,17,235.0633,235.0633,0.0,7.518,7.5182,4.8114,2.7066,863.27
20240829,202408,29,WALLET,GW-NILE,Success,EGP,2,25.0725,25.0725,0.0,0.6001,0.6002,0.2731,0.3269999999999999,1214.57
20240829,202408,541,TOKEN,GW-ATLAS,Success,EGP,112,2665.1126,2665.1126,0.0,45.0025,45.0025,48.5845,-3.5820000000000007,129104.45
20240829,202408,360,LDEBIT,GW-NILE,Success,EGP,8,82.9544,82.9544,0.0,1.2943,1.2942,0.616,0.6783,4018.51
20240829,202408,387,LDEBIT,GW-NIMBUS,Success,SAR,58,2639.3227,2639.3227,0.0,31.7467,31.7478,14.488,17.2587,9897.46
20240829,202408,93,CARD,GW-ORION,Success,AED,22,10866.1348,10866.1348,0.0,260.7052,260.7053,140.6127,120.0925,39905.88
20240830,202408,556,BNPL,GW-ATLAS,Success,AED,39,514.0123,514.0123,0.0,23.8339,23.8348,18.5432,5.290700000000001,1887.71
20240830,202408,240,BNPL,GW-ATLAS,Success,SAR,12,587.872,587.872,0.0,26.7253,26.7247,20.5573,6.167999999999999,2204.52
20240830,202408,388,TOKEN,GW-ORION,Failed,AED,9,446.7039,0.0,0.0,0.0,0.0,0.1089,-0.1089,1640.52
20240830,202408,166,CARD,GW-ORION,Failed,SAR,1,62.008,0.0,0.0,0.0,0.0,0.0107,-0.0107,232.53
20240830,202408,154,TOKEN,GW-ORION,Failed,SAR,1,229.6133,0.0,0.0,0.0,0.0,0.0107,-0.0107,861.05
20240830,202408,20,CARD,GW-ORION,Failed,AED,2,60.1389,0.0,0.0,0.0,0.0,0.0245,-0.0245,220.86
20240830,202408,152,CARD,GW-ORION,Failed,AED,50,1289.3097,0.0,0.0,0.0,0.0,0.599,-0.599,4734.99
20240831,202408,272,CARD,GW-ATLAS,Failed,AED,3,245.5003,0.0,0.0,0.0,0.0,0.0599,-0.0599,901.6
20240831,202408,353,CARD,GW-ATLAS,Failed,OMR,1,46.3459,0.0,0.0,0.0,0.0,0.026,-0.026,17.82
20240831,202408,350,CARD,GW-ORION,Failed,SAR,3,82.7147,0.0,0.0,0.0,0.0,0.0373,-0.0373,310.18
20240831,202408,541,TOKEN,GW-ATLAS,Voided,EGP,1,23.94,0.0,0.0,0.0,0.0,0.02,-0.02,1159.71
20240901,202409,163,TOKEN,GW-ORION,Success,SAR,5,318.744,318.744,0.0,8.016,8.016,4.536,3.4800000000000004,1195.29
20240901,202409,89,LDEBIT,GW-NIMBUS,Success,AED,3,327.1559,327.1559,0.0,3.9238,3.9246,1.6065,2.3173,1201.48
20240901,202409,479,LDEBIT,GW-NIMBUS,Voided,OMR,2,20.2341,0.0,0.0,0.0,0.0,0.026,-0.026,7.78
20240901,202409,520,CARD,GW-NIMBUS,Success,AED,28,397.5466,397.5466,0.0,12.6236,12.6242,7.1858,5.437799999999999,1459.99
20240901,202409,535,CARD,GW-ATLAS,Failed,AED,1,158.3227,0.0,0.0,0.0,0.0,0.0191,-0.0191,581.44
20240902,202409,284,TOKEN,GW-NILE,Voided,EGP,1,4.9305,0.0,0.0,0.0,0.0,0.0081,-0.0081,237.84
20240902,202409,481,CARD,GW-ATLAS,Success,SAR,41,1135.928,1135.928,0.0,28.7493,28.7496,19.5947,9.154600000000002,4259.73
20240902,202409,75,WALLET,GW-NILE,Success,EGP,1,10.3402,10.3402,0.0,0.2463,0.2463,0.1188,0.1275,498.8
20240902,202409,322,TOKEN,GW-NILE,Success,EGP,2,140.7148,140.7148,0.0,3.6645,3.6644,1.879,1.7855,6787.9
20240902,202409,499,CARD,GW-ORION,Success,SAR,2,285.336,285.336,0.0,6.5413,6.5416,3.776,2.7653,1070.01
20240902,202409,553,TOKEN,GW-NILE,Failed,EGP,1,55.1354,0.0,0.0,0.0,0.0,0.0081,-0.0081,2659.66
20240903,202409,350,LDEBIT,GW-NIMBUS,Success,SAR,44,1302.272,1302.272,0.0,17.8933,17.8942,7.84,10.0533,4883.52
20240903,202409,67,TOKEN,GW-ATLAS,Success,SAR,4,50.2267,50.2267,0.0,1.608,1.6069,1.056,0.552,188.35
20240903,202409,144,CARD,GW-ATLAS,Success,EGP,6,238.5238,238.5238,0.0,5.6366,5.6366,3.9217,1.7148999999999996,11506.08
20240903,202409,197,WALLET,GW-NILE,Success,EGP,5,26.6889,26.6889,0.0,0.7654,0.7654,0.3912,0.3742,1287.44
20240903,202409,433,WALLET,GW-NILE,Voided,EGP,1,10.2683,0.0,0.0,0.0,0.0,0.0081,-0.0081,495.33
20240903,202409,345,CARD,GW-ORION,Voided,AED,58,1002.369,0.0,0.0,0.0,0.0,0.6971,-0.6971,3681.2
20240904,202409,376,TOKEN,GW-ATLAS,Success,EGP,1,205.3528,205.3528,0.0,4.8148,4.8149,3.179,1.6358,9905.95
20240904,202409,372,TOKEN,GW-ATLAS,Failed,EGP,1,5.484,0.0,0.0,0.0,0.0,0.0199,-0.0199,264.54
20240904,202409,513,TOKEN,GW-NIMBUS,Success,OMR,9,282.9649,282.9649,0.0,7.1521,7.1419,4.5514,2.6007,108.8
20240904,202409,274,TOKEN,GW-ORION,Refunded,SAR,1,29.624,0.0,29.624,0.0,0.0,0.1493,-0.1493,111.09
20240904,202409,317,LDEBIT,GW-NILE,Success,EGP,2,55.5896,55.5896,0.0,0.7115,0.7115,0.2952,0.4163,2681.57
20240905,202409,433,TOKEN,GW-ATLAS,Failed,EGP,5,51.3416,0.0,0.0,0.0,0.0,0.0999,-0.0999,2476.65
20240905,202409,191,CARD,GW-ORION,Success,SAR,431,5129.0747,5129.0747,0.0,157.8373,157.8374,91.4,66.4373,19234.03
20240905,202409,140,CARD,GW-ATLAS,Failed,EGP,1,83.3884,0.0,0.0,0.0,0.0,0.0199,-0.0199,4022.55
20240905,202409,357,CARD,GW-ATLAS,Refunded,EGP,1,5.4521,0.0,5.4521,0.0,0.0,0.1501,-0.1501,263.0
20240906,202409,381,CARD,GW-ATLAS,Voided,EGP,1,28.1598,0.0,0.0,0.0,0.0,0.0199,-0.0199,1358.39
20240907,202409,206,TOKEN,GW-ATLAS,Success,EGP,9,38.9061,38.9061,0.0,1.9165,1.9165,1.2542,0.6623000000000001,1876.78
20240907,202409,542,TOKEN,GW-NILE,Failed,EGP,1,25.7194,0.0,0.0,0.0,0.0,0.0081,-0.0081,1240.67
20240907,202409,273,TOKEN,GW-NIMBUS,Success,SAR,1,500.4267,500.4267,0.0,11.8613,11.86,7.072,4.7893,1876.6
20240908,202409,504,CARD,GW-ORION,Failed,SAR,3,38.328,0.0,0.0,0.0,0.0,0.0373,-0.0373,143.73
20240908,202409,264,CARD,GW-NIMBUS,Success,AED,26,391.8121,391.8121,0.0,11.4717,11.4706,6.9789,4.4928,1438.93
20240908,202409,317,LDEBIT,GW-NILE,Success,EGP,5,109.4387,109.4387,0.0,1.4538,1.4538,0.6182,0.8356,5279.18
20240908,202409,387,CARD,GW-ORION,Success,SAR,120,5492.1973,5492.1973,0.0,134.8613,134.8605,77.5493,57.312,20595.74
20240909,202409,581,CARD,GW-NILE,Voided,EGP,27,187.6599,0.0,0.0,0.0,0.0,0.216,-0.216,9052.47
20240909,202409,163,CARD,GW-ORION,Success,SAR,12,528.52,528.52,0.0,13.392,13.393,7.4907,5.901299999999999,1981.95
20240909,202409,100,LDEBIT,GW-NIMBUS,Success,SAR,4,310.4107,310.4107,0.0,3.832,3.8314,1.576,2.256,1164.04
20240909,202409,86,CARD,GW-NILE,Success,EGP,104,876.8808,876.8808,0.0,32.7105,32.7105,16.1661,16.544400000000003,42299.59
20240910,202409,433,BNPL,GW-NILE,Success,EGP,24,275.7243,275.7243,0.0,12.3028,12.3028,8.1329,4.1699,13300.58
20240910,202409,580,LDEBIT,GW-NIMBUS,Success,SAR,3,202.0987,202.0987,0.0,2.5147,2.5155,1.0453,1.4694,757.87
20240910,202409,363,TOKEN,GW-NIMBUS,Success,AED,45,716.9285,716.9285,0.0,20.531,20.5305,12.9612,7.569799999999999,2632.92
20240911,202409,171,BNPL,GW-NILE,Failed,EGP,4,186.1657,0.0,0.0,0.0,0.0,0.0319,-0.0319,8980.39
20240911,202409,459,CARD,GW-ATLAS,Voided,SAR,2,93.8747,0.0,0.0,0.0,0.0,0.04,-0.04,352.03
20240911,202409,223,TOKEN,GW-ORION,Success,AED,54,547.6978,547.6978,0.0,17.5521,17.5534,10.4969,7.055199999999999,2011.42
20240911,202409,164,CARD,GW-ATLAS,Success,EGP,301,2502.8483,2502.8483,0.0,89.0671,89.0671,58.7655,30.301599999999997,120734.15
20240911,202409,500,CARD,GW-NILE,Voided,EGP,9,51.3428,0.0,0.0,0.0,0.0,0.0719,-0.0719,2476.71
20240911,202409,441,CARD,GW-NIMBUS,Success,AED,54,801.8652,801.8652,0.0,23.6732,23.6745,14.3363,9.336900000000002,2944.85
20240911,202409,373,TOKEN,GW-ORION,Success,SAR,2,39.92,39.92,0.0,1.152,1.1533,0.6507,0.5013,149.7
20240912,202409,308,LDEBIT,GW-NIMBUS,Success,OMR,1,196.2029,196.2029,0.0,2.3407,2.3416,0.9363,1.4044,75.44
20240912,202409,126,LDEBIT,GW-NIMBUS,Failed,OMR,1,12.8999,0.0,0.0,0.0,0.0,0.026,-0.026,4.96
20240912,202409,435,CARD,GW-NIMBUS,Success,SAR,4,200.928,200.928,0.0,5.1333,5.1339,2.9733,2.16,753.48
20240912,202409,190,CARD,GW-ORION,Failed,SAR,2,110.3227,0.0,0.0,0.0,0.0,0.024,-0.024,413.71
20240912,202409,430,CARD,GW-NIMBUS,Success,SAR,19,333.8,333.8,0.0,10.112,10.113,5.7413,4.3707,1251.75
20240912,202409,486,TOKEN,GW-ORION,Success,SAR,2,61.8133,61.8133,0.0,1.7733,1.7739,0.9413,0.8320000000000001,231.8
20240913,202409,483,CARD,GW-ATLAS,Success,EGP,611,5111.9043,5111.9043,0.0,127.4182,127.4183,119.7456,7.672600000000003,246591.62
20240913,202409,169,TOKEN,GW-NILE,Failed,EGP,2,164.6027,0.0,0.0,0.0,0.0,0.016,-0.016,7940.22
20240913,202409,357,BNPL,GW-NILE,Voided,EGP,2,14.5562,0.0,0.0,0.0,0.0,0.016,-0.016,702.17
20240913,202409,182,WALLET,GW-NILE,Success,EGP,1,13.0723,13.0723,0.0,0.311,0.3109,0.141,0.17,630.59
20240914,202409,12,CARD,GW-ATLAS,Success,OMR,411,15379.8179,15379.8179,0.0,235.0585,235.0664,254.6424,-19.5839,5913.54
20240914,202409,453,CARD,GW-NILE,Refunded,EGP,2,183.4823,0.0,183.4823,0.0,0.0,0.3,-0.3,8850.95
20240914,202409,66,LDEBIT,GW-NILE,Success,EGP,4,22.3178,22.3178,0.0,0.4627,0.4626,0.2303,0.2324,1076.58
20240914,202409,498,TOKEN,GW-NILE,Success,EGP,2,75.4716,75.4716,0.0,2.0046,2.0047,1.057,0.9476,3640.65
20240915,202409,11,LDEBIT,GW-NIMBUS,Failed,SAR,2,44.856,0.0,0.0,0.0,0.0,0.0293,-0.0293,168.21
20240915,202409,310,CARD,GW-ORION,Success,SAR,8,1834.328,1834.328,0.0,42.128,42.1274,23.992,18.136,6878.73
20240915,202409,158,CARD,GW-NIMBUS,Success,AED,6,1082.8237,1082.8237,0.0,27.7223,27.7222,15.0088,12.7135,3976.67
20240915,202409,375,TOKEN,GW-NILE,Failed,EGP,2,52.2274,0.0,0.0,0.0,0.0,0.016,-0.016,2519.38
20240915,202409,433,WALLET,GW-NILE,Voided,EGP,1,10.2683,0.0,0.0,0.0,0.0,0.0081,-0.0081,495.33
20240915,202409,139,WALLET,GW-NILE,Success,EGP,2,10.027,10.027,0.0,0.3,0.3,0.1511,0.1488999999999999,483.69
20240915,202409,131,TOKEN,GW-ATLAS,Failed,SAR,1,31.0853,0.0,0.0,0.0,0.0,0.0213,-0.0213,116.57
20240915,202409,521,TOKEN,GW-ATLAS,Refunded,SAR,1,37.2853,0.0,37.2853,0.0,0.0,0.1493,-0.1493,139.82
20240916,202409,571,WALLET,GW-NILE,Success,EGP,90,1701.4391,1701.4391,0.0,24.9333,24.9333,16.9316,8.0017,82075.21
20240916,202409,122,TOKEN,GW-NIMBUS,Refunded,AED,1,18.8264,0.0,18.8264,0.0,0.0,0.1498,-0.1498,69.14
20240916,202409,220,BNPL,GW-NILE,Success,EGP,9,317.3056,317.3056,0.0,13.5966,13.5965,9.2104,4.3862000000000005,15306.41
20240916,202409,403,CARD,GW-NIMBUS,Refunded,SAR,1,16.056,0.0,16.056,0.0,0.0,0.1493,-0.1493,60.21
20240917,202409,237,LDEBIT,GW-NIMBUS,Failed,SAR,1,524.0373,0.0,0.0,0.0,0.0,0.016,-0.016,1965.14
20240917,202409,559,WALLET,GW-NILE,Success,EGP,4,490.1913,490.1913,0.0,8.9254,8.9254,4.1106,4.8148,23646.19
20240917,202409,446,TOKEN,GW-NIMBUS,Failed,OMR,3,115.8388,0.0,0.0,0.0,0.0,0.052,-0.052,44.54
20240917,202409,41,LDEBIT,GW-NIMBUS,Refunded,AED,1,38.4044,0.0,38.4044,0.0,0.0,0.1498,-0.1498,141.04
20240918,202409,135,CARD,GW-ATLAS,Failed,SAR,33,366.2213,0.0,0.0,0.0,0.0,0.6613,-0.6613,1373.33
20240918,202409,384,CARD,GW-ATLAS,Success,AED,23,303.4908,303.4908,0.0,9.8598,9.8596,6.1266,3.7332,1114.57
20240918,202409,455,TOKEN,GW-ATLAS,Failed,SAR,5,79.96,0.0,0.0,0.0,0.0,0.1013,-0.1013,299.85
20240919,202409,510,CARD,GW-ORION,Success,SAR,3,196.6,196.6,0.0,4.8427,4.8434,2.6987,2.144,737.25
20240919,202409,165,LDEBIT,GW-NIMBUS,Success,AED,68,899.0606,899.0606,0.0,14.034,14.0331,7.1069,6.9271,3301.8
20240920,202409,532,CARD,GW-ORION,Success,SAR,13,707.8053,707.8053,0.0,17.6453,17.6445,9.848,7.797299999999998,2654.27
20240920,202409,317,LDEBIT,GW-NILE,Refunded,EGP,1,30.4909,0.0,30.4909,0.0,0.0,0.1501,-0.1501,1470.84
20240920,202409,480,CARD,GW-NIMBUS,Success,OMR,38,2697.6333,2697.6333,0.0,41.0663,41.0694,38.8817,2.184599999999996,1037.24
20240920,202409,259,LDEBIT,GW-NILE,Success,EGP,14,98.4127,98.4127,0.0,1.8406,1.8406,0.8885,0.9521,4747.3
20240920,202409,518,TOKEN,GW-NILE,Success,EGP,1,47.5143,47.5143,0.0,1.2563,1.2563,0.6518,0.6044999999999999,2292.03
20240920,202409,569,LDEBIT,GW-NIMBUS,Refunded,AED,1,10.7012,0.0,10.7012,0.0,0.0,0.1498,-0.1498,39.3
20240920,202409,483,WALLET,GW-NILE,Failed,EGP,29,245.2844,0.0,0.0,0.0,0.0,0.232,-0.232,11832.2
20240920,202409,556,CARD,GW-ATLAS,Refunded,AED,5,66.2165,0.0,66.2165,0.0,0.0,0.7488,-0.7488,243.18
20240921,202409,42,LDEBIT,GW-NIMBUS,Failed,SAR,4,40.0293,0.0,0.0,0.0,0.0,0.0587,-0.0587,150.11
20240921,202409,333,LDEBIT,GW-NIMBUS,Success,AED,2,224.6099,224.6099,0.0,2.8237,2.8238,1.1001,1.7236,824.88
20240922,202409,112,CARD,GW-NIMBUS,Success,SAR,2,319.2213,319.2213,0.0,7.8933,7.8937,4.44,3.4533,1197.08
20240922,202409,230,CARD,GW-NIMBUS,Success,AED,4,201.3615,201.3615,0.0,5.2172,5.2166,2.9789,2.2383,739.5
20240922,202409,388,CARD,GW-NIMBUS,Voided,AED,14,694.8727,0.0,0.0,0.0,0.0,0.2097,-0.2097,2551.92
20240922,202409,284,LDEBIT,GW-NILE,Success,EGP,38,180.8301,180.8301,0.0,4.1315,4.1315,2.0625,2.069,8723.01
20240922,202409,552,BNPL,GW-ATLAS,Voided,SAR,1,16.0853,0.0,0.0,0.0,0.0,0.0213,-0.0213,60.32
20240923,202409,345,CARD,GW-ORION,Failed,AED,487,8416.4411,0.0,0.0,0.0,0.0,5.8434,-5.8434,30909.38
20240923,202409,403,CARD,GW-NIMBUS,Failed,SAR,37,674.8373,0.0,0.0,0.0,0.0,0.5547,-0.5547,2530.64
20240923,202409,392,BANKTR,GW-NILE,Voided,EGP,4,213.8273,0.0,0.0,0.0,0.0,0.0319,-0.0319,10314.75
20240923,202409,202,LDEBIT,GW-NIMBUS,Failed,SAR,2,19.4907,0.0,0.0,0.0,0.0,0.0293,-0.0293,73.09
20240923,202409,26,BNPL,GW-ATLAS,Failed,AED,6,2254.192,0.0,0.0,0.0,0.0,0.1198,-0.1198,8278.52
20240923,202409,396,CARD,GW-NILE,Failed,EGP,22,167.7029,0.0,0.0,0.0,0.0,0.176,-0.176,8089.77
20240923,202409,300,WALLET,GW-NILE,Failed,EGP,1,12.1564,0.0,0.0,0.0,0.0,0.0081,-0.0081,586.41
20240924,202409,577,LDEBIT,GW-NIMBUS,Success,AED,13,528.9312,528.9312,0.0,4.6099,4.6095,2.9653,1.6445999999999996,1942.5
20240924,202409,42,LDEBIT,GW-NIMBUS,Failed,SAR,2,20.0133,0.0,0.0,0.0,0.0,0.0293,-0.0293,75.05
20240924,202409,484,CARD,GW-ATLAS,Success,SAR,12,426.5547,426.5547,0.0,11.688,11.6893,7.1067,4.581300000000001,1599.58
20240924,202409,180,TOKEN,GW-NIMBUS,Failed,AED,1,60.0163,0.0,0.0,0.0,0.0,0.0163,-0.0163,220.41
20240924,202409,332,TOKEN,GW-ATLAS,Success,EGP,4,833.7466,833.7466,0.0,13.3445,13.3445,12.9023,0.4421999999999997,40218.85
20240925,202409,239,TOKEN,GW-ATLAS,Failed,OMR,1,7.8804,0.0,0.0,0.0,0.0,0.026,-0.026,3.03
20240925,202409,304,LDEBIT,GW-NIMBUS,Success,SAR,7,69.944,69.944,0.0,1.1093,1.1082,0.6293,0.48,262.29
20240925,202409,198,TOKEN,GW-ORION,Refunded,AED,3,132.806,0.0,132.806,0.0,0.0,0.4493,-0.4493,487.73
20240925,202409,288,TOKEN,GW-NIMBUS,Failed,SAR,1,9.7147,0.0,0.0,0.0,0.0,0.016,-0.016,36.43
20240925,202409,148,BANKTR,GW-NIMBUS,Success,SAR,32,2872.2373,2872.2373,0.0,19.4133,19.4143,13.1173,6.295999999999999,10770.89
20240925,202409,316,LDEBIT,GW-NIMBUS,Success,SAR,5,49.1893,49.1893,0.0,0.7787,0.7776,0.4453,0.3334,184.46
20240925,202409,433,TOKEN,GW-ATLAS,Failed,EGP,5,51.3416,0.0,0.0,0.0,0.0,0.0999,-0.0999,2476.65
20240925,202409,35,LDEBIT,GW-NIMBUS,Success,SAR,9,763.1093,763.1093,0.0,9.4213,9.4206,3.84,5.581300000000001,2861.66
20240926,202409,293,CARD,GW-ATLAS,Success,AED,10,595.2212,595.2212,0.0,15.3247,15.3234,9.4187,5.906000000000001,2185.95
20240926,202409,506,TOKEN,GW-ORION,Success,SAR,30,314.8693,314.8693,0.0,10.6293,10.6293,5.9733,4.656000000000001,1180.76
20240926,202409,445,CARD,GW-NIMBUS,Success,SAR,3,3941.32,3941.32,0.0,57.4373,57.438,53.4027,4.0345999999999975,14779.95
20240927,202409,539,WALLET,GW-NILE,Success,EGP,8,55.0355,55.0355,0.0,1.3701,1.3701,0.7258,0.6443000000000001,2654.84
20240927,202409,206,CARD,GW-NILE,Failed,EGP,8,34.708,0.0,0.0,0.0,0.0,0.0641,-0.0641,1674.27
20240927,202409,97,TOKEN,GW-ATLAS,Failed,AED,1,11.7059,0.0,0.0,0.0,0.0,0.0191,-0.0191,42.99
20240927,202409,433,BNPL,GW-NILE,Success,EGP,40,388.1406,388.1406,0.0,17.3189,17.3188,11.4984,5.820499999999999,18723.4
20240928,202409,190,CARD,GW-ORION,Failed,SAR,5,275.8027,0.0,0.0,0.0,0.0,0.0587,-0.0587,1034.26
20240928,202409,432,TOKEN,GW-ORION,Failed,AED,2,126.0749,0.0,0.0,0.0,0.0,0.0245,-0.0245,463.01
20240928,202409,372,TOKEN,GW-ATLAS,Success,EGP,3,12.218,12.218,0.0,0.6068,0.6068,0.4067,0.2001,589.38
20240928,202409,591,LDEBIT,GW-NIMBUS,Failed,SAR,1,12.5147,0.0,0.0,0.0,0.0,0.016,-0.016,46.93
20240928,202409,159,LDEBIT,GW-NILE,Success,EGP,34,602.6178,602.6178,0.0,8.913,8.9129,3.6307,5.2823,29069.5
20240928,202409,455,BNPL,GW-ATLAS,Success,SAR,72,1085.6853,1085.6853,0.0,28.3787,28.3798,38.96,-10.581300000000002,4071.32
20240929,202409,527,BANKTR,GW-NILE,Voided,EGP,3,45.1295,0.0,0.0,0.0,0.0,0.024,-0.024,2176.99
20240929,202409,32,BNPL,GW-NILE,Failed,EGP,2,25.9358,0.0,0.0,0.0,0.0,0.016,-0.016,1251.11
20240930,202409,63,TOKEN,GW-NIMBUS,Success,SAR,3,131.7787,131.7787,0.0,3.584,3.5844,2.04,1.544,494.17
20240930,202409,270,CARD,GW-ORION,Failed,AED,1,74.8019,0.0,0.0,0.0,0.0,0.0109,-0.0109,274.71
20240930,202409,83,LDEBIT,GW-NIMBUS,Refunded,SAR,1,46.4107,0.0,46.4107,0.0,0.0,0.1493,-0.1493,174.04
20240930,202409,197,LDEBIT,GW-NILE,Success,EGP,10,81.0874,81.0874,0.0,1.4592,1.4593,0.6785,0.7807000000000001,3911.55
20240930,202409,156,BNPL,GW-ATLAS,Failed,SAR,3,135.904,0.0,0.0,0.0,0.0,0.0587,-0.0587,509.64
20240930,202409,226,WALLET,GW-NILE,Failed,EGP,93,552.4249,0.0,0.0,0.0,0.0,0.744,-0.744,26648.26
20241001,202410,226,WALLET,GW-NILE,Success,EGP,674,4086.0099,4086.0099,0.0,108.76,108.76,56.6867,52.0733,198609.5
20241001,202410,396,CARD,GW-NILE,Voided,EGP,6,45.7373,0.0,0.0,0.0,0.0,0.0479,-0.0479,2223.16
20241001,202410,148,CARD,GW-ATLAS,Failed,SAR,2,186.4827,0.0,0.0,0.0,0.0,0.04,-0.04,699.31
20241001,202410,363,CARD,GW-ORION,Voided,AED,1,16.7788,0.0,0.0,0.0,0.0,0.0109,-0.0109,61.62
20241001,202410,153,TOKEN,GW-ATLAS,Failed,SAR,1,12.6933,0.0,0.0,0.0,0.0,0.0213,-0.0213,47.6
20241001,202410,446,CARD,GW-NIMBUS,Failed,OMR,8,308.8687,0.0,0.0,0.0,0.0,0.13,-0.13,118.76
20241002,202410,417,WALLET,GW-NILE,Voided,EGP,13,107.5139,0.0,0.0,0.0,0.0,0.1041,-0.1041,5225.95
20241002,202410,3,TOKEN,GW-ATLAS,Failed,SAR,1,28.1013,0.0,0.0,0.0,0.0,0.0213,-0.0213,105.38
20241002,202410,61,WALLET,GW-NILE,Failed,EGP,2,288.9245,0.0,0.0,0.0,0.0,0.016,-0.016,14043.81
20241002,202410,162,CARD,GW-NILE,Voided,EGP,11,200.4329,0.0,0.0,0.0,0.0,0.0881,-0.0881,9742.48
20241003,202410,175,LDEBIT,GW-NILE,Success,EGP,1,27.327,27.327,0.0,0.353,0.3531,0.1457,0.2072999999999999,1328.29
20241003,202410,433,LDEBIT,GW-NILE,Voided,EGP,1,10.2682,0.0,0.0,0.0,0.0,0.008,-0.008,499.11
20241003,202410,184,BNPL,GW-ATLAS,Failed,EGP,15,63.9899,0.0,0.0,0.0,0.0,0.3,-0.3,3110.37
20241003,202410,564,TOKEN,GW-NIMBUS,Voided,SAR,1,11.0107,0.0,0.0,0.0,0.0,0.016,-0.016,41.29
20241003,202410,313,WALLET,GW-NILE,Success,EGP,2,137.2677,137.2677,0.0,2.6593,2.6592,1.1819,1.4774,6672.2
20241003,202410,545,BNPL,GW-NILE,Success,EGP,3,80.211,80.211,0.0,3.2822,3.2822,2.334,0.9482,3898.83
20241004,202410,16,TOKEN,GW-NIMBUS,Success,SAR,4,27.056,27.056,0.0,1.0853,1.085,0.64,0.4452999999999999,101.46
20241004,202410,559,TOKEN,GW-NILE,Success,EGP,2,353.7513,353.7513,0.0,8.2443,8.2443,4.5633,3.681000000000001,17194.86
20241004,202410,388,TOKEN,GW-ORION,Failed,AED,6,297.8026,0.0,0.0,0.0,0.0,0.0708,-0.0708,1093.68
20241004,202410,6,LDEBIT,GW-NIMBUS,Failed,AED,1,56.9067,0.0,0.0,0.0,0.0,0.0163,-0.0163,208.99
20241004,202410,454,CARD,GW-ORION,Failed,AED,9,351.3492,0.0,0.0,0.0,0.0,0.1089,-0.1089,1290.33
20241005,202410,466,CARD,GW-ATLAS,Success,EGP,1,38.8539,38.8539,0.0,0.9606,0.9606,0.6404,0.3202,1888.58
20241005,202410,471,CARD,GW-NIMBUS,Success,SAR,10,419.2347,419.2347,0.0,10.3653,10.3654,6.3093,4.055999999999999,1572.13
20241005,202410,373,LDEBIT,GW-NIMBUS,Failed,SAR,2,37.408,0.0,0.0,0.0,0.0,0.0293,-0.0293,140.28
20241005,202410,484,CARD,GW-ATLAS,Failed,SAR,1,34.488,0.0,0.0,0.0,0.0,0.0213,-0.0213,129.33
20241006,202410,123,CARD,GW-ATLAS,Failed,EGP,4,31.8124,0.0,0.0,0.0,0.0,0.08,-0.08,1546.31
20241006,202410,541,LDEBIT,GW-NILE,Success,EGP,228,5484.4595,5484.4595,0.0,44.5699,44.57,30.192,14.377899999999997,266584.22
20241006,202410,375,WALLET,GW-NILE,Refunded,EGP,3,109.9072,0.0,109.9072,0.0,0.0,0.4499,-0.4499,5342.28
20241006,202410,46,TOKEN,GW-ATLAS,Refunded,EGP,1,6.9852,0.0,6.9852,0.0,0.0,0.15,-0.15,339.53
20241006,202410,507,TOKEN,GW-ATLAS,Failed,EGP,1,67.0868,0.0,0.0,0.0,0.0,0.02,-0.02,3260.9
20241007,202410,433,LDEBIT,GW-NILE,Failed,EGP,5,51.3416,0.0,0.0,0.0,0.0,0.0399,-0.0399,2495.57
20241007,202410,475,CARD,GW-ATLAS,Success,SAR,249,6759.344,6759.344,0.0,126.3227,126.323,116.976,9.346699999999998,25347.54
20241007,202410,274,CARD,GW-ORION,Failed,SAR,1,20.672,0.0,0.0,0.0,0.0,0.0107,-0.0107,77.52
20241007,202410,114,TOKEN,GW-ORION,Voided,SAR,2,334.6853,0.0,0.0,0.0,0.0,0.024,-0.024,1255.07
20241008,202410,123,CARD,GW-ATLAS,Failed,EGP,9,71.5779,0.0,0.0,0.0,0.0,0.18,-0.18,3479.2
20241008,202410,372,WALLET,GW-NILE,Refunded,EGP,1,5.4519,0.0,5.4519,0.0,0.0,0.15,-0.15,265.0
20241008,202410,171,CARD,GW-ATLAS,Voided,EGP,1,46.5415,0.0,0.0,0.0,0.0,0.02,-0.02,2262.25
20241009,202410,122,LDEBIT,GW-NIMBUS,Failed,AED,1,11.1314,0.0,0.0,0.0,0.0,0.0163,-0.0163,40.88
20241009,202410,553,WALLET,GW-NILE,Failed,EGP,1,55.1355,0.0,0.0,0.0,0.0,0.008,-0.008,2679.98
20241009,202410,147,TOKEN,GW-ORION,Success,AED,12,3302.5977,3302.5977,0.0,77.4568,77.457,44.6399,32.816900000000004,12128.79
20241009,202410,453,TOKEN,GW-NILE,Failed,EGP,1,83.8956,0.0,0.0,0.0,0.0,0.008,-0.008,4077.93
20241009,202410,375,LDEBIT,GW-NILE,Success,EGP,62,1551.6858,1551.6858,0.0,13.7609,13.761,8.4543,5.3066,75423.1
20241010,202410,466,CARD,GW-ATLAS,Failed,EGP,1,39.9087,0.0,0.0,0.0,0.0,0.02,-0.02,1939.85
20241010,202410,226,WALLET,GW-NILE,Voided,EGP,12,71.2806,0.0,0.0,0.0,0.0,0.0961,-0.0961,3464.75
20241010,202410,124,TOKEN,GW-ATLAS,Success,AED,6,163.017,163.017,0.0,4.5283,4.5277,2.9081,1.6201999999999996,598.68
20241011,202410,45,TOKEN,GW-NIMBUS,Success,AED,867,36042.9408,36042.9408,0.0,783.2839,783.2828,560.9558,222.3281000000001,132367.7
20241011,202410,12,LDEBIT,GW-NIMBUS,Success,OMR,130,4976.4109,4976.4109,0.0,37.1651,37.176,28.2445,8.920600000000004,1913.43
20241011,202410,355,LDEBIT,GW-NIMBUS,Refunded,SAR,1,46.9253,0.0,46.9253,0.0,0.0,0.1493,-0.1493,175.97
20241012,202410,198,CARD,GW-NIMBUS,Refunded,AED,15,1933.0592,0.0,1933.0592,0.0,0.0,2.2491,-2.2491,7099.16
20241012,202410,169,WALLET,GW-NILE,Success,EGP,19,1653.2514,1653.2514,0.0,21.6307,21.6307,14.0564,7.574300000000001,80359.92
20241012,202410,403,BNPL,GW-ATLAS,Success,SAR,67,1234.424,1234.424,0.0,59.4373,59.4375,44.0027,15.434600000000003,4629.09
20241013,202410,164,WALLET,GW-NILE,Refunded,EGP,1,9.7685,0.0,9.7685,0.0,0.0,0.15,-0.15,474.82
20241013,202410,541,LDEBIT,GW-NILE,Failed,EGP,18,430.9207,0.0,0.0,0.0,0.0,0.144,-0.144,20945.85
20241013,202410,475,CARD,GW-ATLAS,Failed,SAR,23,617.96,0.0,0.0,0.0,0.0,0.4587,-0.4587,2317.35
20241014,202410,131,CARD,GW-NIMBUS,Voided,SAR,1,31.0853,0.0,0.0,0.0,0.0,0.016,-0.016,116.57
20241014,202410,191,TOKEN,GW-NIMBUS,Failed,SAR,9,104.824,0.0,0.0,0.0,0.0,0.136,-0.136,393.09
20241014,202410,591,LDEBIT,GW-NIMBUS,Success,SAR,2,22.9227,22.9227,0.0,0.3653,0.3646,0.192,0.1733,85.96
20241014,202410,317,BNPL,GW-NILE,Success,EGP,2,49.7136,49.7136,0.0,2.2381,2.2381,1.4477,0.7904000000000002,2416.44
20241015,202410,198,TOKEN,GW-ORION,Failed,AED,10,786.0422,0.0,0.0,0.0,0.0,0.1198,-0.1198,2886.74
20241015,202410,446,TOKEN,GW-NIMBUS,Success,OMR,61,2235.0325,2235.0325,0.0,42.3147,42.3205,35.2666,7.048100000000005,859.37
20241015,202410,259,BNPL,GW-ATLAS,Success,EGP,7,46.6846,46.6846,0.0,2.2139,2.2138,1.7534,0.4605000000000001,2269.21
20241016,202410,212,TOKEN,GW-NIMBUS,Failed,AED,6,236.3404,0.0,0.0,0.0,0.0,0.0899,-0.0899,867.96
20241016,202410,35,TOKEN,GW-ORION,Success,SAR,4,314.384,314.384,0.0,8.1253,8.1256,4.4187,3.706599999999999,1178.94
20241016,202410,409,CARD,GW-NILE,Failed,EGP,22,376.8859,0.0,0.0,0.0,0.0,0.1759,-0.1759,18319.37
20241016,202410,386,TOKEN,GW-ORION,Failed,SAR,3,48.3067,0.0,0.0,0.0,0.0,0.0373,-0.0373,181.15
20241017,202410,114,LDEBIT,GW-NIMBUS,Failed,SAR,6,1004.0587,0.0,0.0,0.0,0.0,0.0907,-0.0907,3765.22
20241017,202410,114,LDEBIT,GW-NIMBUS,Success,SAR,217,36227.928,36227.928,0.0,265.0293,265.0303,172.792,92.23729999999998,135854.73
20241017,202410,50,LDEBIT,GW-NILE,Success,EGP,1,26.924,26.924,0.0,0.3724,0.3723,0.144,0.2284,1308.7
20241017,202410,362,CARD,GW-ORION,Success,SAR,1,35.272,35.272,0.0,0.872,0.8718,0.512,0.36,132.27
20241017,202410,179,LDEBIT,GW-NIMBUS,Success,SAR,2,21.256,21.256,0.0,0.3333,0.3332,0.1867,0.1465999999999999,79.71
20241018,202410,169,WALLET,GW-NILE,Success,EGP,15,1232.1483,1232.1483,0.0,16.1513,16.1513,10.5054,5.645899999999999,59891.28
20241018,202410,549,WALLET,GW-NILE,Success,EGP,1,17.8146,17.8146,0.0,0.3487,0.3488,0.1794,0.1693,865.92
20241018,202410,571,WALLET,GW-NILE,Voided,EGP,4,78.1181,0.0,0.0,0.0,0.0,0.0321,-0.0321,3797.1
20241019,202410,190,BNPL,GW-ATLAS,Failed,SAR,2,110.3227,0.0,0.0,0.0,0.0,0.04,-0.04,413.71
20241019,202410,353,LDEBIT,GW-NIMBUS,Success,OMR,5,233.7581,233.7581,0.0,2.6528,2.653,1.2744,1.3784,89.88
20241019,202410,170,CARD,GW-NILE,Failed,EGP,8,229.3545,0.0,0.0,0.0,0.0,0.064,-0.064,11148.28
20241019,202410,366,CARD,GW-NILE,Failed,EGP,2,332.7285,0.0,0.0,0.0,0.0,0.016,-0.016,16173.0
20241019,202410,83,CARD,GW-ORION,Voided,SAR,2,56.3387,0.0,0.0,0.0,0.0,0.024,-0.024,211.27
20241019,202410,226,WALLET,GW-NILE,Failed,EGP,89,528.6647,0.0,0.0,0.0,0.0,0.712,-0.712,25696.91
20241020,202410,178,WALLET,GW-NILE,Failed,EGP,2,51.4872,0.0,0.0,0.0,0.0,0.016,-0.016,2502.65
20241020,202410,168,WALLET,GW-NILE,Voided,EGP,1,18.9176,0.0,0.0,0.0,0.0,0.008,-0.008,919.53
20241020,202410,581,CARD,GW-NILE,Failed,EGP,174,1209.3634,0.0,0.0,0.0,0.0,1.392,-1.392,58783.77
20241021,202410,334,CARD,GW-ATLAS,Success,OMR,34,2159.0637,2159.0637,0.0,51.1834,51.1801,33.9922,17.191200000000002,830.16
20241021,202410,314,CARD,GW-ATLAS,Success,EGP,46,680.6199,680.6199,0.0,20.981,20.9811,13.3274,7.653600000000001,33083.03
20241022,202410,301,WALLET,GW-NILE,Success,EGP,142,953.9632,953.9632,0.0,25.3078,25.3079,12.6971,12.6107,46369.48
20241022,202410,443,CARD,GW-ORION,Success,SAR,44,832.1147,832.1147,0.0,22.856,22.8563,13.2853,9.570700000000002,3120.43
20241022,202410,362,TOKEN,GW-NIMBUS,Success,SAR,1,51.072,51.072,0.0,1.2427,1.242,0.7813,0.4613999999999999,191.52
20241022,202410,164,CARD,GW-ATLAS,Failed,EGP,50,419.0616,0.0,0.0,0.0,0.0,1.0001,-1.0001,20369.41
20241022,202410,41,CARD,GW-ORION,Voided,AED,1,26.1293,0.0,0.0,0.0,0.0,0.0109,-0.0109,95.96
20241022,202410,577,LDEBIT,GW-NIMBUS,Voided,AED,1,40.0218,0.0,0.0,0.0,0.0,0.0163,-0.0163,146.98
20241023,202410,334,CARD,GW-ATLAS,Failed,OMR,5,314.7724,0.0,0.0,0.0,0.0,0.104,-0.104,121.03
20241023,202410,545,BNPL,GW-NILE,Success,EGP,4,128.5585,128.5585,0.0,5.2605,5.2606,3.7344,1.5261000000000005,6248.87
20241023,202410,169,CARD,GW-ATLAS,Voided,EGP,1,82.3014,0.0,0.0,0.0,0.0,0.02,-0.02,4000.44
20241023,202410,591,LDEBIT,GW-NIMBUS,Success,SAR,7,89.544,89.544,0.0,1.3813,1.3811,0.7173,0.6639999999999999,335.79
20241023,202410,126,TOKEN,GW-NIMBUS,Failed,OMR,1,12.8999,0.0,0.0,0.0,0.0,0.026,-0.026,4.96
20241023,202410,441,CARD,GW-NIMBUS,Failed,AED,4,58.6521,0.0,0.0,0.0,0.0,0.0599,-0.0599,215.4
20241023,202410,487,CARD,GW-NILE,Failed,EGP,1,7.8634,0.0,0.0,0.0,0.0,0.008,-0.008,382.22
20241023,202410,353,CARD,GW-ATLAS,Success,OMR,8,304.4213,304.4213,0.0,7.2042,7.1989,5.0195,2.1847000000000003,117.05
20241023,202410,384,CARD,GW-ATLAS,Failed,AED,3,37.7263,0.0,0.0,0.0,0.0,0.0599,-0.0599,138.55
20241023,202410,108,CARD,GW-ATLAS,Refunded,EGP,53,606.0291,0.0,606.0291,0.0,0.0,7.9501,-7.9501,29457.38
20241024,202410,301,LDEBIT,GW-NILE,Failed,EGP,3,20.0464,0.0,0.0,0.0,0.0,0.0241,-0.0241,974.4
20241024,202410,123,BNPL,GW-NILE,Failed,EGP,4,31.8124,0.0,0.0,0.0,0.0,0.0321,-0.0321,1546.31
20241024,202410,472,CARD,GW-NIMBUS,Failed,AED,3,186.4452,0.0,0.0,0.0,0.0,0.0463,-0.0463,684.72
20241024,202410,543,CARD,GW-ATLAS,Failed,EGP,27,175.0751,0.0,0.0,0.0,0.0,0.54,-0.54,8509.91
20241025,202410,399,CARD,GW-NILE,Success,EGP,2,31.7196,31.7196,0.0,0.9661,0.9662,0.4915,0.4745999999999999,1541.8
20241025,202410,235,TOKEN,GW-ORION,Success,AED,4,287.3274,287.3274,0.0,7.1804,7.1808,4.0599,3.1205,1055.21
20241025,202410,482,LDEBIT,GW-NIMBUS,Success,SAR,1,165.52,165.52,0.0,1.8587,1.8575,0.7893,1.0694,620.7
20241025,202410,120,CARD,GW-ORION,Refunded,SAR,68,5849.7307,0.0,5849.7307,0.0,0.0,10.2,-10.2,21936.49
20241025,202410,208,TOKEN,GW-ORION,Success,AED,2,86.1538,86.1538,0.0,2.2491,2.2505,1.2662,0.9829,316.4
20241025,202410,377,CARD,GW-ATLAS,Failed,OMR,1,12.1977,0.0,0.0,0.0,0.0,0.026,-0.026,4.69
20241026,202410,264,CARD,GW-NIMBUS,Failed,AED,7,91.8856,0.0,0.0,0.0,0.0,0.1062,-0.1062,337.45
20241026,202410,105,WALLET,GW-NILE,Failed,EGP,7,40.5913,0.0,0.0,0.0,0.0,0.056,-0.056,1973.03
20241026,202410,32,CARD,GW-NILE,Success,EGP,54,686.946,686.946,0.0,21.3166,21.3165,11.2084,10.108200000000002,33390.52
20241026,202410,51,CARD,GW-NIMBUS,Failed,OMR,2,304.6034,0.0,0.0,0.0,0.0,0.026,-0.026,117.12
20241026,202410,197,CARD,GW-NILE,Failed,EGP,4,23.6588,0.0,0.0,0.0,0.0,0.0321,-0.0321,1149.99
20241027,202410,452,CARD,GW-NIMBUS,Success,SAR,2,788.1147,788.1147,0.0,17.8933,17.8932,10.7707,7.1226,2955.43
20241027,202410,409,WALLET,GW-NILE,Failed,EGP,15,256.9677,0.0,0.0,0.0,0.0,0.1199,-0.1199,12490.48
20241027,202410,29,BNPL,GW-NILE,Success,EGP,1,9.843,9.843,0.0,0.4849,0.485,0.2915,0.1934,478.44
20241027,202410,171,LDEBIT,GW-NILE,Success,EGP,8,398.2976,398.2976,0.0,4.9964,4.9964,1.8931,3.1033000000000004,19360.13
20241027,202410,164,WALLET,GW-NILE,Refunded,EGP,3,15.7738,0.0,15.7738,0.0,0.0,0.4499,-0.4499,766.72
20241028,202410,552,LDEBIT,GW-NIMBUS,Success,SAR,43,643.3653,643.3653,0.0,9.1947,9.1949,4.8293,4.365399999999999,2412.62
20241028,202410,472,CARD,GW-NIMBUS,Voided,AED,1,62.1484,0.0,0.0,0.0,0.0,0.0163,-0.0163,228.24
20241028,202410,581,CARD,GW-NILE,Voided,EGP,44,305.816,0.0,0.0,0.0,0.0,0.352,-0.352,14864.86
20241028,202410,35,LDEBIT,GW-NIMBUS,Voided,SAR,1,89.3973,0.0,0.0,0.0,0.0,0.016,-0.016,335.24
20241028,202410,457,TOKEN,GW-NIMBUS,Failed,SAR,2,20.0453,0.0,0.0,0.0,0.0,0.0293,-0.0293,75.17
20241028,202410,303,CARD,GW-NIMBUS,Failed,SAR,8,110.4,0.0,0.0,0.0,0.0,0.12,-0.12,414.0
20241028,202410,308,LDEBIT,GW-NIMBUS,Success,OMR,1,293.9662,293.9662,0.0,3.485,3.4835,1.3784,2.1066,113.03
20241028,202410,364,LDEBIT,GW-NIMBUS,Voided,SAR,1,10.8453,0.0,0.0,0.0,0.0,0.016,-0.016,40.67
20241028,202410,277,WALLET,GW-NILE,Failed,EGP,5,34.8329,0.0,0.0,0.0,0.0,0.0399,-0.0399,1693.13
20241028,202410,449,CARD,GW-NILE,Success,EGP,17,554.1196,554.1196,0.0,14.6497,14.6498,7.6336,7.016099999999999,26934.2
20241028,202410,455,CARD,GW-ATLAS,Voided,SAR,8,127.936,0.0,0.0,0.0,0.0,0.16,-0.16,479.76
20241029,202410,539,LDEBIT,GW-NILE,Failed,EGP,3,17.0962,0.0,0.0,0.0,0.0,0.0241,-0.0241,831.0
20241029,202410,159,WALLET,GW-NILE,Failed,EGP,9,152.8253,0.0,0.0,0.0,0.0,0.072,-0.072,7428.41
20241029,202410,403,CARD,GW-NIMBUS,Failed,SAR,36,656.5973,0.0,0.0,0.0,0.0,0.5413,-0.5413,2462.24
20241029,202410,372,WALLET,GW-NILE,Success,EGP,15,78.4431,78.4431,0.0,2.2612,2.2611,1.1603,1.1009,3812.9
20241030,202410,359,TOKEN,GW-ATLAS,Failed,SAR,2,20.8453,0.0,0.0,0.0,0.0,0.04,-0.04,78.17
20241030,202410,353,TOKEN,GW-NIMBUS,Success,OMR,4,170.4031,170.4031,0.0,4.0572,4.0603,2.6528,1.4044,65.52
20241030,202410,384,LDEBIT,GW-NIMBUS,Success,AED,7,81.2798,81.2798,0.0,1.3451,1.3455,0.6807,0.6644,298.5
20241031,202410,541,WALLET,GW-NILE,Refunded,EGP,8,228.9262,0.0,228.9262,0.0,0.0,1.2,-1.2,11127.46
20241031,202410,542,WALLET,GW-NILE,Success,EGP,8,158.608,158.608,0.0,3.1454,3.1455,1.5648,1.5806,7709.49
20241031,202410,285,LDEBIT,GW-NIMBUS,Refunded,SAR,4,157.0293,0.0,157.0293,0.0,0.0,0.6,-0.6,588.86
20241031,202410,300,CARD,GW-ATLAS,Success,EGP,22,273.6128,273.6128,0.0,8.099,8.0991,5.6173,2.4817,13299.55
20241031,202410,432,TOKEN,GW-ORION,Success,AED,14,806.2982,806.2982,0.0,18.8564,18.8564,11.5562,7.3002,2961.13
20241031,202410,226,CARD,GW-ATLAS,Success,EGP,1735,10280.0404,10280.0404,0.0,409.5297,409.5297,278.273,131.25669999999997,499683.98
20241031,202410,360,BNPL,GW-NILE,Success,EGP,4,32.7295,32.7295,0.0,1.4436,1.4437,0.9745,0.4690999999999999,1590.89
20241101,202411,479,CARD,GW-NIMBUS,Failed,OMR,45,455.1105,0.0,0.0,0.0,0.0,0.6762,-0.6762,174.99
20241101,202411,162,WALLET,GW-NILE,Failed,EGP,11,200.4328,0.0,0.0,0.0,0.0,0.0879,-0.0879,9780.98
20241101,202411,173,LDEBIT,GW-NIMBUS,Success,SAR,3,85.6507,85.6507,0.0,1.136,1.1363,0.52,0.6159999999999999,321.19
20241101,202411,164,BNPL,GW-ATLAS,Failed,EGP,15,125.7184,0.0,0.0,0.0,0.0,0.3,-0.3,6134.97
20241101,202411,440,CARD,GW-ATLAS,Failed,EGP,2,65.9223,0.0,0.0,0.0,0.0,0.04,-0.04,3216.96
20241101,202411,253,CARD,GW-NIMBUS,Failed,SAR,6,101.3493,0.0,0.0,0.0,0.0,0.0907,-0.0907,380.06
20241101,202411,454,LDEBIT,GW-NIMBUS,Failed,AED,1,39.0388,0.0,0.0,0.0,0.0,0.0163,-0.0163,143.37
20241101,202411,204,TOKEN,GW-ORION,Failed,SAR,1,22.936,0.0,0.0,0.0,0.0,0.0107,-0.0107,86.01
20241102,202411,430,LDEBIT,GW-NIMBUS,Failed,SAR,2,34.6293,0.0,0.0,0.0,0.0,0.0293,-0.0293,129.86
20241102,202411,327,CARD,GW-NIMBUS,Failed,SAR,30,1006.4267,0.0,0.0,0.0,0.0,0.4507,-0.4507,3774.1
20241102,202411,449,CARD,GW-NILE,Success,EGP,26,828.7896,828.7896,0.0,21.9688,21.9688,11.4477,10.521100000000002,40444.35
20241102,202411,285,CARD,GW-NIMBUS,Voided,SAR,26,1354.4507,0.0,0.0,0.0,0.0,0.3893,-0.3893,5079.19
20241102,202411,284,TOKEN,GW-NILE,Success,EGP,16,73.2822,73.2822,0.0,3.4746,3.4747,1.7713,1.7033,3576.12
20241102,202411,255,CARD,GW-NILE,Success,EGP,4,184.1641,184.1641,0.0,4.7755,4.7755,2.4496,2.3259,8987.08
20241103,202411,571,LDEBIT,GW-NILE,Refunded,EGP,6,128.7857,0.0,128.7857,0.0,0.0,0.9,-0.9,6284.65
20241103,202411,79,CARD,GW-ORION,Refunded,SAR,3,200.5733,0.0,200.5733,0.0,0.0,0.4507,-0.4507,752.15
20241103,202411,106,CARD,GW-ATLAS,Success,EGP,6,132.0789,132.0789,0.0,3.5806,3.5806,2.3697,1.2109,6445.36
20241103,202411,396,CARD,GW-NILE,Voided,EGP,3,22.8686,0.0,0.0,0.0,0.0,0.024,-0.024,1115.97
20241103,202411,386,LDEBIT,GW-NIMBUS,Success,SAR,60,927.0747,927.0747,0.0,8.0293,8.0284,6.872,1.157299999999999,3476.53
20241103,202411,443,LDEBIT,GW-NIMBUS,Failed,SAR,6,105.6773,0.0,0.0,0.0,0.0,0.0907,-0.0907,396.29
20241103,202411,317,CARD,GW-NILE,Failed,EGP,2,43.716,0.0,0.0,0.0,0.0,0.016,-0.016,2133.31
20241103,202411,455,CARD,GW-ATLAS,Failed,SAR,43,687.656,0.0,0.0,0.0,0.0,0.8587,-0.8587,2578.71
20241103,202411,556,TOKEN,GW-ORION,Success,AED,36,515.8938,515.8938,0.0,15.8257,15.8267,9.0048,6.8209,1894.62
20241103,202411,405,LDEBIT,GW-NILE,Success,EGP,8,106.3335,106.3335,0.0,1.699,1.6989,0.7107,0.9883,5189.0
20241104,202411,60,WALLET,GW-NILE,Failed,EGP,1,33.9091,0.0,0.0,0.0,0.0,0.008,-0.008,1654.74
20241104,202411,173,LDEBIT,GW-NIMBUS,Success,SAR,4,120.656,120.656,0.0,1.5893,1.5887,0.7227,0.8665999999999999,452.46
20241104,202411,152,LDEBIT,GW-NIMBUS,Success,AED,331,8677.8952,8677.8952,0.0,86.9789,86.9798,53.9442,33.034699999999994,31869.57
20241104,202411,417,LDEBIT,GW-NILE,Voided,EGP,17,140.595,0.0,0.0,0.0,0.0,0.1361,-0.1361,6860.94
20241104,202411,169,WALLET,GW-NILE,Success,EGP,11,889.6699,889.6699,0.0,11.6682,11.6681,7.5913,4.0769,43415.27
20241104,202411,345,CARD,GW-ORION,Success,AED,5167,88986.4942,88986.4942,0.0,1634.742,1634.7424,1448.2423,186.49970000000008,326802.9
20241104,202411,458,CARD,GW-NILE,Success,EGP,19,306.4864,306.4864,0.0,9.5376,9.5376,4.7308,4.806799999999999,14956.32
20241104,202411,368,CARD,GW-ATLAS,Refunded,OMR,7,266.8921,0.0,266.8921,0.0,0.0,1.0403,-1.0403,102.62
20241104,202411,611,BNPL,GW-ATLAS,Success,SAR,9,441.24,441.24,0.0,20.3147,20.3147,15.4293,4.885399999999999,1654.65
20241105,202411,220,TOKEN,GW-NILE,Success,EGP,16,504.2423,504.2423,0.0,12.6428,12.6429,7.2015,5.441299999999999,24606.67
20241105,202411,611,TOKEN,GW-ORION,Success,SAR,3,126.9413,126.9413,0.0,3.288,3.2869,1.8667,1.4212999999999998,476.03
20241105,202411,441,TOKEN,GW-ATLAS,Failed,AED,1,14.663,0.0,0.0,0.0,0.0,0.0191,-0.0191,53.85
20241105,202411,298,CARD,GW-ORION,Success,AED,38,446.4152,446.4152,0.0,13.5548,13.5542,7.9837,5.5711,1639.46
20241105,202411,76,CARD,GW-NIMBUS,Success,SAR,74,7558.424,7558.424,0.0,120.144,120.1436,106.848,13.296000000000006,28344.09
20241105,202411,226,LDEBIT,GW-NILE,Voided,EGP,5,29.7002,0.0,0.0,0.0,0.0,0.04,-0.04,1449.35
20241105,202411,563,LDEBIT,GW-NIMBUS,Failed,AED,2,68.5473,0.0,0.0,0.0,0.0,0.03,-0.03,251.74
20241105,202411,125,CARD,GW-ORION,Voided,SAR,1,10.3493,0.0,0.0,0.0,0.0,0.0107,-0.0107,38.81
20241106,202411,277,TOKEN,GW-NILE,Failed,EGP,3,20.8997,0.0,0.0,0.0,0.0,0.024,-0.024,1019.89
20241106,202411,167,CARD,GW-NILE,Refunded,EGP,1,32.2355,0.0,32.2355,0.0,0.0,0.15,-0.15,1573.07
20241106,202411,396,LDEBIT,GW-NILE,Failed,EGP,2,15.2457,0.0,0.0,0.0,0.0,0.016,-0.016,743.98
20241106,202411,314,LDEBIT,GW-NILE,Voided,EGP,2,31.9671,0.0,0.0,0.0,0.0,0.016,-0.016,1559.97
20241106,202411,168,WALLET,GW-NILE,Success,EGP,2,37.4319,37.4319,0.0,0.7902,0.7903,0.3732,0.417,1826.65
20241107,202411,483,WALLET,GW-NILE,Voided,EGP,2,16.9162,0.0,0.0,0.0,0.0,0.016,-0.016,825.5
20241107,202411,29,LDEBIT,GW-NILE,Success,EGP,1,22.086,22.086,0.0,0.3189,0.3189,0.1244,0.1945,1077.78
20241107,202411,563,LDEBIT,GW-NIMBUS,Voided,AED,1,34.2737,0.0,0.0,0.0,0.0,0.0163,-0.0163,125.87
20241107,202411,105,WALLET,GW-NILE,Failed,EGP,2,11.5975,0.0,0.0,0.0,0.0,0.016,-0.016,565.95
20241108,202411,177,LDEBIT,GW-NIMBUS,Success,OMR,2,46.4499,46.4499,0.0,0.5982,0.6054,0.2861,0.3120999999999999,17.86
20241108,202411,492,TOKEN,GW-ATLAS,Failed,SAR,1,196.5307,0.0,0.0,0.0,0.0,0.0213,-0.0213,736.99
20241108,202411,545,CARD,GW-NILE,Failed,EGP,1,31.9259,0.0,0.0,0.0,0.0,0.008,-0.008,1557.96
20241108,202411,220,TOKEN,GW-NILE,Success,EGP,10,335.5237,335.5237,0.0,8.3481,8.348,4.7577,3.5904000000000007,16373.32
20241109,202411,428,CARD,GW-ORION,Success,AED,5,469.0238,469.0238,0.0,12.7107,12.7102,6.3091,6.401599999999999,1722.49
20241109,202411,429,TOKEN,GW-NILE,Success,EGP,15,407.8282,407.8282,0.0,11.3899,11.3898,5.9337,5.456200000000001,19901.73
20241109,202411,164,CARD,GW-ATLAS,Voided,EGP,3,25.1436,0.0,0.0,0.0,0.0,0.06,-0.06,1226.99
20241109,202411,189,LDEBIT,GW-NIMBUS,Success,SAR,4,34.9707,34.9707,0.0,0.6053,0.6047,0.3387,0.2665999999999999,131.14
20241109,202411,4,LDEBIT,GW-NIMBUS,Success,SAR,9,785.1947,785.1947,0.0,10.016,10.0171,3.9387,6.0773,2944.48
20241109,202411,429,CARD,GW-NILE,Success,EGP,70,1716.6638,1716.6638,0.0,47.7193,47.7193,24.5676,23.1517,83771.99
20241109,202411,30,TOKEN,GW-ORION,Success,AED,4,109.6392,109.6392,0.0,3.0606,3.0612,1.6964,1.3642,402.65
20241110,202411,67,LDEBIT,GW-NIMBUS,Failed,SAR,1,10.9733,0.0,0.0,0.0,0.0,0.016,-0.016,41.15
20241110,202411,435,BNPL,GW-ATLAS,Refunded,SAR,1,61.3013,0.0,61.3013,0.0,0.0,0.1493,-0.1493,229.88
20241110,202411,459,TOKEN,GW-ORION,Refunded,SAR,1,31.072,0.0,31.072,0.0,0.0,0.1493,-0.1493,116.52
20241110,202411,607,TOKEN,GW-NIMBUS,Failed,SAR,1,65.464,0.0,0.0,0.0,0.0,0.016,-0.016,245.49
20241110,202411,197,TOKEN,GW-ATLAS,Success,EGP,4,26.8221,26.8221,0.0,1.0623,1.0624,0.7016,0.3607,1308.9
20241110,202411,152,LDEBIT,GW-NIMBUS,Failed,AED,8,206.29,0.0,0.0,0.0,0.0,0.1198,-0.1198,757.6
20241111,202411,483,WALLET,GW-NILE,Failed,EGP,44,372.1555,0.0,0.0,0.0,0.0,0.3521,-0.3521,18160.93
20241111,202411,457,TOKEN,GW-NIMBUS,Failed,SAR,1,10.0213,0.0,0.0,0.0,0.0,0.016,-0.016,37.58
20241111,202411,355,CARD,GW-NIMBUS,Success,SAR,9,254.112,254.112,0.0,6.9387,6.9395,4.016,2.9227,952.92
20241111,202411,399,LDEBIT,GW-NILE,Success,EGP,2,35.0232,35.0232,0.0,0.5144,0.5144,0.2119,0.3025,1709.11
20241111,202411,360,CARD,GW-NILE,Success,EGP,29,238.4585,238.4585,0.0,8.1581,8.158,4.4343,3.723799999999999,11636.61
20241111,202411,545,CARD,GW-NILE,Voided,EGP,1,31.9259,0.0,0.0,0.0,0.0,0.008,-0.008,1557.96
20241111,202411,314,WALLET,GW-NILE,Success,EGP,47,759.8228,759.8228,0.0,16.9125,16.9124,7.7995,9.113,37078.82
20241111,202411,518,LDEBIT,GW-NILE,Success,EGP,1,29.8574,29.8574,0.0,0.399,0.399,0.1559,0.2431,1457.02
20241112,202411,228,CARD,GW-ORION,Failed,AED,29,393.1872,0.0,0.0,0.0,0.0,0.3485,-0.3485,1443.98
20241112,202411,534,TOKEN,GW-NIMBUS,Refunded,SAR,5,157.3627,0.0,157.3627,0.0,0.0,0.7493,-0.7493,590.11
20241113,202411,372,WALLET,GW-NILE,Success,EGP,12,65.1501,65.1501,0.0,1.8537,1.8537,0.9478,0.9059,3179.28
20241113,202411,508,CARD,GW-ORION,Failed,SAR,1,30.3493,0.0,0.0,0.0,0.0,0.0107,-0.0107,113.81
20241113,202411,11,CARD,GW-ORION,Success,SAR,324,7231.4293,7231.4293,0.0,120.736,120.7354,111.984,8.75200000000001,27117.86
20241113,202411,226,LDEBIT,GW-NILE,Refunded,EGP,13,84.817,0.0,84.817,0.0,0.0,1.95,-1.95,4139.01
20241113,202411,220,BNPL,GW-NILE,Refunded,EGP,1,39.4516,0.0,39.4516,0.0,0.0,0.15,-0.15,1925.21
20241114,202411,538,WALLET,GW-NILE,Failed,EGP,2,95.979,0.0,0.0,0.0,0.0,0.016,-0.016,4683.71
20241114,202411,238,CARD,GW-ORION,Success,AED,5,1836.4765,1836.4765,0.0,41.435,41.4351,23.8421,17.592900000000004,6744.46
20241114,202411,99,TOKEN,GW-NILE,Success,EGP,2,118.3351,118.3351,0.0,3.0572,3.0571,1.5969,1.4603,5774.67
20241114,202411,546,TOKEN,GW-NILE,Failed,EGP,1,193.6731,0.0,0.0,0.0,0.0,0.008,-0.008,9451.11
20241115,202411,556,BNPL,GW-ATLAS,Success,AED,30,398.3172,398.3172,0.0,18.4697,18.47,14.3662,4.1035,1462.82
20241115,202411,282,CARD,GW-ATLAS,Failed,EGP,1,5.7058,0.0,0.0,0.0,0.0,0.0201,-0.0201,278.44
20241115,202411,285,LDEBIT,GW-NIMBUS,Voided,SAR,7,364.6587,0.0,0.0,0.0,0.0,0.104,-0.104,1367.47
20241115,202411,198,TOKEN,GW-ORION,Refunded,AED,6,473.4323,0.0,473.4323,0.0,0.0,0.9013,-0.9013,1738.68
20241115,202411,319,CARD,GW-NIMBUS,Success,SAR,20,922.6693,922.6693,0.0,24.1067,24.1057,13.7573,10.3494,3460.01
20241115,202411,240,CARD,GW-ORION,Failed,SAR,13,640.2453,0.0,0.0,0.0,0.0,0.1547,-0.1547,2400.92
20241115,202411,83,TOKEN,GW-NIMBUS,Success,SAR,25,613.7467,613.7467,0.0,16.704,16.7043,10.2187,6.4853000000000005,2301.55
20241115,202411,114,TOKEN,GW-ORION,Refunded,SAR,1,168.7867,0.0,168.7867,0.0,0.0,0.1493,-0.1493,632.95
20241116,202411,228,CARD,GW-ORION,Failed,AED,28,379.6297,0.0,0.0,0.0,0.0,0.3349,-0.3349,1394.19
20241116,202411,348,CARD,GW-NILE,Success,EGP,42,273.4504,273.4504,0.0,11.1942,11.1943,5.5484,5.6458,13344.19
20241116,202411,123,CARD,GW-ATLAS,Refunded,EGP,1,7.8993,0.0,7.8993,0.0,0.0,0.15,-0.15,385.48
20241116,202411,591,LDEBIT,GW-NIMBUS,Success,SAR,5,56.7627,56.7627,0.0,0.904,0.9053,0.48,0.424,212.86
20241116,202411,54,CARD,GW-ORION,Refunded,SAR,5,125.3253,0.0,125.3253,0.0,0.0,0.7493,-0.7493,469.97
20241117,202411,403,BNPL,GW-ATLAS,Success,SAR,61,1097.824,1097.824,0.0,52.8613,52.8602,39.16,13.701300000000003,4116.84
20241117,202411,446,TOKEN,GW-NIMBUS,Failed,OMR,3,115.8388,0.0,0.0,0.0,0.0,0.052,-0.052,44.54
20241117,202411,197,LDEBIT,GW-NILE,Success,EGP,6,36.0128,36.0128,0.0,0.7307,0.7307,0.3559,0.3748,1757.4
20241117,202411,259,CARD,GW-NILE,Refunded,EGP,1,4.4587,0.0,4.4587,0.0,0.0,0.15,-0.15,217.58
20241117,202411,443,CARD,GW-ORION,Failed,SAR,8,140.904,0.0,0.0,0.0,0.0,0.096,-0.096,528.39
20241117,202411,56,CARD,GW-NILE,Failed,EGP,4,57.9609,0.0,0.0,0.0,0.0,0.032,-0.032,2828.45
20241117,202411,177,CARD,GW-NIMBUS,Success,OMR,16,299.2718,299.2718,0.0,8.2445,8.2558,5.0715,3.173,115.07
20241117,202411,301,CARD,GW-ATLAS,Voided,EGP,3,20.0464,0.0,0.0,0.0,0.0,0.06,-0.06,978.25
20241117,202411,130,WALLET,GW-NILE,Failed,EGP,3,19.9503,0.0,0.0,0.0,0.0,0.024,-0.024,973.56
20241118,202411,120,TOKEN,GW-ORION,Voided,SAR,4,305.8693,0.0,0.0,0.0,0.0,0.048,-0.048,1147.01
20241118,202411,516,TOKEN,GW-ORION,Voided,SAR,2,69.5413,0.0,0.0,0.0,0.0,0.024,-0.024,260.78
20241118,202411,470,CARD,GW-NILE,Failed,EGP,1,26.0817,0.0,0.0,0.0,0.0,0.008,-0.008,1272.77
20241118,202411,212,TOKEN,GW-NIMBUS,Failed,AED,4,157.5602,0.0,0.0,0.0,0.0,0.0599,-0.0599,578.64
20241118,202411,526,LDEBIT,GW-NIMBUS,Success,SAR,4,7918.3333,7918.3333,0.0,59.528,59.5275,35.8133,23.7147,29693.75
20241118,202411,588,LDEBIT,GW-NILE,Failed,EGP,1,31.9564,0.0,0.0,0.0,0.0,0.008,-0.008,1559.45
20241118,202411,244,BANKTR,GW-NILE,Success,EGP,2,2881.3014,2881.3014,0.0,6.8907,6.8907,1.9427,4.948,140605.49
20241118,202411,334,TOKEN,GW-ATLAS,Success,OMR,8,405.0195,405.0195,0.0,9.961,9.9615,6.71,3.2510000000000003,155.73
20241118,202411,216,CARD,GW-NIMBUS,Success,OMR,2,549.3888,549.3888,0.0,13.0039,12.9953,7.5423,5.4616,211.24
20241118,202411,205,LDEBIT,GW-NILE,Success,EGP,77,2402.2625,2402.2625,0.0,18.4589,18.4588,12.4242,6.034699999999999,117228.73
20241118,202411,417,CARD,GW-ATLAS,Refunded,EGP,58,488.6558,0.0,488.6558,0.0,0.0,8.6999,-8.6999,23846.06
20241118,202411,143,CARD,GW-ORION,Success,SAR,516,4641.5733,4641.5733,0.0,149.6293,149.63,90.208,59.4213,17405.9
20241118,202411,375,LDEBIT,GW-NILE,Refunded,EGP,1,29.8215,0.0,29.8215,0.0,0.0,0.15,-0.15,1455.27
20241119,202411,483,WALLET,GW-NILE,Success,EGP,231,1953.0924,1953.0924,0.0,33.8038,33.8039,23.9051,9.898700000000002,95309.54
20241119,202411,197,CARD,GW-NILE,Success,EGP,16,105.8384,105.8384,0.0,4.1597,4.1598,2.1338,2.0259,5164.84
20241119,202411,108,WALLET,GW-NILE,Success,EGP,5883,57711.5871,57711.5871,0.0,960.8845,960.8844,673.3689,287.51559999999995,2816285.05
20241119,202411,167,CARD,GW-NILE,Failed,EGP,2,59.3736,0.0,0.0,0.0,0.0,0.016,-0.016,2897.39
20241119,202411,285,CARD,GW-NIMBUS,Success,SAR,1919,99422.4747,99422.4747,0.0,1723.9573,1723.9565,1466.9387,257.0186000000001,372834.28
20241119,202411,39,CARD,GW-NIMBUS,Failed,OMR,2,3992.2497,0.0,0.0,0.0,0.0,0.026,-0.026,1535.02
20241120,202411,159,WALLET,GW-NILE,Failed,EGP,13,220.7478,0.0,0.0,0.0,0.0,0.1041,-0.1041,10772.34
20241120,202411,342,CARD,GW-ORION,Success,AED,24,1437.7345,1437.7345,0.0,36.7052,36.7043,19.8584,16.846799999999998,5280.08
20241120,202411,261,CARD,GW-ORION,Success,AED,18,795.9238,795.9238,0.0,21.5412,21.5414,11.2757,10.2655,2923.03
20241120,202411,455,CARD,GW-ATLAS,Failed,SAR,46,735.632,0.0,0.0,0.0,0.0,0.92,-0.92,2758.62
20241120,202411,191,CARD,GW-ORION,Success,SAR,444,5183.944,5183.944,0.0,160.3653,160.3648,92.8773,67.48799999999999,19439.79
20241120,202411,604,CARD,GW-NIMBUS,Success,SAR,491,17199.1093,17199.1093,0.0,363.168,363.167,264.104,99.06400000000002,64496.66
20241120,202411,321,WALLET,GW-NILE,Success,EGP,3,76.4781,76.4781,0.0,1.6519,1.6519,0.7244,0.9275,3732.08
20241120,202411,433,TOKEN,GW-ATLAS,Failed,EGP,2,20.5366,0.0,0.0,0.0,0.0,0.04,-0.04,1002.17
20241120,202411,199,WALLET,GW-NILE,Success,EGP,1,39.7377,39.7377,0.0,0.7398,0.7397,0.357,0.3828,1939.17
20241120,202411,69,CARD,GW-NIMBUS,Refunded,AED,1,44.0871,0.0,44.0871,0.0,0.0,0.1498,-0.1498,161.91
20241120,202411,600,CARD,GW-ORION,Success,AED,7,112.8768,112.8768,0.0,3.3492,3.3481,1.8625,1.4867,414.54
20241120,202411,471,CARD,GW-NIMBUS,Failed,SAR,3,115.6267,0.0,0.0,0.0,0.0,0.0453,-0.0453,433.6
20241121,202411,463,TOKEN,GW-ORION,Refunded,AED,1,118.614,0.0,118.614,0.0,0.0,0.1498,-0.1498,435.61
20241121,202411,598,CARD,GW-ATLAS,Success,EGP,61,1880.9858,1880.9858,0.0,50.4536,50.4536,31.9388,18.5148,91790.79
20241121,202411,105,LDEBIT,GW-NILE,Success,EGP,11,76.6357,76.6357,0.0,1.3967,1.3968,0.6953,0.7014,3739.77
20241121,202411,457,CARD,GW-NIMBUS,Failed,SAR,18,180.3973,0.0,0.0,0.0,0.0,0.2693,-0.2693,676.49
20241121,202411,160,LDEBIT,GW-NIMBUS,Success,SAR,3,168.568,168.568,0.0,2.224,2.224,0.8933,1.3307000000000002,632.13
20241121,202411,114,TOKEN,GW-ORION,Voided,SAR,7,1171.4,0.0,0.0,0.0,0.0,0.0853,-0.0853,4392.75
20241122,202411,630,CARD,GW-ATLAS,Voided,EGP,2,54.5391,0.0,0.0,0.0,0.0,0.04,-0.04,2661.47
20241122,202411,128,CARD,GW-NILE,Failed,EGP,1,15.8015,0.0,0.0,0.0,0.0,0.008,-0.008,771.1
20241122,202411,443,TOKEN,GW-ORION,Failed,SAR,1,17.6133,0.0,0.0,0.0,0.0,0.0107,-0.0107,66.05
20241122,202411,580,TOKEN,GW-ORION,Success,SAR,2,215.528,215.528,0.0,5.464,5.4646,2.9867,2.4773000000000005,808.23
20241123,202411,46,CARD,GW-NILE,Failed,EGP,15,122.446,0.0,0.0,0.0,0.0,0.1201,-0.1201,5975.28
20241123,202411,32,WALLET,GW-NILE,Success,EGP,22,286.5424,286.5424,0.0,6.4126,6.4125,3.091,3.3216,13983.07
20241123,202411,263,LDEBIT,GW-NILE,Success,EGP,4,238.3971,238.3971,0.0,3.049,3.0489,1.1055,1.9435,11633.61
20241123,202411,200,CARD,GW-ATLAS,Refunded,AED,10,429.759,0.0,429.759,0.0,0.0,1.5003,-1.5003,1578.29
20241123,202411,480,CARD,GW-NIMBUS,Refunded,OMR,2,94.3043,0.0,94.3043,0.0,0.0,0.3121,-0.3121,36.26
20241123,202411,38,CARD,GW-ATLAS,Success,AED,14,800.0272,800.0272,0.0,20.3376,20.3366,12.6998,7.637799999999999,2938.1
20241124,202411,543,TOKEN,GW-ATLAS,Voided,EGP,1,6.4843,0.0,0.0,0.0,0.0,0.0201,-0.0201,316.43
20241124,202411,205,LDEBIT,GW-NILE,Success,EGP,110,3252.3325,3252.3325,0.0,25.1977,25.1977,17.022,8.175700000000003,158711.55
20241125,202411,240,LDEBIT,GW-NIMBUS,Success,SAR,47,2312.72,2312.72,0.0,28.0453,28.0443,12.5227,15.5226,8672.7
20241125,202411,426,WALLET,GW-NILE,Success,EGP,4,31.414,31.414,0.0,0.7963,0.7963,0.3945,0.4018,1532.98
20241125,202411,12,CARD,GW-ATLAS,Failed,OMR,68,2585.2016,0.0,0.0,0.0,0.0,1.3524,-1.3524,994.01
20241125,202411,162,CARD,GW-NILE,Failed,EGP,55,1002.1644,0.0,0.0,0.0,0.0,0.44,-0.44,48904.92
20241125,202411,387,LDEBIT,GW-NIMBUS,Refunded,SAR,6,368.0667,0.0,368.0667,0.0,0.0,0.8987,-0.8987,1380.25
20241125,202411,479,CARD,GW-NIMBUS,Success,OMR,489,4956.8531,4956.8531,0.0,164.2393,164.246,98.6996,65.53969999999998,1905.91
20241125,202411,208,TOKEN,GW-ORION,Failed,AED,2,100.9612,0.0,0.0,0.0,0.0,0.0245,-0.0245,370.78
20241125,202411,288,CARD,GW-ORION,Refunded,SAR,1,10.728,0.0,10.728,0.0,0.0,0.1493,-0.1493,40.23
20241126,202411,19,LDEBIT,GW-NILE,Success,EGP,2,3335.8626,3335.8626,0.0,24.5219,24.5219,13.5803,10.9416,162787.76
20241126,202411,248,TOKEN,GW-NIMBUS,Failed,SAR,1,11.848,0.0,0.0,0.0,0.0,0.016,-0.016,44.43
20241126,202411,191,CARD,GW-ORION,Refunded,SAR,22,251.024,0.0,251.024,0.0,0.0,3.3013,-3.3013,941.34
20241126,202411,339,LDEBIT,GW-NIMBUS,Failed,SAR,2,64.5067,0.0,0.0,0.0,0.0,0.0293,-0.0293,241.9
20241127,202411,512,BANKTR,GW-NILE,Voided,EGP,1,55.6074,0.0,0.0,0.0,0.0,0.008,-0.008,2713.6
20241127,202411,245,CARD,GW-ATLAS,Failed,EGP,7,52.9204,0.0,0.0,0.0,0.0,0.14,-0.14,2582.48
20241127,202411,585,TOKEN,GW-NIMBUS,Success,AED,10,388.2124,388.2124,0.0,10.1239,10.123,6.0858,4.038100000000001,1425.71
20241127,202411,245,BNPL,GW-ATLAS,Failed,EGP,7,52.9204,0.0,0.0,0.0,0.0,0.14,-0.14,2582.48
20241127,202411,213,CARD,GW-NILE,Voided,EGP,1,8.9585,0.0,0.0,0.0,0.0,0.008,-0.008,437.17
20241127,202411,382,BANKTR,GW-NIMBUS,Failed,SAR,6,222.4747,0.0,0.0,0.0,0.0,0.0907,-0.0907,834.28
20241127,202411,205,WALLET,GW-NILE,Refunded,EGP,1,37.8186,0.0,37.8186,0.0,0.0,0.15,-0.15,1845.52
20241127,202411,312,CARD,GW-ATLAS,Voided,EGP,1,56.1229,0.0,0.0,0.0,0.0,0.0201,-0.0201,2738.76
20241128,202411,472,BNPL,GW-ATLAS,Failed,AED,2,124.2968,0.0,0.0,0.0,0.0,0.0408,-0.0408,456.48
20241128,202411,616,LDEBIT,GW-NIMBUS,Refunded,SAR,1,35.7253,0.0,35.7253,0.0,0.0,0.1493,-0.1493,133.97
20241128,202411,594,CARD,GW-ORION,Success,SAR,3,123.176,123.176,0.0,3.336,3.3365,1.7573,1.5786999999999998,461.91
20241128,202411,159,LDEBIT,GW-NILE,Success,EGP,49,790.0212,790.0212,0.0,11.9192,11.9193,4.9146,7.0046,38552.48
20241129,202411,467,CARD,GW-NIMBUS,Failed,SAR,5,316.7253,0.0,0.0,0.0,0.0,0.0747,-0.0747,1187.72
20241129,202411,30,CARD,GW-ORION,Refunded,AED,1,20.9803,0.0,20.9803,0.0,0.0,0.1498,-0.1498,77.05
20241129,202411,115,TOKEN,GW-NIMBUS,Success,AED,1,56.8033,56.8033,0.0,1.5221,1.5217,0.8604,0.6617,208.61
20241129,202411,128,WALLET,GW-NILE,Success,EGP,3,56.5725,56.5725,0.0,1.2666,1.2667,0.5633,0.7032999999999999,2760.7
20241129,202411,429,TOKEN,GW-NILE,Success,EGP,27,622.0354,622.0354,0.0,17.7843,17.7844,9.2686,8.515700000000002,30354.89
20241129,202411,319,LDEBIT,GW-NIMBUS,Failed,SAR,1,50.2053,0.0,0.0,0.0,0.0,0.016,-0.016,188.27
20241129,202411,222,LDEBIT,GW-NILE,Success,EGP,2,267.5653,267.5653,0.0,3.2498,3.2499,1.1537,2.0961,13057.0
20241129,202411,265,CARD,GW-NIMBUS,Failed,SAR,2,107.8053,0.0,0.0,0.0,0.0,0.0293,-0.0293,404.27
20241130,202411,509,TOKEN,GW-NIMBUS,Refunded,AED,1,281.0892,0.0,281.0892,0.0,0.0,0.1498,-0.1498,1032.3
20241130,202411,152,CARD,GW-ORION,Voided,AED,12,309.435,0.0,0.0,0.0,0.0,0.1443,-0.1443,1136.4
20241201,202412,186,CARD,GW-ATLAS,Success,AED,29,904.2614,904.2614,0.0,23.1749,23.1739,15.3302,7.844700000000001,3320.9
20241201,202412,449,LDEBIT,GW-NILE,Success,EGP,3,92.9051,92.9051,0.0,1.2119,1.2119,0.4812,0.7306999999999999,4554.47
20241201,202412,208,TOKEN,GW-ORION,Success,AED,5,267.2566,267.2566,0.0,6.8618,6.8607,3.853,3.0087999999999995,981.5
20241201,202412,396,CARD,GW-NILE,Voided,EGP,2,15.2458,0.0,0.0,0.0,0.0,0.0159,-0.0159,747.39
20241201,202412,161,CARD,GW-NIMBUS,Refunded,OMR,1,56.4889,0.0,56.4889,0.0,0.0,0.156,-0.156,21.72
20241202,202412,45,CARD,GW-NIMBUS,Success,AED,4155,172805.9115,172805.9115,0.0,3680.9721,3680.9717,2602.9544,1078.0177,634629.71
20241202,202412,463,TOKEN,GW-ORION,Success,AED,7,461.2907,461.2907,0.0,10.8019,10.8023,6.5514,4.2505,1694.09
20241202,202412,625,LDEBIT,GW-NIMBUS,Success,SAR,3,108.528,108.528,0.0,1.4293,1.4288,0.624,0.8053,406.98
20241202,202412,165,CARD,GW-ORION,Success,AED,195,2476.757,2476.757,0.0,79.2485,79.2484,43.3547,35.893800000000006,9095.89
20241202,202412,630,LDEBIT,GW-NILE,Success,EGP,69,1830.1362,1830.1362,0.0,18.0035,18.0036,9.8271,8.1764,89718.4
20241203,202412,571,WALLET,GW-NILE,Failed,EGP,9,175.7656,0.0,0.0,0.0,0.0,0.072,-0.072,8616.52
20241203,202412,461,WALLET,GW-NILE,Success,EGP,8,59.0005,59.0005,0.0,1.393,1.393,0.7578,0.6352,2892.37
20241203,202412,616,BNPL,GW-ATLAS,Voided,SAR,1,41.3813,0.0,0.0,0.0,0.0,0.0213,-0.0213,155.18
20241204,202412,513,LDEBIT,GW-NIMBUS,Success,OMR,15,406.814,406.814,0.0,5.0455,5.0543,2.4967,2.5487999999999995,156.42
20241204,202412,214,CARD,GW-ATLAS,Success,EGP,2,65.6495,65.6495,0.0,1.7435,1.7436,1.1052,0.6383000000000001,3218.32
20241204,202412,493,TOKEN,GW-NIMBUS,Success,AED,1,30.9517,30.9517,0.0,0.8496,0.8488,0.4983,0.3513,113.67
20241204,202412,220,BNPL,GW-NILE,Failed,EGP,1,31.6406,0.0,0.0,0.0,0.0,0.008,-0.008,1551.11
20241204,202412,566,TOKEN,GW-ATLAS,Success,EGP,17,133.2082,133.2082,0.0,4.7984,4.7984,3.2722,1.5261999999999998,6530.24
20241204,202412,340,CARD,GW-NIMBUS,Success,SAR,10,143.1013,143.1013,0.0,4.432,4.4315,2.5813,1.8507,536.63
20241205,202412,15,BNPL,GW-ATLAS,Success,AED,40,449.7481,449.7481,0.0,19.7522,19.7529,16.3431,3.4090999999999987,1651.7
20241205,202412,105,WALLET,GW-NILE,Failed,EGP,3,17.3964,0.0,0.0,0.0,0.0,0.0241,-0.0241,852.82
20241205,202412,264,TOKEN,GW-ORION,Failed,AED,1,13.1273,0.0,0.0,0.0,0.0,0.0109,-0.0109,48.21
20241205,202412,486,CARD,GW-ORION,Success,SAR,10,399.0667,399.0667,0.0,10.928,10.9269,5.712,5.216000000000001,1496.5
20241205,202412,127,LDEBIT,GW-NILE,Success,EGP,1,24.0625,24.0625,0.0,0.3425,0.3425,0.1324,0.2101,1179.61
20241205,202412,206,WALLET,GW-NILE,Failed,EGP,2,8.677,0.0,0.0,0.0,0.0,0.0159,-0.0159,425.37
20241206,202412,120,CARD,GW-ORION,Voided,SAR,4,305.8693,0.0,0.0,0.0,0.0,0.048,-0.048,1147.01
20241206,202412,606,TOKEN,GW-NILE,Success,EGP,4,102.9558,102.9558,0.0,2.7226,2.7227,1.5093,1.2132999999999998,5047.18
20241206,202412,63,CARD,GW-ORION,Failed,SAR,1,48.0373,0.0,0.0,0.0,0.0,0.0107,-0.0107,180.14
20241206,202412,171,TOKEN,GW-NILE,Success,EGP,11,517.061,517.061,0.0,13.5767,13.5767,7.0979,6.478800000000001,25347.78
20241206,202412,45,TOKEN,GW-NIMBUS,Success,AED,967,40428.6726,40428.6726,0.0,878.1974,878.1975,628.8577,249.3397,148474.3
20241206,202412,79,TOKEN,GW-ORION,Success,SAR,11,435.1733,435.1733,0.0,11.792,11.7922,6.4427,5.3493,1631.9
20241206,202412,504,BNPL,GW-ATLAS,Failed,SAR,1,12.776,0.0,0.0,0.0,0.0,0.0213,-0.0213,47.91
20241206,202412,164,TOKEN,GW-NILE,Failed,EGP,7,58.6686,0.0,0.0,0.0,0.0,0.0561,-0.0561,2876.1
20241207,202412,52,CARD,GW-NILE,Success,EGP,10,665.113,665.113,0.0,15.8755,15.8754,8.6111,7.2644,32605.7
20241207,202412,178,WALLET,GW-NILE,Success,EGP,2,51.21,51.21,0.0,1.0293,1.0293,0.4849,0.5444000000000001,2510.46
20241207,202412,235,CARD,GW-NIMBUS,Success,AED,9,870.3717,870.3717,0.0,20.9803,20.981,12.3349,8.6454,3196.44
20241208,202412,97,CARD,GW-NIMBUS,Success,AED,36,444.5201,444.5201,0.0,14.2301,14.2307,8.3404,5.8897,1632.5
20241208,202412,537,CARD,GW-ATLAS,Success,EGP,1,114.5955,114.5955,0.0,3.0363,3.0364,1.7449,1.2914000000000003,5617.79
20241208,202412,480,TOKEN,GW-ATLAS,Success,OMR,11,901.8466,901.8466,0.0,13.8882,13.8958,14.4603,-0.5721000000000007,346.76
20241208,202412,403,CARD,GW-NIMBUS,Voided,SAR,1,18.24,0.0,0.0,0.0,0.0,0.016,-0.016,68.4
20241208,202412,336,CARD,GW-NILE,Success,EGP,2,227.0093,227.0093,0.0,4.9967,4.9967,2.8642,2.1325,11128.63
20241209,202412,171,WALLET,GW-NILE,Voided,EGP,1,46.5414,0.0,0.0,0.0,0.0,0.008,-0.008,2281.59
20241209,202412,429,CARD,GW-NILE,Voided,EGP,1,26.0401,0.0,0.0,0.0,0.0,0.008,-0.008,1276.56
20241209,202412,357,TOKEN,GW-NILE,Failed,EGP,5,36.3902,0.0,0.0,0.0,0.0,0.04,-0.04,1783.95
20241209,202412,510,CARD,GW-ORION,Success,SAR,13,590.7493,590.7493,0.0,14.952,14.9522,8.3467,6.6053,2215.31
20241209,202412,472,CARD,GW-NIMBUS,Failed,AED,3,186.4452,0.0,0.0,0.0,0.0,0.0463,-0.0463,684.72
20241209,202412,69,LDEBIT,GW-NIMBUS,Success,AED,1,122.8536,122.8536,0.0,1.4404,1.4412,0.599,0.8413999999999999,451.18
20241210,202412,259,LDEBIT,GW-NILE,Failed,EGP,1,6.8225,0.0,0.0,0.0,0.0,0.008,-0.008,334.46
20241210,202412,377,LDEBIT,GW-NIMBUS,Failed,OMR,1,12.1977,0.0,0.0,0.0,0.0,0.026,-0.026,4.69
20241210,202412,24,BNPL,GW-NILE,Success,EGP,2,381.9092,381.9092,0.0,16.9988,16.9988,11.0151,5.983699999999999,18722.26
20241210,202412,384,LDEBIT,GW-NIMBUS,Success,AED,4,50.9598,50.9598,0.0,0.8223,0.823,0.4084,0.4139,187.15
20241210,202412,289,CARD,GW-ATLAS,Success,EGP,3,89.9373,89.9373,0.0,2.4807,2.4807,1.5334,0.9473,4408.98
20241210,202412,443,CARD,GW-ORION,Success,SAR,47,784.6667,784.6667,0.0,22.104,22.1039,12.856,9.248,2942.5
20241210,202412,384,TOKEN,GW-ORION,Success,AED,2,23.5398,23.5398,0.0,0.8005,0.8004,0.4329,0.3676,86.45
20241210,202412,130,WALLET,GW-NILE,Failed,EGP,3,19.9503,0.0,0.0,0.0,0.0,0.0241,-0.0241,978.02
20241210,202412,500,CARD,GW-NILE,Success,EGP,693,3871.5053,3871.5053,0.0,157.1832,157.1832,83.7678,73.4154,189792.03
20241210,202412,205,WALLET,GW-NILE,Refunded,EGP,4,115.3465,0.0,115.3465,0.0,0.0,0.5999,-0.5999,5654.61
20241211,202412,375,LDEBIT,GW-NILE,Success,EGP,58,1479.6909,1479.6909,0.0,13.0821,13.0821,8.0228,5.0593,72538.59
20241211,202412,332,TOKEN,GW-ATLAS,Success,EGP,1,193.6623,193.6623,0.0,3.1047,3.1048,3.0021,0.1025999999999998,9493.87
20241211,202412,563,CARD,GW-NIMBUS,Failed,AED,3,102.821,0.0,0.0,0.0,0.0,0.0463,-0.0463,377.61
20241211,202412,165,LDEBIT,GW-NIMBUS,Failed,AED,3,40.4329,0.0,0.0,0.0,0.0,0.0463,-0.0463,148.49
20241211,202412,34,LDEBIT,GW-NIMBUS,Success,AED,4,460.8169,460.8169,0.0,5.5711,5.5713,2.2546,3.3165000000000004,1692.35
20241212,202412,473,CARD,GW-ORION,Failed,SAR,4,103.9707,0.0,0.0,0.0,0.0,0.048,-0.048,389.89
20241212,202412,660,CARD,GW-ATLAS,Success,EGP,5,125.8745,125.8745,0.0,3.4341,3.4341,2.2053,1.2288,6170.72
20241212,202412,516,TOKEN,GW-ORION,Failed,SAR,13,452.0187,0.0,0.0,0.0,0.0,0.1547,-0.1547,1695.07
20241212,202412,571,CARD,GW-ATLAS,Failed,EGP,38,742.1212,0.0,0.0,0.0,0.0,0.7601,-0.7601,36380.86
20241212,202412,152,LDEBIT,GW-NIMBUS,Failed,AED,4,103.145,0.0,0.0,0.0,0.0,0.0599,-0.0599,378.8
20241212,202412,506,CARD,GW-ORION,Failed,SAR,5,54.9973,0.0,0.0,0.0,0.0,0.0587,-0.0587,206.24
20241213,202412,143,CARD,GW-ORION,Failed,SAR,68,606.528,0.0,0.0,0.0,0.0,0.816,-0.816,2274.48
20241213,202412,313,TOKEN,GW-ATLAS,Voided,EGP,1,49.795,0.0,0.0,0.0,0.0,0.02,-0.02,2441.09
20241213,202412,455,BNPL,GW-ATLAS,Failed,SAR,22,351.824,0.0,0.0,0.0,0.0,0.44,-0.44,1319.34
20241213,202412,541,TOKEN,GW-ATLAS,Failed,EGP,1,23.9401,0.0,0.0,0.0,0.0,0.02,-0.02,1173.61
20241214,202412,483,WALLET,GW-NILE,Refunded,EGP,2,10.7946,0.0,10.7946,0.0,0.0,0.3001,-0.3001,529.18
20241214,202412,534,CARD,GW-ORION,Refunded,SAR,24,1047.0667,0.0,1047.0667,0.0,0.0,3.6,-3.6,3926.5
20241214,202412,311,LDEBIT,GW-NILE,Success,EGP,4,76.9509,76.9509,0.0,1.0685,1.0685,0.4516,0.6169,3772.35
20241214,202412,184,CARD,GW-NILE,Voided,EGP,2,8.5319,0.0,0.0,0.0,0.0,0.0159,-0.0159,418.26
20241214,202412,235,CARD,GW-NIMBUS,Success,AED,11,912.9312,912.9312,0.0,22.1702,22.1707,13.0402,9.13,3352.74
20241214,202412,50,WALLET,GW-NILE,Success,EGP,1,13.0054,13.0054,0.0,0.3054,0.3054,0.1403,0.1651,637.56
20241214,202412,134,TOKEN,GW-NIMBUS,Refunded,AED,2,96.7978,0.0,96.7978,0.0,0.0,0.2995,-0.2995,355.49
20241214,202412,257,LDEBIT,GW-NIMBUS,Success,AED,4,138.7774,138.7774,0.0,1.7318,1.733,0.8033,0.9285,509.66
20241214,202412,223,TOKEN,GW-ORION,Success,AED,27,300.8305,300.8305,0.0,9.3751,9.3754,5.6065,3.7686,1104.8
20241214,202412,198,CARD,GW-NIMBUS,Voided,AED,16,1257.6664,0.0,0.0,0.0,0.0,0.2396,-0.2396,4618.78
20241215,202412,51,TOKEN,GW-ATLAS,Success,OMR,1,71.4694,71.4694,0.0,1.6905,1.6859,1.1443,0.5461999999999998,27.48
20241215,202412,278,CARD,GW-NIMBUS,Success,SAR,19,635.616,635.616,0.0,17.8027,17.8028,9.816,7.986700000000001,2383.56
20241215,202412,375,WALLET,GW-NILE,Failed,EGP,14,365.5909,0.0,0.0,0.0,0.0,0.112,-0.112,17922.29
20241216,202412,453,CARD,GW-NILE,Failed,EGP,1,83.8957,0.0,0.0,0.0,0.0,0.008,-0.008,4112.8
20241217,202412,40,BNPL,GW-ATLAS,Success,EGP,1,82.2187,82.2187,0.0,4.0518,4.0517,2.8615,1.1903,4030.59
20241217,202412,418,CARD,GW-ATLAS,Failed,OMR,1,143.381,0.0,0.0,0.0,0.0,0.026,-0.026,55.13
20241217,202412,401,BNPL,GW-NILE,Success,EGP,2,39.8708,39.8708,0.0,1.7614,1.7615,1.1644,0.597,1954.58
20241217,202412,190,LDEBIT,GW-NIMBUS,Failed,SAR,2,110.3227,0.0,0.0,0.0,0.0,0.0293,-0.0293,413.71
20241217,202412,318,CARD,GW-ORION,Success,AED,33,1138.9598,1138.9598,0.0,28.9993,29.0005,16.5636,12.4357,4182.83
20241218,202412,308,CARD,GW-ATLAS,Voided,OMR,1,217.6853,0.0,0.0,0.0,0.0,0.026,-0.026,83.7
20241218,202412,613,CARD,GW-ATLAS,Success,EGP,2,264.5112,264.5112,0.0,6.4127,6.4128,4.0047,2.4080000000000004,12967.08
20241218,202412,573,WALLET,GW-NILE,Failed,EGP,1,42.0088,0.0,0.0,0.0,0.0,0.008,-0.008,2059.39
20241218,202412,184,CARD,GW-NILE,Voided,EGP,4,17.0641,0.0,0.0,0.0,0.0,0.032,-0.032,836.53
20241218,202412,125,CARD,GW-ORION,Refunded,SAR,1,8.3467,0.0,8.3467,0.0,0.0,0.1493,-0.1493,31.3
20241218,202412,350,LDEBIT,GW-NIMBUS,Voided,SAR,1,27.5707,0.0,0.0,0.0,0.0,0.016,-0.016,103.39
20241218,202412,606,CARD,GW-ATLAS,Voided,EGP,1,24.275,0.0,0.0,0.0,0.0,0.02,-0.02,1190.03
20241218,202412,46,CARD,GW-NILE,Success,EGP,155,1239.1779,1239.1779,0.0,44.534,44.5339,23.271,21.263,60747.97
20241218,202412,286,CARD,GW-NILE,Success,EGP,23,419.1199,419.1199,0.0,12.8973,12.8972,6.3113,6.585999999999999,20546.43
20241219,202412,174,CARD,GW-NILE,Success,EGP,2,135.2038,135.2038,0.0,3.2489,3.2488,1.7488,1.5001,6628.07
20241219,202412,517,TOKEN,GW-ATLAS,Success,SAR,1,9.5573,9.5573,0.0,0.3333,0.3345,0.2187,0.1145999999999999,35.84
20241219,202412,269,LDEBIT,GW-NILE,Success,EGP,7,108.2135,108.2135,0.0,1.6003,1.6003,0.6834,0.9169,5304.93
20241220,202412,17,CARD,GW-NIMBUS,Success,AED,2,86.5323,86.5323,0.0,2.2246,2.2236,1.2988,0.9258000000000002,317.79
20241220,202412,114,TOKEN,GW-ORION,Refunded,SAR,2,320.5493,0.0,320.5493,0.0,0.0,0.2987,-0.2987,1202.06
20241220,202412,190,CARD,GW-ORION,Failed,SAR,2,110.3227,0.0,0.0,0.0,0.0,0.024,-0.024,413.71
20241220,202412,298,CARD,GW-ORION,Success,AED,32,363.0361,363.0361,0.0,11.1314,11.1323,6.5568,4.574599999999999,1333.25
20241220,202412,52,CARD,GW-NILE,Success,EGP,8,738.9835,738.9835,0.0,17.3119,17.3119,9.4026,7.909300000000002,36227.04
20241220,202412,270,CARD,GW-ORION,Failed,AED,2,149.6011,0.0,0.0,0.0,0.0,0.0245,-0.0245,549.41
20241221,202412,123,CARD,GW-ATLAS,Voided,EGP,1,7.953,0.0,0.0,0.0,0.0,0.02,-0.02,389.88
20241221,202412,340,CARD,GW-NIMBUS,Voided,SAR,1,13.0853,0.0,0.0,0.0,0.0,0.016,-0.016,49.07
20241221,202412,140,TOKEN,GW-ATLAS,Success,EGP,3,220.7581,220.7581,0.0,5.7461,5.7461,3.5598,2.1863,10822.18
20241221,202412,492,LDEBIT,GW-NIMBUS,Refunded,SAR,1,146.4907,0.0,146.4907,0.0,0.0,0.1493,-0.1493,549.34
20241221,202412,199,WALLET,GW-NILE,Success,EGP,1,87.4242,87.4242,0.0,1.5638,1.5637,0.7431,0.8207000000000001,4285.78
20241221,202412,255,WALLET,GW-NILE,Success,EGP,1,28.5843,28.5843,0.0,0.5938,0.5938,0.2666,0.3272,1401.28
20241222,202412,284,LDEBIT,GW-NILE,Success,EGP,35,154.0036,154.0036,0.0,3.6583,3.6584,1.8487,1.8096,7549.69
20241222,202412,1,TOKEN,GW-ORION,Success,SAR,4,212.728,212.728,0.0,5.7893,5.7893,3.0667,2.7226,797.73
20241222,202412,181,CARD,GW-ORION,Failed,AED,9,106.2764,0.0,0.0,0.0,0.0,0.1089,-0.1089,390.3
20241222,202412,134,TOKEN,GW-NIMBUS,Success,AED,1,52.5119,52.5119,0.0,1.2961,1.2962,0.8005,0.4956,192.85
20241222,202412,6,TOKEN,GW-ORION,Success,AED,9,492.9122,492.9122,0.0,13.0619,13.0608,7.0905,5.9714,1810.22
20241222,202412,115,CARD,GW-ORION,Failed,AED,1,58.2274,0.0,0.0,0.0,0.0,0.0109,-0.0109,213.84
20241222,202412,205,WALLET,GW-NILE,Failed,EGP,6,183.7982,0.0,0.0,0.0,0.0,0.0479,-0.0479,9010.3
20241222,202412,552,CARD,GW-ORION,Failed,SAR,11,176.9307,0.0,0.0,0.0,0.0,0.1333,-0.1333,663.49
20241223,202412,520,CARD,GW-NIMBUS,Success,AED,48,570.5214,570.5214,0.0,18.9381,18.9379,10.821,8.117099999999999,2095.24
20241223,202412,126,TOKEN,GW-NIMBUS,Success,OMR,8,127.4382,127.4382,0.0,4.1092,4.1126,2.3147,1.7945000000000002,49.0
20241223,202412,197,WALLET,GW-NILE,Failed,EGP,1,5.9148,0.0,0.0,0.0,0.0,0.008,-0.008,289.96
20241223,202412,186,CARD,GW-ATLAS,Failed,AED,5,165.0865,0.0,0.0,0.0,0.0,0.1007,-0.1007,606.28
20241223,202412,192,CARD,GW-ATLAS,Failed,EGP,4,5217.6634,0.0,0.0,0.0,0.0,0.08,-0.08,255784.47
20241223,202412,395,TOKEN,GW-NILE,Success,EGP,14,123.3877,123.3877,0.0,4.175,4.175,2.2967,1.8783,6048.81
20241223,202412,289,BNPL,GW-NILE,Success,EGP,2,62.0972,62.0972,0.0,2.9906,2.9906,1.8045,1.1861000000000002,3044.18
20241223,202412,148,BANKTR,GW-NIMBUS,Success,SAR,36,3392.1813,3392.1813,0.0,22.176,22.1757,14.8373,7.338699999999998,12720.68
20241223,202412,581,LDEBIT,GW-NILE,Refunded,EGP,5,25.8924,0.0,25.8924,0.0,0.0,0.7501,-0.7501,1269.32
20241223,202412,483,WALLET,GW-NILE,Voided,EGP,3,25.3743,0.0,0.0,0.0,0.0,0.0241,-0.0241,1243.92
20241224,202412,22,WALLET,GW-NILE,Refunded,EGP,1,6.16,0.0,6.16,0.0,0.0,0.1499,-0.1499,301.98
20241224,202412,432,CARD,GW-ORION,Success,AED,67,4385.6419,4385.6419,0.0,99.5453,99.544,60.2097,39.3356,16106.27
20241224,202412,345,CARD,GW-ORION,Failed,AED,434,7500.482,0.0,0.0,0.0,0.0,5.209,-5.209,27545.52
20241224,202412,471,CARD,GW-NIMBUS,Refunded,SAR,1,35.824,0.0,35.824,0.0,0.0,0.1493,-0.1493,134.34
20241224,202412,483,LDEBIT,GW-NILE,Refunded,EGP,4,46.1302,0.0,46.1302,0.0,0.0,0.5999,-0.5999,2261.43
20241224,202412,417,LDEBIT,GW-NILE,Voided,EGP,23,190.217,0.0,0.0,0.0,0.0,0.184,-0.184,9324.97
20241224,202412,273,CARD,GW-ORION,Failed,SAR,1,275.088,0.0,0.0,0.0,0.0,0.0107,-0.0107,1031.58
20241225,202412,433,BNPL,GW-NILE,Failed,EGP,15,154.0247,0.0,0.0,0.0,0.0,0.1199,-0.1199,7550.72
20241225,202412,299,CARD,GW-ORION,Refunded,SAR,1,89.0213,0.0,89.0213,0.0,0.0,0.1493,-0.1493,333.83
20241225,202412,604,LDEBIT,GW-NIMBUS,Failed,SAR,13,460.304,0.0,0.0,0.0,0.0,0.1947,-0.1947,1726.14
20241225,202412,184,TOKEN,GW-ATLAS,Success,EGP,52,236.8955,236.8955,0.0,10.6628,10.6628,7.4298,3.2330000000000005,11613.28
20241225,202412,435,CARD,GW-NIMBUS,Success,SAR,5,207.3253,207.3253,0.0,5.384,5.3846,3.1227,2.2613000000000003,777.47
20241225,202412,604,CARD,GW-NIMBUS,Voided,SAR,7,247.856,0.0,0.0,0.0,0.0,0.104,-0.104,929.46
20241226,202412,375,CARD,GW-ATLAS,Failed,EGP,43,1122.8867,0.0,0.0,0.0,0.0,0.86,-0.86,55047.05
20241226,202412,222,WALLET,GW-NILE,Success,EGP,2,247.8575,247.8575,0.0,4.8722,4.8723,2.0776,2.7946000000000004,12150.67
20241226,202412,315,LDEBIT,GW-NIMBUS,Voided,SAR,1,13.648,0.0,0.0,0.0,0.0,0.016,-0.016,51.18
20241226,202412,250,CARD,GW-NIMBUS,Failed,AED,6,72.1253,0.0,0.0,0.0,0.0,0.0899,-0.0899,264.88
20241226,202412,246,CARD,GW-ATLAS,Refunded,EGP,1,9.68,0.0,9.68,0.0,0.0,0.1499,-0.1499,474.54
20241226,202412,161,CARD,GW-NIMBUS,Failed,OMR,6,301.6905,0.0,0.0,0.0,0.0,0.078,-0.078,116.0
20241226,202412,359,CARD,GW-ATLAS,Success,SAR,20,203.5973,203.5973,0.0,7.0747,7.0739,4.448,2.6267,763.49
20241226,202412,588,LDEBIT,GW-NILE,Success,EGP,11,420.9613,420.9613,0.0,5.0964,5.0964,2.0898,3.0066,20636.7
20241226,202412,222,LDEBIT,GW-NILE,Success,EGP,4,440.1173,440.1173,0.0,5.3834,5.3834,1.9226,3.4608,21575.78
20241227,202412,139,LDEBIT,GW-NILE,Success,EGP,3,16.3026,16.3026,0.0,0.3517,0.3517,0.1709,0.1808,799.2
20241227,202412,61,WALLET,GW-NILE,Refunded,EGP,1,167.102,0.0,167.102,0.0,0.0,0.1499,-0.1499,8191.81
20241227,202412,179,TOKEN,GW-ATLAS,Failed,SAR,1,14.4987,0.0,0.0,0.0,0.0,0.0213,-0.0213,54.37
20241227,202412,320,LDEBIT,GW-NIMBUS,Success,OMR,7,66.4499,66.4499,0.0,1.1183,1.1265,0.6242,0.4941000000000001,25.55
20241227,202412,95,BNPL,GW-ATLAS,Success,AED,1,33.5902,33.5902,0.0,1.4949,1.4948,1.1818,0.3130999999999999,123.36
20241227,202412,571,TOKEN,GW-NILE,Voided,EGP,4,78.1179,0.0,0.0,0.0,0.0,0.032,-0.032,3829.56
20241228,202412,549,LDEBIT,GW-NILE,Success,EGP,1,23.3712,23.3712,0.0,0.2895,0.2896,0.1297,0.1597999999999999,1145.72
20241228,202412,115,LDEBIT,GW-NIMBUS,Success,AED,1,55.3982,55.3982,0.0,0.7134,0.7139,0.2941,0.4193,203.45
20241228,202412,479,TOKEN,GW-ATLAS,Voided,OMR,3,30.3511,0.0,0.0,0.0,0.0,0.052,-0.052,11.67
20241228,202412,559,CARD,GW-NILE,Success,EGP,4,657.6283,657.6283,0.0,15.0322,15.0322,8.2021,6.8301,32238.78
20241228,202412,557,TOKEN,GW-ORION,Failed,SAR,2,91.592,0.0,0.0,0.0,0.0,0.024,-0.024,343.47
20241228,202412,387,CARD,GW-ORION,Failed,SAR,16,741.5147,0.0,0.0,0.0,0.0,0.192,-0.192,2780.68
20241228,202412,123,LDEBIT,GW-NILE,Failed,EGP,2,15.9063,0.0,0.0,0.0,0.0,0.0159,-0.0159,779.77
20241228,202412,345,CARD,GW-ORION,Failed,AED,413,7137.5575,0.0,0.0,0.0,0.0,4.9558,-4.9558,26212.68
20241229,202412,288,CARD,GW-ORION,Success,SAR,91,906.0827,906.0827,0.0,30.6587,30.6577,17.0293,13.6294,3397.81
20241229,202412,571,TOKEN,GW-NILE,Failed,EGP,2,39.059,0.0,0.0,0.0,0.0,0.0159,-0.0159,1914.78
20241229,202412,509,CARD,GW-ORION,Success,AED,6,1580.7978,1580.7978,0.0,36.7515,36.7512,20.6236,16.1279,5805.48
20241229,202412,245,WALLET,GW-NILE,Failed,EGP,4,30.2402,0.0,0.0,0.0,0.0,0.032,-0.032,1482.46
20241229,202412,349,CARD,GW-NIMBUS,Success,AED,2,66.5459,66.5459,0.0,1.8761,1.8763,1.0293,0.8468,244.39
20241229,202412,605,CARD,GW-ATLAS,Success,EGP,6,219.2445,219.2445,0.0,5.2765,5.2765,3.6406,1.6359000000000004,10747.98
20241229,202412,459,CARD,GW-ATLAS,Voided,SAR,3,140.8133,0.0,0.0,0.0,0.0,0.0587,-0.0587,528.05
20241230,202412,452,CARD,GW-NIMBUS,Success,SAR,3,1017.0613,1017.0613,0.0,23.1333,23.133,13.9253,9.207999999999998,3813.98
20241230,202412,349,TOKEN,GW-ORION,Refunded,AED,1,29.3179,0.0,29.3179,0.0,0.0,0.1498,-0.1498,107.67
20241230,202412,441,CARD,GW-NIMBUS,Success,AED,39,623.6624,623.6624,0.0,18.113,18.1133,10.9544,7.1586,2290.4
20241230,202412,164,LDEBIT,GW-NILE,Refunded,EGP,6,41.0431,0.0,41.0431,0.0,0.0,0.9,-0.9,2012.05
20241230,202412,598,WALLET,GW-NILE,Refunded,EGP,4,143.9732,0.0,143.9732,0.0,0.0,0.5999,-0.5999,7057.97
20241231,202412,246,TOKEN,GW-NILE,Success,EGP,8,44.5582,44.5582,0.0,1.802,1.8021,0.9855,0.8165,2184.37
20241231,202412,236,CARD,GW-ATLAS,Success,EGP,25,39627.7979,39627.7979,0.0,638.9649,638.965,579.6234,59.3415,1942665.61
20241231,202412,488,CARD,GW-ATLAS,Success,AED,39,539.8557,539.8557,0.0,18.2274,18.2284,10.7583,7.469099999999999,1982.62
20241231,202412,376,CARD,GW-NILE,Failed,EGP,1,222.1366,0.0,0.0,0.0,0.0,0.008,-0.008,10889.76
20241231,202412,162,LDEBIT,GW-NILE,Failed,EGP,13,236.8753,0.0,0.0,0.0,0.0,0.104,-0.104,11612.29
20241231,202412,401,CARD,GW-NILE,Success,EGP,12,352.8375,352.8375,0.0,8.9942,8.9942,4.923,4.071199999999999,17297.08
20241231,202412,595,WALLET,GW-NILE,Failed,EGP,1,19.9122,0.0,0.0,0.0,0.0,0.008,-0.008,976.15
20250101,202501,449,CARD,GW-NILE,Voided,EGP,1,34.8881,0.0,0.0,0.0,0.0,0.008,-0.008,1709.73
20250101,202501,446,LDEBIT,GW-NIMBUS,Refunded,OMR,7,187.3342,0.0,187.3342,0.0,0.0,1.0403,-1.0403,72.03
20250101,202501,99,CARD,GW-NILE,Success,EGP,8,213.6926,213.6926,0.0,5.8703,5.8703,3.0204,2.8499000000000003,10472.24
20250101,202501,320,CARD,GW-ATLAS,Failed,OMR,1,9.6489,0.0,0.0,0.0,0.0,0.026,-0.026,3.71
20250101,202501,9,CARD,GW-ORION,Failed,SAR,1,2423.0267,0.0,0.0,0.0,0.0,0.0107,-0.0107,9086.35
20250101,202501,539,CARD,GW-ATLAS,Success,EGP,18,90.1741,90.1741,0.0,3.8279,3.8278,2.6468,1.1811000000000005,4419.08
20250101,202501,108,LDEBIT,GW-NILE,Failed,EGP,236,2313.2216,0.0,0.0,0.0,0.0,1.8879,-1.8879,113361.97
20250102,202501,31,TOKEN,GW-ATLAS,Success,AED,6,247.5153,247.5153,0.0,6.1566,6.1567,4.1852,1.9714,909.0
20250102,202501,382,BANKTR,GW-NIMBUS,Failed,SAR,19,704.4987,0.0,0.0,0.0,0.0,0.2853,-0.2853,2641.87
20250102,202501,616,CARD,GW-ATLAS,Voided,SAR,4,165.5227,0.0,0.0,0.0,0.0,0.08,-0.08,620.71
20250103,202501,3,TOKEN,GW-ATLAS,Success,SAR,22,673.448,673.448,0.0,19.1467,19.1462,11.8107,7.3359999999999985,2525.43
20250103,202501,134,CARD,GW-ATLAS,Failed,AED,1,44.7161,0.0,0.0,0.0,0.0,0.0191,-0.0191,164.22
20250103,202501,417,TOKEN,GW-NILE,Failed,EGP,13,107.514,0.0,0.0,0.0,0.0,0.1041,-0.1041,5268.84
20250103,202501,268,LDEBIT,GW-NILE,Success,EGP,2,176.5115,176.5115,0.0,2.053,2.0529,0.7848,1.2681999999999998,8650.14
20250103,202501,510,CARD,GW-ORION,Failed,SAR,3,145.656,0.0,0.0,0.0,0.0,0.0373,-0.0373,546.21
20250103,202501,285,TOKEN,GW-ATLAS,Success,SAR,406,21027.1867,21027.1867,0.0,371.976,371.9751,347.976,24.0,78851.95
20250104,202501,31,CARD,GW-NIMBUS,Success,AED,15,626.5841,626.5841,0.0,15.2594,15.2598,9.435,5.824399999999999,2301.13
20250104,202501,212,CARD,GW-NIMBUS,Voided,AED,1,39.3901,0.0,0.0,0.0,0.0,0.0163,-0.0163,144.66
20250104,202501,395,TOKEN,GW-NILE,Success,EGP,17,129.3578,129.3578,0.0,4.6092,4.6093,2.5309,2.0783000000000005,6339.32
20250105,202501,22,BNPL,GW-ATLAS,Failed,EGP,1,6.9236,0.0,0.0,0.0,0.0,0.02,-0.02,339.3
20250105,202501,459,TOKEN,GW-ORION,Success,SAR,24,1159.52,1159.52,0.0,28.8373,28.8371,16.8507,11.9866,4348.2
20250105,202501,308,TOKEN,GW-ATLAS,Refunded,OMR,1,198.8557,0.0,198.8557,0.0,0.0,0.156,-0.156,76.46
20250106,202501,129,CARD,GW-ATLAS,Failed,AED,1,481.4922,0.0,0.0,0.0,0.0,0.0191,-0.0191,1768.28
20250106,202501,449,WALLET,GW-NILE,Success,EGP,2,80.7265,80.7265,0.0,1.6096,1.6096,0.7238,0.8857999999999999,3956.09
20250106,202501,630,CARD,GW-ATLAS,Voided,EGP,1,27.2697,0.0,0.0,0.0,0.0,0.02,-0.02,1336.38
20250106,202501,452,CARD,GW-NIMBUS,Success,SAR,4,1504.432,1504.432,0.0,34.1733,34.1745,20.5707,13.6026,5641.62
20250106,202501,395,WALLET,GW-NILE,Success,EGP,26,222.982,222.982,0.0,5.2245,5.2245,2.7162,2.5083,10927.48
20250107,202501,617,CARD,GW-NILE,Refunded,EGP,1,4.761,0.0,4.761,0.0,0.0,0.15,-0.15,233.32
20250107,202501,605,TOKEN,GW-ATLAS,Success,EGP,1,29.7692,29.7692,0.0,0.7489,0.749,0.524,0.2249,1458.87
20250107,202501,490,CARD,GW-ATLAS,Success,AED,6,350.6848,350.6848,0.0,8.9122,8.9132,5.5575,3.3547,1287.89
20250107,202501,160,LDEBIT,GW-NIMBUS,Failed,SAR,1,84.848,0.0,0.0,0.0,0.0,0.016,-0.016,318.18
20250108,202501,350,LDEBIT,GW-NIMBUS,Failed,SAR,1,27.5707,0.0,0.0,0.0,0.0,0.016,-0.016,103.39
20250108,202501,86,CARD,GW-NILE,Success,EGP,92,673.59,673.59,0.0,26.3988,26.3987,13.0602,13.3386,33010.02
20250108,202501,122,CARD,GW-NIMBUS,Success,AED,43,467.8421,467.8421,0.0,15.5943,15.5935,9.111,6.4833,1718.15
20250108,202501,481,TOKEN,GW-ORION,Failed,SAR,2,55.9173,0.0,0.0,0.0,0.0,0.024,-0.024,209.69
20250108,202501,238,TOKEN,GW-NIMBUS,Success,AED,2,557.0783,557.0783,0.0,12.8958,12.8958,7.9292,4.9666,2045.87
20250108,202501,562,TOKEN,GW-ATLAS,Failed,AED,2,110.3172,0.0,0.0,0.0,0.0,0.0408,-0.0408,405.14
20250108,202501,259,WALLET,GW-NILE,Voided,EGP,1,6.8226,0.0,0.0,0.0,0.0,0.008,-0.008,334.35
20250109,202501,226,TOKEN,GW-NILE,Voided,EGP,5,29.7002,0.0,0.0,0.0,0.0,0.04,-0.04,1455.49
20250109,202501,556,BNPL,GW-ATLAS,Failed,AED,9,123.0851,0.0,0.0,0.0,0.0,0.1797,-0.1797,452.03
20250109,202501,86,LDEBIT,GW-NILE,Failed,EGP,7,55.4498,0.0,0.0,0.0,0.0,0.0559,-0.0559,2717.38
20250109,202501,645,TOKEN,GW-ATLAS,Failed,EGP,1,14.1066,0.0,0.0,0.0,0.0,0.02,-0.02,691.31
20250110,202501,375,WALLET,GW-NILE,Success,EGP,68,1826.481,1826.481,0.0,24.658,24.658,17.1746,7.4834,89508.71
20250110,202501,170,CARD,GW-NILE,Failed,EGP,11,315.3624,0.0,0.0,0.0,0.0,0.0879,-0.0879,15454.68
20250110,202501,566,CARD,GW-NILE,Success,EGP,78,669.194,669.194,0.0,23.0308,23.0309,12.2648,10.766,32794.59
20250110,202501,441,TOKEN,GW-ATLAS,Success,AED,26,343.3111,343.3111,0.0,10.6004,10.5991,7.115,3.4854000000000003,1260.81
20250110,202501,483,LDEBIT,GW-NILE,Success,EGP,371,3111.5014,3111.5014,0.0,38.1859,38.1858,25.5866,12.599299999999996,152482.55
20250110,202501,89,LDEBIT,GW-NIMBUS,Success,AED,3,271.4255,271.4255,0.0,3.2839,3.2831,1.356,1.9279,996.81
20250110,202501,122,TOKEN,GW-NIMBUS,Failed,AED,2,22.2628,0.0,0.0,0.0,0.0,0.03,-0.03,81.76
20250110,202501,414,BNPL,GW-ATLAS,Success,AED,1,438.3308,438.3308,0.0,20.3376,20.3385,15.1695,5.168099999999999,1609.77
20250111,202501,433,WALLET,GW-NILE,Refunded,EGP,1,11.0007,0.0,11.0007,0.0,0.0,0.15,-0.15,539.1
20250111,202501,314,CARD,GW-ATLAS,Success,EGP,50,809.5488,809.5488,0.0,24.4606,24.4606,15.5032,8.9574,39672.83
20250111,202501,546,CARD,GW-NILE,Refunded,EGP,2,301.2123,0.0,301.2123,0.0,0.0,0.3,-0.3,14761.24
20250111,202501,152,LDEBIT,GW-NIMBUS,Success,AED,269,6796.0599,6796.0599,0.0,68.4711,68.4699,42.6875,25.783600000000007,24958.53
20250111,202501,332,LDEBIT,GW-NILE,Success,EGP,1,195.1582,195.1582,0.0,1.4978,1.4977,0.8254,0.6724,9563.94
20250111,202501,178,WALLET,GW-NILE,Success,EGP,6,174.7207,174.7207,0.0,3.4681,3.4682,1.6253,1.8428,8562.38
20250111,202501,228,LDEBIT,GW-NIMBUS,Failed,AED,2,27.115,0.0,0.0,0.0,0.0,0.03,-0.03,99.58
20250111,202501,532,LDEBIT,GW-NIMBUS,Success,SAR,2,98.784,98.784,0.0,1.216,1.2163,0.5333,0.6827,370.44
20250111,202501,348,LDEBIT,GW-NILE,Voided,EGP,1,6.5616,0.0,0.0,0.0,0.0,0.008,-0.008,321.56
20250111,202501,634,CARD,GW-ORION,Success,AED,3,76.7434,76.7434,0.0,2.2192,2.2182,1.1627,1.0564999999999998,281.84
20250112,202501,327,TOKEN,GW-NIMBUS,Failed,SAR,2,67.096,0.0,0.0,0.0,0.0,0.0293,-0.0293,251.61
20250112,202501,614,LDEBIT,GW-NIMBUS,Success,SAR,14,168.528,168.528,0.0,2.568,2.569,1.3893,1.1787,631.98
20250112,202501,278,CARD,GW-NIMBUS,Failed,SAR,1,32.1893,0.0,0.0,0.0,0.0,0.016,-0.016,120.71
20250112,202501,11,CARD,GW-ORION,Voided,SAR,4,89.712,0.0,0.0,0.0,0.0,0.048,-0.048,336.42
20250112,202501,22,TOKEN,GW-ATLAS,Success,EGP,3,23.7687,23.7687,0.0,0.864,0.864,0.5814,0.2825999999999999,1164.81
20250113,202501,607,LDEBIT,GW-NIMBUS,Success,SAR,2,160.4027,160.4027,0.0,1.936,1.9366,0.8107,1.1253,601.51
20250113,202501,174,CARD,GW-NILE,Success,EGP,1,52.0294,52.0294,0.0,1.2733,1.2733,0.6852,0.5881000000000001,2549.76
20250113,202501,395,CARD,GW-NILE,Voided,EGP,1,8.2394,0.0,0.0,0.0,0.0,0.008,-0.008,403.78
20250113,202501,348,LDEBIT,GW-NILE,Voided,EGP,1,6.5616,0.0,0.0,0.0,0.0,0.008,-0.008,321.56
20250113,202501,395,TOKEN,GW-NILE,Success,EGP,16,134.1986,134.1986,0.0,4.6182,4.6181,2.5389,2.0793,6576.55
20250114,202501,267,LDEBIT,GW-NIMBUS,Success,OMR,1,1711.8336,1711.8336,0.0,12.9519,12.9422,7.7503,5.2016,658.2
20250114,202501,456,CARD,GW-ATLAS,Success,SAR,7,356.2907,356.2907,0.0,9.328,9.3287,5.712,3.616,1336.09
20250114,202501,205,LDEBIT,GW-NILE,Refunded,EGP,5,169.2685,0.0,169.2685,0.0,0.0,0.7499,-0.7499,8295.19
20250115,202501,35,CARD,GW-ATLAS,Failed,SAR,2,178.792,0.0,0.0,0.0,0.0,0.04,-0.04,670.47
20250115,202501,235,CARD,GW-NIMBUS,Success,AED,19,1395.0987,1395.0987,0.0,34.1103,34.1102,20.0681,14.0422,5123.5
20250115,202501,52,CARD,GW-NILE,Success,EGP,18,1422.4833,1422.4833,0.0,33.5972,33.5972,18.2371,15.3601,69710.36
20250115,202501,394,LDEBIT,GW-NIMBUS,Success,AED,18,543.5398,543.5398,0.0,7.7332,7.7319,3.2566,4.4766,1996.15
20250116,202501,43,TOKEN,GW-ATLAS,Success,AED,5,302.1212,302.1212,0.0,7.774,7.7751,4.9367,2.8373,1109.54
20250116,202501,506,TOKEN,GW-ORION,Failed,SAR,1,11.0,0.0,0.0,0.0,0.0,0.0107,-0.0107,41.25
20250116,202501,375,WALLET,GW-NILE,Success,EGP,83,1986.4733,1986.4733,0.0,27.1436,27.1435,18.9954,8.1482,97349.31
20250117,202501,122,LDEBIT,GW-NIMBUS,Success,AED,11,132.6916,132.6916,0.0,2.1184,2.1196,1.0919,1.0264999999999995,487.31
20250117,202501,159,WALLET,GW-NILE,Refunded,EGP,2,25.3636,0.0,25.3636,0.0,0.0,0.3,-0.3,1242.97
20250117,202501,23,CARD,GW-ORION,Voided,SAR,3,35.1627,0.0,0.0,0.0,0.0,0.0373,-0.0373,131.86
20250117,202501,154,LDEBIT,GW-NIMBUS,Voided,SAR,2,459.2267,0.0,0.0,0.0,0.0,0.0293,-0.0293,1722.1
20250117,202501,277,TOKEN,GW-NILE,Voided,EGP,1,6.9667,0.0,0.0,0.0,0.0,0.008,-0.008,341.41
20250118,202501,384,TOKEN,GW-ORION,Success,AED,9,123.7767,123.7767,0.0,4.049,4.0493,2.1811,1.8679000000000008,454.57
20250118,202501,586,CARD,GW-ORION,Success,AED,17,356.531,356.531,0.0,10.1647,10.1635,5.582,4.5827,1309.36
20250118,202501,379,CARD,GW-ATLAS,Success,AED,52,774.2682,774.2682,0.0,23.9346,23.934,15.1368,8.7978,2843.5
20250119,202501,46,CARD,GW-NILE,Success,EGP,156,1267.6638,1267.6638,0.0,45.3013,45.3014,23.6701,21.6312,62123.26
20250119,202501,582,CARD,GW-NIMBUS,Failed,OMR,13,446.0078,0.0,0.0,0.0,0.0,0.1821,-0.1821,171.49
20250119,202501,220,LDEBIT,GW-NILE,Failed,EGP,1,31.6406,0.0,0.0,0.0,0.0,0.008,-0.008,1550.58
20250119,202501,101,WALLET,GW-NILE,Success,EGP,2,128.2261,128.2261,0.0,2.5307,2.5308,1.1086,1.4221,6283.86
20250120,202501,259,WALLET,GW-NILE,Failed,EGP,6,40.9353,0.0,0.0,0.0,0.0,0.048,-0.048,2006.08
20250120,202501,308,LDEBIT,GW-NIMBUS,Failed,OMR,1,217.6853,0.0,0.0,0.0,0.0,0.026,-0.026,83.7
20250120,202501,498,BNPL,GW-NILE,Success,EGP,2,94.0583,94.0583,0.0,4.3766,4.3765,2.725,1.6515999999999995,4609.43
20250120,202501,331,TOKEN,GW-NIMBUS,Failed,AED,3,218.6821,0.0,0.0,0.0,0.0,0.0463,-0.0463,803.11
20250120,202501,556,BNPL,GW-ATLAS,Refunded,AED,1,10.1402,0.0,10.1402,0.0,0.0,0.1498,-0.1498,37.24
20250120,202501,449,LDEBIT,GW-NILE,Success,EGP,4,123.8383,123.8383,0.0,1.6155,1.6155,0.6416,0.9739,6068.83
20250120,202501,654,BNPL,GW-ATLAS,Success,EGP,3,25.8319,25.8319,0.0,1.3162,1.3161,0.9527,0.3635,1265.92
20250120,202501,418,TOKEN,GW-NIMBUS,Success,OMR,1,54.4343,54.4343,0.0,1.4304,1.4239,0.8322,0.5981999999999998,20.93
20250121,202501,156,TOKEN,GW-ATLAS,Failed,SAR,2,90.6027,0.0,0.0,0.0,0.0,0.04,-0.04,339.76
20250121,202501,108,CARD,GW-ATLAS,Voided,EGP,139,1362.4483,0.0,0.0,0.0,0.0,2.7801,-2.7801,66768.28
20250121,202501,400,LDEBIT,GW-NIMBUS,Success,SAR,61,1404.3413,1404.3413,0.0,20.3227,20.3238,9.064,11.2587,5266.28
20250121,202501,35,CARD,GW-ATLAS,Success,SAR,22,1769.9813,1769.9813,0.0,44.7547,44.7542,27.4347,17.32,6637.43
20250121,202501,162,CARD,GW-NILE,Success,EGP,573,10339.6128,10339.6128,0.0,195.2128,195.2128,155.9953,39.2175,506704.1
20250121,202501,500,CARD,GW-NILE,Voided,EGP,10,57.0476,0.0,0.0,0.0,0.0,0.08,-0.08,2795.68
20250121,202501,512,CARD,GW-ATLAS,Failed,EGP,3,166.8223,0.0,0.0,0.0,0.0,0.06,-0.06,8175.31
20250121,202501,480,CARD,GW-NIMBUS,Failed,OMR,3,212.6398,0.0,0.0,0.0,0.0,0.052,-0.052,81.76
20250121,202501,159,WALLET,GW-NILE,Failed,EGP,4,67.9224,0.0,0.0,0.0,0.0,0.032,-0.032,3328.61
20250122,202501,293,CARD,GW-ATLAS,Success,AED,6,317.2825,317.2825,0.0,8.2396,8.2384,5.0701,3.1694999999999998,1165.22
20250122,202501,164,CARD,GW-ATLAS,Failed,EGP,43,360.3931,0.0,0.0,0.0,0.0,0.8601,-0.8601,17661.46
20250122,202501,228,CARD,GW-ORION,Refunded,AED,6,59.3274,0.0,59.3274,0.0,0.0,0.9013,-0.9013,217.88
20250122,202501,44,WALLET,GW-NILE,Success,EGP,71,341.4104,341.4104,0.0,10.202,10.202,5.2504,4.9516,16731.19
20250122,202501,300,TOKEN,GW-ATLAS,Failed,EGP,1,12.1562,0.0,0.0,0.0,0.0,0.02,-0.02,595.73
20250123,202501,32,WALLET,GW-NILE,Failed,EGP,1,12.968,0.0,0.0,0.0,0.0,0.008,-0.008,635.51
20250123,202501,367,LDEBIT,GW-NIMBUS,Refunded,AED,1,100.2396,0.0,100.2396,0.0,0.0,0.1498,-0.1498,368.13
20250123,202501,539,CARD,GW-ATLAS,Success,EGP,27,142.115,142.115,0.0,5.8891,5.8891,4.0701,1.819,6964.5
20250123,202501,26,TOKEN,GW-NIMBUS,Refunded,AED,1,432.7733,0.0,432.7733,0.0,0.0,0.1498,-0.1498,1589.36
20250124,202501,430,LDEBIT,GW-NIMBUS,Voided,SAR,1,17.3147,0.0,0.0,0.0,0.0,0.016,-0.016,64.93
20250124,202501,474,TOKEN,GW-NILE,Success,EGP,1,23.5881,23.5881,0.0,0.6538,0.6538,0.3502,0.3036,1155.96
20250124,202501,196,WALLET,GW-NILE,Failed,EGP,1,16.7381,0.0,0.0,0.0,0.0,0.008,-0.008,820.27
20250124,202501,181,TOKEN,GW-NIMBUS,Voided,AED,1,11.8094,0.0,0.0,0.0,0.0,0.0163,-0.0163,43.37
20250124,202501,277,TOKEN,GW-NILE,Success,EGP,10,66.606,66.606,0.0,2.5166,2.5166,1.3692,1.1474,3264.1
20250124,202501,577,CARD,GW-ORION,Success,AED,62,2479.6814,2479.6814,0.0,44.1634,44.1637,35.4772,8.6862,9106.63
20250124,202501,463,CARD,GW-NIMBUS,Refunded,AED,1,38.6712,0.0,38.6712,0.0,0.0,0.1498,-0.1498,142.02
20250124,202501,635,CARD,GW-ATLAS,Failed,AED,1,344.4329,0.0,0.0,0.0,0.0,0.0191,-0.0191,1264.93
20250124,202501,446,LDEBIT,GW-NIMBUS,Success,OMR,82,3017.2692,3017.2692,0.0,27.4122,27.4221,17.2692,10.142999999999995,1160.14
20250124,202501,534,TOKEN,GW-NIMBUS,Success,SAR,93,3278.904,3278.904,0.0,70.3067,70.3067,51.9493,18.357400000000005,12295.89
20250125,202501,123,WALLET,GW-NILE,Success,EGP,18,133.9339,133.9339,0.0,3.0857,3.0858,1.7149,1.3708,6563.58
20250125,202501,412,LDEBIT,GW-NIMBUS,Success,SAR,3,140.288,140.288,0.0,1.784,1.7835,0.7653,1.0187,526.08
20250125,202501,152,LDEBIT,GW-NIMBUS,Refunded,AED,4,101.6692,0.0,101.6692,0.0,0.0,0.599,-0.599,373.38
20250125,202501,654,WALLET,GW-NILE,Failed,EGP,2,14.1444,0.0,0.0,0.0,0.0,0.0159,-0.0159,693.16
20250125,202501,355,TOKEN,GW-ATLAS,Success,SAR,2,72.928,72.928,0.0,1.968,1.969,1.2507,0.7173,273.48
20250126,202501,108,WALLET,GW-NILE,Failed,EGP,809,7929.6453,0.0,0.0,0.0,0.0,6.4721,-6.4721,388600.99
20250126,202501,6,CARD,GW-NIMBUS,Failed,AED,5,284.5364,0.0,0.0,0.0,0.0,0.0762,-0.0762,1044.96
20250126,202501,398,CARD,GW-NILE,Failed,EGP,1,6.9783,0.0,0.0,0.0,0.0,0.008,-0.008,341.98
20250126,202501,467,CARD,GW-NIMBUS,Failed,SAR,1,63.344,0.0,0.0,0.0,0.0,0.016,-0.016,237.54
20250126,202501,352,WALLET,GW-NILE,Failed,EGP,1,56.5672,0.0,0.0,0.0,0.0,0.008,-0.008,2772.14
20250126,202501,542,LDEBIT,GW-NILE,Success,EGP,11,254.3338,254.3338,0.0,3.2408,3.2409,1.4151,1.8257,12463.91
20250127,202501,126,CARD,GW-NIMBUS,Success,OMR,38,505.3576,505.3576,0.0,16.697,16.6846,9.2848,7.412199999999999,194.31
20250127,202501,208,CARD,GW-ATLAS,Success,AED,10,537.8979,537.8979,0.0,13.5276,13.5276,8.5827,4.944899999999999,1975.43
20250127,202501,571,LDEBIT,GW-NILE,Success,EGP,210,4001.49,4001.49,0.0,38.7317,38.7316,23.556,15.175699999999996,196097.42
20250128,202501,606,WALLET,GW-NILE,Failed,EGP,1,24.2751,0.0,0.0,0.0,0.0,0.008,-0.008,1189.63
20250128,202501,457,CARD,GW-NIMBUS,Failed,SAR,14,140.3093,0.0,0.0,0.0,0.0,0.2107,-0.2107,526.16
20250128,202501,277,WALLET,GW-NILE,Success,EGP,17,119.9238,119.9238,0.0,2.987,2.987,1.5663,1.4207,5877.0
20250128,202501,387,TOKEN,GW-ATLAS,Voided,SAR,1,46.344,0.0,0.0,0.0,0.0,0.0213,-0.0213,173.79
20250128,202501,309,CARD,GW-ORION,Failed,AED,2,31.5861,0.0,0.0,0.0,0.0,0.0245,-0.0245,116.0
20250128,202501,95,CARD,GW-ORION,Success,AED,6,339.5507,339.5507,0.0,8.1552,8.155,4.7107,3.444500000000001,1247.0
20250128,202501,630,WALLET,GW-NILE,Refunded,EGP,6,139.7644,0.0,139.7644,0.0,0.0,0.9001,-0.9001,6849.31
20250129,202501,255,CARD,GW-NILE,Success,EGP,1,44.0,44.0,0.0,1.1456,1.1456,0.5877,0.5579,2156.27
20250129,202501,33,WALLET,GW-NILE,Failed,EGP,1,260.1068,0.0,0.0,0.0,0.0,0.008,-0.008,12746.82
20250129,202501,202,CARD,GW-ORION,Voided,SAR,1,9.744,0.0,0.0,0.0,0.0,0.0107,-0.0107,36.54
20250129,202501,12,CARD,GW-ATLAS,Success,OMR,542,20215.0845,20215.0845,0.0,309.1027,309.0975,334.8505,-25.747799999999984,7772.7
20250129,202501,157,TOKEN,GW-ATLAS,Success,EGP,1,16.5222,16.5222,0.0,0.5071,0.507,0.3238,0.1833,809.69
20250129,202501,303,TOKEN,GW-ATLAS,Failed,SAR,1,13.8,0.0,0.0,0.0,0.0,0.0213,-0.0213,51.75
20250130,202501,377,TOKEN,GW-NIMBUS,Success,OMR,1,9.3628,9.3628,0.0,0.3121,0.3181,0.2081,0.1039999999999999,3.6
20250130,202501,290,TOKEN,GW-NIMBUS,Success,AED,1,39.45,39.45,0.0,1.0374,1.0385,0.6181,0.4193000000000001,144.88
20250130,202501,22,BNPL,GW-ATLAS,Failed,EGP,2,13.8473,0.0,0.0,0.0,0.0,0.04,-0.04,678.6
20250130,202501,510,TOKEN,GW-NIMBUS,Success,SAR,2,119.6347,119.6347,0.0,3.0267,3.0258,1.8053,1.2214,448.63
20250130,202501,45,CARD,GW-NIMBUS,Failed,AED,261,10884.3404,0.0,0.0,0.0,0.0,3.9156,-3.9156,39972.74
20250130,202501,463,CARD,GW-NIMBUS,Refunded,AED,1,44.6372,0.0,44.6372,0.0,0.0,0.1498,-0.1498,163.93
20250130,202501,52,WALLET,GW-NILE,Failed,EGP,2,145.8867,0.0,0.0,0.0,0.0,0.0159,-0.0159,7149.34
20250130,202501,347,TOKEN,GW-ATLAS,Success,EGP,2,35.3966,35.3966,0.0,0.9825,0.9826,0.6832,0.2993,1734.65
20250130,202501,154,LDEBIT,GW-NIMBUS,Refunded,SAR,2,460.64,0.0,460.64,0.0,0.0,0.2987,-0.2987,1727.4
20250131,202501,292,LDEBIT,GW-NILE,Success,EGP,2,101.1299,101.1299,0.0,1.2578,1.2579,0.4795,0.7783,4955.98
20250131,202501,197,WALLET,GW-NILE,Success,EGP,5,27.1417,27.1417,0.0,0.774,0.7739,0.3948,0.3792,1330.11
20250131,202501,347,TOKEN,GW-ATLAS,Success,EGP,3,100.032,100.032,0.0,2.5117,2.5117,1.7345,0.7771999999999999,4902.18
20250131,202501,340,LDEBIT,GW-NIMBUS,Success,SAR,1,5.44,5.44,0.0,0.1147,0.1158,0.0693,0.0453999999999999,20.4
20250131,202501,501,CARD,GW-NIMBUS,Refunded,AED,2,20.128,0.0,20.128,0.0,0.0,0.2995,-0.2995,73.92
20250131,202501,156,TOKEN,GW-ATLAS,Failed,SAR,3,135.904,0.0,0.0,0.0,0.0,0.0587,-0.0587,509.64
20250201,202502,348,LDEBIT,GW-NILE,Failed,EGP,2,13.1232,0.0,0.0,0.0,0.0,0.0161,-0.0161,643.91
20250201,202502,588,CARD,GW-NILE,Failed,EGP,8,255.6518,0.0,0.0,0.0,0.0,0.064,-0.064,12543.94
20250201,202502,245,WALLET,GW-NILE,Failed,EGP,5,37.8003,0.0,0.0,0.0,0.0,0.0399,-0.0399,1854.73
20250201,202502,559,BNPL,GW-ATLAS,Success,EGP,1,70.7381,70.7381,0.0,3.1472,3.1471,2.4646,0.6826000000000003,3470.87
20250202,202502,281,TOKEN,GW-NIMBUS,Success,SAR,7,170.7653,170.7653,0.0,4.968,4.9683,2.8453,2.1227,640.37
20250202,202502,29,TOKEN,GW-ATLAS,Success,EGP,1,30.1171,30.1171,0.0,0.8633,0.8633,0.5293,0.3339999999999999,1477.74
20250203,202502,115,CARD,GW-ORION,Success,AED,5,401.1001,401.1001,0.0,10.3118,10.3118,5.4404,4.8714,1473.04
20250203,202502,484,CARD,GW-ATLAS,Success,SAR,22,841.696,841.696,0.0,22.8907,22.8895,13.8987,8.991999999999999,3156.36
20250203,202502,541,LDEBIT,GW-NILE,Voided,EGP,4,95.76,0.0,0.0,0.0,0.0,0.032,-0.032,4698.61
20250203,202502,61,LDEBIT,GW-NILE,Voided,EGP,1,144.4621,0.0,0.0,0.0,0.0,0.0079,-0.0079,7088.25
20250203,202502,163,CARD,GW-ORION,Failed,SAR,3,156.408,0.0,0.0,0.0,0.0,0.0373,-0.0373,586.53
20250203,202502,571,CARD,GW-ATLAS,Success,EGP,414,8239.11,8239.11,0.0,161.1395,161.1394,150.7621,10.377399999999994,404264.29
20250203,202502,582,CARD,GW-NIMBUS,Failed,OMR,10,343.0689,0.0,0.0,0.0,0.0,0.156,-0.156,131.91
20250203,202502,425,BANKTR,GW-NILE,Failed,EGP,18,1173.434,0.0,0.0,0.0,0.0,0.1441,-0.1441,57576.3
20250203,202502,357,LDEBIT,GW-NILE,Voided,EGP,1,7.2781,0.0,0.0,0.0,0.0,0.0079,-0.0079,357.11
20250204,202502,171,BNPL,GW-NILE,Failed,EGP,4,186.1657,0.0,0.0,0.0,0.0,0.032,-0.032,9134.5
20250204,202502,346,LDEBIT,GW-NIMBUS,Failed,SAR,2,62.1307,0.0,0.0,0.0,0.0,0.0293,-0.0293,232.99
20250204,202502,3,TOKEN,GW-ATLAS,Voided,SAR,1,28.1013,0.0,0.0,0.0,0.0,0.0213,-0.0213,105.38
20250204,202502,377,TOKEN,GW-NIMBUS,Success,OMR,2,18.8557,18.8557,0.0,0.6502,0.6391,0.3901,0.2601,7.25
20250205,202502,21,CARD,GW-NILE,Voided,EGP,2,11.8313,0.0,0.0,0.0,0.0,0.0161,-0.0161,580.52
20250205,202502,461,LDEBIT,GW-NILE,Success,EGP,5,33.0741,33.0741,0.0,0.59,0.59,0.309,0.2809999999999999,1622.83
20250205,202502,614,LDEBIT,GW-NIMBUS,Success,SAR,18,219.2027,219.2027,0.0,3.3307,3.331,1.7973,1.5334000000000003,822.01
20250205,202502,680,CARD,GW-NILE,Failed,EGP,2,51.8871,0.0,0.0,0.0,0.0,0.0161,-0.0161,2545.92
20250205,202502,164,TOKEN,GW-NILE,Voided,EGP,2,16.7626,0.0,0.0,0.0,0.0,0.0161,-0.0161,822.48
20250206,202502,205,LDEBIT,GW-NILE,Success,EGP,70,2096.7012,2096.7012,0.0,16.2115,16.2115,10.9417,5.2698,102877.79
20250206,202502,114,CARD,GW-ORION,Voided,SAR,8,1338.744,0.0,0.0,0.0,0.0,0.096,-0.096,5020.29
20250206,202502,465,TOKEN,GW-NILE,Success,EGP,3,366.579,366.579,0.0,8.4381,8.4381,4.7778,3.6603,17986.75
20250206,202502,642,LDEBIT,GW-NIMBUS,Failed,SAR,1,67.0907,0.0,0.0,0.0,0.0,0.016,-0.016,251.59
20250206,202502,614,CARD,GW-ATLAS,Success,SAR,49,612.296,612.296,0.0,18.792,18.793,12.552,6.240000000000002,2296.11
20250207,202502,382,BANKTR,GW-NIMBUS,Refunded,SAR,5,201.392,0.0,201.392,0.0,0.0,0.7493,-0.7493,755.22
20250207,202502,125,TOKEN,GW-ORION,Success,SAR,22,206.696,206.696,0.0,6.9093,6.9085,4.0587,2.8506,775.11
20250207,202502,582,LDEBIT,GW-NIMBUS,Voided,OMR,1,34.3043,0.0,0.0,0.0,0.0,0.026,-0.026,13.19
20250207,202502,12,LDEBIT,GW-NIMBUS,Success,OMR,143,5438.4655,5438.4655,0.0,40.6502,40.6612,30.8973,9.752899999999997,2091.09
20250208,202502,204,CARD,GW-ORION,Success,SAR,12,267.896,267.896,0.0,7.1227,7.1216,4.1493,2.9734,1004.61
20250208,202502,501,LDEBIT,GW-NIMBUS,Voided,AED,2,33.1818,0.0,0.0,0.0,0.0,0.03,-0.03,121.86
20250208,202502,42,CARD,GW-ORION,Success,SAR,95,879.472,879.472,0.0,30.704,30.7042,16.928,13.776,3298.02
20250208,202502,381,CARD,GW-ATLAS,Refunded,EGP,1,31.2199,0.0,31.2199,0.0,0.0,0.15,-0.15,1531.85
20250208,202502,240,CARD,GW-ORION,Voided,SAR,1,49.2507,0.0,0.0,0.0,0.0,0.0107,-0.0107,184.69
20250208,202502,640,CARD,GW-ATLAS,Success,SAR,8,320.6107,320.6107,0.0,8.0667,8.0666,5.2667,2.8000000000000007,1202.29
20250208,202502,29,TOKEN,GW-ATLAS,Success,EGP,1,21.5133,21.5133,0.0,0.6467,0.6467,0.3993,0.2474,1055.58
20250208,202502,301,WALLET,GW-NILE,Voided,EGP,1,6.6822,0.0,0.0,0.0,0.0,0.0079,-0.0079,327.87
20250208,202502,311,WALLET,GW-NILE,Success,EGP,3,87.6563,87.6563,0.0,1.7562,1.7561,0.815,0.9412,4300.99
20250208,202502,161,CARD,GW-NIMBUS,Success,OMR,17,928.5826,928.5826,0.0,22.4707,22.4817,13.6281,8.842600000000001,357.04
20250209,202502,128,LDEBIT,GW-NILE,Success,EGP,5,59.206,59.206,0.0,0.9738,0.9737,0.4147,0.5590999999999999,2905.03
20250209,202502,534,CARD,GW-ORION,Failed,SAR,46,1508.136,0.0,0.0,0.0,0.0,0.552,-0.552,5655.51
20250209,202502,312,CARD,GW-ATLAS,Success,EGP,3,146.4698,146.4698,0.0,3.8156,3.8156,2.3576,1.4579999999999995,7186.76
20250209,202502,427,CARD,GW-ORION,Success,AED,2,6086.6576,6086.6576,0.0,100.2042,100.2047,78.1511,22.0531,22353.25
20250209,202502,626,TOKEN,GW-ATLAS,Success,AED,2,653.7808,653.7808,0.0,9.6828,16.1361,10.034,-0.3512000000000004,2401.01
20250209,202502,205,CARD,GW-NILE,Failed,EGP,12,367.5964,0.0,0.0,0.0,0.0,0.096,-0.096,18036.67
20250209,202502,359,CARD,GW-ATLAS,Voided,SAR,1,10.424,0.0,0.0,0.0,0.0,0.0213,-0.0213,39.09
20250210,202502,541,CARD,GW-ATLAS,Success,EGP,418,10136.035,10136.035,0.0,167.4393,167.4393,178.7154,-11.276099999999984,497339.76
20250210,202502,26,CARD,GW-ATLAS,Success,AED,44,16296.3703,16296.3703,0.0,236.6943,236.695,240.8577,-4.163399999999996,59848.42
20250210,202502,83,TOKEN,GW-NIMBUS,Failed,SAR,1,28.168,0.0,0.0,0.0,0.0,0.016,-0.016,105.63
20250211,202502,408,WALLET,GW-NILE,Success,EGP,4,32.0269,32.0269,0.0,0.8497,0.8497,0.3995,0.4502,1571.45
20250211,202502,146,CARD,GW-ATLAS,Success,SAR,10,98.5813,98.5813,0.0,3.2853,3.2848,2.176,1.1092999999999995,369.68
20250211,202502,487,WALLET,GW-NILE,Failed,EGP,2,15.727,0.0,0.0,0.0,0.0,0.0161,-0.0161,771.67
20250212,202502,206,TOKEN,GW-ATLAS,Failed,EGP,1,4.3386,0.0,0.0,0.0,0.0,0.02,-0.02,212.88
20250212,202502,541,CARD,GW-ATLAS,Success,EGP,436,10295.4926,10295.4926,0.0,170.8958,170.8959,182.3723,-11.476499999999987,505163.79
20250212,202502,568,CARD,GW-ATLAS,Success,AED,10,890.1103,890.1103,0.0,21.2471,21.2466,13.7182,7.5289,3268.93
20250212,202502,487,CARD,GW-NILE,Success,EGP,21,165.3014,165.3014,0.0,6.2615,6.2615,3.1215,3.14,8110.76
20250212,202502,145,BNPL,GW-ATLAS,Failed,AED,2,30.6521,0.0,0.0,0.0,0.0,0.0408,-0.0408,112.57
20250212,202502,534,TOKEN,GW-NIMBUS,Success,SAR,143,4753.4027,4753.4027,0.0,102.512,102.512,75.8427,26.669300000000007,17825.26
20250213,202502,191,CARD,GW-ORION,Failed,SAR,95,1106.4827,0.0,0.0,0.0,0.0,1.1413,-1.1413,4149.31
20250213,202502,164,TOKEN,GW-NILE,Voided,EGP,2,16.7626,0.0,0.0,0.0,0.0,0.0161,-0.0161,822.48
20250213,202502,220,WALLET,GW-NILE,Failed,EGP,5,158.2024,0.0,0.0,0.0,0.0,0.0399,-0.0399,7762.44
20250213,202502,245,LDEBIT,GW-NILE,Success,EGP,17,160.7086,160.7086,0.0,2.5696,2.5696,1.2459,1.3237,7885.41
20250213,202502,315,TOKEN,GW-ORION,Failed,SAR,3,40.9467,0.0,0.0,0.0,0.0,0.0373,-0.0373,153.55
20250213,202502,375,CARD,GW-ATLAS,Refunded,EGP,16,397.932,0.0,397.932,0.0,0.0,2.4,-2.4,19525.13
20250213,202502,385,TOKEN,GW-ATLAS,Success,EGP,4,171.8657,171.8657,0.0,4.4485,4.4485,2.8946,1.5539,8432.85
20250213,202502,93,CARD,GW-ORION,Failed,AED,1,515.9238,0.0,0.0,0.0,0.0,0.0109,-0.0109,1894.73
20250213,202502,449,WALLET,GW-NILE,Failed,EGP,2,69.7761,0.0,0.0,0.0,0.0,0.0161,-0.0161,3423.67
20250213,202502,483,TOKEN,GW-ATLAS,Voided,EGP,3,25.3743,0.0,0.0,0.0,0.0,0.0599,-0.0599,1245.03
20250214,202502,534,LDEBIT,GW-NIMBUS,Refunded,SAR,7,241.488,0.0,241.488,0.0,0.0,1.0507,-1.0507,905.58
20250214,202502,18,CARD,GW-NIMBUS,Success,SAR,49,608.3093,608.3093,0.0,20.1227,20.1216,11.3973,8.725399999999999,2281.16
20250214,202502,66,TOKEN,GW-NILE,Voided,EGP,1,5.851,0.0,0.0,0.0,0.0,0.0079,-0.0079,287.09
20250215,202502,152,LDEBIT,GW-NIMBUS,Failed,AED,12,309.435,0.0,0.0,0.0,0.0,0.1797,-0.1797,1136.4
20250215,202502,63,BNPL,GW-ATLAS,Failed,SAR,1,48.0373,0.0,0.0,0.0,0.0,0.0213,-0.0213,180.14
20250215,202502,606,WALLET,GW-NILE,Success,EGP,11,239.4069,239.4069,0.0,4.7756,4.7755,2.3242,2.4514,11746.86
20250216,202502,192,WALLET,GW-NILE,Success,EGP,13,16166.5022,16166.5022,0.0,216.1161,216.1161,131.4037,84.7124,793233.68
20250216,202502,499,LDEBIT,GW-NIMBUS,Success,SAR,1,106.7947,106.7947,0.0,1.2107,1.2117,0.5253,0.6854000000000001,400.48
20250216,202502,288,CARD,GW-ORION,Success,SAR,86,853.2293,853.2293,0.0,28.9013,28.9017,16.056,12.845299999999998,3199.61
20250216,202502,574,CARD,GW-NILE,Success,EGP,14,6495.3977,6495.3977,0.0,98.6708,98.6708,79.6611,19.009699999999995,318706.43
20250216,202502,320,LDEBIT,GW-NIMBUS,Failed,OMR,2,19.2718,0.0,0.0,0.0,0.0,0.026,-0.026,7.41
20250217,202502,105,LDEBIT,GW-NILE,Refunded,EGP,1,5.8315,0.0,5.8315,0.0,0.0,0.15,-0.15,286.13
20250217,202502,433,BNPL,GW-NILE,Failed,EGP,17,174.5613,0.0,0.0,0.0,0.0,0.1359,-0.1359,8565.11
20250217,202502,228,TOKEN,GW-ORION,Failed,AED,10,135.5807,0.0,0.0,0.0,0.0,0.1198,-0.1198,497.92
20250217,202502,571,LDEBIT,GW-NILE,Failed,EGP,6,117.1771,0.0,0.0,0.0,0.0,0.0481,-0.0481,5749.47
20250217,202502,581,WALLET,GW-NILE,Voided,EGP,16,111.2058,0.0,0.0,0.0,0.0,0.128,-0.128,5456.48
20250217,202502,483,LDEBIT,GW-NILE,Voided,EGP,8,67.6647,0.0,0.0,0.0,0.0,0.064,-0.064,3320.07
20250218,202502,105,TOKEN,GW-NILE,Success,EGP,11,75.1091,75.1091,0.0,2.8349,2.835,1.5294,1.3055,3685.34
20250218,202502,409,WALLET,GW-NILE,Success,EGP,69,1154.5541,1154.5541,0.0,16.4196,16.4195,11.7669,4.652699999999999,56649.93
20250218,202502,120,LDEBIT,GW-NIMBUS,Voided,SAR,6,458.8053,0.0,0.0,0.0,0.0,0.0907,-0.0907,1720.52
20250218,202502,687,CARD,GW-ATLAS,Success,EGP,3,18.6225,18.6225,0.0,0.7743,0.7742,0.4936,0.2807,913.74
20250218,202502,635,LDEBIT,GW-NIMBUS,Failed,AED,1,344.4329,0.0,0.0,0.0,0.0,0.0163,-0.0163,1264.93
20250218,202502,212,CARD,GW-NIMBUS,Success,AED,231,8968.1334,8968.1334,0.0,221.386,221.3854,136.0844,85.30160000000001,32935.47
20250218,202502,449,CARD,GW-NILE,Success,EGP,19,620.0473,620.0473,0.0,16.3904,16.3905,8.5407,7.8497,30423.55
20250218,202502,184,WALLET,GW-NILE,Success,EGP,95,396.8327,396.8327,0.0,11.9128,11.9128,6.5393,5.373500000000001,19471.19
20250218,202502,220,CARD,GW-NILE,Voided,EGP,2,63.2811,0.0,0.0,0.0,0.0,0.0161,-0.0161,3104.98
20250218,202502,592,CARD,GW-NIMBUS,Success,AED,8,824.5664,824.5664,0.0,20.6453,20.6461,11.6515,8.993799999999998,3028.22
20250219,202502,426,CARD,GW-NILE,Success,EGP,2,18.4334,18.4334,0.0,0.6383,0.6384,0.33,0.3082999999999999,904.46
20250219,202502,409,TOKEN,GW-ATLAS,Refunded,EGP,1,19.9996,0.0,19.9996,0.0,0.0,0.15,-0.15,981.31
20250219,202502,345,CARD,GW-ORION,Failed,AED,411,7102.9925,0.0,0.0,0.0,0.0,4.9312,-4.9312,26085.74
20250219,202502,581,LDEBIT,GW-NILE,Success,EGP,1117,7751.8474,7751.8474,0.0,83.855,83.8549,70.49,13.365000000000007,380356.02
20250219,202502,180,BNPL,GW-ATLAS,Failed,AED,16,960.256,0.0,0.0,0.0,0.0,0.3213,-0.3213,3526.54
20250219,202502,527,CARD,GW-ATLAS,Success,EGP,108,1620.4039,1620.4039,0.0,32.3683,32.3684,31.6175,0.7507999999999981,79507.55
20250219,202502,450,CARD,GW-NILE,Success,EGP,5,178.7941,178.7941,0.0,4.9125,4.9126,2.4373,2.4752,8772.8
20250219,202502,154,TOKEN,GW-ORION,Refunded,SAR,2,406.16,0.0,406.16,0.0,0.0,0.2987,-0.2987,1523.1
20250219,202502,498,CARD,GW-ATLAS,Voided,EGP,1,31.2627,0.0,0.0,0.0,0.0,0.02,-0.02,1533.95
20250220,202502,22,CARD,GW-ATLAS,Success,EGP,13,85.4632,85.4632,0.0,3.2835,3.2836,2.208,1.0755,4193.38
20250220,202502,591,CARD,GW-NIMBUS,Success,SAR,13,180.6053,180.6053,0.0,5.5333,5.5334,3.2827,2.2505999999999995,677.27
20250220,202502,604,LDEBIT,GW-NIMBUS,Failed,SAR,6,212.448,0.0,0.0,0.0,0.0,0.0907,-0.0907,796.68
20250220,202502,393,WALLET,GW-NILE,Success,EGP,2,45.9175,45.9175,0.0,0.8957,0.8958,0.4418,0.4539,2253.01
20250220,202502,108,LDEBIT,GW-NILE,Failed,EGP,330,3234.5896,0.0,0.0,0.0,0.0,2.6401,-2.6401,158709.99
20250220,202502,335,LDEBIT,GW-NIMBUS,Success,SAR,2,156.9787,156.9787,0.0,2.0107,2.0117,0.7973,1.2134,588.67
20250221,202502,461,WALLET,GW-NILE,Failed,EGP,1,6.3724,0.0,0.0,0.0,0.0,0.0079,-0.0079,312.67
20250221,202502,396,CARD,GW-NILE,Failed,EGP,12,91.4742,0.0,0.0,0.0,0.0,0.096,-0.096,4488.32
20250221,202502,413,WALLET,GW-NILE,Success,EGP,41,261.8173,261.8173,0.0,6.8648,6.8648,3.5558,3.309,12846.46
20250221,202502,171,BNPL,GW-NILE,Success,EGP,16,768.1875,768.1875,0.0,36.2585,36.2584,22.2518,14.0067,37692.27
20250221,202502,23,TOKEN,GW-ORION,Voided,SAR,1,11.72,0.0,0.0,0.0,0.0,0.0107,-0.0107,43.95
20250221,202502,580,LDEBIT,GW-NIMBUS,Success,SAR,4,345.76,345.76,0.0,4.2427,4.2436,1.736,2.5067000000000004,1296.6
20250222,202502,173,CARD,GW-ORION,Failed,SAR,2,69.128,0.0,0.0,0.0,0.0,0.024,-0.024,259.23
20250222,202502,134,TOKEN,GW-NIMBUS,Success,AED,3,158.9135,158.9135,0.0,3.921,3.92,2.4207,1.5002999999999995,583.61
20250222,202502,674,CARD,GW-NIMBUS,Success,AED,155,1590.9217,1590.9217,0.0,57.9741,57.9731,31.5534,26.4207,5842.66
20250222,202502,433,LDEBIT,GW-NILE,Success,EGP,37,370.0354,370.0354,0.0,5.8871,5.8871,2.7936,3.0935,18156.34
20250222,202502,335,CARD,GW-ATLAS,Voided,SAR,1,135.0293,0.0,0.0,0.0,0.0,0.0213,-0.0213,506.36
20250223,202502,15,BNPL,GW-ATLAS,Voided,AED,2,22.5759,0.0,0.0,0.0,0.0,0.0408,-0.0408,82.91
20250223,202502,568,CARD,GW-ATLAS,Success,AED,7,445.0973,445.0973,0.0,10.8346,10.8343,7.0088,3.8258,1634.62
20250223,202502,433,TOKEN,GW-ATLAS,Failed,EGP,2,20.5366,0.0,0.0,0.0,0.0,0.0399,-0.0399,1007.66
20250223,202502,200,CARD,GW-ATLAS,Success,AED,535,19792.4792,19792.4792,0.0,315.5344,315.5343,328.1634,-12.62900000000002,72687.88
20250223,202502,241,WALLET,GW-NILE,Refunded,EGP,1,5.5072,0.0,5.5072,0.0,0.0,0.15,-0.15,270.22
20250223,202502,148,CARD,GW-ATLAS,Failed,SAR,5,466.2053,0.0,0.0,0.0,0.0,0.1013,-0.1013,1748.27
20250223,202502,649,CARD,GW-ATLAS,Success,AED,2,2711.4391,2711.4391,0.0,42.3853,42.3842,39.6814,2.7039000000000044,9957.76
20250223,202502,310,CARD,GW-ORION,Success,SAR,5,1435.0587,1435.0587,0.0,32.832,32.8319,18.696,14.136,5381.47
20250224,202502,417,WALLET,GW-NILE,Voided,EGP,11,90.9733,0.0,0.0,0.0,0.0,0.088,-0.088,4463.74
20250224,202502,313,CARD,GW-NILE,Success,EGP,8,387.6531,387.6531,0.0,9.8491,9.8491,5.1341,4.715,19020.78
20250224,202502,22,TOKEN,GW-ATLAS,Failed,EGP,1,6.9237,0.0,0.0,0.0,0.0,0.02,-0.02,339.72
20250224,202502,277,CARD,GW-ATLAS,Success,EGP,59,414.568,414.568,0.0,15.1366,15.1366,10.4104,4.7262,20341.4
20250224,202502,581,WALLET,GW-NILE,Failed,EGP,186,1292.7678,0.0,0.0,0.0,0.0,1.488,-1.488,63431.59
20250224,202502,122,CARD,GW-NIMBUS,Failed,AED,9,100.177,0.0,0.0,0.0,0.0,0.1361,-0.1361,367.9
20250225,202502,365,CARD,GW-NILE,Success,EGP,5,47.4947,47.4947,0.0,1.6539,1.6539,0.8421,0.8118,2330.4
20250225,202502,161,CARD,GW-NIMBUS,Refunded,OMR,2,87.0221,0.0,87.0221,0.0,0.0,0.3121,-0.3121,33.46
20250225,202502,91,TOKEN,GW-ATLAS,Success,OMR,3,172.4837,172.4837,0.0,3.0689,3.0758,2.8349,0.2339999999999999,66.32
20250225,202502,541,LDEBIT,GW-NILE,Voided,EGP,1,23.94,0.0,0.0,0.0,0.0,0.0079,-0.0079,1174.65
20250225,202502,19,WALLET,GW-NILE,Failed,EGP,1,1014.3634,0.0,0.0,0.0,0.0,0.0079,-0.0079,49771.26
20250225,202502,611,TOKEN,GW-ORION,Success,SAR,7,259.2107,259.2107,0.0,6.8,6.7992,3.864,2.936,972.04
20250225,202502,252,TOKEN,GW-ORION,Success,SAR,1,37.8933,37.8933,0.0,1.048,1.0485,0.5627,0.4853,142.1
20250226,202502,327,TOKEN,GW-NIMBUS,Failed,SAR,2,67.096,0.0,0.0,0.0,0.0,0.0293,-0.0293,251.61
20250226,202502,289,CARD,GW-ATLAS,Success,EGP,5,248.9691,248.9691,0.0,6.5201,6.5202,3.9999,2.5202000000000004,12216.04
20250226,202502,679,CARD,GW-NILE,Voided,EGP,1,27.9372,0.0,0.0,0.0,0.0,0.0079,-0.0079,1370.78
20250226,202502,24,LDEBIT,GW-NILE,Success,EGP,1,250.4224,250.4224,0.0,2.7746,2.7746,1.0492,1.7254,12287.35
20250226,202502,474,CARD,GW-ATLAS,Failed,EGP,1,22.9988,0.0,0.0,0.0,0.0,0.02,-0.02,1128.47
20250226,202502,669,LDEBIT,GW-NIMBUS,Failed,OMR,1,60.9623,0.0,0.0,0.0,0.0,0.026,-0.026,23.44
20250226,202502,611,LDEBIT,GW-NIMBUS,Failed,SAR,1,38.4213,0.0,0.0,0.0,0.0,0.016,-0.016,144.08
20250227,202502,106,TOKEN,GW-NILE,Success,EGP,1,13.9666,13.9666,0.0,0.4239,0.4239,0.2291,0.1948,685.29
20250227,202502,164,CARD,GW-ATLAS,Success,EGP,326,2715.5568,2715.5568,0.0,96.5785,96.5785,63.7168,32.861700000000006,133242.87
20250227,202502,22,TOKEN,GW-ATLAS,Success,EGP,2,13.594,13.594,0.0,0.5226,0.5226,0.3536,0.1689999999999999,667.01
20250227,202502,566,CARD,GW-NILE,Refunded,EGP,3,19.7424,0.0,19.7424,0.0,0.0,0.45,-0.45,968.69
20250227,202502,290,CARD,GW-ATLAS,Success,AED,6,381.857,381.857,0.0,9.4867,9.4858,6.0123,3.474400000000001,1402.37
20250227,202502,543,TOKEN,GW-ATLAS,Failed,EGP,3,19.4528,0.0,0.0,0.0,0.0,0.0599,-0.0599,954.48
20250227,202502,35,TOKEN,GW-ORION,Failed,SAR,1,89.3973,0.0,0.0,0.0,0.0,0.0107,-0.0107,335.24
20250227,202502,102,CARD,GW-NIMBUS,Success,SAR,4,1242.0107,1242.0107,0.0,28.6187,28.6185,17.0267,11.592,4657.54
20250227,202502,586,LDEBIT,GW-NIMBUS,Refunded,AED,1,10.9381,0.0,10.9381,0.0,0.0,0.1498,-0.1498,40.17
20250227,202502,165,CARD,GW-ORION,Failed,AED,18,242.5977,0.0,0.0,0.0,0.0,0.2151,-0.2151,890.94
20250227,202502,447,CARD,GW-NIMBUS,Success,AED,4,350.1402,350.1402,0.0,8.9612,8.9599,4.9857,3.9755,1285.89
20250227,202502,441,CARD,GW-NIMBUS,Success,AED,59,887.9837,887.9837,0.0,26.1375,26.1371,15.823,10.3145,3261.12
20250227,202502,97,LDEBIT,GW-NIMBUS,Success,AED,22,229.307,229.307,0.0,3.8039,3.803,2.0231,1.7808000000000002,842.13
20250227,202502,542,CARD,GW-ATLAS,Success,EGP,45,1203.1783,1203.1783,0.0,30.5367,30.5368,20.8723,9.6644,59035.75
20250227,202502,206,BNPL,GW-NILE,Success,EGP,12,56.3552,56.3552,0.0,2.7536,2.7535,1.7191,1.0345,2765.15
20250228,202502,461,LDEBIT,GW-NILE,Success,EGP,1,7.2879,7.2879,0.0,0.1249,0.1249,0.0646,0.0602999999999999,357.59
20250228,202502,315,TOKEN,GW-ORION,Success,SAR,80,1091.4293,1091.4293,0.0,32.416,32.4153,19.2773,13.138699999999996,4092.86
20250228,202502,375,TOKEN,GW-NILE,Failed,EGP,1,26.1137,0.0,0.0,0.0,0.0,0.0079,-0.0079,1281.31
20250228,202502,353,CARD,GW-ATLAS,Success,OMR,14,658.6476,658.6476,0.0,15.2406,15.2448,10.6372,4.603400000000001,253.25
20250301,202503,479,CARD,GW-NIMBUS,Refunded,OMR,28,349.1808,0.0,349.1808,0.0,0.0,4.1873,-4.1873,134.26
20250301,202503,254,WALLET,GW-NILE,Failed,EGP,1,8.4545,0.0,0.0,0.0,0.0,0.0081,-0.0081,417.62
20250301,202503,401,CARD,GW-NILE,Failed,EGP,2,57.5132,0.0,0.0,0.0,0.0,0.016,-0.016,2840.94
20250301,202503,286,WALLET,GW-NILE,Failed,EGP,2,36.4143,0.0,0.0,0.0,0.0,0.016,-0.016,1798.73
20250301,202503,206,WALLET,GW-NILE,Voided,EGP,1,4.3386,0.0,0.0,0.0,0.0,0.0081,-0.0081,214.31
20250301,202503,190,TOKEN,GW-NIMBUS,Failed,SAR,2,110.3227,0.0,0.0,0.0,0.0,0.0293,-0.0293,413.71
20250302,202503,568,LDEBIT,GW-NIMBUS,Success,AED,4,254.2519,254.2519,0.0,3.0334,3.0342,1.3233,1.7101,933.74
20250302,202503,298,CARD,GW-ORION,Failed,AED,5,52.5419,0.0,0.0,0.0,0.0,0.0599,-0.0599,192.96
20250303,202503,417,CARD,GW-ATLAS,Success,EGP,3118,25681.6492,25681.6492,0.0,594.5686,594.5686,605.1704,-10.601800000000026,1268578.45
20250303,202503,702,CARD,GW-ATLAS,Success,EGP,1,38.7539,38.7539,0.0,1.0788,1.0789,0.6391,0.4397,1914.3
20250303,202503,23,BNPL,GW-ATLAS,Failed,SAR,14,164.0907,0.0,0.0,0.0,0.0,0.28,-0.28,615.34
20250303,202503,198,CARD,GW-NIMBUS,Voided,AED,14,1100.4575,0.0,0.0,0.0,0.0,0.2097,-0.2097,4041.43
20250303,202503,248,CARD,GW-ATLAS,Success,SAR,60,666.4853,666.4853,0.0,22.896,22.8955,14.1573,8.738700000000001,2499.32
20250303,202503,587,BNPL,GW-ATLAS,Success,AED,1,87.2185,87.2185,0.0,3.9619,3.9606,3.0334,0.9285,320.31
20250303,202503,446,TOKEN,GW-NIMBUS,Success,OMR,63,2375.1886,2375.1886,0.0,44.8375,44.843,37.3472,7.490299999999998,913.26
20250303,202503,686,WALLET,GW-NILE,Failed,EGP,1,6.4017,0.0,0.0,0.0,0.0,0.0081,-0.0081,316.22
20250303,202503,457,LDEBIT,GW-NIMBUS,Voided,SAR,1,10.0213,0.0,0.0,0.0,0.0,0.016,-0.016,37.58
20250304,202503,46,WALLET,GW-NILE,Success,EGP,75,643.9543,643.9543,0.0,15.8241,15.8241,7.8411,7.983,31808.96
20250304,202503,3,CARD,GW-NIMBUS,Failed,SAR,9,252.904,0.0,0.0,0.0,0.0,0.136,-0.136,948.39
20250304,202503,447,LDEBIT,GW-NIMBUS,Success,AED,1,51.774,51.774,0.0,0.6698,0.6707,0.2777,0.3920999999999999,190.14
20250304,202503,317,CARD,GW-NILE,Failed,EGP,1,21.8579,0.0,0.0,0.0,0.0,0.0081,-0.0081,1079.7
20250304,202503,143,CARD,GW-ORION,Failed,SAR,81,722.48,0.0,0.0,0.0,0.0,0.9707,-0.9707,2709.3
20250305,202503,400,LDEBIT,GW-NIMBUS,Success,SAR,59,1434.808,1434.808,0.0,20.5893,20.5886,9.112,11.4773,5380.53
20250305,202503,396,WALLET,GW-NILE,Voided,EGP,1,7.6228,0.0,0.0,0.0,0.0,0.0081,-0.0081,376.54
20250305,202503,538,CARD,GW-NILE,Voided,EGP,1,47.9896,0.0,0.0,0.0,0.0,0.0081,-0.0081,2370.51
20250305,202503,480,TOKEN,GW-ATLAS,Success,OMR,13,982.6528,982.6528,0.0,15.2146,15.2139,15.8127,-0.5980999999999987,377.83
20250306,202503,443,TOKEN,GW-ORION,Failed,SAR,1,17.6133,0.0,0.0,0.0,0.0,0.0107,-0.0107,66.05
20250306,202503,633,CARD,GW-ORION,Voided,SAR,6,354.8853,0.0,0.0,0.0,0.0,0.072,-0.072,1330.82
20250306,202503,406,LDEBIT,GW-NIMBUS,Success,SAR,1,11.6373,11.6373,0.0,0.1973,0.1964,0.0987,0.0986,43.64
20250306,202503,514,BNPL,GW-ATLAS,Failed,SAR,1,246.9973,0.0,0.0,0.0,0.0,0.0213,-0.0213,926.24
20250307,202503,26,TOKEN,GW-NIMBUS,Success,AED,9,4326.3662,4326.3662,0.0,64.03,64.0293,61.1545,2.8755000000000024,15888.58
20250307,202503,461,WALLET,GW-NILE,Success,EGP,6,28.312,28.312,0.0,0.7766,0.7765,0.4393,0.3372999999999999,1398.51
20250307,202503,291,TOKEN,GW-NIMBUS,Success,OMR,1,15.0845,15.0845,0.0,0.4681,0.4777,0.2861,0.182,5.8
20250307,202503,169,CARD,GW-ATLAS,Success,EGP,44,3407.288,3407.288,0.0,57.1395,57.1394,52.9343,4.205199999999998,168307.42
20250307,202503,131,CARD,GW-NIMBUS,Failed,SAR,7,217.6,0.0,0.0,0.0,0.0,0.104,-0.104,816.0
20250307,202503,585,TOKEN,GW-NIMBUS,Success,AED,17,619.3683,619.3683,0.0,16.256,16.2552,9.7754,6.480600000000001,2274.63
20250307,202503,114,LDEBIT,GW-NIMBUS,Success,SAR,186,29722.9947,29722.9947,0.0,217.728,217.7293,142.1227,75.6053,111461.23
20250308,202503,184,LDEBIT,GW-NILE,Failed,EGP,8,34.1281,0.0,0.0,0.0,0.0,0.064,-0.064,1685.8
20250308,202503,418,CARD,GW-ATLAS,Success,OMR,2,437.2172,437.2172,0.0,10.5852,10.5764,6.528,4.057200000000001,168.11
20250308,202503,122,CARD,GW-NIMBUS,Failed,AED,7,77.917,0.0,0.0,0.0,0.0,0.1062,-0.1062,286.15
20250308,202503,164,WALLET,GW-NILE,Refunded,EGP,5,47.9115,0.0,47.9115,0.0,0.0,0.7501,-0.7501,2366.65
20250308,202503,261,CARD,GW-ORION,Refunded,AED,2,72.3839,0.0,72.3839,0.0,0.0,0.2995,-0.2995,265.83
20250308,202503,446,CARD,GW-NIMBUS,Failed,OMR,15,579.1417,0.0,0.0,0.0,0.0,0.2341,-0.2341,222.68
20250308,202503,583,CARD,GW-ORION,Failed,SAR,3,43.7253,0.0,0.0,0.0,0.0,0.0373,-0.0373,163.97
20250308,202503,563,LDEBIT,GW-NIMBUS,Success,AED,9,353.0075,353.0075,0.0,4.5854,4.586,1.9932,2.5922,1296.42
20250308,202503,581,CARD,GW-NILE,Success,EGP,3150,21932.7006,21932.7006,0.0,479.4647,479.4647,433.4323,46.0324,1083394.26
20250309,202503,472,BNPL,GW-ATLAS,Failed,AED,1,62.1484,0.0,0.0,0.0,0.0,0.0191,-0.0191,228.24
20250309,202503,50,CARD,GW-ATLAS,Success,EGP,3,53.5026,53.5026,0.0,1.6129,1.613,1.0021,0.6108,2642.83
20250309,202503,129,CARD,GW-ATLAS,Failed,AED,1,481.4922,0.0,0.0,0.0,0.0,0.0191,-0.0191,1768.28
20250309,202503,226,CARD,GW-ATLAS,Voided,EGP,36,213.8419,0.0,0.0,0.0,0.0,0.7201,-0.7201,10563.0
20250309,202503,132,LDEBIT,GW-NIMBUS,Refunded,SAR,1,13.8667,0.0,13.8667,0.0,0.0,0.1493,-0.1493,52.0
20250309,202503,487,LDEBIT,GW-NILE,Success,EGP,1,6.1286,6.1286,0.0,0.1265,0.1265,0.0597,0.0668,302.73
20250309,202503,435,CARD,GW-NIMBUS,Success,SAR,4,159.8693,159.8693,0.0,4.1653,4.1665,2.4187,1.7466000000000004,599.51
20250309,202503,114,LDEBIT,GW-NIMBUS,Refunded,SAR,4,636.0827,0.0,636.0827,0.0,0.0,0.6,-0.6,2385.31
20250309,202503,642,CARD,GW-NIMBUS,Refunded,SAR,2,293.0453,0.0,293.0453,0.0,0.0,0.2987,-0.2987,1098.92
20250309,202503,162,LDEBIT,GW-NILE,Voided,EGP,3,54.6636,0.0,0.0,0.0,0.0,0.0241,-0.0241,2700.18
20250309,202503,231,BANKTR,GW-NILE,Refunded,EGP,3,45.3042,0.0,45.3042,0.0,0.0,0.45,-0.45,2237.86
20250310,202503,471,TOKEN,GW-ATLAS,Failed,SAR,1,38.5413,0.0,0.0,0.0,0.0,0.0213,-0.0213,144.53
20250310,202503,314,WALLET,GW-NILE,Voided,EGP,1,15.9836,0.0,0.0,0.0,0.0,0.0081,-0.0081,789.53
20250310,202503,534,CARD,GW-ORION,Failed,SAR,46,1508.136,0.0,0.0,0.0,0.0,0.552,-0.552,5655.51
20250310,202503,605,CARD,GW-ATLAS,Success,EGP,12,320.3823,320.3823,0.0,8.0338,8.0338,5.5591,2.4746999999999995,15825.7
20250311,202503,403,TOKEN,GW-ORION,Refunded,SAR,1,31.5307,0.0,31.5307,0.0,0.0,0.1493,-0.1493,118.24
20250311,202503,642,BNPL,GW-ATLAS,Failed,SAR,3,201.2693,0.0,0.0,0.0,0.0,0.0587,-0.0587,754.76
20250311,202503,331,TOKEN,GW-NIMBUS,Refunded,AED,3,139.4908,0.0,139.4908,0.0,0.0,0.4493,-0.4493,512.28
20250311,202503,516,CARD,GW-ORION,Success,SAR,822,28503.0667,28503.0667,0.0,451.1013,451.1012,414.3173,36.78399999999999,106886.5
20250311,202503,105,TOKEN,GW-NILE,Refunded,EGP,1,9.4246,0.0,9.4246,0.0,0.0,0.15,-0.15,465.54
20250311,202503,135,CARD,GW-ATLAS,Success,SAR,227,2505.0427,2505.0427,0.0,88.4907,88.4902,53.3227,35.168000000000006,9393.91
20250312,202503,56,CARD,GW-NILE,Failed,EGP,2,28.9805,0.0,0.0,0.0,0.0,0.016,-0.016,1431.53
20250312,202503,53,LDEBIT,GW-NIMBUS,Success,OMR,2,131.2354,131.2354,0.0,1.6385,1.6296,0.6762,0.9623,50.46
20250312,202503,59,CARD,GW-ORION,Failed,AED,2,83.1831,0.0,0.0,0.0,0.0,0.0245,-0.0245,305.49
20250312,202503,401,WALLET,GW-NILE,Refunded,EGP,2,70.7025,0.0,70.7025,0.0,0.0,0.3,-0.3,3492.44
20250312,202503,146,TOKEN,GW-NIMBUS,Success,SAR,3,35.432,35.432,0.0,1.136,1.1363,0.6907,0.4452999999999999,132.87
20250312,202503,701,TOKEN,GW-NILE,Success,EGP,1,18.4765,18.4765,0.0,0.5454,0.5453,0.2859,0.2595,912.67
20250313,202503,364,LDEBIT,GW-NIMBUS,Success,SAR,42,454.368,454.368,0.0,7.008,7.0072,3.9333,3.0747,1703.88
20250313,202503,42,LDEBIT,GW-NIMBUS,Success,SAR,53,548.4133,548.4133,0.0,9.1333,9.1322,4.8533,4.28,2056.55
20250313,202503,105,WALLET,GW-NILE,Failed,EGP,6,34.7927,0.0,0.0,0.0,0.0,0.048,-0.048,1718.63
20250313,202503,642,BNPL,GW-ATLAS,Success,SAR,11,982.232,982.232,0.0,45.832,45.8309,34.1653,11.6667,3683.37
20250313,202503,142,CARD,GW-NIMBUS,Failed,SAR,2,46.456,0.0,0.0,0.0,0.0,0.0293,-0.0293,174.21
20250313,202503,327,TOKEN,GW-NIMBUS,Voided,SAR,1,33.5467,0.0,0.0,0.0,0.0,0.016,-0.016,125.8
20250313,202503,71,TOKEN,GW-NIMBUS,Failed,SAR,2,30.4213,0.0,0.0,0.0,0.0,0.0293,-0.0293,114.08
20250313,202503,50,LDEBIT,GW-NILE,Success,EGP,2,36.5341,36.5341,0.0,0.5393,0.5393,0.218,0.3213,1804.65
20250313,202503,386,LDEBIT,GW-NIMBUS,Success,SAR,65,1081.2107,1081.2107,0.0,9.184,9.1841,7.7893,1.3946999999999994,4054.54
20250313,202503,492,CARD,GW-ORION,Success,SAR,9,1735.8027,1735.8027,0.0,39.0693,39.0703,22.7893,16.279999999999998,6509.26
20250313,202503,555,CARD,GW-ORION,Success,AED,86,80402.1157,80402.1157,0.0,1334.2628,1334.263,1035.872,298.3907999999999,295276.77
20250314,202503,542,TOKEN,GW-NILE,Success,EGP,16,363.1989,363.1989,0.0,9.6339,9.634,5.4243,4.209600000000001,17940.68
20250314,202503,171,WALLET,GW-NILE,Success,EGP,22,983.2386,983.2386,0.0,19.6636,19.6635,8.7343,10.9293,48568.35
20250314,202503,628,CARD,GW-NILE,Success,EGP,5,39.2159,39.2159,0.0,1.4477,1.4478,0.7416,0.7061,1937.12
20250314,202503,176,CARD,GW-ATLAS,Success,SAR,1,251.3067,251.3067,0.0,5.848,5.8474,3.7387,2.1093,942.4
20250314,202503,375,TOKEN,GW-NILE,Success,EGP,81,2064.953,2064.953,0.0,37.9215,37.9214,30.3114,7.610100000000003,102001.04
20250314,202503,314,WALLET,GW-NILE,Success,EGP,28,468.3683,468.3683,0.0,10.3737,10.3736,4.7738,5.5999,23135.66
20250314,202503,571,CARD,GW-ATLAS,Refunded,EGP,55,1085.6584,0.0,1085.6584,0.0,0.0,8.25,-8.25,53627.51
20250314,202503,400,BNPL,GW-ATLAS,Voided,SAR,1,23.6213,0.0,0.0,0.0,0.0,0.0213,-0.0213,88.58
20250314,202503,679,CARD,GW-NILE,Success,EGP,79,2146.9997,2146.9997,0.0,54.9193,54.9193,30.2731,24.6462,106053.84
20250315,202503,682,TOKEN,GW-ORION,Failed,SAR,1,14.0,0.0,0.0,0.0,0.0,0.0107,-0.0107,52.5
20250315,202503,619,LDEBIT,GW-NILE,Voided,EGP,2,32.8045,0.0,0.0,0.0,0.0,0.016,-0.016,1620.42
20250316,202503,194,TOKEN,GW-ATLAS,Success,EGP,2,205.6407,205.6407,0.0,4.8002,4.8002,3.2573,1.5429000000000004,10157.89
20250316,202503,78,LDEBIT,GW-NILE,Success,EGP,4,26.5862,26.5862,0.0,0.5087,0.5087,0.2476,0.2611,1313.26
20250316,202503,166,CARD,GW-ORION,Success,SAR,7,506.88,506.88,0.0,11.4,11.4002,6.9147,4.4853000000000005,1900.8
20250316,202503,164,CARD,GW-ATLAS,Voided,EGP,1,8.3812,0.0,0.0,0.0,0.0,0.02,-0.02,414.0
20250316,202503,169,CARD,GW-ATLAS,Success,EGP,45,3468.0573,3468.0573,0.0,58.174,58.174,53.8943,4.279699999999998,171309.2
20250316,202503,412,CARD,GW-NIMBUS,Failed,SAR,1,53.6187,0.0,0.0,0.0,0.0,0.016,-0.016,201.07
20250317,202503,162,WALLET,GW-NILE,Failed,EGP,25,455.5293,0.0,0.0,0.0,0.0,0.2,-0.2,22501.46
20250317,202503,223,CARD,GW-NIMBUS,Voided,AED,1,11.401,0.0,0.0,0.0,0.0,0.0163,-0.0163,41.87
20250317,202503,581,WALLET,GW-NILE,Success,EGP,2082,14476.7924,14476.7924,0.0,208.428,208.428,190.1321,18.29589999999999,715099.98
20250317,202503,592,LDEBIT,GW-NIMBUS,Success,AED,2,334.595,334.595,0.0,4.0381,4.0375,1.5956,2.4425,1228.8
20250317,202503,281,LDEBIT,GW-NIMBUS,Failed,SAR,2,68.6267,0.0,0.0,0.0,0.0,0.0293,-0.0293,257.35
20250317,202503,449,BNPL,GW-ATLAS,Refunded,EGP,1,37.8666,0.0,37.8666,0.0,0.0,0.15,-0.15,1870.47
20250317,202503,264,CARD,GW-NIMBUS,Failed,AED,2,26.2519,0.0,0.0,0.0,0.0,0.03,-0.03,96.41
20250317,202503,413,TOKEN,GW-ATLAS,Success,EGP,35,226.4793,226.4793,0.0,8.8592,8.8591,6.0144,2.8447999999999998,11187.24
20250317,202503,616,CARD,GW-ATLAS,Voided,SAR,2,82.7627,0.0,0.0,0.0,0.0,0.04,-0.04,310.36
20250317,202503,592,CARD,GW-NIMBUS,Failed,AED,1,90.8264,0.0,0.0,0.0,0.0,0.0163,-0.0163,333.56
20250317,202503,521,CARD,GW-ORION,Failed,SAR,1,33.9173,0.0,0.0,0.0,0.0,0.0107,-0.0107,127.19
20250318,202503,159,WALLET,GW-NILE,Success,EGP,93,1535.9798,1535.9798,0.0,34.5888,34.5888,15.6965,18.8923,75871.72
20250318,202503,642,LDEBIT,GW-NIMBUS,Success,SAR,19,1324.336,1324.336,0.0,16.0613,16.0607,6.8133,9.248,4966.26
20250319,202503,680,WALLET,GW-NILE,Success,EGP,3,102.7632,102.7632,0.0,2.0953,2.0953,0.9373,1.158,5076.12
20250319,202503,250,CARD,GW-NIMBUS,Failed,AED,8,96.1661,0.0,0.0,0.0,0.0,0.1198,-0.1198,353.17
20250319,202503,132,LDEBIT,GW-NIMBUS,Success,SAR,17,252.8773,252.8773,0.0,3.9813,3.981,1.904,2.0773,948.29
20250319,202503,162,TOKEN,GW-NILE,Voided,EGP,3,54.6636,0.0,0.0,0.0,0.0,0.0241,-0.0241,2700.18
20250319,202503,171,LDEBIT,GW-NILE,Success,EGP,16,852.0909,852.0909,0.0,10.6332,10.6331,4.011,6.6222,42090.14
20250319,202503,167,CARD,GW-NILE,Failed,EGP,3,89.0603,0.0,0.0,0.0,0.0,0.0241,-0.0241,4399.25
20250319,202503,285,CARD,GW-NIMBUS,Voided,SAR,27,1406.544,0.0,0.0,0.0,0.0,0.4053,-0.4053,5274.54
20250319,202503,417,CARD,GW-ATLAS,Failed,EGP,386,3192.3359,0.0,0.0,0.0,0.0,7.72,-7.72,157689.58
20250319,202503,632,CARD,GW-ORION,Failed,AED,1,2694.6086,0.0,0.0,0.0,0.0,0.0109,-0.0109,9895.95
20250320,202503,718,LDEBIT,GW-NIMBUS,Success,SAR,4,116.3573,116.3573,0.0,1.5733,1.5734,0.704,0.8693,436.34
20250320,202503,591,CARD,GW-NIMBUS,Failed,SAR,2,25.0293,0.0,0.0,0.0,0.0,0.0293,-0.0293,93.86
20250320,202503,18,LDEBIT,GW-NIMBUS,Failed,SAR,1,12.5067,0.0,0.0,0.0,0.0,0.016,-0.016,46.9
20250320,202503,577,TOKEN,GW-ORION,Voided,AED,1,40.0218,0.0,0.0,0.0,0.0,0.0109,-0.0109,146.98
20250320,202503,228,LDEBIT,GW-NIMBUS,Failed,AED,11,149.1409,0.0,0.0,0.0,0.0,0.1661,-0.1661,547.72
20250320,202503,47,CARD,GW-ATLAS,Failed,SAR,1,172.352,0.0,0.0,0.0,0.0,0.0213,-0.0213,646.32
20250320,202503,364,LDEBIT,GW-NIMBUS,Failed,SAR,1,10.8453,0.0,0.0,0.0,0.0,0.016,-0.016,40.67
20250320,202503,545,WALLET,GW-NILE,Success,EGP,12,363.5216,363.5216,0.0,6.5509,6.5508,3.3646,3.186300000000001,17956.62
20250321,202503,516,LDEBIT,GW-NIMBUS,Failed,SAR,10,347.7067,0.0,0.0,0.0,0.0,0.1493,-0.1493,1303.9
20250321,202503,347,TOKEN,GW-ATLAS,Success,EGP,4,124.7263,124.7263,0.0,3.1577,3.1577,2.1819,0.9758,6161.02
20250321,202503,403,TOKEN,GW-ORION,Success,SAR,78,1354.1253,1354.1253,0.0,41.1253,41.125,22.6507,18.4746,5077.97
20250321,202503,342,CARD,GW-ORION,Failed,AED,2,125.3397,0.0,0.0,0.0,0.0,0.0245,-0.0245,460.31
20250321,202503,254,LDEBIT,GW-NILE,Success,EGP,2,14.6829,14.6829,0.0,0.2699,0.2699,0.1296,0.1402999999999999,725.28
20250322,202503,317,WALLET,GW-NILE,Failed,EGP,1,21.8579,0.0,0.0,0.0,0.0,0.0081,-0.0081,1079.7
20250322,202503,692,CARD,GW-NIMBUS,Refunded,AED,6,359.469,0.0,359.469,0.0,0.0,0.9013,-0.9013,1320.15
20250322,202503,689,LDEBIT,GW-NIMBUS,Success,SAR,5,55.768,55.768,0.0,0.9387,0.9398,0.4747,0.4639999999999999,209.13
20250322,202503,334,LDEBIT,GW-NIMBUS,Success,OMR,8,433.8101,433.8101,0.0,5.0975,5.0938,2.3147,2.7828,166.8
20250322,202503,680,LDEBIT,GW-NILE,Success,EGP,3,42.6649,42.6649,0.0,0.6436,0.6436,0.2778,0.3657999999999999,2107.49
20250323,202503,292,CARD,GW-NILE,Success,EGP,5,280.0627,280.0627,0.0,7.0477,7.0477,3.6677,3.38,13834.06
20250323,202503,321,LDEBIT,GW-NILE,Success,EGP,3,41.3179,41.3179,0.0,0.6519,0.6519,0.2723,0.3796,2040.95
20250323,202503,290,CARD,GW-ATLAS,Success,AED,6,443.2621,443.2621,0.0,10.9135,10.9147,6.9081,4.005400000000001,1627.88
20250323,202503,514,TOKEN,GW-ORION,Success,SAR,1,630.816,630.816,0.0,14.3253,14.3249,8.4507,5.874600000000001,2365.56
20250323,202503,45,TOKEN,GW-NIMBUS,Voided,AED,16,667.2403,0.0,0.0,0.0,0.0,0.2396,-0.2396,2450.44
20250323,202503,366,CARD,GW-NILE,Success,EGP,2,262.8533,262.8533,0.0,5.9934,5.9933,3.2996,2.6938000000000004,12983.98
20250323,202503,312,TOKEN,GW-ATLAS,Success,EGP,1,109.0634,109.0634,0.0,2.7694,2.7694,1.723,1.0464,5387.33
20250323,202503,105,TOKEN,GW-NILE,Success,EGP,19,102.8065,102.8065,0.0,4.2748,4.2748,2.3024,1.9724,5078.26
20250324,202503,15,CARD,GW-ORION,Success,AED,225,2604.1334,2604.1334,0.0,79.6869,79.6868,46.772,32.9149,9563.68
20250324,202503,162,CARD,GW-NILE,Failed,EGP,46,838.1737,0.0,0.0,0.0,0.0,0.368,-0.368,41402.68
20250324,202503,162,LDEBIT,GW-NILE,Failed,EGP,12,218.654,0.0,0.0,0.0,0.0,0.096,-0.096,10800.7
20250324,202503,83,CARD,GW-ORION,Refunded,SAR,2,64.696,0.0,64.696,0.0,0.0,0.2987,-0.2987,242.61
20250324,202503,207,CARD,GW-ATLAS,Failed,EGP,2,45.6433,0.0,0.0,0.0,0.0,0.0401,-0.0401,2254.61
20250324,202503,174,TOKEN,GW-NILE,Success,EGP,1,73.5108,73.5108,0.0,1.7945,1.7944,0.9792,0.8153,3631.16
20250324,202503,309,LDEBIT,GW-NIMBUS,Success,AED,6,89.5984,89.5984,0.0,1.4078,1.4084,0.6726,0.7352,329.05
20250324,202503,6,LDEBIT,GW-NIMBUS,Failed,AED,2,113.8135,0.0,0.0,0.0,0.0,0.03,-0.03,417.98
20250325,202503,78,CARD,GW-NILE,Failed,EGP,1,6.9677,0.0,0.0,0.0,0.0,0.0081,-0.0081,344.18
20250325,202503,364,CARD,GW-ORION,Success,SAR,96,1031.5093,1031.5093,0.0,32.3973,32.3964,18.936,13.4613,3868.16
20250325,202503,360,WALLET,GW-NILE,Success,EGP,6,64.0872,64.0872,0.0,1.4305,1.4305,0.7292,0.7013000000000001,3165.67
20250325,202503,446,LDEBIT,GW-NIMBUS,Refunded,OMR,1,35.9168,0.0,35.9168,0.0,0.0,0.156,-0.156,13.81
20250325,202503,588,WALLET,GW-NILE,Failed,EGP,7,223.6955,0.0,0.0,0.0,0.0,0.0561,-0.0561,11049.73
20250326,202503,400,CARD,GW-NIMBUS,Voided,SAR,2,47.2427,0.0,0.0,0.0,0.0,0.0293,-0.0293,177.16
20250326,202503,44,WALLET,GW-NILE,Voided,EGP,1,4.5024,0.0,0.0,0.0,0.0,0.0081,-0.0081,222.4
20250326,202503,604,CARD,GW-NIMBUS,Refunded,SAR,43,1390.5413,0.0,1390.5413,0.0,0.0,6.4507,-6.4507,5214.53
20250326,202503,259,TOKEN,GW-NILE,Failed,EGP,1,6.8226,0.0,0.0,0.0,0.0,0.0081,-0.0081,337.01
20250326,202503,315,TOKEN,GW-ORION,Success,SAR,73,970.7173,970.7173,0.0,29.016,29.0149,17.2533,11.7627,3640.19
20250326,202503,303,TOKEN,GW-ATLAS,Success,SAR,17,243.2133,243.2133,0.0,7.5253,7.525,4.936,2.5893,912.05
20250326,202503,552,BNPL,GW-ATLAS,Success,SAR,30,419.2987,419.2987,0.0,18.7813,18.7804,15.0907,3.6906000000000017,1572.37
20250326,202503,559,TOKEN,GW-NILE,Success,EGP,2,300.1553,300.1553,0.0,7.0256,7.0255,3.8879,3.1377,14826.56
20250326,202503,317,BNPL,GW-NILE,Failed,EGP,2,43.716,0.0,0.0,0.0,0.0,0.016,-0.016,2159.41
20250326,202503,438,TOKEN,GW-NILE,Success,EGP,7,137.2368,137.2368,0.0,4.1576,4.1577,2.1002,2.0574000000000003,6778.99
20250327,202503,595,LDEBIT,GW-NILE,Success,EGP,6,107.7034,107.7034,0.0,1.5102,1.5103,0.6462,0.864,5320.15
20250327,202503,412,CARD,GW-NIMBUS,Failed,SAR,1,53.6187,0.0,0.0,0.0,0.0,0.016,-0.016,201.07
20250327,202503,652,LDEBIT,GW-NIMBUS,Success,SAR,1,208.2133,208.2133,0.0,2.432,2.432,0.9813,1.4507,780.8
20250327,202503,114,CARD,GW-ORION,Failed,SAR,23,3848.888,0.0,0.0,0.0,0.0,0.2773,-0.2773,14433.33
20250327,202503,446,TOKEN,GW-NIMBUS,Success,OMR,62,2328.2705,2328.2705,0.0,43.9792,43.9748,36.619,7.360199999999999,895.22
20250327,202503,382,BANKTR,GW-NIMBUS,Voided,SAR,5,185.3947,0.0,0.0,0.0,0.0,0.0747,-0.0747,695.23
20250327,202503,288,LDEBIT,GW-NIMBUS,Refunded,SAR,1,8.5973,0.0,8.5973,0.0,0.0,0.1493,-0.1493,32.24
20250328,202503,53,CARD,GW-NIMBUS,Success,OMR,7,264.3173,264.3173,0.0,7.0221,7.0125,4.0312,2.9909,101.63
20250328,202503,500,TOKEN,GW-ATLAS,Voided,EGP,1,5.7047,0.0,0.0,0.0,0.0,0.02,-0.02,281.79
20250328,202503,592,TOKEN,GW-NIMBUS,Success,AED,4,321.4541,321.4541,0.0,8.3159,8.3149,4.7597,3.5562,1180.54
20250328,202503,432,TOKEN,GW-ORION,Success,AED,26,1745.0374,1745.0374,0.0,40.3812,40.3801,24.757,15.624199999999998,6408.65
20250329,202503,55,CARD,GW-NIMBUS,Failed,SAR,1,50.6027,0.0,0.0,0.0,0.0,0.016,-0.016,189.76
20250329,202503,165,CARD,GW-ORION,Success,AED,214,2780.8005,2780.8005,0.0,88.4575,88.4584,48.3839,40.0736,10212.49
20250329,202503,606,LDEBIT,GW-NILE,Success,EGP,10,236.4258,236.4258,0.0,3.051,3.051,1.3076,1.7434,11678.56
20250329,202503,240,CARD,GW-ORION,Voided,SAR,2,98.4987,0.0,0.0,0.0,0.0,0.024,-0.024,369.37
20250329,202503,426,CARD,GW-NILE,Success,EGP,1,11.4687,11.4687,0.0,0.3715,0.3715,0.1923,0.1792,566.51
20250329,202503,116,CARD,GW-NILE,Failed,EGP,1,94.0289,0.0,0.0,0.0,0.0,0.0081,-0.0081,4644.68
20250329,202503,534,LDEBIT,GW-NIMBUS,Voided,SAR,5,163.928,0.0,0.0,0.0,0.0,0.0747,-0.0747,614.73
20250329,202503,145,CARD,GW-ORION,Success,AED,13,186.8591,186.8591,0.0,6.0449,6.0458,3.1695,2.8754,686.24
20250329,202503,687,LDEBIT,GW-NILE,Success,EGP,6,39.8554,39.8554,0.0,0.7986,0.7987,0.3715,0.4271,1968.71
20250330,202503,161,LDEBIT,GW-NIMBUS,Success,OMR,7,275.7087,275.7087,0.0,3.355,3.3663,1.5605,1.7945,106.01
20250330,202503,331,TOKEN,GW-NIMBUS,Success,AED,49,3494.7093,3494.7093,0.0,53.7808,53.7819,52.1116,1.6691999999999965,12834.32
20250330,202503,393,CARD,GW-NILE,Success,EGP,1,18.0325,18.0325,0.0,0.4927,0.4927,0.2721,0.2206,890.74
20250330,202503,414,TOKEN,GW-ORION,Voided,AED,1,420.0408,0.0,0.0,0.0,0.0,0.0109,-0.0109,1542.6
20250330,202503,387,TOKEN,GW-ATLAS,Success,SAR,38,1732.2427,1732.2427,0.0,43.4,43.3991,29.0027,14.397299999999998,6495.91
20250330,202503,237,BNPL,GW-ATLAS,Success,SAR,1,1169.4453,1169.4453,0.0,50.3333,50.3329,40.4373,9.896,4385.42
20250330,202503,501,TOKEN,GW-ORION,Success,AED,19,301.9278,301.9278,0.0,9.9442,9.9448,5.1464,4.7978000000000005,1108.83
20250330,202503,133,CARD,GW-NILE,Success,EGP,2,2760.4138,2760.4138,0.0,44.0582,44.0582,33.645,10.413199999999996,136354.23
20250330,202503,316,CARD,GW-NIMBUS,Success,SAR,5,56.744,56.744,0.0,1.736,1.7348,1.0907,0.6453,212.79
20250331,202503,571,CARD,GW-ATLAS,Voided,EGP,7,136.7066,0.0,0.0,0.0,0.0,0.1401,-0.1401,6752.8
20250331,202503,543,CARD,GW-ATLAS,Refunded,EGP,1,8.5879,0.0,8.5879,0.0,0.0,0.15,-0.15,424.21
20250331,202503,467,LDEBIT,GW-NIMBUS,Failed,SAR,4,253.3813,0.0,0.0,0.0,0.0,0.0587,-0.0587,950.18
20250331,202503,356,TOKEN,GW-ORION,Refunded,SAR,1,57.24,0.0,57.24,0.0,0.0,0.1493,-0.1493,214.65
20250331,202503,154,LDEBIT,GW-NIMBUS,Failed,SAR,3,688.8373,0.0,0.0,0.0,0.0,0.0453,-0.0453,2583.14
20250331,202503,190,LDEBIT,GW-NIMBUS,Success,SAR,18,931.136,931.136,0.0,10.7147,10.7142,5.0,5.714700000000001,3491.76
20250331,202503,627,LDEBIT,GW-NIMBUS,Success,SAR,1,136.528,136.528,0.0,1.6693,1.6695,0.6587,1.0106000000000002,511.98
20250331,202503,479,TOKEN,GW-ATLAS,Voided,OMR,5,50.5592,0.0,0.0,0.0,0.0,0.104,-0.104,19.44
20250401,202504,414,CARD,GW-ORION,Refunded,AED,1,406.5242,0.0,406.5242,0.0,0.0,0.1498,-0.1498,1492.96
20250401,202504,332,WALLET,GW-NILE,Failed,EGP,1,197.1871,0.0,0.0,0.0,0.0,0.008,-0.008,9802.11
20250401,202504,532,CARD,GW-ORION,Failed,SAR,1,52.5707,0.0,0.0,0.0,0.0,0.0107,-0.0107,197.14
20250401,202504,40,CARD,GW-ATLAS,Success,EGP,3,329.872,329.872,0.0,8.4281,8.428,5.0316,3.3965000000000005,16397.84
20250401,202504,319,TOKEN,GW-NIMBUS,Success,SAR,5,210.6453,210.6453,0.0,5.6613,5.6605,3.2747,2.3866,789.92
20250401,202504,474,CARD,GW-ATLAS,Success,EGP,16,340.0642,340.0642,0.0,9.4112,9.4113,6.1421,3.269099999999999,16904.49
20250401,202504,223,TOKEN,GW-ORION,Success,AED,41,431.0551,431.0551,0.0,13.6664,13.6651,8.1715,5.4949,1583.05
20250401,202504,644,LDEBIT,GW-NIMBUS,Success,SAR,14,380.3333,380.3333,0.0,5.4533,5.4543,2.3413,3.112,1426.25
20250401,202504,6,TOKEN,GW-ORION,Success,AED,5,251.3955,251.3955,0.0,6.7039,6.7043,3.6406,3.0633,923.25
20250401,202504,318,LDEBIT,GW-NIMBUS,Success,AED,13,381.7917,381.7917,0.0,4.8741,4.8734,2.3036,2.5705000000000005,1402.13
20250402,202504,385,CARD,GW-NILE,Failed,EGP,2,87.6014,0.0,0.0,0.0,0.0,0.0161,-0.0161,4354.64
20250402,202504,635,LDEBIT,GW-NIMBUS,Success,AED,7,2567.4581,2567.4581,0.0,19.7386,19.739,11.8693,7.869300000000001,9428.99
20250402,202504,461,BNPL,GW-NILE,Success,EGP,6,42.8405,42.8405,0.0,1.8023,1.8023,1.2818,0.5205,2129.59
20250402,202504,714,LDEBIT,GW-NIMBUS,Failed,SAR,1,11.8613,0.0,0.0,0.0,0.0,0.016,-0.016,44.48
20250402,202504,166,CARD,GW-ORION,Failed,SAR,1,62.008,0.0,0.0,0.0,0.0,0.0107,-0.0107,232.53
20250402,202504,281,LDEBIT,GW-NIMBUS,Success,SAR,16,555.5573,555.5573,0.0,7.4373,7.4369,3.2213,4.215999999999999,2083.34
20250403,202504,559,CARD,GW-NILE,Failed,EGP,1,134.8286,0.0,0.0,0.0,0.0,0.008,-0.008,6702.29
20250403,202504,357,CARD,GW-ATLAS,Voided,EGP,8,58.2242,0.0,0.0,0.0,0.0,0.1599,-0.1599,2894.31
20250403,202504,639,CARD,GW-ORION,Success,SAR,6,199.08,199.08,0.0,4.3867,4.3865,2.9093,1.4774000000000005,746.55
20250403,202504,368,CARD,GW-ATLAS,Success,OMR,65,2720.13,2720.13,0.0,64.6554,64.6564,44.4733,20.1821,1045.89
20250403,202504,689,CARD,GW-ORION,Failed,SAR,3,34.1547,0.0,0.0,0.0,0.0,0.0373,-0.0373,128.08
20250403,202504,6,CARD,GW-NIMBUS,Success,AED,29,1695.8557,1695.8557,0.0,43.8312,43.8303,24.7788,19.0524,6228.03
20250403,202504,552,BNPL,GW-ATLAS,Refunded,SAR,1,9.2933,0.0,9.2933,0.0,0.0,0.1493,-0.1493,34.85
20250403,202504,483,LDEBIT,GW-NILE,Failed,EGP,26,219.9102,0.0,0.0,0.0,0.0,0.208,-0.208,10931.67
20250404,202504,571,LDEBIT,GW-NILE,Refunded,EGP,9,175.7745,0.0,175.7745,0.0,0.0,1.35,-1.35,8737.7
20250404,202504,240,CARD,GW-ORION,Failed,SAR,9,443.248,0.0,0.0,0.0,0.0,0.1067,-0.1067,1662.18
20250405,202504,660,TOKEN,GW-NILE,Success,EGP,1,26.1885,26.1885,0.0,0.724,0.7241,0.383,0.3409999999999999,1301.82
20250405,202504,522,LDEBIT,GW-NIMBUS,Success,OMR,1,42.8088,42.8088,0.0,0.4941,0.5042,0.2341,0.26,16.46
20250405,202504,135,CARD,GW-ATLAS,Voided,SAR,1,11.0987,0.0,0.0,0.0,0.0,0.0213,-0.0213,41.62
20250405,202504,142,CARD,GW-NIMBUS,Refunded,SAR,2,51.5787,0.0,51.5787,0.0,0.0,0.2987,-0.2987,193.42
20250406,202504,553,TOKEN,GW-NILE,Success,EGP,2,110.71,110.71,0.0,2.9634,2.9634,1.5009,1.4625,5503.36
20250406,202504,557,CARD,GW-ORION,Refunded,SAR,12,553.6053,0.0,553.6053,0.0,0.0,1.8,-1.8,2076.02
20250406,202504,366,TOKEN,GW-NILE,Success,EGP,2,267.3084,267.3084,0.0,6.2225,6.2225,3.4742,2.7483,13287.82
20250406,202504,438,WALLET,GW-NILE,Success,EGP,3,44.7677,44.7677,0.0,1.0328,1.0329,0.4677,0.5650999999999999,2225.39
20250406,202504,545,TOKEN,GW-ATLAS,Success,EGP,3,80.0494,80.0494,0.0,1.9747,1.9746,1.4323,0.5424,3979.23
20250406,202504,552,CARD,GW-ORION,Failed,SAR,12,193.016,0.0,0.0,0.0,0.0,0.144,-0.144,723.81
20250406,202504,385,LDEBIT,GW-NILE,Success,EGP,3,100.3758,100.3758,0.0,1.2843,1.2842,0.5116,0.7726999999999999,4989.65
20250407,202504,681,CARD,GW-NIMBUS,Success,AED,10,551.3165,551.3165,0.0,14.0177,14.017,8.0926,5.9251000000000005,2024.71
20250407,202504,430,TOKEN,GW-ORION,Success,SAR,2,38.832,38.832,0.0,1.176,1.1754,0.6347,0.5412999999999999,145.62
20250407,202504,545,TOKEN,GW-ATLAS,Refunded,EGP,1,51.3896,0.0,51.3896,0.0,0.0,0.1501,-0.1501,2554.56
20250407,202504,293,CARD,GW-ATLAS,Failed,AED,1,56.6399,0.0,0.0,0.0,0.0,0.0191,-0.0191,208.01
20250407,202504,483,WALLET,GW-NILE,Failed,EGP,27,228.3683,0.0,0.0,0.0,0.0,0.2161,-0.2161,11352.12
20250407,202504,230,TOKEN,GW-ORION,Success,AED,1,38.0994,38.0994,0.0,1.032,1.0319,0.5664,0.4656,139.92
20250408,202504,604,LDEBIT,GW-NIMBUS,Success,SAR,215,7643.432,7643.432,0.0,78.976,78.9768,44.0693,34.9067,28662.87
20250408,202504,426,WALLET,GW-NILE,Success,EGP,2,8.6168,8.6168,0.0,0.2663,0.2663,0.1398,0.1264999999999999,428.34
20250408,202504,177,LDEBIT,GW-NIMBUS,Success,OMR,3,73.0039,73.0039,0.0,0.9363,0.9443,0.4681,0.4682,28.07
20250408,202504,433,LDEBIT,GW-NILE,Failed,EGP,5,51.3415,0.0,0.0,0.0,0.0,0.04,-0.04,2552.17
20250408,202504,567,WALLET,GW-NILE,Failed,EGP,1,31.5572,0.0,0.0,0.0,0.0,0.008,-0.008,1568.7
20250408,202504,541,LDEBIT,GW-NILE,Failed,EGP,11,263.3404,0.0,0.0,0.0,0.0,0.0879,-0.0879,13090.57
20250408,202504,473,CARD,GW-ORION,Refunded,SAR,3,84.5573,0.0,84.5573,0.0,0.0,0.4507,-0.4507,317.09
20250409,202504,95,CARD,GW-ORION,Refunded,AED,2,146.8564,0.0,146.8564,0.0,0.0,0.2995,-0.2995,539.33
20250409,202504,611,LDEBIT,GW-NIMBUS,Voided,SAR,1,38.4213,0.0,0.0,0.0,0.0,0.016,-0.016,144.08
20250409,202504,616,CARD,GW-ATLAS,Voided,SAR,5,206.904,0.0,0.0,0.0,0.0,0.1013,-0.1013,775.89
20250409,202504,169,WALLET,GW-NILE,Success,EGP,15,1201.2551,1201.2551,0.0,15.7599,15.7599,10.2551,5.5048,59714.03
20250409,202504,473,LDEBIT,GW-NIMBUS,Refunded,SAR,1,25.28,0.0,25.28,0.0,0.0,0.1493,-0.1493,94.8
20250410,202504,142,CARD,GW-NIMBUS,Success,SAR,33,852.6373,852.6373,0.0,24.976,24.977,13.656,11.32,3197.39
20250410,202504,208,CARD,GW-ATLAS,Refunded,AED,1,66.4697,0.0,66.4697,0.0,0.0,0.1498,-0.1498,244.11
20250410,202504,449,BNPL,GW-ATLAS,Success,EGP,6,203.8325,203.8325,0.0,9.5271,9.5271,7.1644,2.362700000000001,10132.45
20250410,202504,702,LDEBIT,GW-NILE,Success,EGP,2,41.6824,41.6824,0.0,0.6178,0.6179,0.2388,0.379,2072.02
20250410,202504,205,CARD,GW-NILE,Failed,EGP,13,398.2293,0.0,0.0,0.0,0.0,0.104,-0.104,19795.86
20250410,202504,543,CARD,GW-ATLAS,Refunded,EGP,4,21.7161,0.0,21.7161,0.0,0.0,0.6001,-0.6001,1079.5
20250410,202504,164,CARD,GW-ATLAS,Failed,EGP,51,427.4429,0.0,0.0,0.0,0.0,1.0199,-1.0199,21248.06
20250411,202504,625,TOKEN,GW-ORION,Success,SAR,2,34.936,34.936,0.0,1.064,1.0645,0.584,0.4800000000000001,131.01
20250411,202504,198,TOKEN,GW-ORION,Success,AED,260,20540.1879,20540.1879,0.0,443.902,443.9019,288.6535,155.24849999999998,75433.84
20250411,202504,314,CARD,GW-ATLAS,Success,EGP,47,746.3443,746.3443,0.0,22.6457,22.6458,14.3598,8.285900000000002,37100.55
20250411,202504,31,CARD,GW-NIMBUS,Voided,AED,1,39.7767,0.0,0.0,0.0,0.0,0.0163,-0.0163,146.08
20250412,202504,429,CARD,GW-NILE,Refunded,EGP,4,78.9283,0.0,78.9283,0.0,0.0,0.6001,-0.6001,3923.5
20250412,202504,248,CARD,GW-ATLAS,Refunded,SAR,1,11.7467,0.0,11.7467,0.0,0.0,0.1493,-0.1493,44.05
20250412,202504,169,TOKEN,GW-NILE,Success,EGP,17,1407.9298,1407.9298,0.0,24.0185,24.0184,18.6408,5.377700000000001,69987.77
20250412,202504,557,CARD,GW-ORION,Success,SAR,128,5880.056,5880.056,0.0,154.8613,154.8622,82.9973,71.864,22050.21
20250412,202504,614,TOKEN,GW-ORION,Success,SAR,12,130.68,130.68,0.0,4.2293,4.2305,2.4533,1.7760000000000002,490.05
20250412,202504,384,CARD,GW-ATLAS,Success,AED,26,321.9224,321.9224,0.0,10.6276,10.6268,6.6167,4.0109,1182.26
20250412,202504,492,LDEBIT,GW-NIMBUS,Success,SAR,6,1506.6133,1506.6133,0.0,16.496,16.4961,7.0507,9.4453,5649.8
20250412,202504,642,CARD,GW-NIMBUS,Success,SAR,38,2471.3627,2471.3627,0.0,61.456,61.4569,35.8347,25.621300000000005,9267.61
20250412,202504,253,LDEBIT,GW-NIMBUS,Success,SAR,14,240.8987,240.8987,0.0,3.52,3.5196,1.7147,1.8053,903.37
20250413,202504,406,LDEBIT,GW-NIMBUS,Success,SAR,2,25.6907,25.6907,0.0,0.4213,0.4225,0.2053,0.216,96.34
20250413,202504,562,CARD,GW-ORION,Failed,AED,5,275.7931,0.0,0.0,0.0,0.0,0.0599,-0.0599,1012.85
20250413,202504,17,BNPL,GW-ATLAS,Success,AED,3,136.0245,136.0245,0.0,6.3281,6.3292,4.7597,1.5684000000000005,499.55
20250413,202504,637,LDEBIT,GW-NIMBUS,Voided,SAR,5,206.4053,0.0,0.0,0.0,0.0,0.0747,-0.0747,774.02
20250413,202504,206,WALLET,GW-NILE,Failed,EGP,2,8.677,0.0,0.0,0.0,0.0,0.0161,-0.0161,431.33
20250413,202504,321,CARD,GW-NILE,Refunded,EGP,1,19.4556,0.0,19.4556,0.0,0.0,0.1501,-0.1501,967.13
20250413,202504,301,LDEBIT,GW-NILE,Success,EGP,96,630.7894,630.7894,0.0,12.2727,12.2727,5.9147,6.3580000000000005,31356.35
20250413,202504,217,CARD,GW-ORION,Success,AED,7,20399.2267,20399.2267,0.0,329.5303,329.5295,261.9333,67.59700000000004,74916.16
20250413,202504,504,CARD,GW-ORION,Failed,SAR,2,25.552,0.0,0.0,0.0,0.0,0.024,-0.024,95.82
20250414,202504,347,CARD,GW-ATLAS,Success,EGP,5,176.5167,176.5167,0.0,4.3181,4.3181,2.9437,1.3744,8774.59
20250414,202504,326,TOKEN,GW-NIMBUS,Success,OMR,2,59.3758,59.3758,0.0,1.6385,1.6356,0.9623,0.6762,22.83
20250414,202504,579,WALLET,GW-NILE,Failed,EGP,1,9.8701,0.0,0.0,0.0,0.0,0.008,-0.008,490.64
20250414,202504,668,CARD,GW-ORION,Success,AED,35,543.9673,543.9673,0.0,16.5174,16.5181,9.0565,7.460899999999999,1997.72
20250414,202504,3,CARD,GW-NIMBUS,Success,SAR,67,1912.752,1912.752,0.0,53.8027,53.8018,30.176,23.626700000000003,7172.82
20250414,202504,611,CARD,GW-ATLAS,Success,SAR,33,1307.0267,1307.0267,0.0,33.3867,33.3878,21.4987,11.887999999999998,4901.35
20250415,202504,368,TOKEN,GW-NIMBUS,Success,OMR,31,1149.2068,1149.2068,0.0,28.2185,28.2217,18.1014,10.117099999999995,441.87
20250415,202504,68,TOKEN,GW-ATLAS,Failed,SAR,2,103.6587,0.0,0.0,0.0,0.0,0.04,-0.04,388.72
20250415,202504,566,TOKEN,GW-ATLAS,Failed,EGP,4,33.7037,0.0,0.0,0.0,0.0,0.0801,-0.0801,1675.4
20250416,202504,259,BNPL,GW-ATLAS,Failed,EGP,4,27.2902,0.0,0.0,0.0,0.0,0.0801,-0.0801,1356.59
20250416,202504,609,CARD,GW-NILE,Voided,EGP,1,55.6079,0.0,0.0,0.0,0.0,0.008,-0.008,2764.25
20250416,202504,667,LDEBIT,GW-NIMBUS,Success,SAR,3,439.0907,439.0907,0.0,4.8053,4.8046,2.112,2.6933,1646.59
20250416,202504,446,TOKEN,GW-NIMBUS,Refunded,OMR,1,36.1248,0.0,36.1248,0.0,0.0,0.156,-0.156,13.89
20250416,202504,21,CARD,GW-NILE,Success,EGP,39,241.5885,241.5885,0.0,9.9681,9.968,5.0022,4.9659,12009.29
20250416,202504,150,CARD,GW-ATLAS,Voided,SAR,1,97.6613,0.0,0.0,0.0,0.0,0.0213,-0.0213,366.23
20250417,202504,508,LDEBIT,GW-NIMBUS,Success,SAR,5,146.3333,146.3333,0.0,1.8853,1.8849,0.8827,1.0026,548.75
20250417,202504,545,LDEBIT,GW-NILE,Refunded,EGP,1,33.6711,0.0,33.6711,0.0,0.0,0.1501,-0.1501,1673.78
20250417,202504,15,CARD,GW-ORION,Refunded,AED,9,112.678,0.0,112.678,0.0,0.0,1.3506,-1.3506,413.81
20250417,202504,650,BANKTR,GW-NIMBUS,Success,AED,367,11833.6365,11833.6365,0.0,179.3465,179.3456,139.872,39.47449999999998,43459.03
20250417,202504,376,BNPL,GW-ATLAS,Success,EGP,1,393.2466,393.2466,0.0,17.6646,17.6646,13.6106,4.054,19548.17
20250417,202504,214,TOKEN,GW-ATLAS,Success,EGP,2,76.0268,76.0268,0.0,2.0256,2.0255,1.2975,0.7280999999999997,3779.27
20250417,202504,79,CARD,GW-ORION,Failed,SAR,10,451.2613,0.0,0.0,0.0,0.0,0.12,-0.12,1692.23
20250417,202504,18,TOKEN,GW-ATLAS,Failed,SAR,3,37.52,0.0,0.0,0.0,0.0,0.0587,-0.0587,140.7
20250418,202504,277,CARD,GW-ATLAS,Failed,EGP,7,48.7661,0.0,0.0,0.0,0.0,0.14,-0.14,2424.15
20250418,202504,316,CARD,GW-NIMBUS,Success,SAR,8,106.9547,106.9547,0.0,3.12,3.1203,1.9627,1.1573000000000002,401.08
20250418,202504,105,TOKEN,GW-NILE,Refunded,EGP,1,4.4026,0.0,4.4026,0.0,0.0,0.1501,-0.1501,218.85
20250418,202504,581,CARD,GW-NILE,Refunded,EGP,15,69.0594,0.0,69.0594,0.0,0.0,2.2501,-2.2501,3432.92
20250418,202504,3,CARD,GW-NIMBUS,Success,SAR,63,1766.3573,1766.3573,0.0,49.8027,49.8024,27.9413,21.861400000000003,6623.84
20250419,202504,171,WALLET,GW-NILE,Refunded,EGP,2,81.8721,0.0,81.8721,0.0,0.0,0.2999,-0.2999,4069.84
20250419,202504,482,CARD,GW-ATLAS,Success,SAR,3,698.9067,698.9067,0.0,15.9147,15.9136,10.4133,5.5014,2620.9
20250419,202504,303,BNPL,GW-ATLAS,Voided,SAR,1,13.8,0.0,0.0,0.0,0.0,0.0213,-0.0213,51.75
20250419,202504,246,WALLET,GW-NILE,Success,EGP,4,25.6686,25.6686,0.0,0.6518,0.6518,0.3478,0.304,1275.98
20250419,202504,250,TOKEN,GW-ORION,Success,AED,17,241.7781,241.7781,0.0,7.627,7.6264,4.226,3.401,887.93
20250419,202504,552,CARD,GW-ORION,Failed,SAR,8,128.6773,0.0,0.0,0.0,0.0,0.096,-0.096,482.54
20250419,202504,259,WALLET,GW-NILE,Failed,EGP,1,6.8226,0.0,0.0,0.0,0.0,0.008,-0.008,339.15
20250419,202504,190,LDEBIT,GW-NIMBUS,Voided,SAR,1,55.16,0.0,0.0,0.0,0.0,0.016,-0.016,206.85
20250420,202504,20,TOKEN,GW-ORION,Success,AED,12,354.7474,354.7474,0.0,9.759,9.7597,5.4323,4.326700000000001,1302.81
20250420,202504,538,WALLET,GW-NILE,Failed,EGP,1,47.9896,0.0,0.0,0.0,0.0,0.008,-0.008,2385.55
20250420,202504,314,LDEBIT,GW-NILE,Failed,EGP,2,31.967,0.0,0.0,0.0,0.0,0.0161,-0.0161,1589.07
20250420,202504,630,CARD,GW-ATLAS,Failed,EGP,17,463.5828,0.0,0.0,0.0,0.0,0.34,-0.34,23044.56
20250420,202504,164,LDEBIT,GW-NILE,Failed,EGP,17,142.481,0.0,0.0,0.0,0.0,0.136,-0.136,7082.69
20250420,202504,240,BNPL,GW-ATLAS,Failed,SAR,2,98.4987,0.0,0.0,0.0,0.0,0.04,-0.04,369.37
20250420,202504,480,CARD,GW-NIMBUS,Voided,OMR,2,141.7425,0.0,0.0,0.0,0.0,0.026,-0.026,54.5
20250420,202504,514,CARD,GW-NIMBUS,Success,SAR,2,575.976,575.976,0.0,12.9067,12.906,7.9067,5.000000000000001,2159.91
20250420,202504,637,LDEBIT,GW-NIMBUS,Failed,SAR,17,701.7813,0.0,0.0,0.0,0.0,0.256,-0.256,2631.68
20250420,202504,551,CARD,GW-ATLAS,Success,AED,1,336.727,336.727,0.0,7.3274,7.3262,4.983,2.3444000000000003,1236.63
20250420,202504,581,LDEBIT,GW-NILE,Success,EGP,1028,7221.4725,7221.4725,0.0,77.6649,77.6649,65.2269,12.438000000000002,358977.23
20250420,202504,392,BANKTR,GW-NILE,Voided,EGP,2,106.9135,0.0,0.0,0.0,0.0,0.0161,-0.0161,5314.64
20250421,202504,545,BNPL,GW-NILE,Success,EGP,6,185.0589,185.0589,0.0,7.5726,7.5726,5.3776,2.1950000000000003,9199.22
20250421,202504,360,CARD,GW-NILE,Refunded,EGP,3,26.9817,0.0,26.9817,0.0,0.0,0.45,-0.45,1341.25
20250421,202504,180,CARD,GW-ORION,Voided,AED,1,60.0163,0.0,0.0,0.0,0.0,0.0109,-0.0109,220.41
20250421,202504,699,TOKEN,GW-ORION,Success,SAR,9,144.5867,144.5867,0.0,4.312,4.311,2.4587,1.8533000000000004,542.2
20250421,202504,522,TOKEN,GW-NIMBUS,Refunded,OMR,1,73.5761,0.0,73.5761,0.0,0.0,0.156,-0.156,28.29
20250421,202504,714,CARD,GW-NIMBUS,Success,SAR,48,518.6347,518.6347,0.0,17.0987,17.0983,10.1227,6.976000000000001,1944.88
20250422,202504,541,CARD,GW-ATLAS,Failed,EGP,39,933.6614,0.0,0.0,0.0,0.0,0.7799,-0.7799,46412.03
20250422,202504,564,CARD,GW-ORION,Success,SAR,43,463.9333,463.9333,0.0,15.4507,15.4499,8.5067,6.943999999999999,1739.75
20250422,202504,639,TOKEN,GW-ATLAS,Failed,SAR,1,50.8107,0.0,0.0,0.0,0.0,0.0213,-0.0213,190.54
20250422,202504,46,CARD,GW-NILE,Refunded,EGP,1,9.7619,0.0,9.7619,0.0,0.0,0.1501,-0.1501,485.26
20250422,202504,655,CARD,GW-NIMBUS,Success,AED,2,7864.8713,7864.8713,0.0,118.5841,118.585,106.3063,12.277800000000012,28883.74
20250422,202504,236,WALLET,GW-NILE,Success,EGP,13,20105.4897,20105.4897,0.0,259.2126,259.2127,163.3094,95.9032,999437.86
20250422,202504,492,LDEBIT,GW-NIMBUS,Failed,SAR,2,393.064,0.0,0.0,0.0,0.0,0.0293,-0.0293,1473.99
20250422,202504,352,LDEBIT,GW-NILE,Success,EGP,1,67.1362,67.1362,0.0,0.8775,0.8774,0.307,0.5705,3337.32
20250422,202504,286,TOKEN,GW-ATLAS,Success,EGP,10,152.5286,152.5286,0.0,4.9487,4.9486,3.0463,1.9024,7582.15
20250422,202504,541,CARD,GW-ATLAS,Voided,EGP,7,167.5802,0.0,0.0,0.0,0.0,0.14,-0.14,8330.36
20250422,202504,505,BANKTR,GW-NIMBUS,Failed,SAR,1,872.4613,0.0,0.0,0.0,0.0,0.016,-0.016,3271.73
20250423,202504,4,CARD,GW-ATLAS,Failed,SAR,2,199.8373,0.0,0.0,0.0,0.0,0.04,-0.04,749.39
20250423,202504,706,TOKEN,GW-ATLAS,Failed,SAR,1,13.536,0.0,0.0,0.0,0.0,0.0213,-0.0213,50.76
20250423,202504,160,CARD,GW-NIMBUS,Success,SAR,12,960.0187,960.0187,0.0,25.3173,25.3181,13.7413,11.576,3600.07
20250423,202504,18,LDEBIT,GW-NIMBUS,Success,SAR,22,270.2667,270.2667,0.0,4.4213,4.42,2.2053,2.216,1013.5
20250423,202504,306,CARD,GW-ATLAS,Voided,OMR,2,54.0182,0.0,0.0,0.0,0.0,0.052,-0.052,20.77
20250423,202504,153,CARD,GW-NIMBUS,Failed,SAR,3,38.0773,0.0,0.0,0.0,0.0,0.0453,-0.0453,142.79
20250423,202504,94,CARD,GW-NIMBUS,Success,OMR,7,395.6827,395.6827,0.0,9.3108,9.3061,5.7997,3.5111000000000008,152.14
20250423,202504,78,CARD,GW-NILE,Failed,EGP,3,20.9034,0.0,0.0,0.0,0.0,0.0239,-0.0239,1039.1
20250423,202504,587,CARD,GW-ORION,Failed,AED,1,62.3417,0.0,0.0,0.0,0.0,0.0109,-0.0109,228.95
20250424,202504,245,BNPL,GW-ATLAS,Failed,EGP,3,22.6801,0.0,0.0,0.0,0.0,0.0599,-0.0599,1127.42
20250424,202504,197,TOKEN,GW-ATLAS,Failed,EGP,1,5.9147,0.0,0.0,0.0,0.0,0.0199,-0.0199,294.02
20250424,202504,400,LDEBIT,GW-NIMBUS,Failed,SAR,5,118.1067,0.0,0.0,0.0,0.0,0.0747,-0.0747,442.9
20250424,202504,277,WALLET,GW-NILE,Failed,EGP,7,48.7661,0.0,0.0,0.0,0.0,0.0559,-0.0559,2424.15
20250424,202504,55,LDEBIT,GW-NIMBUS,Success,SAR,9,385.2267,385.2267,0.0,4.864,4.8647,2.1387,2.7253,1444.6
20250424,202504,98,CARD,GW-ORION,Success,SAR,6,252.3627,252.3627,0.0,6.7253,6.7246,3.592,3.1333,946.36
20250425,202504,7,CARD,GW-ORION,Success,AED,6,634.7093,634.7093,0.0,15.0688,15.0696,8.4929,6.575899999999999,2330.97
20250425,202504,83,TOKEN,GW-NIMBUS,Success,SAR,19,559.816,559.816,0.0,14.8373,14.8372,9.072,5.765300000000002,2099.31
20250425,202504,538,LDEBIT,GW-NILE,Success,EGP,7,373.64,373.64,0.0,4.6454,4.6454,1.7582,2.8872000000000004,18573.53
20250425,202504,498,WALLET,GW-NILE,Success,EGP,2,88.5097,88.5097,0.0,1.7532,1.7532,0.787,0.9662,4399.79
20250425,202504,79,CARD,GW-ORION,Refunded,SAR,3,160.9573,0.0,160.9573,0.0,0.0,0.4507,-0.4507,603.59
20250426,202504,147,CARD,GW-NIMBUS,Success,AED,30,7831.8993,7831.8993,0.0,179.9238,179.9226,107.6814,72.2424,28762.65
20250426,202504,303,BNPL,GW-ATLAS,Failed,SAR,2,27.6,0.0,0.0,0.0,0.0,0.04,-0.04,103.5
20250426,202504,114,LDEBIT,GW-NIMBUS,Failed,SAR,5,836.7147,0.0,0.0,0.0,0.0,0.0747,-0.0747,3137.68
20250426,202504,482,TOKEN,GW-NIMBUS,Success,SAR,1,292.584,292.584,0.0,6.7813,6.7826,4.16,2.6213,1097.19
20250426,202504,679,TOKEN,GW-ATLAS,Success,EGP,21,535.4019,535.4019,0.0,14.0876,14.0876,9.6492,4.4384,26614.67
20250426,202504,126,CARD,GW-NIMBUS,Failed,OMR,2,25.7997,0.0,0.0,0.0,0.0,0.026,-0.026,9.92
20250426,202504,579,LDEBIT,GW-NILE,Success,EGP,2,21.3978,21.3978,0.0,0.3362,0.3362,0.1567,0.1795,1063.68
20250427,202504,520,CARD,GW-NIMBUS,Failed,AED,5,63.518,0.0,0.0,0.0,0.0,0.0762,-0.0762,233.27
20250427,202504,161,CARD,GW-NIMBUS,Success,OMR,19,950.3251,950.3251,0.0,23.173,23.1683,14.0702,9.102799999999998,365.4
20250427,202504,114,LDEBIT,GW-NIMBUS,Success,SAR,267,44233.8267,44233.8267,0.0,323.672,323.6722,211.0667,112.60530000000004,165876.85
20250427,202504,443,LDEBIT,GW-NIMBUS,Failed,SAR,5,88.064,0.0,0.0,0.0,0.0,0.0747,-0.0747,330.24
20250427,202504,706,CARD,GW-ORION,Refunded,SAR,1,11.6213,0.0,11.6213,0.0,0.0,0.1493,-0.1493,43.58
20250427,202504,592,CARD,GW-NIMBUS,Failed,AED,2,181.6528,0.0,0.0,0.0,0.0,0.03,-0.03,667.12
20250428,202504,126,LDEBIT,GW-NIMBUS,Success,OMR,17,194.3563,194.3563,0.0,3.277,3.2877,1.6385,1.6385,74.73
20250428,202504,607,LDEBIT,GW-NIMBUS,Success,SAR,3,149.7547,149.7547,0.0,1.864,1.8647,0.808,1.056,561.58
20250428,202504,221,CARD,GW-NILE,Success,EGP,6,10989.4884,10989.4884,0.0,184.7136,184.7137,133.8403,50.8733,546284.17
20250428,202504,220,BNPL,GW-NILE,Success,EGP,9,306.6518,306.6518,0.0,13.1401,13.14,8.9035,4.236600000000001,15243.57
20250428,202504,457,LDEBIT,GW-NIMBUS,Success,SAR,59,579.8827,579.8827,0.0,9.8507,9.8506,5.264,4.5867,2174.56
20250428,202504,666,CARD,GW-ATLAS,Success,EGP,70,399.3209,399.3209,0.0,16.7581,16.758,11.0021,5.755999999999999,19850.12
20250428,202504,20,CARD,GW-ORION,Failed,AED,5,150.3445,0.0,0.0,0.0,0.0,0.0599,-0.0599,552.14
20250428,202504,403,TOKEN,GW-ORION,Voided,SAR,1,18.24,0.0,0.0,0.0,0.0,0.0107,-0.0107,68.4
20250429,202504,616,TOKEN,GW-ATLAS,Refunded,SAR,1,44.2933,0.0,44.2933,0.0,0.0,0.1493,-0.1493,166.1
20250429,202504,545,CARD,GW-NILE,Success,EGP,17,617.7243,617.7243,0.0,14.3387,14.3386,8.4064,5.9323,30706.89
20250429,202504,568,LDEBIT,GW-NIMBUS,Success,AED,3,278.8155,278.8155,0.0,3.2539,3.2539,1.3887,1.8652,1023.95
20250429,202504,488,CARD,GW-ATLAS,Voided,AED,1,13.2035,0.0,0.0,0.0,0.0,0.0191,-0.0191,48.49
20250429,202504,716,CARD,GW-ORION,Success,AED,17,330.29,330.29,0.0,9.356,9.3552,5.2471,4.1089,1212.99
20250429,202504,388,TOKEN,GW-ORION,Refunded,AED,29,1351.2403,0.0,1351.2403,0.0,0.0,4.3513,-4.3513,4962.43
20250430,202504,483,WALLET,GW-NILE,Refunded,EGP,4,26.4154,0.0,26.4154,0.0,0.0,0.6001,-0.6001,1313.1
20250430,202504,291,LDEBIT,GW-NIMBUS,Success,OMR,3,39.8179,39.8179,0.0,0.6242,0.6296,0.3121,0.3121,15.31
20250430,202504,535,CARD,GW-ATLAS,Failed,AED,1,158.3227,0.0,0.0,0.0,0.0,0.0191,-0.0191,581.44
20250430,202504,608,BANKTR,GW-NIMBUS,Success,SAR,2,2715.96,2715.96,0.0,6.896,6.8966,2.088,4.808,10184.85
20250430,202504,350,TOKEN,GW-ORION,Voided,SAR,1,27.5707,0.0,0.0,0.0,0.0,0.0107,-0.0107,103.39
20250430,202504,208,CARD,GW-ATLAS,Success,AED,14,678.5024,678.5024,0.0,17.2035,17.2023,10.9299,6.273599999999998,2491.8
20250430,202504,382,CARD,GW-NIMBUS,Success,SAR,91,3506.9573,3506.9573,0.0,61.0773,61.0785,53.2587,7.8186000000000035,13151.09
20250501,202505,598,LDEBIT,GW-NILE,Success,EGP,18,545.5616,545.5616,0.0,7.1904,7.1903,2.8396,4.3508,27176.55
20250501,202505,364,CARD,GW-ORION,Success,SAR,89,1006.1813,1006.1813,0.0,31.136,31.1366,18.1947,12.941299999999998,3773.18
20250501,202505,126,TOKEN,GW-NIMBUS,Success,OMR,3,43.6411,43.6411,0.0,1.4304,1.4357,0.8062,0.6241999999999999,16.78
20250501,202505,459,TOKEN,GW-ORION,Failed,SAR,2,93.8747,0.0,0.0,0.0,0.0,0.024,-0.024,352.03
20250501,202505,108,LDEBIT,GW-NILE,Refunded,EGP,40,383.14,0.0,383.14,0.0,0.0,5.9999,-5.9999,19085.7
20250502,202505,553,LDEBIT,GW-NILE,Success,EGP,4,218.3658,218.3658,0.0,2.8105,2.8106,1.0244,1.7861000000000002,10877.65
20250502,202505,300,CARD,GW-ATLAS,Failed,EGP,3,36.4689,0.0,0.0,0.0,0.0,0.06,-0.06,1816.66
20250502,202505,614,BNPL,GW-ATLAS,Failed,SAR,2,24.352,0.0,0.0,0.0,0.0,0.04,-0.04,91.32
20250502,202505,300,WALLET,GW-NILE,Success,EGP,10,116.8965,116.8965,0.0,2.5164,2.5165,1.2968,1.2196,5823.07
20250502,202505,433,CARD,GW-NILE,Success,EGP,212,2237.8334,2237.8334,0.0,71.1261,71.1261,38.4256,32.70049999999999,111475.21
20250502,202505,61,CARD,GW-NILE,Refunded,EGP,2,409.504,0.0,409.504,0.0,0.0,0.2999,-0.2999,20398.99
20250502,202505,105,CARD,GW-ATLAS,Refunded,EGP,3,16.1497,0.0,16.1497,0.0,0.0,0.4501,-0.4501,804.48
20250503,202505,44,LDEBIT,GW-NILE,Voided,EGP,3,13.5071,0.0,0.0,0.0,0.0,0.0241,-0.0241,672.84
20250503,202505,15,CARD,GW-ORION,Success,AED,235,2559.5371,2559.5371,0.0,79.7086,79.7074,46.7965,32.9121,9399.9
20250503,202505,484,CARD,GW-ATLAS,Refunded,SAR,1,60.192,0.0,60.192,0.0,0.0,0.1493,-0.1493,225.72
20250503,202505,355,CARD,GW-NIMBUS,Failed,SAR,1,29.8667,0.0,0.0,0.0,0.0,0.016,-0.016,112.0
20250503,202505,588,BNPL,GW-NILE,Failed,EGP,5,159.7825,0.0,0.0,0.0,0.0,0.0399,-0.0399,7959.39
20250503,202505,698,LDEBIT,GW-NIMBUS,Success,SAR,136,8009.896,8009.896,0.0,74.9013,74.9025,42.1653,32.736000000000004,30037.11
20250503,202505,634,CARD,GW-ORION,Failed,AED,2,65.0293,0.0,0.0,0.0,0.0,0.0245,-0.0245,238.82
20250504,202505,688,CARD,GW-ORION,Voided,AED,2,239.6787,0.0,0.0,0.0,0.0,0.0245,-0.0245,880.22
20250504,202505,131,CARD,GW-NIMBUS,Success,SAR,107,3312.0133,3312.0133,0.0,66.4267,66.426,51.6667,14.759999999999998,12420.05
20250504,202505,303,CARD,GW-NIMBUS,Voided,SAR,1,13.8,0.0,0.0,0.0,0.0,0.016,-0.016,51.75
20250504,202505,223,CARD,GW-NIMBUS,Success,AED,175,1942.4697,1942.4697,0.0,59.6705,59.671,37.5984,22.0721,7133.72
20250504,202505,347,LDEBIT,GW-NILE,Refunded,EGP,1,26.0331,0.0,26.0331,0.0,0.0,0.15,-0.15,1296.81
20250504,202505,243,CARD,GW-ORION,Success,SAR,1,433.1573,433.1573,0.0,6.8667,6.8662,5.6133,1.2534,1624.34
20250504,202505,307,LDEBIT,GW-NIMBUS,Success,SAR,1,339.6187,339.6187,0.0,3.7013,3.7009,1.5733,2.128,1273.57
20250504,202505,381,TOKEN,GW-NILE,Failed,EGP,1,28.1596,0.0,0.0,0.0,0.0,0.008,-0.008,1402.74
20250504,202505,685,BNPL,GW-ATLAS,Success,AED,22,376.4466,376.4466,0.0,16.9503,16.9514,13.4513,3.4989999999999988,1382.5
20250504,202505,563,CARD,GW-NIMBUS,Failed,AED,1,34.2737,0.0,0.0,0.0,0.0,0.0163,-0.0163,125.87
20250505,202505,228,TOKEN,GW-ORION,Refunded,AED,4,48.5773,0.0,48.5773,0.0,0.0,0.599,-0.599,178.4
20250505,202505,169,WALLET,GW-NILE,Success,EGP,18,1569.2853,1569.2853,0.0,20.5308,20.5308,13.3413,7.189499999999999,78172.22
20250505,202505,375,CARD,GW-ATLAS,Failed,EGP,22,574.5001,0.0,0.0,0.0,0.0,0.44,-0.44,28618.09
20250505,202505,162,TOKEN,GW-NILE,Refunded,EGP,5,67.0498,0.0,67.0498,0.0,0.0,0.75,-0.75,3340.01
20250505,202505,504,TOKEN,GW-ORION,Success,SAR,7,90.6853,90.6853,0.0,2.7733,2.7731,1.6213,1.152,340.07
20250505,202505,170,CARD,GW-NILE,Voided,EGP,1,28.6693,0.0,0.0,0.0,0.0,0.008,-0.008,1428.13
20250506,202505,230,CARD,GW-NIMBUS,Failed,AED,3,143.3084,0.0,0.0,0.0,0.0,0.0463,-0.0463,526.3
20250506,202505,625,CARD,GW-ATLAS,Success,SAR,15,394.8827,394.8827,0.0,11.024,11.0245,6.8667,4.157299999999999,1480.81
20250506,202505,507,WALLET,GW-NILE,Failed,EGP,1,67.0869,0.0,0.0,0.0,0.0,0.008,-0.008,3341.86
20250506,202505,245,TOKEN,GW-ATLAS,Failed,EGP,1,7.5601,0.0,0.0,0.0,0.0,0.0201,-0.0201,376.6
20250506,202505,644,TOKEN,GW-ORION,Success,SAR,10,233.016,233.016,0.0,7.0853,7.0851,3.6933,3.3920000000000003,873.81
20250506,202505,184,CARD,GW-NILE,Refunded,EGP,11,57.0385,0.0,57.0385,0.0,0.0,1.6499,-1.6499,2841.31
20250507,202505,94,TOKEN,GW-ATLAS,Success,OMR,1,46.632,46.632,0.0,1.1443,1.1366,0.7802,0.3641000000000001,17.93
20250507,202505,654,LDEBIT,GW-NILE,Success,EGP,8,60.3968,60.3968,0.0,1.176,1.1759,0.5246,0.6514,3008.6
20250507,202505,120,CARD,GW-ORION,Success,SAR,569,43218.7627,43218.7627,0.0,773.5253,773.526,587.92,185.60530000000008,162070.36
20250507,202505,108,CARD,GW-ATLAS,Success,EGP,11844,116363.7306,116363.7306,0.0,2740.1878,2740.1877,2573.0393,167.14850000000024,5796531.24
20250507,202505,406,TOKEN,GW-ORION,Success,SAR,1,16.9307,16.9307,0.0,0.5413,0.541,0.2853,0.256,63.49
20250508,202505,259,CARD,GW-NILE,Voided,EGP,1,6.8226,0.0,0.0,0.0,0.0,0.008,-0.008,339.86
20250508,202505,433,CARD,GW-NILE,Success,EGP,203,2086.8707,2086.8707,0.0,66.858,66.8581,36.1144,30.7436,103955.17
20250508,202505,527,BANKTR,GW-NILE,Failed,EGP,14,210.6045,0.0,0.0,0.0,0.0,0.112,-0.112,10491.03
20250508,202505,99,WALLET,GW-NILE,Success,EGP,3,86.3078,86.3078,0.0,1.7842,1.7842,0.8042,0.98,4299.33
20250508,202505,596,CARD,GW-NIMBUS,Success,SAR,6,81.816,81.816,0.0,2.5893,2.5895,1.4933,1.096,306.81
20250508,202505,318,LDEBIT,GW-NIMBUS,Refunded,AED,1,36.4302,0.0,36.4302,0.0,0.0,0.1498,-0.1498,133.79
20250509,202505,317,BNPL,GW-NILE,Success,EGP,5,120.5535,120.5535,0.0,5.4274,5.4273,3.5119,1.9155,6005.24
20250509,202505,644,CARD,GW-ORION,Failed,SAR,1,27.6907,0.0,0.0,0.0,0.0,0.0107,-0.0107,103.84
20250509,202505,331,TOKEN,GW-NIMBUS,Refunded,AED,4,437.1164,0.0,437.1164,0.0,0.0,0.599,-0.599,1605.31
20250510,202505,114,LDEBIT,GW-NIMBUS,Voided,SAR,3,502.0293,0.0,0.0,0.0,0.0,0.0453,-0.0453,1882.61
20250510,202505,315,TOKEN,GW-ORION,Voided,SAR,1,13.648,0.0,0.0,0.0,0.0,0.0107,-0.0107,51.18
20250510,202505,205,CARD,GW-NILE,Failed,EGP,9,275.6973,0.0,0.0,0.0,0.0,0.0721,-0.0721,13733.56
20250510,202505,253,LDEBIT,GW-NIMBUS,Voided,SAR,1,16.8907,0.0,0.0,0.0,0.0,0.016,-0.016,63.34
20250510,202505,614,TOKEN,GW-ORION,Failed,SAR,1,12.176,0.0,0.0,0.0,0.0,0.0107,-0.0107,45.66
20250510,202505,564,CARD,GW-ORION,Voided,SAR,1,11.0107,0.0,0.0,0.0,0.0,0.0107,-0.0107,41.29
20250510,202505,455,CARD,GW-ATLAS,Failed,SAR,57,911.544,0.0,0.0,0.0,0.0,1.1413,-1.1413,3418.29
20250510,202505,352,CARD,GW-NILE,Success,EGP,2,112.2309,112.2309,0.0,3.0303,3.0304,1.4697,1.5606,5590.66
20250510,202505,228,CARD,GW-ORION,Success,AED,432,5854.8428,5854.8428,0.0,99.0197,99.0202,100.7624,-1.7426999999999992,21501.91
20250511,202505,541,WALLET,GW-NILE,Voided,EGP,2,47.88,0.0,0.0,0.0,0.0,0.0161,-0.0161,2385.09
20250511,202505,483,TOKEN,GW-ATLAS,Refunded,EGP,1,10.6914,0.0,10.6914,0.0,0.0,0.15,-0.15,532.58
20250511,202505,647,TOKEN,GW-ORION,Success,SAR,1,15.8827,15.8827,0.0,0.5307,0.5315,0.272,0.2586999999999999,59.56
20250511,202505,300,TOKEN,GW-ATLAS,Success,EGP,5,55.138,55.138,0.0,1.7152,1.7152,1.2037,0.5115000000000001,2746.64
20250511,202505,197,TOKEN,GW-ATLAS,Success,EGP,6,25.8845,25.8845,0.0,1.2499,1.2499,0.8353,0.4145999999999999,1289.41
20250512,202505,259,TOKEN,GW-NILE,Failed,EGP,1,6.8226,0.0,0.0,0.0,0.0,0.008,-0.008,339.86
20250512,202505,680,TOKEN,GW-ATLAS,Refunded,EGP,1,28.8389,0.0,28.8389,0.0,0.0,0.15,-0.15,1436.58
20250512,202505,191,CARD,GW-ORION,Refunded,SAR,8,57.6293,0.0,57.6293,0.0,0.0,1.2,-1.2,216.11
20250512,202505,311,WALLET,GW-NILE,Success,EGP,4,101.3506,101.3506,0.0,2.0587,2.0586,0.961,1.0977,5048.67
20250512,202505,205,LDEBIT,GW-NILE,Failed,EGP,2,61.266,0.0,0.0,0.0,0.0,0.0161,-0.0161,3051.9
20250512,202505,682,TOKEN,GW-ORION,Failed,SAR,2,28.0,0.0,0.0,0.0,0.0,0.024,-0.024,105.0
20250513,202505,180,TOKEN,GW-NIMBUS,Failed,AED,3,180.049,0.0,0.0,0.0,0.0,0.0463,-0.0463,661.23
20250513,202505,191,TOKEN,GW-NIMBUS,Success,SAR,140,1663.3227,1663.3227,0.0,52.04,52.0402,32.3867,19.6533,6237.46
20250513,202505,455,LDEBIT,GW-NIMBUS,Success,SAR,210,3439.216,3439.216,0.0,29.536,29.5366,24.9253,4.610700000000001,12897.06
20250513,202505,403,CARD,GW-NIMBUS,Success,SAR,263,5015.6667,5015.6667,0.0,147.0773,147.0773,84.8053,62.272000000000006,18808.75
20250513,202505,97,TOKEN,GW-ATLAS,Success,AED,12,128.776,128.776,0.0,4.3567,4.3558,2.8346,1.5221,472.93
20250513,202505,381,CARD,GW-ATLAS,Failed,EGP,6,168.9581,0.0,0.0,0.0,0.0,0.12,-0.12,8416.46
20250513,202505,606,TOKEN,GW-NILE,Success,EGP,8,177.0592,177.0592,0.0,4.7944,4.7945,2.6549,2.1395000000000004,8820.01
20250514,202505,23,LDEBIT,GW-NIMBUS,Success,SAR,105,1213.4613,1213.4613,0.0,18.9387,18.9378,10.1867,8.752,4550.48
20250514,202505,239,LDEBIT,GW-NIMBUS,Success,OMR,22,184.0832,184.0832,0.0,3.329,3.3382,1.8205,1.5085000000000002,70.78
20250514,202505,228,TOKEN,GW-ORION,Success,AED,144,2010.9299,2010.9299,0.0,34.2165,34.2176,35.3138,-1.097299999999997,7385.14
20250514,202505,403,CARD,GW-NIMBUS,Success,SAR,243,4467.1733,4467.1733,0.0,131.8693,131.8695,76.1013,55.768000000000015,16751.9
20250514,202505,582,CARD,GW-NIMBUS,Success,OMR,138,4423.5371,4423.5371,0.0,111.1053,111.1178,68.6866,42.4187,1700.85
20250514,202505,154,CARD,GW-NIMBUS,Failed,SAR,16,3673.8027,0.0,0.0,0.0,0.0,0.24,-0.24,13776.76
20250514,202505,409,CARD,GW-NILE,Failed,EGP,29,496.8041,0.0,0.0,0.0,0.0,0.2321,-0.2321,24747.75
20250514,202505,687,LDEBIT,GW-NILE,Success,EGP,8,58.3699,58.3699,0.0,1.128,1.1279,0.5163,0.6116999999999999,2907.63
20250514,202505,68,CARD,GW-ATLAS,Refunded,SAR,1,48.7547,0.0,48.7547,0.0,0.0,0.1493,-0.1493,182.83
20250515,202505,705,CARD,GW-NIMBUS,Success,SAR,6,253.656,253.656,0.0,6.8267,6.8268,3.8133,3.0134,951.21
20250515,202505,393,TOKEN,GW-NILE,Success,EGP,1,18.794,18.794,0.0,0.5181,0.5181,0.2899,0.2282,936.2
20250515,202505,51,TOKEN,GW-ATLAS,Success,OMR,3,416.827,416.827,0.0,9.5449,9.5494,6.528,3.0169000000000006,160.27
20250515,202505,348,WALLET,GW-NILE,Failed,EGP,3,19.6849,0.0,0.0,0.0,0.0,0.0241,-0.0241,980.58
20250515,202505,259,TOKEN,GW-NILE,Success,EGP,9,60.7782,60.7782,0.0,2.3732,2.3733,1.2428,1.1304000000000003,3027.6
20250515,202505,538,CARD,GW-NILE,Failed,EGP,1,47.9896,0.0,0.0,0.0,0.0,0.008,-0.008,2390.55
20250515,202505,413,WALLET,GW-NILE,Success,EGP,39,263.8561,263.8561,0.0,6.7953,6.7953,3.5022,3.2931,13143.7
20250515,202505,66,CARD,GW-ATLAS,Refunded,EGP,1,9.9757,0.0,9.9757,0.0,0.0,0.15,-0.15,496.93
20250516,202505,43,TOKEN,GW-ATLAS,Success,AED,3,137.7781,137.7781,0.0,3.6188,3.6177,2.3063,1.3125,505.99
20250516,202505,586,LDEBIT,GW-NIMBUS,Success,AED,6,122.0449,122.0449,0.0,1.7209,1.7203,0.8196,0.9013,448.21
20250516,202505,202,TOKEN,GW-ATLAS,Voided,SAR,1,9.744,0.0,0.0,0.0,0.0,0.0213,-0.0213,36.54
20250516,202505,152,LDEBIT,GW-NIMBUS,Failed,AED,10,257.8625,0.0,0.0,0.0,0.0,0.1498,-0.1498,947.0
20250516,202505,486,TOKEN,GW-ORION,Success,SAR,4,165.2933,165.2933,0.0,4.6027,4.6019,2.4373,2.1653999999999995,619.85
20250517,202505,190,LDEBIT,GW-NIMBUS,Success,SAR,15,958.2027,958.2027,0.0,10.8507,10.8495,4.9867,5.864,3593.26
20250517,202505,382,CARD,GW-NIMBUS,Refunded,SAR,1,40.728,0.0,40.728,0.0,0.0,0.1493,-0.1493,152.73
20250517,202505,617,WALLET,GW-NILE,Success,EGP,3,23.1775,23.1775,0.0,0.6161,0.6161,0.2927,0.3233999999999999,1154.56
20250517,202505,619,CARD,GW-NILE,Refunded,EGP,25,442.0196,0.0,442.0196,0.0,0.0,3.75,-3.75,22018.72
20250517,202505,131,TOKEN,GW-ATLAS,Success,SAR,32,1153.6613,1153.6613,0.0,23.2187,23.2199,19.8107,3.4079999999999977,4326.23
20250517,202505,44,LDEBIT,GW-NILE,Voided,EGP,2,9.0047,0.0,0.0,0.0,0.0,0.0161,-0.0161,448.56
20250517,202505,15,BNPL,GW-ATLAS,Success,AED,43,485.1926,485.1926,0.0,21.3097,21.3097,17.6283,3.6814,1781.87
20250518,202505,682,CARD,GW-ORION,Success,SAR,128,1770.608,1770.608,0.0,52.1787,52.1783,30.3147,21.864,6639.78
20250518,202505,556,TOKEN,GW-ORION,Success,AED,28,408.3213,408.3213,0.0,12.4765,12.4772,7.096,5.3805,1499.56
20250518,202505,512,BANKTR,GW-NILE,Failed,EGP,1,55.6074,0.0,0.0,0.0,0.0,0.008,-0.008,2770.02
20250518,202505,163,CARD,GW-ORION,Failed,SAR,4,208.544,0.0,0.0,0.0,0.0,0.048,-0.048,782.04
20250518,202505,461,LDEBIT,GW-NILE,Failed,EGP,1,6.3725,0.0,0.0,0.0,0.0,0.008,-0.008,317.44
20250519,202505,319,TOKEN,GW-NIMBUS,Success,SAR,8,360.488,360.488,0.0,9.6293,9.6287,5.568,4.061300000000001,1351.83
20250519,202505,226,WALLET,GW-NILE,Failed,EGP,126,748.4467,0.0,0.0,0.0,0.0,1.008,-1.008,37283.05
20250519,202505,669,CARD,GW-NIMBUS,Success,OMR,5,297.3212,297.3212,0.0,7.5683,7.5566,4.3433,3.225,114.32
20250519,202505,162,LDEBIT,GW-NILE,Success,EGP,363,6555.0284,6555.0284,0.0,60.7887,60.7886,39.2529,21.5358,326531.53
20250519,202505,376,LDEBIT,GW-NILE,Success,EGP,1,105.5328,105.5328,0.0,1.2087,1.2088,0.4623,0.7464000000000002,5257.0
20250520,202505,154,CARD,GW-NIMBUS,Refunded,SAR,2,380.4853,0.0,380.4853,0.0,0.0,0.2987,-0.2987,1426.82
20250520,202505,213,LDEBIT,GW-NILE,Success,EGP,4,47.8613,47.8613,0.0,0.7552,0.7552,0.3338,0.4214,2384.16
20250520,202505,220,CARD,GW-NILE,Success,EGP,47,1419.3261,1419.3261,0.0,35.102,35.102,19.7359,15.366099999999996,70702.17
20250520,202505,581,LDEBIT,GW-NILE,Voided,EGP,12,83.4044,0.0,0.0,0.0,0.0,0.096,-0.096,4154.7
20250520,202505,449,WALLET,GW-NILE,Refunded,EGP,1,32.2404,0.0,32.2404,0.0,0.0,0.15,-0.15,1606.02
20250520,202505,706,TOKEN,GW-ATLAS,Failed,SAR,4,54.144,0.0,0.0,0.0,0.0,0.08,-0.08,203.04
20250521,202505,369,TOKEN,GW-ORION,Success,SAR,1,457.688,457.688,0.0,7.6747,7.6742,6.1467,1.5279999999999996,1716.33
20250521,202505,42,TOKEN,GW-ORION,Success,SAR,26,276.8827,276.8827,0.0,9.4027,9.4029,5.2293,4.173399999999999,1038.31
20250521,202505,319,TOKEN,GW-NIMBUS,Failed,SAR,1,50.2053,0.0,0.0,0.0,0.0,0.016,-0.016,188.27
20250521,202505,179,TOKEN,GW-ATLAS,Success,SAR,2,22.8613,22.8613,0.0,0.7253,0.7244,0.4933,0.2319999999999999,85.73
20250521,202505,463,CARD,GW-NIMBUS,Success,AED,22,1494.143,1494.143,0.0,34.2192,34.2195,21.6011,12.618100000000002,5487.24
20250521,202505,190,CARD,GW-ORION,Refunded,SAR,3,104.976,0.0,104.976,0.0,0.0,0.4507,-0.4507,393.66
20250522,202505,50,CARD,GW-ATLAS,Success,EGP,2,42.1694,42.1694,0.0,1.233,1.233,0.7628,0.4702,2100.62
20250522,202505,330,LDEBIT,GW-NIMBUS,Success,AED,2,116.6154,116.6154,0.0,1.4513,1.4517,0.6154,0.8359000000000001,428.27
20250522,202505,606,WALLET,GW-NILE,Refunded,EGP,1,36.9716,0.0,36.9716,0.0,0.0,0.15,-0.15,1841.7
20250522,202505,162,LDEBIT,GW-NILE,Voided,EGP,10,182.2118,0.0,0.0,0.0,0.0,0.0801,-0.0801,9076.68
20250522,202505,184,LDEBIT,GW-NILE,Refunded,EGP,4,22.9494,0.0,22.9494,0.0,0.0,0.6,-0.6,1143.2
20250522,202505,400,TOKEN,GW-NIMBUS,Failed,SAR,2,47.2427,0.0,0.0,0.0,0.0,0.0293,-0.0293,177.16
20250522,202505,401,LDEBIT,GW-NILE,Success,EGP,2,59.743,59.743,0.0,0.7452,0.7452,0.312,0.4332,2976.03
20250522,202505,3,LDEBIT,GW-NIMBUS,Failed,SAR,1,28.1013,0.0,0.0,0.0,0.0,0.016,-0.016,105.38
20250522,202505,705,TOKEN,GW-ORION,Failed,SAR,1,41.568,0.0,0.0,0.0,0.0,0.0107,-0.0107,155.88
20250523,202505,394,LDEBIT,GW-NIMBUS,Failed,AED,1,35.0715,0.0,0.0,0.0,0.0,0.0163,-0.0163,128.8
20250523,202505,598,TOKEN,GW-ATLAS,Success,EGP,17,610.3847,610.3847,0.0,16.4103,16.4103,10.487,5.923299999999999,30405.64
20250523,202505,42,TOKEN,GW-ORION,Failed,SAR,1,10.008,0.0,0.0,0.0,0.0,0.0107,-0.0107,37.53
20250523,202505,67,TOKEN,GW-ATLAS,Success,SAR,9,115.008,115.008,0.0,3.6613,3.6626,2.4053,1.2560000000000002,431.28
20250523,202505,630,CARD,GW-ATLAS,Success,EGP,232,6446.6394,6446.6394,0.0,128.5533,128.5532,111.1599,17.393400000000014,321132.25
20250523,202505,79,CARD,GW-ORION,Success,SAR,54,2483.8747,2483.8747,0.0,65.088,65.0875,35.056,30.032,9314.53
20250523,202505,706,TOKEN,GW-ATLAS,Success,SAR,19,249.3573,249.3573,0.0,7.4907,7.4906,5.176,2.3147,935.09
20250524,202505,52,CARD,GW-NILE,Success,EGP,7,559.8337,559.8337,0.0,13.2138,13.2137,7.1729,6.040900000000001,27887.5
20250525,202505,484,LDEBIT,GW-NIMBUS,Failed,SAR,1,34.488,0.0,0.0,0.0,0.0,0.016,-0.016,129.33
20250525,202505,541,WALLET,GW-NILE,Failed,EGP,16,383.0405,0.0,0.0,0.0,0.0,0.1281,-0.1281,19080.74
20250525,202505,432,CARD,GW-ORION,Failed,AED,4,252.1525,0.0,0.0,0.0,0.0,0.049,-0.049,926.03
20250525,202505,223,CARD,GW-NIMBUS,Refunded,AED,1,10.2328,0.0,10.2328,0.0,0.0,0.1498,-0.1498,37.58
20250525,202505,15,TOKEN,GW-NIMBUS,Voided,AED,1,11.2893,0.0,0.0,0.0,0.0,0.0163,-0.0163,41.46
20250525,202505,191,TOKEN,GW-NIMBUS,Failed,SAR,12,139.7653,0.0,0.0,0.0,0.0,0.1813,-0.1813,524.12
20250525,202505,622,BNPL,GW-ATLAS,Failed,SAR,2,63.4933,0.0,0.0,0.0,0.0,0.04,-0.04,238.1
20250525,202505,306,TOKEN,GW-NIMBUS,Success,OMR,4,72.3277,72.3277,0.0,2.2107,2.2159,1.2744,0.9363,27.81
20250526,202505,173,LDEBIT,GW-NIMBUS,Failed,SAR,1,34.5653,0.0,0.0,0.0,0.0,0.016,-0.016,129.62
20250526,202505,345,TOKEN,GW-ORION,Voided,AED,17,293.7971,0.0,0.0,0.0,0.0,0.2042,-0.2042,1078.97
20250526,202505,598,CARD,GW-ATLAS,Refunded,EGP,8,320.2626,0.0,320.2626,0.0,0.0,1.2001,-1.2001,15953.53
20250526,202505,145,TOKEN,GW-ATLAS,Success,AED,3,49.5167,49.5167,0.0,1.582,1.5831,0.9694,0.6126,181.85
20250526,202505,366,TOKEN,GW-NILE,Success,EGP,1,222.4616,222.4616,0.0,5.112,5.1121,2.856,2.256,11081.68
20250526,202505,367,CARD,GW-NIMBUS,Success,AED,4,215.1913,215.1913,0.0,5.3887,5.3888,3.1641,2.2246,790.29
20250526,202505,405,WALLET,GW-NILE,Success,EGP,5,54.0088,54.0088,0.0,1.3241,1.3241,0.6125,0.7116,2690.39
20250527,202505,698,TOKEN,GW-ORION,Failed,SAR,2,114.168,0.0,0.0,0.0,0.0,0.024,-0.024,428.13
20250527,202505,154,LDEBIT,GW-NIMBUS,Success,SAR,132,30183.064,30183.064,0.0,240.1787,240.1799,141.7627,98.416,113186.49
20250527,202505,622,CARD,GW-ORION,Success,SAR,14,403.0827,403.0827,0.0,10.9227,10.9223,6.0,4.922700000000001,1511.56
20250528,202505,563,CARD,GW-NIMBUS,Success,AED,15,573.7182,573.7182,0.0,15.2349,15.2352,8.7189,6.516,2106.98
20250528,202505,340,CARD,GW-NIMBUS,Success,SAR,11,158.6107,158.6107,0.0,4.904,4.903,2.856,2.048,594.79
20250528,202505,633,CARD,GW-ORION,Failed,SAR,63,3726.296,0.0,0.0,0.0,0.0,0.7573,-0.7573,13973.61
20250528,202505,17,BNPL,GW-ATLAS,Success,AED,1,45.5085,45.5085,0.0,2.1184,2.1175,1.5929,0.5254999999999999,167.13
20250528,202505,654,TOKEN,GW-NILE,Success,EGP,7,47.6528,47.6528,0.0,1.976,1.9759,0.9714,1.0046,2373.77
20250528,202505,327,CARD,GW-NIMBUS,Failed,SAR,16,536.76,0.0,0.0,0.0,0.0,0.24,-0.24,2012.85
20250528,202505,228,LDEBIT,GW-NIMBUS,Failed,AED,4,54.2328,0.0,0.0,0.0,0.0,0.0599,-0.0599,199.17
20250528,202505,564,CARD,GW-ORION,Voided,SAR,1,11.0107,0.0,0.0,0.0,0.0,0.0107,-0.0107,41.29
20250529,202505,100,CARD,GW-ORION,Success,SAR,4,192.2747,192.2747,0.0,5.0053,5.0058,2.704,2.3013,721.03
20250529,202505,598,CARD,GW-ATLAS,Success,EGP,93,2952.9222,2952.9222,0.0,78.93,78.9299,49.9357,28.99430000000001,147096.57
20250529,202505,248,TOKEN,GW-NIMBUS,Failed,SAR,1,11.848,0.0,0.0,0.0,0.0,0.016,-0.016,44.43
20250529,202505,300,LDEBIT,GW-NILE,Success,EGP,4,40.1802,40.1802,0.0,0.6235,0.6235,0.3027,0.3208,2001.53
20250529,202505,39,CARD,GW-NIMBUS,Success,OMR,4,8560.3381,8560.3381,0.0,135.6307,135.6189,115.8127,19.817999999999984,3291.45
20250529,202505,660,WALLET,GW-NILE,Failed,EGP,1,25.2695,0.0,0.0,0.0,0.0,0.008,-0.008,1258.77
20250529,202505,99,CARD,GW-NILE,Success,EGP,4,119.7907,119.7907,0.0,3.2399,3.2399,1.6674,1.5725,5967.24
20250530,202505,44,TOKEN,GW-ATLAS,Voided,EGP,1,4.5024,0.0,0.0,0.0,0.0,0.0201,-0.0201,224.28
20250530,202505,566,CARD,GW-NILE,Refunded,EGP,2,21.1983,0.0,21.1983,0.0,0.0,0.2999,-0.2999,1055.97
20250530,202505,467,CARD,GW-NIMBUS,Success,SAR,33,2264.4667,2264.4667,0.0,55.4107,55.4119,32.7147,22.696,8491.75
20250530,202505,241,TOKEN,GW-NILE,Success,EGP,6,39.8786,39.8786,0.0,1.5925,1.5926,0.8205,0.772,1986.51
20250530,202505,223,CARD,GW-NIMBUS,Voided,AED,1,11.401,0.0,0.0,0.0,0.0,0.0163,-0.0163,41.87
20250530,202505,606,TOKEN,GW-NILE,Failed,EGP,1,24.2752,0.0,0.0,0.0,0.0,0.008,-0.008,1209.24
20250530,202505,611,BNPL,GW-ATLAS,Success,SAR,2,58.744,58.744,0.0,2.704,2.7046,2.0693,0.6347,220.29
20250530,202505,130,CARD,GW-ATLAS,Success,EGP,55,367.8534,367.8534,0.0,14.2908,14.2908,9.4333,4.857500000000002,18324.21
20250530,202505,144,TOKEN,GW-NILE,Success,EGP,1,74.4706,74.4706,0.0,1.7031,1.7031,0.9913,0.7118000000000001,3709.67
20250530,202505,461,CARD,GW-NILE,Success,EGP,14,91.6487,91.6487,0.0,3.3284,3.3283,1.8555,1.4729,4565.38
20250531,202505,686,BNPL,GW-NILE,Success,EGP,10,69.4953,69.4953,0.0,3.0522,3.0522,2.0815,0.9707,3461.83
20250531,202505,415,CARD,GW-NIMBUS,Success,AED,5,128.0926,128.0926,0.0,3.7005,3.6991,2.0531,1.6473999999999998,470.42
20250531,202505,552,TOKEN,GW-NIMBUS,Success,SAR,24,398.3067,398.3067,0.0,11.5173,11.5172,7.136,4.3813,1493.65
20250531,202505,357,CARD,GW-ATLAS,Failed,EGP,23,167.395,0.0,0.0,0.0,0.0,0.4599,-0.4599,8338.6
20250531,202505,708,CARD,GW-NILE,Failed,EGP,2,190.2359,0.0,0.0,0.0,0.0,0.0161,-0.0161,9476.39
20250531,202505,677,CARD,GW-NILE,Voided,EGP,1,5.4019,0.0,0.0,0.0,0.0,0.008,-0.008,269.09
20250601,202506,619,TOKEN,GW-NILE,Voided,EGP,2,32.8044,0.0,0.0,0.0,0.0,0.016,-0.016,1636.16
20250601,202506,144,CARD,GW-ATLAS,Success,EGP,6,216.6053,216.6053,0.0,5.1766,5.1765,3.6021,1.5744999999999996,10803.45
20250601,202506,723,CARD,GW-ATLAS,Success,AED,4,5780.7161,5780.7161,0.0,95.6624,95.6618,84.58,11.082400000000009,21229.68
20250601,202506,349,BNPL,GW-ATLAS,Success,AED,1,40.0545,40.0545,0.0,2.0068,2.0055,1.405,0.6018000000000001,147.1
20250601,202506,78,CARD,GW-NILE,Success,EGP,17,117.2104,117.2104,0.0,4.4596,4.4597,2.3252,2.1344,5846.01
20250601,202506,611,LDEBIT,GW-NIMBUS,Failed,SAR,2,76.84,0.0,0.0,0.0,0.0,0.0293,-0.0293,288.15
20250601,202506,261,TOKEN,GW-ORION,Success,AED,2,141.0946,141.0946,0.0,3.7686,3.7698,1.9959,1.7727000000000002,518.17
20250601,202506,45,TOKEN,GW-NIMBUS,Success,AED,1201,49189.2825,49189.2825,0.0,1070.2573,1070.2576,766.7148,303.5425,180647.64
20250601,202506,633,LDEBIT,GW-NIMBUS,Failed,SAR,16,946.36,0.0,0.0,0.0,0.0,0.24,-0.24,3548.85
20250601,202506,541,LDEBIT,GW-NILE,Failed,EGP,16,383.0406,0.0,0.0,0.0,0.0,0.1279,-0.1279,19104.61
20250602,202506,17,BNPL,GW-ATLAS,Success,AED,2,78.8455,78.8455,0.0,3.6678,3.6687,2.7638,0.9040000000000004,289.56
20250602,202506,435,TOKEN,GW-NIMBUS,Success,SAR,3,98.2533,98.2533,0.0,2.6667,2.6659,1.5707,1.096,368.45
20250602,202506,291,CARD,GW-ATLAS,Success,OMR,9,114.5644,114.5644,0.0,3.7191,3.714,2.3407,1.3784,44.05
20250602,202506,56,WALLET,GW-NILE,Refunded,EGP,1,11.5446,0.0,11.5446,0.0,0.0,0.15,-0.15,575.8
20250602,202506,327,TOKEN,GW-NIMBUS,Success,SAR,56,1828.4427,1828.4427,0.0,46.7387,46.74,29.2373,17.5014,6856.66
20250602,202506,272,LDEBIT,GW-NIMBUS,Success,AED,3,257.4758,257.4758,0.0,3.3302,3.3311,1.2934,2.0368,945.58
20250603,202506,127,CARD,GW-ATLAS,Success,EGP,4,139.6131,139.6131,0.0,3.8559,3.8559,2.3316,1.5243000000000002,6963.37
20250603,202506,56,CARD,GW-NILE,Success,EGP,27,405.8772,405.8772,0.0,12.4542,12.4543,6.3624,6.0918,20243.61
20250603,202506,320,LDEBIT,GW-NIMBUS,Success,OMR,3,26.9181,26.9181,0.0,0.4681,0.4651,0.2601,0.208,10.35
20250603,202506,625,CARD,GW-ATLAS,Success,SAR,18,506.872,506.872,0.0,14.0187,14.0194,8.7227,5.296000000000001,1900.77
20250603,202506,270,CARD,GW-ORION,Success,AED,3,202.6195,202.6195,0.0,5.0973,5.098,2.7774,2.3199,744.12
20250603,202506,556,CARD,GW-ATLAS,Failed,AED,19,259.8475,0.0,0.0,0.0,0.0,0.3812,-0.3812,954.29
20250603,202506,706,LDEBIT,GW-NIMBUS,Success,SAR,52,749.624,749.624,0.0,10.6347,10.636,5.712,4.922700000000001,2811.09
20250604,202506,291,LDEBIT,GW-NIMBUS,Success,OMR,3,28.6086,28.6086,0.0,0.4941,0.4972,0.2601,0.2339999999999999,11.0
20250604,202506,488,CARD,GW-ATLAS,Success,AED,52,661.9306,661.9306,0.0,22.7883,22.7893,13.4976,9.2907,2430.94
20250604,202506,15,CARD,GW-ORION,Failed,AED,25,282.2138,0.0,0.0,0.0,0.0,0.2995,-0.2995,1036.43
20250604,202506,289,TOKEN,GW-ATLAS,Success,EGP,1,43.6777,43.6777,0.0,1.1799,1.1799,0.7344,0.4454999999999999,2178.48
20250604,202506,196,WALLET,GW-NILE,Refunded,EGP,1,16.2787,0.0,16.2787,0.0,0.0,0.15,-0.15,811.92
20250604,202506,463,TOKEN,GW-ORION,Refunded,AED,2,111.9074,0.0,111.9074,0.0,0.0,0.2995,-0.2995,410.98
20250604,202506,541,LDEBIT,GW-NILE,Refunded,EGP,9,247.587,0.0,247.587,0.0,0.0,1.3499,-1.3499,12348.7
20250604,202506,164,WALLET,GW-NILE,Refunded,EGP,14,120.0599,0.0,120.0599,0.0,0.0,2.1,-2.1,5988.13
20250604,202506,381,CARD,GW-ATLAS,Refunded,EGP,3,92.984,0.0,92.984,0.0,0.0,0.4499,-0.4499,4637.69
20250604,202506,592,CARD,GW-NIMBUS,Success,AED,15,1280.4139,1280.4139,0.0,32.3295,32.3305,18.26,14.0695,4702.32
20250604,202506,381,CARD,GW-ATLAS,Success,EGP,34,949.2969,949.2969,0.0,24.9965,24.9965,16.3567,8.639800000000001,47347.32
20250605,202506,45,TOKEN,GW-NIMBUS,Refunded,AED,31,2123.4581,0.0,2123.4581,0.0,0.0,4.6508,-4.6508,7798.4
20250605,202506,401,LDEBIT,GW-NILE,Success,EGP,1,25.5591,25.5591,0.0,0.326,0.326,0.1385,0.1875,1274.79
20250605,202506,35,LDEBIT,GW-NIMBUS,Success,SAR,12,1111.0107,1111.0107,0.0,13.656,13.657,5.5387,8.1173,4166.29
20250605,202506,235,CARD,GW-NIMBUS,Failed,AED,1,76.6072,0.0,0.0,0.0,0.0,0.0163,-0.0163,281.34
20250605,202506,614,TOKEN,GW-ORION,Success,SAR,9,92.6853,92.6853,0.0,3.0507,3.0494,1.768,1.2827,347.57
20250605,202506,50,TOKEN,GW-ATLAS,Success,EGP,1,15.4932,15.4932,0.0,0.4892,0.4892,0.3082,0.181,772.74
20250606,202506,184,CARD,GW-NILE,Voided,EGP,3,12.7981,0.0,0.0,0.0,0.0,0.0241,-0.0241,638.32
20250606,202506,400,CARD,GW-NIMBUS,Voided,SAR,1,23.6213,0.0,0.0,0.0,0.0,0.016,-0.016,88.58
20250606,202506,178,CARD,GW-NILE,Success,EGP,5,130.7241,130.7241,0.0,3.4716,3.4715,1.8534,1.6182,6520.02
20250607,202506,369,CARD,GW-ORION,Success,SAR,8,3569.6107,3569.6107,0.0,58.5813,58.5822,46.2373,12.344,13386.04
20250607,202506,598,CARD,GW-ATLAS,Failed,EGP,12,376.7619,0.0,0.0,0.0,0.0,0.24,-0.24,18791.45
20250607,202506,471,LDEBIT,GW-NIMBUS,Success,SAR,7,294.4533,294.4533,0.0,3.568,3.5688,1.64,1.928,1104.2
20250607,202506,759,LDEBIT,GW-NIMBUS,Failed,AED,4,60.0163,0.0,0.0,0.0,0.0,0.0599,-0.0599,220.41
20250607,202506,657,CARD,GW-ATLAS,Failed,EGP,1,14.2152,0.0,0.0,0.0,0.0,0.02,-0.02,709.0
20250607,202506,198,CARD,GW-NIMBUS,Voided,AED,10,786.0422,0.0,0.0,0.0,0.0,0.1498,-0.1498,2886.74
20250608,202506,317,LDEBIT,GW-NILE,Success,EGP,1,11.2819,11.2819,0.0,0.174,0.1741,0.0806,0.0933999999999999,562.7
20250608,202506,408,CARD,GW-NILE,Voided,EGP,1,8.8136,0.0,0.0,0.0,0.0,0.008,-0.008,439.59
20250608,202506,26,CARD,GW-ATLAS,Failed,AED,11,4132.6862,0.0,0.0,0.0,0.0,0.2206,-0.2206,15177.29
20250608,202506,552,LDEBIT,GW-NIMBUS,Voided,SAR,2,32.168,0.0,0.0,0.0,0.0,0.0293,-0.0293,120.63
20250608,202506,170,CARD,GW-NILE,Failed,EGP,7,200.6851,0.0,0.0,0.0,0.0,0.0559,-0.0559,10009.41
20250608,202506,184,CARD,GW-NILE,Success,EGP,288,1221.2981,1221.2981,0.0,56.3525,56.3525,30.1027,26.2498,60913.71
20250608,202506,237,TOKEN,GW-ORION,Refunded,SAR,1,693.608,0.0,693.608,0.0,0.0,0.1493,-0.1493,2601.03
20250608,202506,156,LDEBIT,GW-NIMBUS,Success,SAR,34,1733.4293,1733.4293,0.0,21.3227,21.3224,9.3307,11.992,6500.36
20250608,202506,541,WALLET,GW-NILE,Success,EGP,123,2965.8306,2965.8306,0.0,36.5776,36.5776,28.3281,8.249499999999998,147924.36
20250609,202506,690,CARD,GW-ATLAS,Success,EGP,2,2791.207,2791.207,0.0,42.5105,42.5105,40.8437,1.666800000000002,139214.8
20250609,202506,577,LDEBIT,GW-NIMBUS,Success,AED,23,906.0477,906.0477,0.0,7.921,7.9224,5.111,2.8100000000000005,3327.46
20250609,202506,386,TOKEN,GW-ORION,Success,SAR,23,362.9253,362.9253,0.0,6.4587,6.4575,6.1947,0.2640000000000002,1360.97
20250609,202506,355,TOKEN,GW-ATLAS,Success,SAR,4,124.4347,124.4347,0.0,3.4213,3.4214,2.1787,1.2426,466.63
20250609,202506,288,TOKEN,GW-NIMBUS,Success,SAR,27,266.296,266.296,0.0,9.1733,9.1728,5.4827,3.690599999999999,998.61
20250609,202506,42,CARD,GW-ORION,Voided,SAR,1,10.008,0.0,0.0,0.0,0.0,0.0107,-0.0107,37.53
20250609,202506,156,CARD,GW-ATLAS,Voided,SAR,1,45.3013,0.0,0.0,0.0,0.0,0.0213,-0.0213,169.88
20250609,202506,500,TOKEN,GW-ATLAS,Failed,EGP,12,68.4571,0.0,0.0,0.0,0.0,0.24,-0.24,3414.38
20250610,202506,582,CARD,GW-NIMBUS,Failed,OMR,20,686.1378,0.0,0.0,0.0,0.0,0.3121,-0.3121,263.82
20250610,202506,552,LDEBIT,GW-NIMBUS,Success,SAR,44,740.224,740.224,0.0,10.3067,10.3055,5.312,4.994699999999999,2775.84
20250610,202506,130,WALLET,GW-NILE,Failed,EGP,6,39.9008,0.0,0.0,0.0,0.0,0.0479,-0.0479,1990.1
20250610,202506,727,CARD,GW-ATLAS,Success,AED,2,780.0871,780.0871,0.0,18.9544,18.9533,11.5208,7.4336,2864.87
20250610,202506,401,CARD,GW-NILE,Failed,EGP,3,86.27,0.0,0.0,0.0,0.0,0.0241,-0.0241,4302.82
20250610,202506,235,LDEBIT,GW-NIMBUS,Success,AED,7,455.1777,455.1777,0.0,5.4922,5.4917,2.3635,3.1287000000000003,1671.64
20250610,202506,393,CARD,GW-NILE,Success,EGP,6,96.7477,96.7477,0.0,2.7101,2.7101,1.4935,1.2166,4825.41
20250610,202506,709,CARD,GW-ORION,Success,SAR,49,825.992,825.992,0.0,22.8907,22.8901,13.504,9.3867,3097.47
20250611,202506,132,LDEBIT,GW-NIMBUS,Failed,SAR,1,14.5387,0.0,0.0,0.0,0.0,0.016,-0.016,54.52
20250611,202506,307,LDEBIT,GW-NIMBUS,Success,SAR,1,280.5067,280.5067,0.0,3.0667,3.0654,1.3067,1.76,1051.9
20250611,202506,242,TOKEN,GW-NIMBUS,Success,SAR,1,184.8373,184.8373,0.0,4.5813,4.5818,2.6533,1.9279999999999995,693.14
20250611,202506,4,CARD,GW-ATLAS,Failed,SAR,2,199.8373,0.0,0.0,0.0,0.0,0.04,-0.04,749.39
20250612,202506,11,CARD,GW-ORION,Success,SAR,263,5905.4,5905.4,0.0,98.4827,98.4817,91.3547,7.128,22145.25
20250612,202506,142,CARD,GW-NIMBUS,Success,SAR,44,1033.992,1033.992,0.0,30.7067,30.7076,16.8187,13.888000000000002,3877.47
20250612,202506,405,WALLET,GW-NILE,Failed,EGP,1,12.8951,0.0,0.0,0.0,0.0,0.008,-0.008,643.16
20250612,202506,316,CARD,GW-NIMBUS,Success,SAR,3,38.736,38.736,0.0,1.1413,1.1409,0.7173,0.4239999999999999,145.26
20250612,202506,491,LDEBIT,GW-NIMBUS,Success,OMR,1,289.2848,289.2848,0.0,3.5371,3.5447,1.3524,2.1847000000000003,111.23
20250612,202506,152,LDEBIT,GW-NIMBUS,Voided,AED,4,103.145,0.0,0.0,0.0,0.0,0.0599,-0.0599,378.8
20250613,202506,581,LDEBIT,GW-NILE,Refunded,EGP,7,50.397,0.0,50.397,0.0,0.0,1.05,-1.05,2513.61
20250613,202506,144,LDEBIT,GW-NILE,Success,EGP,1,27.4365,27.4365,0.0,0.3344,0.3345,0.1462,0.1881999999999999,1368.43
20250613,202506,46,WALLET,GW-NILE,Refunded,EGP,1,9.7309,0.0,9.7309,0.0,0.0,0.15,-0.15,485.34
20250613,202506,29,TOKEN,GW-ATLAS,Success,EGP,1,23.0288,23.0288,0.0,0.6849,0.6849,0.4222,0.2626999999999999,1148.59
20250613,202506,516,LDEBIT,GW-NIMBUS,Voided,SAR,6,208.624,0.0,0.0,0.0,0.0,0.0907,-0.0907,782.34
20250613,202506,751,TOKEN,GW-NIMBUS,Failed,SAR,1,55.4507,0.0,0.0,0.0,0.0,0.016,-0.016,207.94
20250614,202506,228,LDEBIT,GW-NIMBUS,Refunded,AED,1,12.757,0.0,12.757,0.0,0.0,0.1498,-0.1498,46.85
20250614,202506,668,CARD,GW-ORION,Success,AED,32,435.3656,435.3656,0.0,13.6392,13.639,7.4854,6.1538,1598.88
20250614,202506,545,BNPL,GW-NILE,Success,EGP,4,108.4688,108.4688,0.0,4.4386,4.4385,3.1558,1.2828,5410.01
20250614,202506,446,TOKEN,GW-NIMBUS,Failed,OMR,2,77.2172,0.0,0.0,0.0,0.0,0.026,-0.026,29.69
20250615,202506,333,LDEBIT,GW-NIMBUS,Success,AED,1,68.934,68.934,0.0,0.8877,0.8871,0.354,0.5337000000000001,253.16
20250615,202506,487,WALLET,GW-NILE,Failed,EGP,1,7.8635,0.0,0.0,0.0,0.0,0.008,-0.008,392.2
20250615,202506,412,CARD,GW-NIMBUS,Success,SAR,8,432.84,432.84,0.0,11.0933,11.094,6.3627,4.730599999999999,1623.15
20250615,202506,592,LDEBIT,GW-NIMBUS,Success,AED,7,746.4724,746.4724,0.0,9.1409,9.1421,3.6732,5.467700000000001,2741.42
20250615,202506,682,CARD,GW-ORION,Failed,SAR,17,238.008,0.0,0.0,0.0,0.0,0.2027,-0.2027,892.53
20250615,202506,465,CARD,GW-NILE,Success,EGP,1,137.8467,137.8467,0.0,3.0941,3.094,1.7279,1.3662,6875.27
20250616,202506,473,CARD,GW-ORION,Success,SAR,16,396.6107,396.6107,0.0,11.1867,11.1868,6.0373,5.1494,1487.29
20250616,202506,66,TOKEN,GW-NILE,Failed,EGP,1,5.8511,0.0,0.0,0.0,0.0,0.008,-0.008,291.83
20250616,202506,345,CARD,GW-ORION,Failed,AED,366,6325.2907,0.0,0.0,0.0,0.0,4.3921,-4.3921,23229.63
20250616,202506,131,TOKEN,GW-ATLAS,Success,SAR,28,904.936,904.936,0.0,18.4213,18.4225,15.7547,2.666599999999999,3393.51
20250616,202506,216,CARD,GW-NIMBUS,Success,OMR,1,126.2939,126.2939,0.0,3.0429,3.0414,1.7685,1.2744,48.56
20250616,202506,674,CARD,GW-NIMBUS,Voided,AED,1,10.1266,0.0,0.0,0.0,0.0,0.0163,-0.0163,37.19
20250616,202506,539,TOKEN,GW-NILE,Success,EGP,6,36.5559,36.5559,0.0,1.4327,1.4328,0.7785,0.6542000000000001,1823.27
20250616,202506,449,WALLET,GW-NILE,Failed,EGP,2,69.7762,0.0,0.0,0.0,0.0,0.016,-0.016,3480.17
20250616,202506,233,LDEBIT,GW-NILE,Success,EGP,2,310.5559,310.5559,0.0,3.5255,3.5254,1.3277,2.1978,15489.35
20250616,202506,577,CARD,GW-ORION,Voided,AED,1,40.0218,0.0,0.0,0.0,0.0,0.0109,-0.0109,146.98
20250616,202506,270,CARD,GW-ORION,Success,AED,4,318.7175,318.7175,0.0,7.9483,7.9472,4.324,3.6243,1170.49
20250616,202506,484,LDEBIT,GW-NIMBUS,Refunded,SAR,1,31.0213,0.0,31.0213,0.0,0.0,0.1493,-0.1493,116.33
20250616,202506,674,LDEBIT,GW-NIMBUS,Failed,AED,2,20.2505,0.0,0.0,0.0,0.0,0.03,-0.03,74.37
20250616,202506,184,LDEBIT,GW-NILE,Failed,EGP,7,29.8619,0.0,0.0,0.0,0.0,0.0559,-0.0559,1489.4
20250617,202506,202,CARD,GW-ORION,Voided,SAR,2,19.4907,0.0,0.0,0.0,0.0,0.024,-0.024,73.09
20250617,202506,23,TOKEN,GW-ORION,Voided,SAR,2,23.4427,0.0,0.0,0.0,0.0,0.024,-0.024,87.91
20250617,202506,327,TOKEN,GW-NIMBUS,Success,SAR,74,2474.7227,2474.7227,0.0,63.08,63.0813,39.456,23.623999999999995,9280.21
20250617,202506,637,CARD,GW-ATLAS,Failed,SAR,131,5407.8453,0.0,0.0,0.0,0.0,2.6213,-2.6213,20279.42
20250617,202506,500,CARD,GW-NILE,Failed,EGP,90,513.4282,0.0,0.0,0.0,0.0,0.72,-0.72,25607.85
20250617,202506,273,TOKEN,GW-NIMBUS,Success,SAR,2,469.728,469.728,0.0,11.2373,11.2386,6.7067,4.5306,1761.48
20250617,202506,557,CARD,GW-ORION,Refunded,SAR,24,1000.7307,0.0,1000.7307,0.0,0.0,3.6,-3.6,3752.74
20250617,202506,177,CARD,GW-NIMBUS,Success,OMR,12,203.9272,203.9272,0.0,5.7477,5.7353,3.5371,2.2106,78.41
20250617,202506,495,WALLET,GW-NILE,Failed,EGP,2,371.0483,0.0,0.0,0.0,0.0,0.016,-0.016,18506.48
20250617,202506,158,CARD,GW-NIMBUS,Success,AED,2,406.4479,406.4479,0.0,10.3799,10.3793,5.6174,4.762499999999999,1492.68
20250618,202506,564,LDEBIT,GW-NIMBUS,Voided,SAR,1,11.0107,0.0,0.0,0.0,0.0,0.016,-0.016,41.29
20250618,202506,83,TOKEN,GW-NIMBUS,Success,SAR,20,601.8773,601.8773,0.0,15.9067,15.9071,9.7253,6.1814,2257.04
20250618,202506,318,TOKEN,GW-NIMBUS,Success,AED,7,216.4166,216.4166,0.0,5.6964,5.6953,3.4854,2.211,794.79
20250618,202506,473,LDEBIT,GW-NIMBUS,Success,SAR,9,243.504,243.504,0.0,3.3307,3.3309,1.5013,1.8294,913.14
20250618,202506,134,TOKEN,GW-NIMBUS,Success,AED,4,177.5466,177.5466,0.0,4.4438,4.4445,2.7447,1.6991000000000005,652.04
20250618,202506,63,CARD,GW-ORION,Failed,SAR,3,144.1147,0.0,0.0,0.0,0.0,0.0373,-0.0373,540.43
20250619,202506,120,LDEBIT,GW-NIMBUS,Voided,SAR,2,152.936,0.0,0.0,0.0,0.0,0.0293,-0.0293,573.51
20250619,202506,120,TOKEN,GW-ORION,Voided,SAR,2,152.936,0.0,0.0,0.0,0.0,0.024,-0.024,573.51
20250619,202506,556,TOKEN,GW-ORION,Success,AED,32,460.7297,460.7297,0.0,14.1184,14.1193,8.0327,6.085699999999999,1692.03
20250619,202506,761,CARD,GW-ORION,Failed,SAR,2,27.6427,0.0,0.0,0.0,0.0,0.024,-0.024,103.66
20250619,202506,681,LDEBIT,GW-NIMBUS,Failed,AED,1,59.273,0.0,0.0,0.0,0.0,0.0163,-0.0163,217.68
20250619,202506,317,LDEBIT,GW-NILE,Success,EGP,6,134.7107,134.7107,0.0,1.7818,1.7818,0.7557,1.0261,6718.86
20250619,202506,582,LDEBIT,GW-NIMBUS,Voided,OMR,1,34.3043,0.0,0.0,0.0,0.0,0.026,-0.026,13.19
20250619,202506,313,WALLET,GW-NILE,Failed,EGP,1,49.7949,0.0,0.0,0.0,0.0,0.008,-0.008,2483.58
20250619,202506,598,TOKEN,GW-ATLAS,Refunded,EGP,1,44.7721,0.0,44.7721,0.0,0.0,0.15,-0.15,2233.06
20250620,202506,24,BNPL,GW-NILE,Failed,EGP,1,158.471,0.0,0.0,0.0,0.0,0.008,-0.008,7903.93
20250620,202506,291,CARD,GW-ATLAS,Success,OMR,10,144.3953,144.3953,0.0,4.5514,4.54,2.8349,1.7165,55.52
20250620,202506,345,CARD,GW-ORION,Failed,AED,392,6774.6304,0.0,0.0,0.0,0.0,4.7052,-4.7052,24879.83
20250620,202506,46,CARD,GW-NILE,Voided,EGP,3,24.4892,0.0,0.0,0.0,0.0,0.0241,-0.0241,1221.43
20250620,202506,415,LDEBIT,GW-NIMBUS,Success,AED,2,51.8421,51.8421,0.0,0.7352,0.7343,0.324,0.4111999999999999,190.39
20250620,202506,604,CARD,GW-NIMBUS,Refunded,SAR,21,468.8933,0.0,468.8933,0.0,0.0,3.1493,-3.1493,1758.35
20250620,202506,360,WALLET,GW-NILE,Failed,EGP,2,16.6532,0.0,0.0,0.0,0.0,0.016,-0.016,830.6
20250620,202506,86,WALLET,GW-NILE,Failed,EGP,1,7.9214,0.0,0.0,0.0,0.0,0.008,-0.008,395.09
20250620,202506,542,LDEBIT,GW-NILE,Failed,EGP,2,51.4386,0.0,0.0,0.0,0.0,0.016,-0.016,2565.56
20250621,202506,208,CARD,GW-ATLAS,Failed,AED,2,100.9612,0.0,0.0,0.0,0.0,0.0408,-0.0408,370.78
20250621,202506,525,LDEBIT,GW-NIMBUS,Success,SAR,3,227.9013,227.9013,0.0,2.88,2.8801,1.16,1.72,854.63
20250621,202506,771,LDEBIT,GW-NIMBUS,Success,AED,3,87.2703,87.2703,0.0,1.1981,1.1993,0.5283,0.6698,320.5
20250621,202506,26,BNPL,GW-ATLAS,Failed,AED,6,2254.192,0.0,0.0,0.0,0.0,0.1198,-0.1198,8278.52
20250622,202506,698,LDEBIT,GW-NIMBUS,Voided,SAR,2,114.168,0.0,0.0,0.0,0.0,0.0293,-0.0293,428.13
20250622,202506,170,TOKEN,GW-ATLAS,Success,EGP,13,410.5096,410.5096,0.0,10.8896,10.8895,7.169,3.7206,20474.66
20250622,202506,491,CARD,GW-ATLAS,Success,OMR,1,106.1638,106.1638,0.0,2.7308,2.7272,1.6125,1.1182999999999998,40.82
20250622,202506,557,TOKEN,GW-ORION,Success,SAR,43,2074.448,2074.448,0.0,55.5173,55.5181,30.1493,25.368,7779.18
20250622,202506,315,LDEBIT,GW-NIMBUS,Failed,SAR,11,150.136,0.0,0.0,0.0,0.0,0.1653,-0.1653,563.01
20250622,202506,46,TOKEN,GW-ATLAS,Failed,EGP,6,48.9785,0.0,0.0,0.0,0.0,0.1201,-0.1201,2442.86
20250623,202506,598,CARD,GW-ATLAS,Voided,EGP,2,62.7937,0.0,0.0,0.0,0.0,0.0401,-0.0401,3131.91
20250623,202506,226,TOKEN,GW-NILE,Failed,EGP,33,196.0217,0.0,0.0,0.0,0.0,0.2641,-0.2641,9776.82
20250623,202506,706,TOKEN,GW-ATLAS,Voided,SAR,2,27.072,0.0,0.0,0.0,0.0,0.04,-0.04,101.52
20250623,202506,493,TOKEN,GW-NIMBUS,Success,AED,2,101.5494,101.5494,0.0,2.6494,2.6502,1.5521,1.0973,372.94
20250623,202506,601,LDEBIT,GW-NIMBUS,Success,SAR,1,12.5707,12.5707,0.0,0.2053,0.2049,0.1013,0.104,47.14
20250623,202506,303,TOKEN,GW-ATLAS,Success,SAR,19,229.7653,229.7653,0.0,7.4027,7.4029,4.88,2.5227000000000004,861.62
20250623,202506,686,TOKEN,GW-NILE,Failed,EGP,1,6.4019,0.0,0.0,0.0,0.0,0.008,-0.008,319.3
20250623,202506,606,TOKEN,GW-NILE,Success,EGP,5,127.4039,127.4039,0.0,3.3742,3.3742,1.8702,1.504,6354.42
20250623,202506,549,TOKEN,GW-NILE,Success,EGP,1,26.0768,26.0768,0.0,0.6588,0.6588,0.3815,0.2773,1300.61
20250623,202506,281,TOKEN,GW-NIMBUS,Success,SAR,7,260.392,260.392,0.0,7.1893,7.1901,4.1013,3.088,976.47
20250623,202506,95,BNPL,GW-ATLAS,Success,AED,3,206.3907,206.3907,0.0,9.1845,9.1844,7.194,1.9905,757.97
20250623,202506,292,CARD,GW-NILE,Success,EGP,5,188.3752,188.3752,0.0,4.9122,4.9123,2.5537,2.3585000000000003,9395.44
20250623,202506,432,TOKEN,GW-ORION,Failed,AED,5,315.1913,0.0,0.0,0.0,0.0,0.0599,-0.0599,1157.54
20250624,202506,129,CARD,GW-ATLAS,Success,AED,1,384.3022,384.3022,0.0,8.7434,8.743,5.6773,3.0661,1411.35
20250624,202506,699,CARD,GW-NIMBUS,Success,SAR,40,571.272,571.272,0.0,17.208,17.2079,10.312,6.895999999999999,2142.27
20250624,202506,455,LDEBIT,GW-NIMBUS,Voided,SAR,5,79.96,0.0,0.0,0.0,0.0,0.0747,-0.0747,299.85
20250624,202506,339,LDEBIT,GW-NIMBUS,Success,SAR,12,449.3973,449.3973,0.0,5.36,5.3592,2.5627,2.7973000000000003,1685.24
20250624,202506,557,TOKEN,GW-ORION,Failed,SAR,1,45.7947,0.0,0.0,0.0,0.0,0.0107,-0.0107,171.73
20250624,202506,588,WALLET,GW-NILE,Success,EGP,15,476.4447,476.4447,0.0,9.1641,9.164,4.3843,4.7798,23763.25
20250624,202506,779,CARD,GW-NIMBUS,Success,SAR,5,181.5787,181.5787,0.0,4.5813,4.5815,2.776,1.8053,680.92
20250624,202506,162,LDEBIT,GW-NILE,Success,EGP,430,7830.2238,7830.2238,0.0,72.4841,72.484,46.7624,25.7217,390541.81
20250624,202506,463,CARD,GW-NIMBUS,Success,AED,27,1782.8264,1782.8264,0.0,40.9067,40.906,25.8244,15.0823,6547.43
20250624,202506,264,TOKEN,GW-ORION,Success,AED,13,153.4595,153.4595,0.0,4.8523,4.8511,2.8155,2.0367999999999995,563.58
20250625,202506,588,LDEBIT,GW-NILE,Failed,EGP,1,31.9565,0.0,0.0,0.0,0.0,0.008,-0.008,1593.87
20250625,202506,400,CARD,GW-NIMBUS,Success,SAR,143,3324.6587,3324.6587,0.0,97.7653,97.7658,54.1787,43.5866,12467.47
20250625,202506,680,TOKEN,GW-ATLAS,Success,EGP,6,138.6421,138.6421,0.0,3.9524,3.9524,2.5403,1.4121,6914.94
20250625,202506,619,TOKEN,GW-NILE,Success,EGP,317,5117.347,5117.347,0.0,98.8167,98.8166,81.2796,17.537099999999995,255233.82
20250625,202506,189,CARD,GW-ORION,Failed,SAR,4,39.016,0.0,0.0,0.0,0.0,0.048,-0.048,146.31
20250625,202506,605,WALLET,GW-NILE,Success,EGP,3,59.79,59.79,0.0,1.1701,1.17,0.5893,0.5807999999999999,2982.1
20250626,202506,455,BNPL,GW-ATLAS,Failed,SAR,22,351.824,0.0,0.0,0.0,0.0,0.44,-0.44,1319.34
20250626,202506,191,TOKEN,GW-NIMBUS,Voided,SAR,2,23.2933,0.0,0.0,0.0,0.0,0.0293,-0.0293,87.35
20250626,202506,639,BNPL,GW-ATLAS,Success,SAR,2,98.6747,98.6747,0.0,3.7547,3.7536,3.4507,0.3040000000000002,370.03
20250626,202506,706,TOKEN,GW-ATLAS,Failed,SAR,1,13.536,0.0,0.0,0.0,0.0,0.0213,-0.0213,50.76
20250626,202506,363,CARD,GW-ORION,Voided,AED,4,67.1178,0.0,0.0,0.0,0.0,0.049,-0.049,246.49
20250626,202506,171,TOKEN,GW-NILE,Success,EGP,19,740.2771,740.2771,0.0,19.7629,19.7629,10.3346,9.428299999999998,36922.21
20250626,202506,637,BNPL,GW-ATLAS,Failed,SAR,61,2518.1573,0.0,0.0,0.0,0.0,1.2213,-1.2213,9443.09
20250626,202506,269,WALLET,GW-NILE,Success,EGP,7,103.7144,103.7144,0.0,2.2991,2.2991,1.0851,1.2140000000000002,5172.88
20250627,202506,226,TOKEN,GW-NILE,Failed,EGP,45,267.3024,0.0,0.0,0.0,0.0,0.3601,-0.3601,13332.03
20250627,202506,120,LDEBIT,GW-NIMBUS,Failed,SAR,19,1452.8853,0.0,0.0,0.0,0.0,0.2853,-0.2853,5448.32
20250627,202506,386,LDEBIT,GW-NIMBUS,Success,SAR,39,630.864,630.864,0.0,5.3973,5.3974,4.5947,0.8026000000000009,2365.74
20250627,202506,281,TOKEN,GW-NIMBUS,Voided,SAR,1,34.312,0.0,0.0,0.0,0.0,0.016,-0.016,128.67
20250627,202506,483,CARD,GW-ATLAS,Success,EGP,676,5728.2106,5728.2106,0.0,142.1564,142.1564,133.5412,8.615199999999987,285701.38
20250627,202506,153,LDEBIT,GW-NIMBUS,Failed,SAR,1,12.6933,0.0,0.0,0.0,0.0,0.016,-0.016,47.6
20250627,202506,130,LDEBIT,GW-NILE,Voided,EGP,1,6.6501,0.0,0.0,0.0,0.0,0.008,-0.008,331.68
20250627,202506,191,TOKEN,GW-NIMBUS,Failed,SAR,8,93.1787,0.0,0.0,0.0,0.0,0.12,-0.12,349.42
20250627,202506,23,LDEBIT,GW-NIMBUS,Failed,SAR,6,70.3253,0.0,0.0,0.0,0.0,0.0907,-0.0907,263.72
20250628,202506,593,WALLET,GW-NILE,Refunded,EGP,1,227.052,0.0,227.052,0.0,0.0,0.15,-0.15,11324.49
20250628,202506,184,CARD,GW-NILE,Refunded,EGP,12,57.5673,0.0,57.5673,0.0,0.0,1.8001,-1.8001,2871.24
20250628,202506,99,WALLET,GW-NILE,Success,EGP,3,76.7589,76.7589,0.0,1.6044,1.6044,0.7268,0.8776,3828.44
20250628,202506,318,CARD,GW-ORION,Failed,AED,2,63.7549,0.0,0.0,0.0,0.0,0.0245,-0.0245,234.14
20250628,202506,600,TOKEN,GW-ATLAS,Success,AED,2,23.4364,23.4364,0.0,0.7624,0.762,0.501,0.2613999999999999,86.07
20250628,202506,400,TOKEN,GW-NIMBUS,Success,SAR,40,928.52,928.52,0.0,27.832,27.8308,15.6,12.232,3481.95
20250628,202506,369,BNPL,GW-ATLAS,Success,SAR,1,597.584,597.584,0.0,19.416,19.4155,20.672,-1.2560000000000002,2240.94
20250628,202506,344,WALLET,GW-NILE,Failed,EGP,1,14.9987,0.0,0.0,0.0,0.0,0.008,-0.008,748.08
20250628,202506,481,TOKEN,GW-ORION,Success,SAR,18,503.9067,503.9067,0.0,12.976,12.9767,7.7733,5.202700000000001,1889.65
20250628,202506,259,WALLET,GW-NILE,Failed,EGP,4,27.2902,0.0,0.0,0.0,0.0,0.0321,-0.0321,1361.13
20250629,202506,666,CARD,GW-ATLAS,Success,EGP,70,419.1967,419.1967,0.0,17.2263,17.2263,11.292,5.934299999999999,20907.94
20250629,202506,209,TOKEN,GW-ATLAS,Success,EGP,3,63.5111,63.5111,0.0,1.7874,1.7874,1.1823,0.6051000000000002,3167.69
20250629,202506,479,CARD,GW-NIMBUS,Failed,OMR,56,566.3459,0.0,0.0,0.0,0.0,0.8322,-0.8322,217.76
20250629,202506,43,CARD,GW-ORION,Refunded,AED,1,60.8169,0.0,60.8169,0.0,0.0,0.1498,-0.1498,223.35
20250630,202506,433,LDEBIT,GW-NILE,Success,EGP,55,508.6532,508.6532,0.0,8.2993,8.2994,3.9851,4.3142000000000005,25369.69
20250630,202506,372,WALLET,GW-NILE,Voided,EGP,1,5.484,0.0,0.0,0.0,0.0,0.008,-0.008,273.52
20250630,202506,233,CARD,GW-ATLAS,Failed,EGP,3,393.305,0.0,0.0,0.0,0.0,0.0599,-0.0599,19616.56
20250630,202506,479,TOKEN,GW-ATLAS,Failed,OMR,14,141.5865,0.0,0.0,0.0,0.0,0.2861,-0.2861,54.44
20250630,202506,643,LDEBIT,GW-NIMBUS,Success,AED,4,115.0252,115.0252,0.0,1.5085,1.5083,0.6971,0.8113999999999999,422.43
20250630,202506,563,CARD,GW-NIMBUS,Failed,AED,3,102.821,0.0,0.0,0.0,0.0,0.0463,-0.0463,377.61
20250630,202506,433,CARD,GW-NILE,Failed,EGP,34,349.1226,0.0,0.0,0.0,0.0,0.2721,-0.2721,17412.91
20250701,202507,237,TOKEN,GW-ORION,Success,SAR,1,319.608,319.608,0.0,7.1307,7.1314,4.3093,2.8214,1198.53
20250701,202507,682,TOKEN,GW-ORION,Voided,SAR,1,14.0,0.0,0.0,0.0,0.0,0.0107,-0.0107,52.5
20250701,202507,122,CARD,GW-NIMBUS,Success,AED,50,529.6474,529.6474,0.0,17.7917,17.7921,10.3989,7.392799999999999,1945.13
20250701,202507,364,TOKEN,GW-ORION,Failed,SAR,1,10.8453,0.0,0.0,0.0,0.0,0.0107,-0.0107,40.67
20250701,202507,393,WALLET,GW-NILE,Success,EGP,1,10.0719,10.0719,0.0,0.2261,0.2262,0.1166,0.1095,505.49
20250702,202507,401,TOKEN,GW-ATLAS,Failed,EGP,1,28.7566,0.0,0.0,0.0,0.0,0.0199,-0.0199,1443.24
20250702,202507,559,CARD,GW-NILE,Success,EGP,5,753.6644,753.6644,0.0,17.269,17.269,9.4219,7.847099999999997,37825.06
20250702,202507,542,CARD,GW-ATLAS,Failed,EGP,4,102.8772,0.0,0.0,0.0,0.0,0.0801,-0.0801,5163.22
20250702,202507,156,CARD,GW-ATLAS,Success,SAR,92,4231.0213,4231.0213,0.0,107.1493,107.1481,68.496,38.6533,15866.33
20250702,202507,208,CARD,GW-ATLAS,Refunded,AED,1,46.5024,0.0,46.5024,0.0,0.0,0.1498,-0.1498,170.78
20250703,202507,76,BANKTR,GW-NIMBUS,Voided,SAR,2,195.04,0.0,0.0,0.0,0.0,0.0293,-0.0293,731.4
20250703,202507,303,LDEBIT,GW-NIMBUS,Failed,SAR,1,13.8,0.0,0.0,0.0,0.0,0.016,-0.016,51.75
20250703,202507,362,TOKEN,GW-NIMBUS,Voided,SAR,1,61.6933,0.0,0.0,0.0,0.0,0.016,-0.016,231.35
20250703,202507,66,CARD,GW-ATLAS,Failed,EGP,7,40.9574,0.0,0.0,0.0,0.0,0.1401,-0.1401,2055.58
20250703,202507,98,LDEBIT,GW-NIMBUS,Success,SAR,2,94.4107,94.4107,0.0,1.2213,1.221,0.5147,0.7066,354.04
20250703,202507,426,WALLET,GW-NILE,Success,EGP,1,5.729,5.729,0.0,0.1596,0.1596,0.0815,0.0780999999999999,287.53
20250703,202507,239,TOKEN,GW-ATLAS,Failed,OMR,2,15.7607,0.0,0.0,0.0,0.0,0.052,-0.052,6.06
20250703,202507,574,WALLET,GW-NILE,Success,EGP,6,2735.7379,2735.7379,0.0,33.1209,33.1209,22.3694,10.7515,137301.76
20250703,202507,637,TOKEN,GW-ATLAS,Failed,SAR,20,825.624,0.0,0.0,0.0,0.0,0.4,-0.4,3096.09
20250704,202507,433,TOKEN,GW-ATLAS,Failed,EGP,2,20.5367,0.0,0.0,0.0,0.0,0.04,-0.04,1030.7
20250704,202507,246,CARD,GW-ATLAS,Success,EGP,13,77.6406,77.6406,0.0,3.0081,3.0081,2.0939,0.9142,3896.64
20250704,202507,143,CARD,GW-ORION,Voided,SAR,4,35.6773,0.0,0.0,0.0,0.0,0.048,-0.048,133.79
20250704,202507,64,CARD,GW-ATLAS,Success,EGP,1,127.9873,127.9873,0.0,3.0168,3.0168,1.9401,1.0767,6423.45
20250704,202507,269,WALLET,GW-NILE,Voided,EGP,1,17.8157,0.0,0.0,0.0,0.0,0.008,-0.008,894.14
20250704,202507,564,LDEBIT,GW-NIMBUS,Success,SAR,17,207.9147,207.9147,0.0,3.296,3.2962,1.7013,1.5946999999999998,779.68
20250704,202507,507,WALLET,GW-NILE,Success,EGP,1,29.8638,29.8638,0.0,0.626,0.6261,0.277,0.349,1498.81
20250704,202507,393,TOKEN,GW-NILE,Success,EGP,1,15.2992,15.2992,0.0,0.4413,0.4413,0.2457,0.1956,767.84
20250704,202507,630,CARD,GW-ATLAS,Refunded,EGP,15,409.9466,0.0,409.9466,0.0,0.0,2.2499,-2.2499,20574.48
20250704,202507,677,CARD,GW-NILE,Success,EGP,23,114.8162,114.8162,0.0,4.8974,4.8973,2.614,2.2834000000000003,5762.42
20250704,202507,1,TOKEN,GW-ORION,Success,SAR,2,121.6347,121.6347,0.0,3.28,3.2801,1.736,1.5439999999999998,456.13
20250705,202507,120,TOKEN,GW-ORION,Failed,SAR,5,382.3387,0.0,0.0,0.0,0.0,0.0587,-0.0587,1433.77
20250705,202507,674,CARD,GW-NIMBUS,Success,AED,195,1997.0511,1997.0511,0.0,72.8169,72.8177,39.6351,33.1818,7334.17
20250705,202507,152,LDEBIT,GW-NIMBUS,Failed,AED,2,51.5725,0.0,0.0,0.0,0.0,0.03,-0.03,189.4
20250705,202507,775,TOKEN,GW-ATLAS,Failed,EGP,5,26.9141,0.0,0.0,0.0,0.0,0.1,-0.1,1350.77
20250705,202507,31,CARD,GW-NIMBUS,Failed,AED,5,198.8836,0.0,0.0,0.0,0.0,0.0762,-0.0762,730.4
20250705,202507,492,LDEBIT,GW-NIMBUS,Success,SAR,4,868.4667,868.4667,0.0,9.536,9.536,4.088,5.448,3256.75
20250705,202507,26,TOKEN,GW-NIMBUS,Success,AED,15,5416.3948,5416.3948,0.0,80.4302,80.4302,76.8033,3.6269000000000062,19891.71
20250705,202507,541,TOKEN,GW-ATLAS,Failed,EGP,3,71.8201,0.0,0.0,0.0,0.0,0.06,-0.06,3604.52
20250706,202507,446,TOKEN,GW-NIMBUS,Refunded,OMR,3,156.2289,0.0,156.2289,0.0,0.0,0.4421,-0.4421,60.07
20250706,202507,633,LDEBIT,GW-NIMBUS,Voided,SAR,4,236.5893,0.0,0.0,0.0,0.0,0.0587,-0.0587,887.21
20250706,202507,246,LDEBIT,GW-NILE,Success,EGP,3,22.0287,22.0287,0.0,0.3869,0.387,0.1943,0.1926,1105.58
20250706,202507,250,LDEBIT,GW-NIMBUS,Success,AED,18,229.5439,229.5439,0.0,3.6052,3.6052,1.8434,1.7618,843.0
20250707,202507,568,TOKEN,GW-ORION,Success,AED,2,275.8421,275.8421,0.0,6.6086,6.6095,3.7876,2.821,1013.03
20250707,202507,134,CARD,GW-ATLAS,Refunded,AED,1,43.0878,0.0,43.0878,0.0,0.0,0.1498,-0.1498,158.24
20250707,202507,340,LDEBIT,GW-NIMBUS,Success,SAR,2,30.4667,30.4667,0.0,0.4587,0.4579,0.2267,0.2319999999999999,114.25
20250707,202507,387,LDEBIT,GW-NIMBUS,Failed,SAR,5,231.7227,0.0,0.0,0.0,0.0,0.0747,-0.0747,868.96
20250707,202507,375,TOKEN,GW-NILE,Refunded,EGP,5,172.216,0.0,172.216,0.0,0.0,0.75,-0.75,8643.21
20250707,202507,320,CARD,GW-ATLAS,Failed,OMR,3,28.9207,0.0,0.0,0.0,0.0,0.052,-0.052,11.12
20250708,202507,750,TOKEN,GW-ATLAS,Success,EGP,1,7.6693,7.6693,0.0,0.2909,0.2908,0.1899,0.1009999999999999,384.91
20250708,202507,26,TOKEN,GW-NIMBUS,Refunded,AED,3,1615.8639,0.0,1615.8639,0.0,0.0,0.4493,-0.4493,5934.26
20250708,202507,184,WALLET,GW-NILE,Success,EGP,101,436.9549,436.9549,0.0,12.9371,12.937,7.0744,5.862699999999999,21929.98
20250708,202507,763,TOKEN,GW-ATLAS,Success,EGP,2,40.4637,40.4637,0.0,1.1614,1.1614,0.7597,0.4016999999999999,2030.8
20250708,202507,293,CARD,GW-ATLAS,Success,AED,10,534.9925,534.9925,0.0,13.8788,13.8791,8.5391,5.339700000000001,1964.76
20250708,202507,452,TOKEN,GW-ATLAS,Failed,SAR,1,385.4853,0.0,0.0,0.0,0.0,0.0213,-0.0213,1445.57
20250708,202507,105,WALLET,GW-NILE,Failed,EGP,3,17.3963,0.0,0.0,0.0,0.0,0.0239,-0.0239,873.09
20250709,202507,240,TOKEN,GW-ORION,Failed,SAR,2,98.4987,0.0,0.0,0.0,0.0,0.024,-0.024,369.37
20250709,202507,178,WALLET,GW-NILE,Success,EGP,10,296.853,296.853,0.0,5.8823,5.8823,2.7544,3.1279,14898.52
20250709,202507,21,WALLET,GW-NILE,Success,EGP,23,145.1849,145.1849,0.0,4.0428,4.0428,1.9809,2.0619,7286.57
20250709,202507,582,LDEBIT,GW-NIMBUS,Voided,OMR,1,34.3043,0.0,0.0,0.0,0.0,0.026,-0.026,13.19
20250709,202507,226,LDEBIT,GW-NILE,Failed,EGP,34,201.9618,0.0,0.0,0.0,0.0,0.272,-0.272,10136.1
20250709,202507,26,CARD,GW-ATLAS,Refunded,AED,3,1207.8339,0.0,1207.8339,0.0,0.0,0.4493,-0.4493,4435.77
20250709,202507,19,WALLET,GW-NILE,Success,EGP,2,2499.5656,2499.5656,0.0,30.0648,30.0648,20.3165,9.7483,125448.7
20250709,202507,647,CARD,GW-NIMBUS,Success,SAR,9,107.9333,107.9333,0.0,3.7813,3.7804,2.0427,1.7386,404.75
20250709,202507,432,CARD,GW-ORION,Success,AED,75,4774.2274,4774.2274,0.0,108.5691,108.5704,65.6692,42.8999,17533.35
20250709,202507,15,TOKEN,GW-NIMBUS,Success,AED,62,674.5323,674.5323,0.0,21.3424,21.3433,13.4731,7.869300000000001,2477.22
20250709,202507,692,CARD,GW-NIMBUS,Voided,AED,11,488.03,0.0,0.0,0.0,0.0,0.1661,-0.1661,1792.29
20250709,202507,396,CARD,GW-NILE,Failed,EGP,15,114.3428,0.0,0.0,0.0,0.0,0.1199,-0.1199,5738.66
20250709,202507,120,TOKEN,GW-ORION,Voided,SAR,1,76.4667,0.0,0.0,0.0,0.0,0.0107,-0.0107,286.75
20250710,202507,429,CARD,GW-NILE,Failed,EGP,8,208.3209,0.0,0.0,0.0,0.0,0.064,-0.064,10455.25
20250710,202507,522,LDEBIT,GW-NIMBUS,Failed,OMR,1,51.4434,0.0,0.0,0.0,0.0,0.026,-0.026,19.78
20250710,202507,286,CARD,GW-NILE,Success,EGP,18,288.057,288.057,0.0,9.0944,9.0943,4.4538,4.6406,14457.06
20250710,202507,796,CARD,GW-NIMBUS,Voided,SAR,1,30.3733,0.0,0.0,0.0,0.0,0.016,-0.016,113.9
20250710,202507,144,LDEBIT,GW-NILE,Success,EGP,2,96.1214,96.1214,0.0,1.0923,1.0922,0.4593,0.633,4824.16
20250710,202507,461,CARD,GW-NILE,Success,EGP,24,162.5755,162.5755,0.0,5.8205,5.8206,3.2474,2.5731,8159.37
20250710,202507,216,TOKEN,GW-ATLAS,Failed,OMR,1,191.4434,0.0,0.0,0.0,0.0,0.026,-0.026,73.61
20250711,202507,125,CARD,GW-ORION,Failed,SAR,10,103.4907,0.0,0.0,0.0,0.0,0.12,-0.12,388.09
20250711,202507,588,BNPL,GW-NILE,Refunded,EGP,1,45.225,0.0,45.225,0.0,0.0,0.15,-0.15,2269.76
20250711,202507,61,WALLET,GW-NILE,Failed,EGP,1,144.4622,0.0,0.0,0.0,0.0,0.008,-0.008,7250.3
20250711,202507,704,CARD,GW-ORION,Success,AED,2,267.4963,267.4963,0.0,6.5133,6.5129,3.548,2.9653,982.38
20250711,202507,317,CARD,GW-NILE,Failed,EGP,3,65.574,0.0,0.0,0.0,0.0,0.0239,-0.0239,3291.04
20250711,202507,685,CARD,GW-ORION,Failed,AED,19,323.6896,0.0,0.0,0.0,0.0,0.2287,-0.2287,1188.75
20250711,202507,32,LDEBIT,GW-NILE,Success,EGP,7,81.2386,81.2386,0.0,1.2704,1.2704,0.574,0.6964,4077.22
20250711,202507,567,TOKEN,GW-ATLAS,Success,EGP,1,32.1173,32.1173,0.0,0.8082,0.8082,0.5597,0.2485,1611.91
20250712,202507,347,CARD,GW-ATLAS,Success,EGP,10,312.0761,312.0761,0.0,7.7502,7.7502,5.2901,2.4601000000000006,15662.54
20250712,202507,604,CARD,GW-NIMBUS,Success,SAR,503,18000.6533,18000.6533,0.0,379.3093,379.3085,275.704,103.6053,67502.45
20250712,202507,178,CARD,GW-NILE,Failed,EGP,1,25.7435,0.0,0.0,0.0,0.0,0.008,-0.008,1292.02
20250712,202507,813,TOKEN,GW-ORION,Failed,SAR,1,13.4427,0.0,0.0,0.0,0.0,0.0107,-0.0107,50.41
20250712,202507,472,TOKEN,GW-ORION,Success,AED,3,185.4105,185.4105,0.0,4.6807,4.6813,2.644,2.0367,680.92
20250712,202507,281,TOKEN,GW-NIMBUS,Failed,SAR,1,34.312,0.0,0.0,0.0,0.0,0.016,-0.016,128.67
20250712,202507,556,BNPL,GW-ATLAS,Success,AED,26,381.6719,381.6719,0.0,17.6991,17.6981,13.71,3.989100000000001,1401.69
20250712,202507,417,LDEBIT,GW-NILE,Refunded,EGP,7,40.5071,0.0,40.5071,0.0,0.0,1.05,-1.05,2032.98
20250713,202507,458,CARD,GW-NILE,Success,EGP,8,121.9631,121.9631,0.0,3.8415,3.8415,1.9058,1.9357,6121.11
20250713,202507,481,CARD,GW-ATLAS,Voided,SAR,1,27.96,0.0,0.0,0.0,0.0,0.0213,-0.0213,104.85
20250713,202507,196,CARD,GW-NILE,Refunded,EGP,1,15.1306,0.0,15.1306,0.0,0.0,0.15,-0.15,759.38
20250713,202507,417,WALLET,GW-NILE,Failed,EGP,106,876.6519,0.0,0.0,0.0,0.0,0.848,-0.848,43997.58
20250713,202507,625,BNPL,GW-ATLAS,Failed,SAR,2,59.0693,0.0,0.0,0.0,0.0,0.04,-0.04,221.51
20250713,202507,240,LDEBIT,GW-NIMBUS,Success,SAR,25,1209.2987,1209.2987,0.0,14.6853,14.6853,6.568,8.1173,4534.87
20250713,202507,115,TOKEN,GW-NIMBUS,Success,AED,1,43.0905,43.0905,0.0,1.179,1.1797,0.6671,0.5119,158.25
20250714,202507,246,WALLET,GW-NILE,Success,EGP,4,20.8551,20.8551,0.0,0.5671,0.567,0.3088,0.2583,1046.68
20250714,202507,18,LDEBIT,GW-NIMBUS,Success,SAR,26,301.328,301.328,0.0,5.0053,5.006,2.5253,2.48,1129.98
20250714,202507,253,TOKEN,GW-ORION,Success,SAR,11,215.44,215.44,0.0,6.352,6.3514,3.52,2.8320000000000003,807.9
20250714,202507,327,TOKEN,GW-NIMBUS,Refunded,SAR,3,99.744,0.0,99.744,0.0,0.0,0.4507,-0.4507,374.04
20250714,202507,54,CARD,GW-ORION,Failed,SAR,37,1244.4587,0.0,0.0,0.0,0.0,0.4427,-0.4427,4666.72
20250715,202507,544,CARD,GW-ATLAS,Success,OMR,6,751.2874,751.2874,0.0,17.6333,17.6391,11.3914,6.241899999999998,288.87
20250715,202507,642,TOKEN,GW-ORION,Failed,SAR,1,67.0907,0.0,0.0,0.0,0.0,0.0107,-0.0107,251.59
20250715,202507,542,CARD,GW-ATLAS,Failed,EGP,11,282.9123,0.0,0.0,0.0,0.0,0.22,-0.22,14198.86
20250715,202507,42,CARD,GW-ORION,Success,SAR,99,1047.0,1047.0,0.0,35.072,35.0728,19.312,15.760000000000002,3926.25
20250716,202507,739,CARD,GW-NIMBUS,Success,SAR,43,1952.592,1952.592,0.0,47.9787,47.9795,29.1547,18.824000000000005,7322.22
20250716,202507,226,CARD,GW-ATLAS,Voided,EGP,30,178.2016,0.0,0.0,0.0,0.0,0.5999,-0.5999,8943.62
20250716,202507,567,TOKEN,GW-ATLAS,Success,EGP,1,21.3429,21.3429,0.0,0.5707,0.5706,0.3967,0.174,1071.16
20250716,202507,653,LDEBIT,GW-NIMBUS,Success,SAR,15,954.8427,954.8427,0.0,12.0533,12.0526,4.9707,7.0826,3580.66
20250716,202507,542,CARD,GW-ATLAS,Voided,EGP,1,25.7194,0.0,0.0,0.0,0.0,0.0199,-0.0199,1290.81
20250717,202507,400,BNPL,GW-ATLAS,Refunded,SAR,2,37.32,0.0,37.32,0.0,0.0,0.2987,-0.2987,139.95
20250717,202507,100,CARD,GW-ORION,Success,SAR,5,347.4667,347.4667,0.0,8.8133,8.8121,4.752,4.0613,1303.0
20250717,202507,708,CARD,GW-NILE,Failed,EGP,2,190.236,0.0,0.0,0.0,0.0,0.0159,-0.0159,9547.6
20250717,202507,91,CARD,GW-NIMBUS,Voided,OMR,1,52.2237,0.0,0.0,0.0,0.0,0.026,-0.026,20.08
20250717,202507,227,CARD,GW-ATLAS,Success,EGP,5,2068.873,2068.873,0.0,32.2313,32.2313,30.5341,1.6971999999999987,103833.01
20250717,202507,79,TOKEN,GW-ORION,Refunded,SAR,1,31.4587,0.0,31.4587,0.0,0.0,0.1493,-0.1493,117.97
20250717,202507,237,CARD,GW-NIMBUS,Success,SAR,3,1160.3733,1160.3733,0.0,25.272,25.2712,15.8613,9.4107,4351.4
20250717,202507,467,LDEBIT,GW-NIMBUS,Refunded,SAR,1,80.072,0.0,80.072,0.0,0.0,0.1493,-0.1493,300.27
20250717,202507,198,TOKEN,GW-ORION,Success,AED,289,22227.8666,22227.8666,0.0,480.9258,480.9248,312.8251,168.10069999999996,81631.84
20250718,202507,586,LDEBIT,GW-NIMBUS,Success,AED,3,59.0116,59.0116,0.0,0.8359,0.837,0.4003,0.4356,216.72
20250718,202507,625,BNPL,GW-ATLAS,Failed,SAR,1,29.536,0.0,0.0,0.0,0.0,0.0213,-0.0213,110.76
20250718,202507,432,TOKEN,GW-ORION,Refunded,AED,1,63.3274,0.0,63.3274,0.0,0.0,0.1498,-0.1498,232.57
20250718,202507,309,CARD,GW-ORION,Failed,AED,2,31.5861,0.0,0.0,0.0,0.0,0.0245,-0.0245,116.0
20250718,202507,388,CARD,GW-NIMBUS,Voided,AED,10,496.3376,0.0,0.0,0.0,0.0,0.1498,-0.1498,1822.8
20250718,202507,672,CARD,GW-NIMBUS,Voided,SAR,1,10.232,0.0,0.0,0.0,0.0,0.016,-0.016,38.37
20250718,202507,454,CARD,GW-ORION,Failed,AED,6,234.2328,0.0,0.0,0.0,0.0,0.0708,-0.0708,860.22
20250719,202507,500,TOKEN,GW-ATLAS,Refunded,EGP,1,8.0266,0.0,8.0266,0.0,0.0,0.15,-0.15,402.84
20250719,202507,2,BNPL,GW-ATLAS,Success,AED,4,360.904,360.904,0.0,15.3737,15.3745,12.5528,2.8209,1325.42
20250719,202507,23,CARD,GW-ORION,Failed,SAR,26,304.7413,0.0,0.0,0.0,0.0,0.312,-0.312,1142.78
20250719,202507,366,CARD,GW-NILE,Success,EGP,2,443.5903,443.5903,0.0,9.9766,9.9767,5.4957,4.480899999999999,22263.0
20250719,202507,638,CARD,GW-NIMBUS,Failed,SAR,5,53.3173,0.0,0.0,0.0,0.0,0.0747,-0.0747,199.94
20250719,202507,579,LDEBIT,GW-NILE,Success,EGP,1,30.8565,30.8565,0.0,0.3907,0.3907,0.16,0.2307,1548.63
20250719,202507,359,CARD,GW-ATLAS,Failed,SAR,3,31.2693,0.0,0.0,0.0,0.0,0.0587,-0.0587,117.26
20250719,202507,307,CARD,GW-ORION,Success,SAR,1,281.5413,281.5413,0.0,6.2933,6.2939,3.6693,2.624000000000001,1055.78
20250720,202507,794,LDEBIT,GW-NIMBUS,Success,SAR,11,276.4133,276.4133,0.0,3.9067,3.9055,1.7387,2.168,1036.55
20250720,202507,152,LDEBIT,GW-NIMBUS,Success,AED,322,8187.3002,8187.3002,0.0,82.4125,82.4121,51.3329,31.079599999999992,30067.86
20250720,202507,396,LDEBIT,GW-NILE,Success,EGP,25,195.2728,195.2728,0.0,3.3004,3.3004,1.6659,1.6344999999999998,9800.39
20250720,202507,475,CARD,GW-ATLAS,Voided,SAR,2,53.736,0.0,0.0,0.0,0.0,0.04,-0.04,201.51
20250720,202507,22,CARD,GW-ATLAS,Success,EGP,4,42.6939,42.6939,0.0,1.391,1.3909,0.9185,0.4725,2142.73
20250720,202507,46,CARD,GW-NILE,Success,EGP,173,1318.3786,1318.3786,0.0,48.1896,48.1896,25.1874,23.0022,66167.05
20250720,202507,226,CARD,GW-ATLAS,Voided,EGP,19,112.861,0.0,0.0,0.0,0.0,0.38,-0.38,5664.29
20250720,202507,205,CARD,GW-NILE,Success,EGP,134,4137.5921,4137.5921,0.0,64.9677,64.9676,57.3736,7.59409999999999,207658.3
20250720,202507,165,LDEBIT,GW-NIMBUS,Voided,AED,3,40.4329,0.0,0.0,0.0,0.0,0.0463,-0.0463,148.49
20250721,202507,555,LDEBIT,GW-NIMBUS,Success,AED,35,33133.3887,33133.3887,0.0,268.9421,268.9428,150.6739,118.26819999999998,121682.37
20250721,202507,307,LDEBIT,GW-NIMBUS,Success,SAR,1,425.464,425.464,0.0,4.624,4.6237,1.96,2.664,1595.49
20250721,202507,147,TOKEN,GW-ORION,Success,AED,9,2182.418,2182.418,0.0,51.292,51.292,29.563,21.729000000000003,8014.93
20250721,202507,386,LDEBIT,GW-NIMBUS,Voided,SAR,1,16.1013,0.0,0.0,0.0,0.0,0.016,-0.016,60.38
20250721,202507,247,CARD,GW-NIMBUS,Success,SAR,65,7144.112,7144.112,0.0,109.64,109.6399,100.6693,8.970699999999994,26790.42
20250721,202507,654,WALLET,GW-NILE,Success,EGP,10,64.9155,64.9155,0.0,1.853,1.853,0.8759,0.9771,3257.99
20250721,202507,20,BNPL,GW-ATLAS,Success,AED,6,213.8271,213.8271,0.0,10.0259,10.0264,7.5099,2.516,785.28
20250721,202507,642,TOKEN,GW-ORION,Success,SAR,9,595.184,595.184,0.0,15.096,15.0951,8.4507,6.645300000000001,2231.94
20250721,202507,246,LDEBIT,GW-NILE,Success,EGP,6,45.6065,45.6065,0.0,0.7908,0.7907,0.3947,0.3960999999999999,2288.91
20250721,202507,327,CARD,GW-NIMBUS,Voided,SAR,3,100.6427,0.0,0.0,0.0,0.0,0.0453,-0.0453,377.41
20250722,202507,409,LDEBIT,GW-NILE,Success,EGP,30,498.4455,498.4455,0.0,4.7585,4.7585,3.0686,1.6898999999999995,25016.08
20250722,202507,259,LDEBIT,GW-NILE,Failed,EGP,2,13.645,0.0,0.0,0.0,0.0,0.0159,-0.0159,684.82
20250722,202507,481,CARD,GW-ATLAS,Success,SAR,45,1344.1627,1344.1627,0.0,33.6693,33.6683,22.928,10.7413,5040.61
20250722,202507,16,LDEBIT,GW-NIMBUS,Failed,SAR,2,15.12,0.0,0.0,0.0,0.0,0.0293,-0.0293,56.7
20250722,202507,66,CARD,GW-ATLAS,Success,EGP,41,232.1512,232.1512,0.0,9.6375,9.6375,6.4188,3.2186999999999992,11651.25
20250722,202507,747,BNPL,GW-ATLAS,Refunded,AED,1,44.0654,0.0,44.0654,0.0,0.0,0.1498,-0.1498,161.83
20250722,202507,214,CARD,GW-ATLAS,Failed,EGP,1,53.0194,0.0,0.0,0.0,0.0,0.0199,-0.0199,2660.95
20250722,202507,637,CARD,GW-ATLAS,Refunded,SAR,14,375.36,0.0,375.36,0.0,0.0,2.1013,-2.1013,1407.6
20250722,202507,348,LDEBIT,GW-NILE,Success,EGP,35,220.6104,220.6104,0.0,4.5309,4.531,2.1184,2.4125,11072.04
20250722,202507,557,CARD,GW-ORION,Refunded,SAR,8,519.008,0.0,519.008,0.0,0.0,1.2,-1.2,1946.28
20250723,202507,811,WALLET,GW-NILE,Success,EGP,7,50.6304,50.6304,0.0,1.277,1.277,0.6551,0.6218999999999999,2541.05
20250723,202507,303,CARD,GW-NIMBUS,Success,SAR,44,613.48,613.48,0.0,18.7733,18.7738,11.1413,7.632,2300.55
20250723,202507,241,LDEBIT,GW-NILE,Failed,EGP,1,7.394,0.0,0.0,0.0,0.0,0.008,-0.008,371.09
20250723,202507,815,CARD,GW-ORION,Success,SAR,60,2152.5013,2152.5013,0.0,37.4027,37.4039,31.1653,6.2374000000000045,8071.88
20250723,202507,212,CARD,GW-NIMBUS,Voided,AED,4,157.5602,0.0,0.0,0.0,0.0,0.0599,-0.0599,578.64
20250723,202507,190,LDEBIT,GW-NIMBUS,Success,SAR,16,916.9387,916.9387,0.0,10.464,10.4645,4.8453,5.6187000000000005,3438.52
20250724,202507,162,WALLET,GW-NILE,Success,EGP,178,3217.1752,3217.1752,0.0,44.7567,44.7567,32.2891,12.467600000000004,161464.23
20250724,202507,129,BNPL,GW-ATLAS,Failed,AED,2,962.9843,0.0,0.0,0.0,0.0,0.0408,-0.0408,3536.56
20250724,202507,751,TOKEN,GW-NIMBUS,Success,SAR,7,361.0827,361.0827,0.0,9.6373,9.6368,5.5093,4.128,1354.06
20250724,202507,51,CARD,GW-NIMBUS,Refunded,OMR,1,158.9597,0.0,158.9597,0.0,0.0,0.156,-0.156,61.12
20250724,202507,400,CARD,GW-NIMBUS,Voided,SAR,1,23.6213,0.0,0.0,0.0,0.0,0.016,-0.016,88.58
20250724,202507,259,TOKEN,GW-NILE,Failed,EGP,1,6.8225,0.0,0.0,0.0,0.0,0.008,-0.008,342.41
20250724,202507,577,LDEBIT,GW-NIMBUS,Refunded,AED,1,40.3104,0.0,40.3104,0.0,0.0,0.1498,-0.1498,148.04
20250724,202507,454,TOKEN,GW-ORION,Voided,AED,1,39.0388,0.0,0.0,0.0,0.0,0.0109,-0.0109,143.37
20250724,202507,473,LDEBIT,GW-NIMBUS,Success,SAR,10,240.328,240.328,0.0,3.3467,3.3466,1.5307,1.816,901.23
20250724,202507,814,CARD,GW-NILE,Success,EGP,31,184.1899,184.1899,0.0,7.705,7.705,3.881,3.824,9244.16
20250724,202507,606,WALLET,GW-NILE,Success,EGP,14,352.1178,352.1178,0.0,6.915,6.9149,3.3422,3.5728,17672.16
20250725,202507,235,CARD,GW-NIMBUS,Success,AED,10,825.6991,825.6991,0.0,20.0572,20.0576,11.7958,8.261400000000002,3032.38
20250725,202507,23,TOKEN,GW-ORION,Voided,SAR,1,11.72,0.0,0.0,0.0,0.0,0.0107,-0.0107,43.95
20250725,202507,135,CARD,GW-ATLAS,Refunded,SAR,1,9.2933,0.0,9.2933,0.0,0.0,0.1493,-0.1493,34.85
20250725,202507,387,TOKEN,GW-ATLAS,Refunded,SAR,3,79.632,0.0,79.632,0.0,0.0,0.4507,-0.4507,298.62
20250725,202507,97,LDEBIT,GW-NIMBUS,Failed,AED,2,23.4146,0.0,0.0,0.0,0.0,0.03,-0.03,85.99
20250725,202507,99,WALLET,GW-NILE,Success,EGP,1,25.4841,25.4841,0.0,0.5328,0.5329,0.2415,0.2913,1279.0
20250725,202507,240,TOKEN,GW-ORION,Refunded,SAR,1,48.8507,0.0,48.8507,0.0,0.0,0.1493,-0.1493,183.19
20250725,202507,794,CARD,GW-ORION,Success,SAR,19,467.3573,467.3573,0.0,13.488,13.4873,7.1227,6.3653,1752.59
20250725,202507,716,LDEBIT,GW-NIMBUS,Success,AED,11,191.3029,191.3029,0.0,2.7257,2.7256,1.356,1.3696999999999997,702.56
20250726,202507,264,CARD,GW-NIMBUS,Voided,AED,3,39.3792,0.0,0.0,0.0,0.0,0.0463,-0.0463,144.62
20250726,202507,545,LDEBIT,GW-NILE,Success,EGP,3,109.8702,109.8702,0.0,1.2487,1.2487,0.5499,0.6987999999999999,5514.19
20250726,202507,318,CARD,GW-ORION,Success,AED,24,712.5255,712.5255,0.0,18.4942,18.4948,10.5623,7.931899999999999,2616.75
20250726,202507,506,CARD,GW-ORION,Success,SAR,51,543.1093,543.1093,0.0,17.9707,17.9717,9.9973,7.973400000000002,2036.66
20250726,202507,541,TOKEN,GW-ATLAS,Voided,EGP,1,23.9401,0.0,0.0,0.0,0.0,0.0199,-0.0199,1201.51
20250727,202507,745,CARD,GW-ATLAS,Success,EGP,1,10.8834,10.8834,0.0,0.3473,0.3473,0.2327,0.1146,546.22
20250727,202507,180,TOKEN,GW-NIMBUS,Voided,AED,2,120.0327,0.0,0.0,0.0,0.0,0.03,-0.03,440.82
20250727,202507,727,CARD,GW-ATLAS,Success,AED,4,1420.2097,1420.2097,0.0,34.5405,34.5418,21.002,13.538500000000004,5215.72
20250727,202507,191,CARD,GW-ORION,Voided,SAR,5,58.2347,0.0,0.0,0.0,0.0,0.0587,-0.0587,218.38
20250727,202507,778,WALLET,GW-NILE,Success,EGP,3,14.9105,14.9105,0.0,0.4198,0.4198,0.2258,0.194,748.33
20250727,202507,769,CARD,GW-ORION,Failed,SAR,3,46.6827,0.0,0.0,0.0,0.0,0.0373,-0.0373,175.06
20250728,202507,443,CARD,GW-ORION,Failed,SAR,11,193.7413,0.0,0.0,0.0,0.0,0.1333,-0.1333,726.53
20250728,202507,600,CARD,GW-ORION,Failed,AED,1,17.3506,0.0,0.0,0.0,0.0,0.0109,-0.0109,63.72
20250728,202507,174,CARD,GW-NILE,Failed,EGP,1,85.7488,0.0,0.0,0.0,0.0,0.008,-0.008,4303.58
20250728,202507,288,CARD,GW-ORION,Success,SAR,88,865.4613,865.4613,0.0,29.3973,29.3966,16.3307,13.0666,3245.48
20250728,202507,663,BNPL,GW-ATLAS,Success,SAR,2,320.6133,320.6133,0.0,14.2427,14.2416,11.12,3.1227,1202.3
20250728,202507,557,CARD,GW-ORION,Success,SAR,132,6101.6107,6101.6107,0.0,160.616,160.6149,86.0773,74.53870000000002,22881.04
20250728,202507,220,BNPL,GW-NILE,Success,EGP,13,396.0074,396.0074,0.0,16.9689,16.9689,11.5091,5.459800000000001,19874.9
20250728,202507,698,TOKEN,GW-ORION,Failed,SAR,2,114.168,0.0,0.0,0.0,0.0,0.024,-0.024,428.13
20250729,202507,191,CARD,GW-ORION,Refunded,SAR,23,212.7973,0.0,212.7973,0.0,0.0,3.4507,-3.4507,797.99
20250729,202507,306,CARD,GW-ATLAS,Success,OMR,7,168.8687,168.8687,0.0,4.8375,4.8368,2.9909,1.8466000000000005,64.93
20250729,202507,115,CARD,GW-ORION,Success,AED,1,30.2301,30.2301,0.0,0.8414,0.8426,0.4466,0.3948,111.02
20250729,202507,357,BNPL,GW-NILE,Failed,EGP,7,50.9462,0.0,0.0,0.0,0.0,0.056,-0.056,2556.9
20250729,202507,108,LDEBIT,GW-NILE,Failed,EGP,181,1774.1234,0.0,0.0,0.0,0.0,1.4479,-1.4479,89040.06
20250729,202507,541,WALLET,GW-NILE,Failed,EGP,13,311.2204,0.0,0.0,0.0,0.0,0.104,-0.104,15619.59
20250729,202507,685,TOKEN,GW-NIMBUS,Voided,AED,1,17.0374,0.0,0.0,0.0,0.0,0.0163,-0.0163,62.57
20250730,202507,516,LDEBIT,GW-NIMBUS,Refunded,SAR,3,57.3547,0.0,57.3547,0.0,0.0,0.4507,-0.4507,215.08
20250730,202507,586,CARD,GW-ORION,Success,AED,19,390.2873,390.2873,0.0,11.1668,11.1668,6.1348,5.032,1433.33
20250730,202507,604,LDEBIT,GW-NIMBUS,Success,SAR,206,7225.9413,7225.9413,0.0,74.7627,74.7618,41.7867,32.97599999999999,27097.28
20250731,202507,692,CARD,GW-NIMBUS,Failed,AED,98,4347.9101,0.0,0.0,0.0,0.0,1.4704,-1.4704,15967.7
20250731,202507,114,CARD,GW-ORION,Voided,SAR,4,669.3707,0.0,0.0,0.0,0.0,0.048,-0.048,2510.14
20250731,202507,582,LDEBIT,GW-NIMBUS,Success,OMR,30,1033.8101,1033.8101,0.0,7.5683,12.6238,6.0078,1.5605000000000002,397.5
20250731,202507,267,CARD,GW-ATLAS,Failed,OMR,1,2842.3927,0.0,0.0,0.0,0.0,0.026,-0.026,1092.9
20250731,202507,739,TOKEN,GW-ORION,Failed,SAR,1,43.864,0.0,0.0,0.0,0.0,0.0107,-0.0107,164.49
20250731,202507,454,TOKEN,GW-ORION,Failed,AED,1,39.0388,0.0,0.0,0.0,0.0,0.0109,-0.0109,143.37
20250731,202507,567,BNPL,GW-NILE,Voided,EGP,1,31.5572,0.0,0.0,0.0,0.0,0.008,-0.008,1583.8
20250801,202508,245,CARD,GW-ATLAS,Failed,EGP,7,52.9205,0.0,0.0,0.0,0.0,0.1399,-0.1399,2617.48
20250801,202508,326,TOKEN,GW-NIMBUS,Success,OMR,1,41.3264,41.3264,0.0,1.0923,1.0972,0.6502,0.4421,15.89
20250801,202508,127,TOKEN,GW-NILE,Success,EGP,1,30.5767,30.5767,0.0,0.8742,0.8743,0.4383,0.4358999999999999,1512.34
20250801,202508,619,LDEBIT,GW-NILE,Refunded,EGP,3,65.5221,0.0,65.5221,0.0,0.0,0.4501,-0.4501,3240.76
20250802,202508,63,CARD,GW-ORION,Failed,SAR,1,48.0373,0.0,0.0,0.0,0.0,0.0107,-0.0107,180.14
20250802,202508,212,CARD,GW-NIMBUS,Voided,AED,2,78.7801,0.0,0.0,0.0,0.0,0.03,-0.03,289.32
20250802,202508,311,LDEBIT,GW-NILE,Success,EGP,1,31.6699,31.6699,0.0,0.4056,0.4055,0.1634,0.2422,1566.41
20250802,202508,95,CARD,GW-ORION,Success,AED,15,1118.7502,1118.7502,0.0,26.3935,26.3922,15.2349,11.1586,4108.61
20250802,202508,176,LDEBIT,GW-NIMBUS,Success,SAR,1,287.0587,287.0587,0.0,3.2587,3.2594,1.336,1.9227,1076.47
20250802,202508,516,BNPL,GW-ATLAS,Failed,SAR,41,1425.6,0.0,0.0,0.0,0.0,0.8213,-0.8213,5346.0
20250803,202508,456,LDEBIT,GW-NIMBUS,Success,SAR,2,83.4213,83.4213,0.0,1.0907,1.0895,0.4667,0.624,312.83
20250803,202508,488,CARD,GW-ATLAS,Voided,AED,2,26.4071,0.0,0.0,0.0,0.0,0.0408,-0.0408,96.98
20250803,202508,582,CARD,GW-NIMBUS,Refunded,OMR,7,247.8023,0.0,247.8023,0.0,0.0,1.0403,-1.0403,95.28
20250803,202508,197,WALLET,GW-NILE,Failed,EGP,1,5.9148,0.0,0.0,0.0,0.0,0.0081,-0.0081,292.55
20250803,202508,669,TOKEN,GW-NIMBUS,Success,OMR,1,69.987,69.987,0.0,1.7945,1.7973,1.0403,0.7542,26.91
20250803,202508,563,LDEBIT,GW-NIMBUS,Success,AED,6,230.8781,230.8781,0.0,3.0061,3.0054,1.3097,1.6964,847.9
20250803,202508,285,TOKEN,GW-ATLAS,Success,SAR,484,24995.168,24995.168,0.0,442.2693,442.2692,413.744,28.52529999999996,93731.88
20250803,202508,390,LDEBIT,GW-NIMBUS,Success,OMR,1,16.8531,16.8531,0.0,0.2341,0.2377,0.13,0.1041,6.48
20250803,202508,304,TOKEN,GW-ORION,Success,SAR,4,64.5307,64.5307,0.0,1.864,1.8629,1.096,0.768,241.99
20250804,202508,18,CARD,GW-NIMBUS,Failed,SAR,2,25.0133,0.0,0.0,0.0,0.0,0.0293,-0.0293,93.8
20250804,202508,61,WALLET,GW-NILE,Refunded,EGP,1,109.8622,0.0,109.8622,0.0,0.0,0.15,-0.15,5433.85
20250804,202508,451,CARD,GW-NIMBUS,Success,SAR,2,135.536,135.536,0.0,3.2693,3.2704,1.96,1.3093,508.26
20250804,202508,315,LDEBIT,GW-NIMBUS,Failed,SAR,11,150.136,0.0,0.0,0.0,0.0,0.1653,-0.1653,563.01
20250804,202508,653,CARD,GW-ORION,Failed,SAR,1,58.616,0.0,0.0,0.0,0.0,0.0107,-0.0107,219.81
20250804,202508,721,CARD,GW-NIMBUS,Failed,AED,4,197.4078,0.0,0.0,0.0,0.0,0.0599,-0.0599,724.98
20250804,202508,492,TOKEN,GW-ATLAS,Failed,SAR,1,196.5307,0.0,0.0,0.0,0.0,0.0213,-0.0213,736.99
20250805,202508,654,CARD,GW-ATLAS,Failed,EGP,4,28.2888,0.0,0.0,0.0,0.0,0.0801,-0.0801,1399.18
20250805,202508,472,TOKEN,GW-ORION,Refunded,AED,1,54.3935,0.0,54.3935,0.0,0.0,0.1498,-0.1498,199.76
20250805,202508,377,CARD,GW-ATLAS,Refunded,OMR,1,19.3498,0.0,19.3498,0.0,0.0,0.156,-0.156,7.44
20250805,202508,23,BNPL,GW-ATLAS,Voided,SAR,1,11.72,0.0,0.0,0.0,0.0,0.0213,-0.0213,43.95
20250805,202508,452,TOKEN,GW-ATLAS,Success,SAR,2,694.08,694.08,0.0,16.128,16.1291,10.6427,5.4853000000000005,2602.8
20250805,202508,198,TOKEN,GW-ORION,Refunded,AED,2,143.469,0.0,143.469,0.0,0.0,0.2995,-0.2995,526.89
20250805,202508,617,LDEBIT,GW-NILE,Success,EGP,13,78.591,78.591,0.0,1.636,1.636,0.7733,0.8626999999999999,3887.16
20250806,202508,32,WALLET,GW-NILE,Refunded,EGP,1,10.5169,0.0,10.5169,0.0,0.0,0.15,-0.15,520.17
20250806,202508,357,CARD,GW-ATLAS,Success,EGP,232,1721.973,1721.973,0.0,46.3737,46.3736,42.2745,4.099199999999996,85169.82
20250806,202508,267,LDEBIT,GW-NIMBUS,Success,OMR,2,4634.5384,4634.5384,0.0,35.0065,35.0144,20.9363,14.070200000000003,1781.98
20250806,202508,221,WALLET,GW-NILE,Success,EGP,2,3246.5908,3246.5908,0.0,43.6392,43.6392,26.3675,17.271700000000003,160578.33
20250806,202508,250,CARD,GW-NIMBUS,Refunded,AED,1,23.1314,0.0,23.1314,0.0,0.0,0.1498,-0.1498,84.95
20250807,202508,446,TOKEN,GW-NIMBUS,Failed,OMR,2,77.2172,0.0,0.0,0.0,0.0,0.026,-0.026,29.69
20250807,202508,644,LDEBIT,GW-NIMBUS,Voided,SAR,1,27.6907,0.0,0.0,0.0,0.0,0.016,-0.016,103.84
20250807,202508,282,WALLET,GW-NILE,Success,EGP,3,15.8231,15.8231,0.0,0.447,0.447,0.2331,0.2139,782.62
20250807,202508,213,CARD,GW-NILE,Failed,EGP,2,17.9171,0.0,0.0,0.0,0.0,0.016,-0.016,886.19
20250807,202508,31,CARD,GW-NIMBUS,Voided,AED,1,39.7767,0.0,0.0,0.0,0.0,0.0163,-0.0163,146.08
20250808,202508,79,TOKEN,GW-ORION,Success,SAR,11,431.7733,431.7733,0.0,11.7093,11.7087,6.3973,5.312,1619.15
20250808,202508,269,LDEBIT,GW-NILE,Success,EGP,6,73.3143,73.3143,0.0,1.1508,1.1509,0.5069,0.6439,3626.17
20250808,202508,46,CARD,GW-NILE,Voided,EGP,1,8.1631,0.0,0.0,0.0,0.0,0.0081,-0.0081,403.75
20250808,202508,638,LDEBIT,GW-NIMBUS,Failed,SAR,2,21.328,0.0,0.0,0.0,0.0,0.0293,-0.0293,79.98
20250809,202508,177,TOKEN,GW-ATLAS,Success,OMR,4,61.0923,61.0923,0.0,1.7945,1.7892,1.2224,0.5721,23.49
20250809,202508,162,WALLET,GW-NILE,Refunded,EGP,2,37.2596,0.0,37.2596,0.0,0.0,0.3,-0.3,1842.88
20250809,202508,334,CARD,GW-ATLAS,Voided,OMR,1,62.9649,0.0,0.0,0.0,0.0,0.026,-0.026,24.21
20250809,202508,642,CARD,GW-NIMBUS,Failed,SAR,5,335.448,0.0,0.0,0.0,0.0,0.0747,-0.0747,1257.93
20250809,202508,209,CARD,GW-NILE,Failed,EGP,3,90.2225,0.0,0.0,0.0,0.0,0.0241,-0.0241,4462.46
20250809,202508,61,CARD,GW-NILE,Success,EGP,64,9584.2657,9584.2657,0.0,161.1192,161.1191,119.8408,41.278400000000005,474043.53
20250809,202508,37,LDEBIT,GW-NIMBUS,Success,OMR,9,170.065,170.065,0.0,2.4707,2.4668,1.1704,1.3002999999999998,65.39
20250809,202508,116,CARD,GW-NILE,Failed,EGP,1,94.029,0.0,0.0,0.0,0.0,0.0081,-0.0081,4650.73
20250809,202508,409,WALLET,GW-NILE,Refunded,EGP,1,14.2835,0.0,14.2835,0.0,0.0,0.15,-0.15,706.47
20250809,202508,245,CARD,GW-ATLAS,Refunded,EGP,1,6.8018,0.0,6.8018,0.0,0.0,0.15,-0.15,336.42
20250809,202508,362,TOKEN,GW-NIMBUS,Success,SAR,2,104.6907,104.6907,0.0,2.5413,2.5409,1.5947,0.9466,392.59
20250810,202508,364,LDEBIT,GW-NIMBUS,Voided,SAR,2,21.688,0.0,0.0,0.0,0.0,0.0293,-0.0293,81.33
20250810,202508,26,BNPL,GW-ATLAS,Failed,AED,1,375.6978,0.0,0.0,0.0,0.0,0.0191,-0.0191,1379.75
20250810,202508,556,TOKEN,GW-ORION,Success,AED,33,411.2185,411.2185,0.0,13.0456,13.0459,7.4336,5.612,1510.2
20250810,202508,829,LDEBIT,GW-NIMBUS,Success,AED,1,304.4466,304.4466,0.0,3.5289,3.5298,1.4159,2.1130000000000004,1118.08
20250810,202508,513,CARD,GW-NIMBUS,Success,OMR,34,943.225,943.225,0.0,23.7711,23.7739,14.9545,8.816600000000001,362.67
20250811,202508,342,TOKEN,GW-NIMBUS,Success,AED,1,43.8911,43.8911,0.0,1.1709,1.1705,0.6807,0.4902000000000001,161.19
20250811,202508,480,CARD,GW-NIMBUS,Failed,OMR,4,283.5111,0.0,0.0,0.0,0.0,0.052,-0.052,109.01
20250811,202508,133,CARD,GW-NILE,Success,EGP,1,1513.1978,1513.1978,0.0,24.1451,24.145,18.4383,5.706799999999998,74843.67
20250811,202508,482,CARD,GW-ATLAS,Success,SAR,3,665.712,665.712,0.0,15.1733,15.172,9.928,5.245299999999999,2496.42
20250811,202508,385,TOKEN,GW-ATLAS,Success,EGP,3,107.8701,107.8701,0.0,2.8435,2.8435,1.853,0.9905000000000002,5335.32
20250811,202508,142,LDEBIT,GW-NIMBUS,Refunded,SAR,1,23.1547,0.0,23.1547,0.0,0.0,0.1493,-0.1493,86.83
20250812,202508,613,LDEBIT,GW-NILE,Success,EGP,2,157.7508,157.7508,0.0,1.9138,1.9138,0.7088,1.205,7802.45
20250812,202508,403,TOKEN,GW-ORION,Refunded,SAR,1,13.5973,0.0,13.5973,0.0,0.0,0.1493,-0.1493,50.99
20250812,202508,800,WALLET,GW-NILE,Refunded,EGP,1,13.0077,0.0,13.0077,0.0,0.0,0.15,-0.15,643.37
20250812,202508,613,CARD,GW-ATLAS,Voided,EGP,1,101.9454,0.0,0.0,0.0,0.0,0.02,-0.02,5042.28
20250812,202508,237,LDEBIT,GW-NIMBUS,Refunded,SAR,1,487.9413,0.0,487.9413,0.0,0.0,0.1493,-0.1493,1829.78
20250812,202508,820,BNPL,GW-ATLAS,Success,EGP,5,135.6856,135.6856,0.0,5.9051,5.905,4.7893,1.1158,6711.09
20250813,202508,543,CARD,GW-ATLAS,Refunded,EGP,4,18.5327,0.0,18.5327,0.0,0.0,0.6001,-0.6001,916.64
20250813,202508,272,LDEBIT,GW-NIMBUS,Success,AED,6,447.0415,447.0415,0.0,5.8244,5.8256,2.2818,3.5426,1641.76
20250813,202508,583,LDEBIT,GW-NIMBUS,Success,SAR,12,165.8027,165.8027,0.0,2.4747,2.4748,1.2853,1.1893999999999998,621.76
20250813,202508,108,WALLET,GW-NILE,Failed,EGP,1072,10507.5153,0.0,0.0,0.0,0.0,8.5759,-8.5759,519708.01
20250813,202508,153,CARD,GW-NIMBUS,Success,SAR,24,336.6267,336.6267,0.0,10.2827,10.2826,6.104,4.1787,1262.35
20250813,202508,318,TOKEN,GW-NIMBUS,Failed,AED,1,31.8775,0.0,0.0,0.0,0.0,0.0163,-0.0163,117.07
20250813,202508,253,CARD,GW-NIMBUS,Failed,SAR,2,33.784,0.0,0.0,0.0,0.0,0.0293,-0.0293,126.69
20250813,202508,535,LDEBIT,GW-NIMBUS,Success,AED,1,133.7781,133.7781,0.0,1.5684,1.5674,0.6481,0.9203,491.3
20250813,202508,743,LDEBIT,GW-NIMBUS,Success,SAR,3,133.184,133.184,0.0,1.5307,1.5311,0.7333,0.7974,499.44
20250813,202508,184,TOKEN,GW-ATLAS,Success,EGP,77,347.5099,347.5099,0.0,15.7135,15.7136,10.9524,4.761099999999999,17188.05
20250813,202508,488,CARD,GW-ATLAS,Success,AED,40,497.0647,497.0647,0.0,17.2144,17.2132,10.2083,7.006100000000002,1825.47
20250813,202508,455,LDEBIT,GW-NIMBUS,Success,SAR,231,3796.0213,3796.0213,0.0,32.5733,32.5726,27.4773,5.096000000000004,14235.08
20250814,202508,164,TOKEN,GW-NILE,Voided,EGP,1,8.3812,0.0,0.0,0.0,0.0,0.0081,-0.0081,414.54
20250814,202508,205,TOKEN,GW-ATLAS,Failed,EGP,1,30.6331,0.0,0.0,0.0,0.0,0.02,-0.02,1515.13
20250814,202508,35,CARD,GW-ATLAS,Success,SAR,16,1221.24,1221.24,0.0,30.9653,30.9653,18.9893,11.976,4579.65
20250814,202508,46,TOKEN,GW-ATLAS,Failed,EGP,6,48.9784,0.0,0.0,0.0,0.0,0.1201,-0.1201,2422.5
20250814,202508,320,LDEBIT,GW-NIMBUS,Success,OMR,6,69.7009,69.7009,0.0,1.1183,1.1105,0.5722,0.5461,26.8
20250814,202508,205,LDEBIT,GW-NILE,Failed,EGP,4,122.5321,0.0,0.0,0.0,0.0,0.0319,-0.0319,6060.51
20250814,202508,620,BANKTR,GW-NILE,Voided,EGP,1,88.1641,0.0,0.0,0.0,0.0,0.0081,-0.0081,4360.65
20250814,202508,541,CARD,GW-ATLAS,Voided,EGP,4,95.7601,0.0,0.0,0.0,0.0,0.0801,-0.0801,4736.35
20250814,202508,831,CARD,GW-ORION,Success,SAR,10,386.3547,386.3547,0.0,10.3253,10.3264,5.5493,4.776000000000001,1448.83
20250814,202508,639,LDEBIT,GW-NIMBUS,Success,SAR,5,314.856,314.856,0.0,3.1787,3.1782,1.6427,1.536,1180.71
20250815,202508,297,CARD,GW-NILE,Success,EGP,19,2642.8563,2642.8563,0.0,65.4078,65.4078,33.1177,32.290099999999995,130717.26
20250815,202508,443,TOKEN,GW-ORION,Success,SAR,16,237.9787,237.9787,0.0,6.9947,6.995,4.1173,2.8774,892.42
20250815,202508,520,CARD,GW-NIMBUS,Success,AED,38,471.5289,471.5289,0.0,15.4772,15.4764,8.8359,6.641299999999999,1731.69
20250815,202508,64,BNPL,GW-NILE,Failed,EGP,1,83.2157,0.0,0.0,0.0,0.0,0.0081,-0.0081,4115.9
20250815,202508,63,TOKEN,GW-NIMBUS,Success,SAR,2,118.2613,118.2613,0.0,3.144,3.1441,1.7867,1.3573000000000002,443.48
20250816,202508,130,LDEBIT,GW-NILE,Success,EGP,39,232.5404,232.5404,0.0,4.6993,4.6994,2.3069,2.3924,11501.59
20250816,202508,15,TOKEN,GW-NIMBUS,Failed,AED,3,33.8652,0.0,0.0,0.0,0.0,0.0463,-0.0463,124.37
20250816,202508,778,LDEBIT,GW-NILE,Success,EGP,16,78.9081,78.9081,0.0,1.6914,1.6915,0.8795,0.8119000000000001,3902.84
20250816,202508,368,TOKEN,GW-NIMBUS,Success,OMR,21,840.5202,840.5202,0.0,20.4681,20.4738,13.1339,7.334199999999999,323.18
20250816,202508,660,CARD,GW-ATLAS,Success,EGP,20,447.2908,447.2908,0.0,12.4263,12.4263,8.0015,4.424799999999999,22123.27
20250816,202508,345,TOKEN,GW-ORION,Failed,AED,30,518.467,0.0,0.0,0.0,0.0,0.3594,-0.3594,1904.07
20250817,202508,181,LDEBIT,GW-NIMBUS,Success,AED,12,155.1096,155.1096,0.0,2.5187,2.5175,1.2389,1.2798,569.64
20250817,202508,288,TOKEN,GW-NIMBUS,Success,SAR,23,232.5493,232.5493,0.0,7.9493,7.9497,4.752,3.1973000000000003,872.06
20250817,202508,97,TOKEN,GW-ATLAS,Success,AED,14,170.3308,170.3308,0.0,5.5657,5.5648,3.6106,1.9551,625.54
20250817,202508,748,TOKEN,GW-ORION,Success,AED,6,372.9748,372.9748,0.0,9.7291,9.7304,5.3179,4.411200000000001,1369.75
20250817,202508,16,TOKEN,GW-NIMBUS,Success,SAR,8,68.472,68.472,0.0,2.5227,2.523,1.4773,1.0454,256.77
20250818,202508,17,BNPL,GW-ATLAS,Success,AED,3,123.3737,123.3737,0.0,5.74,5.7406,4.324,1.4160000000000004,453.09
20250818,202508,69,CARD,GW-NIMBUS,Failed,AED,1,84.7597,0.0,0.0,0.0,0.0,0.0163,-0.0163,311.28
20250818,202508,832,CARD,GW-NIMBUS,Success,AED,1,87.2675,87.2675,0.0,2.0395,2.0397,1.2444,0.7950999999999999,320.49
20250819,202508,391,CARD,GW-ATLAS,Failed,EGP,2,145.6036,0.0,0.0,0.0,0.0,0.04,-0.04,7201.64
20250819,202508,253,LDEBIT,GW-NIMBUS,Voided,SAR,2,33.784,0.0,0.0,0.0,0.0,0.0293,-0.0293,126.69
20250819,202508,122,TOKEN,GW-NIMBUS,Success,AED,14,163.7005,163.7005,0.0,5.4323,5.4316,3.2022,2.2301,601.19
20250819,202508,770,TOKEN,GW-ATLAS,Voided,OMR,3,82.2887,0.0,0.0,0.0,0.0,0.052,-0.052,31.64
20250819,202508,691,CARD,GW-NILE,Success,EGP,4,5279.8157,5279.8157,0.0,83.7012,83.7011,64.3617,19.3395,261142.85
20250819,202508,445,CARD,GW-NIMBUS,Success,SAR,5,3733.7387,3733.7387,0.0,54.5627,54.5639,50.7307,3.8320000000000007,14001.52
20250820,202508,465,TOKEN,GW-NILE,Success,EGP,4,457.097,457.097,0.0,10.5476,10.5476,5.9714,4.576199999999999,22608.29
20250820,202508,417,WALLET,GW-NILE,Voided,EGP,9,74.4328,0.0,0.0,0.0,0.0,0.072,-0.072,3681.49
20250820,202508,311,TOKEN,GW-ATLAS,Success,EGP,2,40.9793,40.9793,0.0,1.164,1.164,0.7677,0.3962999999999999,2026.86
20250820,202508,107,CARD,GW-ATLAS,Success,OMR,2,288.2965,288.2965,0.0,6.554,6.5641,4.3433,2.2107,110.85
20250820,202508,226,CARD,GW-ATLAS,Success,EGP,2215,13224.342,13224.342,0.0,525.1309,525.1309,356.7209,168.41000000000005,654083.89
20250820,202508,357,WALLET,GW-NILE,Failed,EGP,4,29.1123,0.0,0.0,0.0,0.0,0.0319,-0.0319,1439.91
20250820,202508,457,CARD,GW-NIMBUS,Voided,SAR,1,10.0213,0.0,0.0,0.0,0.0,0.016,-0.016,37.58
20250821,202508,688,BANKTR,GW-NIMBUS,Failed,AED,12,1438.0722,0.0,0.0,0.0,0.0,0.1797,-0.1797,5281.32
20250821,202508,682,CARD,GW-ORION,Refunded,SAR,3,34.24,0.0,34.24,0.0,0.0,0.4507,-0.4507,128.4
20250821,202508,108,LDEBIT,GW-NILE,Success,EGP,4237,41261.9511,41261.9511,0.0,479.7392,479.7393,315.406,164.33319999999998,2040840.86
20250821,202508,516,TOKEN,GW-ORION,Voided,SAR,4,139.0827,0.0,0.0,0.0,0.0,0.048,-0.048,521.56
20250821,202508,429,CARD,GW-NILE,Success,EGP,60,1576.1048,1576.1048,0.0,43.3852,43.3852,22.3297,21.0555,77955.09
20250821,202508,58,CARD,GW-NIMBUS,Success,OMR,6,716.0988,716.0988,0.0,18.3615,18.3678,10.065,8.2965,275.34
20250821,202508,75,CARD,GW-NILE,Failed,EGP,1,16.7097,0.0,0.0,0.0,0.0,0.0081,-0.0081,826.47
20250821,202508,332,CARD,GW-ATLAS,Failed,EGP,2,394.3741,0.0,0.0,0.0,0.0,0.04,-0.04,19505.98
20250821,202508,359,LDEBIT,GW-NIMBUS,Success,SAR,24,281.344,281.344,0.0,4.6347,4.6341,2.3467,2.288,1055.04
20250822,202508,198,TOKEN,GW-ORION,Voided,AED,3,235.8121,0.0,0.0,0.0,0.0,0.0354,-0.0354,866.02
20250822,202508,718,CARD,GW-NIMBUS,Success,SAR,13,405.384,405.384,0.0,11.0693,11.0699,6.3173,4.752,1520.19
20250822,202508,66,LDEBIT,GW-NILE,Success,EGP,9,57.8361,57.8361,0.0,1.1266,1.1265,0.5493,0.5773,2860.61
20250822,202508,797,CARD,GW-NILE,Success,EGP,2,95.0221,95.0221,0.0,2.3641,2.3642,1.2606,1.1035,4699.85
20250822,202508,6,TOKEN,GW-ORION,Success,AED,6,349.9387,349.9387,0.0,9.2308,9.2315,5.0102,4.2206,1285.15
20250822,202508,114,LDEBIT,GW-NIMBUS,Voided,SAR,3,502.0293,0.0,0.0,0.0,0.0,0.0453,-0.0453,1882.61
20250822,202508,290,CARD,GW-ATLAS,Voided,AED,1,68.6344,0.0,0.0,0.0,0.0,0.0191,-0.0191,252.06
20250822,202508,680,WALLET,GW-NILE,Success,EGP,10,234.6807,234.6807,0.0,4.9425,4.9425,2.2509,2.6916,11607.45
20250823,202508,46,WALLET,GW-NILE,Success,EGP,71,566.2038,566.2038,0.0,14.1662,14.1663,7.0713,7.0949,28004.78
20250823,202508,483,LDEBIT,GW-NILE,Success,EGP,387,3262.8715,3262.8715,0.0,39.9698,39.9697,26.7597,13.2101,161383.58
20250823,202508,537,CARD,GW-ATLAS,Failed,EGP,2,128.1788,0.0,0.0,0.0,0.0,0.04,-0.04,6339.8
20250823,202508,683,CARD,GW-NIMBUS,Success,OMR,2,166.1638,166.1638,0.0,3.9532,3.957,2.3667,1.5865,63.89
20250823,202508,402,CARD,GW-NIMBUS,Success,OMR,1,32.4837,32.4837,0.0,0.8843,0.8729,0.4941,0.3902,12.49
20250823,202508,282,CARD,GW-ATLAS,Failed,EGP,1,5.7058,0.0,0.0,0.0,0.0,0.02,-0.02,282.21
20250823,202508,205,LDEBIT,GW-NILE,Failed,EGP,2,61.2661,0.0,0.0,0.0,0.0,0.016,-0.016,3030.26
20250823,202508,394,CARD,GW-ORION,Refunded,AED,1,36.0381,0.0,36.0381,0.0,0.0,0.1498,-0.1498,132.35
20250823,202508,559,WALLET,GW-NILE,Failed,EGP,2,269.6573,0.0,0.0,0.0,0.0,0.016,-0.016,13337.41
20250823,202508,509,CARD,GW-ORION,Success,AED,8,1644.0654,1644.0654,0.0,38.4071,38.4069,21.5521,16.855,6037.83
20250824,202508,143,CARD,GW-ORION,Voided,SAR,3,26.7573,0.0,0.0,0.0,0.0,0.0373,-0.0373,100.34
20250824,202508,763,CARD,GW-ATLAS,Success,EGP,11,218.1261,218.1261,0.0,6.1692,6.1693,3.9943,2.1749,10788.65
20250824,202508,500,CARD,GW-NILE,Success,EGP,695,3986.2721,3986.2721,0.0,159.9884,159.9884,85.2683,74.72010000000002,197163.41
20250824,202508,492,TOKEN,GW-ATLAS,Success,SAR,6,1087.7147,1087.7147,0.0,25.0507,25.0518,16.8907,8.16,4078.93
20250824,202508,269,TOKEN,GW-ATLAS,Success,EGP,9,174.8117,174.8117,0.0,5.0986,5.0985,3.3091,1.7895000000000003,8646.29
20250824,202508,472,BNPL,GW-ATLAS,Success,AED,1,98.7474,98.7474,0.0,4.5664,4.5661,3.4336,1.1327999999999996,362.65
20250824,202508,557,TOKEN,GW-ORION,Success,SAR,38,1646.3653,1646.3653,0.0,44.448,44.4488,24.1573,20.2907,6173.87
20250824,202508,514,CARD,GW-NIMBUS,Success,SAR,1,357.3733,357.3733,0.0,7.984,7.9837,4.8907,3.0933,1340.15
20250824,202508,692,CARD,GW-NIMBUS,Failed,AED,140,6211.3002,0.0,0.0,0.0,0.0,2.0994,-2.0994,22811.0
20250824,202508,61,TOKEN,GW-ATLAS,Success,EGP,21,2981.7301,2981.7301,0.0,51.3069,51.3069,46.6377,4.6691999999999965,147478.16
20250825,202508,124,TOKEN,GW-ATLAS,Success,AED,6,168.8441,168.8441,0.0,4.6671,4.6671,2.998,1.6690999999999994,620.08
20250825,202508,169,TOKEN,GW-NILE,Refunded,EGP,1,62.3035,0.0,62.3035,0.0,0.0,0.15,-0.15,3081.57
20250825,202508,644,CARD,GW-ORION,Refunded,SAR,2,44.7627,0.0,44.7627,0.0,0.0,0.2987,-0.2987,167.86
20250825,202508,381,TOKEN,GW-NILE,Failed,EGP,1,28.1596,0.0,0.0,0.0,0.0,0.0081,-0.0081,1392.79
20250825,202508,356,LDEBIT,GW-NIMBUS,Success,SAR,1,85.5893,85.5893,0.0,1.0187,1.0176,0.4293,0.5893999999999999,320.96
20250825,202508,238,TOKEN,GW-NIMBUS,Success,AED,4,1347.8502,1347.8502,0.0,31.1178,31.1175,19.1287,11.9891,4949.98
20250826,202508,163,TOKEN,GW-ORION,Success,SAR,1,42.032,42.032,0.0,1.0907,1.0911,0.6187,0.472,157.62
20250826,202508,301,WALLET,GW-NILE,Voided,EGP,2,13.3644,0.0,0.0,0.0,0.0,0.016,-0.016,661.01
20250826,202508,353,TOKEN,GW-NIMBUS,Success,OMR,4,186.3199,186.3199,0.0,4.3953,4.4022,2.8609,1.5343999999999998,71.64
20250826,202508,481,CARD,GW-ATLAS,Refunded,SAR,3,73.632,0.0,73.632,0.0,0.0,0.4507,-0.4507,276.12
20250826,202508,563,CARD,GW-NIMBUS,Success,AED,18,624.1171,624.1171,0.0,16.7515,16.7502,9.5956,7.155900000000001,2292.07
20250826,202508,620,CARD,GW-ATLAS,Failed,EGP,3,264.4923,0.0,0.0,0.0,0.0,0.06,-0.06,13081.95
20250827,202508,26,CARD,GW-ATLAS,Voided,AED,1,375.6978,0.0,0.0,0.0,0.0,0.0191,-0.0191,1379.75
20250827,202508,318,LDEBIT,GW-NIMBUS,Success,AED,15,546.4316,546.4316,0.0,6.7828,6.7839,3.1341,3.6487,2006.77
20250827,202508,37,CARD,GW-NIMBUS,Failed,OMR,1,21.4564,0.0,0.0,0.0,0.0,0.026,-0.026,8.25
20250827,202508,777,BANKTR,GW-NIMBUS,Success,AED,6,4147.8938,4147.8938,0.0,11.1477,11.1476,4.2641,6.8836,15233.14
20250827,202508,617,TOKEN,GW-NILE,Refunded,EGP,1,5.1386,0.0,5.1386,0.0,0.0,0.15,-0.15,254.16
20250828,202508,362,TOKEN,GW-NIMBUS,Success,SAR,1,93.912,93.912,0.0,2.2,2.1999,1.3787,0.8213000000000001,352.17
20250828,202508,379,TOKEN,GW-ATLAS,Failed,AED,2,29.4649,0.0,0.0,0.0,0.0,0.0408,-0.0408,108.21
20250828,202508,81,BNPL,GW-ATLAS,Success,AED,2,219.0742,219.0742,0.0,10.3308,10.3315,7.6106,2.7202,804.55
20250829,202508,228,LDEBIT,GW-NIMBUS,Refunded,AED,3,35.4826,0.0,35.4826,0.0,0.0,0.4493,-0.4493,130.31
20250829,202508,523,TOKEN,GW-NIMBUS,Success,OMR,2,852.6398,852.6398,0.0,18.7256,18.7279,12.0676,6.658,327.84
20250829,202508,687,CARD,GW-ATLAS,Success,EGP,9,45.6834,45.6834,0.0,2.0715,2.0716,1.332,0.7394999999999998,2259.53
20250829,202508,562,CARD,GW-ORION,Voided,AED,3,165.4758,0.0,0.0,0.0,0.0,0.0354,-0.0354,607.71
20250829,202508,640,CARD,GW-ATLAS,Failed,SAR,1,37.36,0.0,0.0,0.0,0.0,0.0213,-0.0213,140.1
20250830,202508,417,CARD,GW-ATLAS,Failed,EGP,328,2712.6584,0.0,0.0,0.0,0.0,6.56,-6.56,134169.71
20250830,202508,680,CARD,GW-NILE,Failed,EGP,1,25.9435,0.0,0.0,0.0,0.0,0.0081,-0.0081,1283.18
20250830,202508,136,CARD,GW-NILE,Failed,EGP,2,59.4948,0.0,0.0,0.0,0.0,0.016,-0.016,2942.65
20250830,202508,417,LDEBIT,GW-NILE,Success,EGP,1353,11461.1806,11461.1806,0.0,129.5093,129.5093,93.7728,35.73649999999999,566876.87
20250830,202508,23,CARD,GW-ORION,Failed,SAR,19,222.696,0.0,0.0,0.0,0.0,0.2293,-0.2293,835.11
20250830,202508,592,TOKEN,GW-NIMBUS,Success,AED,5,411.6596,411.6596,0.0,10.6358,10.6354,6.0885,4.5473,1511.82
20250831,202508,688,CARD,GW-ORION,Refunded,AED,1,62.0449,0.0,62.0449,0.0,0.0,0.1498,-0.1498,227.86
20250831,202508,54,LDEBIT,GW-NIMBUS,Refunded,SAR,2,118.808,0.0,118.808,0.0,0.0,0.2987,-0.2987,445.53
20250831,202508,239,CARD,GW-NIMBUS,Success,OMR,54,403.6151,403.6151,0.0,15.4226,15.4133,8.9467,6.475899999999999,155.19
20250831,202508,536,CARD,GW-NILE,Refunded,EGP,1,161.6667,0.0,161.6667,0.0,0.0,0.15,-0.15,7996.13
20250831,202508,449,WALLET,GW-NILE,Failed,EGP,4,139.5523,0.0,0.0,0.0,0.0,0.0319,-0.0319,6902.34
20250831,202508,475,BANKTR,GW-NIMBUS,Failed,SAR,5,134.3387,0.0,0.0,0.0,0.0,0.0747,-0.0747,503.77
20250831,202508,581,CARD,GW-NILE,Refunded,EGP,22,184.166,0.0,184.166,0.0,0.0,3.3,-3.3,9108.96
20250901,202509,197,LDEBIT,GW-NILE,Success,EGP,8,43.586,43.586,0.0,0.9236,0.9235,0.4565,0.4670999999999999,2219.99
20250901,202509,288,CARD,GW-ORION,Failed,SAR,12,116.5627,0.0,0.0,0.0,0.0,0.144,-0.144,437.11
20250901,202509,654,LDEBIT,GW-NILE,Voided,EGP,1,7.0722,0.0,0.0,0.0,0.0,0.008,-0.008,360.21
20250901,202509,539,WALLET,GW-NILE,Success,EGP,5,31.7618,31.7618,0.0,0.8111,0.811,0.4323,0.3788,1617.74
20250901,202509,607,CARD,GW-ORION,Success,SAR,11,683.408,683.408,0.0,17.1067,17.1054,9.416,7.6907,2562.78
20250901,202509,537,TOKEN,GW-ATLAS,Success,EGP,1,31.9524,31.9524,0.0,0.9402,0.9402,0.5572,0.383,1627.45
20250901,202509,34,CARD,GW-ORION,Success,AED,8,620.7869,620.7869,0.0,15.6161,15.6147,8.4357,7.180399999999999,2279.84
20250902,202509,375,TOKEN,GW-NILE,Success,EGP,66,1804.8728,1804.8728,0.0,32.7996,32.7997,26.2393,6.560299999999998,91928.49
20250902,202509,220,LDEBIT,GW-NILE,Success,EGP,12,373.9531,373.9531,0.0,4.5153,4.5153,1.9345,2.5808,19046.74
20250902,202509,627,CARD,GW-ATLAS,Failed,SAR,2,167.9067,0.0,0.0,0.0,0.0,0.04,-0.04,629.65
20250902,202509,617,LDEBIT,GW-NILE,Refunded,EGP,1,6.1594,0.0,6.1594,0.0,0.0,0.15,-0.15,313.72
20250902,202509,23,LDEBIT,GW-NIMBUS,Voided,SAR,4,46.8827,0.0,0.0,0.0,0.0,0.0587,-0.0587,175.81
20250902,202509,493,CARD,GW-ORION,Success,AED,6,216.2342,216.2342,0.0,5.7127,5.7115,3.1287,2.584,794.12
20250902,202509,298,TOKEN,GW-ORION,Failed,AED,1,10.5078,0.0,0.0,0.0,0.0,0.0109,-0.0109,38.59
20250903,202509,298,CARD,GW-ORION,Success,AED,27,256.1933,256.1933,0.0,8.2968,8.2978,4.8904,3.4064,940.87
20250903,202509,240,TOKEN,GW-ORION,Success,SAR,19,994.6907,994.6907,0.0,25.016,25.0166,14.36,10.656,3730.09
20250903,202509,454,CARD,GW-ORION,Success,AED,29,1043.0742,1043.0742,0.0,28.4738,28.4751,15.0987,13.375100000000002,3830.69
20250903,202509,58,LDEBIT,GW-NIMBUS,Success,OMR,2,263.9792,263.9792,0.0,3.303,3.3028,1.2744,2.0286,101.5
20250903,202509,139,CARD,GW-NILE,Failed,EGP,1,7.1405,0.0,0.0,0.0,0.0,0.008,-0.008,363.69
20250903,202509,143,CARD,GW-ORION,Failed,SAR,60,535.1707,0.0,0.0,0.0,0.0,0.72,-0.72,2006.89
20250903,202509,180,BNPL,GW-ATLAS,Refunded,AED,2,123.9483,0.0,123.9483,0.0,0.0,0.2995,-0.2995,455.2
20250903,202509,391,CARD,GW-ATLAS,Failed,EGP,2,145.6036,0.0,0.0,0.0,0.0,0.0401,-0.0401,7416.1
20250903,202509,745,LDEBIT,GW-NILE,Refunded,EGP,1,12.6985,0.0,12.6985,0.0,0.0,0.15,-0.15,646.78
20250904,202509,813,LDEBIT,GW-NIMBUS,Voided,SAR,1,13.4427,0.0,0.0,0.0,0.0,0.016,-0.016,50.41
20250904,202509,480,LDEBIT,GW-NIMBUS,Success,OMR,26,1483.199,1483.199,0.0,11.2354,11.2442,7.8544,3.381,570.29
20250904,202509,413,TOKEN,GW-ATLAS,Voided,EGP,2,13.1434,0.0,0.0,0.0,0.0,0.0401,-0.0401,669.44
20250904,202509,184,WALLET,GW-NILE,Refunded,EGP,1,4.1258,0.0,4.1258,0.0,0.0,0.15,-0.15,210.14
20250904,202509,51,LDEBIT,GW-NIMBUS,Success,OMR,2,339.6099,339.6099,0.0,3.6931,3.7033,1.6125,2.0806,130.58
20250904,202509,205,TOKEN,GW-ATLAS,Success,EGP,38,1148.164,1148.164,0.0,18.4199,18.4199,20.1722,-1.7523000000000015,58480.01
20250905,202509,191,CARD,GW-ORION,Refunded,SAR,21,350.1013,0.0,350.1013,0.0,0.0,3.1493,-3.1493,1312.88
20250905,202509,175,LDEBIT,GW-NILE,Success,EGP,1,86.7252,86.7252,0.0,1.0052,1.0052,0.3862,0.6190000000000001,4417.22
20250905,202509,820,TOKEN,GW-NILE,Success,EGP,7,175.3763,175.3763,0.0,4.6021,4.6021,2.5808,2.0213,8932.53
20250905,202509,291,LDEBIT,GW-NIMBUS,Success,OMR,5,53.6801,53.6801,0.0,0.9103,0.8995,0.4681,0.4422,20.64
20250906,202509,212,TOKEN,GW-NIMBUS,Refunded,AED,1,27.4472,0.0,27.4472,0.0,0.0,0.1498,-0.1498,100.8
20250906,202509,651,CARD,GW-ATLAS,Success,EGP,1,57.7541,57.7541,0.0,1.4664,1.4665,0.9161,0.5502999999999999,2941.62
20250906,202509,298,CARD,GW-ORION,Failed,AED,1,10.5078,0.0,0.0,0.0,0.0,0.0109,-0.0109,38.59
20250906,202509,534,TOKEN,GW-NIMBUS,Refunded,SAR,5,200.4667,0.0,200.4667,0.0,0.0,0.7493,-0.7493,751.75
20250906,202509,171,CARD,GW-ATLAS,Success,EGP,48,2128.4316,2128.4316,0.0,55.031,55.031,34.5845,20.4465,108408.47
20250906,202509,303,LDEBIT,GW-NIMBUS,Failed,SAR,6,82.8,0.0,0.0,0.0,0.0,0.0907,-0.0907,310.5
20250906,202509,53,CARD,GW-NIMBUS,Refunded,OMR,1,54.2783,0.0,54.2783,0.0,0.0,0.156,-0.156,20.87
20250906,202509,44,LDEBIT,GW-NILE,Success,EGP,164,764.2126,764.2126,0.0,17.4958,17.4957,8.835,8.660799999999998,38924.02
20250906,202509,220,CARD,GW-NILE,Refunded,EGP,1,26.0067,0.0,26.0067,0.0,0.0,0.15,-0.15,1324.61
20250906,202509,22,WALLET,GW-NILE,Success,EGP,2,15.4354,15.4354,0.0,0.3866,0.3866,0.195,0.1916,786.18
20250906,202509,771,LDEBIT,GW-NIMBUS,Success,AED,1,20.5119,20.5119,0.0,0.2968,0.2975,0.1361,0.1607,75.33
20250907,202509,238,TOKEN,GW-NIMBUS,Refunded,AED,1,367.3329,0.0,367.3329,0.0,0.0,0.1498,-0.1498,1349.03
20250907,202509,438,CARD,GW-ATLAS,Success,EGP,6,126.9542,126.9542,0.0,3.7276,3.7277,2.295,1.4326,6466.22
20250907,202509,317,LDEBIT,GW-NILE,Success,EGP,2,53.0441,53.0441,0.0,0.6834,0.6835,0.2849,0.3985,2701.72
20250907,202509,382,BANKTR,GW-NIMBUS,Failed,SAR,7,259.552,0.0,0.0,0.0,0.0,0.104,-0.104,973.32
20250907,202509,556,TOKEN,GW-ORION,Failed,AED,2,27.3519,0.0,0.0,0.0,0.0,0.0245,-0.0245,100.45
20250907,202509,166,CARD,GW-ORION,Success,SAR,3,144.6507,144.6507,0.0,3.3547,3.3536,2.032,1.3226999999999998,542.44
20250908,202509,190,BNPL,GW-ATLAS,Voided,SAR,1,55.16,0.0,0.0,0.0,0.0,0.0213,-0.0213,206.85
20250908,202509,304,LDEBIT,GW-NIMBUS,Success,SAR,12,147.4453,147.4453,0.0,2.1973,2.1983,1.2027,0.9945999999999996,552.92
20250908,202509,97,LDEBIT,GW-NIMBUS,Failed,AED,1,11.7059,0.0,0.0,0.0,0.0,0.0163,-0.0163,42.99
20250908,202509,429,TOKEN,GW-NILE,Refunded,EGP,1,24.0109,0.0,24.0109,0.0,0.0,0.15,-0.15,1222.96
20250908,202509,654,WALLET,GW-NILE,Failed,EGP,1,7.0722,0.0,0.0,0.0,0.0,0.008,-0.008,360.21
20250909,202509,532,LDEBIT,GW-NIMBUS,Success,SAR,18,805.648,805.648,0.0,10.0107,10.0095,4.4347,5.576,3021.18
20250909,202509,760,CARD,GW-ATLAS,Success,OMR,447,9131.1313,9131.1313,0.0,163.7711,163.7636,166.2159,-2.444800000000015,3510.92
20250909,202509,858,CARD,GW-ORION,Voided,SAR,1,46.1493,0.0,0.0,0.0,0.0,0.0107,-0.0107,173.06
20250909,202509,769,CARD,GW-ORION,Failed,SAR,3,46.6827,0.0,0.0,0.0,0.0,0.0373,-0.0373,175.06
20250909,202509,53,LDEBIT,GW-NIMBUS,Success,OMR,3,140.9883,140.9883,0.0,1.7945,1.7959,0.7802,1.0143,54.21
20250909,202509,364,TOKEN,GW-ORION,Failed,SAR,1,10.8453,0.0,0.0,0.0,0.0,0.0107,-0.0107,40.67
20250909,202509,184,CARD,GW-NILE,Success,EGP,320,1362.4558,1362.4558,0.0,62.7371,62.737,33.5139,29.2232,69394.64
20250909,202509,611,BNPL,GW-ATLAS,Success,SAR,5,231.4293,231.4293,0.0,10.656,10.655,8.0987,2.557300000000001,867.86
20250909,202509,504,CARD,GW-ORION,Success,SAR,14,156.656,156.656,0.0,4.904,4.9028,2.84,2.064,587.46
20250910,202509,545,TOKEN,GW-ATLAS,Failed,EGP,2,63.8517,0.0,0.0,0.0,0.0,0.0401,-0.0401,3252.19
20250910,202509,507,CARD,GW-NILE,Failed,EGP,1,67.0869,0.0,0.0,0.0,0.0,0.008,-0.008,3416.97
20250910,202509,180,BNPL,GW-ATLAS,Success,AED,34,2029.8244,2029.8244,0.0,85.759,85.7601,70.8319,14.927099999999996,7454.53
20250910,202509,585,CARD,GW-NIMBUS,Refunded,AED,1,48.9176,0.0,48.9176,0.0,0.0,0.1498,-0.1498,179.65
20250910,202509,285,TOKEN,GW-ATLAS,Failed,SAR,13,677.2267,0.0,0.0,0.0,0.0,0.2613,-0.2613,2539.6
20250910,202509,66,LDEBIT,GW-NILE,Refunded,EGP,1,4.0865,0.0,4.0865,0.0,0.0,0.15,-0.15,208.14
20250910,202509,868,WALLET,GW-NILE,Success,EGP,1,22.5115,22.5115,0.0,0.5012,0.5012,0.2173,0.2839,1146.59
20250911,202509,171,TOKEN,GW-NILE,Refunded,EGP,2,157.9897,0.0,157.9897,0.0,0.0,0.3,-0.3,8046.97
20250911,202509,534,CARD,GW-ORION,Failed,SAR,70,2294.9893,0.0,0.0,0.0,0.0,0.84,-0.84,8606.21
20250911,202509,142,LDEBIT,GW-NIMBUS,Voided,SAR,1,23.2293,0.0,0.0,0.0,0.0,0.016,-0.016,87.11
20250911,202509,359,LDEBIT,GW-NIMBUS,Success,SAR,14,143.0133,143.0133,0.0,2.4507,2.451,1.2747,1.176,536.3
20250911,202509,170,TOKEN,GW-ATLAS,Success,EGP,23,695.8049,695.8049,0.0,18.554,18.554,12.2226,6.331399999999999,35439.78
20250911,202509,152,CARD,GW-ORION,Refunded,AED,20,547.9074,0.0,547.9074,0.0,0.0,3.0007,-3.0007,2012.19
20250912,202509,202,TOKEN,GW-ATLAS,Success,SAR,7,96.0453,96.0453,0.0,3.1333,3.1333,1.9707,1.1626000000000003,360.17
20250912,202509,71,CARD,GW-ORION,Refunded,SAR,1,13.384,0.0,13.384,0.0,0.0,0.1493,-0.1493,50.19
20250912,202509,813,LDEBIT,GW-NIMBUS,Failed,SAR,1,13.4427,0.0,0.0,0.0,0.0,0.016,-0.016,50.41
20250912,202509,827,BNPL,GW-ATLAS,Refunded,SAR,1,19.4373,0.0,19.4373,0.0,0.0,0.1493,-0.1493,72.89
20250912,202509,641,CARD,GW-NIMBUS,Failed,AED,6,230.9489,0.0,0.0,0.0,0.0,0.0899,-0.0899,848.16
20250912,202509,348,TOKEN,GW-ATLAS,Voided,EGP,1,6.5617,0.0,0.0,0.0,0.0,0.02,-0.02,334.21
20250912,202509,764,LDEBIT,GW-NIMBUS,Failed,OMR,3,25.6177,0.0,0.0,0.0,0.0,0.052,-0.052,9.85
20250912,202509,357,CARD,GW-ATLAS,Voided,EGP,2,14.556,0.0,0.0,0.0,0.0,0.0401,-0.0401,741.39
20250912,202509,709,CARD,GW-ORION,Failed,SAR,7,118.8293,0.0,0.0,0.0,0.0,0.0853,-0.0853,445.61
20250912,202509,250,LDEBIT,GW-NIMBUS,Success,AED,16,189.307,189.307,0.0,3.0334,3.0345,1.5711,1.4623,695.23
20250912,202509,580,LDEBIT,GW-NIMBUS,Success,SAR,3,331.584,331.584,0.0,4.024,4.0253,1.6267,2.3973,1243.44
20250912,202509,15,TOKEN,GW-NIMBUS,Success,AED,72,783.2784,783.2784,0.0,24.7842,24.7846,15.646,9.138199999999998,2876.59
20250913,202509,191,LDEBIT,GW-NIMBUS,Voided,SAR,1,11.648,0.0,0.0,0.0,0.0,0.016,-0.016,43.68
20250913,202509,216,LDEBIT,GW-NIMBUS,Failed,OMR,1,191.4434,0.0,0.0,0.0,0.0,0.026,-0.026,73.61
20250913,202509,55,LDEBIT,GW-NIMBUS,Success,SAR,15,762.0267,762.0267,0.0,9.4747,9.4745,4.104,5.3707,2857.6
20250913,202509,446,CARD,GW-NIMBUS,Failed,OMR,18,694.9805,0.0,0.0,0.0,0.0,0.2601,-0.2601,267.22
20250913,202509,317,WALLET,GW-NILE,Success,EGP,5,119.7587,119.7587,0.0,2.4069,2.4069,1.145,1.2618999999999998,6099.73
20250914,202509,819,CARD,GW-ORION,Refunded,AED,3,159.8829,0.0,159.8829,0.0,0.0,0.4493,-0.4493,587.17
20250914,202509,86,CARD,GW-NILE,Failed,EGP,5,39.6069,0.0,0.0,0.0,0.0,0.0401,-0.0401,2017.32
20250914,202509,37,LDEBIT,GW-NIMBUS,Failed,OMR,1,21.4564,0.0,0.0,0.0,0.0,0.026,-0.026,8.25
20250915,202509,131,LDEBIT,GW-NIMBUS,Voided,SAR,2,62.1707,0.0,0.0,0.0,0.0,0.0293,-0.0293,233.14
20250915,202509,717,CARD,GW-ORION,Success,SAR,7,266.8,266.8,0.0,6.5867,6.5859,3.8373,2.7494000000000005,1000.5
20250915,202509,409,WALLET,GW-NILE,Failed,EGP,9,154.1806,0.0,0.0,0.0,0.0,0.0721,-0.0721,7852.96
20250915,202509,311,TOKEN,GW-ATLAS,Success,EGP,7,196.0344,196.0344,0.0,5.2987,5.2987,3.482,1.8167,9984.72
20250915,202509,350,TOKEN,GW-ORION,Success,SAR,20,613.6507,613.6507,0.0,17.4347,17.4351,9.352,8.082699999999999,2301.19
20250915,202509,200,LDEBIT,GW-NIMBUS,Success,AED,156,5917.7509,5917.7509,0.0,46.1157,46.1149,33.6501,12.465599999999997,21732.94
20250915,202509,679,CARD,GW-NILE,Refunded,EGP,6,152.0025,0.0,152.0025,0.0,0.0,0.9,-0.9,7742.02
20250916,202509,333,TOKEN,GW-ATLAS,Success,AED,1,62.1103,62.1103,0.0,1.6773,1.6764,1.0129,0.6644000000000001,228.1
20250916,202509,563,CARD,GW-NIMBUS,Failed,AED,1,34.2737,0.0,0.0,0.0,0.0,0.0163,-0.0163,125.87
20250916,202509,132,LDEBIT,GW-NIMBUS,Success,SAR,7,90.568,90.568,0.0,1.4747,1.4741,0.7227,0.7519999999999999,339.63
20250916,202509,739,TOKEN,GW-ORION,Failed,SAR,2,87.7253,0.0,0.0,0.0,0.0,0.024,-0.024,328.97
20250916,202509,375,WALLET,GW-NILE,Failed,EGP,8,208.9091,0.0,0.0,0.0,0.0,0.064,-0.064,10640.47
20250916,202509,630,LDEBIT,GW-NILE,Success,EGP,76,1993.4888,1993.4888,0.0,19.6407,19.6408,10.7336,8.9071,101535.36
20250916,202509,641,TOKEN,GW-ORION,Success,AED,8,268.7515,268.7515,0.0,6.712,6.7125,4.0517,2.6602999999999994,986.99
20250916,202509,679,BNPL,GW-ATLAS,Voided,EGP,1,27.9372,0.0,0.0,0.0,0.0,0.02,-0.02,1422.94
20250917,202509,369,CARD,GW-ORION,Refunded,SAR,2,796.5067,0.0,796.5067,0.0,0.0,0.2987,-0.2987,2986.9
20250917,202509,350,TOKEN,GW-ORION,Failed,SAR,1,27.5707,0.0,0.0,0.0,0.0,0.0107,-0.0107,103.39
20250917,202509,129,TOKEN,GW-NIMBUS,Success,AED,1,553.6964,553.6964,0.0,12.8305,12.8295,7.8176,5.012900000000001,2033.45
20250917,202509,202,TOKEN,GW-ATLAS,Failed,SAR,1,9.744,0.0,0.0,0.0,0.0,0.0213,-0.0213,36.54
20250917,202509,412,LDEBIT,GW-NIMBUS,Success,SAR,5,353.848,353.848,0.0,4.3627,4.3626,1.816,2.5467000000000004,1326.93
20250917,202509,580,CARD,GW-ORION,Success,SAR,10,923.5733,923.5733,0.0,23.0773,23.0772,12.4347,10.642600000000002,3463.4
20250917,202509,579,LDEBIT,GW-NILE,Success,EGP,2,27.368,27.368,0.0,0.4021,0.4021,0.1808,0.2213,1393.95
20250917,202509,625,LDEBIT,GW-NIMBUS,Success,SAR,8,214.8373,214.8373,0.0,2.9387,2.9376,1.328,1.6106999999999998,805.64
20250917,202509,432,CARD,GW-ORION,Refunded,AED,6,803.7903,0.0,803.7903,0.0,0.0,0.9013,-0.9013,2951.92
20250917,202509,482,LDEBIT,GW-NIMBUS,Failed,SAR,1,197.1973,0.0,0.0,0.0,0.0,0.016,-0.016,739.49
20250917,202509,26,CARD,GW-ATLAS,Failed,AED,7,2629.8897,0.0,0.0,0.0,0.0,0.1389,-0.1389,9658.27
20250918,202509,514,CARD,GW-NIMBUS,Success,SAR,1,318.2613,318.2613,0.0,7.12,7.1208,4.3627,2.7573,1193.48
20250918,202509,564,LDEBIT,GW-NIMBUS,Failed,SAR,3,33.032,0.0,0.0,0.0,0.0,0.0453,-0.0453,123.87
20250918,202509,289,TOKEN,GW-ATLAS,Voided,EGP,1,40.0004,0.0,0.0,0.0,0.0,0.02,-0.02,2037.36
20250918,202509,223,CARD,GW-NIMBUS,Failed,AED,16,182.437,0.0,0.0,0.0,0.0,0.2396,-0.2396,670.0
20250918,202509,781,TOKEN,GW-ORION,Refunded,AED,1,10.1784,0.0,10.1784,0.0,0.0,0.1498,-0.1498,37.38
20250918,202509,762,CARD,GW-ORION,Failed,AED,2,32.5909,0.0,0.0,0.0,0.0,0.0245,-0.0245,119.69
20250918,202509,170,CARD,GW-NILE,Success,EGP,75,2252.1566,2252.1566,0.0,58.9844,58.9843,31.3387,27.6457,114710.22
20250918,202509,245,WALLET,GW-NILE,Failed,EGP,2,15.1201,0.0,0.0,0.0,0.0,0.0159,-0.0159,770.12
20250918,202509,806,TOKEN,GW-ORION,Failed,SAR,3,406.4987,0.0,0.0,0.0,0.0,0.0373,-0.0373,1524.37
20250918,202509,877,LDEBIT,GW-NIMBUS,Failed,SAR,1,34.5387,0.0,0.0,0.0,0.0,0.016,-0.016,129.52
20250918,202509,230,TOKEN,GW-ORION,Success,AED,2,107.3247,107.3247,0.0,2.8264,2.8252,1.5466,1.2798,394.15
20250918,202509,705,LDEBIT,GW-NIMBUS,Refunded,SAR,1,53.4427,0.0,53.4427,0.0,0.0,0.1493,-0.1493,200.41
20250918,202509,453,CARD,GW-NILE,Success,EGP,7,588.6346,588.6346,0.0,14.3564,14.3563,7.5229,6.833500000000001,29981.22
20250918,202509,541,CARD,GW-ATLAS,Refunded,EGP,18,345.2135,0.0,345.2135,0.0,0.0,2.7,-2.7,17582.93
20250918,202509,679,WALLET,GW-NILE,Failed,EGP,9,251.4349,0.0,0.0,0.0,0.0,0.0721,-0.0721,12806.46
20250918,202509,400,CARD,GW-NIMBUS,Failed,SAR,18,425.184,0.0,0.0,0.0,0.0,0.2693,-0.2693,1594.44
20250919,202509,169,WALLET,GW-NILE,Success,EGP,22,1614.7524,1614.7524,0.0,21.2508,21.2509,13.8494,7.401400000000002,82244.99
20250919,202509,309,CARD,GW-ORION,Success,AED,29,420.0136,420.0136,0.0,13.5031,13.5033,7.1096,6.3935,1542.5
20250919,202509,573,WALLET,GW-NILE,Success,EGP,1,57.9636,57.9636,0.0,1.0912,1.0911,0.5046,0.5865999999999999,2952.29
20250919,202509,67,TOKEN,GW-ATLAS,Success,SAR,6,80.6667,80.6667,0.0,2.536,2.5362,1.664,0.8720000000000001,302.5
20250919,202509,635,TOKEN,GW-ORION,Failed,AED,1,344.4329,0.0,0.0,0.0,0.0,0.0109,-0.0109,1264.93
20250920,202509,11,CARD,GW-ORION,Success,SAR,218,4793.8587,4793.8587,0.0,80.2693,80.2693,74.4293,5.840000000000003,17976.97
20250920,202509,449,WALLET,GW-NILE,Success,EGP,5,181.3284,181.3284,0.0,3.6408,3.6408,1.6437,1.9971,9235.69
20250920,202509,706,CARD,GW-ORION,Failed,SAR,13,175.9707,0.0,0.0,0.0,0.0,0.1547,-0.1547,659.89
20250920,202509,327,CARD,GW-NIMBUS,Success,SAR,159,5421.9627,5421.9627,0.0,135.2373,135.2374,83.5307,51.70660000000001,20332.36
20250920,202509,20,CARD,GW-ORION,Success,AED,28,794.1729,794.1729,0.0,21.5548,21.5554,11.8475,9.7073,2916.6
20250920,202509,334,LDEBIT,GW-NIMBUS,Failed,OMR,1,62.9649,0.0,0.0,0.0,0.0,0.026,-0.026,24.21
20250920,202509,308,CARD,GW-ATLAS,Success,OMR,5,1025.9298,1025.9298,0.0,25.0195,25.0095,15.3186,9.7009,394.47
20250920,202509,461,TOKEN,GW-NILE,Success,EGP,6,38.4839,38.4839,0.0,1.4274,1.4274,0.8028,0.6246,1960.12
20250920,202509,534,TOKEN,GW-NIMBUS,Success,SAR,139,4718.3733,4718.3733,0.0,101.544,101.5444,75.0933,26.4507,17693.9
20250920,202509,209,CARD,GW-NILE,Success,EGP,7,226.5853,226.5853,0.0,5.891,5.8911,3.1241,2.7669,11540.78
20250921,202509,126,TOKEN,GW-NIMBUS,Success,OMR,9,106.8661,106.8661,0.0,3.6931,3.6893,2.0806,1.6124999999999998,41.09
20250921,202509,740,LDEBIT,GW-NIMBUS,Voided,SAR,1,229.4693,0.0,0.0,0.0,0.0,0.016,-0.016,860.51
20250921,202509,479,TOKEN,GW-ATLAS,Voided,OMR,3,30.3511,0.0,0.0,0.0,0.0,0.052,-0.052,11.67
20250921,202509,162,WALLET,GW-NILE,Failed,EGP,19,346.2022,0.0,0.0,0.0,0.0,0.152,-0.152,17633.29
20250921,202509,417,LDEBIT,GW-NILE,Success,EGP,1630,13420.9512,13420.9512,0.0,153.2977,153.2977,111.4049,41.8928,683576.02
20250921,202509,75,LDEBIT,GW-NILE,Success,EGP,4,56.3835,56.3835,0.0,0.8558,0.8559,0.3683,0.4875,2871.81
20250921,202509,555,CARD,GW-ORION,Failed,AED,5,4643.6569,0.0,0.0,0.0,0.0,0.0599,-0.0599,17053.83
20250922,202509,658,CARD,GW-NIMBUS,Failed,SAR,2,4014.1893,0.0,0.0,0.0,0.0,0.0293,-0.0293,15053.21
20250922,202509,443,CARD,GW-ORION,Failed,SAR,9,158.5173,0.0,0.0,0.0,0.0,0.1067,-0.1067,594.44
20250922,202509,739,LDEBIT,GW-NIMBUS,Refunded,SAR,1,53.2,0.0,53.2,0.0,0.0,0.1493,-0.1493,199.5
20250922,202509,61,CARD,GW-NILE,Refunded,EGP,5,797.9412,0.0,797.9412,0.0,0.0,0.75,-0.75,40641.94
20250922,202509,220,CARD,GW-NILE,Failed,EGP,5,158.2026,0.0,0.0,0.0,0.0,0.0401,-0.0401,8057.81
20250922,202509,51,CARD,GW-NIMBUS,Failed,OMR,2,304.6034,0.0,0.0,0.0,0.0,0.026,-0.026,117.12
20250922,202509,807,CARD,GW-NILE,Success,EGP,1,4.491,4.491,0.0,0.2109,0.2109,0.1076,0.1033,228.74
20250923,202509,409,LDEBIT,GW-NILE,Voided,EGP,1,17.1312,0.0,0.0,0.0,0.0,0.008,-0.008,872.55
20250923,202509,645,LDEBIT,GW-NILE,Success,EGP,9,126.837,126.837,0.0,1.9255,1.9255,0.8287,1.0968,6460.25
20250923,202509,120,CARD,GW-ORION,Voided,SAR,6,458.8053,0.0,0.0,0.0,0.0,0.072,-0.072,1720.52
20250923,202509,132,LDEBIT,GW-NIMBUS,Failed,SAR,1,14.5387,0.0,0.0,0.0,0.0,0.016,-0.016,54.52
20250923,202509,463,TOKEN,GW-ORION,Failed,AED,1,64.1688,0.0,0.0,0.0,0.0,0.0109,-0.0109,235.66
20250924,202509,327,CARD,GW-NIMBUS,Voided,SAR,4,134.1893,0.0,0.0,0.0,0.0,0.0587,-0.0587,503.21
20250924,202509,353,TOKEN,GW-NIMBUS,Success,OMR,2,97.7113,97.7113,0.0,2.2887,2.2988,1.5085,0.7802,37.57
20250924,202509,385,CARD,GW-NILE,Success,EGP,12,626.7696,626.7696,0.0,15.6318,15.6318,8.2513,7.3805,31923.57
20250924,202509,147,CARD,GW-NIMBUS,Refunded,AED,2,568.1498,0.0,568.1498,0.0,0.0,0.2995,-0.2995,2086.53
20250924,202509,269,TOKEN,GW-ATLAS,Failed,EGP,1,17.8158,0.0,0.0,0.0,0.0,0.02,-0.02,907.42
20250924,202509,133,BANKTR,GW-NILE,Success,EGP,3,6444.9168,6444.9168,0.0,14.9232,14.9232,3.8692,11.053999999999998,328262.17
20250924,202509,197,WALLET,GW-NILE,Success,EGP,4,25.4663,25.4663,0.0,0.6895,0.6895,0.3463,0.3432,1297.09
20250924,202509,385,WALLET,GW-NILE,Success,EGP,3,164.358,164.358,0.0,3.1749,3.175,1.4364,1.7385000000000002,8371.33
20250925,202509,455,BNPL,GW-ATLAS,Voided,SAR,1,15.992,0.0,0.0,0.0,0.0,0.0213,-0.0213,59.97
20250925,202509,577,CARD,GW-ORION,Failed,AED,6,240.1307,0.0,0.0,0.0,0.0,0.0708,-0.0708,881.88
20250925,202509,239,TOKEN,GW-ATLAS,Success,OMR,15,106.71,106.71,0.0,4.2133,4.2086,2.7308,1.4825000000000004,41.03
20250925,202509,776,CARD,GW-NILE,Failed,EGP,1,10.7758,0.0,0.0,0.0,0.0,0.008,-0.008,548.85
20250925,202509,582,LDEBIT,GW-NIMBUS,Success,OMR,33,1136.0208,1136.0208,0.0,8.3225,13.8736,6.606,1.7165,436.8
20250925,202509,2,CARD,GW-NIMBUS,Success,AED,21,1566.0722,1566.0722,0.0,35.4581,35.4573,22.5078,12.950300000000002,5751.4
20250925,202509,289,CARD,GW-ATLAS,Failed,EGP,1,40.0004,0.0,0.0,0.0,0.0,0.02,-0.02,2037.36
20250925,202509,775,LDEBIT,GW-NILE,Success,EGP,66,333.3066,333.3066,0.0,6.943,6.943,3.6599,3.2831,16976.47
20250925,202509,406,TOKEN,GW-ORION,Success,SAR,1,16.4747,16.4747,0.0,0.528,0.5292,0.2773,0.2507,61.78
20250926,202509,78,CARD,GW-NILE,Success,EGP,6,35.7368,35.7368,0.0,1.4456,1.4455,0.7522,0.6934,1820.2
20250926,202509,619,WALLET,GW-NILE,Refunded,EGP,11,184.841,0.0,184.841,0.0,0.0,1.65,-1.65,9414.6
20250926,202509,588,LDEBIT,GW-NILE,Failed,EGP,1,31.9566,0.0,0.0,0.0,0.0,0.008,-0.008,1627.66
20250926,202509,770,LDEBIT,GW-NIMBUS,Success,OMR,87,2249.883,2249.883,0.0,21.9506,21.941,14.0442,7.906400000000001,865.08
20250926,202509,606,LDEBIT,GW-NILE,Success,EGP,7,172.1162,172.1162,0.0,2.2072,2.2071,0.942,1.2652,8766.48
20250926,202509,513,CARD,GW-NIMBUS,Success,OMR,41,1068.9727,1068.9727,0.0,27.2042,27.2024,17.0871,10.1171,411.02
20250926,202509,375,CARD,GW-ATLAS,Success,EGP,242,6242.1139,6242.1139,0.0,112.3041,112.3041,108.9181,3.38600000000001,317932.71
20250927,202509,152,CARD,GW-ORION,Failed,AED,49,1263.5235,0.0,0.0,0.0,0.0,0.5882,-0.5882,4640.29
20250927,202509,42,TOKEN,GW-ORION,Success,SAR,17,165.3173,165.3173,0.0,5.768,5.7691,3.2107,2.5573,619.94
20250927,202509,557,TOKEN,GW-ORION,Failed,SAR,2,91.592,0.0,0.0,0.0,0.0,0.024,-0.024,343.47
20250927,202509,403,CARD,GW-NIMBUS,Voided,SAR,6,109.432,0.0,0.0,0.0,0.0,0.0907,-0.0907,410.37
20250927,202509,534,CARD,GW-ORION,Success,SAR,464,15543.6373,15543.6373,0.0,328.4267,328.4262,226.8773,101.5494,58288.64
20250927,202509,630,CARD,GW-ATLAS,Voided,EGP,5,136.3478,0.0,0.0,0.0,0.0,0.0999,-0.0999,6944.67
20250927,202509,822,WALLET,GW-NILE,Success,EGP,3,60.74,60.74,0.0,1.3241,1.324,0.5971,0.7270000000000001,3093.7
20250927,202509,180,CARD,GW-ORION,Voided,AED,3,180.049,0.0,0.0,0.0,0.0,0.0354,-0.0354,661.23
20250927,202509,582,TOKEN,GW-NIMBUS,Voided,OMR,1,34.3043,0.0,0.0,0.0,0.0,0.026,-0.026,13.19
20250928,202509,689,LDEBIT,GW-NIMBUS,Success,SAR,8,76.4587,76.4587,0.0,1.3493,1.3492,0.704,0.6453,286.72
20250928,202509,91,TOKEN,GW-ATLAS,Refunded,OMR,1,55.6827,0.0,55.6827,0.0,0.0,0.156,-0.156,21.41
20250928,202509,220,TOKEN,GW-NILE,Success,EGP,15,440.6962,440.6962,0.0,11.1512,11.1512,6.3477,4.8035,22446.2
20250928,202509,553,CARD,GW-ATLAS,Success,EGP,6,346.1099,346.1099,0.0,9.0508,9.0509,5.4903,3.5605,17628.59
20250928,202509,101,LDEBIT,GW-NILE,Success,EGP,2,147.1248,147.1248,0.0,1.8067,1.8068,0.6658,1.1409,7493.58
20250928,202509,120,LDEBIT,GW-NIMBUS,Failed,SAR,7,535.272,0.0,0.0,0.0,0.0,0.104,-0.104,2007.27
20250928,202509,620,BANKTR,GW-NILE,Failed,EGP,1,88.1642,0.0,0.0,0.0,0.0,0.008,-0.008,4490.51
20250929,202509,180,BNPL,GW-ATLAS,Success,AED,30,1674.6957,1674.6957,0.0,70.7556,70.7559,58.4779,12.277700000000005,6150.32
20250929,202509,248,TOKEN,GW-NIMBUS,Failed,SAR,1,11.848,0.0,0.0,0.0,0.0,0.016,-0.016,44.43
20250929,202509,463,CARD,GW-NIMBUS,Failed,AED,3,192.5092,0.0,0.0,0.0,0.0,0.0463,-0.0463,706.99
20250929,202509,837,TOKEN,GW-ORION,Failed,AED,1,21.1872,0.0,0.0,0.0,0.0,0.0109,-0.0109,77.81
20250929,202509,668,CARD,GW-ORION,Success,AED,31,407.8829,407.8829,0.0,12.885,12.8851,7.0742,5.8108,1497.95
20250930,202509,377,CARD,GW-ATLAS,Success,OMR,5,67.1782,67.1782,0.0,2.0286,2.0303,1.3524,0.6761999999999999,25.83
20250930,202509,409,CARD,GW-NILE,Voided,EGP,1,17.1312,0.0,0.0,0.0,0.0,0.008,-0.008,872.55
20250930,202509,120,LDEBIT,GW-NIMBUS,Success,SAR,330,25236.7733,25236.7733,0.0,221.0933,221.0929,128.416,92.6773,94637.9
20250930,202509,708,CARD,GW-NILE,Success,EGP,19,1890.4116,1890.4116,0.0,44.6421,44.6422,23.9756,20.6665,96285.28
20250930,202509,64,BNPL,GW-NILE,Failed,EGP,2,166.4317,0.0,0.0,0.0,0.0,0.0159,-0.0159,8476.95
20250930,202509,23,BNPL,GW-ATLAS,Success,SAR,50,603.3707,603.3707,0.0,27.8507,27.8516,21.8533,5.997399999999999,2262.64
20250930,202509,152,LDEBIT,GW-NIMBUS,Voided,AED,7,180.5037,0.0,0.0,0.0,0.0,0.1062,-0.1062,662.9
20250930,202509,102,CARD,GW-NIMBUS,Success,SAR,3,1496.0613,1496.0613,0.0,34.2907,34.2905,20.392,13.898700000000002,5610.23
20251001,202510,166,CARD,GW-ORION,Success,SAR,3,270.5813,270.5813,0.0,6.0107,6.012,3.648,2.3627,1014.68
20251001,202510,637,LDEBIT,GW-NIMBUS,Refunded,SAR,3,125.8133,0.0,125.8133,0.0,0.0,0.4507,-0.4507,471.8
20251001,202510,107,CARD,GW-ATLAS,Success,OMR,4,290.5332,290.5332,0.0,6.814,6.8234,4.5254,2.2886,111.71
20251001,202510,46,TOKEN,GW-ATLAS,Failed,EGP,8,65.3046,0.0,0.0,0.0,0.0,0.1601,-0.1601,3287.74
20251001,202510,742,TOKEN,GW-ORION,Failed,SAR,1,258.0027,0.0,0.0,0.0,0.0,0.0107,-0.0107,967.51
20251001,202510,504,BNPL,GW-ATLAS,Success,SAR,7,72.7573,72.7573,0.0,3.2533,3.2537,2.6533,0.5999999999999996,272.84
20251001,202510,839,WALLET,GW-NILE,Failed,EGP,4,92.1904,0.0,0.0,0.0,0.0,0.032,-0.032,4641.3
20251001,202510,552,CARD,GW-ORION,Failed,SAR,10,160.8453,0.0,0.0,0.0,0.0,0.12,-0.12,603.17
20251001,202510,285,CARD,GW-NIMBUS,Success,SAR,1856,96749.1493,96749.1493,0.0,1676.7813,1676.7809,1426.7547,250.02660000000012,362809.31
20251002,202510,170,TOKEN,GW-ATLAS,Refunded,EGP,1,19.7018,0.0,19.7018,0.0,0.0,0.15,-0.15,991.88
20251002,202510,637,CARD,GW-ATLAS,Success,SAR,920,38145.7813,38145.7813,0.0,591.1253,591.126,624.2453,-33.120000000000005,143046.68
20251002,202510,54,CARD,GW-ORION,Success,SAR,242,8233.6987,8233.6987,0.0,136.6587,136.658,119.9547,16.704000000000008,30876.37
20251002,202510,339,LDEBIT,GW-NIMBUS,Success,SAR,8,239.7147,239.7147,0.0,2.944,2.9434,1.44,1.504,898.93
20251002,202510,159,WALLET,GW-NILE,Success,EGP,71,1274.2309,1274.2309,0.0,28.3684,28.3684,12.8063,15.5621,64150.77
20251003,202510,474,CARD,GW-ATLAS,Failed,EGP,2,45.9975,0.0,0.0,0.0,0.0,0.0399,-0.0399,2315.73
20251003,202510,513,LDEBIT,GW-NIMBUS,Success,OMR,18,505.3576,505.3576,0.0,6.2419,6.2451,3.0949,3.147,194.31
20251003,202510,162,LDEBIT,GW-NILE,Success,EGP,323,5756.0174,5756.0174,0.0,53.5318,53.5318,34.617,18.9148,289784.97
20251003,202510,774,LDEBIT,GW-NIMBUS,Success,AED,1,22.3063,22.3063,0.0,0.305,0.3044,0.1443,0.1606999999999999,81.92
20251003,202510,455,TOKEN,GW-ATLAS,Success,SAR,118,1896.8373,1896.8373,0.0,33.8373,33.8377,37.4133,-3.5760000000000005,7113.14
20251003,202510,650,CARD,GW-ORION,Refunded,AED,1,21.4432,0.0,21.4432,0.0,0.0,0.1498,-0.1498,78.75
20251003,202510,504,CARD,GW-ORION,Failed,SAR,3,38.328,0.0,0.0,0.0,0.0,0.0373,-0.0373,143.73
20251003,202510,482,LDEBIT,GW-NIMBUS,Success,SAR,2,405.8133,405.8133,0.0,4.5307,4.5315,1.9173,2.6134000000000004,1521.8
20251004,202510,46,TOKEN,GW-ATLAS,Success,EGP,47,373.4183,373.4183,0.0,13.6433,13.6434,9.1241,4.5192,18799.63
20251004,202510,516,TOKEN,GW-ORION,Failed,SAR,3,104.312,0.0,0.0,0.0,0.0,0.0373,-0.0373,391.17
20251004,202510,315,LDEBIT,GW-NIMBUS,Voided,SAR,1,13.648,0.0,0.0,0.0,0.0,0.016,-0.016,51.18
20251004,202510,184,WALLET,GW-NILE,Success,EGP,102,409.464,409.464,0.0,12.4909,12.4908,6.8867,5.6042,20614.34
20251004,202510,764,TOKEN,GW-ATLAS,Success,OMR,13,109.7269,109.7269,0.0,3.8231,3.8317,2.6268,1.1963000000000004,42.19
20251004,202510,455,BNPL,GW-ATLAS,Success,SAR,88,1384.584,1384.584,0.0,36.192,36.193,49.6107,-13.4187,5192.19
20251004,202510,847,LDEBIT,GW-NIMBUS,Success,OMR,1,36.0468,36.0468,0.0,0.4681,0.4636,0.2081,0.26,13.86
20251004,202510,196,LDEBIT,GW-NILE,Success,EGP,6,87.5326,87.5326,0.0,1.2589,1.259,0.5645,0.6943999999999999,4406.8
20251004,202510,360,CARD,GW-NILE,Success,EGP,22,183.1935,183.1935,0.0,6.2394,6.2394,3.3918,2.8476,9222.82
20251004,202510,289,BNPL,GW-NILE,Failed,EGP,1,40.0002,0.0,0.0,0.0,0.0,0.0079,-0.0079,2013.8
20251005,202510,813,LDEBIT,GW-NIMBUS,Failed,SAR,2,26.888,0.0,0.0,0.0,0.0,0.0293,-0.0293,100.83
20251005,202510,429,TOKEN,GW-NILE,Success,EGP,24,619.462,619.462,0.0,17.4219,17.422,9.0772,8.344700000000001,31186.63
20251005,202510,534,LDEBIT,GW-NIMBUS,Refunded,SAR,6,231.8053,0.0,231.8053,0.0,0.0,0.8987,-0.8987,869.27
20251005,202510,541,LDEBIT,GW-NILE,Refunded,EGP,8,227.3818,0.0,227.3818,0.0,0.0,1.1999,-1.1999,11447.47
20251005,202510,879,TOKEN,GW-NIMBUS,Success,AED,10,259.0279,259.0279,0.0,7.6079,7.6086,4.2777,3.3302,951.28
20251005,202510,308,CARD,GW-ATLAS,Refunded,OMR,1,258.2575,0.0,258.2575,0.0,0.0,0.156,-0.156,99.3
20251005,202510,344,LDEBIT,GW-NILE,Success,EGP,2,27.4027,27.4027,0.0,0.4253,0.4252,0.181,0.2443,1379.58
20251005,202510,184,WALLET,GW-NILE,Success,EGP,112,466.0653,466.0653,0.0,14.0124,14.0125,7.6951,6.3173,23463.92
20251005,202510,277,TOKEN,GW-NILE,Success,EGP,14,87.9135,87.9135,0.0,3.4017,3.4018,1.8496,1.5521,4425.98
20251006,202510,160,CARD,GW-NIMBUS,Failed,SAR,2,169.6933,0.0,0.0,0.0,0.0,0.0293,-0.0293,636.35
20251006,202510,545,WALLET,GW-NILE,Failed,EGP,1,31.9259,0.0,0.0,0.0,0.0,0.0079,-0.0079,1607.3
20251006,202510,401,CARD,GW-NILE,Failed,EGP,1,28.7566,0.0,0.0,0.0,0.0,0.0079,-0.0079,1447.74
20251006,202510,546,TOKEN,GW-NILE,Success,EGP,1,182.6329,182.6329,0.0,4.3699,4.37,2.3542,2.0157000000000003,9194.6
20251006,202510,61,CARD,GW-NILE,Success,EGP,58,8190.9939,8190.9939,0.0,137.9349,137.9349,102.5945,35.3404,412373.13
20251006,202510,233,CARD,GW-ATLAS,Success,EGP,2,255.868,255.868,0.0,5.975,5.9749,3.8785,2.0965,12881.6
20251006,202510,699,CARD,GW-NIMBUS,Success,SAR,38,531.9093,531.9093,0.0,16.1013,16.1016,9.6507,6.450599999999998,1994.66
20251006,202510,863,LDEBIT,GW-NILE,Success,EGP,131,4199.9883,4199.9883,0.0,36.93,36.9299,21.5949,15.3351,211447.15
20251006,202510,483,TOKEN,GW-ATLAS,Voided,EGP,2,16.9162,0.0,0.0,0.0,0.0,0.0399,-0.0399,851.64
20251006,202510,449,BNPL,GW-ATLAS,Failed,EGP,3,104.6642,0.0,0.0,0.0,0.0,0.06,-0.06,5269.29
20251007,202510,604,CARD,GW-NIMBUS,Voided,SAR,5,177.04,0.0,0.0,0.0,0.0,0.0747,-0.0747,663.9
20251007,202510,235,CARD,GW-NIMBUS,Success,AED,13,1036.9367,1036.9367,0.0,25.2362,25.2353,14.8428,10.3934,3808.15
20251007,202510,601,TOKEN,GW-ORION,Success,SAR,1,25.816,25.816,0.0,0.7573,0.7569,0.4027,0.3545999999999999,96.81
20251007,202510,743,CARD,GW-ATLAS,Success,SAR,10,485.4747,485.4747,0.0,11.296,11.2969,7.8187,3.4773,1820.53
20251007,202510,196,TOKEN,GW-NILE,Refunded,EGP,1,9.2163,0.0,9.2163,0.0,0.0,0.15,-0.15,463.99
20251007,202510,811,TOKEN,GW-NILE,Failed,EGP,1,7.4139,0.0,0.0,0.0,0.0,0.0079,-0.0079,373.25
20251007,202510,536,TOKEN,GW-NILE,Success,EGP,1,189.2974,189.2974,0.0,4.2835,4.2835,2.4382,1.8453,9530.12
20251007,202510,600,TOKEN,GW-ATLAS,Success,AED,1,13.6828,13.6828,0.0,0.4275,0.4281,0.2805,0.1469999999999999,50.25
20251007,202510,99,CARD,GW-NILE,Failed,EGP,1,26.2413,0.0,0.0,0.0,0.0,0.0079,-0.0079,1321.11
20251007,202510,839,CARD,GW-ATLAS,Voided,EGP,5,115.2381,0.0,0.0,0.0,0.0,0.0999,-0.0999,5801.63
20251007,202510,75,TOKEN,GW-ATLAS,Success,EGP,1,8.9682,8.9682,0.0,0.3192,0.3193,0.2096,0.1095999999999999,451.5
20251007,202510,856,LDEBIT,GW-NIMBUS,Failed,OMR,2,76.697,0.0,0.0,0.0,0.0,0.026,-0.026,29.49
20251008,202510,254,LDEBIT,GW-NILE,Success,EGP,2,30.1124,30.1124,0.0,0.4422,0.4421,0.1919,0.2502999999999999,1516.0
20251008,202510,709,TOKEN,GW-ATLAS,Success,SAR,13,242.4587,242.4587,0.0,6.696,6.6971,4.6267,2.0693,909.22
20251008,202510,180,BNPL,GW-ATLAS,Success,AED,20,1153.2199,1153.2199,0.0,48.7243,48.7235,40.256,8.4683,4235.2
20251008,202510,482,TOKEN,GW-NIMBUS,Success,SAR,2,325.056,325.056,0.0,7.624,7.6243,4.68,2.944,1218.96
20251008,202510,837,BNPL,GW-ATLAS,Success,AED,7,168.0953,168.0953,0.0,7.4418,7.4416,5.9496,1.4921999999999995,617.33
20251008,202510,846,CARD,GW-ORION,Success,SAR,5,161.0027,161.0027,0.0,4.528,4.5275,2.3627,2.1653,603.76
20251008,202510,164,WALLET,GW-NILE,Voided,EGP,1,8.3812,0.0,0.0,0.0,0.0,0.0079,-0.0079,421.95
20251008,202510,243,BANKTR,GW-NIMBUS,Success,SAR,4,3642.472,3642.472,0.0,9.2933,9.2928,3.28,6.013300000000001,13659.27
20251009,202510,247,BANKTR,GW-NIMBUS,Refunded,SAR,3,265.4373,0.0,265.4373,0.0,0.0,0.4507,-0.4507,995.39
20251009,202510,839,CARD,GW-ATLAS,Refunded,EGP,7,160.028,0.0,160.028,0.0,0.0,1.05,-1.05,8056.56
20251009,202510,454,TOKEN,GW-ORION,Failed,AED,1,39.0388,0.0,0.0,0.0,0.0,0.0109,-0.0109,143.37
20251009,202510,139,CARD,GW-NILE,Success,EGP,4,37.3275,37.3275,0.0,1.3229,1.323,0.6656,0.6573,1879.24
20251009,202510,748,BNPL,GW-ATLAS,Refunded,AED,1,63.4118,0.0,63.4118,0.0,0.0,0.1498,-0.1498,232.88
20251009,202510,143,TOKEN,GW-ATLAS,Success,SAR,106,913.0213,913.0213,0.0,30.312,30.3121,21.648,8.664000000000001,3423.83
20251009,202510,760,CARD,GW-ATLAS,Voided,OMR,6,120.078,0.0,0.0,0.0,0.0,0.13,-0.13,46.17
20251009,202510,642,LDEBIT,GW-NIMBUS,Voided,SAR,1,67.0907,0.0,0.0,0.0,0.0,0.016,-0.016,251.59
20251009,202510,585,CARD,GW-NIMBUS,Failed,AED,3,119.5126,0.0,0.0,0.0,0.0,0.0463,-0.0463,438.91
20251009,202510,767,LDEBIT,GW-NILE,Success,EGP,1,44.1759,44.1759,0.0,0.5844,0.5844,0.2139,0.3705,2224.02
20251009,202510,162,TOKEN,GW-NILE,Success,EGP,204,3675.1696,3675.1696,0.0,70.6609,70.6608,57.1192,13.5417,185025.31
20251010,202510,415,TOKEN,GW-ATLAS,Success,AED,1,37.0973,37.0973,0.0,1.0456,1.0447,0.6344,0.4112000000000001,136.24
20251010,202510,43,TOKEN,GW-ATLAS,Success,AED,4,217.0293,217.0293,0.0,5.6256,5.6261,3.5779,2.0477000000000003,797.04
20251010,202510,652,CARD,GW-ORION,Success,SAR,7,1236.1653,1236.1653,0.0,29.6267,29.6263,16.264,13.3627,4635.62
20251010,202510,790,CARD,GW-ATLAS,Voided,EGP,1,5.8078,0.0,0.0,0.0,0.0,0.0201,-0.0201,292.39
20251010,202510,637,CARD,GW-ATLAS,Success,SAR,754,31174.8987,31174.8987,0.0,483.2533,483.2546,510.3253,-27.072000000000003,116905.87
20251010,202510,686,WALLET,GW-NILE,Failed,EGP,3,19.2052,0.0,0.0,0.0,0.0,0.024,-0.024,966.88
20251010,202510,559,WALLET,GW-NILE,Refunded,EGP,1,141.3285,0.0,141.3285,0.0,0.0,0.15,-0.15,7115.14
20251010,202510,461,CARD,GW-NILE,Failed,EGP,2,12.7449,0.0,0.0,0.0,0.0,0.0161,-0.0161,641.64
20251011,202510,534,LDEBIT,GW-NIMBUS,Success,SAR,285,9057.5467,9057.5467,0.0,94.3147,94.314,53.584,40.7307,33965.8
20251011,202510,375,CARD,GW-ATLAS,Refunded,EGP,10,333.6016,0.0,333.6016,0.0,0.0,1.5001,-1.5001,16795.07
20251011,202510,105,TOKEN,GW-NILE,Success,EGP,20,140.9582,140.9582,0.0,5.2562,5.2561,2.836,2.4202,7096.5
20251011,202510,375,CARD,GW-ATLAS,Success,EGP,210,5552.3688,5552.3688,0.0,99.5159,99.516,96.4936,3.0223000000000013,279532.34
20251011,202510,357,WALLET,GW-NILE,Success,EGP,87,651.1383,651.1383,0.0,12.1047,12.1047,8.3192,3.785499999999999,32781.36
20251011,202510,642,CARD,GW-NIMBUS,Failed,SAR,9,603.8053,0.0,0.0,0.0,0.0,0.136,-0.136,2264.27
20251011,202510,483,WALLET,GW-NILE,Failed,EGP,29,245.2844,0.0,0.0,0.0,0.0,0.232,-0.232,12348.77
20251011,202510,190,TOKEN,GW-NIMBUS,Success,SAR,11,651.36,651.36,0.0,15.4507,15.4495,9.8347,5.616,2442.6
20251011,202510,622,CARD,GW-ORION,Success,SAR,6,189.4133,189.4133,0.0,5.072,5.0717,2.784,2.2880000000000003,710.3
20251011,202510,552,BNPL,GW-ATLAS,Failed,SAR,7,112.592,0.0,0.0,0.0,0.0,0.1387,-0.1387,422.22
20251011,202510,776,WALLET,GW-NILE,Success,EGP,3,32.287,32.287,0.0,0.7848,0.7847,0.3665,0.4183,1625.48
20251012,202510,668,LDEBIT,GW-NIMBUS,Success,AED,6,77.9877,77.9877,0.0,1.2172,1.218,0.6208,0.5964,286.41
20251012,202510,327,TOKEN,GW-NIMBUS,Success,SAR,52,1762.0613,1762.0613,0.0,44.8453,44.8464,28.048,16.797300000000003,6607.73
20251012,202510,61,WALLET,GW-NILE,Success,EGP,18,3154.1406,3154.1406,0.0,41.8725,41.8726,26.1785,15.694000000000004,158794.26
20251012,202510,171,WALLET,GW-NILE,Failed,EGP,1,46.5413,0.0,0.0,0.0,0.0,0.0079,-0.0079,2343.11
20251012,202510,114,TOKEN,GW-ORION,Failed,SAR,14,2342.8,0.0,0.0,0.0,0.0,0.168,-0.168,8785.5
20251012,202510,147,CARD,GW-NIMBUS,Failed,AED,4,1081.2934,0.0,0.0,0.0,0.0,0.0599,-0.0599,3971.05
20251012,202510,307,CARD,GW-ORION,Failed,SAR,1,297.112,0.0,0.0,0.0,0.0,0.0107,-0.0107,1114.17
20251013,202510,452,CARD,GW-NIMBUS,Failed,SAR,2,770.968,0.0,0.0,0.0,0.0,0.0293,-0.0293,2891.13
20251013,202510,175,WALLET,GW-NILE,Failed,EGP,1,37.1336,0.0,0.0,0.0,0.0,0.0079,-0.0079,1869.48
20251013,202510,569,CARD,GW-ORION,Success,AED,36,397.5303,397.5303,0.0,13.3615,13.3605,7.2376,6.1239,1459.93
20251013,202510,59,TOKEN,GW-NIMBUS,Refunded,AED,1,37.5031,0.0,37.5031,0.0,0.0,0.1498,-0.1498,137.73
20251013,202510,804,BNPL,GW-ATLAS,Success,AED,3,85.6882,85.6882,0.0,3.7876,3.7883,3.0225,0.7650999999999999,314.69
20251013,202510,375,TOKEN,GW-NILE,Refunded,EGP,2,58.2725,0.0,58.2725,0.0,0.0,0.2999,-0.2999,2933.71
20251013,202510,750,CARD,GW-ATLAS,Failed,EGP,2,16.6232,0.0,0.0,0.0,0.0,0.0399,-0.0399,836.89
20251013,202510,552,CARD,GW-ORION,Success,SAR,106,1710.8533,1710.8533,0.0,48.9067,48.906,28.24,20.6667,6415.7
20251014,202510,164,WALLET,GW-NILE,Failed,EGP,18,150.8622,0.0,0.0,0.0,0.0,0.144,-0.144,7595.11
20251014,202510,632,CARD,GW-ORION,Success,AED,3,6366.4098,6366.4098,0.0,102.2001,102.1999,81.7971,20.40300000000001,23380.64
20251014,202510,306,CARD,GW-ATLAS,Success,OMR,12,306.0858,306.0858,0.0,8.6866,8.6948,5.3576,3.3290000000000006,117.69
20251014,202510,390,TOKEN,GW-NIMBUS,Success,OMR,2,63.329,63.329,0.0,1.6645,1.6609,1.0143,0.6502000000000001,24.35
20251014,202510,205,CARD,GW-NILE,Refunded,EGP,9,233.8765,0.0,233.8765,0.0,0.0,1.3501,-1.3501,11774.44
20251014,202510,270,CARD,GW-ORION,Success,AED,3,237.9387,237.9387,0.0,5.9333,5.9344,3.2294,2.7039,873.83
20251014,202510,22,CARD,GW-ATLAS,Success,EGP,2,15.461,15.461,0.0,0.5589,0.5588,0.3734,0.1854999999999999,778.38
20251014,202510,772,CARD,GW-ATLAS,Failed,OMR,1,47.1782,0.0,0.0,0.0,0.0,0.026,-0.026,18.14
20251014,202510,285,LDEBIT,GW-NIMBUS,Failed,SAR,22,1146.0747,0.0,0.0,0.0,0.0,0.3307,-0.3307,4297.78
20251015,202510,633,CARD,GW-ORION,Failed,SAR,210,12420.9813,0.0,0.0,0.0,0.0,2.52,-2.52,46578.68
20251015,202510,205,CARD,GW-NILE,Failed,EGP,13,398.2294,0.0,0.0,0.0,0.0,0.1041,-0.1041,20048.74
20251015,202510,184,TOKEN,GW-ATLAS,Voided,EGP,1,4.266,0.0,0.0,0.0,0.0,0.0201,-0.0201,214.77
20251015,202510,381,TOKEN,GW-NILE,Refunded,EGP,2,62.0465,0.0,62.0465,0.0,0.0,0.2999,-0.2999,3123.71
20251015,202510,368,CARD,GW-ATLAS,Refunded,OMR,3,134.1482,0.0,134.1482,0.0,0.0,0.4421,-0.4421,51.58
20251015,202510,520,LDEBIT,GW-NIMBUS,Success,AED,15,176.2805,176.2805,0.0,2.8945,2.8945,1.4677,1.4267999999999998,647.39
20251016,202510,373,CARD,GW-ORION,Success,SAR,7,154.056,154.056,0.0,4.2987,4.2987,2.392,1.9067000000000005,577.71
20251016,202510,581,WALLET,GW-NILE,Voided,EGP,19,132.057,0.0,0.0,0.0,0.0,0.152,-0.152,6648.37
20251016,202510,69,CARD,GW-NIMBUS,Success,AED,5,532.5092,532.5092,0.0,12.8359,12.8366,7.5126,5.323300000000001,1955.64
20251016,202510,83,CARD,GW-ORION,Refunded,SAR,8,297.7973,0.0,297.7973,0.0,0.0,1.2,-1.2,1116.74
20251016,202510,463,CARD,GW-NIMBUS,Refunded,AED,1,76.3975,0.0,76.3975,0.0,0.0,0.1498,-0.1498,280.57
20251016,202510,815,TOKEN,GW-NIMBUS,Voided,SAR,1,35.5867,0.0,0.0,0.0,0.0,0.016,-0.016,133.45
20251016,202510,298,TOKEN,GW-ORION,Failed,AED,1,10.5078,0.0,0.0,0.0,0.0,0.0109,-0.0109,38.59
20251017,202510,679,BNPL,GW-ATLAS,Failed,EGP,5,139.686,0.0,0.0,0.0,0.0,0.0999,-0.0999,7032.45
20251017,202510,61,CARD,GW-NILE,Failed,EGP,6,866.7733,0.0,0.0,0.0,0.0,0.0481,-0.0481,43637.44
20251017,202510,567,CARD,GW-NILE,Failed,EGP,2,63.1143,0.0,0.0,0.0,0.0,0.0161,-0.0161,3177.47
20251017,202510,22,BNPL,GW-ATLAS,Success,EGP,1,7.0134,7.0134,0.0,0.3256,0.3256,0.2624,0.0631999999999999,353.09
20251018,202510,357,BNPL,GW-NILE,Failed,EGP,9,65.5024,0.0,0.0,0.0,0.0,0.0719,-0.0719,3297.7
20251018,202510,21,CARD,GW-NILE,Success,EGP,27,147.2012,147.2012,0.0,6.4134,6.4135,3.2194,3.1940000000000004,7410.8
20251018,202510,635,LDEBIT,GW-NIMBUS,Success,AED,3,1058.8128,1058.8128,0.0,8.1443,8.1444,4.8986,3.2457,3888.49
20251018,202510,455,LDEBIT,GW-NIMBUS,Success,SAR,204,3311.104,3311.104,0.0,28.5013,28.502,24.08,4.421300000000002,12416.64
20251018,202510,135,LDEBIT,GW-NIMBUS,Failed,SAR,5,55.488,0.0,0.0,0.0,0.0,0.0747,-0.0747,208.08
20251018,202510,750,CARD,GW-ATLAS,Failed,EGP,2,16.6232,0.0,0.0,0.0,0.0,0.0399,-0.0399,836.89
20251018,202510,577,CARD,GW-ORION,Success,AED,55,2257.2825,2257.2825,0.0,40.098,40.0991,32.2097,7.888300000000001,8289.87
20251018,202510,53,TOKEN,GW-ATLAS,Success,OMR,3,168.1664,168.1664,0.0,4.3953,4.3981,2.7568,1.6384999999999996,64.66
20251018,202510,839,TOKEN,GW-NILE,Success,EGP,38,807.2466,807.2466,0.0,17.8315,17.8315,12.1854,5.646099999999999,40640.59
20251018,202510,67,LDEBIT,GW-NIMBUS,Refunded,SAR,1,10.7333,0.0,10.7333,0.0,0.0,0.1493,-0.1493,40.25
20251018,202510,827,LDEBIT,GW-NIMBUS,Success,SAR,12,181.08,181.08,0.0,1.5467,2.5792,1.3547,0.1919999999999999,679.05
20251019,202510,708,BNPL,GW-NILE,Success,EGP,3,238.8657,238.8657,0.0,10.8015,10.8015,6.9034,3.8981,12025.62
20251019,202510,32,LDEBIT,GW-NILE,Success,EGP,9,102.5862,102.5862,0.0,1.6123,1.6123,0.7306,0.8817,5164.67
20251019,202510,549,WALLET,GW-NILE,Success,EGP,2,73.0754,73.0754,0.0,1.3255,1.3255,0.6618,0.6636999999999998,3678.96
20251019,202510,278,CARD,GW-NIMBUS,Success,SAR,9,250.3467,250.3467,0.0,7.1707,7.1711,3.9653,3.2054,938.8
20251019,202510,228,TOKEN,GW-ORION,Failed,AED,25,338.9544,0.0,0.0,0.0,0.0,0.2995,-0.2995,1244.81
20251019,202510,738,TOKEN,GW-NIMBUS,Refunded,SAR,2,62.2667,0.0,62.2667,0.0,0.0,0.2987,-0.2987,233.5
20251019,202510,167,CARD,GW-NILE,Success,EGP,13,389.2771,389.2771,0.0,9.72,9.7201,5.4186,4.301400000000001,19598.04
20251019,202510,479,LDEBIT,GW-NIMBUS,Success,OMR,121,1144.1873,1144.1873,0.0,19.0637,19.0709,10.5852,8.4785,439.94
20251019,202510,108,LDEBIT,GW-NILE,Refunded,EGP,19,111.9659,0.0,111.9659,0.0,0.0,2.85,-2.85,5636.89
20251019,202510,67,LDEBIT,GW-NIMBUS,Success,SAR,14,159.4667,159.4667,0.0,2.544,2.544,1.3467,1.1973,598.0
20251019,202510,24,CARD,GW-NILE,Success,EGP,3,488.6205,488.6205,0.0,11.1767,11.1767,6.0958,5.080900000000001,24599.45
20251019,202510,331,CARD,GW-NIMBUS,Voided,AED,1,72.8931,0.0,0.0,0.0,0.0,0.0163,-0.0163,267.7
20251020,202510,781,TOKEN,GW-ORION,Failed,AED,1,14.29,0.0,0.0,0.0,0.0,0.0109,-0.0109,52.48
20251020,202510,634,CARD,GW-ORION,Failed,AED,3,97.5466,0.0,0.0,0.0,0.0,0.0354,-0.0354,358.24
20251020,202510,143,TOKEN,GW-ATLAS,Voided,SAR,3,26.7573,0.0,0.0,0.0,0.0,0.0587,-0.0587,100.34
20251020,202510,534,TOKEN,GW-NIMBUS,Success,SAR,160,5269.6053,5269.6053,0.0,113.7493,113.7503,84.1733,29.576000000000008,19761.02
20251020,202510,789,CARD,GW-ORION,Success,AED,9,737.7209,737.7209,0.0,18.2138,18.215,9.9932,8.2206,2709.28
20251021,202510,746,TOKEN,GW-NIMBUS,Failed,SAR,1,15.968,0.0,0.0,0.0,0.0,0.016,-0.016,59.88
20251021,202510,800,WALLET,GW-NILE,Failed,EGP,1,10.3876,0.0,0.0,0.0,0.0,0.0079,-0.0079,522.96
20251021,202510,122,CARD,GW-NIMBUS,Success,AED,52,548.049,548.049,0.0,18.437,18.4378,10.7774,7.659600000000001,2012.71
20251021,202510,290,CARD,GW-ATLAS,Success,AED,5,328.5283,328.5283,0.0,8.1443,8.1449,5.16,2.9842999999999997,1206.52
20251021,202510,652,CARD,GW-ORION,Success,SAR,5,1265.9787,1265.9787,0.0,30.1227,30.1239,16.528,13.5947,4747.42
20251021,202510,45,TOKEN,GW-NIMBUS,Success,AED,1259,52051.0824,52051.0824,0.0,1131.6705,1131.6696,810.5514,321.1191,191157.6
20251021,202510,750,CARD,GW-ATLAS,Voided,EGP,1,8.3115,0.0,0.0,0.0,0.0,0.0201,-0.0201,418.44
20251021,202510,760,LDEBIT,GW-NIMBUS,Success,OMR,137,2668.9727,2668.9727,0.0,23.7191,23.7216,18.1795,5.5396,1026.22
20251021,202510,622,LDEBIT,GW-NIMBUS,Success,SAR,3,59.3387,59.3387,0.0,0.84,0.8396,0.4027,0.4372999999999999,222.52
20251022,202510,156,LDEBIT,GW-NIMBUS,Refunded,SAR,4,120.1067,0.0,120.1067,0.0,0.0,0.6,-0.6,450.4
20251022,202510,665,CARD,GW-NIMBUS,Success,AED,43,1477.0402,1477.0402,0.0,41.5739,41.5739,22.7338,18.840100000000003,5424.43
20251022,202510,97,LDEBIT,GW-NIMBUS,Voided,AED,1,11.7059,0.0,0.0,0.0,0.0,0.0163,-0.0163,42.99
20251022,202510,804,BNPL,GW-ATLAS,Refunded,AED,1,33.2716,0.0,33.2716,0.0,0.0,0.1498,-0.1498,122.19
20251022,202510,522,TOKEN,GW-NIMBUS,Success,OMR,2,100.6762,100.6762,0.0,2.4447,2.433,1.5345,0.9102,38.71
20251022,202510,820,WALLET,GW-NILE,Success,EGP,7,139.1974,139.1974,0.0,2.7735,2.7734,1.3725,1.4009999999999998,7007.85
20251022,202510,81,BNPL,GW-ATLAS,Success,AED,1,142.1484,142.1484,0.0,6.7039,6.7037,4.934,1.7698999999999998,522.04
20251022,202510,108,LDEBIT,GW-NILE,Refunded,EGP,32,255.3117,0.0,255.3117,0.0,0.0,4.7999,-4.7999,12853.59
20251022,202510,895,LDEBIT,GW-NIMBUS,Success,SAR,66,2293.176,2293.176,0.0,22.12,22.1202,13.288,8.832,8599.41
20251022,202510,852,TOKEN,GW-ORION,Failed,SAR,3,36.8667,0.0,0.0,0.0,0.0,0.0373,-0.0373,138.25
20251022,202510,737,CARD,GW-ORION,Failed,AED,1,49.8216,0.0,0.0,0.0,0.0,0.0109,-0.0109,182.97
20251022,202510,492,LDEBIT,GW-NIMBUS,Success,SAR,10,1881.92,1881.92,0.0,20.7307,20.7306,8.9173,11.8134,7057.2
20251022,202510,650,CARD,GW-ORION,Success,AED,138,4358.369,4358.369,0.0,79.3492,79.3503,64.0844,15.264799999999994,16006.11
20251023,202510,797,CARD,GW-NILE,Success,EGP,2,128.8902,128.8902,0.0,3.132,3.1319,1.6721,1.4599000000000002,6488.94
20251023,202510,38,CARD,GW-ATLAS,Success,AED,3,167.7604,167.7604,0.0,4.2696,4.2709,2.6685,1.6010999999999995,616.1
20251023,202510,647,TOKEN,GW-ORION,Success,SAR,1,5.3813,5.3813,0.0,0.2507,0.2495,0.1307,0.1199999999999999,20.18
20251023,202510,674,LDEBIT,GW-NIMBUS,Voided,AED,2,20.2505,0.0,0.0,0.0,0.0,0.03,-0.03,74.37
20251023,202510,653,TOKEN,GW-NIMBUS,Failed,SAR,2,117.232,0.0,0.0,0.0,0.0,0.0293,-0.0293,439.62
20251023,202510,652,LDEBIT,GW-NIMBUS,Success,SAR,4,620.2827,620.2827,0.0,7.296,7.296,2.9707,4.3253,2326.06
20251023,202510,159,CARD,GW-NILE,Success,EGP,145,2354.8074,2354.8074,0.0,72.0699,72.0701,36.296,35.773900000000005,118552.07
20251023,202510,698,TOKEN,GW-ORION,Success,SAR,155,9202.4107,9202.4107,0.0,179.3813,179.3801,131.6133,47.768,34509.04
20251023,202510,692,CARD,GW-NIMBUS,Success,AED,1067,47730.6113,47730.6113,0.0,741.7127,741.7114,713.7182,27.994500000000016,175290.67
20251023,202510,796,BANKTR,GW-NIMBUS,Failed,SAR,4,121.4907,0.0,0.0,0.0,0.0,0.0587,-0.0587,455.59
20251024,202510,569,TOKEN,GW-ORION,Failed,AED,4,48.0381,0.0,0.0,0.0,0.0,0.049,-0.049,176.42
20251024,202510,238,TOKEN,GW-NIMBUS,Success,AED,1,575.1069,575.1069,0.0,13.2063,13.2067,8.1171,5.0892,2112.08
20251024,202510,205,LDEBIT,GW-NILE,Refunded,EGP,1,49.6481,0.0,49.6481,0.0,0.0,0.15,-0.15,2499.52
20251024,202510,301,WALLET,GW-NILE,Refunded,EGP,3,26.2768,0.0,26.2768,0.0,0.0,0.4501,-0.4501,1322.9
20251024,202510,206,WALLET,GW-NILE,Failed,EGP,1,4.3385,0.0,0.0,0.0,0.0,0.0079,-0.0079,218.42
20251024,202510,449,WALLET,GW-NILE,Failed,EGP,1,34.8881,0.0,0.0,0.0,0.0,0.0079,-0.0079,1756.43
20251024,202510,471,CARD,GW-NIMBUS,Success,SAR,6,226.0373,226.0373,0.0,5.6533,5.6525,3.4427,2.2106,847.64
20251024,202510,147,CARD,GW-NIMBUS,Success,AED,15,3960.8196,3960.8196,0.0,90.9762,90.9749,54.4452,36.531000000000006,14546.11
20251025,202510,313,CARD,GW-NILE,Success,EGP,6,255.2424,255.2424,0.0,6.5618,6.5618,3.4192,3.1426,12850.1
20251025,202510,6,LDEBIT,GW-NIMBUS,Refunded,AED,1,32.8768,0.0,32.8768,0.0,0.0,0.1498,-0.1498,120.74
20251025,202510,56,WALLET,GW-NILE,Success,EGP,10,139.8378,139.8378,0.0,3.1813,3.1813,1.4828,1.6985,7040.09
20251025,202510,432,BNPL,GW-ATLAS,Failed,AED,10,630.3799,0.0,0.0,0.0,0.0,0.1988,-0.1988,2315.07
20251025,202510,178,WALLET,GW-NILE,Success,EGP,5,129.4037,129.4037,0.0,2.5981,2.5981,1.2232,1.3749,6514.79
20251025,202510,22,TOKEN,GW-ATLAS,Success,EGP,2,13.4173,13.4173,0.0,0.5184,0.5184,0.3508,0.1675999999999999,675.49
20251025,202510,592,LDEBIT,GW-NIMBUS,Success,AED,7,744.1198,744.1198,0.0,9.1137,9.1144,3.6624,5.4513,2732.78
20251025,202510,169,WALLET,GW-NILE,Failed,EGP,3,246.904,0.0,0.0,0.0,0.0,0.024,-0.024,12430.31
20251025,202510,668,CARD,GW-ORION,Voided,AED,1,13.2852,0.0,0.0,0.0,0.0,0.0109,-0.0109,48.79
20251026,202510,6,TOKEN,GW-ORION,Failed,AED,1,56.9067,0.0,0.0,0.0,0.0,0.0109,-0.0109,208.99
20251026,202510,163,TOKEN,GW-ORION,Success,SAR,2,153.2907,153.2907,0.0,3.8133,3.8146,2.1573,1.6559999999999997,574.84
20251026,202510,691,BANKTR,GW-NILE,Success,EGP,4,7115.398,7115.398,0.0,16.6935,16.6935,4.494,12.1995,358222.58
20251026,202510,481,TOKEN,GW-ORION,Failed,SAR,7,195.712,0.0,0.0,0.0,0.0,0.0853,-0.0853,733.92
20251026,202510,858,LDEBIT,GW-NIMBUS,Success,SAR,218,10312.9867,10312.9867,0.0,64.9813,64.9819,56.2187,8.762600000000006,38673.7
20251026,202510,637,CARD,GW-ATLAS,Voided,SAR,16,660.5013,0.0,0.0,0.0,0.0,0.32,-0.32,2476.88
20251026,202510,638,TOKEN,GW-NIMBUS,Success,SAR,23,225.4853,225.4853,0.0,7.7627,7.7635,4.6507,3.112,845.57
20251026,202510,356,LDEBIT,GW-NIMBUS,Success,SAR,2,119.6613,119.6613,0.0,1.4533,1.4546,0.6293,0.8240000000000001,448.73
20251026,202510,805,BANKTR,GW-NILE,Refunded,EGP,4,42.4899,0.0,42.4899,0.0,0.0,0.6001,-0.6001,2139.14
20251026,202510,241,LDEBIT,GW-NILE,Failed,EGP,2,14.7879,0.0,0.0,0.0,0.0,0.0161,-0.0161,744.49
20251027,202510,790,LDEBIT,GW-NILE,Success,EGP,13,67.9142,67.9142,0.0,1.4442,1.4442,0.73,0.7142,3419.12
20251027,202510,245,CARD,GW-ATLAS,Failed,EGP,5,37.8002,0.0,0.0,0.0,0.0,0.0999,-0.0999,1903.04
20251027,202510,685,CARD,GW-ORION,Voided,AED,1,17.0374,0.0,0.0,0.0,0.0,0.0109,-0.0109,62.57
20251027,202510,461,CARD,GW-NILE,Success,EGP,20,135.51,135.51,0.0,4.8512,4.8511,2.7065,2.1447000000000003,6822.21
20251028,202510,32,CARD,GW-NILE,Failed,EGP,4,51.8716,0.0,0.0,0.0,0.0,0.032,-0.032,2611.46
20251028,202510,830,CARD,GW-ATLAS,Failed,SAR,1,25.6027,0.0,0.0,0.0,0.0,0.0213,-0.0213,96.01
20251028,202510,164,TOKEN,GW-NILE,Success,EGP,110,910.0469,910.0469,0.0,32.923,32.923,17.2966,15.6264,45816.04
20251028,202510,781,TOKEN,GW-ORION,Failed,AED,1,14.29,0.0,0.0,0.0,0.0,0.0109,-0.0109,52.48
20251028,202510,775,WALLET,GW-NILE,Success,EGP,122,637.1801,637.1801,0.0,17.4928,17.4928,9.4312,8.061599999999999,32078.64
20251028,202510,46,LDEBIT,GW-NILE,Success,EGP,35,294.5188,294.5188,0.0,5.1253,5.1252,2.4177,2.7076,14827.46
20251028,202510,220,CARD,GW-NILE,Voided,EGP,1,31.6405,0.0,0.0,0.0,0.0,0.0079,-0.0079,1592.93
20251028,202510,625,TOKEN,GW-ORION,Success,SAR,2,45.4053,45.4053,0.0,1.32,1.3206,0.7227,0.5973,170.27
20251028,202510,815,LDEBIT,GW-NIMBUS,Success,SAR,82,2913.6373,2913.6373,0.0,24.8613,24.8626,16.8027,8.058599999999998,10926.14
20251028,202510,154,CARD,GW-NIMBUS,Success,SAR,165,37420.2507,37420.2507,0.0,608.7333,608.733,515.8987,92.83460000000002,140325.94
20251028,202510,516,TOKEN,GW-ORION,Failed,SAR,10,347.7067,0.0,0.0,0.0,0.0,0.12,-0.12,1303.9
20251029,202510,148,CARD,GW-ATLAS,Success,SAR,12,1246.1707,1246.1707,0.0,20.2427,20.2429,19.056,1.1866999999999983,4673.14
20251029,202510,124,TOKEN,GW-ATLAS,Failed,AED,1,28.2941,0.0,0.0,0.0,0.0,0.0191,-0.0191,103.91
20251029,202510,20,CARD,GW-ORION,Refunded,AED,2,42.7665,0.0,42.7665,0.0,0.0,0.2995,-0.2995,157.06
20251029,202510,156,TOKEN,GW-ATLAS,Failed,SAR,2,90.6027,0.0,0.0,0.0,0.0,0.04,-0.04,339.76
20251029,202510,513,LDEBIT,GW-NIMBUS,Failed,OMR,6,163.7451,0.0,0.0,0.0,0.0,0.078,-0.078,62.96
20251030,202510,790,LDEBIT,GW-NILE,Success,EGP,3,18.3461,18.3461,0.0,0.3631,0.363,0.1794,0.1836999999999999,923.63
20251030,202510,876,WALLET,GW-NILE,Success,EGP,7,174.9199,174.9199,0.0,3.5213,3.5213,1.6619,1.8594,8806.29
20251030,202510,309,TOKEN,GW-ORION,Success,AED,6,161.6801,161.6801,0.0,4.7461,4.7448,2.5078,2.2383,593.77
20251030,202510,46,CARD,GW-NILE,Success,EGP,205,1669.9122,1669.9122,0.0,59.6261,59.626,31.1544,28.4717,84071.23
20251030,202510,516,CARD,GW-ORION,Voided,SAR,10,347.7067,0.0,0.0,0.0,0.0,0.12,-0.12,1303.9
20251030,202510,184,LDEBIT,GW-NILE,Success,EGP,73,275.2498,275.2498,0.0,6.6859,6.686,3.6697,3.0162,13857.37
20251030,202510,364,LDEBIT,GW-NIMBUS,Voided,SAR,1,10.8453,0.0,0.0,0.0,0.0,0.016,-0.016,40.67
20251030,202510,555,CARD,GW-ORION,Refunded,AED,1,1019.6242,0.0,1019.6242,0.0,0.0,0.1498,-0.1498,3744.57
20251031,202510,226,WALLET,GW-NILE,Refunded,EGP,26,160.4804,0.0,160.4804,0.0,0.0,3.8999,-3.8999,8079.34
20251031,202510,303,CARD,GW-NIMBUS,Success,SAR,48,684.328,684.328,0.0,20.8347,20.8338,12.3573,8.477400000000001,2566.23
20251031,202510,6,LDEBIT,GW-NIMBUS,Success,AED,8,424.4683,424.4683,0.0,5.4159,5.4157,2.2709,3.145,1558.86
20251031,202510,856,TOKEN,GW-ATLAS,Success,OMR,13,580.2861,580.2861,0.0,14.5384,14.5363,9.7269,4.811499999999999,223.12
20251031,202510,645,WALLET,GW-NILE,Success,EGP,7,84.3507,84.3507,0.0,1.9476,1.9475,0.9282,1.0194,4246.61
20251031,202510,246,WALLET,GW-NILE,Success,EGP,1,8.5852,8.5852,0.0,0.201,0.2011,0.1045,0.0965,432.22
20251031,202510,677,WALLET,GW-NILE,Failed,EGP,2,10.8039,0.0,0.0,0.0,0.0,0.0161,-0.0161,543.92
20251031,202510,760,TOKEN,GW-ATLAS,Success,OMR,134,2772.2497,2772.2497,0.0,50.4811,50.4832,51.8336,-1.3524999999999991,1065.93
20251101,202511,409,LDEBIT,GW-NILE,Refunded,EGP,4,77.3762,0.0,77.3762,0.0,0.0,0.5999,-0.5999,3944.01
20251101,202511,698,LDEBIT,GW-NIMBUS,Success,SAR,327,18512.8533,18512.8533,0.0,173.5733,173.5743,98.024,75.54929999999999,69423.2
20251101,202511,812,TOKEN,GW-ORION,Success,SAR,2,113.6933,113.6933,0.0,2.7787,2.7786,1.632,1.1467000000000005,426.35
20251101,202511,190,BNPL,GW-ATLAS,Success,SAR,14,785.536,785.536,0.0,33.856,33.8566,27.4293,6.4267,2945.76
20251101,202511,202,LDEBIT,GW-NIMBUS,Refunded,SAR,1,7.5013,0.0,7.5013,0.0,0.0,0.1493,-0.1493,28.13
20251101,202511,381,TOKEN,GW-NILE,Failed,EGP,1,28.1596,0.0,0.0,0.0,0.0,0.008,-0.008,1435.35
20251101,202511,264,CARD,GW-NIMBUS,Voided,AED,1,13.1273,0.0,0.0,0.0,0.0,0.0163,-0.0163,48.21
20251101,202511,340,LDEBIT,GW-NIMBUS,Success,SAR,3,24.5733,24.5733,0.0,0.4427,0.4428,0.2453,0.1974,92.15
20251101,202511,102,CARD,GW-NIMBUS,Failed,SAR,1,386.9867,0.0,0.0,0.0,0.0,0.016,-0.016,1451.2
20251102,202511,247,CARD,GW-NIMBUS,Failed,SAR,13,1436.216,0.0,0.0,0.0,0.0,0.1947,-0.1947,5385.81
20251102,202511,223,CARD,GW-NIMBUS,Failed,AED,17,193.838,0.0,0.0,0.0,0.0,0.256,-0.256,711.87
20251102,202511,344,CARD,GW-NILE,Success,EGP,7,88.628,88.628,0.0,2.8461,2.8461,1.4479,1.3982,4517.54
20251102,202511,293,LDEBIT,GW-NIMBUS,Success,AED,4,168.6971,168.6971,0.0,2.1892,2.1891,0.9394,1.2498,619.54
20251102,202511,237,CARD,GW-NIMBUS,Success,SAR,3,1613.416,1613.416,0.0,35.0213,35.0207,21.976,13.045299999999996,6050.31
20251102,202511,205,WALLET,GW-NILE,Failed,EGP,1,30.633,0.0,0.0,0.0,0.0,0.008,-0.008,1561.42
20251102,202511,775,WALLET,GW-NILE,Refunded,EGP,11,66.1816,0.0,66.1816,0.0,0.0,1.6499,-1.6499,3373.4
20251102,202511,240,LDEBIT,GW-NIMBUS,Voided,SAR,2,98.4987,0.0,0.0,0.0,0.0,0.0293,-0.0293,369.37
20251102,202511,503,CARD,GW-NIMBUS,Failed,AED,2,111.1804,0.0,0.0,0.0,0.0,0.03,-0.03,408.31
20251103,202511,889,WALLET,GW-NILE,Voided,EGP,1,6.0196,0.0,0.0,0.0,0.0,0.008,-0.008,306.83
20251103,202511,679,TOKEN,GW-ATLAS,Success,EGP,26,713.8808,713.8808,0.0,18.5838,18.5838,12.7178,5.866,36387.86
20251103,202511,658,CARD,GW-NIMBUS,Failed,SAR,4,8028.3787,0.0,0.0,0.0,0.0,0.0587,-0.0587,30106.42
20251103,202511,513,CARD,GW-NIMBUS,Success,OMR,46,1151.3914,1151.3914,0.0,29.4928,29.4928,18.5436,10.949199999999998,442.71
20251103,202511,588,CARD,GW-NILE,Success,EGP,81,2585.4273,2585.4273,0.0,65.1863,65.1862,35.7059,29.480400000000003,131784.14
20251103,202511,181,CARD,GW-ORION,Failed,AED,3,35.4255,0.0,0.0,0.0,0.0,0.0354,-0.0354,130.1
20251103,202511,745,WALLET,GW-NILE,Success,EGP,1,13.3815,13.3815,0.0,0.2913,0.2913,0.1434,0.1479,682.08
20251103,202511,839,WALLET,GW-NILE,Voided,EGP,2,46.0952,0.0,0.0,0.0,0.0,0.0161,-0.0161,2349.56
20251103,202511,18,TOKEN,GW-ATLAS,Success,SAR,14,173.6213,173.6213,0.0,5.84,5.84,3.6613,2.1787,651.08
20251103,202511,545,WALLET,GW-NILE,Failed,EGP,2,63.8517,0.0,0.0,0.0,0.0,0.0161,-0.0161,3254.64
20251103,202511,770,CARD,GW-NIMBUS,Refunded,OMR,3,117.1912,0.0,117.1912,0.0,0.0,0.4421,-0.4421,45.06
20251103,202511,879,CARD,GW-ORION,Refunded,AED,1,21.5684,0.0,21.5684,0.0,0.0,0.1498,-0.1498,79.21
20251104,202511,598,WALLET,GW-NILE,Refunded,EGP,4,137.0965,0.0,137.0965,0.0,0.0,0.5999,-0.5999,6988.07
20251104,202511,772,CARD,GW-ATLAS,Success,OMR,18,1036.827,1036.827,0.0,24.5514,24.548,16.4369,8.1145,398.66
20251104,202511,541,TOKEN,GW-ATLAS,Voided,EGP,3,71.8202,0.0,0.0,0.0,0.0,0.06,-0.06,3660.81
20251104,202511,820,BNPL,GW-ATLAS,Success,EGP,19,391.7682,391.7682,0.0,17.0498,17.0498,13.9194,3.1304000000000016,19969.17
20251104,202511,739,CARD,GW-NIMBUS,Voided,SAR,2,87.7253,0.0,0.0,0.0,0.0,0.0293,-0.0293,328.97
20251104,202511,265,CARD,GW-NIMBUS,Success,SAR,6,342.7333,342.7333,0.0,9.1307,9.1298,5.016,4.114699999999999,1285.25
20251104,202511,313,CARD,GW-NILE,Success,EGP,8,382.5025,382.5025,0.0,9.7293,9.7294,5.0714,4.657900000000001,19496.88
20251104,202511,293,TOKEN,GW-NIMBUS,Success,AED,4,226.3799,226.3799,0.0,5.9687,5.9686,3.4282,2.5405,831.38
20251104,202511,292,CARD,GW-NILE,Success,EGP,2,92.4215,92.4215,0.0,2.3625,2.3625,1.2289,1.1335999999999995,4710.9
20251104,202511,154,LDEBIT,GW-NIMBUS,Failed,SAR,4,918.4507,0.0,0.0,0.0,0.0,0.0587,-0.0587,3444.19
20251104,202511,619,WALLET,GW-NILE,Failed,EGP,61,1000.5372,0.0,0.0,0.0,0.0,0.4879,-0.4879,50999.28
20251105,202511,739,CARD,GW-NIMBUS,Voided,SAR,1,43.864,0.0,0.0,0.0,0.0,0.016,-0.016,164.49
20251105,202511,245,WALLET,GW-NILE,Failed,EGP,3,22.6801,0.0,0.0,0.0,0.0,0.0239,-0.0239,1156.05
20251105,202511,556,TOKEN,GW-ORION,Success,AED,37,497.2144,497.2144,0.0,15.4826,15.484,8.8142,6.6684,1826.02
20251105,202511,162,CARD,GW-NILE,Voided,EGP,9,163.9906,0.0,0.0,0.0,0.0,0.072,-0.072,8358.91
20251105,202511,566,TOKEN,GW-ATLAS,Failed,EGP,3,25.2777,0.0,0.0,0.0,0.0,0.06,-0.06,1288.45
20251105,202511,153,CARD,GW-NIMBUS,Success,SAR,31,366.1707,366.1707,0.0,11.6987,11.6989,6.9573,4.7414000000000005,1373.14
20251105,202511,297,CARD,GW-NILE,Failed,EGP,1,138.9401,0.0,0.0,0.0,0.0,0.008,-0.008,7082.04
20251105,202511,573,WALLET,GW-NILE,Success,EGP,1,37.3215,37.3215,0.0,0.7214,0.7214,0.3372,0.3842,1902.35
20251105,202511,563,LDEBIT,GW-NIMBUS,Success,AED,6,251.9047,251.9047,0.0,3.2512,3.2502,1.4023,1.8489,925.12
20251105,202511,882,CARD,GW-NILE,Success,EGP,5,6697.9826,6697.9826,0.0,106.3121,106.3121,81.6456,24.6665,341408.9
20251105,202511,732,CARD,GW-NIMBUS,Success,SAR,15,868.776,868.776,0.0,23.5733,23.5724,12.704,10.8693,3257.91
20251105,202511,347,CARD,GW-ATLAS,Success,EGP,7,220.9005,220.9005,0.0,5.4781,5.4781,3.7387,1.7394000000000005,11259.72
20251106,202511,653,LDEBIT,GW-NIMBUS,Failed,SAR,1,58.616,0.0,0.0,0.0,0.0,0.016,-0.016,219.81
20251106,202511,154,TOKEN,GW-ORION,Voided,SAR,1,229.6133,0.0,0.0,0.0,0.0,0.0107,-0.0107,861.05
20251106,202511,59,CARD,GW-ORION,Voided,AED,2,83.1831,0.0,0.0,0.0,0.0,0.0245,-0.0245,305.49
20251107,202511,196,LDEBIT,GW-NILE,Success,EGP,5,89.2525,89.2525,0.0,1.2244,1.2245,0.5366,0.6878,4549.37
20251107,202511,516,TOKEN,GW-ORION,Voided,SAR,1,34.7707,0.0,0.0,0.0,0.0,0.0107,-0.0107,130.39
20251107,202511,32,WALLET,GW-NILE,Failed,EGP,4,51.8715,0.0,0.0,0.0,0.0,0.032,-0.032,2643.99
20251107,202511,834,TOKEN,GW-NIMBUS,Success,AED,7,371.5725,371.5725,0.0,9.002,9.0009,5.6583,3.343700000000001,1364.6
20251108,202511,739,LDEBIT,GW-NIMBUS,Refunded,SAR,4,186.9707,0.0,186.9707,0.0,0.0,0.6,-0.6,701.14
20251108,202511,598,WALLET,GW-NILE,Failed,EGP,8,251.1747,0.0,0.0,0.0,0.0,0.064,-0.064,12802.85
20251108,202511,611,TOKEN,GW-ORION,Failed,SAR,1,38.4213,0.0,0.0,0.0,0.0,0.0107,-0.0107,144.08
20251108,202511,860,TOKEN,GW-NIMBUS,Failed,AED,1,60.8441,0.0,0.0,0.0,0.0,0.0163,-0.0163,223.45
20251108,202511,546,TOKEN,GW-NILE,Success,EGP,2,278.1731,278.1731,0.0,6.7037,6.7037,3.611,3.0927,14179.01
20251108,202511,556,CARD,GW-ATLAS,Success,AED,130,1772.0245,1772.0245,0.0,54.0749,54.0755,35.4554,18.6195,6507.76
20251108,202511,577,CARD,GW-ORION,Success,AED,62,2441.4377,2441.4377,0.0,43.5507,43.5514,34.9871,8.563600000000001,8966.18
20251108,202511,672,CARD,GW-NIMBUS,Refunded,SAR,3,28.5627,0.0,28.5627,0.0,0.0,0.4507,-0.4507,107.11
20251108,202511,303,CARD,GW-NIMBUS,Voided,SAR,1,13.8,0.0,0.0,0.0,0.0,0.016,-0.016,51.75
20251108,202511,630,CARD,GW-ATLAS,Success,EGP,365,9412.4043,9412.4043,0.0,189.5852,189.5852,164.2428,25.3424,479768.13
20251109,202511,513,CARD,GW-NIMBUS,Voided,OMR,1,27.2822,0.0,0.0,0.0,0.0,0.026,-0.026,10.49
20251109,202511,647,LDEBIT,GW-NIMBUS,Success,SAR,5,49.504,49.504,0.0,0.9013,0.9006,0.448,0.4533,185.64
20251109,202511,15,BNPL,GW-ATLAS,Success,AED,64,749.7018,749.7018,0.0,32.9258,32.9269,27.1886,5.737200000000001,2753.28
20251109,202511,332,LDEBIT,GW-NILE,Success,EGP,1,320.0354,320.0354,0.0,2.4331,2.4331,1.3311,1.102,16312.81
20251109,202511,311,TOKEN,GW-ATLAS,Success,EGP,3,56.5315,56.5315,0.0,1.6311,1.6311,1.0767,0.5544,2881.52
20251109,202511,559,LDEBIT,GW-NILE,Success,EGP,1,162.3773,162.3773,0.0,1.8167,1.8167,0.6925,1.1242,8276.68
20251109,202511,157,LDEBIT,GW-NILE,Success,EGP,1,27.5758,27.5758,0.0,0.3737,0.3737,0.1467,0.2269999999999999,1405.59
20251109,202511,509,CARD,GW-ORION,Success,AED,6,1549.5412,1549.5412,0.0,36.0381,36.037,20.2233,15.814800000000002,5690.69
20251109,202511,520,LDEBIT,GW-NIMBUS,Failed,AED,2,25.4078,0.0,0.0,0.0,0.0,0.03,-0.03,93.31
20251110,202511,44,CARD,GW-NILE,Failed,EGP,29,130.5692,0.0,0.0,0.0,0.0,0.2321,-0.2321,6655.36
20251110,202511,81,BNPL,GW-ATLAS,Success,AED,3,258.2083,258.2083,0.0,12.177,12.1771,8.983,3.193999999999999,948.27
20251110,202511,286,TOKEN,GW-ATLAS,Success,EGP,3,51.8537,51.8537,0.0,1.6403,1.6404,1.006,0.6343000000000001,2643.08
20251110,202511,6,TOKEN,GW-ORION,Success,AED,6,321.6338,321.6338,0.0,8.5364,8.5358,4.6344,3.902,1181.2
20251110,202511,555,CARD,GW-ORION,Success,AED,86,82575.0252,82575.0252,0.0,1370.1593,1370.1594,1063.7277,306.4316000000001,303256.78
20251110,202511,863,LDEBIT,GW-NILE,Failed,EGP,12,382.6863,0.0,0.0,0.0,0.0,0.0959,-0.0959,19506.25
20251111,202511,228,TOKEN,GW-ORION,Failed,AED,9,122.0231,0.0,0.0,0.0,0.0,0.1089,-0.1089,448.13
20251111,202511,579,WALLET,GW-NILE,Success,EGP,3,29.4423,29.4423,0.0,0.6817,0.6817,0.3435,0.3381999999999999,1500.73
20251111,202511,539,CARD,GW-ATLAS,Success,EGP,15,90.091,90.091,0.0,3.5112,3.5111,2.4235,1.0877,4592.11
20251111,202511,518,LDEBIT,GW-NILE,Success,EGP,2,155.0217,155.0217,0.0,1.9026,1.9027,0.6978,1.2048,7901.75
20251111,202511,405,CARD,GW-ATLAS,Success,EGP,9,120.601,120.601,0.0,3.9022,3.9021,2.4243,1.4779,6147.26
20251111,202511,281,TOKEN,GW-NIMBUS,Success,SAR,8,248.0427,248.0427,0.0,6.9893,6.989,3.992,2.9973,930.16
20251111,202511,205,WALLET,GW-NILE,Failed,EGP,6,183.7981,0.0,0.0,0.0,0.0,0.0481,-0.0481,9368.54
20251111,202511,581,CARD,GW-NILE,Success,EGP,3078,21249.6715,21249.6715,0.0,466.4123,466.4122,421.3174,45.0949,1083136.13
20251112,202511,390,CARD,GW-NIMBUS,Success,OMR,5,131.7035,131.7035,0.0,3.485,3.4765,2.1066,1.3784,50.64
20251112,202511,184,CARD,GW-NILE,Failed,EGP,45,191.9701,0.0,0.0,0.0,0.0,0.36,-0.36,9785.08
20251112,202511,189,TOKEN,GW-ORION,Success,SAR,1,13.168,13.168,0.0,0.4133,0.4142,0.2347,0.1786,49.38
20251112,202511,734,WALLET,GW-NILE,Failed,EGP,3,51.5374,0.0,0.0,0.0,0.0,0.0239,-0.0239,2626.96
20251112,202511,164,TOKEN,GW-NILE,Success,EGP,95,828.2187,828.2187,0.0,29.4517,29.4518,15.4705,13.9812,42215.88
20251112,202511,642,LDEBIT,GW-NIMBUS,Failed,SAR,1,67.0907,0.0,0.0,0.0,0.0,0.016,-0.016,251.59
20251112,202511,352,WALLET,GW-NILE,Failed,EGP,1,56.5672,0.0,0.0,0.0,0.0,0.008,-0.008,2883.34
20251112,202511,714,LDEBIT,GW-NIMBUS,Success,SAR,13,159.3333,159.3333,0.0,2.5013,2.5006,1.3013,1.2000000000000002,597.5
20251112,202511,315,TOKEN,GW-ORION,Voided,SAR,1,13.648,0.0,0.0,0.0,0.0,0.0107,-0.0107,51.18
20251113,202511,582,LDEBIT,GW-NIMBUS,Failed,OMR,1,34.3043,0.0,0.0,0.0,0.0,0.026,-0.026,13.19
20251113,202511,679,WALLET,GW-NILE,Failed,EGP,7,195.5605,0.0,0.0,0.0,0.0,0.0559,-0.0559,9968.09
20251113,202511,895,CARD,GW-ATLAS,Failed,SAR,29,1035.64,0.0,0.0,0.0,0.0,0.5787,-0.5787,3883.65
20251113,202511,606,TOKEN,GW-NILE,Success,EGP,12,297.0751,297.0751,0.0,7.902,7.902,4.3791,3.5229,15142.48
20251113,202511,577,TOKEN,GW-ORION,Success,AED,17,698.998,698.998,0.0,12.6671,12.6666,10.3091,2.3579999999999988,2567.07
20251113,202511,393,CARD,GW-NILE,Success,EGP,5,89.6127,89.6127,0.0,2.4517,2.4517,1.3539,1.0978,4567.73
20251113,202511,97,LDEBIT,GW-NIMBUS,Failed,AED,2,23.4146,0.0,0.0,0.0,0.0,0.03,-0.03,85.99
20251113,202511,804,TOKEN,GW-NIMBUS,Success,AED,6,321.3479,321.3479,0.0,7.8611,7.8625,4.8877,2.9734000000000007,1180.15
20251113,202511,633,CARD,GW-ORION,Refunded,SAR,11,856.6293,0.0,856.6293,0.0,0.0,1.6507,-1.6507,3212.36
20251114,202511,191,TOKEN,GW-NIMBUS,Refunded,SAR,12,138.808,0.0,138.808,0.0,0.0,1.8,-1.8,520.53
20251114,202511,523,CARD,GW-ATLAS,Success,OMR,2,672.1977,672.1977,0.0,14.4863,14.4842,9.961,4.5253,258.46
20251114,202511,895,TOKEN,GW-NIMBUS,Success,SAR,56,1879.2373,1879.2373,0.0,37.8587,37.8583,29.9493,7.909399999999998,7047.14
20251114,202511,474,CARD,GW-ATLAS,Failed,EGP,1,22.9988,0.0,0.0,0.0,0.0,0.02,-0.02,1172.29
20251114,202511,769,LDEBIT,GW-NIMBUS,Success,SAR,12,175.8347,175.8347,0.0,2.6747,2.6739,1.3307,1.344,659.38
20251115,202511,743,LDEBIT,GW-NIMBUS,Success,SAR,12,541.7147,541.7147,0.0,6.2187,6.2176,2.9787,3.24,2031.43
20251115,202511,298,CARD,GW-ORION,Success,AED,23,219.2022,219.2022,0.0,7.0905,7.0896,4.1797,2.910799999999999,805.02
20251115,202511,46,TOKEN,GW-ATLAS,Failed,EGP,5,40.8154,0.0,0.0,0.0,0.0,0.1001,-0.1001,2080.44
20251115,202511,481,CARD,GW-ATLAS,Success,SAR,87,2429.568,2429.568,0.0,61.4213,61.4216,41.8613,19.56,9110.88
20251115,202511,516,TOKEN,GW-ORION,Voided,SAR,7,243.3947,0.0,0.0,0.0,0.0,0.0853,-0.0853,912.73
20251115,202511,827,BNPL,GW-ATLAS,Failed,SAR,1,14.8133,0.0,0.0,0.0,0.0,0.0213,-0.0213,55.55
20251115,202511,184,WALLET,GW-NILE,Voided,EGP,2,8.532,0.0,0.0,0.0,0.0,0.0161,-0.0161,434.89
20251115,202511,818,CARD,GW-NILE,Success,EGP,2,140.0625,140.0625,0.0,3.664,3.6639,1.8077,1.8563,7139.25
20251116,202511,162,TOKEN,GW-NILE,Failed,EGP,4,72.8847,0.0,0.0,0.0,0.0,0.032,-0.032,3715.07
20251116,202511,171,CARD,GW-ATLAS,Failed,EGP,9,418.8728,0.0,0.0,0.0,0.0,0.1799,-0.1799,21350.74
20251116,202511,480,CARD,GW-NIMBUS,Success,OMR,34,2236.515,2236.515,0.0,34.2263,34.2289,32.4057,1.8205999999999989,859.94
20251116,202511,689,CARD,GW-ORION,Voided,SAR,1,11.384,0.0,0.0,0.0,0.0,0.0107,-0.0107,42.69
20251116,202511,557,TOKEN,GW-ORION,Voided,SAR,1,45.7947,0.0,0.0,0.0,0.0,0.0107,-0.0107,171.73
20251116,202511,456,TOKEN,GW-NIMBUS,Refunded,SAR,1,24.6213,0.0,24.6213,0.0,0.0,0.1493,-0.1493,92.33
20251116,202511,86,CARD,GW-NILE,Failed,EGP,12,95.0569,0.0,0.0,0.0,0.0,0.0959,-0.0959,4845.23
20251116,202511,814,WALLET,GW-NILE,Success,EGP,37,243.4294,243.4294,0.0,6.6664,6.6665,3.2667,3.3997,12408.06
20251116,202511,665,TOKEN,GW-ATLAS,Success,AED,10,359.8747,359.8747,0.0,10.2764,10.2772,6.1811,4.095300000000001,1321.64
20251117,202511,440,TOKEN,GW-NILE,Success,EGP,3,85.3692,85.3692,0.0,2.354,2.354,1.2346,1.1194000000000002,4351.43
20251117,202511,481,TOKEN,GW-ORION,Success,SAR,21,595.4293,595.4293,0.0,15.3067,15.3066,9.168,6.1387,2232.86
20251117,202511,619,CARD,GW-NILE,Success,EGP,1318,21813.3101,21813.3101,0.0,411.8434,411.8434,334.8857,76.95769999999999,1111865.86
20251117,202511,742,CARD,GW-NIMBUS,Success,SAR,3,549.4,549.4,0.0,11.552,11.5517,7.6107,3.9413,2060.25
20251117,202511,897,WALLET,GW-NILE,Refunded,EGP,1,11.2868,0.0,11.2868,0.0,0.0,0.1501,-0.1501,575.31
20251117,202511,26,BNPL,GW-ATLAS,Success,AED,6,2145.5248,2145.5248,0.0,61.4894,61.4907,74.2682,-12.77879999999999,7879.44
20251117,202511,449,TOKEN,GW-NILE,Success,EGP,6,262.4866,262.4866,0.0,6.8708,6.8708,3.6253,3.2455,13379.44
20251117,202511,856,LDEBIT,GW-NIMBUS,Refunded,OMR,1,65.7217,0.0,65.7217,0.0,0.0,0.156,-0.156,25.27
20251117,202511,898,TOKEN,GW-NILE,Success,EGP,1,156.8172,156.8172,0.0,3.8763,3.8762,2.029,1.8473,7993.27
20251117,202511,394,CARD,GW-ORION,Voided,AED,2,70.143,0.0,0.0,0.0,0.0,0.0245,-0.0245,257.6
20251118,202511,655,BANKTR,GW-NIMBUS,Success,AED,7,23096.1116,23096.1116,0.0,49.3642,49.3632,14.1021,35.2621,84820.47
20251118,202511,158,TOKEN,GW-NIMBUS,Success,AED,2,354.1157,354.1157,0.0,9.2634,9.2647,5.0865,4.176900000000001,1300.49
20251118,202511,174,LDEBIT,GW-NILE,Success,EGP,2,129.5812,129.5812,0.0,1.5279,1.528,0.5948,0.9331,6605.0
20251118,202511,806,LDEBIT,GW-NIMBUS,Success,SAR,47,6588.7413,6588.7413,0.0,55.6533,55.6538,31.7653,23.888,24707.78
20251118,202511,839,WALLET,GW-NILE,Success,EGP,62,1424.6697,1424.6697,0.0,23.0892,23.0892,13.7099,9.379300000000002,72618.12
20251118,202511,114,CARD,GW-ORION,Refunded,SAR,3,590.856,0.0,590.856,0.0,0.0,0.4507,-0.4507,2215.71
20251118,202511,314,WALLET,GW-NILE,Voided,EGP,1,15.9835,0.0,0.0,0.0,0.0,0.008,-0.008,814.71
20251118,202511,637,LDEBIT,GW-NIMBUS,Voided,SAR,4,165.1253,0.0,0.0,0.0,0.0,0.0587,-0.0587,619.22
20251118,202511,413,LDEBIT,GW-NILE,Success,EGP,61,422.3429,422.3429,0.0,7.8577,7.8577,3.8455,4.0122,21527.62
20251119,202511,813,CARD,GW-ORION,Success,SAR,83,1106.952,1106.952,0.0,32.2987,32.2987,19.1307,13.167999999999996,4151.07
20251119,202511,692,CARD,GW-NIMBUS,Failed,AED,156,6921.1627,0.0,0.0,0.0,0.0,2.339,-2.339,25417.97
20251119,202511,198,TOKEN,GW-ORION,Refunded,AED,2,176.1879,0.0,176.1879,0.0,0.0,0.2995,-0.2995,647.05
20251119,202511,612,LDEBIT,GW-NILE,Success,EGP,1,167.0956,167.0956,0.0,1.8881,1.8881,0.7118,1.1763,8517.18
20251119,202511,514,CARD,GW-NIMBUS,Success,SAR,1,212.9733,212.9733,0.0,4.7973,4.7982,2.9413,1.856,798.65
20251119,202511,355,LDEBIT,GW-NIMBUS,Success,SAR,8,197.1973,197.1973,0.0,2.6987,2.6977,1.248,1.4507,739.49
20251119,202511,553,CARD,GW-ATLAS,Failed,EGP,1,55.1355,0.0,0.0,0.0,0.0,0.02,-0.02,2810.36
20251120,202511,120,LDEBIT,GW-NIMBUS,Voided,SAR,3,229.4027,0.0,0.0,0.0,0.0,0.0453,-0.0453,860.26
20251120,202511,505,BANKTR,GW-NIMBUS,Voided,SAR,1,872.4613,0.0,0.0,0.0,0.0,0.016,-0.016,3271.73
20251120,202511,577,TOKEN,GW-ORION,Failed,AED,2,80.0436,0.0,0.0,0.0,0.0,0.0245,-0.0245,293.96
20251120,202511,908,BNPL,GW-ATLAS,Failed,SAR,5,68.448,0.0,0.0,0.0,0.0,0.1013,-0.1013,256.68
20251120,202511,591,LDEBIT,GW-NIMBUS,Success,SAR,10,127.584,127.584,0.0,1.968,1.9691,1.024,0.944,478.44
20251120,202511,796,BANKTR,GW-NIMBUS,Refunded,SAR,2,47.312,0.0,47.312,0.0,0.0,0.2987,-0.2987,177.42
20251120,202511,516,TOKEN,GW-ORION,Voided,SAR,9,312.936,0.0,0.0,0.0,0.0,0.1067,-0.1067,1173.51
20251120,202511,876,TOKEN,GW-NILE,Failed,EGP,1,25.5815,0.0,0.0,0.0,0.0,0.008,-0.008,1303.94
20251121,202511,736,CARD,GW-ORION,Failed,SAR,3,302.4,0.0,0.0,0.0,0.0,0.0373,-0.0373,1134.0
20251121,202511,566,CARD,GW-NILE,Success,EGP,92,795.1703,795.1703,0.0,27.298,27.2981,14.5372,12.760799999999998,40531.34
20251122,202511,604,LDEBIT,GW-NIMBUS,Success,SAR,246,8705.5093,8705.5093,0.0,89.992,89.9913,50.2453,39.7467,32645.66
20251122,202511,348,LDEBIT,GW-NILE,Failed,EGP,4,26.2466,0.0,0.0,0.0,0.0,0.032,-0.032,1337.84
20251122,202511,373,CARD,GW-ORION,Failed,SAR,1,18.704,0.0,0.0,0.0,0.0,0.0107,-0.0107,70.14
20251122,202511,682,TOKEN,GW-ORION,Success,SAR,35,486.3973,486.3973,0.0,14.56,14.5607,8.552,6.008000000000001,1823.99
20251122,202511,619,TOKEN,GW-NILE,Success,EGP,323,5295.8828,5295.8828,0.0,101.8999,101.8999,83.8472,18.0527,269941.21
20251122,202511,593,BNPL,GW-NILE,Success,EGP,1,393.5074,393.5074,0.0,17.2199,17.2199,11.341,5.8789,20057.82
20251122,202511,889,WALLET,GW-NILE,Failed,EGP,2,12.039,0.0,0.0,0.0,0.0,0.0161,-0.0161,613.65
20251122,202511,625,TOKEN,GW-ORION,Success,SAR,4,137.224,137.224,0.0,3.776,3.7765,2.064,1.7119999999999995,514.59
20251122,202511,898,CARD,GW-ATLAS,Failed,EGP,1,116.5642,0.0,0.0,0.0,0.0,0.02,-0.02,5941.5
20251123,202511,162,WALLET,GW-NILE,Success,EGP,229,4211.76,4211.76,0.0,58.4481,58.4482,42.1303,16.3178,214681.41
20251123,202511,245,BNPL,GW-ATLAS,Failed,EGP,4,30.2402,0.0,0.0,0.0,0.0,0.08,-0.08,1541.4
20251123,202511,534,CARD,GW-ORION,Refunded,SAR,18,939.7227,0.0,939.7227,0.0,0.0,2.6987,-2.6987,3523.96
20251123,202511,375,LDEBIT,GW-NILE,Failed,EGP,4,104.4546,0.0,0.0,0.0,0.0,0.032,-0.032,5324.25
20251123,202511,666,WALLET,GW-NILE,Success,EGP,21,114.6763,114.6763,0.0,3.2747,3.2746,1.6639,1.6108000000000002,5845.27
20251123,202511,449,CARD,GW-NILE,Voided,EGP,1,34.888,0.0,0.0,0.0,0.0,0.008,-0.008,1778.31
20251124,202511,270,TOKEN,GW-ATLAS,Success,AED,1,102.0858,102.0858,0.0,2.5705,2.5705,1.6174,0.9531,374.91
20251124,202511,157,LDEBIT,GW-NILE,Success,EGP,1,28.4229,28.4229,0.0,0.3835,0.3836,0.1501,0.2334,1448.77
20251124,202511,388,CARD,GW-NIMBUS,Failed,AED,171,8487.3792,0.0,0.0,0.0,0.0,2.565,-2.565,31169.9
20251124,202511,544,CARD,GW-ATLAS,Success,OMR,4,339.0897,339.0897,0.0,8.0884,8.097,5.2276,2.8608,130.38
20251124,202511,658,CARD,GW-NIMBUS,Success,SAR,9,17760.488,17760.488,0.0,295.808,295.8093,240.352,55.45599999999999,66601.83
20251124,202511,795,BNPL,GW-NILE,Success,EGP,6,43.2819,43.2819,0.0,2.0209,2.0208,1.2944,0.7265000000000001,2206.16
20251124,202511,363,TOKEN,GW-NIMBUS,Success,AED,35,520.599,520.599,0.0,15.1396,15.1406,9.563,5.576599999999999,1911.9
20251124,202511,803,TOKEN,GW-ATLAS,Failed,EGP,1,30.0821,0.0,0.0,0.0,0.0,0.02,-0.02,1533.34
20251124,202511,704,CARD,GW-ORION,Success,AED,1,262.6848,262.6848,0.0,6.2982,6.2994,3.4282,2.87,964.71
20251124,202511,433,TOKEN,GW-ATLAS,Refunded,EGP,1,7.1251,0.0,7.1251,0.0,0.0,0.1501,-0.1501,363.18
20251124,202511,567,LDEBIT,GW-NILE,Refunded,EGP,1,29.0068,0.0,29.0068,0.0,0.0,0.1501,-0.1501,1478.53
20251124,202511,480,CARD,GW-NIMBUS,Failed,OMR,6,425.2536,0.0,0.0,0.0,0.0,0.078,-0.078,163.51
20251125,202511,22,TOKEN,GW-ATLAS,Success,EGP,2,10.3637,10.3637,0.0,0.4459,0.4459,0.3047,0.1412,528.26
20251125,202511,702,TOKEN,GW-ATLAS,Success,EGP,1,20.5307,20.5307,0.0,0.6325,0.6324,0.3843,0.2481999999999999,1046.49
20251125,202511,177,CARD,GW-NIMBUS,Success,OMR,12,207.1521,207.1521,0.0,5.7997,5.8071,3.5891,2.2105999999999995,79.65
20251125,202511,76,BANKTR,GW-NIMBUS,Success,SAR,213,20537.5413,20537.5413,0.0,131.152,131.1512,88.0133,43.13869999999999,77015.78
20251126,202511,820,CARD,GW-ATLAS,Voided,EGP,3,64.7009,0.0,0.0,0.0,0.0,0.06,-0.06,3297.93
20251126,202511,403,CARD,GW-NIMBUS,Voided,SAR,1,18.24,0.0,0.0,0.0,0.0,0.016,-0.016,68.4
20251126,202511,99,WALLET,GW-NILE,Failed,EGP,1,26.2413,0.0,0.0,0.0,0.0,0.008,-0.008,1337.57
20251126,202511,471,LDEBIT,GW-NIMBUS,Refunded,SAR,2,73.5547,0.0,73.5547,0.0,0.0,0.2987,-0.2987,275.83
20251126,202511,156,BNPL,GW-ATLAS,Voided,SAR,1,45.3013,0.0,0.0,0.0,0.0,0.0213,-0.0213,169.88
20251126,202511,44,CARD,GW-NILE,Voided,EGP,4,18.0095,0.0,0.0,0.0,0.0,0.032,-0.032,917.98
20251126,202511,127,TOKEN,GW-NILE,Success,EGP,1,90.4728,90.4728,0.0,2.3813,2.3813,1.193,1.1883,4611.57
20251126,202511,342,TOKEN,GW-NIMBUS,Success,AED,1,89.0456,89.0456,0.0,2.2709,2.2718,1.3125,0.9584,327.02
20251126,202511,815,CARD,GW-ORION,Voided,SAR,1,35.5867,0.0,0.0,0.0,0.0,0.0107,-0.0107,133.45
20251127,202511,42,CARD,GW-ORION,Failed,SAR,9,90.0667,0.0,0.0,0.0,0.0,0.1067,-0.1067,337.75
20251127,202511,108,WALLET,GW-NILE,Failed,EGP,862,8449.14,0.0,0.0,0.0,0.0,6.896,-6.896,430668.72
20251128,202511,291,CARD,GW-ATLAS,Failed,OMR,1,11.9896,0.0,0.0,0.0,0.0,0.026,-0.026,4.61
20251128,202511,360,LDEBIT,GW-NILE,Success,EGP,4,30.4205,30.4205,0.0,0.5279,0.5279,0.2633,0.2646,1550.59
20251128,202511,429,CARD,GW-NILE,Refunded,EGP,8,220.3673,0.0,220.3673,0.0,0.0,1.2001,-1.2001,11232.54
20251128,202511,131,LDEBIT,GW-NIMBUS,Success,SAR,63,1918.7413,1918.7413,0.0,18.904,18.9035,11.4693,7.434699999999999,7195.28
20251129,202511,345,CARD,GW-ORION,Success,AED,3529,61267.5317,61267.5317,0.0,1123.4745,1123.4743,995.4255,128.04899999999998,225005.01
20251129,202511,639,TOKEN,GW-ATLAS,Failed,SAR,1,50.8107,0.0,0.0,0.0,0.0,0.0213,-0.0213,190.54
20251129,202511,171,LDEBIT,GW-NILE,Success,EGP,11,492.0303,492.0303,0.0,6.2279,6.228,2.3778,3.8501,25079.72
20251129,202511,669,CARD,GW-NIMBUS,Success,OMR,7,549.6749,549.6749,0.0,13.7321,13.7348,7.8804,5.851700000000001,211.35
20251129,202511,495,WALLET,GW-NILE,Success,EGP,7,1179.1413,1179.1413,0.0,15.1091,15.1092,9.796,5.3131,60103.07
20251129,202511,403,LDEBIT,GW-NIMBUS,Failed,SAR,9,164.1493,0.0,0.0,0.0,0.0,0.136,-0.136,615.56
20251129,202511,449,BNPL,GW-ATLAS,Failed,EGP,4,139.5524,0.0,0.0,0.0,0.0,0.08,-0.08,7113.25
20251129,202511,312,WALLET,GW-NILE,Failed,EGP,1,56.1231,0.0,0.0,0.0,0.0,0.008,-0.008,2860.7
20251129,202511,552,BNPL,GW-ATLAS,Failed,SAR,10,160.8453,0.0,0.0,0.0,0.0,0.2,-0.2,603.17
20251129,202511,654,CARD,GW-ATLAS,Failed,EGP,3,21.2166,0.0,0.0,0.0,0.0,0.06,-0.06,1081.45
20251129,202511,11,CARD,GW-ORION,Failed,SAR,18,403.704,0.0,0.0,0.0,0.0,0.216,-0.216,1513.89
20251130,202511,507,CARD,GW-NILE,Success,EGP,4,248.7743,248.7743,0.0,6.388,6.3881,3.2345,3.1535,12680.5
20251130,202511,142,CARD,GW-NIMBUS,Failed,SAR,5,116.1413,0.0,0.0,0.0,0.0,0.0747,-0.0747,435.53
20251130,202511,711,CARD,GW-ATLAS,Success,OMR,12,177.5553,177.5553,0.0,5.4876,5.4894,3.485,2.0026,68.27
20251130,202511,135,CARD,GW-ATLAS,Success,SAR,224,2439.3573,2439.3573,0.0,86.48,86.4798,52.1413,34.3387,9147.59
20251130,202511,652,LDEBIT,GW-NIMBUS,Success,SAR,4,755.168,755.168,0.0,8.84,8.8391,3.5787,5.2613,2831.88
20251130,202511,724,LDEBIT,GW-NIMBUS,Success,SAR,8,474.7947,474.7947,0.0,5.784,5.7842,2.496,3.288,1780.48
20251130,202511,209,CARD,GW-NILE,Failed,EGP,1,30.0742,0.0,0.0,0.0,0.0,0.008,-0.008,1532.94
20251130,202511,559,CARD,GW-NILE,Success,EGP,5,638.7427,638.7427,0.0,14.712,14.712,8.0258,6.6862,32557.93
20251201,202512,663,CARD,GW-ORION,Success,SAR,1,341.784,341.784,0.0,7.6907,7.691,4.44,3.2506999999999997,1281.69
20251202,202512,891,CARD,GW-ATLAS,Refunded,EGP,1,25.5894,0.0,25.5894,0.0,0.0,0.1501,-0.1501,1302.58
20251202,202512,791,WALLET,GW-NILE,Refunded,EGP,2,47.8764,0.0,47.8764,0.0,0.0,0.3,-0.3,2437.06
20251202,202512,606,CARD,GW-ATLAS,Failed,EGP,4,97.1006,0.0,0.0,0.0,0.0,0.08,-0.08,4942.73
20251202,202512,52,WALLET,GW-NILE,Success,EGP,4,328.1039,328.1039,0.0,6.0621,6.0621,2.7977,3.2644,16701.54
20251202,202512,318,LDEBIT,GW-NIMBUS,Success,AED,10,353.7345,353.7345,0.0,4.4057,4.4069,2.0422,2.3635000000000006,1299.09
20251203,202512,593,TOKEN,GW-NILE,Success,EGP,1,109.7169,109.7169,0.0,2.5545,2.5544,1.4355,1.119,5584.94
20251203,202512,762,LDEBIT,GW-NIMBUS,Success,AED,16,269.7427,269.7427,0.0,3.9946,3.9932,1.9333,2.0613,990.63
20251203,202512,455,BNPL,GW-ATLAS,Success,SAR,118,1912.024,1912.024,0.0,49.9813,49.9803,68.44,-18.4587,7170.09
20251203,202512,598,TOKEN,GW-ATLAS,Failed,EGP,1,31.3968,0.0,0.0,0.0,0.0,0.02,-0.02,1598.2
20251203,202512,598,LDEBIT,GW-NILE,Failed,EGP,3,94.1905,0.0,0.0,0.0,0.0,0.024,-0.024,4794.6
20251203,202512,806,CARD,GW-ORION,Voided,SAR,2,270.9973,0.0,0.0,0.0,0.0,0.024,-0.024,1016.24
20251204,202512,413,TOKEN,GW-ATLAS,Success,EGP,26,193.6065,193.6065,0.0,7.1616,7.1617,4.8514,2.3102,9855.19
20251204,202512,471,LDEBIT,GW-NIMBUS,Success,SAR,8,299.4747,299.4747,0.0,3.6773,3.6763,1.7067,1.9706,1123.03
20251204,202512,350,LDEBIT,GW-NIMBUS,Failed,SAR,1,27.5707,0.0,0.0,0.0,0.0,0.016,-0.016,103.39
20251204,202512,282,LDEBIT,GW-NILE,Success,EGP,2,7.9637,7.9637,0.0,0.1945,0.1946,0.1022,0.0923,405.38
20251204,202512,879,TOKEN,GW-NIMBUS,Failed,AED,2,55.9074,0.0,0.0,0.0,0.0,0.03,-0.03,205.32
20251204,202512,204,CARD,GW-ORION,Success,SAR,15,369.9093,369.9093,0.0,9.6693,9.6686,5.6347,4.0346,1387.16
20251204,202512,344,LDEBIT,GW-NILE,Failed,EGP,2,29.9977,0.0,0.0,0.0,0.0,0.0159,-0.0159,1526.98
20251204,202512,706,CARD,GW-ORION,Voided,SAR,1,13.536,0.0,0.0,0.0,0.0,0.0107,-0.0107,50.76
20251204,202512,146,LDEBIT,GW-NIMBUS,Failed,SAR,1,11.568,0.0,0.0,0.0,0.0,0.016,-0.016,43.38
20251204,202512,86,LDEBIT,GW-NILE,Refunded,EGP,1,5.158,0.0,5.158,0.0,0.0,0.1501,-0.1501,262.56
20251204,202512,813,CARD,GW-ORION,Failed,SAR,12,161.3227,0.0,0.0,0.0,0.0,0.144,-0.144,604.96
20251205,202512,285,TOKEN,GW-ATLAS,Voided,SAR,8,416.7547,0.0,0.0,0.0,0.0,0.16,-0.16,1562.83
20251205,202512,35,CARD,GW-ATLAS,Success,SAR,16,1527.9733,1527.9733,0.0,38.32,38.3208,23.4613,14.8587,5729.9
20251205,202512,446,CARD,GW-NIMBUS,Success,OMR,191,7093.9402,7093.9402,0.0,131.5215,131.5114,108.1925,23.329000000000008,2727.62
20251205,202512,625,LDEBIT,GW-NIMBUS,Refunded,SAR,1,24.736,0.0,24.736,0.0,0.0,0.1493,-0.1493,92.76
20251205,202512,106,LDEBIT,GW-NILE,Success,EGP,2,28.4037,28.4037,0.0,0.4161,0.4162,0.1851,0.231,1445.84
20251205,202512,142,CARD,GW-NIMBUS,Refunded,SAR,1,12.712,0.0,12.712,0.0,0.0,0.1493,-0.1493,47.67
20251205,202512,368,CARD,GW-ATLAS,Failed,OMR,13,520.4161,0.0,0.0,0.0,0.0,0.2601,-0.2601,200.1
20251205,202512,559,CARD,GW-NILE,Success,EGP,10,1327.1124,1327.1124,0.0,30.5283,30.5283,16.6544,13.873900000000004,67554.27
20251206,202512,815,TOKEN,GW-NIMBUS,Failed,SAR,1,35.5867,0.0,0.0,0.0,0.0,0.016,-0.016,133.45
20251206,202512,721,TOKEN,GW-NIMBUS,Failed,AED,1,49.3533,0.0,0.0,0.0,0.0,0.0163,-0.0163,181.25
20251206,202512,353,CARD,GW-ATLAS,Success,OMR,16,734.1222,734.1222,0.0,17.0351,17.0312,11.8856,5.1495,282.27
20251206,202512,35,CARD,GW-ATLAS,Success,SAR,18,1647.6427,1647.6427,0.0,41.4,41.4005,25.3547,16.045299999999997,6178.66
20251206,202512,435,CARD,GW-NIMBUS,Failed,SAR,1,45.9973,0.0,0.0,0.0,0.0,0.016,-0.016,172.49
20251206,202512,447,LDEBIT,GW-NIMBUS,Success,AED,1,142.7992,142.7992,0.0,1.7563,1.7566,0.6889,1.0674,524.43
20251206,202512,516,CARD,GW-ORION,Voided,SAR,11,382.4773,0.0,0.0,0.0,0.0,0.1333,-0.1333,1434.29
20251207,202512,304,LDEBIT,GW-NIMBUS,Failed,SAR,2,24.6,0.0,0.0,0.0,0.0,0.0293,-0.0293,92.25
20251207,202512,240,CARD,GW-ORION,Voided,SAR,1,49.2507,0.0,0.0,0.0,0.0,0.0107,-0.0107,184.69
20251207,202512,228,LDEBIT,GW-NIMBUS,Refunded,AED,1,12.55,0.0,12.55,0.0,0.0,0.1498,-0.1498,46.09
20251207,202512,881,CARD,GW-ATLAS,Success,EGP,4,1914.3508,1914.3508,0.0,27.7509,27.7509,28.2073,-0.4563999999999986,97446.58
20251207,202512,516,TOKEN,GW-ORION,Failed,SAR,7,243.3947,0.0,0.0,0.0,0.0,0.0853,-0.0853,912.73
20251207,202512,900,CARD,GW-NIMBUS,Success,SAR,5,12111.512,12111.512,0.0,188.0773,188.0784,163.8293,24.24800000000002,45418.17
20251207,202512,252,CARD,GW-NIMBUS,Success,SAR,8,366.024,366.024,0.0,9.7573,9.7563,5.4613,4.296000000000001,1372.59
20251207,202512,393,CARD,GW-NILE,Success,EGP,1,13.0772,13.0772,0.0,0.3862,0.3862,0.212,0.1742,665.67
20251207,202512,781,CARD,GW-ORION,Failed,AED,2,28.58,0.0,0.0,0.0,0.0,0.0245,-0.0245,104.96
20251207,202512,559,BNPL,GW-ATLAS,Failed,EGP,1,134.8287,0.0,0.0,0.0,0.0,0.02,-0.02,6863.21
20251207,202512,542,CARD,GW-ATLAS,Success,EGP,48,1185.9362,1185.9362,0.0,30.4637,30.4637,20.8429,9.6208,60367.95
20251208,202512,790,CARD,GW-ATLAS,Success,EGP,25,157.852,157.852,0.0,6.2161,6.2161,4.1514,2.0647,8035.17
20251208,202512,932,TOKEN,GW-ATLAS,Success,EGP,5,115.8469,115.8469,0.0,3.1853,3.1853,2.1217,1.0635999999999997,5896.98
20251208,202512,56,LDEBIT,GW-NILE,Success,EGP,9,114.2396,114.2396,0.0,1.8011,1.801,0.7778,1.0233,5815.16
20251208,202512,135,CARD,GW-ATLAS,Success,SAR,184,2081.0427,2081.0427,0.0,73.032,73.0317,43.9573,29.0747,7803.91
20251208,202512,15,BNPL,GW-ATLAS,Failed,AED,11,124.1743,0.0,0.0,0.0,0.0,0.2206,-0.2206,456.03
20251208,202512,543,CARD,GW-ATLAS,Success,EGP,110,716.9968,716.9968,0.0,27.3833,27.3834,18.5937,8.7896,36497.43
20251209,202512,248,CARD,GW-ATLAS,Failed,SAR,8,94.7733,0.0,0.0,0.0,0.0,0.16,-0.16,355.4
20251209,202512,61,WALLET,GW-NILE,Success,EGP,30,4269.5561,4269.5561,0.0,56.8831,56.8831,35.6333,21.2498,217334.07
20251209,202512,510,CARD,GW-ORION,Failed,SAR,3,145.656,0.0,0.0,0.0,0.0,0.0373,-0.0373,546.21
20251209,202512,388,CARD,GW-NIMBUS,Voided,AED,13,645.2389,0.0,0.0,0.0,0.0,0.1961,-0.1961,2369.64
20251209,202512,514,LDEBIT,GW-NIMBUS,Success,SAR,1,462.4533,462.4533,0.0,5.0347,5.0352,2.1253,2.9094,1734.2
20251209,202512,492,CARD,GW-ORION,Success,SAR,18,3372.1013,3372.1013,0.0,75.952,75.9525,44.3013,31.6507,12645.38
20251209,202512,619,LDEBIT,GW-NILE,Refunded,EGP,7,89.9118,0.0,89.9118,0.0,0.0,1.05,-1.05,4576.8
20251210,202512,517,TOKEN,GW-ATLAS,Success,SAR,1,11.144,11.144,0.0,0.3733,0.3726,0.2427,0.1306,41.79
20251210,202512,170,CARD,GW-NILE,Voided,EGP,1,28.6693,0.0,0.0,0.0,0.0,0.0081,-0.0081,1459.36
20251210,202512,239,TOKEN,GW-ATLAS,Failed,OMR,4,31.4954,0.0,0.0,0.0,0.0,0.078,-0.078,12.11
20251210,202512,29,BNPL,GW-NILE,Failed,EGP,1,17.9445,0.0,0.0,0.0,0.0,0.0081,-0.0081,913.43
20251210,202512,908,BNPL,GW-ATLAS,Success,SAR,68,934.1573,934.1573,0.0,26.68,26.6795,33.6453,-6.965299999999999,3503.09
20251210,202512,625,TOKEN,GW-ORION,Failed,SAR,1,29.536,0.0,0.0,0.0,0.0,0.0107,-0.0107,110.76
20251210,202512,252,BNPL,GW-ATLAS,Success,SAR,1,72.952,72.952,0.0,3.5547,3.5542,2.5413,1.0134,273.57
20251210,202512,839,TOKEN,GW-NILE,Voided,EGP,2,46.0953,0.0,0.0,0.0,0.0,0.0159,-0.0159,2346.4
20251210,202512,791,CARD,GW-NILE,Success,EGP,16,419.6699,419.6699,0.0,11.03,11.03,5.947,5.082999999999999,21362.54
20251210,202512,346,LDEBIT,GW-NIMBUS,Refunded,SAR,1,37.712,0.0,37.712,0.0,0.0,0.1493,-0.1493,141.42
20251210,202512,184,CARD,GW-NILE,Success,EGP,345,1474.6222,1474.6222,0.0,67.7674,67.7675,36.2017,31.565699999999996,75062.99
20251210,202512,774,TOKEN,GW-ORION,Voided,AED,1,31.5589,0.0,0.0,0.0,0.0,0.0109,-0.0109,115.9
20251211,202512,177,CARD,GW-NIMBUS,Success,OMR,16,249.1808,249.1808,0.0,7.1521,7.1418,4.3953,2.7568,95.81
20251211,202512,409,TOKEN,GW-ATLAS,Failed,EGP,6,102.7871,0.0,0.0,0.0,0.0,0.12,-0.12,5232.19
20251211,202512,144,CARD,GW-ATLAS,Failed,EGP,2,82.3612,0.0,0.0,0.0,0.0,0.0401,-0.0401,4192.45
20251211,202512,334,LDEBIT,GW-NIMBUS,Success,OMR,8,486.3199,486.3199,0.0,5.6697,5.662,2.5488,3.1209,186.99
20251211,202512,163,CARD,GW-ORION,Refunded,SAR,1,78.1867,0.0,78.1867,0.0,0.0,0.1493,-0.1493,293.2
20251211,202512,191,TOKEN,GW-NIMBUS,Success,SAR,156,1819.36,1819.36,0.0,57.208,57.2088,35.6107,21.5973,6822.6
20251212,202512,189,CARD,GW-ORION,Failed,SAR,1,9.7547,0.0,0.0,0.0,0.0,0.0107,-0.0107,36.58
20251212,202512,908,TOKEN,GW-ORION,Refunded,SAR,1,12.3173,0.0,12.3173,0.0,0.0,0.1493,-0.1493,46.19
20251212,202512,315,TOKEN,GW-ORION,Failed,SAR,3,40.9467,0.0,0.0,0.0,0.0,0.0373,-0.0373,153.55
20251212,202512,588,BNPL,GW-NILE,Failed,EGP,7,223.6954,0.0,0.0,0.0,0.0,0.056,-0.056,11386.81
20251212,202512,516,CARD,GW-ORION,Success,SAR,838,29288.6427,29288.6427,0.0,463.056,463.0548,425.3413,37.71469999999999,109832.41
20251212,202512,709,CARD,GW-ORION,Failed,SAR,9,152.7813,0.0,0.0,0.0,0.0,0.1067,-0.1067,572.93
20251212,202512,15,CARD,GW-ORION,Failed,AED,24,270.9244,0.0,0.0,0.0,0.0,0.2886,-0.2886,994.97
20251213,202512,205,TOKEN,GW-ATLAS,Success,EGP,33,1037.4976,1037.4976,0.0,16.5483,16.5482,18.1289,-1.5806000000000004,52811.95
20251213,202512,81,BNPL,GW-ATLAS,Success,AED,3,336.9612,336.9612,0.0,15.8911,15.8911,11.7059,4.1852,1237.49
20251213,202512,400,BNPL,GW-ATLAS,Success,SAR,20,466.7813,466.7813,0.0,23.24,23.241,16.5307,6.709299999999999,1750.43
20251213,202512,297,CARD,GW-NILE,Failed,EGP,1,138.9402,0.0,0.0,0.0,0.0,0.0081,-0.0081,7072.5
20251213,202512,523,LDEBIT,GW-NIMBUS,Success,OMR,1,731.5475,731.5475,0.0,7.6463,7.6508,3.329,4.3173,281.28
20251213,202512,241,TOKEN,GW-NILE,Success,EGP,8,62.5715,62.5715,0.0,2.3574,2.3574,1.2125,1.1449000000000005,3185.09
20251213,202512,11,LDEBIT,GW-NIMBUS,Success,SAR,77,1716.3307,1716.3307,0.0,14.0827,14.0826,11.1893,2.893400000000001,6436.24
20251214,202512,666,WALLET,GW-NILE,Failed,EGP,4,22.773,0.0,0.0,0.0,0.0,0.032,-0.032,1159.22
20251214,202512,209,CARD,GW-NILE,Failed,EGP,1,30.0741,0.0,0.0,0.0,0.0,0.0081,-0.0081,1530.87
20251214,202512,449,TOKEN,GW-NILE,Refunded,EGP,2,62.7503,0.0,62.7503,0.0,0.0,0.3,-0.3,3194.19
20251214,202512,660,BNPL,GW-NILE,Failed,EGP,2,50.5389,0.0,0.0,0.0,0.0,0.0159,-0.0159,2572.59
20251214,202512,223,TOKEN,GW-ORION,Voided,AED,2,22.8046,0.0,0.0,0.0,0.0,0.0245,-0.0245,83.75
20251214,202512,546,LDEBIT,GW-NILE,Success,EGP,1,157.5386,157.5386,0.0,1.8113,1.8113,0.673,1.1383,8019.22
20251215,202512,289,CARD,GW-ATLAS,Success,EGP,3,135.7329,135.7329,0.0,3.5835,3.5834,2.201,1.3824999999999998,6909.24
20251215,202512,611,LDEBIT,GW-NIMBUS,Success,SAR,10,441.4907,441.4907,0.0,5.4667,5.4668,2.4373,3.0294000000000003,1655.59
20251215,202512,180,TOKEN,GW-NIMBUS,Refunded,AED,1,47.1423,0.0,47.1423,0.0,0.0,0.1498,-0.1498,173.13
20251215,202512,638,TOKEN,GW-NIMBUS,Success,SAR,21,207.52,207.52,0.0,7.128,7.1274,4.2693,2.8587,778.2
20251215,202512,840,CARD,GW-NIMBUS,Success,SAR,11,214.1493,214.1493,0.0,6.4453,6.4445,3.6053,2.8399999999999994,803.06
20251215,202512,559,WALLET,GW-NILE,Success,EGP,1,49.6831,49.6831,0.0,0.9343,0.9344,0.4375,0.4968,2529.03
20251215,202512,665,CARD,GW-NIMBUS,Success,AED,38,1209.7454,1209.7454,0.0,34.3417,34.3425,18.8019,15.539800000000003,4442.79
20251215,202512,415,TOKEN,GW-ATLAS,Success,AED,2,70.9326,70.9326,0.0,2.0068,2.0067,1.2199,0.7869000000000002,260.5
20251215,202512,342,TOKEN,GW-NIMBUS,Success,AED,4,220.9122,220.9122,0.0,5.789,5.788,3.3519,2.4371,811.3
20251215,202512,126,TOKEN,GW-NIMBUS,Success,OMR,7,89.5709,89.5709,0.0,3.0429,3.0352,1.7165,1.3264,34.44
20251215,202512,387,TOKEN,GW-ATLAS,Success,SAR,38,1662.0613,1662.0613,0.0,41.7947,41.7947,27.9413,13.8534,6232.73
20251215,202512,803,TOKEN,GW-ATLAS,Success,EGP,2,65.5094,65.5094,0.0,1.7225,1.7224,1.1384,0.5840999999999998,3334.64
20251215,202512,47,CARD,GW-ATLAS,Success,SAR,4,738.8827,738.8827,0.0,18.1093,18.1089,11.0693,7.040000000000001,2770.81
20251215,202512,163,CARD,GW-ORION,Voided,SAR,1,52.136,0.0,0.0,0.0,0.0,0.0107,-0.0107,195.51
20251215,202512,194,TOKEN,GW-ATLAS,Success,EGP,1,151.2475,151.2475,0.0,3.4835,3.4834,2.361,1.1224999999999996,7698.98
20251216,202512,181,LDEBIT,GW-NIMBUS,Success,AED,14,188.049,188.049,0.0,3.0225,3.023,1.4758,1.5467,690.61
20251216,202512,362,LDEBIT,GW-NIMBUS,Success,SAR,5,243.2987,243.2987,0.0,2.8533,2.8533,1.32,1.5333,912.37
20251216,202512,171,LDEBIT,GW-NILE,Refunded,EGP,1,65.4817,0.0,65.4817,0.0,0.0,0.1501,-0.1501,3333.23
20251216,202512,440,CARD,GW-ATLAS,Success,EGP,5,181.4289,181.4289,0.0,4.7708,4.7708,3.0153,1.7555000000000005,9235.31
20251216,202512,638,CARD,GW-NIMBUS,Failed,SAR,10,106.6347,0.0,0.0,0.0,0.0,0.1493,-0.1493,399.88
20251216,202512,403,CARD,GW-NIMBUS,Failed,SAR,41,747.792,0.0,0.0,0.0,0.0,0.616,-0.616,2804.22
20251216,202512,450,CARD,GW-NILE,Failed,EGP,1,34.5884,0.0,0.0,0.0,0.0,0.0081,-0.0081,1760.66
20251217,202512,686,CARD,GW-ATLAS,Failed,EGP,6,38.4106,0.0,0.0,0.0,0.0,0.12,-0.12,1955.22
20251217,202512,803,CARD,GW-ATLAS,Failed,EGP,1,30.082,0.0,0.0,0.0,0.0,0.02,-0.02,1531.27
20251217,202512,387,LDEBIT,GW-NIMBUS,Failed,SAR,6,278.0693,0.0,0.0,0.0,0.0,0.0907,-0.0907,1042.76
20251217,202512,144,BNPL,GW-NILE,Success,EGP,2,64.3798,64.3798,0.0,2.7026,2.7027,1.8702,0.8323999999999998,3277.14
20251217,202512,579,WALLET,GW-NILE,Success,EGP,1,10.1844,10.1844,0.0,0.234,0.2339,0.1175,0.1165,518.42
20251217,202512,61,TOKEN,GW-ATLAS,Success,EGP,18,2549.5766,2549.5766,0.0,43.8739,43.8739,39.8816,3.9923,129781.61
20251217,202512,32,WALLET,GW-NILE,Success,EGP,18,247.5662,247.5662,0.0,5.4898,5.4899,2.6352,2.8546,12601.91
20251217,202512,527,BANKTR,GW-NILE,Success,EGP,306,4415.4719,4415.4719,0.0,137.5275,137.5276,100.8249,36.7026,224761.65
20251217,202512,108,CARD,GW-ATLAS,Failed,EGP,1549,15182.9675,0.0,0.0,0.0,0.0,30.98,-30.98,772861.63
20251217,202512,26,CARD,GW-ATLAS,Refunded,AED,3,813.1491,0.0,813.1491,0.0,0.0,0.4493,-0.4493,2986.29
20251218,202512,605,BNPL,GW-ATLAS,Failed,EGP,1,28.8724,0.0,0.0,0.0,0.0,0.02,-0.02,1469.7
20251218,202512,492,TOKEN,GW-ATLAS,Success,SAR,3,909.72,909.72,0.0,20.7493,20.7505,13.976,6.773300000000001,3411.45
20251218,202512,157,CARD,GW-NILE,Success,EGP,3,64.1408,64.1408,0.0,1.8415,1.8416,0.9383,0.9032,3264.97
20251218,202512,588,LDEBIT,GW-NILE,Success,EGP,12,371.1619,371.1619,0.0,4.6086,4.6085,1.9233,2.6853,18893.33
20251218,202512,425,BANKTR,GW-NILE,Success,EGP,247,16594.1976,16594.1976,0.0,138.9198,138.9197,87.2483,51.67150000000001,844697.76
20251219,202512,593,WALLET,GW-NILE,Success,EGP,3,774.6531,774.6531,0.0,13.7064,13.7064,6.3798,7.3266,39432.32
20251219,202512,334,CARD,GW-ATLAS,Failed,OMR,4,251.8075,0.0,0.0,0.0,0.0,0.078,-0.078,96.82
20251219,202512,46,CARD,GW-NILE,Success,EGP,180,1440.4643,1440.4643,0.0,51.75,51.7501,27.0417,24.7083,73324.24
20251219,202512,205,CARD,GW-NILE,Success,EGP,126,3831.7267,3831.7267,0.0,60.3021,60.3022,53.2334,7.0687,195047.15
20251219,202512,739,TOKEN,GW-ORION,Success,SAR,21,961.6373,961.6373,0.0,24.0933,24.0926,14.04,10.0533,3606.14
20251219,202512,274,CARD,GW-ORION,Success,SAR,34,698.384,698.384,0.0,20.12,20.1193,10.976,9.144,2618.94
20251219,202512,246,TOKEN,GW-NILE,Failed,EGP,1,6.4853,0.0,0.0,0.0,0.0,0.0081,-0.0081,330.12
20251219,202512,666,WALLET,GW-NILE,Failed,EGP,1,5.6932,0.0,0.0,0.0,0.0,0.0081,-0.0081,289.8
20251219,202512,845,TOKEN,GW-ORION,Success,SAR,1,65.024,65.024,0.0,1.5947,1.596,0.9253,0.6694,243.84
20251219,202512,628,CARD,GW-NILE,Success,EGP,3,15.0543,15.0543,0.0,0.6693,0.6692,0.3418,0.3275,766.31
20251219,202512,105,WALLET,GW-NILE,Failed,EGP,7,40.5914,0.0,0.0,0.0,0.0,0.056,-0.056,2066.23
20251220,202512,190,CARD,GW-ORION,Failed,SAR,3,165.4827,0.0,0.0,0.0,0.0,0.0373,-0.0373,620.56
20251220,202512,500,TOKEN,GW-ATLAS,Success,EGP,218,1258.0044,1258.0044,0.0,50.9858,50.9857,35.153,15.8328,64036.45
20251220,202512,759,CARD,GW-NIMBUS,Refunded,AED,4,41.6474,0.0,41.6474,0.0,0.0,0.599,-0.599,152.95
20251220,202512,820,CARD,GW-ATLAS,Success,EGP,38,903.6884,903.6884,0.0,23.4643,23.4643,15.9878,7.4765000000000015,46000.63
20251220,202512,850,LDEBIT,GW-NILE,Success,EGP,1,109.5464,109.5464,0.0,1.2726,1.2725,0.4788,0.7938,5576.26
20251220,202512,908,CARD,GW-NIMBUS,Refunded,SAR,2,26.5707,0.0,26.5707,0.0,0.0,0.2987,-0.2987,99.64
20251220,202512,833,LDEBIT,GW-NILE,Voided,EGP,1,4.4461,0.0,0.0,0.0,0.0,0.0081,-0.0081,226.32
20251220,202512,839,TOKEN,GW-NILE,Success,EGP,75,1700.0454,1700.0454,0.0,37.1908,37.1908,25.3957,11.7951,86537.75
20251220,202512,545,LDEBIT,GW-NILE,Success,EGP,3,83.6523,83.6523,0.0,0.9866,0.9865,0.4438,0.5428000000000001,4258.17
20251220,202512,304,LDEBIT,GW-NIMBUS,Voided,SAR,1,12.3013,0.0,0.0,0.0,0.0,0.016,-0.016,46.13
20251221,202512,291,TOKEN,GW-NIMBUS,Success,OMR,2,24.5774,24.5774,0.0,0.8062,0.8173,0.4681,0.3381,9.45
20251221,202512,723,BANKTR,GW-NIMBUS,Success,AED,26,44145.9306,44145.9306,0.0,108.0408,108.041,31.5616,76.4792,162125.93
20251221,202512,483,WALLET,GW-NILE,Voided,EGP,2,16.9162,0.0,0.0,0.0,0.0,0.0159,-0.0159,861.09
20251221,202512,913,LDEBIT,GW-NILE,Success,EGP,3,243.0154,243.0154,0.0,2.837,2.837,1.0891,1.7479000000000002,12370.26
20251221,202512,556,TOKEN,GW-ORION,Failed,AED,2,27.3519,0.0,0.0,0.0,0.0,0.0245,-0.0245,100.45
20251221,202512,724,TOKEN,GW-NIMBUS,Success,SAR,4,201.6107,201.6107,0.0,5.1787,5.1782,3.0827,2.096,756.04
20251222,202512,189,CARD,GW-ORION,Success,SAR,22,238.6587,238.6587,0.0,7.792,7.792,4.368,3.4239999999999995,894.97
20251222,202512,708,LDEBIT,GW-NILE,Success,EGP,4,398.9252,398.9252,0.0,4.6082,4.6081,1.7557,2.8525,20306.57
20251222,202512,522,CARD,GW-ATLAS,Refunded,OMR,1,55.1886,0.0,55.1886,0.0,0.0,0.156,-0.156,21.22
20251222,202512,811,LDEBIT,GW-NILE,Failed,EGP,1,7.4139,0.0,0.0,0.0,0.0,0.0081,-0.0081,377.39
20251222,202512,66,LDEBIT,GW-NILE,Failed,EGP,1,5.8511,0.0,0.0,0.0,0.0,0.0081,-0.0081,297.84
20251222,202512,115,TOKEN,GW-NIMBUS,Success,AED,1,43.4282,43.4282,0.0,1.1872,1.1881,0.6726,0.5146000000000001,159.49
20251222,202512,57,CARD,GW-ATLAS,Success,SAR,14,13892.192,13892.192,0.0,218.1147,218.115,203.584,14.530699999999996,52095.72
20251222,202512,545,TOKEN,GW-ATLAS,Failed,EGP,1,31.9259,0.0,0.0,0.0,0.0,0.02,-0.02,1625.13
20251223,202512,285,TOKEN,GW-ATLAS,Success,SAR,482,24400.7467,24400.7467,0.0,432.4373,432.4362,404.608,27.82929999999999,91502.8
20251223,202512,241,LDEBIT,GW-NILE,Failed,EGP,1,7.3938,0.0,0.0,0.0,0.0,0.0081,-0.0081,376.37
20251223,202512,942,WALLET,GW-NILE,Failed,EGP,4,139.0005,0.0,0.0,0.0,0.0,0.032,-0.032,7075.57
20251223,202512,491,TOKEN,GW-NIMBUS,Success,OMR,1,100.8322,100.8322,0.0,2.6528,2.651,1.4824,1.1704,38.77
20251224,202512,814,CARD,GW-NILE,Success,EGP,57,344.6481,344.6481,0.0,14.3117,14.3117,7.2084,7.1033,17543.69
20251224,202512,443,CARD,GW-ORION,Success,SAR,50,880.7227,880.7227,0.0,24.5333,24.5344,14.2667,10.2666,3302.71
20251224,202512,657,CARD,GW-ATLAS,Refunded,EGP,1,8.0938,0.0,8.0938,0.0,0.0,0.1501,-0.1501,412.0
20251224,202512,674,LDEBIT,GW-NIMBUS,Refunded,AED,1,16.4248,0.0,16.4248,0.0,0.0,0.1498,-0.1498,60.32
20251224,202512,605,TOKEN,GW-ATLAS,Success,EGP,1,62.0319,62.0319,0.0,1.4524,1.4523,1.0119,0.4404999999999999,3157.62
20251224,202512,557,TOKEN,GW-ORION,Success,SAR,56,2676.072,2676.072,0.0,71.672,71.6722,38.9227,32.7493,10035.27
20251224,202512,913,TOKEN,GW-ATLAS,Success,EGP,1,65.0364,65.0364,0.0,1.604,1.6041,1.0573,0.5467000000000002,3310.56
20251225,202512,660,CARD,GW-ATLAS,Failed,EGP,2,50.5389,0.0,0.0,0.0,0.0,0.0401,-0.0401,2572.59
20251225,202512,482,CARD,GW-ATLAS,Success,SAR,8,1373.592,1373.592,0.0,31.4853,31.486,20.6187,10.866599999999998,5150.97
20251225,202512,641,TOKEN,GW-ORION,Voided,AED,1,38.4915,0.0,0.0,0.0,0.0,0.0109,-0.0109,141.36
20251225,202512,839,LDEBIT,GW-NILE,Refunded,EGP,5,103.5489,0.0,103.5489,0.0,0.0,0.7501,-0.7501,5270.97
20251225,202512,746,CARD,GW-ORION,Success,SAR,45,775.0187,775.0187,0.0,23.0853,23.0849,12.6133,10.472,2906.32
20251225,202512,641,CARD,GW-NIMBUS,Success,AED,27,1127.2784,1127.2784,0.0,26.9598,26.959,16.9721,9.9877,4139.93
20251226,202512,539,CARD,GW-ATLAS,Success,EGP,10,49.9236,49.9236,0.0,2.1229,2.1229,1.4679,0.655,2541.27
20251226,202512,542,LDEBIT,GW-NILE,Success,EGP,10,299.5262,299.5262,0.0,3.6689,3.669,1.5632,2.1057,15246.84
20251226,202512,220,WALLET,GW-NILE,Failed,EGP,6,189.8429,0.0,0.0,0.0,0.0,0.0479,-0.0479,9663.61
20251226,202512,379,CARD,GW-ATLAS,Success,AED,54,827.2131,827.2131,0.0,25.4078,25.4073,16.0572,9.3506,3037.94
20251226,202512,2,TOKEN,GW-ORION,Success,AED,9,573.356,573.356,0.0,13.3833,13.382,8.1607,5.2226,2105.65
20251226,202512,581,CARD,GW-NILE,Voided,EGP,35,243.2627,0.0,0.0,0.0,0.0,0.2799,-0.2799,12382.85
20251226,202512,759,CARD,GW-NIMBUS,Voided,AED,3,45.0129,0.0,0.0,0.0,0.0,0.0463,-0.0463,165.31
20251226,202512,699,TOKEN,GW-ORION,Success,SAR,4,56.3627,56.3627,0.0,1.7333,1.7321,0.9867,0.7466,211.36
20251226,202512,586,CARD,GW-ORION,Refunded,AED,1,22.8918,0.0,22.8918,0.0,0.0,0.1498,-0.1498,84.07
20251227,202512,479,TOKEN,GW-ATLAS,Voided,OMR,2,20.2341,0.0,0.0,0.0,0.0,0.052,-0.052,7.78
20251227,202512,91,LDEBIT,GW-NIMBUS,Success,OMR,6,326.632,326.632,0.0,2.8088,2.8062,1.7425,1.0663000000000002,125.59
20251227,202512,601,CARD,GW-NIMBUS,Success,SAR,3,52.8133,52.8133,0.0,1.6187,1.6195,0.9067,0.7120000000000001,198.05
20251227,202512,314,CARD,GW-ATLAS,Failed,EGP,9,143.8517,0.0,0.0,0.0,0.0,0.1799,-0.1799,7322.51
20251227,202512,381,TOKEN,GW-NILE,Refunded,EGP,1,27.6594,0.0,27.6594,0.0,0.0,0.1501,-0.1501,1407.95
20251227,202512,144,WALLET,GW-NILE,Success,EGP,1,54.2917,54.2917,0.0,0.9646,0.9646,0.4748,0.4898,2763.62
20251227,202512,129,CARD,GW-ATLAS,Failed,AED,1,481.4922,0.0,0.0,0.0,0.0,0.0191,-0.0191,1768.28
20251227,202512,286,LDEBIT,GW-NILE,Failed,EGP,1,18.2071,0.0,0.0,0.0,0.0,0.0081,-0.0081,926.8
20251228,202512,743,LDEBIT,GW-NIMBUS,Success,SAR,3,194.76,194.76,0.0,2.1707,2.1697,1.0107,1.16,730.35
20251228,202512,388,TOKEN,GW-ORION,Voided,AED,5,248.1688,0.0,0.0,0.0,0.0,0.0599,-0.0599,911.4
20251228,202512,488,LDEBIT,GW-NIMBUS,Success,AED,13,187.548,187.548,0.0,3.0905,3.0896,1.4295,1.661,688.77
20251228,202512,739,TOKEN,GW-ORION,Refunded,SAR,1,33.8213,0.0,33.8213,0.0,0.0,0.1493,-0.1493,126.83
20251228,202512,622,LDEBIT,GW-NIMBUS,Failed,SAR,1,31.7467,0.0,0.0,0.0,0.0,0.016,-0.016,119.05
20251228,202512,272,CARD,GW-ATLAS,Refunded,AED,1,58.9871,0.0,58.9871,0.0,0.0,0.1498,-0.1498,216.63
20251228,202512,538,WALLET,GW-NILE,Success,EGP,3,158.0685,158.0685,0.0,3.1196,3.1196,1.3854,1.7342000000000002,8046.19
20251228,202512,876,TOKEN,GW-NILE,Failed,EGP,1,25.5815,0.0,0.0,0.0,0.0,0.0081,-0.0081,1302.18
20251228,202512,166,LDEBIT,GW-NIMBUS,Success,SAR,1,47.536,47.536,0.0,0.5413,0.5406,0.2587,0.2826,178.26
20251228,202512,254,LDEBIT,GW-NILE,Failed,EGP,1,8.4545,0.0,0.0,0.0,0.0,0.0081,-0.0081,430.36
20251229,202512,829,TOKEN,GW-NIMBUS,Success,AED,1,166.3771,166.3771,0.0,4.079,4.0797,2.3935,1.6854999999999998,611.02
20251229,202512,331,TOKEN,GW-NIMBUS,Success,AED,36,2699.0361,2699.0361,0.0,41.405,41.4041,40.1253,1.2796999999999985,9912.21
20251229,202512,789,LDEBIT,GW-NIMBUS,Failed,AED,1,75.0878,0.0,0.0,0.0,0.0,0.0163,-0.0163,275.76
20251229,202512,23,TOKEN,GW-ORION,Failed,SAR,6,70.3253,0.0,0.0,0.0,0.0,0.072,-0.072,263.72
20251229,202512,545,LDEBIT,GW-NILE,Success,EGP,2,48.6783,48.6783,0.0,0.5868,0.5868,0.2672,0.3196,2477.88
20251230,202512,895,CARD,GW-ATLAS,Success,SAR,270,9835.192,9835.192,0.0,192.6373,192.6377,163.376,29.26130000000001,36881.97
20251230,202512,432,TOKEN,GW-ORION,Refunded,AED,2,91.1804,0.0,91.1804,0.0,0.0,0.2995,-0.2995,334.86
20251230,202512,379,LDEBIT,GW-NIMBUS,Success,AED,29,437.0429,437.0429,0.0,6.6331,6.6329,3.273,3.3601,1605.04
20251230,202512,375,TOKEN,GW-NILE,Failed,EGP,2,52.2274,0.0,0.0,0.0,0.0,0.0159,-0.0159,2658.54
20251230,202512,433,BNPL,GW-NILE,Refunded,EGP,1,14.6969,0.0,14.6969,0.0,0.0,0.1501,-0.1501,748.12
20251230,202512,67,CARD,GW-ORION,Failed,SAR,3,32.9227,0.0,0.0,0.0,0.0,0.0373,-0.0373,123.46
20251230,202512,856,LDEBIT,GW-NIMBUS,Success,OMR,19,703.251,703.251,0.0,8.6346,8.6225,4.0312,4.603400000000001,270.4
20251230,202512,876,LDEBIT,GW-NILE,Success,EGP,8,182.7632,182.7632,0.0,2.425,2.425,1.0202,1.4047999999999998,9303.23
20251230,202512,595,LDEBIT,GW-NILE,Success,EGP,3,65.066,65.066,0.0,0.8793,0.8793,0.3685,0.5107999999999999,3312.07
20251231,202512,240,LDEBIT,GW-NIMBUS,Refunded,SAR,4,189.512,0.0,189.512,0.0,0.0,0.6,-0.6,710.67
20251231,202512,190,BNPL,GW-ATLAS,Failed,SAR,7,386.1253,0.0,0.0,0.0,0.0,0.1387,-0.1387,1447.97
20251231,202512,932,WALLET,GW-NILE,Success,EGP,13,319.1259,319.1259,0.0,6.4389,6.4389,3.0399,3.3990000000000005,16244.53
20251231,202512,303,BNPL,GW-ATLAS,Voided,SAR,1,13.8,0.0,0.0,0.0,0.0,0.0213,-0.0213,51.75
20251231,202512,164,WALLET,GW-NILE,Success,EGP,145,1208.2022,1208.2022,0.0,30.0246,30.0246,14.8613,15.1633,61501.36
20251231,202512,811,WALLET,GW-NILE,Success,EGP,17,146.0081,146.0081,0.0,3.5234,3.5234,1.7777,1.7457,7432.28
20251231,202512,591,CARD,GW-NIMBUS,Success,SAR,21,269.6853,269.6853,0.0,8.4293,8.4293,5.0053,3.4239999999999995,1011.32
20251231,202512,761,LDEBIT,GW-NIMBUS,Refunded,SAR,1,12.696,0.0,12.696,0.0,0.0,0.1493,-0.1493,47.61
20251231,202512,919,CARD,GW-ATLAS,Failed,EGP,1,85.4557,0.0,0.0,0.0,0.0,0.02,-0.02,4349.97
20251231,202512,270,CARD,GW-ORION,Success,AED,8,456.9176,456.9176,0.0,11.6188,11.6198,6.3336,5.285200000000001,1678.03
20251231,202512,480,LDEBIT,GW-NIMBUS,Success,OMR,30,1969.1027,1969.1027,0.0,14.7724,14.7653,10.2211,4.5513,757.12
20251231,202512,912,CARD,GW-ATLAS,Success,EGP,12,110.7795,110.7795,0.0,3.8966,3.8966,2.5032,1.3933999999999995,5639.03
20260101,202601,180,CARD,GW-ORION,Failed,AED,12,720.1933,0.0,0.0,0.0,0.0,0.1443,-0.1443,2644.91
20260101,202601,893,CARD,GW-ATLAS,Failed,AED,4,48.354,0.0,0.0,0.0,0.0,0.079,-0.079,177.58
20260101,202601,912,TOKEN,GW-NILE,Failed,EGP,1,8.0527,0.0,0.0,0.0,0.0,0.0079,-0.0079,406.8
20260101,202601,919,WALLET,GW-NILE,Success,EGP,1,175.872,175.872,0.0,3.2432,3.2433,1.4595,1.7836999999999998,8884.58
20260101,202601,206,WALLET,GW-NILE,Success,EGP,12,51.7492,51.7492,0.0,1.6478,1.6477,0.8391,0.8087,2614.23
20260101,202601,164,WALLET,GW-NILE,Failed,EGP,34,284.962,0.0,0.0,0.0,0.0,0.272,-0.272,14395.51
20260101,202601,770,CARD,GW-NIMBUS,Success,OMR,316,8682.1326,8682.1326,0.0,171.1313,171.1296,137.7373,33.394000000000005,3338.28
20260102,202601,387,CARD,GW-ORION,Failed,SAR,10,463.448,0.0,0.0,0.0,0.0,0.12,-0.12,1737.93
20260102,202601,386,LDEBIT,GW-NIMBUS,Failed,SAR,5,80.512,0.0,0.0,0.0,0.0,0.0747,-0.0747,301.92
20260102,202601,556,CARD,GW-ATLAS,Refunded,AED,9,146.6413,0.0,146.6413,0.0,0.0,1.3506,-1.3506,538.54
20260102,202601,516,TOKEN,GW-ORION,Voided,SAR,6,208.624,0.0,0.0,0.0,0.0,0.072,-0.072,782.34
20260102,202601,387,TOKEN,GW-ATLAS,Success,SAR,29,1334.7413,1334.7413,0.0,33.4133,33.4122,22.328,11.0853,5005.28
20260103,202601,600,CARD,GW-ORION,Failed,AED,3,52.049,0.0,0.0,0.0,0.0,0.0354,-0.0354,191.15
20260103,202601,619,TOKEN,GW-NILE,Success,EGP,229,3783.7897,3783.7897,0.0,72.6773,72.6773,59.8128,12.8645,191146.84
20260103,202601,638,LDEBIT,GW-NIMBUS,Failed,SAR,2,21.328,0.0,0.0,0.0,0.0,0.0293,-0.0293,79.98
20260103,202601,157,WALLET,GW-NILE,Success,EGP,1,16.1363,16.1363,0.0,0.3603,0.3602,0.1657,0.1946,815.16
20260103,202601,245,TOKEN,GW-ATLAS,Refunded,EGP,1,8.1281,0.0,8.1281,0.0,0.0,0.15,-0.15,410.61
20260103,202601,362,CARD,GW-ORION,Voided,SAR,1,61.6933,0.0,0.0,0.0,0.0,0.0107,-0.0107,231.35
20260104,202601,577,TOKEN,GW-ORION,Refunded,AED,1,23.1532,0.0,23.1532,0.0,0.0,0.1498,-0.1498,85.03
20260104,202601,429,CARD,GW-NILE,Failed,EGP,9,234.3609,0.0,0.0,0.0,0.0,0.0721,-0.0721,11839.28
20260104,202601,228,CARD,GW-ORION,Success,AED,493,6594.7012,6594.7012,0.0,111.9946,111.9945,113.8788,-1.8841999999999928,24219.04
20260104,202601,579,WALLET,GW-NILE,Success,EGP,2,21.7599,21.7599,0.0,0.4929,0.493,0.2463,0.2466,1099.25
20260104,202601,224,CARD,GW-NIMBUS,Success,OMR,2,1226.3459,1226.3459,0.0,27.5423,27.5475,16.697,10.845300000000002,471.53
20260104,202601,541,LDEBIT,GW-NILE,Success,EGP,164,3879.1048,3879.1048,0.0,31.6224,31.6225,21.4503,10.1721,195961.9
20260105,202601,221,CARD,GW-NILE,Success,EGP,5,8951.8185,8951.8185,0.0,150.472,150.472,109.0296,41.442400000000006,452221.7
20260105,202601,851,TOKEN,GW-NIMBUS,Success,SAR,2,45.4213,45.4213,0.0,1.3307,1.3305,0.7653,0.5654,170.33
20260105,202601,517,CARD,GW-ORION,Success,SAR,4,47.4053,47.4053,0.0,1.5333,1.5336,0.8453,0.6880000000000001,177.77
20260105,202601,876,LDEBIT,GW-NILE,Refunded,EGP,1,33.252,0.0,33.252,0.0,0.0,0.15,-0.15,1679.8
20260106,202601,202,TOKEN,GW-ATLAS,Success,SAR,8,79.7013,79.7013,0.0,2.8293,2.8301,1.7973,1.032,298.88
20260106,202601,693,LDEBIT,GW-NIMBUS,Success,SAR,2,95.7653,95.7653,0.0,1.2347,1.2341,0.52,0.7146999999999999,359.12
20260106,202601,743,TOKEN,GW-NIMBUS,Failed,SAR,1,43.8027,0.0,0.0,0.0,0.0,0.016,-0.016,164.26
20260106,202601,127,WALLET,GW-NILE,Refunded,EGP,1,43.7173,0.0,43.7173,0.0,0.0,0.15,-0.15,2208.48
20260106,202601,630,WALLET,GW-NILE,Refunded,EGP,8,178.2961,0.0,178.2961,0.0,0.0,1.2,-1.2,9007.04
20260106,202601,91,TOKEN,GW-ATLAS,Refunded,OMR,1,36.0208,0.0,36.0208,0.0,0.0,0.156,-0.156,13.85
20260106,202601,641,TOKEN,GW-ORION,Failed,AED,2,76.983,0.0,0.0,0.0,0.0,0.0245,-0.0245,282.72
20260106,202601,357,TOKEN,GW-NILE,Success,EGP,69,479.3562,479.3562,0.0,13.4095,13.4095,9.6969,3.7126,24215.78
20260106,202601,12,LDEBIT,GW-NIMBUS,Success,OMR,180,7083.9532,7083.9532,0.0,52.7438,52.7382,39.974,12.769800000000004,2723.78
20260106,202601,746,CARD,GW-ORION,Success,SAR,31,545.0507,545.0507,0.0,16.1707,16.1703,8.832,7.338699999999999,2043.94
20260107,202601,44,WALLET,GW-NILE,Voided,EGP,1,4.5024,0.0,0.0,0.0,0.0,0.0079,-0.0079,227.45
20260107,202601,699,LDEBIT,GW-NIMBUS,Success,SAR,15,207.168,207.168,0.0,3.1013,3.1008,1.608,1.4933,776.88
20260107,202601,191,TOKEN,GW-NIMBUS,Success,SAR,186,2225.5947,2225.5947,0.0,69.4987,69.4994,43.248,26.2507,8345.98
20260107,202601,456,TOKEN,GW-NIMBUS,Voided,SAR,1,42.0933,0.0,0.0,0.0,0.0,0.016,-0.016,157.85
20260107,202601,22,CARD,GW-ATLAS,Success,EGP,6,46.1289,46.1289,0.0,1.6707,1.6707,1.1166,0.5541,2330.31
20260107,202601,857,CARD,GW-NIMBUS,Success,AED,7,1777.1191,1777.1191,0.0,39.725,39.7255,24.4466,15.2784,6526.47
20260107,202601,653,TOKEN,GW-NIMBUS,Success,SAR,8,398.6667,398.6667,0.0,10.664,10.6631,6.1013,4.5627,1495.0
20260107,202601,375,LDEBIT,GW-NILE,Success,EGP,47,1311.5851,1311.5851,0.0,11.4371,11.4371,6.9568,4.480299999999999,66257.74
20260107,202601,387,LDEBIT,GW-NIMBUS,Success,SAR,47,2193.2427,2193.2427,0.0,26.3227,26.3221,11.984,14.3387,8224.66
20260107,202601,704,CARD,GW-ORION,Success,AED,1,147.5725,147.5725,0.0,3.5834,3.5827,1.9523,1.6311000000000002,541.96
20260108,202601,308,CARD,GW-ATLAS,Success,OMR,6,1592.3277,1592.3277,0.0,38.6476,38.6407,23.6671,14.980499999999996,612.25
20260108,202601,546,TOKEN,GW-NILE,Success,EGP,3,768.4183,768.4183,0.0,18.2656,18.2656,9.841,8.4246,38818.42
20260108,202601,250,LDEBIT,GW-NIMBUS,Success,AED,16,198.4044,198.4044,0.0,3.1396,3.1396,1.612,1.5276,728.64
20260108,202601,240,LDEBIT,GW-NIMBUS,Success,SAR,35,1779.9653,1779.9653,0.0,21.5253,21.5254,9.584,11.941300000000002,6674.87
20260109,202601,532,BNPL,GW-ATLAS,Success,SAR,4,302.528,302.528,0.0,13.912,13.9133,10.536,3.376000000000001,1134.48
20260109,202601,679,BNPL,GW-ATLAS,Failed,EGP,5,139.686,0.0,0.0,0.0,0.0,0.1,-0.1,7056.56
20260109,202601,833,LDEBIT,GW-NILE,Success,EGP,36,154.0955,154.0955,0.0,3.4719,3.4719,1.8841,1.5878,7784.49
20260109,202601,541,CARD,GW-ATLAS,Success,EGP,204,5117.2755,5117.2755,0.0,84.0271,84.0271,89.7059,-5.678799999999995,258510.94
20260109,202601,368,TOKEN,GW-NIMBUS,Failed,OMR,1,40.026,0.0,0.0,0.0,0.0,0.026,-0.026,15.39
20260109,202601,876,WALLET,GW-NILE,Success,EGP,17,400.9599,400.9599,0.0,8.1194,8.1194,3.8428,4.2766,20255.41
20260109,202601,726,TOKEN,GW-NIMBUS,Success,AED,2,678.8428,678.8428,0.0,16.1525,16.1528,9.6338,6.518699999999999,2493.05
20260109,202601,625,TOKEN,GW-ORION,Success,SAR,5,152.072,152.072,0.0,4.2453,4.2447,2.32,1.9253000000000005,570.27
20260109,202601,169,TOKEN,GW-NILE,Success,EGP,12,1144.71,1144.71,0.0,19.3969,19.3969,15.0594,4.337499999999999,57827.66
20260109,202601,619,LDEBIT,GW-NILE,Failed,EGP,3,49.2067,0.0,0.0,0.0,0.0,0.024,-0.024,2485.79
20260109,202601,163,LDEBIT,GW-NIMBUS,Success,SAR,12,691.0827,691.0827,0.0,8.3947,8.3954,3.6507,4.744,2591.56
20260109,202601,622,CARD,GW-ORION,Success,SAR,5,165.2267,165.2267,0.0,4.4,4.3996,2.416,1.9840000000000004,619.6
20260110,202601,703,CARD,GW-NIMBUS,Voided,AED,1,172.7352,0.0,0.0,0.0,0.0,0.0163,-0.0163,634.37
20260110,202601,898,TOKEN,GW-NILE,Failed,EGP,1,116.5642,0.0,0.0,0.0,0.0,0.0079,-0.0079,5888.51
20260110,202601,748,BNPL,GW-ATLAS,Refunded,AED,1,71.499,0.0,71.499,0.0,0.0,0.1498,-0.1498,262.58
20260110,202601,906,TOKEN,GW-ORION,Success,AED,1,9.6447,9.6447,0.0,0.3431,0.3427,0.1879,0.1552,35.42
20260110,202601,891,WALLET,GW-NILE,Success,EGP,4,141.7988,141.7988,0.0,2.7424,2.7425,1.2887,1.4537,7163.29
20260111,202601,417,TOKEN,GW-NILE,Success,EGP,873,7328.165,7328.165,0.0,170.7999,170.7999,138.6038,32.1961,370199.11
20260111,202601,15,TOKEN,GW-NIMBUS,Voided,AED,2,22.5759,0.0,0.0,0.0,0.0,0.03,-0.03,82.91
20260111,202601,432,CARD,GW-ORION,Success,AED,36,2368.0599,2368.0599,0.0,53.7318,53.7318,32.501,21.2308,8696.7
20260111,202601,396,LDEBIT,GW-NILE,Failed,EGP,2,15.2457,0.0,0.0,0.0,0.0,0.016,-0.016,770.17
20260111,202601,401,WALLET,GW-NILE,Success,EGP,1,30.8944,30.8944,0.0,0.5958,0.5959,0.2852,0.3106,1560.7
20260111,202601,197,LDEBIT,GW-NILE,Failed,EGP,2,11.8294,0.0,0.0,0.0,0.0,0.016,-0.016,597.59
20260111,202601,369,BNPL,GW-ATLAS,Refunded,SAR,1,411.664,0.0,411.664,0.0,0.0,0.1493,-0.1493,1543.74
20260111,202601,287,TOKEN,GW-ATLAS,Success,OMR,1,115.4486,115.4486,0.0,2.7048,2.7149,1.8205,0.8843000000000001,44.39
20260112,202601,274,CARD,GW-ORION,Failed,SAR,4,82.688,0.0,0.0,0.0,0.0,0.048,-0.048,310.08
20260112,202601,243,BANKTR,GW-NIMBUS,Success,SAR,7,5636.8747,5636.8747,0.0,14.72,14.7211,5.3733,9.3467,21138.28
20260112,202601,665,TOKEN,GW-ATLAS,Failed,AED,3,103.5534,0.0,0.0,0.0,0.0,0.0599,-0.0599,380.3
20260112,202601,333,CARD,GW-ORION,Success,AED,1,95.646,95.646,0.0,2.4724,2.4722,1.2852,1.1872,351.26
20260112,202601,285,LDEBIT,GW-NIMBUS,Voided,SAR,10,520.9413,0.0,0.0,0.0,0.0,0.1493,-0.1493,1953.53
20260113,202601,806,TOKEN,GW-ORION,Failed,SAR,1,135.4987,0.0,0.0,0.0,0.0,0.0107,-0.0107,508.12
20260113,202601,288,TOKEN,GW-NIMBUS,Failed,SAR,1,9.7147,0.0,0.0,0.0,0.0,0.016,-0.016,36.43
20260113,202601,241,CARD,GW-ATLAS,Voided,EGP,1,7.3939,0.0,0.0,0.0,0.0,0.02,-0.02,373.52
20260113,202601,637,LDEBIT,GW-NIMBUS,Success,SAR,424,17653.8453,17653.8453,0.0,134.0747,134.0744,98.5227,35.55200000000001,66201.92
20260113,202601,912,CARD,GW-ATLAS,Failed,EGP,7,56.3692,0.0,0.0,0.0,0.0,0.14,-0.14,2847.62
20260113,202601,228,CARD,GW-ORION,Voided,AED,9,122.0231,0.0,0.0,0.0,0.0,0.1089,-0.1089,448.13
20260113,202601,906,LDEBIT,GW-NIMBUS,Success,AED,1,12.1961,12.1961,0.0,0.1961,0.1968,0.1007,0.0954,44.79
20260113,202601,541,CARD,GW-ATLAS,Voided,EGP,1,23.9401,0.0,0.0,0.0,0.0,0.02,-0.02,1209.39
20260113,202601,91,LDEBIT,GW-NIMBUS,Success,OMR,6,376.1248,376.1248,0.0,3.199,3.1987,1.9506,1.2484,144.62
20260113,202601,156,BNPL,GW-ATLAS,Success,SAR,17,765.4347,765.4347,0.0,35.44,35.4396,26.7947,8.645299999999999,2870.38
20260114,202601,303,BNPL,GW-ATLAS,Success,SAR,7,116.04,116.04,0.0,5.44,5.4388,4.1493,1.2907000000000002,435.15
20260114,202601,598,WALLET,GW-NILE,Failed,EGP,7,219.7778,0.0,0.0,0.0,0.0,0.056,-0.056,11102.58
20260114,202601,425,BANKTR,GW-NILE,Voided,EGP,2,130.3815,0.0,0.0,0.0,0.0,0.016,-0.016,6586.52
20260114,202601,105,LDEBIT,GW-NILE,Refunded,EGP,1,5.4229,0.0,5.4229,0.0,0.0,0.15,-0.15,273.95
20260114,202601,889,CARD,GW-ATLAS,Voided,EGP,2,12.039,0.0,0.0,0.0,0.0,0.04,-0.04,608.18
20260114,202601,318,TOKEN,GW-NIMBUS,Success,AED,12,346.7012,346.7012,0.0,9.2063,9.2064,5.6338,3.5725000000000007,1273.26
20260114,202601,433,BNPL,GW-NILE,Failed,EGP,17,174.5614,0.0,0.0,0.0,0.0,0.136,-0.136,8818.37
20260114,202601,209,CARD,GW-NILE,Refunded,EGP,1,29.5944,0.0,29.5944,0.0,0.0,0.15,-0.15,1495.03
20260114,202601,130,TOKEN,GW-NILE,Success,EGP,27,181.366,181.366,0.0,7.1261,7.1261,3.7162,3.4099,9162.12
20260114,202601,83,LDEBIT,GW-NIMBUS,Success,SAR,32,975.144,975.144,0.0,12.392,12.3933,5.8293,6.5627,3656.79
20260115,202601,301,WALLET,GW-NILE,Refunded,EGP,1,4.3043,0.0,4.3043,0.0,0.0,0.15,-0.15,217.44
20260115,202601,79,TOKEN,GW-ORION,Success,SAR,14,649.064,649.064,0.0,17.3467,17.3475,9.4667,7.879999999999999,2433.99
20260115,202601,15,CARD,GW-ORION,Failed,AED,24,270.9244,0.0,0.0,0.0,0.0,0.2886,-0.2886,994.97
20260115,202601,908,CARD,GW-NIMBUS,Voided,SAR,2,27.3787,0.0,0.0,0.0,0.0,0.0293,-0.0293,102.67
20260115,202601,452,TOKEN,GW-ATLAS,Failed,SAR,1,385.4853,0.0,0.0,0.0,0.0,0.0213,-0.0213,1445.57
20260115,202601,7,CARD,GW-ORION,Success,AED,10,897.111,897.111,0.0,21.4595,21.4593,12.0953,9.3642,3294.64
20260115,202601,513,CARD,GW-NIMBUS,Success,OMR,49,1330.2731,1330.2731,0.0,33.6281,33.6394,21.1443,12.483800000000002,511.49
20260115,202601,182,TOKEN,GW-ATLAS,Refunded,EGP,1,22.8161,0.0,22.8161,0.0,0.0,0.15,-0.15,1152.61
20260115,202601,583,LDEBIT,GW-NIMBUS,Failed,SAR,1,14.576,0.0,0.0,0.0,0.0,0.016,-0.016,54.66
20260116,202601,895,LDEBIT,GW-NIMBUS,Voided,SAR,1,35.712,0.0,0.0,0.0,0.0,0.016,-0.016,133.92
20260116,202601,344,CARD,GW-NILE,Success,EGP,4,57.2871,57.2871,0.0,1.7845,1.7846,0.908,0.8765,2893.99
20260116,202601,751,LDEBIT,GW-NIMBUS,Failed,SAR,1,55.4507,0.0,0.0,0.0,0.0,0.016,-0.016,207.94
20260116,202601,556,TOKEN,GW-ORION,Success,AED,40,554.241,554.241,0.0,17.1355,17.1355,9.7509,7.384600000000001,2035.45
20260116,202601,350,CARD,GW-ORION,Refunded,SAR,4,102.0453,0.0,102.0453,0.0,0.0,0.6,-0.6,382.67
20260117,202601,645,CARD,GW-NILE,Success,EGP,14,203.2143,203.2143,0.0,6.2171,6.2171,3.211,3.0061000000000004,10265.84
20260117,202601,680,TOKEN,GW-ATLAS,Success,EGP,3,64.1042,64.1042,0.0,1.8501,1.85,1.1913,0.6588,3238.37
20260117,202601,534,TOKEN,GW-NIMBUS,Success,SAR,127,4302.7947,4302.7947,0.0,92.6187,92.6182,68.4933,24.1254,16135.48
20260117,202601,856,TOKEN,GW-ATLAS,Success,OMR,23,833.5501,833.5501,0.0,21.3004,21.3133,14.3043,6.9961,320.5
20260117,202601,556,CARD,GW-ATLAS,Refunded,AED,9,115.4037,0.0,115.4037,0.0,0.0,1.3506,-1.3506,423.82
20260117,202601,458,TOKEN,GW-NILE,Success,EGP,4,57.5751,57.5751,0.0,1.8687,1.8686,0.9375,0.9312,2908.54
20260117,202601,259,CARD,GW-NILE,Failed,EGP,2,13.645,0.0,0.0,0.0,0.0,0.016,-0.016,689.31
20260117,202601,318,TOKEN,GW-NIMBUS,Success,AED,9,300.6453,300.6453,0.0,7.8366,7.8358,4.7951,3.0415,1104.12
20260117,202601,582,LDEBIT,GW-NIMBUS,Failed,OMR,4,137.2172,0.0,0.0,0.0,0.0,0.052,-0.052,52.76
20260117,202601,709,LDEBIT,GW-NIMBUS,Success,SAR,22,408.112,408.112,0.0,5.4453,5.4464,2.8267,2.6186,1530.42
20260117,202601,791,BNPL,GW-NILE,Failed,EGP,2,58.9691,0.0,0.0,0.0,0.0,0.016,-0.016,2978.96
20260117,202601,140,CARD,GW-ATLAS,Success,EGP,3,292.4889,292.4889,0.0,7.3577,7.3578,4.4866,2.8711,14775.75
20260117,202601,206,TOKEN,GW-ATLAS,Failed,EGP,1,4.3385,0.0,0.0,0.0,0.0,0.02,-0.02,219.17
20260118,202601,347,TOKEN,GW-ATLAS,Success,EGP,2,64.8641,64.8641,0.0,1.6341,1.6341,1.1287,0.5054000000000001,3276.76
20260118,202601,240,BNPL,GW-ATLAS,Failed,SAR,3,147.7493,0.0,0.0,0.0,0.0,0.0587,-0.0587,554.06
20260118,202601,778,CARD,GW-ATLAS,Success,EGP,32,152.6008,152.6008,0.0,6.6959,6.6959,4.5929,2.103,7708.98
20260118,202601,689,LDEBIT,GW-NIMBUS,Success,SAR,5,55.0987,55.0987,0.0,0.9307,0.9317,0.472,0.4587,206.62
20260118,202601,559,LDEBIT,GW-NILE,Success,EGP,1,89.0556,89.0556,0.0,1.0189,1.0189,0.3957,0.6232,4498.85
20260118,202601,55,CARD,GW-NIMBUS,Success,SAR,45,2024.088,2024.088,0.0,51.8853,51.8863,30.2507,21.6346,7590.33
20260118,202601,154,TOKEN,GW-ORION,Voided,SAR,3,688.8373,0.0,0.0,0.0,0.0,0.0373,-0.0373,2583.14
20260118,202601,721,CARD,GW-NIMBUS,Failed,AED,3,148.0572,0.0,0.0,0.0,0.0,0.0463,-0.0463,543.74
20260118,202601,400,CARD,GW-NIMBUS,Voided,SAR,1,23.6213,0.0,0.0,0.0,0.0,0.016,-0.016,88.58
20260118,202601,369,BNPL,GW-ATLAS,Success,SAR,1,839.9413,839.9413,0.0,27.2907,27.2897,29.048,-1.7572999999999972,3149.78
20260118,202601,567,BNPL,GW-NILE,Failed,EGP,1,31.5571,0.0,0.0,0.0,0.0,0.0079,-0.0079,1594.18
20260119,202601,588,WALLET,GW-NILE,Failed,EGP,1,31.9566,0.0,0.0,0.0,0.0,0.0079,-0.0079,1614.36
20260119,202601,889,TOKEN,GW-ATLAS,Failed,EGP,2,12.039,0.0,0.0,0.0,0.0,0.04,-0.04,608.18
20260119,202601,156,LDEBIT,GW-NIMBUS,Success,SAR,47,1972.9173,1972.9173,0.0,24.6827,24.6834,10.992,13.6907,7398.44
20260119,202601,246,CARD,GW-ATLAS,Success,EGP,20,153.5846,153.5846,0.0,5.3789,5.3789,3.7193,1.6595999999999995,7758.68
20260119,202601,909,CARD,GW-ORION,Success,AED,1,128.4765,128.4765,0.0,3.1314,3.132,1.7073,1.4241,471.83
20260119,202601,390,CARD,GW-NIMBUS,Success,OMR,6,184.0052,184.0052,0.0,4.7594,4.7536,2.8869,1.8725000000000005,70.75
20260119,202601,516,BNPL,GW-ATLAS,Success,SAR,194,6796.1253,6796.1253,0.0,186.8933,186.8934,238.7547,-51.8614,25485.47
20260119,202601,579,CARD,GW-NILE,Success,EGP,7,67.2334,67.2334,0.0,2.2175,2.2175,1.1879,1.0295999999999998,3396.45
20260120,202601,184,LDEBIT,GW-NILE,Success,EGP,75,350.0947,350.0947,0.0,7.6115,7.6115,4.043,3.5685,17685.84
20260120,202601,743,CARD,GW-ATLAS,Voided,SAR,1,43.8027,0.0,0.0,0.0,0.0,0.0213,-0.0213,164.26
20260120,202601,482,TOKEN,GW-NIMBUS,Failed,SAR,1,197.1973,0.0,0.0,0.0,0.0,0.016,-0.016,739.49
20260120,202601,532,LDEBIT,GW-NIMBUS,Failed,SAR,1,52.5707,0.0,0.0,0.0,0.0,0.016,-0.016,197.14
20260120,202601,153,CARD,GW-NIMBUS,Success,SAR,34,456.7253,456.7253,0.0,14.1013,14.1021,8.376,5.725300000000001,1712.72
20260120,202601,583,CARD,GW-ORION,Success,SAR,13,195.2107,195.2107,0.0,5.792,5.7924,3.2773,2.5147,732.04
20260120,202601,21,LDEBIT,GW-NILE,Failed,EGP,2,11.8312,0.0,0.0,0.0,0.0,0.016,-0.016,597.68
20260120,202601,310,LDEBIT,GW-NIMBUS,Success,SAR,1,214.6507,214.6507,0.0,2.416,2.4155,1.0107,1.4053,804.94
20260120,202601,692,CARD,GW-NIMBUS,Failed,AED,136,6033.8353,0.0,0.0,0.0,0.0,2.0395,-2.0395,22159.26
20260120,202601,592,CARD,GW-NIMBUS,Refunded,AED,1,55.9129,0.0,55.9129,0.0,0.0,0.1498,-0.1498,205.34
20260120,202601,264,CARD,GW-NIMBUS,Success,AED,32,394.791,394.791,0.0,12.1389,12.1381,7.4091,4.7298,1449.87
20260121,202601,295,CARD,GW-NILE,Success,EGP,4,5706.8869,5706.8869,0.0,97.1829,97.1829,69.5506,27.6323,288296.52
20260121,202601,362,TOKEN,GW-NIMBUS,Success,SAR,2,145.8827,145.8827,0.0,3.4613,3.4619,2.1733,1.2880000000000005,547.06
20260121,202601,105,CARD,GW-ATLAS,Voided,EGP,2,11.5976,0.0,0.0,0.0,0.0,0.04,-0.04,585.88
20260121,202601,679,LDEBIT,GW-NILE,Success,EGP,17,423.7661,423.7661,0.0,5.3885,5.3885,2.3113,3.0771999999999995,21407.52
20260121,202601,759,LDEBIT,GW-NIMBUS,Voided,AED,2,30.0095,0.0,0.0,0.0,0.0,0.03,-0.03,110.21
20260121,202601,739,LDEBIT,GW-NIMBUS,Refunded,SAR,3,140.6453,0.0,140.6453,0.0,0.0,0.4507,-0.4507,527.42
20260121,202601,706,LDEBIT,GW-NIMBUS,Failed,SAR,2,27.072,0.0,0.0,0.0,0.0,0.0293,-0.0293,101.52
20260121,202601,83,CARD,GW-ORION,Refunded,SAR,3,103.1093,0.0,103.1093,0.0,0.0,0.4507,-0.4507,386.66
20260121,202601,382,BANKTR,GW-NIMBUS,Success,SAR,303,11167.2667,11167.2667,0.0,150.488,150.4879,116.1787,34.30929999999999,41877.25
20260121,202601,223,CARD,GW-NIMBUS,Refunded,AED,4,63.2485,0.0,63.2485,0.0,0.0,0.599,-0.599,232.28
20260122,202601,197,CARD,GW-NILE,Failed,EGP,1,5.9148,0.0,0.0,0.0,0.0,0.0079,-0.0079,298.8
20260122,202601,848,TOKEN,GW-NIMBUS,Success,SAR,10,165.008,165.008,0.0,4.768,4.7688,2.96,1.808,618.78
20260122,202601,470,TOKEN,GW-NILE,Success,EGP,3,82.9369,82.9369,0.0,2.2921,2.2921,1.2039,1.0882,4189.75
20260122,202601,705,LDEBIT,GW-NIMBUS,Success,SAR,1,21.536,21.536,0.0,0.3093,0.3104,0.1413,0.168,80.76
20260122,202601,932,TOKEN,GW-ATLAS,Refunded,EGP,1,34.5973,0.0,34.5973,0.0,0.0,0.15,-0.15,1747.76
20260123,202601,820,CARD,GW-ATLAS,Success,EGP,37,793.9458,793.9458,0.0,20.9762,20.9763,14.3137,6.662499999999998,40108.0
20260123,202601,202,CARD,GW-ORION,Voided,SAR,1,9.744,0.0,0.0,0.0,0.0,0.0107,-0.0107,36.54
20260123,202601,213,CARD,GW-NILE,Voided,EGP,1,8.9585,0.0,0.0,0.0,0.0,0.0079,-0.0079,452.56
20260123,202601,375,TOKEN,GW-NILE,Success,EGP,53,1353.5139,1353.5139,0.0,24.8497,24.8496,19.8633,4.9864,68375.87
20260124,202601,429,TOKEN,GW-NILE,Success,EGP,25,661.7046,661.7046,0.0,18.5463,18.5463,9.6624,8.883899999999999,33427.53
20260124,202601,67,LDEBIT,GW-NIMBUS,Success,SAR,10,88.424,88.424,0.0,1.528,1.5292,0.848,0.68,331.59
20260124,202601,577,CARD,GW-ORION,Success,AED,55,2244.0599,2244.0599,0.0,39.8884,39.8874,32.0408,7.8476,8241.31
20260124,202601,171,CARD,GW-ATLAS,Failed,EGP,5,232.707,0.0,0.0,0.0,0.0,0.1,-0.1,11755.73
20260124,202601,394,LDEBIT,GW-NIMBUS,Success,AED,17,618.1402,618.1402,0.0,8.6099,8.6092,3.548,5.0619,2270.12
20260124,202601,804,TOKEN,GW-NIMBUS,Success,AED,5,291.1668,291.1668,0.0,7.0796,7.0804,4.4003,2.6793000000000005,1069.31
20260125,202601,159,LDEBIT,GW-NILE,Refunded,EGP,1,27.1794,0.0,27.1794,0.0,0.0,0.15,-0.15,1373.03
20260125,202601,168,CARD,GW-ATLAS,Success,EGP,7,147.9731,147.9731,0.0,4.1162,4.1162,2.6755,1.4407,7475.2
20260125,202601,46,TOKEN,GW-ATLAS,Success,EGP,64,512.3997,512.3997,0.0,18.672,18.672,12.4834,6.188600000000001,25885.05
20260126,202601,346,CARD,GW-NIMBUS,Voided,SAR,4,124.2613,0.0,0.0,0.0,0.0,0.0587,-0.0587,465.98
20260126,202601,672,CARD,GW-NIMBUS,Failed,SAR,6,61.3973,0.0,0.0,0.0,0.0,0.0907,-0.0907,230.24
20260126,202601,143,CARD,GW-ORION,Failed,SAR,21,187.3093,0.0,0.0,0.0,0.0,0.2507,-0.2507,702.41
20260126,202601,194,CARD,GW-ATLAS,Success,EGP,1,94.8232,94.8232,0.0,2.1747,2.1747,1.4565,0.7182000000000002,4790.21
20260126,202601,206,CARD,GW-NILE,Failed,EGP,7,30.3696,0.0,0.0,0.0,0.0,0.056,-0.056,1534.19
20260126,202601,222,WALLET,GW-NILE,Success,EGP,2,185.0907,185.0907,0.0,3.6653,3.6653,1.5692,2.0961,9350.28
20260126,202601,79,CARD,GW-ORION,Success,SAR,47,2052.0267,2052.0267,0.0,54.0107,54.0102,29.104,24.9067,7695.1
20260126,202601,265,CARD,GW-NIMBUS,Success,SAR,6,310.9733,310.9733,0.0,8.3413,8.3421,4.5893,3.7520000000000007,1166.15
20260126,202601,883,TOKEN,GW-NILE,Success,EGP,1,16.1145,16.1145,0.0,0.4664,0.4663,0.256,0.2103999999999999,814.06
20260126,202601,800,BNPL,GW-ATLAS,Failed,EGP,3,31.1628,0.0,0.0,0.0,0.0,0.06,-0.06,1574.26
20260127,202601,655,CARD,GW-NIMBUS,Success,AED,3,6925.8761,6925.8761,0.0,104.5146,104.5137,93.6937,10.820899999999996,25435.28
20260127,202601,743,LDEBIT,GW-NIMBUS,Voided,SAR,1,43.8027,0.0,0.0,0.0,0.0,0.016,-0.016,164.26
20260127,202601,78,WALLET,GW-NILE,Failed,EGP,1,6.9677,0.0,0.0,0.0,0.0,0.0079,-0.0079,351.99
20260127,202601,672,CARD,GW-NIMBUS,Failed,SAR,9,92.096,0.0,0.0,0.0,0.0,0.136,-0.136,345.36
20260127,202601,241,TOKEN,GW-NILE,Success,EGP,11,91.203,91.203,0.0,3.3701,3.37,1.7321,1.638,4607.33
20260128,202601,331,TOKEN,GW-NIMBUS,Success,AED,35,2501.2253,2501.2253,0.0,38.4888,38.4876,37.2934,1.1953999999999994,9185.75
20260128,202601,761,CARD,GW-ORION,Success,SAR,6,80.712,80.712,0.0,2.544,2.5429,1.392,1.152,302.67
20260128,202601,377,LDEBIT,GW-NIMBUS,Success,OMR,1,17.2432,17.2432,0.0,0.2341,0.2421,0.13,0.1041,6.63
20260128,202601,403,BNPL,GW-ATLAS,Success,SAR,62,1103.12,1103.12,0.0,53.1147,53.1152,39.3627,13.752000000000002,4136.7
20260128,202601,394,CARD,GW-ORION,Success,AED,38,1373.6555,1373.6555,0.0,39.0306,39.032,19.872,19.1586,5044.75
20260128,202601,660,LDEBIT,GW-NILE,Failed,EGP,1,25.2694,0.0,0.0,0.0,0.0,0.0079,-0.0079,1276.54
20260129,202601,760,CARD,GW-ATLAS,Failed,OMR,80,1601.2224,0.0,0.0,0.0,0.0,1.6125,-1.6125,615.67
20260129,202601,876,CARD,GW-NILE,Voided,EGP,1,25.5815,0.0,0.0,0.0,0.0,0.0079,-0.0079,1292.31
20260129,202601,319,CARD,GW-NIMBUS,Voided,SAR,1,50.2053,0.0,0.0,0.0,0.0,0.016,-0.016,188.27
20260129,202601,482,TOKEN,GW-NIMBUS,Success,SAR,2,457.3627,457.3627,0.0,10.6453,10.6462,6.5333,4.112000000000001,1715.11
20260129,202601,830,CARD,GW-ATLAS,Success,SAR,12,277.272,277.272,0.0,7.7067,7.7066,4.9307,2.776,1039.77
20260129,202601,446,LDEBIT,GW-NIMBUS,Refunded,OMR,12,417.0351,0.0,417.0351,0.0,0.0,1.7945,-1.7945,160.35
20260129,202601,642,TOKEN,GW-ORION,Success,SAR,12,707.1067,707.1067,0.0,18.064,18.0645,10.1173,7.9467,2651.65
20260129,202601,556,BNPL,GW-ATLAS,Success,AED,27,376.4874,376.4874,0.0,17.4568,17.4577,13.5521,3.904700000000002,1382.65
20260129,202601,181,LDEBIT,GW-NIMBUS,Success,AED,11,113.5902,113.5902,0.0,1.9605,1.9608,1.0075,0.9529999999999998,417.16
20260129,202601,157,LDEBIT,GW-NILE,Success,EGP,3,62.7815,62.7815,0.0,0.8892,0.8891,0.3593,0.5299,3171.55
20260129,202601,826,TOKEN,GW-ATLAS,Success,EGP,2,142.2594,142.2594,0.0,3.6825,3.6826,2.299,1.3835000000000002,7186.56
20260130,202601,877,LDEBIT,GW-NIMBUS,Success,SAR,5,175.5067,175.5067,0.0,2.4267,2.4272,1.016,1.4106999999999998,658.15
20260130,202601,932,CARD,GW-NILE,Refunded,EGP,5,117.1183,0.0,117.1183,0.0,0.0,0.75,-0.75,5916.5
20260130,202601,742,TOKEN,GW-ORION,Success,SAR,1,322.8347,322.8347,0.0,6.8613,6.8602,4.352,2.5093,1210.63
20260130,202601,235,CARD,GW-NIMBUS,Failed,AED,1,76.6072,0.0,0.0,0.0,0.0,0.0163,-0.0163,281.34
20260130,202601,376,TOKEN,GW-ATLAS,Success,EGP,1,267.4729,267.4729,0.0,6.2412,6.2412,4.1182,2.123,13512.01
20260130,202601,22,CARD,GW-ATLAS,Success,EGP,5,32.6009,32.6009,0.0,1.2566,1.2567,0.8453,0.4112999999999999,1646.91
20260130,202601,78,WALLET,GW-NILE,Success,EGP,10,67.0105,67.0105,0.0,1.7537,1.7536,0.8928,0.8609,3385.19
20260130,202601,42,LDEBIT,GW-NIMBUS,Success,SAR,38,350.0907,350.0907,0.0,6.0507,6.0505,3.2853,2.7654,1312.84
20260130,202601,680,TOKEN,GW-ATLAS,Refunded,EGP,1,25.8074,0.0,25.8074,0.0,0.0,0.15,-0.15,1303.72
20260131,202601,241,CARD,GW-ATLAS,Refunded,EGP,1,9.2921,0.0,9.2921,0.0,0.0,0.15,-0.15,469.41
20260131,202601,377,CARD,GW-ATLAS,Failed,OMR,2,24.3953,0.0,0.0,0.0,0.0,0.052,-0.052,9.38
20260131,202601,642,LDEBIT,GW-NIMBUS,Failed,SAR,2,134.1787,0.0,0.0,0.0,0.0,0.0293,-0.0293,503.17
20260131,202601,500,CARD,GW-NILE,Success,EGP,650,3773.5859,3773.5859,0.0,150.6605,150.6604,80.299,70.3615,190631.37
20260131,202601,829,TOKEN,GW-NIMBUS,Success,AED,2,170.5078,170.5078,0.0,4.2832,4.2834,2.516,1.7672,626.19
20260131,202601,718,CARD,GW-NIMBUS,Success,SAR,7,195.3147,195.3147,0.0,5.4107,5.4108,3.0907,2.3200000000000003,732.43
20260131,202601,21,LDEBIT,GW-NILE,Failed,EGP,1,5.9156,0.0,0.0,0.0,0.0,0.0079,-0.0079,298.84
20260201,202602,748,TOKEN,GW-ORION,Success,AED,20,1511.8747,1511.8747,0.0,39.0116,39.0107,21.2988,17.7128,5552.36
20260201,202602,106,TOKEN,GW-NILE,Success,EGP,1,21.0135,21.0135,0.0,0.5847,0.5847,0.3177,0.267,1078.12
20260201,202602,139,CARD,GW-NILE,Failed,EGP,1,7.1405,0.0,0.0,0.0,0.0,0.008,-0.008,366.35
20260201,202602,498,CARD,GW-ATLAS,Success,EGP,2,48.0606,48.0606,0.0,1.3279,1.3279,0.8486,0.4793,2465.8
20260201,202602,154,TOKEN,GW-ORION,Failed,SAR,2,459.2267,0.0,0.0,0.0,0.0,0.024,-0.024,1722.1
20260201,202602,764,TOKEN,GW-ATLAS,Failed,OMR,1,8.5306,0.0,0.0,0.0,0.0,0.026,-0.026,3.28
20260201,202602,770,LDEBIT,GW-NIMBUS,Success,OMR,80,2124.4213,2124.4213,0.0,20.6502,20.6402,13.1599,7.490300000000001,816.84
20260201,202602,711,LDEBIT,GW-NIMBUS,Success,OMR,2,24.4213,24.4213,0.0,0.3901,0.3903,0.2081,0.182,9.39
20260201,202602,206,WALLET,GW-NILE,Voided,EGP,1,4.3385,0.0,0.0,0.0,0.0,0.008,-0.008,222.59
20260202,202602,479,CARD,GW-NIMBUS,Success,OMR,657,6647.7763,6647.7763,0.0,220.3901,220.3938,132.4577,87.9324,2556.07
20260202,202602,55,CARD,GW-NIMBUS,Success,SAR,48,2410.3627,2410.3627,0.0,61.2027,61.2015,35.6587,25.544,9038.86
20260202,202602,858,LDEBIT,GW-NIMBUS,Success,SAR,356,16927.808,16927.808,0.0,106.5973,106.5961,92.1947,14.402600000000009,63479.28
20260202,202602,191,TOKEN,GW-NIMBUS,Refunded,SAR,9,113.7093,0.0,113.7093,0.0,0.0,1.3493,-1.3493,426.41
20260202,202602,288,TOKEN,GW-NIMBUS,Failed,SAR,1,9.7147,0.0,0.0,0.0,0.0,0.016,-0.016,36.43
20260202,202602,453,CARD,GW-NILE,Success,EGP,9,804.0672,804.0672,0.0,19.5544,19.5544,10.2463,9.3081,41253.55
20260202,202602,263,CARD,GW-NILE,Failed,EGP,1,47.8768,0.0,0.0,0.0,0.0,0.008,-0.008,2456.37
20260203,202602,253,LDEBIT,GW-NIMBUS,Success,SAR,20,285.416,285.416,0.0,4.352,4.3508,2.184,2.168,1070.31
20260203,202602,523,CARD,GW-ATLAS,Voided,OMR,1,426.8921,0.0,0.0,0.0,0.0,0.026,-0.026,164.14
20260204,202602,613,WALLET,GW-NILE,Success,EGP,1,60.8616,60.8616,0.0,1.1948,1.1948,0.528,0.6668000000000001,3122.57
20260204,202602,959,CARD,GW-ATLAS,Success,SAR,31,427.8213,427.8213,0.0,7.6027,12.6704,8.5307,-0.928,1604.33
20260204,202602,474,CARD,GW-ATLAS,Success,EGP,18,467.6631,467.6631,0.0,12.5422,12.5422,8.1505,4.3917,23993.97
20260204,202602,413,LDEBIT,GW-NILE,Failed,EGP,6,39.4304,0.0,0.0,0.0,0.0,0.0479,-0.0479,2023.02
20260204,202602,915,LDEBIT,GW-NILE,Success,EGP,1,172.4647,172.4647,0.0,1.8522,1.8523,0.7334,1.1188,8848.49
20260204,202602,157,CARD,GW-NILE,Success,EGP,3,52.1209,52.1209,0.0,1.5556,1.5555,0.7923,0.7633000000000001,2674.12
20260204,202602,345,TOKEN,GW-ORION,Success,AED,938,16779.0007,16779.0007,0.0,310.8319,310.8315,278.9707,31.8612,61620.88
20260204,202602,895,CARD,GW-ATLAS,Refunded,SAR,2,113.432,0.0,113.432,0.0,0.0,0.2987,-0.2987,425.37
20260204,202602,353,CARD,GW-ATLAS,Success,OMR,10,471.6255,471.6255,0.0,10.9233,10.9136,7.6203,3.302999999999999,181.34
20260205,202602,908,TOKEN,GW-ORION,Failed,SAR,5,68.448,0.0,0.0,0.0,0.0,0.0587,-0.0587,256.68
20260205,202602,58,CARD,GW-NIMBUS,Failed,OMR,2,232.9519,0.0,0.0,0.0,0.0,0.026,-0.026,89.57
20260205,202602,889,WALLET,GW-NILE,Success,EGP,23,139.6779,139.6779,0.0,3.6824,3.6824,1.9364,1.746,7166.33
20260205,202602,331,CARD,GW-NIMBUS,Failed,AED,13,947.6188,0.0,0.0,0.0,0.0,0.1961,-0.1961,3480.13
20260205,202602,734,WALLET,GW-NILE,Failed,EGP,1,17.179,0.0,0.0,0.0,0.0,0.008,-0.008,881.39
20260206,202602,202,CARD,GW-ORION,Refunded,SAR,2,20.176,0.0,20.176,0.0,0.0,0.2987,-0.2987,75.66
20260206,202602,223,CARD,GW-NIMBUS,Success,AED,251,2802.8428,2802.8428,0.0,85.9496,85.9497,54.1538,31.795800000000007,10293.44
20260206,202602,895,LDEBIT,GW-NIMBUS,Failed,SAR,13,464.2533,0.0,0.0,0.0,0.0,0.1947,-0.1947,1740.95
20260206,202602,472,BNPL,GW-ATLAS,Failed,AED,1,62.1484,0.0,0.0,0.0,0.0,0.0191,-0.0191,228.24
20260206,202602,417,WALLET,GW-NILE,Failed,EGP,97,802.219,0.0,0.0,0.0,0.0,0.7759,-0.7759,41158.73
20260206,202602,453,CARD,GW-NILE,Failed,EGP,1,83.8955,0.0,0.0,0.0,0.0,0.008,-0.008,4304.35
20260206,202602,12,CARD,GW-ATLAS,Voided,OMR,6,228.1144,0.0,0.0,0.0,0.0,0.13,-0.13,87.71
20260207,202602,190,CARD,GW-ORION,Failed,SAR,8,441.2853,0.0,0.0,0.0,0.0,0.096,-0.096,1654.82
20260207,202602,588,LDEBIT,GW-NILE,Failed,EGP,1,31.9564,0.0,0.0,0.0,0.0,0.008,-0.008,1639.56
20260207,202602,543,TOKEN,GW-ATLAS,Failed,EGP,4,25.9371,0.0,0.0,0.0,0.0,0.0799,-0.0799,1330.73
20260207,202602,700,LDEBIT,GW-NILE,Success,EGP,3,43.5011,43.5011,0.0,0.6411,0.641,0.2813,0.3598,2231.87
20260207,202602,387,CARD,GW-ORION,Refunded,SAR,15,994.976,0.0,994.976,0.0,0.0,2.2507,-2.2507,3731.16
20260207,202602,406,CARD,GW-ORION,Failed,SAR,1,12.112,0.0,0.0,0.0,0.0,0.0107,-0.0107,45.42
20260208,202602,240,CARD,GW-ORION,Failed,SAR,11,541.7467,0.0,0.0,0.0,0.0,0.1333,-0.1333,2031.55
20260208,202602,95,BNPL,GW-ATLAS,Success,AED,2,145.1709,145.1709,0.0,6.4588,6.4601,5.0565,1.4023000000000003,533.14
20260208,202602,564,TOKEN,GW-NIMBUS,Failed,SAR,1,11.0107,0.0,0.0,0.0,0.0,0.016,-0.016,41.29
20260208,202602,767,LDEBIT,GW-NILE,Success,EGP,2,81.7805,81.7805,0.0,1.0897,1.0898,0.4011,0.6885999999999999,4195.84
20260208,202602,846,LDEBIT,GW-NIMBUS,Success,SAR,10,274.6347,274.6347,0.0,3.8667,3.8668,1.6853,2.1814,1029.88
20260208,202602,263,WALLET,GW-NILE,Success,EGP,8,427.8281,427.8281,0.0,8.7537,8.7538,3.7454,5.0083,21950.19
20260208,202602,800,WALLET,GW-NILE,Refunded,EGP,1,12.1968,0.0,12.1968,0.0,0.0,0.1501,-0.1501,625.77
20260208,202602,537,CARD,GW-ATLAS,Success,EGP,2,97.5235,97.5235,0.0,2.7046,2.7047,1.5698,1.1348,5003.55
20260208,202602,45,CARD,GW-NIMBUS,Success,AED,5865,245356.1688,245356.1688,0.0,5223.8993,5223.9002,3693.533,1530.3663,901070.53
20260208,202602,593,CARD,GW-NILE,Success,EGP,1,340.2387,340.2387,0.0,7.5443,7.5444,4.1868,3.3575,17456.32
20260209,202602,364,LDEBIT,GW-NIMBUS,Success,SAR,39,468.4453,468.4453,0.0,4.2053,7.0092,3.864,0.3413000000000004,1756.67
20260209,202602,481,TOKEN,GW-ORION,Failed,SAR,1,27.96,0.0,0.0,0.0,0.0,0.0107,-0.0107,104.85
20260209,202602,626,CARD,GW-NIMBUS,Success,AED,2,387.401,387.401,0.0,5.6637,9.4418,5.3587,0.3050000000000006,1422.73
20260209,202602,364,LDEBIT,GW-NIMBUS,Voided,SAR,1,10.8453,0.0,0.0,0.0,0.0,0.016,-0.016,40.67
20260209,202602,781,BNPL,GW-ATLAS,Success,AED,4,63.9401,63.9401,0.0,2.821,2.821,2.29,0.5310000000000001,234.82
20260209,202602,198,CARD,GW-NIMBUS,Voided,AED,12,943.2512,0.0,0.0,0.0,0.0,0.1797,-0.1797,3464.09
20260209,202602,156,BNPL,GW-ATLAS,Success,SAR,23,1131.3013,1131.3013,0.0,52.3787,52.3793,39.5573,12.821400000000004,4242.38
20260209,202602,749,CARD,GW-ATLAS,Success,EGP,4,596.7119,596.7119,0.0,13.7485,13.7484,8.996,4.7525,30614.96
20260209,202602,114,TOKEN,GW-ORION,Success,SAR,86,13803.1387,13803.1387,0.0,211.0293,211.0306,188.6987,22.330600000000004,51761.77
20260209,202602,504,CARD,GW-ORION,Failed,SAR,2,25.552,0.0,0.0,0.0,0.0,0.024,-0.024,95.82
20260210,202602,747,BNPL,GW-ATLAS,Success,AED,2,76.0463,76.0463,0.0,3.6406,3.6403,2.6685,0.9721000000000002,279.28
20260210,202602,79,CARD,GW-ORION,Voided,SAR,1,45.1253,0.0,0.0,0.0,0.0,0.0107,-0.0107,169.22
20260211,202602,164,TOKEN,GW-NILE,Voided,EGP,1,8.3813,0.0,0.0,0.0,0.0,0.008,-0.008,430.01
20260211,202602,950,LDEBIT,GW-NIMBUS,Success,SAR,45,480.5947,480.5947,0.0,7.6773,7.6763,4.1867,3.4906,1802.23
20260211,202602,911,CARD,GW-NILE,Success,EGP,5,225.1068,225.1068,0.0,5.4456,5.4456,3.0,2.4456,11549.35
20260211,202602,510,LDEBIT,GW-NIMBUS,Success,SAR,3,151.4053,151.4053,0.0,1.8613,1.8609,0.816,1.0453,567.77
20260211,202602,492,LDEBIT,GW-NIMBUS,Failed,SAR,1,196.5307,0.0,0.0,0.0,0.0,0.016,-0.016,736.99
20260211,202602,95,BNPL,GW-ATLAS,Success,AED,5,408.8278,408.8278,0.0,18.192,18.1928,14.2301,3.9619,1501.42
20260211,202602,542,TOKEN,GW-NILE,Failed,EGP,1,25.7194,0.0,0.0,0.0,0.0,0.008,-0.008,1319.56
20260211,202602,763,CARD,GW-ATLAS,Refunded,EGP,2,30.1832,0.0,30.1832,0.0,0.0,0.3,-0.3,1548.58
20260211,202602,479,TOKEN,GW-ATLAS,Failed,OMR,18,182.0286,0.0,0.0,0.0,0.0,0.3641,-0.3641,69.99
20260212,202602,443,LDEBIT,GW-NIMBUS,Failed,SAR,4,70.4507,0.0,0.0,0.0,0.0,0.0587,-0.0587,264.19
20260212,202602,756,CARD,GW-NIMBUS,Failed,SAR,1,158.0853,0.0,0.0,0.0,0.0,0.016,-0.016,592.82
20260212,202602,233,TOKEN,GW-NILE,Success,EGP,1,193.8703,193.8703,0.0,4.5726,4.5726,2.4958,2.0768000000000004,9946.73
20260212,202602,635,CARD,GW-ATLAS,Success,AED,10,3670.9381,3670.9381,0.0,57.6937,57.693,54.2628,3.430900000000001,13481.52
20260212,202602,467,CARD,GW-NIMBUS,Failed,SAR,3,190.0347,0.0,0.0,0.0,0.0,0.0453,-0.0453,712.63
20260212,202602,455,LDEBIT,GW-NIMBUS,Success,SAR,320,5151.5733,5151.5733,0.0,44.4373,44.4386,37.5813,6.856000000000002,19318.4
20260212,202602,644,TOKEN,GW-ORION,Success,SAR,9,274.8053,274.8053,0.0,8.0613,8.0625,4.1893,3.871999999999999,1030.52
20260212,202602,594,CARD,GW-ORION,Failed,SAR,1,45.272,0.0,0.0,0.0,0.0,0.0107,-0.0107,169.77
20260212,202602,109,BANKTR,GW-NIMBUS,Success,SAR,2,6324.7547,6324.7547,0.0,13.4267,13.4263,3.8933,9.5334,23717.83
20260213,202602,592,CARD,GW-NIMBUS,Refunded,AED,1,70.3227,0.0,70.3227,0.0,0.0,0.1498,-0.1498,258.26
20260213,202602,318,LDEBIT,GW-NIMBUS,Failed,AED,1,31.8775,0.0,0.0,0.0,0.0,0.0163,-0.0163,117.07
20260213,202602,552,BNPL,GW-ATLAS,Failed,SAR,9,144.7627,0.0,0.0,0.0,0.0,0.1813,-0.1813,542.86
20260213,202602,581,WALLET,GW-NILE,Refunded,EGP,11,70.2975,0.0,70.2975,0.0,0.0,1.6501,-1.6501,3606.69
20260213,202602,508,LDEBIT,GW-NIMBUS,Success,SAR,13,388.8667,388.8667,0.0,4.9947,4.9938,2.336,2.6587,1458.25
20260213,202602,745,LDEBIT,GW-NILE,Success,EGP,1,17.5322,17.5322,0.0,0.2438,0.2438,0.106,0.1377999999999999,899.51
20260213,202602,202,CARD,GW-ORION,Failed,SAR,3,29.2347,0.0,0.0,0.0,0.0,0.0373,-0.0373,109.63
20260213,202602,373,TOKEN,GW-ORION,Success,SAR,7,114.7467,114.7467,0.0,3.44,3.4402,1.9413,1.4987,430.3
20260213,202602,877,LDEBIT,GW-NIMBUS,Success,SAR,5,136.6613,136.6613,0.0,1.9493,1.9487,0.84,1.1093000000000002,512.48
20260214,202602,3,LDEBIT,GW-NIMBUS,Refunded,SAR,2,40.4267,0.0,40.4267,0.0,0.0,0.2987,-0.2987,151.6
20260214,202602,848,CARD,GW-ORION,Voided,SAR,1,16.416,0.0,0.0,0.0,0.0,0.0107,-0.0107,61.56
20260214,202602,206,WALLET,GW-NILE,Failed,EGP,1,4.3385,0.0,0.0,0.0,0.0,0.008,-0.008,222.59
20260214,202602,432,TOKEN,GW-ORION,Success,AED,18,1232.5201,1232.5201,0.0,28.4847,28.4841,17.4622,11.0225,4526.43
20260214,202602,331,TOKEN,GW-NIMBUS,Failed,AED,2,145.7862,0.0,0.0,0.0,0.0,0.03,-0.03,535.4
20260214,202602,606,CARD,GW-ATLAS,Failed,EGP,5,121.3756,0.0,0.0,0.0,0.0,0.1,-0.1,6227.31
20260214,202602,315,LDEBIT,GW-NIMBUS,Voided,SAR,1,13.648,0.0,0.0,0.0,0.0,0.016,-0.016,51.18
20260214,202602,154,LDEBIT,GW-NIMBUS,Voided,SAR,2,459.2267,0.0,0.0,0.0,0.0,0.0293,-0.0293,1722.1
20260215,202602,644,CARD,GW-ORION,Success,SAR,43,1318.632,1318.632,0.0,37.928,37.9291,19.464,18.464,4944.87
20260215,202602,412,CARD,GW-NIMBUS,Voided,SAR,1,53.6187,0.0,0.0,0.0,0.0,0.016,-0.016,201.07
20260215,202602,443,TOKEN,GW-ORION,Success,SAR,20,345.6853,345.6853,0.0,9.8373,9.8367,5.7867,4.050600000000001,1296.32
20260215,202602,700,TOKEN,GW-NILE,Success,EGP,2,19.7222,19.7222,0.0,0.667,0.667,0.3545,0.3125,1011.87
20260215,202602,806,TOKEN,GW-ORION,Failed,SAR,2,270.9973,0.0,0.0,0.0,0.0,0.024,-0.024,1016.24
20260215,202602,228,TOKEN,GW-ORION,Success,AED,170,2318.4779,2318.4779,0.0,39.7359,39.7371,40.9503,-1.2143999999999977,8514.61
20260215,202602,156,BNPL,GW-ATLAS,Failed,SAR,8,362.4107,0.0,0.0,0.0,0.0,0.16,-0.16,1359.04
20260215,202602,44,WALLET,GW-NILE,Success,EGP,128,539.9876,539.9876,0.0,16.9682,16.9682,8.8539,8.1143,27704.66
20260215,202602,658,CARD,GW-NIMBUS,Failed,SAR,1,2007.0933,0.0,0.0,0.0,0.0,0.016,-0.016,7526.6
20260216,202602,169,TOKEN,GW-NILE,Success,EGP,18,1377.8942,1377.8942,0.0,23.604,23.6041,18.3156,5.288399999999999,70694.38
20260216,202602,556,TOKEN,GW-ORION,Refunded,AED,1,13.2689,0.0,13.2689,0.0,0.0,0.1498,-0.1498,48.73
20260216,202602,706,LDEBIT,GW-NIMBUS,Failed,SAR,3,40.608,0.0,0.0,0.0,0.0,0.0453,-0.0453,152.28
20260216,202602,106,LDEBIT,GW-NILE,Success,EGP,1,17.8246,17.8246,0.0,0.2477,0.2476,0.1072,0.1405,914.51
20260216,202602,299,CARD,GW-ORION,Success,SAR,124,12959.424,12959.424,0.0,207.088,207.0888,173.5173,33.57069999999999,48597.84
20260216,202602,365,CARD,GW-NILE,Refunded,EGP,1,7.1483,0.0,7.1483,0.0,0.0,0.1501,-0.1501,366.75
20260216,202602,911,TOKEN,GW-NILE,Success,EGP,1,22.6408,22.6408,0.0,0.6085,0.6085,0.3384,0.2701,1161.61
20260217,202602,642,LDEBIT,GW-NIMBUS,Failed,SAR,3,201.2693,0.0,0.0,0.0,0.0,0.0453,-0.0453,754.76
20260217,202602,261,TOKEN,GW-ORION,Success,AED,1,107.1014,107.1014,0.0,2.8074,2.8072,1.484,1.3234,393.33
20260217,202602,377,TOKEN,GW-NIMBUS,Success,OMR,2,30.091,30.091,0.0,0.9103,0.9008,0.5462,0.3641,11.57
20260217,202602,812,CARD,GW-ORION,Failed,SAR,1,64.648,0.0,0.0,0.0,0.0,0.0107,-0.0107,242.43
20260217,202602,86,CARD,GW-NILE,Refunded,EGP,2,21.047,0.0,21.047,0.0,0.0,0.3,-0.3,1079.84
20260217,202602,321,CARD,GW-NILE,Failed,EGP,1,18.4487,0.0,0.0,0.0,0.0,0.008,-0.008,946.53
20260217,202602,461,TOKEN,GW-NILE,Success,EGP,2,10.5157,10.5157,0.0,0.4261,0.4261,0.2386,0.1874999999999999,539.52
20260218,202602,317,LDEBIT,GW-NILE,Failed,EGP,1,21.858,0.0,0.0,0.0,0.0,0.008,-0.008,1121.45
20260218,202602,59,CARD,GW-ORION,Refunded,AED,3,139.9728,0.0,139.9728,0.0,0.0,0.4493,-0.4493,514.05
20260218,202602,359,CARD,GW-ATLAS,Success,SAR,43,440.72,440.72,0.0,15.2827,15.2818,9.608,5.6747,1652.7
20260218,202602,339,LDEBIT,GW-NIMBUS,Success,SAR,8,235.168,235.168,0.0,2.896,2.8956,1.4187,1.4772999999999998,881.88
20260218,202602,717,TOKEN,GW-ATLAS,Success,SAR,4,196.2933,196.2933,0.0,4.8213,4.8209,3.264,1.5573,736.1
20260218,202602,630,CARD,GW-ATLAS,Refunded,EGP,12,446.7558,0.0,446.7558,0.0,0.0,1.8,-1.8,22921.3
20260218,202602,697,BANKTR,GW-NILE,Success,EGP,7,7601.8692,7601.8692,0.0,19.208,19.208,5.6818,13.5262,390022.26
20260218,202602,164,TOKEN,GW-NILE,Success,EGP,123,992.1754,992.1754,0.0,36.2015,36.2015,19.0204,17.181100000000004,50904.65
20260218,202602,241,CARD,GW-ATLAS,Failed,EGP,10,73.9388,0.0,0.0,0.0,0.0,0.2,-0.2,3793.51
20260219,202602,748,TOKEN,GW-ORION,Success,AED,8,492.1743,492.1743,0.0,12.8496,12.8484,7.0225,5.827100000000001,1807.51
20260219,202602,857,CARD,GW-NIMBUS,Success,AED,14,4326.1784,4326.1784,0.0,96.403,96.4029,59.3138,37.089200000000005,15887.89
20260219,202602,495,WALLET,GW-NILE,Failed,EGP,1,185.5241,0.0,0.0,0.0,0.0,0.008,-0.008,9518.52
20260219,202602,875,TOKEN,GW-ORION,Success,AED,12,185.3833,185.3833,0.0,5.6828,5.6826,3.1804,2.5024,680.82
20260219,202602,863,WALLET,GW-NILE,Failed,EGP,43,1371.2927,0.0,0.0,0.0,0.0,0.344,-0.344,70355.68
20260219,202602,849,LDEBIT,GW-NIMBUS,Refunded,SAR,1,8.6773,0.0,8.6773,0.0,0.0,0.1493,-0.1493,32.54
20260219,202602,124,LDEBIT,GW-NIMBUS,Failed,AED,1,28.2941,0.0,0.0,0.0,0.0,0.0163,-0.0163,103.91
20260219,202602,385,WALLET,GW-NILE,Success,EGP,6,285.9485,285.9485,0.0,5.5652,5.5652,2.5262,3.039,14670.9
20260219,202602,916,TOKEN,GW-NIMBUS,Success,OMR,32,1321.0923,1321.0923,0.0,33.5241,33.5191,20.5722,12.951899999999998,507.96
20260220,202602,481,CARD,GW-ATLAS,Failed,SAR,5,139.7947,0.0,0.0,0.0,0.0,0.1013,-0.1013,524.23
20260220,202602,666,WALLET,GW-NILE,Success,EGP,18,109.6622,109.6622,0.0,3.0211,3.0211,1.5183,1.5028,5626.34
20260220,202602,285,CARD,GW-NIMBUS,Success,SAR,1858,96772.8027,96772.8027,0.0,1677.3013,1677.3022,1427.2027,250.09860000000003,362898.01
20260220,202602,960,CARD,GW-ORION,Failed,SAR,88,1014.4347,0.0,0.0,0.0,0.0,1.056,-1.056,3804.13
20260220,202602,318,CARD,GW-ORION,Failed,AED,4,127.5126,0.0,0.0,0.0,0.0,0.049,-0.049,468.29
20260221,202602,907,CARD,GW-ORION,Success,AED,7,302.4506,302.4506,0.0,7.8802,7.8789,4.2941,3.5861,1110.75
20260221,202602,342,TOKEN,GW-NIMBUS,Success,AED,3,261.8108,261.8108,0.0,6.6848,6.6856,3.8611,2.8237,961.5
20260221,202602,461,TOKEN,GW-NILE,Success,EGP,5,34.5148,34.5148,0.0,1.2422,1.2421,0.6999,0.5423,1770.82
20260221,202602,630,WALLET,GW-NILE,Success,EGP,186,5033.5368,5033.5368,0.0,76.5615,76.5615,47.2817,29.279799999999994,258251.14
20260221,202602,318,CARD,GW-ORION,Success,AED,30,903.7713,903.7713,0.0,23.4118,23.4126,13.3724,10.0394,3319.1
20260221,202602,804,CARD,GW-ORION,Failed,AED,3,145.5875,0.0,0.0,0.0,0.0,0.0354,-0.0354,534.67
20260221,202602,736,CARD,GW-ORION,Success,SAR,20,2028.6773,2028.6773,0.0,50.0773,50.0782,27.1973,22.880000000000003,7607.54
20260221,202602,64,TOKEN,GW-ATLAS,Success,EGP,1,57.5801,57.5801,0.0,1.4415,1.4416,0.9445,0.497,2954.21
20260221,202602,414,BNPL,GW-ATLAS,Success,AED,1,530.3744,530.3744,0.0,24.6099,24.6094,18.3499,6.259999999999998,1947.8
20260222,202602,732,LDEBIT,GW-NIMBUS,Success,SAR,5,379.2453,379.2453,0.0,4.96,4.9601,1.9307,3.0293,1422.17
20260222,202602,387,LDEBIT,GW-NIMBUS,Success,SAR,59,2962.4133,2962.4133,0.0,35.328,35.3292,15.9867,19.341300000000004,11109.05
20260222,202602,668,LDEBIT,GW-NIMBUS,Failed,AED,1,13.2852,0.0,0.0,0.0,0.0,0.0163,-0.0163,48.79
20260222,202602,894,LDEBIT,GW-NILE,Success,EGP,7,39.0655,39.0655,0.0,0.828,0.8281,0.4033,0.4246999999999999,2004.3
20260222,202602,738,CARD,GW-ORION,Failed,SAR,10,132.016,0.0,0.0,0.0,0.0,0.12,-0.12,495.06
20260222,202602,124,CARD,GW-NIMBUS,Success,AED,25,735.0633,735.0633,0.0,19.8176,19.8181,11.548,8.269599999999999,2699.52
20260222,202602,274,TOKEN,GW-ORION,Voided,SAR,1,20.672,0.0,0.0,0.0,0.0,0.0107,-0.0107,77.52
20260222,202602,61,TOKEN,GW-ATLAS,Success,EGP,11,1817.1385,1817.1385,0.0,31.1382,31.1382,28.2892,2.849,93230.29
20260222,202602,642,CARD,GW-NIMBUS,Voided,SAR,1,67.0907,0.0,0.0,0.0,0.0,0.016,-0.016,251.59
20260222,202602,516,CARD,GW-ORION,Refunded,SAR,16,572.6507,0.0,572.6507,0.0,0.0,2.4,-2.4,2147.44
20260222,202602,93,CARD,GW-ORION,Refunded,AED,1,626.5405,0.0,626.5405,0.0,0.0,0.1498,-0.1498,2300.97
20260223,202602,498,TOKEN,GW-NILE,Success,EGP,2,62.2423,62.2423,0.0,1.6901,1.6901,0.8903,0.7998,3193.41
20260223,202602,169,WALLET,GW-NILE,Success,EGP,27,2337.746,2337.746,0.0,30.5913,30.5912,19.8807,10.7106,119940.63
20260223,202602,626,TOKEN,GW-ATLAS,Failed,AED,1,228.4438,0.0,0.0,0.0,0.0,0.0191,-0.0191,838.96
20260223,202602,638,LDEBIT,GW-NIMBUS,Success,SAR,77,853.9867,853.9867,0.0,13.7653,13.7652,7.3067,6.4586,3202.45
20260223,202602,863,CARD,GW-NILE,Success,EGP,1026,33097.1635,33097.1635,0.0,592.8355,592.8355,456.5085,136.327,1698086.38
20260223,202602,180,BNPL,GW-ATLAS,Success,AED,28,1753.1382,1753.1382,0.0,74.0694,74.0701,61.1491,12.920300000000005,6438.4
20260223,202602,61,LDEBIT,GW-NILE,Success,EGP,11,1440.4944,1440.4944,0.0,11.9056,11.9056,6.2189,5.6867,73906.15
20260223,202602,950,LDEBIT,GW-NIMBUS,Voided,SAR,1,11.1147,0.0,0.0,0.0,0.0,0.016,-0.016,41.68
20260223,202602,793,TOKEN,GW-ATLAS,Success,OMR,1,59.8179,59.8179,0.0,1.5605,1.5634,0.9883,0.5722,23.0
20260224,202602,932,LDEBIT,GW-NILE,Success,EGP,14,388.095,388.095,0.0,5.0039,5.004,2.0617,2.9422,19911.64
20260224,202602,960,BNPL,GW-ATLAS,Success,SAR,142,1589.9173,1589.9173,0.0,70.8773,70.8785,57.7867,13.090600000000002,5962.19
20260224,202602,736,CARD,GW-ORION,Success,SAR,14,1496.9333,1496.9333,0.0,36.872,36.8725,20.024,16.848,5613.5
20260224,202602,226,TOKEN,GW-NILE,Failed,EGP,46,273.2424,0.0,0.0,0.0,0.0,0.368,-0.368,14019.0
20260225,202602,626,TOKEN,GW-ATLAS,Success,AED,1,261.9769,261.9769,0.0,3.8911,6.4868,4.0354,-0.1443000000000003,962.11
20260225,202602,381,TOKEN,GW-NILE,Refunded,EGP,5,174.5878,0.0,174.5878,0.0,0.0,0.75,-0.75,8957.42
20260225,202602,461,LDEBIT,GW-NILE,Success,EGP,4,32.4425,32.4425,0.0,0.5335,0.5335,0.2713,0.2622,1664.5
20260225,202602,212,TOKEN,GW-NIMBUS,Refunded,AED,1,46.5024,0.0,46.5024,0.0,0.0,0.1498,-0.1498,170.78
20260225,202602,396,CARD,GW-NILE,Refunded,EGP,2,15.0199,0.0,15.0199,0.0,0.0,0.3,-0.3,770.61
20260225,202602,908,TOKEN,GW-ORION,Success,SAR,110,1474.0587,1474.0587,0.0,29.44,29.4413,26.1493,3.290700000000001,5527.72
20260225,202602,822,CARD,GW-ATLAS,Failed,EGP,1,20.5712,0.0,0.0,0.0,0.0,0.0201,-0.0201,1055.43
20260225,202602,226,WALLET,GW-NILE,Failed,EGP,216,1283.0513,0.0,0.0,0.0,0.0,1.7281,-1.7281,65828.36
20260226,202602,487,LDEBIT,GW-NILE,Success,EGP,7,59.2355,59.2355,0.0,1.0817,1.0818,0.4849,0.5968000000000001,3039.14
20260226,202602,147,CARD,GW-NIMBUS,Refunded,AED,2,847.8121,0.0,847.8121,0.0,0.0,0.2995,-0.2995,3113.59
20260226,202602,413,CARD,GW-ATLAS,Refunded,EGP,3,26.1567,0.0,26.1567,0.0,0.0,0.45,-0.45,1342.0
20260226,202602,645,TOKEN,GW-ATLAS,Success,EGP,7,103.6538,103.6538,0.0,3.2103,3.2103,2.0853,1.125,5318.07
20260226,202602,375,LDEBIT,GW-NILE,Success,EGP,62,1536.5559,1536.5559,0.0,13.6487,13.6486,8.393,5.255699999999999,78834.69
20260226,202602,539,LDEBIT,GW-NILE,Success,EGP,10,65.3299,65.3299,0.0,1.216,1.216,0.6145,0.6014999999999999,3351.82
20260226,202602,467,CARD,GW-NIMBUS,Refunded,SAR,1,61.016,0.0,61.016,0.0,0.0,0.1493,-0.1493,228.81
20260226,202602,874,CARD,GW-ATLAS,Refunded,EGP,1,10.605,0.0,10.605,0.0,0.0,0.1501,-0.1501,544.1
20260226,202602,495,LDEBIT,GW-NILE,Success,EGP,1,321.3643,321.3643,0.0,2.5104,2.5105,1.3365,1.1739000000000002,16487.95
20260226,202602,854,CARD,GW-NIMBUS,Success,AED,14,2721.1681,2721.1681,0.0,60.4221,60.4221,37.6447,22.7774,9993.49
20260226,202602,762,LDEBIT,GW-NIMBUS,Failed,AED,5,81.4813,0.0,0.0,0.0,0.0,0.0762,-0.0762,299.24
20260226,202602,775,WALLET,GW-NILE,Refunded,EGP,8,34.1301,0.0,34.1301,0.0,0.0,1.2001,-1.2001,1751.08
20260227,202602,405,LDEBIT,GW-NILE,Success,EGP,6,66.1237,66.1237,0.0,1.1108,1.1108,0.4777,0.6331,3392.55
20260227,202602,508,CARD,GW-ORION,Failed,SAR,2,60.696,0.0,0.0,0.0,0.0,0.024,-0.024,227.61
20260227,202602,311,TOKEN,GW-ATLAS,Success,EGP,2,34.5097,34.5097,0.0,1.0133,1.0134,0.6697,0.3436000000000001,1770.56
20260227,202602,760,LDEBIT,GW-NIMBUS,Success,OMR,166,3203.0429,3203.0429,0.0,28.5306,28.5254,21.8726,6.658000000000001,1231.57
20260227,202602,388,CARD,GW-NIMBUS,Success,AED,1298,63923.5344,63923.5344,0.0,1222.3445,1222.3456,947.3383,275.0061999999999,234759.18
20260227,202602,971,CARD,GW-NIMBUS,Refunded,OMR,3,105.5657,0.0,105.5657,0.0,0.0,0.4421,-0.4421,40.59
20260227,202602,735,CARD,GW-NILE,Success,EGP,2,21.8752,21.8752,0.0,0.7467,0.7466,0.3717,0.375,1122.33
20260227,202602,665,CARD,GW-NIMBUS,Failed,AED,2,69.0347,0.0,0.0,0.0,0.0,0.03,-0.03,253.53
20260227,202602,828,CARD,GW-ORION,Success,SAR,4,402.3333,402.3333,0.0,10.0933,10.0921,5.3947,4.698599999999999,1508.75
20260228,202602,126,LDEBIT,GW-NIMBUS,Success,OMR,15,195.2406,195.2406,0.0,3.199,3.1926,1.5605,1.6384999999999998,75.07
20260228,202602,18,LDEBIT,GW-NIMBUS,Failed,SAR,4,50.0267,0.0,0.0,0.0,0.0,0.0587,-0.0587,187.6
20260228,202602,327,CARD,GW-NIMBUS,Refunded,SAR,22,688.2133,0.0,688.2133,0.0,0.0,3.3013,-3.3013,2580.8
20260228,202602,912,WALLET,GW-NILE,Failed,EGP,1,8.0528,0.0,0.0,0.0,0.0,0.008,-0.008,413.16
20260228,202602,364,LDEBIT,GW-NIMBUS,Success,SAR,47,526.96,526.96,0.0,4.824,8.0412,4.4853,0.3387000000000002,1976.1
20260228,202602,42,CARD,GW-ORION,Failed,SAR,17,170.1253,0.0,0.0,0.0,0.0,0.2027,-0.2027,637.97
20260228,202602,332,TOKEN,GW-ATLAS,Failed,EGP,1,197.1871,0.0,0.0,0.0,0.0,0.0201,-0.0201,10116.9
20260301,202603,396,TOKEN,GW-NILE,Failed,EGP,2,15.2457,0.0,0.0,0.0,0.0,0.0161,-0.0161,786.58
20260301,202603,291,CARD,GW-ATLAS,Success,OMR,6,89.3368,89.3368,0.0,2.7828,2.7893,1.7425,1.0403,34.35
20260301,202603,809,LDEBIT,GW-NIMBUS,Success,AED,6,173.2199,173.2199,0.0,2.3172,2.317,1.0483,1.2689,636.15
20260301,202603,22,WALLET,GW-NILE,Success,EGP,3,16.7227,16.7227,0.0,0.4605,0.4605,0.2405,0.22,862.78
20260301,202603,582,LDEBIT,GW-NIMBUS,Refunded,OMR,1,40.2341,0.0,40.2341,0.0,0.0,0.156,-0.156,15.47
20260302,202603,396,CARD,GW-NILE,Refunded,EGP,2,6.8887,0.0,6.8887,0.0,0.0,0.3,-0.3,355.41
20260302,202603,290,BNPL,GW-ATLAS,Success,AED,1,34.9707,34.9707,0.0,1.6283,1.6279,1.228,0.4003000000000001,128.43
20260302,202603,209,TOKEN,GW-ATLAS,Refunded,EGP,1,34.4147,0.0,34.4147,0.0,0.0,0.15,-0.15,1775.57
20260302,202603,488,CARD,GW-ATLAS,Failed,AED,6,79.2212,0.0,0.0,0.0,0.0,0.1198,-0.1198,290.94
20260302,202603,380,CARD,GW-NILE,Voided,EGP,1,559.6369,0.0,0.0,0.0,0.0,0.0079,-0.0079,28873.57
20260302,202603,508,CARD,GW-ORION,Failed,SAR,4,121.392,0.0,0.0,0.0,0.0,0.048,-0.048,455.22
20260302,202603,417,LDEBIT,GW-NILE,Success,EGP,1804,14765.6853,14765.6853,0.0,169.0422,169.0421,122.9411,46.1011,761811.91
20260302,202603,942,LDEBIT,GW-NILE,Voided,EGP,1,34.7502,0.0,0.0,0.0,0.0,0.0079,-0.0079,1792.88
20260302,202603,22,CARD,GW-ATLAS,Success,EGP,5,31.5486,31.5486,0.0,1.2323,1.2322,0.83,0.4023,1627.7
20260303,202603,35,CARD,GW-ATLAS,Success,SAR,30,2328.2133,2328.2133,0.0,58.9813,58.9806,36.1653,22.815999999999995,8730.8
20260303,202603,387,LDEBIT,GW-NIMBUS,Failed,SAR,6,278.0693,0.0,0.0,0.0,0.0,0.0907,-0.0907,1042.76
20260303,202603,720,TOKEN,GW-ATLAS,Success,EGP,1,7.4765,7.4765,0.0,0.2942,0.2942,0.187,0.1072,385.74
20260303,202603,749,LDEBIT,GW-NILE,Success,EGP,1,80.4562,80.4562,0.0,0.9294,0.9294,0.3609,0.5685,4151.01
20260303,202603,609,CARD,GW-NILE,Failed,EGP,2,111.2156,0.0,0.0,0.0,0.0,0.0161,-0.0161,5737.99
20260303,202603,363,TOKEN,GW-NIMBUS,Success,AED,41,671.853,671.853,0.0,19.1232,19.1226,12.0708,7.0524,2467.38
20260303,202603,684,CARD,GW-ORION,Success,SAR,1,134.3893,134.3893,0.0,3.36,3.3613,1.7813,1.5786999999999998,503.96
20260303,202603,956,BNPL,GW-ATLAS,Success,SAR,1,209.0453,209.0453,0.0,9.1947,9.1938,7.2453,1.949399999999999,783.92
20260303,202603,968,CARD,GW-NIMBUS,Success,SAR,21,22395.8747,22395.8747,0.0,344.576,344.5748,303.7093,40.86670000000004,83984.53
20260304,202603,879,TOKEN,GW-NIMBUS,Failed,AED,1,27.9537,0.0,0.0,0.0,0.0,0.0163,-0.0163,102.66
20260304,202603,159,WALLET,GW-NILE,Voided,EGP,2,33.9611,0.0,0.0,0.0,0.0,0.0161,-0.0161,1752.17
20260304,202603,665,LDEBIT,GW-NIMBUS,Success,AED,11,405.1572,405.1572,0.0,5.5494,5.5502,2.3172,3.2322,1487.94
20260304,202603,432,CARD,GW-ORION,Success,AED,50,3322.2301,3322.2301,0.0,75.3329,75.3316,45.5657,29.767199999999995,12200.89
20260304,202603,960,LDEBIT,GW-NIMBUS,Voided,SAR,5,57.6373,0.0,0.0,0.0,0.0,0.0747,-0.0747,216.14
20260304,202603,201,LDEBIT,GW-NIMBUS,Success,AED,1,91.1368,91.1368,0.0,1.0973,1.0983,0.4547,0.6426,334.7
20260304,202603,620,BANKTR,GW-NILE,Failed,EGP,1,88.164,0.0,0.0,0.0,0.0,0.0079,-0.0079,4548.68
20260304,202603,933,LDEBIT,GW-NIMBUS,Success,SAR,5,185.6747,185.6747,0.0,2.232,2.2313,1.0613,1.1707000000000003,696.28
20260304,202603,163,BNPL,GW-ATLAS,Success,SAR,5,369.752,369.752,0.0,17.0613,17.0604,12.8773,4.183999999999999,1386.57
20260305,202603,898,CARD,GW-ATLAS,Failed,EGP,4,466.2569,0.0,0.0,0.0,0.0,0.08,-0.08,24055.78
20260305,202603,303,BNPL,GW-ATLAS,Success,SAR,7,97.0667,97.0667,0.0,4.5493,4.5495,3.4933,1.0559999999999996,364.0
20260305,202603,23,TOKEN,GW-ORION,Failed,SAR,3,35.1627,0.0,0.0,0.0,0.0,0.0373,-0.0373,131.86
20260305,202603,348,CARD,GW-NILE,Failed,EGP,12,78.7397,0.0,0.0,0.0,0.0,0.0959,-0.0959,4062.45
20260305,202603,682,CARD,GW-ORION,Success,SAR,122,1713.5253,1713.5253,0.0,50.3093,50.3088,29.2267,21.0826,6425.72
20260305,202603,611,CARD,GW-ATLAS,Failed,SAR,7,268.9413,0.0,0.0,0.0,0.0,0.1387,-0.1387,1008.53
20260305,202603,895,TOKEN,GW-NIMBUS,Voided,SAR,2,71.424,0.0,0.0,0.0,0.0,0.0293,-0.0293,267.84
20260305,202603,479,LDEBIT,GW-NIMBUS,Failed,OMR,14,141.5865,0.0,0.0,0.0,0.0,0.2081,-0.2081,54.44
20260306,202603,467,LDEBIT,GW-NIMBUS,Success,SAR,32,1946.5707,1946.5707,0.0,23.536,23.5365,10.2,13.336000000000002,7299.64
20260306,202603,976,LDEBIT,GW-NILE,Success,EGP,98,2448.1618,2448.1618,0.0,21.9627,21.9627,13.3451,8.617600000000001,126308.99
20260306,202603,124,LDEBIT,GW-NIMBUS,Success,AED,6,187.3084,187.3084,0.0,2.4588,2.4589,1.1137,1.3451000000000002,687.89
20260306,202603,479,CARD,GW-NIMBUS,Refunded,OMR,24,280.5462,0.0,280.5462,0.0,0.0,3.5891,-3.5891,107.87
20260306,202603,97,LDEBIT,GW-NIMBUS,Failed,AED,2,23.4146,0.0,0.0,0.0,0.0,0.03,-0.03,85.99
20260306,202603,891,CARD,GW-ATLAS,Failed,EGP,2,55.7211,0.0,0.0,0.0,0.0,0.0399,-0.0399,2874.84
20260306,202603,537,CARD,GW-ATLAS,Success,EGP,3,202.7182,202.7182,0.0,5.5005,5.5005,3.1775,2.3229999999999995,10458.92
20260306,202603,125,TOKEN,GW-ORION,Success,SAR,22,238.4933,238.4933,0.0,7.632,7.6329,4.48,3.1519999999999992,894.35
20260306,202603,11,LDEBIT,GW-NIMBUS,Voided,SAR,2,44.856,0.0,0.0,0.0,0.0,0.0293,-0.0293,168.21
20260306,202603,480,TOKEN,GW-ATLAS,Success,OMR,6,465.2536,465.2536,0.0,7.2042,7.1921,7.4902,-0.2859999999999996,178.89
20260306,202603,394,CARD,GW-ORION,Failed,AED,5,175.3574,0.0,0.0,0.0,0.0,0.0599,-0.0599,644.0
20260306,202603,162,CARD,GW-NILE,Voided,EGP,5,91.1058,0.0,0.0,0.0,0.0,0.0399,-0.0399,4700.46
20260306,202603,619,WALLET,GW-NILE,Failed,EGP,66,1082.5485,0.0,0.0,0.0,0.0,0.528,-0.528,55852.36
20260306,202603,493,TOKEN,GW-NIMBUS,Success,AED,1,46.8264,46.8264,0.0,1.2308,1.2302,0.7216,0.5091999999999999,171.97
20260306,202603,483,LDEBIT,GW-NILE,Success,EGP,436,3684.0441,3684.0441,0.0,45.0947,45.0947,30.1804,14.914300000000004,190072.36
20260307,202603,877,CARD,GW-NIMBUS,Success,SAR,16,522.1013,522.1013,0.0,14.8373,14.837,8.088,6.749300000000002,1957.88
20260307,202603,791,CARD,GW-NILE,Success,EGP,14,384.3474,384.3474,0.0,10.0364,10.0363,5.4117,4.624700000000001,19829.79
20260307,202603,820,BNPL,GW-ATLAS,Refunded,EGP,1,26.2975,0.0,26.2975,0.0,0.0,0.15,-0.15,1356.78
20260307,202603,953,CARD,GW-NILE,Success,EGP,3,55.5156,55.5156,0.0,1.6839,1.684,0.8334,0.8504999999999999,2864.24
20260307,202603,770,CARD,GW-NIMBUS,Voided,OMR,3,82.2887,0.0,0.0,0.0,0.0,0.052,-0.052,31.64
20260308,202603,22,WALLET,GW-NILE,Success,EGP,2,19.0862,19.0862,0.0,0.4545,0.4544,0.2246,0.2299,984.72
20260308,202603,923,TOKEN,GW-ATLAS,Success,EGP,2,63.2835,63.2835,0.0,1.8136,1.8136,1.1048,0.7088000000000001,3265.01
20260308,202603,921,LDEBIT,GW-NIMBUS,Success,SAR,3,132.0453,132.0453,0.0,1.6667,1.667,0.728,0.9387,495.17
20260308,202603,743,CARD,GW-ATLAS,Success,SAR,12,527.048,527.048,0.0,12.3787,12.3787,8.5733,3.805400000000001,1976.43
20260308,202603,581,WALLET,GW-NILE,Voided,EGP,26,180.7095,0.0,0.0,0.0,0.0,0.208,-0.208,9323.42
20260308,202603,924,CARD,GW-ATLAS,Success,OMR,25,2144.0312,2144.0312,0.0,52.0416,52.0486,33.1079,18.9337,824.38
20260308,202603,254,BNPL,GW-NILE,Success,EGP,2,20.6017,20.6017,0.0,0.9406,0.9407,0.6094,0.3311999999999999,1062.91
20260308,202603,720,LDEBIT,GW-NILE,Success,EGP,1,8.3623,8.3623,0.0,0.1541,0.1542,0.0688,0.0852999999999999,431.44
20260308,202603,581,CARD,GW-NILE,Failed,EGP,230,1598.5837,0.0,0.0,0.0,0.0,1.84,-1.84,82476.37
20260309,202603,120,TOKEN,GW-ORION,Failed,SAR,4,305.8693,0.0,0.0,0.0,0.0,0.048,-0.048,1147.01
20260309,202603,960,LDEBIT,GW-NIMBUS,Refunded,SAR,1,26.856,0.0,26.856,0.0,0.0,0.1493,-0.1493,100.71
20260309,202603,964,TOKEN,GW-NIMBUS,Success,OMR,3,86.71,86.71,0.0,2.4187,2.4229,1.4044,1.0142999999999998,33.34
20260309,202603,686,CARD,GW-ATLAS,Voided,EGP,1,6.4018,0.0,0.0,0.0,0.0,0.02,-0.02,330.29
20260309,202603,56,CARD,GW-NILE,Refunded,EGP,5,83.908,0.0,83.908,0.0,0.0,0.7501,-0.7501,4329.1
20260309,202603,454,LDEBIT,GW-NIMBUS,Failed,AED,1,39.0388,0.0,0.0,0.0,0.0,0.0163,-0.0163,143.37
20260310,202603,848,CARD,GW-ORION,Refunded,SAR,6,120.128,0.0,120.128,0.0,0.0,0.8987,-0.8987,450.48
20260310,202603,184,WALLET,GW-NILE,Failed,EGP,36,153.576,0.0,0.0,0.0,0.0,0.288,-0.288,7923.51
20260310,202603,23,LDEBIT,GW-NIMBUS,Voided,SAR,1,11.72,0.0,0.0,0.0,0.0,0.016,-0.016,43.95
20260310,202603,171,TOKEN,GW-NILE,Refunded,EGP,1,58.0406,0.0,58.0406,0.0,0.0,0.15,-0.15,2994.51
20260310,202603,465,TOKEN,GW-NILE,Failed,EGP,1,128.5978,0.0,0.0,0.0,0.0,0.0079,-0.0079,6634.8
20260310,202603,6,LDEBIT,GW-NIMBUS,Success,AED,12,677.7862,677.7862,0.0,8.6072,8.6068,3.5888,5.018400000000001,2489.17
20260310,202603,614,TOKEN,GW-ORION,Success,SAR,6,68.5227,68.5227,0.0,2.1893,2.189,1.2693,0.9199999999999996,256.96
20260310,202603,281,CARD,GW-NIMBUS,Success,SAR,34,1091.5067,1091.5067,0.0,30.04,30.039,16.9467,13.0933,4093.15
20260311,202603,303,LDEBIT,GW-NIMBUS,Failed,SAR,4,55.2,0.0,0.0,0.0,0.0,0.0587,-0.0587,207.0
20260311,202603,21,CARD,GW-NILE,Voided,EGP,1,5.9157,0.0,0.0,0.0,0.0,0.0079,-0.0079,305.21
20260311,202603,205,WALLET,GW-NILE,Voided,EGP,2,61.266,0.0,0.0,0.0,0.0,0.0161,-0.0161,3160.92
20260311,202603,680,CARD,GW-NILE,Success,EGP,5,151.2659,151.2659,0.0,4.079,4.079,2.1028,1.9762,7804.32
20260311,202603,212,CARD,GW-NIMBUS,Voided,AED,2,78.7801,0.0,0.0,0.0,0.0,0.03,-0.03,289.32
20260311,202603,449,CARD,GW-NILE,Success,EGP,23,796.4313,796.4313,0.0,20.9126,20.9126,10.8956,10.017,41090.6
20260311,202603,541,WALLET,GW-NILE,Refunded,EGP,11,316.775,0.0,316.775,0.0,0.0,1.65,-1.65,16343.5
20260312,202603,384,LDEBIT,GW-NIMBUS,Refunded,AED,1,12.7842,0.0,12.7842,0.0,0.0,0.1498,-0.1498,46.95
20260312,202603,588,BNPL,GW-NILE,Success,EGP,14,479.1971,479.1971,0.0,21.1614,21.1613,13.9128,7.2486,24723.41
20260312,202603,543,CARD,GW-ATLAS,Failed,EGP,16,103.7482,0.0,0.0,0.0,0.0,0.32,-0.32,5352.72
20260312,202603,17,CARD,GW-NIMBUS,Refunded,AED,1,36.6263,0.0,36.6263,0.0,0.0,0.1498,-0.1498,134.51
20260312,202603,470,TOKEN,GW-NILE,Success,EGP,8,194.2611,194.2611,0.0,5.4662,5.4662,2.8717,2.5945,10022.59
20260312,202603,237,BNPL,GW-ATLAS,Failed,SAR,2,1048.0773,0.0,0.0,0.0,0.0,0.04,-0.04,3930.29
20260312,202603,61,WALLET,GW-NILE,Failed,EGP,3,433.3866,0.0,0.0,0.0,0.0,0.024,-0.024,22359.89
20260312,202603,495,LDEBIT,GW-NILE,Success,EGP,5,956.3599,956.3599,0.0,7.544,7.544,4.0482,3.4958,49341.86
20260313,202603,11,CARD,GW-ORION,Voided,SAR,3,67.2827,0.0,0.0,0.0,0.0,0.0373,-0.0373,252.31
20260313,202603,920,TOKEN,GW-ORION,Success,AED,1,68.678,68.678,0.0,1.6174,1.6178,0.9721,0.6453,252.22
20260313,202603,108,LDEBIT,GW-NILE,Refunded,EGP,34,254.6155,0.0,254.6155,0.0,0.0,5.1001,-5.1001,13136.48
20260313,202603,381,CARD,GW-ATLAS,Success,EGP,68,1881.0404,1881.0404,0.0,49.5937,49.5937,32.4576,17.1361,97049.27
20260313,202603,637,BNPL,GW-ATLAS,Voided,SAR,3,123.8427,0.0,0.0,0.0,0.0,0.0587,-0.0587,464.41
20260313,202603,854,CARD,GW-NIMBUS,Success,AED,6,1402.3118,1402.3118,0.0,31.017,31.0161,19.322,11.695,5149.99
20260313,202603,924,TOKEN,GW-NIMBUS,Refunded,OMR,2,208.7386,0.0,208.7386,0.0,0.0,0.3121,-0.3121,80.26
20260313,202603,556,CARD,GW-ATLAS,Voided,AED,6,82.0558,0.0,0.0,0.0,0.0,0.1198,-0.1198,301.35
20260313,202603,241,TOKEN,GW-NILE,Refunded,EGP,1,7.8717,0.0,7.8717,0.0,0.0,0.15,-0.15,406.13
20260313,202603,46,WALLET,GW-NILE,Failed,EGP,12,97.9569,0.0,0.0,0.0,0.0,0.0959,-0.0959,5053.93
20260313,202603,699,CARD,GW-NIMBUS,Success,SAR,43,588.928,588.928,0.0,17.9253,17.9249,10.7467,7.178599999999999,2208.48
20260313,202603,171,WALLET,GW-NILE,Success,EGP,17,846.4986,846.4986,0.0,16.8318,16.8319,7.4517,9.380100000000002,43673.74
20260314,202603,932,CARD,GW-NILE,Failed,EGP,9,210.556,0.0,0.0,0.0,0.0,0.0719,-0.0719,10863.3
20260314,202603,692,LDEBIT,GW-NIMBUS,Success,AED,340,14837.8298,14837.8298,0.0,113.2852,113.2856,82.0694,31.2158,54491.93
20260314,202603,644,LDEBIT,GW-NIMBUS,Success,SAR,10,250.4453,250.4453,0.0,3.632,3.633,1.576,2.056,939.17
20260314,202603,443,CARD,GW-ORION,Success,SAR,49,864.2133,864.2133,0.0,24.0693,24.0683,13.9947,10.074599999999998,3240.8
20260314,202603,15,BNPL,GW-ATLAS,Voided,AED,2,22.5759,0.0,0.0,0.0,0.0,0.0408,-0.0408,82.91
20260314,202603,971,CARD,GW-NIMBUS,Failed,OMR,4,145.4876,0.0,0.0,0.0,0.0,0.052,-0.052,55.94
20260315,202603,588,CARD,GW-NILE,Success,EGP,78,2534.361,2534.361,0.0,63.7587,63.7587,34.9266,28.8321,130756.3
20260315,202603,540,TOKEN,GW-ATLAS,Success,EGP,1,233.0195,233.0195,0.0,5.6249,5.6249,3.5972,2.0277000000000003,12022.27
20260316,202603,833,WALLET,GW-NILE,Voided,EGP,2,8.892,0.0,0.0,0.0,0.0,0.0161,-0.0161,458.77
20260316,202603,164,CARD,GW-ATLAS,Failed,EGP,72,603.4489,0.0,0.0,0.0,0.0,1.4399,-1.4399,31133.98
20260316,202603,177,LDEBIT,GW-NIMBUS,Failed,OMR,1,17.9454,0.0,0.0,0.0,0.0,0.026,-0.026,6.9
20260316,202603,373,BNPL,GW-ATLAS,Success,SAR,1,23.9893,23.9893,0.0,1.12,1.121,0.848,0.2720000000000001,89.96
20260316,202603,26,BNPL,GW-ATLAS,Success,AED,10,4030.5977,4030.5977,0.0,115.518,115.5169,139.4963,-23.97829999999999,14802.37
20260316,202603,201,CARD,GW-ORION,Success,AED,11,927.4663,927.4663,0.0,22.9217,22.9226,12.5446,10.3771,3406.12
20260316,202603,298,TOKEN,GW-ORION,Success,AED,3,38.29,38.29,0.0,1.1545,1.155,0.6889,0.4656000000000001,140.62
20260317,202603,23,CARD,GW-ORION,Failed,SAR,28,328.184,0.0,0.0,0.0,0.0,0.336,-0.336,1230.69
20260317,202603,598,WALLET,GW-NILE,Failed,EGP,8,251.1746,0.0,0.0,0.0,0.0,0.064,-0.064,12958.95
20260317,202603,846,CARD,GW-ORION,Success,SAR,3,55.072,55.072,0.0,1.6853,1.6841,0.8853,0.8,206.52
20260317,202603,711,CARD,GW-ATLAS,Success,OMR,6,99.8179,99.8179,0.0,3.0169,3.0077,1.8986,1.1183,38.38
20260317,202603,779,CARD,GW-NIMBUS,Success,SAR,11,320.6107,320.6107,0.0,8.3173,8.3174,5.0427,3.2745999999999995,1202.29
20260317,202603,598,CARD,GW-ATLAS,Voided,EGP,2,62.7937,0.0,0.0,0.0,0.0,0.0399,-0.0399,3239.74
20260317,202603,432,BNPL,GW-ATLAS,Failed,AED,6,378.2274,0.0,0.0,0.0,0.0,0.1198,-0.1198,1389.04
20260318,202603,359,CARD,GW-ATLAS,Success,SAR,38,422.176,422.176,0.0,14.304,14.3038,8.968,5.336,1583.16
20260318,202603,363,CARD,GW-ORION,Voided,AED,4,67.1178,0.0,0.0,0.0,0.0,0.049,-0.049,246.49
20260318,202603,625,TOKEN,GW-ORION,Success,SAR,3,119.5093,119.5093,0.0,3.2373,3.2382,1.768,1.4692999999999998,448.16
20260318,202603,409,WALLET,GW-NILE,Refunded,EGP,4,51.6566,0.0,51.6566,0.0,0.0,0.6001,-0.6001,2665.14
20260318,202603,492,LDEBIT,GW-NIMBUS,Failed,SAR,1,196.5307,0.0,0.0,0.0,0.0,0.016,-0.016,736.99
20260318,202603,310,CARD,GW-ORION,Refunded,SAR,1,404.2267,0.0,404.2267,0.0,0.0,0.1493,-0.1493,1515.85
20260319,202603,806,TOKEN,GW-ORION,Failed,SAR,2,270.9973,0.0,0.0,0.0,0.0,0.024,-0.024,1016.24
20260319,202603,299,LDEBIT,GW-NIMBUS,Failed,SAR,4,431.9813,0.0,0.0,0.0,0.0,0.0587,-0.0587,1619.93
20260319,202603,143,CARD,GW-ORION,Voided,SAR,1,8.92,0.0,0.0,0.0,0.0,0.0107,-0.0107,33.45
20260319,202603,170,CARD,GW-NILE,Failed,EGP,9,258.0237,0.0,0.0,0.0,0.0,0.0719,-0.0719,13312.32
20260319,202603,614,BNPL,GW-ATLAS,Failed,SAR,2,24.352,0.0,0.0,0.0,0.0,0.04,-0.04,91.32
20260320,202603,348,LDEBIT,GW-NILE,Failed,EGP,2,13.1232,0.0,0.0,0.0,0.0,0.0161,-0.0161,677.07
20260320,202603,542,CARD,GW-ATLAS,Voided,EGP,2,51.4386,0.0,0.0,0.0,0.0,0.0399,-0.0399,2653.89
20260320,202603,472,BNPL,GW-ATLAS,Success,AED,1,171.7903,171.7903,0.0,7.9428,7.9436,5.9578,1.9850000000000003,630.9
20260320,202603,518,LDEBIT,GW-NILE,Success,EGP,2,80.908,80.908,0.0,1.0437,1.0437,0.3977,0.6460000000000001,4174.32
20260320,202603,61,CARD,GW-NILE,Success,EGP,29,4336.0193,4336.0193,0.0,72.8952,72.8952,54.2197,18.6755,223709.98
20260320,202603,607,CARD,GW-ORION,Failed,SAR,4,261.8507,0.0,0.0,0.0,0.0,0.048,-0.048,981.94
20260320,202603,145,CARD,GW-ORION,Voided,AED,1,15.3274,0.0,0.0,0.0,0.0,0.0109,-0.0109,56.29
20260321,202603,278,CARD,GW-NIMBUS,Failed,SAR,3,96.5653,0.0,0.0,0.0,0.0,0.0453,-0.0453,362.12
20260321,202603,461,LDEBIT,GW-NILE,Success,EGP,6,41.1173,41.1173,0.0,0.7228,0.7227,0.3766,0.3462,2121.38
20260321,202603,960,CARD,GW-ORION,Voided,SAR,11,126.8053,0.0,0.0,0.0,0.0,0.1333,-0.1333,475.52
20260321,202603,839,CARD,GW-ATLAS,Failed,EGP,23,530.0953,0.0,0.0,0.0,0.0,0.4599,-0.4599,27349.42
20260321,202603,743,CARD,GW-ATLAS,Success,SAR,14,610.0213,610.0213,0.0,14.3387,14.3386,9.9307,4.408,2287.58
20260321,202603,817,WALLET,GW-NILE,Success,EGP,1,16.619,16.619,0.0,0.3747,0.3746,0.1696,0.2050999999999999,857.43
20260321,202603,581,CARD,GW-NILE,Failed,EGP,189,1313.6188,0.0,0.0,0.0,0.0,1.512,-1.512,67774.06
20260322,202603,285,LDEBIT,GW-NIMBUS,Failed,SAR,27,1406.544,0.0,0.0,0.0,0.0,0.4053,-0.4053,5274.54
20260322,202603,985,LDEBIT,GW-NILE,Success,EGP,1,65.7109,65.7109,0.0,0.8146,0.8146,0.3012,0.5134,3390.25
20260322,202603,105,LDEBIT,GW-NILE,Failed,EGP,2,11.5976,0.0,0.0,0.0,0.0,0.0161,-0.0161,598.36
20260322,202603,345,CARD,GW-ORION,Failed,AED,184,3179.9292,0.0,0.0,0.0,0.0,2.2083,-2.2083,11678.29
20260322,202603,328,BANKTR,GW-NIMBUS,Success,AED,2,7397.6882,7397.6882,0.0,16.0054,16.0053,4.4275,11.5779,27168.01
20260322,202603,847,TOKEN,GW-NIMBUS,Success,OMR,1,35.9688,35.9688,0.0,0.9623,0.9614,0.5722,0.3901,13.83
20260322,202603,475,CARD,GW-ATLAS,Success,SAR,262,7099.9333,7099.9333,0.0,132.72,132.7199,122.904,9.816000000000004,26624.75
20260323,202603,513,TOKEN,GW-NIMBUS,Success,OMR,10,312.1717,312.1717,0.0,7.8804,7.8866,5.0195,2.8609,120.03
20260323,202603,12,CARD,GW-ATLAS,Failed,OMR,64,2433.1339,0.0,0.0,0.0,0.0,1.2744,-1.2744,935.54
20260323,202603,447,LDEBIT,GW-NIMBUS,Success,AED,2,188.5555,188.5555,0.0,2.3553,2.3555,0.9394,1.4159000000000002,692.47
20260323,202603,78,WALLET,GW-NILE,Success,EGP,5,24.1122,24.1122,0.0,0.7053,0.7053,0.3704,0.3349,1244.03
20260323,202603,619,WALLET,GW-NILE,Refunded,EGP,12,130.6847,0.0,130.6847,0.0,0.0,1.8,-1.8,6742.47
20260323,202603,644,CARD,GW-ORION,Refunded,SAR,1,21.2293,0.0,21.2293,0.0,0.0,0.1493,-0.1493,79.61
20260323,202603,446,TOKEN,GW-NIMBUS,Failed,OMR,2,77.2172,0.0,0.0,0.0,0.0,0.026,-0.026,29.69
20260323,202603,699,LDEBIT,GW-NIMBUS,Success,SAR,39,524.3093,524.3093,0.0,7.9013,7.9026,4.1147,3.7866,1966.16
20260323,202603,164,LDEBIT,GW-NILE,Failed,EGP,9,75.4312,0.0,0.0,0.0,0.0,0.0719,-0.0719,3891.75
20260323,202603,304,TOKEN,GW-ORION,Success,SAR,5,93.1253,93.1253,0.0,2.6107,2.6112,1.536,1.0747,349.22
20260324,202603,913,LDEBIT,GW-NILE,Success,EGP,7,710.31,710.31,0.0,8.1985,8.1986,3.1217,5.076799999999999,36647.31
20260324,202603,908,BNPL,GW-ATLAS,Failed,SAR,27,369.616,0.0,0.0,0.0,0.0,0.5413,-0.5413,1386.06
20260324,202603,190,LDEBIT,GW-NIMBUS,Success,SAR,29,1476.24,1476.24,0.0,17.0107,17.0096,7.9493,9.0614,5535.9
20260324,202603,130,CARD,GW-ATLAS,Failed,EGP,12,79.8015,0.0,0.0,0.0,0.0,0.24,-0.24,4117.23
20260324,202603,1007,BNPL,GW-ATLAS,Success,EGP,1,7.7729,7.7729,0.0,0.3636,0.3636,0.2886,0.0749999999999999,401.03
20260324,202603,601,LDEBIT,GW-NIMBUS,Failed,SAR,1,16.9093,0.0,0.0,0.0,0.0,0.016,-0.016,63.41
20260324,202603,154,CARD,GW-NIMBUS,Refunded,SAR,2,608.128,0.0,608.128,0.0,0.0,0.2987,-0.2987,2280.48
20260324,202603,630,CARD,GW-ATLAS,Voided,EGP,6,163.6174,0.0,0.0,0.0,0.0,0.12,-0.12,8441.58
20260324,202603,66,CARD,GW-ATLAS,Success,EGP,59,342.6184,342.6184,0.0,14.065,14.0649,9.3615,4.7035,17676.85
20260324,202603,454,CARD,GW-ORION,Success,AED,48,2020.4711,2020.4711,0.0,54.2982,54.2991,28.7597,25.538500000000003,7420.18
20260325,202603,226,TOKEN,GW-NILE,Voided,EGP,13,77.2207,0.0,0.0,0.0,0.0,0.1041,-0.1041,3984.08
20260325,202603,863,WALLET,GW-NILE,Success,EGP,344,10776.3782,10776.3782,0.0,147.5198,147.5198,99.3286,48.19120000000001,555989.99
20260325,202603,739,CARD,GW-NIMBUS,Refunded,SAR,6,228.0213,0.0,228.0213,0.0,0.0,0.8987,-0.8987,855.08
20260325,202603,301,WALLET,GW-NILE,Refunded,EGP,1,8.1313,0.0,8.1313,0.0,0.0,0.15,-0.15,419.52
20260325,202603,164,WALLET,GW-NILE,Failed,EGP,30,251.437,0.0,0.0,0.0,0.0,0.24,-0.24,12972.49
20260325,202603,273,TOKEN,GW-NIMBUS,Success,SAR,3,777.4373,777.4373,0.0,18.5707,18.5698,11.08,7.490699999999999,2915.39
20260325,202603,359,LDEBIT,GW-NIMBUS,Success,SAR,25,256.376,256.376,0.0,4.3893,4.3887,2.28,2.1093000000000006,961.41
20260325,202603,217,CARD,GW-ORION,Success,AED,4,9733.5548,9733.5548,0.0,157.2825,157.2822,125.0211,32.261399999999995,35746.48
20260325,202603,495,CARD,GW-NILE,Failed,EGP,1,185.5241,0.0,0.0,0.0,0.0,0.0079,-0.0079,9571.82
20260325,202603,278,LDEBIT,GW-NIMBUS,Success,SAR,5,148.2133,148.2133,0.0,2.0667,2.0673,0.8907,1.176,555.8
20260326,202603,481,CARD,GW-ATLAS,Refunded,SAR,5,113.5067,0.0,113.5067,0.0,0.0,0.7493,-0.7493,425.65
20260326,202603,639,LDEBIT,GW-NIMBUS,Failed,SAR,2,101.6213,0.0,0.0,0.0,0.0,0.0293,-0.0293,381.08
20260326,202603,745,TOKEN,GW-NILE,Success,EGP,1,10.0336,10.0336,0.0,0.3332,0.3333,0.1795,0.1537,517.67
20260326,202603,778,CARD,GW-ATLAS,Success,EGP,40,184.5281,184.5281,0.0,8.2338,8.2338,5.6503,2.583500000000001,9520.43
20260326,202603,516,LDEBIT,GW-NIMBUS,Failed,SAR,23,799.7253,0.0,0.0,0.0,0.0,0.344,-0.344,2998.97
20260326,202603,739,TOKEN,GW-ORION,Voided,SAR,2,87.7253,0.0,0.0,0.0,0.0,0.024,-0.024,328.97
20260326,202603,674,LDEBIT,GW-NIMBUS,Failed,AED,3,30.3771,0.0,0.0,0.0,0.0,0.0463,-0.0463,111.56
20260326,202603,61,CARD,GW-NILE,Failed,EGP,3,433.3866,0.0,0.0,0.0,0.0,0.024,-0.024,22359.89
20260326,202603,598,CARD,GW-ATLAS,Refunded,EGP,8,279.5305,0.0,279.5305,0.0,0.0,1.2,-1.2,14421.93
20260327,202603,281,LDEBIT,GW-NIMBUS,Success,SAR,12,455.6987,455.6987,0.0,6.04,6.0406,2.5893,3.4507,1708.87
20260327,202603,914,CARD,GW-ATLAS,Success,SAR,2,479.1093,479.1093,0.0,10.696,10.6973,7.1333,3.5626999999999995,1796.66
20260327,202603,124,TOKEN,GW-ATLAS,Success,AED,9,271.518,271.518,0.0,7.4364,7.437,4.7706,2.6658,997.15
20260327,202603,708,BNPL,GW-NILE,Failed,EGP,3,285.3539,0.0,0.0,0.0,0.0,0.024,-0.024,14722.38
20260327,202603,681,LDEBIT,GW-NIMBUS,Success,AED,4,252.0708,252.0708,0.0,3.1096,3.1108,1.3152,1.7944,925.73
20260327,202603,683,CARD,GW-NIMBUS,Voided,OMR,1,87.9844,0.0,0.0,0.0,0.0,0.026,-0.026,33.83
20260327,202603,918,BNPL,GW-ATLAS,Success,AED,5,411.597,411.597,0.0,20.147,20.1477,14.3254,5.821599999999998,1511.59
20260327,202603,345,CARD,GW-ORION,Failed,AED,194,3352.7515,0.0,0.0,0.0,0.0,2.3281,-2.3281,12312.98
20260327,202603,432,BNPL,GW-ATLAS,Failed,AED,1,63.0388,0.0,0.0,0.0,0.0,0.0191,-0.0191,231.51
20260328,202603,170,TOKEN,GW-ATLAS,Failed,EGP,1,28.6694,0.0,0.0,0.0,0.0,0.02,-0.02,1479.15
20260328,202603,124,TOKEN,GW-ATLAS,Voided,AED,1,28.2941,0.0,0.0,0.0,0.0,0.0191,-0.0191,103.91
20260328,202603,498,CARD,GW-ATLAS,Failed,EGP,1,31.2627,0.0,0.0,0.0,0.0,0.02,-0.02,1612.95
20260328,202603,645,CARD,GW-NILE,Failed,EGP,2,28.2133,0.0,0.0,0.0,0.0,0.0161,-0.0161,1455.62
20260328,202603,889,BNPL,GW-ATLAS,Success,EGP,15,87.7986,87.7986,0.0,3.98,3.9799,3.3343,0.6457000000000002,4529.83
20260328,202603,653,LDEBIT,GW-NIMBUS,Voided,SAR,1,58.616,0.0,0.0,0.0,0.0,0.016,-0.016,219.81
20260328,202603,740,LDEBIT,GW-NIMBUS,Success,SAR,6,1456.2507,1456.2507,0.0,14.632,14.6329,6.824,7.808,5460.94
20260328,202603,912,WALLET,GW-NILE,Failed,EGP,2,16.1055,0.0,0.0,0.0,0.0,0.0161,-0.0161,830.94
20260329,202603,169,WALLET,GW-NILE,Success,EGP,18,1523.3728,1523.3728,0.0,19.9491,19.9491,12.9693,6.979800000000001,78595.98
20260329,202603,749,CARD,GW-ATLAS,Success,EGP,4,534.8804,534.8804,0.0,12.3653,12.3653,8.0946,4.2707,27596.3
20260329,202603,679,WALLET,GW-NILE,Success,EGP,17,471.8447,471.8447,0.0,9.1167,9.1167,4.417,4.6997,24344.07
20260329,202603,674,CARD,GW-NIMBUS,Refunded,AED,3,28.8958,0.0,28.8958,0.0,0.0,0.4493,-0.4493,106.12
20260330,202603,318,TOKEN,GW-NIMBUS,Success,AED,10,292.5228,292.5228,0.0,7.7549,7.7546,4.7461,3.0088,1074.29
20260330,202603,198,CARD,GW-NIMBUS,Voided,AED,2,157.209,0.0,0.0,0.0,0.0,0.03,-0.03,577.35
20260330,202603,929,TOKEN,GW-ORION,Success,AED,3,223.4091,223.4091,0.0,5.9088,5.9076,3.1504,2.7584000000000004,820.47
20260330,202603,598,LDEBIT,GW-NILE,Success,EGP,40,1220.993,1220.993,0.0,16.078,16.078,6.345,9.733,62995.18
20260330,202603,376,WALLET,GW-NILE,Failed,EGP,1,222.1366,0.0,0.0,0.0,0.0,0.0079,-0.0079,11460.78
20260330,202603,493,CARD,GW-ORION,Success,AED,11,486.9626,486.9626,0.0,12.599,12.5986,6.8972,5.7018,1788.37
20260331,202603,79,TOKEN,GW-ORION,Success,SAR,17,720.7093,720.7093,0.0,19.408,19.4078,10.5973,8.8107,2702.66
20260331,202603,240,LDEBIT,GW-NIMBUS,Success,SAR,40,1942.5253,1942.5253,0.0,23.5813,23.5815,10.5413,13.04,7284.47
20260331,202603,171,LDEBIT,GW-NILE,Refunded,EGP,2,74.9662,0.0,74.9662,0.0,0.0,0.3,-0.3,3867.76
20260331,202603,359,LDEBIT,GW-NIMBUS,Success,SAR,19,178.2213,178.2213,0.0,3.136,3.1367,1.656,1.4800000000000002,668.33
20260331,202603,459,CARD,GW-ATLAS,Failed,SAR,11,516.3147,0.0,0.0,0.0,0.0,0.2187,-0.2187,1936.18
20260331,202603,222,CARD,GW-ATLAS,Success,EGP,9,929.7897,929.7897,0.0,23.2972,23.2971,14.2224,9.0748,47971.01
20260331,202603,863,WALLET,GW-NILE,Success,EGP,376,12180.5702,12180.5702,0.0,166.2804,166.2804,111.8226,54.45779999999999,628437.03
20260331,202603,857,CARD,GW-NIMBUS,Success,AED,7,2002.4724,2002.4724,0.0,44.6753,44.6743,27.4881,17.1872,7354.08
20260331,202603,445,CARD,GW-NIMBUS,Success,SAR,4,4029.2747,4029.2747,0.0,58.784,58.7851,54.656,4.128,15109.78
20260331,202603,38,CARD,GW-ATLAS,Success,AED,1,47.1559,47.1559,0.0,1.2172,1.2162,0.7624,0.4548000000000001,173.18
20260331,202603,154,CARD,GW-NIMBUS,Failed,SAR,6,1377.6773,0.0,0.0,0.0,0.0,0.0907,-0.0907,5166.29
20260331,202603,660,WALLET,GW-NILE,Refunded,EGP,3,57.6928,0.0,57.6928,0.0,0.0,0.4501,-0.4501,2976.57
20260401,202604,388,TOKEN,GW-ORION,Refunded,AED,36,1931.499,0.0,1931.499,0.0,0.0,5.3996,-5.3996,7093.43
20260401,202604,46,WALLET,GW-NILE,Failed,EGP,17,138.7722,0.0,0.0,0.0,0.0,0.136,-0.136,7120.22
20260401,202604,350,LDEBIT,GW-NIMBUS,Voided,SAR,1,27.5707,0.0,0.0,0.0,0.0,0.016,-0.016,103.39
20260401,202604,321,WALLET,GW-NILE,Success,EGP,2,39.6718,39.6718,0.0,0.8804,0.8804,0.3914,0.4889999999999999,2035.51
20260401,202604,413,LDEBIT,GW-NILE,Failed,EGP,4,26.287,0.0,0.0,0.0,0.0,0.032,-0.032,1348.75
20260401,202604,493,CARD,GW-ORION,Failed,AED,1,36.9721,0.0,0.0,0.0,0.0,0.0109,-0.0109,135.78
20260401,202604,858,CARD,GW-ORION,Success,SAR,569,25889.3227,25889.3227,0.0,334.552,334.5529,365.7573,-31.20529999999997,97084.96
20260402,202604,387,LDEBIT,GW-NIMBUS,Failed,SAR,5,231.7227,0.0,0.0,0.0,0.0,0.0747,-0.0747,868.96
20260402,202604,39,CARD,GW-NIMBUS,Failed,OMR,1,1996.1248,0.0,0.0,0.0,0.0,0.026,-0.026,767.51
20260402,202604,236,CARD,GW-ATLAS,Success,EGP,24,39355.5159,39355.5159,0.0,634.5168,634.5167,575.5794,58.937400000000025,2019280.36
20260402,202604,953,WALLET,GW-NILE,Success,EGP,2,33.805,33.805,0.0,0.773,0.773,0.3438,0.4292,1734.49
20260402,202604,618,WALLET,GW-NILE,Success,EGP,1,4.3792,4.3792,0.0,0.0824,0.1374,0.0706,0.0118,224.69
20260402,202604,387,CARD,GW-ORION,Failed,SAR,18,834.2053,0.0,0.0,0.0,0.0,0.216,-0.216,3128.27
20260402,202604,596,CARD,GW-NIMBUS,Failed,SAR,1,13.76,0.0,0.0,0.0,0.0,0.016,-0.016,51.6
20260403,202604,913,LDEBIT,GW-NILE,Success,EGP,4,348.9991,348.9991,0.0,4.058,4.058,1.5535,2.5045,17906.69
20260403,202604,45,CARD,GW-NIMBUS,Voided,AED,55,2293.6338,0.0,0.0,0.0,0.0,0.8251,-0.8251,8423.37
20260403,202604,556,TOKEN,GW-ORION,Failed,AED,2,27.3519,0.0,0.0,0.0,0.0,0.0245,-0.0245,100.45
20260403,202604,191,TOKEN,GW-NIMBUS,Refunded,SAR,4,32.48,0.0,32.48,0.0,0.0,0.6,-0.6,121.8
20260403,202604,932,TOKEN,GW-ATLAS,Refunded,EGP,2,34.8808,0.0,34.8808,0.0,0.0,0.2999,-0.2999,1789.69
20260403,202604,775,CARD,GW-NILE,Voided,EGP,6,32.2969,0.0,0.0,0.0,0.0,0.0479,-0.0479,1657.11
20260403,202604,59,TOKEN,GW-NIMBUS,Failed,AED,2,83.1831,0.0,0.0,0.0,0.0,0.03,-0.03,305.49
20260404,202604,759,LDEBIT,GW-NIMBUS,Success,AED,168,2507.7658,2507.7658,0.0,26.9626,26.9628,18.8455,8.117099999999997,9209.77
20260404,202604,827,LDEBIT,GW-NIMBUS,Success,SAR,11,201.376,201.376,0.0,1.6507,2.751,1.4,0.2507000000000001,755.16
20260404,202604,556,TOKEN,GW-ORION,Success,AED,28,383.3165,383.3165,0.0,11.8856,11.8846,6.7638,5.1218,1407.73
20260404,202604,811,CARD,GW-ATLAS,Failed,EGP,7,51.8969,0.0,0.0,0.0,0.0,0.1399,-0.1399,2662.76
20260404,202604,458,LDEBIT,GW-NILE,Success,EGP,10,167.1151,167.1151,0.0,2.5403,2.5404,1.0267,1.5135999999999998,8574.46
20260404,202604,942,WALLET,GW-NILE,Refunded,EGP,1,36.9401,0.0,36.9401,0.0,0.0,0.1501,-0.1501,1895.35
20260405,202604,542,LDEBIT,GW-NILE,Failed,EGP,1,25.7192,0.0,0.0,0.0,0.0,0.008,-0.008,1319.62
20260405,202604,259,CARD,GW-NILE,Failed,EGP,3,20.4677,0.0,0.0,0.0,0.0,0.024,-0.024,1050.17
20260405,202604,78,CARD,GW-NILE,Success,EGP,8,69.5206,69.5206,0.0,2.4265,2.4265,1.2686,1.1579,3567.01
20260405,202604,726,CARD,GW-NIMBUS,Success,AED,8,2410.9027,2410.9027,0.0,56.226,56.2267,33.0674,23.1586,8854.04
20260405,202604,749,BNPL,GW-ATLAS,Success,EGP,1,106.2859,106.2859,0.0,4.7542,4.7542,3.6933,1.0609000000000002,5453.39
20260405,202604,628,CARD,GW-NILE,Success,EGP,9,65.1673,65.1673,0.0,2.4783,2.4784,1.2688,1.2095,3343.65
20260405,202604,771,CARD,GW-NIMBUS,Success,AED,4,94.2464,94.2464,0.0,2.7175,2.7187,1.533,1.1845,346.12
20260405,202604,892,LDEBIT,GW-NIMBUS,Success,SAR,4,60.44,60.44,0.0,0.912,0.9107,0.4507,0.4613,226.65
20260405,202604,518,CARD,GW-NILE,Success,EGP,4,163.7613,163.7613,0.0,4.3012,4.3011,2.2018,2.0994,8402.38
20260405,202604,42,CARD,GW-ORION,Success,SAR,77,783.8267,783.8267,0.0,26.56,26.5598,14.6293,11.930699999999998,2939.35
20260406,202604,537,WALLET,GW-NILE,Success,EGP,2,137.7998,137.7998,0.0,2.9254,2.9254,1.1862,1.7392,7070.33
20260406,202604,163,TOKEN,GW-ORION,Failed,SAR,1,52.136,0.0,0.0,0.0,0.0,0.0107,-0.0107,195.51
20260406,202604,166,LDEBIT,GW-NIMBUS,Failed,SAR,1,62.008,0.0,0.0,0.0,0.0,0.016,-0.016,232.53
20260406,202604,745,CARD,GW-ATLAS,Success,EGP,2,21.4279,21.4279,0.0,0.687,0.687,0.4604,0.2266,1099.44
20260406,202604,513,LDEBIT,GW-NIMBUS,Success,OMR,32,873.6801,873.6801,0.0,10.8453,10.8434,5.3836,5.4617,335.93
20260406,202604,79,CARD,GW-ORION,Voided,SAR,1,45.1253,0.0,0.0,0.0,0.0,0.0107,-0.0107,169.22
20260406,202604,222,WALLET,GW-NILE,Success,EGP,6,634.4378,634.4378,0.0,12.5181,12.5182,5.349,7.1691,32552.18
20260406,202604,176,CARD,GW-ATLAS,Success,SAR,6,2424.5893,2424.5893,0.0,56.032,56.0319,35.7947,20.2373,9092.21
20260406,202604,929,BNPL,GW-ATLAS,Success,AED,1,87.8421,87.8421,0.0,4.3131,4.313,3.0551,1.2580000000000005,322.6
20260406,202604,598,WALLET,GW-NILE,Voided,EGP,1,31.3968,0.0,0.0,0.0,0.0,0.008,-0.008,1610.93
20260406,202604,348,LDEBIT,GW-NILE,Refunded,EGP,3,26.3047,0.0,26.3047,0.0,0.0,0.45,-0.45,1349.66
20260406,202604,458,WALLET,GW-NILE,Failed,EGP,2,32.6539,0.0,0.0,0.0,0.0,0.016,-0.016,1675.43
20260406,202604,607,LDEBIT,GW-NIMBUS,Success,SAR,4,296.6107,296.6107,0.0,3.5973,3.5962,1.5147,2.0826,1112.29
20260406,202604,21,CARD,GW-NILE,Failed,EGP,5,29.5782,0.0,0.0,0.0,0.0,0.04,-0.04,1517.62
20260407,202604,833,TOKEN,GW-NILE,Failed,EGP,4,17.7841,0.0,0.0,0.0,0.0,0.032,-0.032,912.48
20260407,202604,732,CARD,GW-NIMBUS,Failed,SAR,1,57.768,0.0,0.0,0.0,0.0,0.016,-0.016,216.63
20260407,202604,858,CARD,GW-ORION,Failed,SAR,63,2907.4613,0.0,0.0,0.0,0.0,0.7573,-0.7573,10902.98
20260407,202604,18,TOKEN,GW-ATLAS,Voided,SAR,1,12.5067,0.0,0.0,0.0,0.0,0.0213,-0.0213,46.9
20260407,202604,162,WALLET,GW-NILE,Success,EGP,259,4660.9109,4660.9109,0.0,64.882,64.8821,46.8184,18.063600000000008,239145.28
20260407,202604,534,TOKEN,GW-NIMBUS,Failed,SAR,6,196.7147,0.0,0.0,0.0,0.0,0.0907,-0.0907,737.68
20260407,202604,518,TOKEN,GW-NILE,Success,EGP,1,51.4285,51.4285,0.0,1.351,1.3511,0.7011,0.6499,2638.73
20260407,202604,417,LDEBIT,GW-NILE,Failed,EGP,62,512.7587,0.0,0.0,0.0,0.0,0.496,-0.496,26308.98
20260407,202604,417,LDEBIT,GW-NILE,Voided,EGP,25,206.7575,0.0,0.0,0.0,0.0,0.2,-0.2,10608.46
20260407,202604,915,CARD,GW-ATLAS,Failed,EGP,1,191.7295,0.0,0.0,0.0,0.0,0.0201,-0.0201,9837.39
20260408,202604,177,CARD,GW-NIMBUS,Failed,OMR,1,17.9454,0.0,0.0,0.0,0.0,0.026,-0.026,6.9
20260408,202604,184,TOKEN,GW-ATLAS,Failed,EGP,16,68.2561,0.0,0.0,0.0,0.0,0.32,-0.32,3502.13
20260408,202604,461,CARD,GW-NILE,Failed,EGP,2,12.745,0.0,0.0,0.0,0.0,0.016,-0.016,653.93
20260408,202604,609,TOKEN,GW-NILE,Success,EGP,1,33.9052,33.9052,0.0,0.8866,0.8865,0.4802,0.4064,1739.63
20260408,202604,839,CARD,GW-ATLAS,Refunded,EGP,7,192.5239,0.0,192.5239,0.0,0.0,1.0499,-1.0499,9878.15
20260408,202604,433,CARD,GW-NILE,Voided,EGP,4,41.0733,0.0,0.0,0.0,0.0,0.032,-0.032,2107.42
20260408,202604,813,LDEBIT,GW-NIMBUS,Failed,SAR,3,40.3307,0.0,0.0,0.0,0.0,0.0453,-0.0453,151.24
20260408,202604,905,CARD,GW-ATLAS,Success,EGP,1,62.1497,62.1497,0.0,1.3908,1.3909,0.9801,0.4107,3188.82
20260408,202604,109,CARD,GW-ATLAS,Success,SAR,1,3119.3627,3119.3627,0.0,46.672,46.6733,45.5547,1.1173000000000002,11697.61
20260409,202604,45,CARD,GW-NIMBUS,Failed,AED,335,13970.3227,0.0,0.0,0.0,0.0,5.0238,-5.0238,51306.01
20260409,202604,311,CARD,GW-ATLAS,Failed,EGP,3,66.3439,0.0,0.0,0.0,0.0,0.06,-0.06,3404.02
20260409,202604,717,CARD,GW-ORION,Success,SAR,13,372.384,372.384,0.0,9.5307,9.5314,5.5467,3.983999999999999,1396.44
20260409,202604,386,LDEBIT,GW-NIMBUS,Success,SAR,68,1094.7813,1094.7813,0.0,9.3787,9.378,7.9867,1.3920000000000003,4105.43
20260409,202604,800,CARD,GW-NILE,Success,EGP,13,135.5215,135.5215,0.0,4.1934,4.1934,2.3357,1.8576999999999997,6953.43
20260409,202604,953,CARD,GW-NILE,Success,EGP,1,20.1937,20.1937,0.0,0.603,0.603,0.2984,0.3046,1036.11
20260409,202604,929,BNPL,GW-ATLAS,Success,AED,1,130.467,130.467,0.0,6.4071,6.4059,4.5283,1.8788,479.14
20260409,202604,93,CARD,GW-ORION,Voided,AED,1,515.9238,0.0,0.0,0.0,0.0,0.0109,-0.0109,1894.73
20260409,202604,292,WALLET,GW-NILE,Success,EGP,1,59.2697,59.2697,0.0,1.1571,1.1572,0.5151,0.642,3041.05
20260410,202604,38,CARD,GW-ATLAS,Success,AED,2,132.6045,132.6045,0.0,3.3383,3.3387,2.0803,1.258,486.99
20260410,202604,924,CARD,GW-ATLAS,Refunded,OMR,1,62.1066,0.0,62.1066,0.0,0.0,0.156,-0.156,23.88
20260410,202604,1061,CARD,GW-ORION,Success,SAR,2,28.5973,28.5973,0.0,0.8,0.8002,0.4853,0.3147,107.24
20260410,202604,654,CARD,GW-ATLAS,Failed,EGP,1,7.0721,0.0,0.0,0.0,0.0,0.0201,-0.0201,362.86
20260410,202604,414,BNPL,GW-ATLAS,Success,AED,1,276.9612,276.9612,0.0,12.8523,12.851,9.5929,3.2593999999999994,1017.14
20260410,202604,708,WALLET,GW-NILE,Success,EGP,5,444.2831,444.2831,0.0,8.2871,8.2871,3.7736,4.5135000000000005,22795.59
20260410,202604,86,LDEBIT,GW-NILE,Refunded,EGP,1,5.5361,0.0,5.5361,0.0,0.0,0.1501,-0.1501,284.05
20260410,202604,353,CARD,GW-ATLAS,Success,OMR,11,474.0182,474.0182,0.0,11.0533,11.0639,7.7243,3.329,182.26
20260410,202604,368,LDEBIT,GW-NIMBUS,Refunded,OMR,1,34.6684,0.0,34.6684,0.0,0.0,0.156,-0.156,13.33
20260410,202604,974,LDEBIT,GW-NIMBUS,Success,SAR,5,224.36,224.36,0.0,2.6373,2.6372,1.2347,1.4026000000000003,841.35
20260410,202604,679,TOKEN,GW-ATLAS,Success,EGP,16,422.8579,422.8579,0.0,11.0677,11.0678,7.5777,3.49,21696.29
20260411,202604,131,LDEBIT,GW-NIMBUS,Success,SAR,64,2034.752,2034.752,0.0,19.944,19.9453,12.0373,7.906699999999999,7630.32
20260411,202604,265,CARD,GW-NIMBUS,Success,SAR,6,304.6987,304.6987,0.0,8.1867,8.1865,4.504,3.682700000000001,1142.62
20260411,202604,542,WALLET,GW-NILE,Success,EGP,17,420.8164,420.8164,0.0,8.1343,8.1343,4.0036,4.1307,21591.54
20260411,202604,692,CARD,GW-NIMBUS,Voided,AED,11,488.03,0.0,0.0,0.0,0.0,0.1661,-0.1661,1792.29
20260411,202604,235,LDEBIT,GW-NIMBUS,Success,AED,1,92.7488,92.7488,0.0,1.0973,1.0964,0.4629,0.6344,340.62
20260411,202604,833,CARD,GW-ATLAS,Refunded,EGP,1,3.3098,0.0,3.3098,0.0,0.0,0.1501,-0.1501,169.82
20260412,202604,46,TOKEN,GW-ATLAS,Failed,EGP,3,24.4892,0.0,0.0,0.0,0.0,0.06,-0.06,1256.51
20260412,202604,487,WALLET,GW-NILE,Success,EGP,15,140.4111,140.4111,0.0,3.5526,3.5527,1.6623,1.8903,7204.31
20260412,202604,942,TOKEN,GW-NILE,Success,EGP,45,1542.1414,1542.1414,0.0,31.7079,31.7079,21.816,9.8919,79125.27
20260412,202604,357,WALLET,GW-NILE,Success,EGP,65,469.4206,469.4206,0.0,8.8086,8.8086,6.0773,2.7313,24085.36
20260412,202604,959,CARD,GW-ATLAS,Success,SAR,19,260.4453,260.4453,0.0,4.6347,7.7262,5.2027,-0.5680000000000005,976.67
20260413,202604,688,CARD,GW-ORION,Refunded,AED,1,157.1164,0.0,157.1164,0.0,0.0,0.1498,-0.1498,577.01
20260413,202604,857,CARD,GW-NIMBUS,Failed,AED,1,291.695,0.0,0.0,0.0,0.0,0.0163,-0.0163,1071.25
20260413,202604,585,CARD,GW-NIMBUS,Refunded,AED,2,46.4888,0.0,46.4888,0.0,0.0,0.2995,-0.2995,170.73
20260413,202604,443,CARD,GW-ORION,Failed,SAR,2,35.2267,0.0,0.0,0.0,0.0,0.024,-0.024,132.1
20260413,202604,360,BNPL,GW-NILE,Success,EGP,4,36.8023,36.8023,0.0,1.6233,1.6233,1.0918,0.5314999999999999,1888.28
20260413,202604,578,LDEBIT,GW-NILE,Success,EGP,1,12.9454,12.9454,0.0,0.2031,0.203,0.0875,0.1156,664.21
20260413,202604,800,CARD,GW-NILE,Success,EGP,23,243.9964,243.9964,0.0,7.5093,7.5093,4.1835,3.325799999999999,12519.14
20260413,202604,245,CARD,GW-ATLAS,Failed,EGP,9,68.0405,0.0,0.0,0.0,0.0,0.1801,-0.1801,3491.07
20260413,202604,995,LDEBIT,GW-NIMBUS,Failed,SAR,2,87.984,0.0,0.0,0.0,0.0,0.0293,-0.0293,329.94
20260414,202604,241,LDEBIT,GW-NILE,Success,EGP,9,63.3487,63.3487,0.0,1.2045,1.2045,0.5716,0.6328999999999999,3250.34
20260414,202604,375,LDEBIT,GW-NILE,Failed,EGP,1,26.1137,0.0,0.0,0.0,0.0,0.008,-0.008,1339.86
20260414,202604,918,TOKEN,GW-ORION,Failed,AED,1,81.1055,0.0,0.0,0.0,0.0,0.0109,-0.0109,297.86
20260414,202604,136,TOKEN,GW-ATLAS,Success,EGP,1,46.9969,46.9969,0.0,1.1423,1.1424,0.7847,0.3576000000000001,2411.35
20260414,202604,63,BNPL,GW-ATLAS,Success,SAR,1,32.896,32.896,0.0,1.5973,1.5968,1.1573,0.4399999999999999,123.36
20260414,202604,852,LDEBIT,GW-NIMBUS,Success,SAR,16,208.8533,208.8533,0.0,3.0613,3.0619,1.6587,1.4026,783.2
20260414,202604,268,CARD,GW-NILE,Success,EGP,9,854.0682,854.0682,0.0,20.2042,20.2042,10.8539,9.3503,43821.13
20260414,202604,415,TOKEN,GW-ATLAS,Refunded,AED,1,24.501,0.0,24.501,0.0,0.0,0.1498,-0.1498,89.98
20260414,202604,706,LDEBIT,GW-NIMBUS,Refunded,SAR,1,18.2,0.0,18.2,0.0,0.0,0.1493,-0.1493,68.25
20260415,202604,913,CARD,GW-NILE,Failed,EGP,1,81.9192,0.0,0.0,0.0,0.0,0.008,-0.008,4203.17
20260415,202604,649,CARD,GW-ATLAS,Success,AED,2,2727.7168,2727.7168,0.0,42.6385,42.6378,39.9183,2.7201999999999984,10017.54
20260415,202604,446,LDEBIT,GW-NIMBUS,Voided,OMR,3,115.8388,0.0,0.0,0.0,0.0,0.052,-0.052,44.54
20260415,202604,555,CARD,GW-ORION,Refunded,AED,1,1235.3002,0.0,1235.3002,0.0,0.0,0.1498,-0.1498,4536.64
20260415,202604,318,CARD,GW-ORION,Success,AED,39,1396.4711,1396.4711,0.0,35.4037,35.4039,20.2233,15.180400000000002,5128.54
20260415,202604,91,CARD,GW-NIMBUS,Success,OMR,32,1458.7516,1458.7516,0.0,25.9558,25.965,21.7685,4.1873000000000005,560.89
20260415,202604,635,LDEBIT,GW-NIMBUS,Success,AED,6,1817.6201,1817.6201,0.0,14.0123,14.0117,8.4493,5.563000000000001,6675.21
20260415,202604,236,CARD,GW-ATLAS,Failed,EGP,7,10694.9424,0.0,0.0,0.0,0.0,0.1399,-0.1399,548743.59
20260415,202604,83,LDEBIT,GW-NIMBUS,Success,SAR,62,1812.5227,1812.5227,0.0,23.1707,23.1694,10.9467,12.224,6796.96
20260415,202604,182,WALLET,GW-NILE,Success,EGP,2,31.3446,31.3446,0.0,0.7244,0.7244,0.3239,0.4005,1608.25
20260415,202604,630,LDEBIT,GW-NILE,Refunded,EGP,17,591.9854,0.0,591.9854,0.0,0.0,2.5501,-2.5501,30374.0
20260416,202604,54,CARD,GW-ORION,Success,SAR,204,6696.0053,6696.0053,0.0,111.64,111.6399,97.9813,13.658699999999996,25110.02
20260416,202604,388,TOKEN,GW-ORION,Failed,AED,21,1042.3091,0.0,0.0,0.0,0.0,0.2532,-0.2532,3827.88
20260416,202604,642,BNPL,GW-ATLAS,Voided,SAR,1,67.0907,0.0,0.0,0.0,0.0,0.0213,-0.0213,251.59
20260416,202604,647,CARD,GW-NIMBUS,Failed,SAR,2,24.0507,0.0,0.0,0.0,0.0,0.0293,-0.0293,90.19
20260416,202604,248,TOKEN,GW-NIMBUS,Success,SAR,18,223.0,223.0,0.0,7.5653,7.5654,4.2907,3.2745999999999995,836.25
20260416,202604,488,CARD,GW-ATLAS,Failed,AED,2,26.4071,0.0,0.0,0.0,0.0,0.0408,-0.0408,96.98
20260416,202604,791,BNPL,GW-NILE,Refunded,EGP,2,47.0109,0.0,47.0109,0.0,0.0,0.2999,-0.2999,2412.07
20260416,202604,945,TOKEN,GW-ATLAS,Success,SAR,1,71.9547,71.9547,0.0,1.8747,1.8744,1.1627,0.712,269.83
20260416,202604,527,BANKTR,GW-NILE,Success,EGP,333,4866.6291,4866.6291,0.0,149.7879,149.7879,109.749,40.03890000000001,249700.41
20260417,202604,240,CARD,GW-ORION,Success,SAR,55,2502.2,2502.2,0.0,62.376,62.375,35.352,27.024,9383.25
20260417,202604,820,CARD,GW-ATLAS,Success,EGP,41,833.0739,833.0739,0.0,22.2276,22.2277,15.1803,7.047299999999998,42743.94
20260417,202604,7,TOKEN,GW-ORION,Success,AED,4,357.8325,357.8325,0.0,8.7434,8.7432,4.9966,3.7468,1314.14
20260417,202604,611,CARD,GW-ATLAS,Failed,SAR,6,230.52,0.0,0.0,0.0,0.0,0.12,-0.12,864.45
20260417,202604,767,WALLET,GW-NILE,Success,EGP,1,53.5977,53.5977,0.0,1.1084,1.1083,0.4691,0.6393,2750.03
20260417,202604,644,CARD,GW-ORION,Success,SAR,19,484.7547,484.7547,0.0,14.28,14.2787,7.344,6.935999999999999,1817.83
20260417,202604,248,CARD,GW-ATLAS,Success,SAR,36,429.5067,429.5067,0.0,14.4747,14.4747,8.9253,5.5494,1610.65
20260417,202604,167,CARD,GW-NILE,Voided,EGP,2,59.3736,0.0,0.0,0.0,0.0,0.016,-0.016,3046.38
20260417,202604,71,TOKEN,GW-NIMBUS,Success,SAR,17,274.9893,274.9893,0.0,7.4507,7.45,4.9547,2.4960000000000004,1031.21
20260417,202604,973,LDEBIT,GW-NIMBUS,Success,OMR,3,75.8127,75.8127,0.0,0.9883,0.9907,0.4681,0.5202,29.15
20260418,202604,319,LDEBIT,GW-NIMBUS,Success,SAR,15,757.456,757.456,0.0,9.6267,9.6269,4.0827,5.544,2840.46
20260418,202604,348,WALLET,GW-NILE,Success,EGP,21,151.4868,151.4868,0.0,4.12,4.12,1.962,2.1580000000000004,7772.59
20260418,202604,124,CARD,GW-NIMBUS,Success,AED,29,858.5759,858.5759,0.0,23.1259,23.1271,13.4758,9.650100000000002,3153.12
20260418,202604,516,CARD,GW-ORION,Refunded,SAR,6,261.096,0.0,261.096,0.0,0.0,0.8987,-0.8987,979.11
20260418,202604,848,CARD,GW-ORION,Failed,SAR,4,65.6613,0.0,0.0,0.0,0.0,0.048,-0.048,246.23
20260419,202604,292,LDEBIT,GW-NILE,Success,EGP,1,42.2229,42.2229,0.0,0.5338,0.5339,0.206,0.3278000000000001,2166.4
20260419,202604,850,CARD,GW-NILE,Success,EGP,1,148.1018,148.1018,0.0,3.4811,3.4812,1.8525,1.6286,7598.91
20260419,202604,139,WALLET,GW-NILE,Failed,EGP,1,7.1405,0.0,0.0,0.0,0.0,0.008,-0.008,366.37
20260419,202604,465,CARD,GW-NILE,Success,EGP,4,594.8498,594.8498,0.0,13.3202,13.3201,7.4395,5.8807,30520.97
20260419,202604,539,CARD,GW-ATLAS,Failed,EGP,1,5.6986,0.0,0.0,0.0,0.0,0.0201,-0.0201,292.39
20260419,202604,488,CARD,GW-ATLAS,Success,AED,40,579.115,579.115,0.0,19.3601,19.3612,11.4037,7.956399999999999,2126.8
20260419,202604,918,BNPL,GW-ATLAS,Failed,AED,2,162.2138,0.0,0.0,0.0,0.0,0.0408,-0.0408,595.73
20260419,202604,181,LDEBIT,GW-NIMBUS,Success,AED,13,142.4615,142.4615,0.0,2.418,2.4171,1.2253,1.1927,523.19
20260420,202604,660,WALLET,GW-NILE,Success,EGP,6,172.3425,172.3425,0.0,3.5142,3.5142,1.606,1.9082,8842.67
20260420,202604,650,BANKTR,GW-NIMBUS,Refunded,AED,2,44.1007,0.0,44.1007,0.0,0.0,0.2995,-0.2995,161.96
20260420,202604,955,TOKEN,GW-ORION,Success,SAR,6,549.0853,549.0853,0.0,12.6133,12.614,7.6587,4.954600000000001,2059.07
20260420,202604,483,LDEBIT,GW-NILE,Success,EGP,502,4197.058,4197.058,0.0,51.5645,51.5645,34.568,16.996500000000005,215345.59
20260420,202604,899,LDEBIT,GW-NIMBUS,Success,AED,1,73.5984,73.5984,0.0,0.885,0.8854,0.3758,0.5092,270.29
20260420,202604,574,CARD,GW-NILE,Success,EGP,10,4354.3341,4354.3341,0.0,66.1892,66.1892,53.4352,12.753999999999998,223415.22
20260420,202604,396,WALLET,GW-NILE,Failed,EGP,7,53.36,0.0,0.0,0.0,0.0,0.0559,-0.0559,2737.83
20260420,202604,901,WALLET,GW-NILE,Success,EGP,2,81.0315,81.0315,0.0,1.6868,1.6869,0.7264,0.9604,4157.62
20260420,202604,945,CARD,GW-NIMBUS,Voided,SAR,1,62.08,0.0,0.0,0.0,0.0,0.016,-0.016,232.8
20260420,202604,472,BNPL,GW-ATLAS,Success,AED,3,132.7434,132.7434,0.0,6.1375,6.1381,4.6481,1.4893999999999998,487.5
20260421,202604,327,TOKEN,GW-NIMBUS,Failed,SAR,3,100.6427,0.0,0.0,0.0,0.0,0.0453,-0.0453,377.41
20260421,202604,759,CARD,GW-NIMBUS,Failed,AED,68,1020.2859,0.0,0.0,0.0,0.0,1.0211,-1.0211,3747.0
20260421,202604,918,CARD,GW-ATLAS,Failed,AED,2,162.2138,0.0,0.0,0.0,0.0,0.0408,-0.0408,595.73
20260421,202604,319,TOKEN,GW-NIMBUS,Failed,SAR,1,50.2053,0.0,0.0,0.0,0.0,0.016,-0.016,188.27
20260421,202604,409,CARD,GW-NILE,Refunded,EGP,21,328.0249,0.0,328.0249,0.0,0.0,3.15,-3.15,16830.53
20260421,202604,6,CARD,GW-NIMBUS,Success,AED,36,2160.8005,2160.8005,0.0,55.7468,55.7473,31.5099,24.2369,7935.54
20260422,202604,243,BANKTR,GW-NIMBUS,Success,SAR,2,1457.616,1457.616,0.0,3.8853,3.8864,1.4587,2.4266,5466.06
20260422,202604,657,LDEBIT,GW-NILE,Success,EGP,3,35.8099,35.8099,0.0,0.5769,0.5769,0.2501,0.3268,1837.36
20260422,202604,669,LDEBIT,GW-NIMBUS,Success,OMR,3,243.381,243.381,0.0,2.9649,2.9725,1.2224,1.7425000000000002,93.58
20260422,202604,611,CARD,GW-ATLAS,Success,SAR,26,1026.8907,1026.8907,0.0,26.24,26.239,16.896,9.343999999999998,3850.84
20260422,202604,213,WALLET,GW-NILE,Success,EGP,6,55.102,55.102,0.0,1.3419,1.3418,0.6564,0.6855000000000001,2827.21
20260422,202604,226,LDEBIT,GW-NILE,Voided,EGP,11,65.3406,0.0,0.0,0.0,0.0,0.0881,-0.0881,3352.54
20260422,202604,856,LDEBIT,GW-NIMBUS,Success,OMR,17,697.9454,697.9454,0.0,8.4525,8.4646,3.9012,4.551300000000001,268.36
20260422,202604,932,TOKEN,GW-ATLAS,Success,EGP,16,382.9027,382.9027,0.0,10.4756,10.4757,6.9735,3.5021000000000004,19646.24
20260422,202604,159,WALLET,GW-NILE,Success,EGP,89,1495.7286,1495.7286,0.0,33.5996,33.5995,15.2304,18.369200000000003,76743.89
20260423,202604,379,TOKEN,GW-ATLAS,Success,AED,16,232.9558,232.9558,0.0,7.3628,7.3618,4.7052,2.6576000000000004,855.53
20260423,202604,916,TOKEN,GW-NIMBUS,Voided,OMR,1,37.2692,0.0,0.0,0.0,0.0,0.026,-0.026,14.33
20260424,202604,465,CARD,GW-NILE,Success,EGP,3,403.3719,403.3719,0.0,9.0612,9.0612,5.06,4.0012,20696.49
20260424,202604,889,BNPL,GW-ATLAS,Failed,EGP,2,12.0389,0.0,0.0,0.0,0.0,0.04,-0.04,617.7
20260424,202604,44,TOKEN,GW-ATLAS,Success,EGP,99,436.0428,436.0428,0.0,20.9037,20.9036,13.9189,6.9848,22372.79
20260425,202604,197,LDEBIT,GW-NILE,Success,EGP,6,30.441,30.441,0.0,0.6669,0.6669,0.3333,0.3336,1561.89
20260425,202604,401,WALLET,GW-NILE,Voided,EGP,1,28.7567,0.0,0.0,0.0,0.0,0.008,-0.008,1475.47
20260425,202604,1007,TOKEN,GW-NILE,Success,EGP,3,26.2406,26.2406,0.0,0.9273,0.9274,0.4896,0.4377,1346.37
20260425,202604,617,LDEBIT,GW-NILE,Success,EGP,8,49.2205,49.2205,0.0,1.0172,1.0171,0.4793,0.5379,2525.44
20260425,202604,196,TOKEN,GW-NILE,Success,EGP,2,52.4412,52.4412,0.0,1.3888,1.3889,0.7667,0.6221,2690.69
20260425,202604,34,CARD,GW-ORION,Success,AED,11,968.855,968.855,0.0,24.2124,24.2137,13.0756,11.1368,3558.12
20260426,202604,686,CARD,GW-ATLAS,Refunded,EGP,4,27.2858,0.0,27.2858,0.0,0.0,0.6001,-0.6001,1400.0
20260426,202604,942,WALLET,GW-NILE,Voided,EGP,1,34.7501,0.0,0.0,0.0,0.0,0.008,-0.008,1782.98
20260426,202604,120,TOKEN,GW-ORION,Voided,SAR,3,229.4027,0.0,0.0,0.0,0.0,0.0373,-0.0373,860.26
20260426,202604,268,LDEBIT,GW-NILE,Success,EGP,7,652.5445,652.5445,0.0,7.5685,7.5686,2.8878,4.6807,33481.21
20260426,202604,390,LDEBIT,GW-NIMBUS,Success,OMR,7,173.238,173.238,0.0,2.2627,2.2697,1.0923,1.1704,66.61
20260427,202604,162,TOKEN,GW-NILE,Failed,EGP,3,54.6634,0.0,0.0,0.0,0.0,0.024,-0.024,2804.71
20260427,202604,184,CARD,GW-NILE,Voided,EGP,4,17.064,0.0,0.0,0.0,0.0,0.032,-0.032,875.53
20260427,202604,876,TOKEN,GW-NILE,Failed,EGP,1,25.5814,0.0,0.0,0.0,0.0,0.008,-0.008,1312.55
20260427,202604,564,CARD,GW-ORION,Failed,SAR,5,55.0533,0.0,0.0,0.0,0.0,0.0587,-0.0587,206.45
20260427,202604,508,LDEBIT,GW-NIMBUS,Success,SAR,7,189.4347,189.4347,0.0,2.4693,2.468,1.168,1.3013,710.38
20260427,202604,124,CARD,GW-NIMBUS,Failed,AED,2,56.5882,0.0,0.0,0.0,0.0,0.03,-0.03,207.82
20260427,202604,171,CARD,GW-ATLAS,Voided,EGP,1,46.5414,0.0,0.0,0.0,0.0,0.0201,-0.0201,2387.98
20260427,202604,415,CARD,GW-NIMBUS,Failed,AED,1,29.4323,0.0,0.0,0.0,0.0,0.0163,-0.0163,108.09
20260427,202604,401,LDEBIT,GW-NILE,Success,EGP,3,92.5763,92.5763,0.0,1.1499,1.1498,0.4798,0.6700999999999999,4749.97
20260427,202604,245,CARD,GW-ATLAS,Voided,EGP,1,7.5601,0.0,0.0,0.0,0.0,0.0201,-0.0201,387.9
20260427,202604,173,LDEBIT,GW-NIMBUS,Success,SAR,1,50.8827,50.8827,0.0,0.6347,0.6336,0.2747,0.36,190.81
20260428,202604,459,TOKEN,GW-ORION,Failed,SAR,5,234.688,0.0,0.0,0.0,0.0,0.0587,-0.0587,880.08
20260428,202604,800,LDEBIT,GW-NILE,Success,EGP,4,47.1474,47.1474,0.0,0.6923,0.6922,0.3309,0.3614,2419.07
20260428,202604,860,TOKEN,GW-NIMBUS,Refunded,AED,1,86.7965,0.0,86.7965,0.0,0.0,0.1498,-0.1498,318.76
20260428,202604,583,TOKEN,GW-ATLAS,Success,SAR,7,99.7653,99.7653,0.0,3.048,3.0476,2.0267,1.0213,374.12
20260428,202604,748,CARD,GW-ORION,Success,AED,32,2498.9462,2498.9462,0.0,63.0252,63.0248,33.9415,29.0837,9177.38
20260428,202604,150,CARD,GW-ATLAS,Success,SAR,40,3824.6427,3824.6427,0.0,96.336,96.3356,58.7227,37.6133,14342.41
20260428,202604,376,TOKEN,GW-ATLAS,Success,EGP,2,476.5153,476.5153,0.0,11.1408,11.1408,7.3529,3.787900000000001,24449.38
20260429,202604,63,BNPL,GW-ATLAS,Success,SAR,4,273.5093,273.5093,0.0,13.2773,13.2761,9.5333,3.744,1025.66
20260429,202604,162,CARD,GW-NILE,Failed,EGP,44,801.7315,0.0,0.0,0.0,0.0,0.352,-0.352,41135.8
20260429,202604,387,CARD,GW-ORION,Failed,SAR,10,463.448,0.0,0.0,0.0,0.0,0.12,-0.12,1737.93
20260429,202604,164,LDEBIT,GW-NILE,Failed,EGP,10,83.8123,0.0,0.0,0.0,0.0,0.0799,-0.0799,4300.3
20260429,202604,91,CARD,GW-NIMBUS,Refunded,OMR,2,88.9467,0.0,88.9467,0.0,0.0,0.3121,-0.3121,34.2
20260430,202604,895,LDEBIT,GW-NIMBUS,Failed,SAR,17,607.0987,0.0,0.0,0.0,0.0,0.256,-0.256,2276.62
20260430,202604,812,CARD,GW-ORION,Refunded,SAR,1,44.6747,0.0,44.6747,0.0,0.0,0.1493,-0.1493,167.53
20260430,202604,46,LDEBIT,GW-NILE,Success,EGP,54,436.464,436.464,0.0,7.7018,7.7019,3.6577,4.0441,22394.4
20260430,202604,791,LDEBIT,GW-NILE,Success,EGP,5,137.1592,137.1592,0.0,1.756,1.756,0.7305,1.0255,7037.46
20260430,202604,833,CARD,GW-ATLAS,Success,EGP,162,747.368,747.368,0.0,32.7915,32.7916,22.8846,9.9069,38346.48
20260430,202604,951,CARD,GW-NILE,Refunded,EGP,1,11.1168,0.0,11.1168,0.0,0.0,0.1501,-0.1501,570.39
20260430,202604,968,CARD,GW-NIMBUS,Success,SAR,21,27289.2293,27289.2293,0.0,419.5413,419.541,369.7707,49.7706,102334.61
20260430,202604,815,TOKEN,GW-NIMBUS,Failed,SAR,1,35.5867,0.0,0.0,0.0,0.0,0.016,-0.016,133.45
20260430,202604,375,LDEBIT,GW-NILE,Success,EGP,44,1136.6762,1136.6762,0.0,10.0295,10.0295,6.1436,3.8859,58321.38
20260430,202604,506,CARD,GW-ORION,Failed,SAR,2,21.9973,0.0,0.0,0.0,0.0,0.024,-0.024,82.49
20260430,202604,357,TOKEN,GW-NILE,Failed,EGP,2,14.556,0.0,0.0,0.0,0.0,0.016,-0.016,746.85
20260430,202604,44,TOKEN,GW-ATLAS,Success,EGP,93,404.4328,404.4328,0.0,19.5119,19.5118,12.997,6.514900000000001,20750.92
20260430,202604,143,TOKEN,GW-ATLAS,Voided,SAR,3,26.7573,0.0,0.0,0.0,0.0,0.0587,-0.0587,100.34
20260430,202604,246,WALLET,GW-NILE,Success,EGP,6,47.3074,47.3074,0.0,1.1326,1.1326,0.5933,0.5393,2427.28
20260430,202604,106,TOKEN,GW-NILE,Success,EGP,1,38.6997,38.6997,0.0,0.9885,0.9885,0.5406,0.4479000000000001,1985.63
20260430,202604,443,BNPL,GW-ATLAS,Success,SAR,14,259.0907,259.0907,0.0,11.4907,11.4907,9.2347,2.256,971.59
20260501,202605,166,CARD,GW-ORION,Success,SAR,2,112.136,112.136,0.0,2.568,2.5672,1.5573,1.0107000000000002,420.51
20260501,202605,274,CARD,GW-ORION,Failed,SAR,7,144.704,0.0,0.0,0.0,0.0,0.0853,-0.0853,542.64
20260501,202605,465,CARD,GW-NILE,Failed,EGP,1,128.5979,0.0,0.0,0.0,0.0,0.008,-0.008,6629.89
20260502,202605,583,TOKEN,GW-ATLAS,Success,SAR,5,85.6693,85.6693,0.0,2.512,2.5108,1.664,0.8480000000000001,321.26
20260502,202605,492,CARD,GW-ORION,Voided,SAR,1,196.5307,0.0,0.0,0.0,0.0,0.0107,-0.0107,736.99
20260502,202605,700,CARD,GW-ATLAS,Success,EGP,7,105.5368,105.5368,0.0,3.1266,3.1265,2.0566,1.0699999999999998,5440.97
20260502,202605,653,LDEBIT,GW-NIMBUS,Failed,SAR,2,117.232,0.0,0.0,0.0,0.0,0.0293,-0.0293,439.62
20260502,202605,226,CARD,GW-ATLAS,Success,EGP,2707,16091.1896,16091.1896,0.0,640.1537,640.1537,434.9276,205.2261,829584.5
20260502,202605,99,WALLET,GW-NILE,Success,EGP,2,63.7974,63.7974,0.0,1.3073,1.3073,0.5867,0.7205999999999999,3289.09
20260502,202605,765,LDEBIT,GW-NIMBUS,Success,SAR,5,486.6267,486.6267,0.0,5.8373,5.8369,2.416,3.4213,1824.85
20260502,202605,252,BNPL,GW-ATLAS,Success,SAR,2,55.5813,55.5813,0.0,2.7067,2.7079,1.96,0.7467000000000001,208.43
20260502,202605,1007,CARD,GW-ATLAS,Failed,EGP,1,9.1077,0.0,0.0,0.0,0.0,0.02,-0.02,469.55
20260502,202605,848,TOKEN,GW-NIMBUS,Success,SAR,7,74.6453,74.6453,0.0,2.4053,2.4049,1.5013,0.904,279.92
20260503,202605,429,CARD,GW-NILE,Failed,EGP,10,260.4011,0.0,0.0,0.0,0.0,0.0799,-0.0799,13425.03
20260503,202605,479,CARD,GW-NIMBUS,Success,OMR,657,6427.4642,6427.4642,0.0,215.2666,215.2671,129.4668,85.7998,2471.36
20260503,202605,763,TOKEN,GW-ATLAS,Refunded,EGP,1,17.3232,0.0,17.3232,0.0,0.0,0.1499,-0.1499,893.1
20260503,202605,775,WALLET,GW-NILE,Success,EGP,136,735.501,735.501,0.0,19.9508,19.9508,10.7176,9.233200000000002,37918.9
20260503,202605,895,LDEBIT,GW-NIMBUS,Failed,SAR,14,499.9627,0.0,0.0,0.0,0.0,0.2107,-0.2107,1874.86
20260503,202605,882,CARD,GW-NILE,Success,EGP,13,16589.5178,16589.5178,0.0,263.3562,263.3562,202.2516,61.104600000000005,855275.91
20260503,202605,606,LDEBIT,GW-NILE,Failed,EGP,2,48.5503,0.0,0.0,0.0,0.0,0.0159,-0.0159,2503.02
20260504,202605,990,CARD,GW-NIMBUS,Refunded,OMR,1,46.4499,0.0,46.4499,0.0,0.0,0.156,-0.156,17.86
20260504,202605,608,CARD,GW-ORION,Success,SAR,3,3169.6693,3169.6693,0.0,53.2373,53.2386,40.8133,12.424,11886.26
20260504,202605,196,WALLET,GW-NILE,Failed,EGP,1,16.7382,0.0,0.0,0.0,0.0,0.008,-0.008,862.94
20260504,202605,26,BNPL,GW-ATLAS,Success,AED,10,3567.1423,3567.1423,0.0,102.2355,102.2343,123.4799,-21.2444,13100.33
20260504,202605,160,LDEBIT,GW-NIMBUS,Success,SAR,7,589.1173,589.1173,0.0,7.5867,7.5877,2.9653,4.6214,2209.19
20260505,202605,93,CARD,GW-ORION,Success,AED,11,5607.5562,5607.5562,0.0,134.5024,134.5038,72.5446,61.95779999999999,20593.75
20260505,202605,708,CARD,GW-NILE,Success,EGP,15,1220.048,1220.048,0.0,29.0853,29.0853,15.6186,13.4667,62899.82
20260505,202605,994,LDEBIT,GW-NIMBUS,Success,SAR,7,395.664,395.664,0.0,4.7867,4.7866,2.096,2.6907,1483.74
20260505,202605,194,TOKEN,GW-ATLAS,Success,EGP,1,122.3242,122.3242,0.0,2.8364,2.8364,1.9236,0.9127999999999998,6306.45
20260505,202605,446,LDEBIT,GW-NIMBUS,Refunded,OMR,4,180.1821,0.0,180.1821,0.0,0.0,0.5982,-0.5982,69.28
20260505,202605,612,CARD,GW-NILE,Success,EGP,5,469.9342,469.9342,0.0,11.0689,11.0688,5.9748,5.094099999999999,24227.55
20260505,202605,1025,CARD,GW-NIMBUS,Success,SAR,3,203.8693,203.8693,0.0,5.176,5.1773,2.9467,2.2293000000000003,764.51
20260505,202605,791,BNPL,GW-NILE,Failed,EGP,1,29.4845,0.0,0.0,0.0,0.0,0.008,-0.008,1520.08
20260505,202605,897,LDEBIT,GW-NILE,Success,EGP,2,34.7373,34.7373,0.0,0.527,0.527,0.2106,0.3164,1790.89
20260505,202605,345,CARD,GW-ORION,Failed,AED,129,2229.405,0.0,0.0,0.0,0.0,1.5494,-1.5494,8187.49
20260506,202605,150,TOKEN,GW-ORION,Success,SAR,12,1047.712,1047.712,0.0,27.064,27.0651,14.648,12.416,3928.92
20260506,202605,960,CARD,GW-ORION,Success,SAR,735,8496.8693,8496.8693,0.0,262.896,262.8952,152.6613,110.2347,31863.26
20260506,202605,959,CARD,GW-ATLAS,Voided,SAR,1,13.6667,0.0,0.0,0.0,0.0,0.0213,-0.0213,51.25
20260506,202605,347,WALLET,GW-NILE,Success,EGP,3,53.3578,53.3578,0.0,1.073,1.0731,0.5373,0.5357,2750.87
20260506,202605,409,CARD,GW-NILE,Failed,EGP,21,359.7548,0.0,0.0,0.0,0.0,0.168,-0.168,18547.23
20260506,202605,619,CARD,GW-NILE,Success,EGP,1087,17907.8153,17907.8153,0.0,338.4646,338.4646,275.1909,63.27370000000002,923241.0
20260507,202605,740,CARD,GW-ORION,Success,SAR,27,6096.3947,6096.3947,0.0,125.3973,125.396,79.7627,45.634600000000006,22861.48
20260507,202605,1045,CARD,GW-ORION,Success,SAR,2,4770.224,4770.224,0.0,73.648,73.6492,61.272,12.375999999999998,17888.34
20260507,202605,417,WALLET,GW-NILE,Refunded,EGP,2,20.8732,0.0,20.8732,0.0,0.0,0.3001,-0.3001,1076.12
20260507,202605,893,CARD,GW-ATLAS,Success,AED,46,501.8924,501.8924,0.0,16.7543,16.755,10.7229,6.031400000000001,1843.2
20260507,202605,438,WALLET,GW-NILE,Success,EGP,4,78.1665,78.1665,0.0,1.7377,1.7378,0.7732,0.9645,4029.89
20260507,202605,665,LDEBIT,GW-NIMBUS,Success,AED,10,370.7229,370.7229,0.0,5.0756,5.0751,2.1184,2.9572,1361.48
20260507,202605,6,LDEBIT,GW-NIMBUS,Success,AED,7,459.5562,459.5562,0.0,5.7754,5.7754,2.3826,3.3928000000000003,1687.72
20260508,202605,804,TOKEN,GW-NIMBUS,Success,AED,7,320.5391,320.5391,0.0,7.9455,7.9442,4.9421,3.0034,1177.18
20260508,202605,470,TOKEN,GW-NILE,Success,EGP,4,116.017,116.017,0.0,3.1867,3.1867,1.6737,1.513,5981.28
20260508,202605,44,CARD,GW-NILE,Voided,EGP,4,18.0096,0.0,0.0,0.0,0.0,0.032,-0.032,928.49
20260508,202605,1,LDEBIT,GW-NIMBUS,Failed,SAR,1,53.3653,0.0,0.0,0.0,0.0,0.016,-0.016,200.12
20260508,202605,470,CARD,GW-NILE,Voided,EGP,1,26.0818,0.0,0.0,0.0,0.0,0.008,-0.008,1344.65
20260509,202605,638,TOKEN,GW-NIMBUS,Success,SAR,12,113.6107,113.6107,0.0,3.9547,3.9548,2.3707,1.584,426.04
20260509,202605,495,CARD,GW-NILE,Refunded,EGP,1,94.1998,0.0,94.1998,0.0,0.0,0.1499,-0.1499,4856.49
20260509,202605,956,CARD,GW-ORION,Failed,SAR,1,213.8267,0.0,0.0,0.0,0.0,0.0107,-0.0107,801.85
20260509,202605,285,TOKEN,GW-ATLAS,Success,SAR,442,23354.1333,23354.1333,0.0,412.496,412.4964,385.8213,26.674699999999973,87578.0
20260509,202605,734,CARD,GW-NILE,Success,EGP,9,163.6397,163.6397,0.0,4.8821,4.8822,2.4653,2.4168000000000003,8436.48
20260509,202605,861,BNPL,GW-ATLAS,Failed,SAR,1,199.4747,0.0,0.0,0.0,0.0,0.0213,-0.0213,748.03
20260509,202605,454,TOKEN,GW-ORION,Failed,AED,2,78.0776,0.0,0.0,0.0,0.0,0.0245,-0.0245,286.74
20260509,202605,16,CARD,GW-NIMBUS,Success,SAR,22,171.0267,171.0267,0.0,6.4213,6.4215,3.7387,2.6825999999999994,641.35
20260509,202605,479,LDEBIT,GW-NIMBUS,Voided,OMR,2,20.2341,0.0,0.0,0.0,0.0,0.026,-0.026,7.78
20260509,202605,837,BNPL,GW-ATLAS,Failed,AED,7,148.3131,0.0,0.0,0.0,0.0,0.1389,-0.1389,544.68
20260509,202605,184,CARD,GW-NILE,Voided,EGP,4,17.064,0.0,0.0,0.0,0.0,0.032,-0.032,879.74
20260510,202605,355,TOKEN,GW-ATLAS,Success,SAR,7,185.2107,185.2107,0.0,5.2027,5.2023,3.3173,1.8854,694.54
20260510,202605,191,TOKEN,GW-NIMBUS,Refunded,SAR,3,31.832,0.0,31.832,0.0,0.0,0.4507,-0.4507,119.37
20260510,202605,22,LDEBIT,GW-NILE,Success,EGP,2,11.9026,11.9026,0.0,0.2351,0.2351,0.1181,0.117,613.64
20260510,202605,483,TOKEN,GW-ATLAS,Voided,EGP,3,25.3742,0.0,0.0,0.0,0.0,0.0599,-0.0599,1308.17
20260510,202605,557,CARD,GW-ORION,Voided,SAR,1,45.7947,0.0,0.0,0.0,0.0,0.0107,-0.0107,171.73
20260510,202605,95,CARD,GW-ORION,Failed,AED,3,210.3145,0.0,0.0,0.0,0.0,0.0354,-0.0354,772.38
20260510,202605,617,WALLET,GW-NILE,Success,EGP,2,12.7306,12.7306,0.0,0.3571,0.357,0.1732,0.1838999999999999,656.33
20260511,202605,726,TOKEN,GW-NIMBUS,Success,AED,2,772.2314,772.2314,0.0,18.3472,18.3474,10.9408,7.406400000000001,2836.02
20260511,202605,586,LDEBIT,GW-NIMBUS,Success,AED,10,224.2151,224.2151,0.0,3.1069,3.1062,1.4595,1.6474,823.43
20260511,202605,908,BNPL,GW-ATLAS,Voided,SAR,1,13.6907,0.0,0.0,0.0,0.0,0.0213,-0.0213,51.34
20260511,202605,447,CARD,GW-NIMBUS,Failed,AED,1,95.7304,0.0,0.0,0.0,0.0,0.0163,-0.0163,351.57
20260511,202605,977,CARD,GW-NILE,Success,EGP,1,2098.6151,2098.6151,0.0,34.0466,34.0466,25.5513,8.495299999999997,108194.52
20260511,202605,381,CARD,GW-ATLAS,Success,EGP,57,1551.8918,1551.8918,0.0,41.0056,41.0055,26.8446,14.161,80008.09
20260511,202605,858,LDEBIT,GW-NIMBUS,Refunded,SAR,16,595.9147,0.0,595.9147,0.0,0.0,2.4,-2.4,2234.68
20260512,202605,819,TOKEN,GW-ORION,Success,AED,6,549.2226,549.2226,0.0,12.776,12.7763,7.6624,5.1136,2017.02
20260512,202605,895,LDEBIT,GW-NIMBUS,Success,SAR,190,6818.44,6818.44,0.0,65.5467,65.5468,39.232,26.3147,25569.15
20260512,202605,660,BNPL,GW-NILE,Failed,EGP,1,25.2694,0.0,0.0,0.0,0.0,0.008,-0.008,1302.77
20260512,202605,498,LDEBIT,GW-NILE,Success,EGP,1,19.4531,19.4531,0.0,0.2743,0.2742,0.1139,0.1604,1002.91
20260512,202605,38,TOKEN,GW-ATLAS,Failed,AED,1,56.5636,0.0,0.0,0.0,0.0,0.0191,-0.0191,207.73
20260512,202605,59,CARD,GW-ORION,Failed,AED,15,623.8802,0.0,0.0,0.0,0.0,0.1797,-0.1797,2291.2
20260512,202605,297,CARD,GW-NILE,Failed,EGP,2,277.8802,0.0,0.0,0.0,0.0,0.0159,-0.0159,14326.17
20260512,202605,196,TOKEN,GW-NILE,Success,EGP,5,103.2303,103.2303,0.0,2.8457,2.8456,1.5657,1.2799999999999998,5322.06
20260512,202605,470,TOKEN,GW-NILE,Success,EGP,3,93.9616,93.9616,0.0,2.5569,2.557,1.3428,1.2141000000000002,4844.21
20260513,202605,54,CARD,GW-ORION,Failed,SAR,18,605.4133,0.0,0.0,0.0,0.0,0.216,-0.216,2270.3
20260513,202605,259,WALLET,GW-NILE,Refunded,EGP,1,9.2489,0.0,9.2489,0.0,0.0,0.1499,-0.1499,476.83
20260513,202605,642,CARD,GW-NIMBUS,Success,SAR,37,2559.176,2559.176,0.0,63.4053,63.4056,36.9547,26.450599999999994,9596.91
20260513,202605,394,CARD,GW-ORION,Failed,AED,6,210.4289,0.0,0.0,0.0,0.0,0.0708,-0.0708,772.8
20260513,202605,313,TOKEN,GW-ATLAS,Success,EGP,3,131.2254,131.2254,0.0,3.4328,3.4329,2.2062,1.2266,6765.35
20260513,202605,375,CARD,GW-ATLAS,Failed,EGP,23,600.6137,0.0,0.0,0.0,0.0,0.4601,-0.4601,30964.76
20260513,202605,293,CARD,GW-ATLAS,Failed,AED,1,56.6399,0.0,0.0,0.0,0.0,0.0191,-0.0191,208.01
20260513,202605,236,LDEBIT,GW-NILE,Failed,EGP,1,1527.849,0.0,0.0,0.0,0.0,0.008,-0.008,78768.56
20260513,202605,970,CARD,GW-NILE,Success,EGP,50,314.9936,314.9936,0.0,12.1724,12.1724,6.4771,5.6953,16239.56
20260513,202605,493,CARD,GW-ORION,Failed,AED,2,73.9415,0.0,0.0,0.0,0.0,0.0245,-0.0245,271.55
20260513,202605,971,LDEBIT,GW-NIMBUS,Voided,OMR,1,36.3849,0.0,0.0,0.0,0.0,0.026,-0.026,13.99
20260513,202605,952,CARD,GW-NIMBUS,Failed,SAR,1,70.5653,0.0,0.0,0.0,0.0,0.016,-0.016,264.62
20260513,202605,470,CARD,GW-NILE,Success,EGP,8,265.4597,265.4597,0.0,7.0356,7.0356,3.6493,3.3862999999999994,13685.83
20260514,202605,35,LDEBIT,GW-NIMBUS,Failed,SAR,1,89.3973,0.0,0.0,0.0,0.0,0.016,-0.016,335.24
20260514,202605,487,CARD,GW-NILE,Failed,EGP,1,7.8634,0.0,0.0,0.0,0.0,0.008,-0.008,405.4
20260514,202605,150,LDEBIT,GW-NIMBUS,Failed,SAR,1,97.6613,0.0,0.0,0.0,0.0,0.016,-0.016,366.23
20260514,202605,869,BANKTR,GW-NILE,Voided,EGP,1,1024.4352,0.0,0.0,0.0,0.0,0.008,-0.008,52814.96
20260514,202605,685,BNPL,GW-ATLAS,Refunded,AED,2,32.4765,0.0,32.4765,0.0,0.0,0.2995,-0.2995,119.27
20260514,202605,772,TOKEN,GW-NIMBUS,Success,OMR,3,132.1456,132.1456,0.0,3.277,3.264,2.0546,1.2224,50.81
20260514,202605,293,LDEBIT,GW-NIMBUS,Success,AED,3,198.339,198.339,0.0,2.4833,2.4835,1.0265,1.4568,728.4
20260514,202605,264,CARD,GW-NIMBUS,Failed,AED,6,78.7583,0.0,0.0,0.0,0.0,0.0899,-0.0899,289.24
20260514,202605,833,TOKEN,GW-NILE,Success,EGP,46,181.3542,181.3542,0.0,8.7149,8.7149,4.7231,3.991800000000001,9349.75
20260515,202605,839,CARD,GW-ATLAS,Failed,EGP,12,276.5715,0.0,0.0,0.0,0.0,0.2399,-0.2399,14258.7
20260515,202605,342,CARD,GW-ORION,Success,AED,2,99.7223,99.7223,0.0,2.5786,2.5794,1.3969,1.1816999999999998,366.23
20260515,202605,417,TOKEN,GW-NILE,Failed,EGP,23,190.2169,0.0,0.0,0.0,0.0,0.1841,-0.1841,9806.67
20260515,202605,67,CARD,GW-ORION,Success,SAR,13,151.368,151.368,0.0,4.864,4.8631,2.7147,2.1493,567.63
20260515,202605,409,TOKEN,GW-ATLAS,Success,EGP,30,523.8934,523.8934,0.0,10.2383,10.2384,10.1414,0.0968999999999997,27009.43
20260515,202605,344,LDEBIT,GW-NILE,Success,EGP,2,29.6345,29.6345,0.0,0.4512,0.4512,0.1901,0.2611,1527.81
20260515,202605,173,CARD,GW-ORION,Failed,SAR,2,69.128,0.0,0.0,0.0,0.0,0.024,-0.024,259.23
20260516,202605,398,TOKEN,GW-ATLAS,Failed,EGP,1,6.9782,0.0,0.0,0.0,0.0,0.02,-0.02,359.76
20260516,202605,665,CARD,GW-NIMBUS,Success,AED,45,1557.0973,1557.0973,0.0,43.7931,43.7926,23.9455,19.847600000000003,5718.44
20260516,202605,628,LDEBIT,GW-NILE,Success,EGP,1,4.0838,4.0838,0.0,0.1001,0.1,0.0516,0.0484999999999999,210.54
20260516,202605,864,CARD,GW-ORION,Success,SAR,18,1082.144,1082.144,0.0,27.728,27.7282,14.944,12.784,4058.04
20260516,202605,44,TOKEN,GW-ATLAS,Failed,EGP,3,13.5071,0.0,0.0,0.0,0.0,0.0599,-0.0599,696.36
20260516,202605,59,TOKEN,GW-NIMBUS,Failed,AED,5,207.9592,0.0,0.0,0.0,0.0,0.0762,-0.0762,763.73
20260516,202605,595,WALLET,GW-NILE,Success,EGP,5,86.7166,86.7166,0.0,1.8363,1.8363,0.8773,0.959,4470.69
20260517,202605,759,CARD,GW-NIMBUS,Failed,AED,44,660.1852,0.0,0.0,0.0,0.0,0.659,-0.659,2424.53
20260517,202605,452,CARD,GW-NIMBUS,Success,SAR,5,1973.4,1973.4,0.0,44.8027,44.8028,26.9653,17.837400000000002,7400.25
20260517,202605,159,WALLET,GW-NILE,Failed,EGP,18,305.6508,0.0,0.0,0.0,0.0,0.1439,-0.1439,15757.89
20260517,202605,164,TOKEN,GW-NILE,Success,EGP,122,1077.0161,1077.0161,0.0,38.1453,38.1453,20.0364,18.1089,55525.78
20260517,202605,598,TOKEN,GW-ATLAS,Success,EGP,46,1320.3215,1320.3215,0.0,36.4198,36.4197,23.3672,13.052600000000002,68069.44
20260517,202605,920,TOKEN,GW-ORION,Success,AED,2,108.8251,108.8251,0.0,2.6059,2.605,1.5657,1.0402,399.66
20260517,202605,852,CARD,GW-ORION,Failed,SAR,10,122.8853,0.0,0.0,0.0,0.0,0.12,-0.12,460.82
20260517,202605,200,LDEBIT,GW-NIMBUS,Success,AED,157,5978.6031,5978.6031,0.0,46.5677,46.568,33.9687,12.599000000000004,21956.42
20260517,202605,556,BNPL,GW-ATLAS,Success,AED,36,491.1096,491.1096,0.0,22.772,22.7728,17.6937,5.078299999999999,1803.6
20260517,202605,1063,CARD,GW-ATLAS,Success,SAR,3,520.5493,520.5493,0.0,12.5067,12.5063,7.8107,4.696000000000001,1952.06
20260517,202605,314,CARD,GW-ATLAS,Failed,EGP,4,63.934,0.0,0.0,0.0,0.0,0.0799,-0.0799,3296.13
20260517,202605,780,WALLET,GW-NILE,Success,EGP,1,208.6796,208.6796,0.0,3.8208,3.8208,1.7253,2.0955000000000004,10758.52
20260517,202605,44,CARD,GW-NILE,Refunded,EGP,1,6.9824,0.0,6.9824,0.0,0.0,0.1499,-0.1499,359.98
20260518,202605,126,CARD,GW-NIMBUS,Failed,OMR,3,38.6996,0.0,0.0,0.0,0.0,0.052,-0.052,14.88
20260518,202605,706,CARD,GW-ORION,Failed,SAR,16,216.5787,0.0,0.0,0.0,0.0,0.192,-0.192,812.17
20260518,202605,259,BNPL,GW-ATLAS,Failed,EGP,1,6.8226,0.0,0.0,0.0,0.0,0.02,-0.02,351.74
20260518,202605,977,CARD,GW-NILE,Success,EGP,1,831.0359,831.0359,0.0,13.5245,13.5245,10.1501,3.3744,42844.22
20260518,202605,455,LDEBIT,GW-NIMBUS,Success,SAR,266,4081.376,4081.376,0.0,35.656,35.656,30.336,5.32,15305.16
20260518,202605,456,CARD,GW-ATLAS,Success,SAR,6,238.8587,238.8587,0.0,6.392,6.3913,3.9253,2.4667000000000003,895.72
20260518,202605,409,LDEBIT,GW-NILE,Refunded,EGP,6,126.0979,0.0,126.0979,0.0,0.0,0.9,-0.9,6501.0
20260519,202605,81,CARD,GW-NIMBUS,Failed,AED,3,291.7468,0.0,0.0,0.0,0.0,0.0463,-0.0463,1071.44
20260519,202605,653,LDEBIT,GW-NIMBUS,Failed,SAR,1,58.616,0.0,0.0,0.0,0.0,0.016,-0.016,219.81
20260519,202605,611,TOKEN,GW-ORION,Success,SAR,6,210.7413,210.7413,0.0,5.56,5.5587,3.16,2.3999999999999995,790.28
20260519,202605,18,CARD,GW-NIMBUS,Failed,SAR,10,125.0693,0.0,0.0,0.0,0.0,0.1493,-0.1493,469.01
20260519,202605,116,CARD,GW-NILE,Success,EGP,1,110.968,110.968,0.0,2.6246,2.6245,1.4012,1.2234,5720.98
20260519,202605,534,LDEBIT,GW-NIMBUS,Failed,SAR,17,557.3547,0.0,0.0,0.0,0.0,0.256,-0.256,2090.08
20260519,202605,748,CARD,GW-ORION,Success,AED,40,3382.8155,3382.8155,0.0,84.9857,84.9846,45.7481,39.23759999999999,12423.39
20260519,202605,429,CARD,GW-NILE,Success,EGP,73,1810.8197,1810.8197,0.0,50.2525,50.2526,25.8705,24.382,93357.17
20260519,202605,908,LDEBIT,GW-NIMBUS,Failed,SAR,17,232.72,0.0,0.0,0.0,0.0,0.256,-0.256,872.7
20260519,202605,156,TOKEN,GW-ATLAS,Success,SAR,23,1110.9067,1110.9067,0.0,28.5947,28.5952,18.4987,10.096,4165.9
20260519,202605,976,CARD,GW-ATLAS,Refunded,EGP,21,574.7542,0.0,574.7542,0.0,0.0,3.15,-3.15,29631.57
20260519,202605,790,WALLET,GW-NILE,Failed,EGP,7,40.6541,0.0,0.0,0.0,0.0,0.0561,-0.0561,2095.93
20260519,202605,605,WALLET,GW-NILE,Success,EGP,1,36.1271,36.1271,0.0,0.6663,0.6663,0.3276,0.3387,1862.54
20260520,202605,640,LDEBIT,GW-NIMBUS,Success,SAR,2,93.152,93.152,0.0,1.1333,1.1325,0.5093,0.624,349.32
20260520,202605,106,LDEBIT,GW-NILE,Success,EGP,2,63.5069,63.5069,0.0,0.7995,0.7995,0.3272,0.4723,3274.11
20260520,202605,1022,WALLET,GW-NILE,Voided,EGP,1,6.4835,0.0,0.0,0.0,0.0,0.008,-0.008,334.26
20260520,202605,191,CARD,GW-ORION,Refunded,SAR,10,171.0747,0.0,171.0747,0.0,0.0,1.4987,-1.4987,641.53
20260520,202605,432,BNPL,GW-ATLAS,Success,AED,12,897.1518,897.1518,0.0,37.9932,37.9944,31.2457,6.747500000000002,3294.79
20260520,202605,173,CARD,GW-ORION,Success,SAR,15,532.3493,532.3493,0.0,14.0,14.0,7.7173,6.2827,1996.31
20260520,202605,81,TOKEN,GW-ORION,Success,AED,1,60.2287,60.2287,0.0,1.5575,1.5565,0.8604,0.6971,221.19
20260520,202605,455,BNPL,GW-ATLAS,Success,SAR,116,1852.8133,1852.8133,0.0,48.432,48.4325,66.352,-17.92,6948.05
20260520,202605,665,LDEBIT,GW-NIMBUS,Failed,AED,2,69.0347,0.0,0.0,0.0,0.0,0.03,-0.03,253.53
20260520,202605,567,WALLET,GW-NILE,Success,EGP,3,85.7246,85.7246,0.0,1.6287,1.6287,0.7993,0.8294,4419.55
20260521,202605,304,LDEBIT,GW-NIMBUS,Success,SAR,12,130.816,130.816,0.0,2.0187,2.018,1.128,0.8907,490.56
20260521,202605,479,TOKEN,GW-ATLAS,Failed,OMR,13,131.4694,0.0,0.0,0.0,0.0,0.2601,-0.2601,50.55
20260521,202605,334,LDEBIT,GW-NIMBUS,Success,OMR,5,337.4512,337.4512,0.0,3.9012,3.9012,1.7425,2.1587,129.75
20260521,202605,960,TOKEN,GW-ORION,Success,SAR,198,2372.664,2372.664,0.0,73.872,73.873,43.3387,30.5333,8897.49
20260521,202605,384,CARD,GW-ATLAS,Success,AED,28,359.9728,359.9728,0.0,11.7713,11.7701,7.3193,4.452,1322.0
20260521,202605,479,CARD,GW-NIMBUS,Voided,OMR,6,60.6762,0.0,0.0,0.0,0.0,0.078,-0.078,23.33
20260521,202605,120,TOKEN,GW-ORION,Voided,SAR,4,305.8693,0.0,0.0,0.0,0.0,0.048,-0.048,1147.01
20260521,202605,792,LDEBIT,GW-NIMBUS,Success,SAR,10,136.4773,136.4773,0.0,2.024,2.0244,1.064,0.96,511.79
20260521,202605,542,WALLET,GW-NILE,Success,EGP,17,424.0608,424.0608,0.0,8.1904,8.1905,4.0299,4.160500000000001,21862.54
20260521,202605,588,CARD,GW-NILE,Failed,EGP,2,63.913,0.0,0.0,0.0,0.0,0.0159,-0.0159,3295.05
20260522,202605,142,CARD,GW-NIMBUS,Voided,SAR,2,46.456,0.0,0.0,0.0,0.0,0.0293,-0.0293,174.21
20260522,202605,379,LDEBIT,GW-NIMBUS,Success,AED,22,333.8707,333.8707,0.0,5.0592,5.0589,2.4915,2.5677,1226.14
20260522,202605,633,LDEBIT,GW-NIMBUS,Refunded,SAR,11,675.8747,0.0,675.8747,0.0,0.0,1.6507,-1.6507,2534.53
20260522,202605,513,LDEBIT,GW-NIMBUS,Success,OMR,14,383.6931,383.6931,0.0,4.7594,4.7593,2.3667,2.3927000000000005,147.53
20260522,202605,108,WALLET,GW-NILE,Success,EGP,8189,79752.534,79752.534,0.0,1329.9919,1329.9919,932.6105,397.3814,4111657.84
20260522,202605,732,LDEBIT,GW-NIMBUS,Failed,SAR,2,115.536,0.0,0.0,0.0,0.0,0.0293,-0.0293,433.26
20260523,202605,552,BNPL,GW-ATLAS,Success,SAR,48,763.376,763.376,0.0,34.192,34.1916,27.3413,6.8507,2862.66
20260523,202605,669,CARD,GW-NIMBUS,Failed,OMR,1,60.9623,0.0,0.0,0.0,0.0,0.026,-0.026,23.44
20260523,202605,191,LDEBIT,GW-NIMBUS,Voided,SAR,2,23.2933,0.0,0.0,0.0,0.0,0.0293,-0.0293,87.35
20260523,202605,1021,TOKEN,GW-ATLAS,Success,EGP,2,82.8762,82.8762,0.0,2.1036,2.1037,1.401,0.7026000000000001,4272.7
20260523,202605,190,TOKEN,GW-NIMBUS,Failed,SAR,1,55.16,0.0,0.0,0.0,0.0,0.016,-0.016,206.85
20260523,202605,410,CARD,GW-ATLAS,Failed,EGP,1,38.7365,0.0,0.0,0.0,0.0,0.02,-0.02,1997.07
20260523,202605,220,CARD,GW-NILE,Refunded,EGP,3,65.7808,0.0,65.7808,0.0,0.0,0.45,-0.45,3391.34
20260523,202605,586,CARD,GW-ORION,Failed,AED,1,20.7379,0.0,0.0,0.0,0.0,0.0109,-0.0109,76.16
20260523,202605,191,CARD,GW-ORION,Voided,SAR,8,93.1787,0.0,0.0,0.0,0.0,0.096,-0.096,349.42
20260523,202605,192,CARD,GW-ATLAS,Refunded,EGP,1,1297.0315,0.0,1297.0315,0.0,0.0,0.1499,-0.1499,66868.72
20260523,202605,583,TOKEN,GW-ATLAS,Failed,SAR,1,14.576,0.0,0.0,0.0,0.0,0.0213,-0.0213,54.66
20260523,202605,45,TOKEN,GW-NIMBUS,Voided,AED,19,792.3458,0.0,0.0,0.0,0.0,0.2859,-0.2859,2909.89
20260524,202605,345,CARD,GW-ORION,Success,AED,1827,31541.2771,31541.2771,0.0,579.115,579.1147,513.0647,66.0503,115835.34
20260524,202605,700,TOKEN,GW-NILE,Voided,EGP,1,12.3933,0.0,0.0,0.0,0.0,0.008,-0.008,638.94
20260524,202605,204,LDEBIT,GW-NIMBUS,Failed,SAR,1,22.936,0.0,0.0,0.0,0.0,0.016,-0.016,86.01
20260524,202605,517,LDEBIT,GW-NIMBUS,Success,SAR,1,16.9627,16.9627,0.0,0.248,0.2477,0.12,0.128,63.61
20260524,202605,882,CARD,GW-NILE,Success,EGP,8,11334.7645,11334.7645,0.0,179.8759,179.876,138.1414,41.7345,584366.05
20260524,202605,355,CARD,GW-NIMBUS,Refunded,SAR,1,23.0613,0.0,23.0613,0.0,0.0,0.1493,-0.1493,86.48
20260524,202605,959,TOKEN,GW-ATLAS,Success,SAR,9,110.0853,110.0853,0.0,2.0507,3.4177,2.3307,-0.2800000000000002,412.82
20260524,202605,1061,CARD,GW-ORION,Failed,SAR,1,12.4,0.0,0.0,0.0,0.0,0.0107,-0.0107,46.5
20260524,202605,426,CARD,GW-NILE,Success,EGP,3,18.8834,18.8834,0.0,0.7538,0.7539,0.3885,0.3653,973.54
20260524,202605,844,CARD,GW-NILE,Voided,EGP,1,9.8774,0.0,0.0,0.0,0.0,0.008,-0.008,509.23
20260525,202605,934,CARD,GW-ATLAS,Failed,EGP,1,112.9921,0.0,0.0,0.0,0.0,0.02,-0.02,5825.33
20260525,202605,700,WALLET,GW-NILE,Success,EGP,2,27.2884,27.2884,0.0,0.6007,0.6007,0.291,0.3097,1406.86
20260525,202605,863,TOKEN,GW-ATLAS,Voided,EGP,1,31.8905,0.0,0.0,0.0,0.0,0.02,-0.02,1644.12
20260526,202605,666,WALLET,GW-NILE,Voided,EGP,1,5.6933,0.0,0.0,0.0,0.0,0.008,-0.008,293.52
20260526,202605,236,WALLET,GW-NILE,Failed,EGP,5,7639.2445,0.0,0.0,0.0,0.0,0.04,-0.04,393842.78
20260526,202605,37,CARD,GW-NIMBUS,Refunded,OMR,4,81.0143,0.0,81.0143,0.0,0.0,0.5982,-0.5982,31.15
20260526,202605,170,TOKEN,GW-ATLAS,Failed,EGP,1,28.6693,0.0,0.0,0.0,0.0,0.02,-0.02,1478.05
20260526,202605,532,TOKEN,GW-ATLAS,Success,SAR,3,178.0053,178.0053,0.0,4.4987,4.4999,2.9147,1.5840000000000003,667.52
20260527,202605,472,CARD,GW-NIMBUS,Success,AED,16,1115.6106,1115.6106,0.0,27.3928,27.3929,16.1007,11.2921,4097.08
20260527,202605,345,TOKEN,GW-ORION,Failed,AED,4,69.13,0.0,0.0,0.0,0.0,0.049,-0.049,253.88
20260527,202605,286,CARD,GW-NILE,Failed,EGP,3,54.6213,0.0,0.0,0.0,0.0,0.0241,-0.0241,2816.01
20260527,202605,86,WALLET,GW-NILE,Failed,EGP,5,39.6071,0.0,0.0,0.0,0.0,0.04,-0.04,2041.95
20260527,202605,446,CARD,GW-NIMBUS,Voided,OMR,4,154.4343,0.0,0.0,0.0,0.0,0.052,-0.052,59.38
20260527,202605,628,TOKEN,GW-ATLAS,Success,EGP,4,25.8843,25.8843,0.0,1.0428,1.0428,0.6874,0.3553999999999999,1334.47
20260527,202605,23,BNPL,GW-ATLAS,Success,SAR,43,520.4107,520.4107,0.0,24.0213,24.0222,18.8453,5.175999999999998,1951.54
20260528,202605,143,CARD,GW-ORION,Success,SAR,204,1808.5787,1808.5787,0.0,58.5973,58.5972,35.3227,23.2746,6782.17
20260528,202605,40,CARD,GW-ATLAS,Success,EGP,2,161.9255,161.9255,0.0,4.1899,4.1898,2.509,1.6808999999999998,8348.1
20260528,202605,804,CARD,GW-ORION,Failed,AED,2,97.0565,0.0,0.0,0.0,0.0,0.0245,-0.0245,356.44
20260528,202605,749,TOKEN,GW-NILE,Success,EGP,1,131.5283,131.5283,0.0,3.1068,3.1067,1.7102,1.3965999999999998,6780.97
20260528,202605,152,CARD,GW-ORION,Refunded,AED,3,72.2968,0.0,72.2968,0.0,0.0,0.4493,-0.4493,265.51
20260528,202605,417,WALLET,GW-NILE,Failed,EGP,168,1389.4104,0.0,0.0,0.0,0.0,1.344,-1.344,71631.33
20260528,202605,953,CARD,GW-NILE,Success,EGP,3,38.0959,38.0959,0.0,1.2544,1.2544,0.6219,0.6325,1964.04
20260528,202605,44,WALLET,GW-NILE,Voided,EGP,2,9.0047,0.0,0.0,0.0,0.0,0.0159,-0.0159,464.24
20260528,202605,170,CARD,GW-NILE,Failed,EGP,11,315.3624,0.0,0.0,0.0,0.0,0.0881,-0.0881,16258.57
20260528,202605,455,LDEBIT,GW-NIMBUS,Success,SAR,259,4153.88,4153.88,0.0,35.8667,35.8673,30.3467,5.520000000000003,15577.05
20260528,202605,95,TOKEN,GW-ORION,Failed,AED,1,70.1048,0.0,0.0,0.0,0.0,0.0109,-0.0109,257.46
20260529,202605,417,CARD,GW-ATLAS,Failed,EGP,254,2100.6562,0.0,0.0,0.0,0.0,5.08,-5.08,108299.75
20260529,202605,916,TOKEN,GW-NIMBUS,Failed,OMR,1,37.2692,0.0,0.0,0.0,0.0,0.026,-0.026,14.33
20260529,202605,822,CARD,GW-ATLAS,Success,EGP,4,61.3422,61.3422,0.0,1.891,1.891,1.1904,0.7006000000000001,3162.51
20260529,202605,739,LDEBIT,GW-NIMBUS,Success,SAR,24,1056.1333,1056.1333,0.0,12.7547,12.7541,5.832,6.9227,3960.5
20260529,202605,700,CARD,GW-ATLAS,Success,EGP,12,140.3296,140.3296,0.0,4.4399,4.4399,2.9339,1.5059999999999998,7234.72
20260529,202605,889,WALLET,GW-NILE,Success,EGP,29,185.6862,185.6862,0.0,4.8166,4.8165,2.519,2.2976,9573.09
20260529,202605,45,CARD,GW-NIMBUS,Voided,AED,70,2919.1722,0.0,0.0,0.0,0.0,1.0511,-1.0511,10720.66
20260529,202605,800,BNPL,GW-ATLAS,Success,EGP,4,46.4428,46.4428,0.0,1.9831,1.9831,1.685,0.2981,2394.37
20260529,202605,534,TOKEN,GW-NIMBUS,Refunded,SAR,7,218.1973,0.0,218.1973,0.0,0.0,1.0507,-1.0507,818.24
20260529,202605,1007,WALLET,GW-NILE,Success,EGP,6,87.332,87.332,0.0,1.934,1.934,0.9175,1.0165,4502.42
20260530,202605,463,CARD,GW-NIMBUS,Failed,AED,4,256.678,0.0,0.0,0.0,0.0,0.0599,-0.0599,942.65
20260530,202605,1056,BNPL,GW-ATLAS,Success,SAR,1,32.1733,32.1733,0.0,1.536,1.5366,1.1307,0.4053,120.65
20260530,202605,639,LDEBIT,GW-NIMBUS,Success,SAR,5,219.592,219.592,0.0,2.2933,2.2922,1.2133,1.0799999999999998,823.47
20260530,202605,290,CARD,GW-ATLAS,Refunded,AED,1,38.6195,0.0,38.6195,0.0,0.0,0.1498,-0.1498,141.83
20260530,202605,642,LDEBIT,GW-NIMBUS,Refunded,SAR,1,42.92,0.0,42.92,0.0,0.0,0.1493,-0.1493,160.95
20260530,202605,379,LDEBIT,GW-NIMBUS,Success,AED,13,157.1382,157.1382,0.0,2.5214,2.5212,1.2934,1.2279999999999998,577.09
20260530,202605,811,TOKEN,GW-NILE,Refunded,EGP,2,14.1679,0.0,14.1679,0.0,0.0,0.3001,-0.3001,730.43
20260530,202605,6,LDEBIT,GW-NIMBUS,Success,AED,5,235.5997,235.5997,0.0,3.0361,3.0357,1.2852,1.7509,865.24
20260530,202605,931,CARD,GW-ORION,Failed,AED,6,97.7862,0.0,0.0,0.0,0.0,0.0708,-0.0708,359.12
20260530,202605,400,LDEBIT,GW-NIMBUS,Success,SAR,42,981.736,981.736,0.0,14.1733,14.1737,6.3067,7.866599999999999,3681.51
20260530,202605,765,TOKEN,GW-ORION,Failed,SAR,1,133.376,0.0,0.0,0.0,0.0,0.0107,-0.0107,500.16
20260531,202605,105,WALLET,GW-NILE,Failed,EGP,6,34.7926,0.0,0.0,0.0,0.0,0.0479,-0.0479,1793.74
20260531,202605,97,TOKEN,GW-ATLAS,Success,AED,23,303.5943,303.5943,0.0,9.7127,9.7134,6.2927,3.42,1114.95
20260531,202605,1002,CARD,GW-ATLAS,Success,AED,45,546.4724,546.4724,0.0,18.162,18.1628,11.2975,6.8645,2006.92
20260531,202605,368,LDEBIT,GW-NIMBUS,Success,OMR,27,1092.2497,1092.2497,0.0,12.7698,12.764,6.1378,6.632,419.97
20260531,202605,552,LDEBIT,GW-NIMBUS,Voided,SAR,1,16.0853,0.0,0.0,0.0,0.0,0.016,-0.016,60.32
20260531,202605,942,CARD,GW-NILE,Failed,EGP,16,556.0017,0.0,0.0,0.0,0.0,0.128,-0.128,28664.78
20260601,202606,331,CARD,GW-NIMBUS,Success,AED,134,9675.0769,9675.0769,0.0,145.6801,145.6796,139.3247,6.355400000000003,35531.72
20260601,202606,281,TOKEN,GW-NIMBUS,Success,SAR,5,206.0773,206.0773,0.0,5.6347,5.6337,3.2107,2.4239999999999995,772.79
20260601,202606,534,CARD,GW-ORION,Failed,SAR,59,1934.3493,0.0,0.0,0.0,0.0,0.7093,-0.7093,7253.81
20260602,202606,61,WALLET,GW-NILE,Success,EGP,23,3419.4943,3419.4943,0.0,45.5207,45.5208,28.5028,17.017899999999997,175888.53
20260602,202606,281,LDEBIT,GW-NIMBUS,Voided,SAR,1,34.312,0.0,0.0,0.0,0.0,0.016,-0.016,128.67
20260602,202606,45,CARD,GW-NIMBUS,Voided,AED,62,2585.5521,0.0,0.0,0.0,0.0,0.9312,-0.9312,9495.44
20260602,202606,791,TOKEN,GW-ATLAS,Failed,EGP,1,29.4846,0.0,0.0,0.0,0.0,0.02,-0.02,1516.6
20260602,202606,26,TOKEN,GW-NIMBUS,Voided,AED,1,375.6978,0.0,0.0,0.0,0.0,0.0163,-0.0163,1379.75
20260602,202606,839,CARD,GW-ATLAS,Success,EGP,168,3921.3924,3921.3924,0.0,83.8575,83.8575,69.6059,14.251599999999996,201704.66
20260602,202606,83,CARD,GW-ORION,Refunded,SAR,3,78.36,0.0,78.36,0.0,0.0,0.4507,-0.4507,293.85
20260602,202606,952,CARD,GW-NIMBUS,Success,SAR,15,1108.032,1108.032,0.0,27.9893,27.9905,15.9333,12.056,4155.12
20260602,202606,19,CARD,GW-ATLAS,Success,EGP,2,1387.1458,1387.1458,0.0,20.9472,20.9472,20.3725,0.5747,71350.62
20260602,202606,364,TOKEN,GW-ORION,Failed,SAR,3,32.5333,0.0,0.0,0.0,0.0,0.0373,-0.0373,122.0
20260603,202606,874,TOKEN,GW-ATLAS,Success,EGP,7,79.7053,79.7053,0.0,2.6353,2.6352,1.7231,0.9122,4099.8
20260603,202606,619,LDEBIT,GW-NILE,Success,EGP,248,3994.1569,3994.1569,0.0,37.2866,37.2865,24.8564,12.4302,205447.45
20260603,202606,122,CARD,GW-NIMBUS,Voided,AED,3,33.3914,0.0,0.0,0.0,0.0,0.0463,-0.0463,122.63
20260603,202606,143,CARD,GW-ORION,Refunded,SAR,5,25.9867,0.0,25.9867,0.0,0.0,0.7493,-0.7493,97.45
20260603,202606,164,LDEBIT,GW-NILE,Voided,EGP,1,8.3813,0.0,0.0,0.0,0.0,0.008,-0.008,431.11
20260603,202606,638,TOKEN,GW-NIMBUS,Refunded,SAR,2,17.8293,0.0,17.8293,0.0,0.0,0.2987,-0.2987,66.86
20260603,202606,120,LDEBIT,GW-NIMBUS,Success,SAR,334,25959.4,25959.4,0.0,227.2267,227.2274,131.848,95.37869999999998,97347.75
20260604,202606,106,CARD,GW-ATLAS,Failed,EGP,1,24.1597,0.0,0.0,0.0,0.0,0.02,-0.02,1242.7
20260604,202606,541,LDEBIT,GW-NILE,Voided,EGP,1,23.94,0.0,0.0,0.0,0.0,0.008,-0.008,1231.4
20260604,202606,176,CARD,GW-ATLAS,Failed,SAR,1,278.2027,0.0,0.0,0.0,0.0,0.0213,-0.0213,1043.26
20260604,202606,429,CARD,GW-NILE,Failed,EGP,13,338.5213,0.0,0.0,0.0,0.0,0.104,-0.104,17412.52
20260604,202606,1042,LDEBIT,GW-NIMBUS,Success,AED,11,211.5507,211.5507,0.0,2.9898,2.9904,1.4459,1.5438999999999998,776.92
20260604,202606,268,WALLET,GW-NILE,Failed,EGP,1,90.2251,0.0,0.0,0.0,0.0,0.008,-0.008,4640.91
20260604,202606,895,TOKEN,GW-NIMBUS,Success,SAR,96,3468.8,3468.8,0.0,69.3493,69.3504,54.8027,14.546599999999998,13008.0
20260605,202606,874,TOKEN,GW-ATLAS,Success,EGP,7,66.6326,66.6326,0.0,2.3234,2.3235,1.5256,0.7977999999999998,3427.38
20260605,202606,854,BNPL,GW-ATLAS,Success,AED,4,844.3649,844.3649,0.0,36.6208,36.6201,29.2607,7.360100000000003,3100.93
20260605,202606,708,WALLET,GW-NILE,Success,EGP,5,578.2194,578.2194,0.0,10.71,10.71,4.8586,5.851400000000001,29741.87
20260605,202606,839,LDEBIT,GW-NILE,Failed,EGP,2,46.0952,0.0,0.0,0.0,0.0,0.0159,-0.0159,2371.0
20260605,202606,861,CARD,GW-ATLAS,Success,SAR,3,536.672,536.672,0.0,12.5147,12.5147,8.048,4.4667,2012.52
20260605,202606,647,TOKEN,GW-ORION,Success,SAR,1,15.1147,15.1147,0.0,0.512,0.5108,0.2613,0.2507,56.68
20260605,202606,265,CARD,GW-NIMBUS,Success,SAR,2,91.144,91.144,0.0,2.4693,2.4704,1.36,1.1093,341.79
20260605,202606,71,TOKEN,GW-NIMBUS,Failed,SAR,1,15.2107,0.0,0.0,0.0,0.0,0.016,-0.016,57.04
20260605,202606,463,CARD,GW-NIMBUS,Failed,AED,6,385.0184,0.0,0.0,0.0,0.0,0.0899,-0.0899,1413.98
20260605,202606,314,LDEBIT,GW-NILE,Success,EGP,18,272.4381,272.4381,0.0,4.1144,4.1143,1.7334,2.381,14013.4
20260606,202606,23,CARD,GW-ORION,Success,SAR,196,2293.584,2293.584,0.0,72.536,72.5359,41.0667,31.469300000000004,8600.94
20260606,202606,379,CARD,GW-ATLAS,Success,AED,55,836.0599,836.0599,0.0,25.7236,25.7234,16.2587,9.4649,3070.43
20260606,202606,1074,TOKEN,GW-NIMBUS,Success,AED,3,47.7903,47.7903,0.0,1.4404,1.4405,0.8632,0.5771999999999999,175.51
20260606,202606,105,WALLET,GW-NILE,Success,EGP,18,124.2304,124.2304,0.0,3.1462,3.1461,1.6362,1.5099999999999998,6390.04
20260606,202606,162,CARD,GW-NILE,Voided,EGP,12,218.6541,0.0,0.0,0.0,0.0,0.096,-0.096,11246.91
20260606,202606,726,TOKEN,GW-NIMBUS,Success,AED,2,662.5541,662.5541,0.0,15.7713,15.77,9.405,6.366300000000001,2433.23
20260606,202606,159,CARD,GW-NILE,Refunded,EGP,20,339.8966,0.0,339.8966,0.0,0.0,3.0,-3.0,17483.26
20260606,202606,633,CARD,GW-ORION,Failed,SAR,36,2129.312,0.0,0.0,0.0,0.0,0.432,-0.432,7984.92
20260606,202606,545,LDEBIT,GW-NILE,Success,EGP,3,73.0869,73.0869,0.0,0.8809,0.8809,0.4011,0.4798,3759.37
20260607,202606,804,CARD,GW-ORION,Success,AED,19,832.2614,832.2614,0.0,20.3022,20.3013,11.8012,8.501,3056.48
20260607,202606,147,CARD,GW-NIMBUS,Success,AED,28,7255.2539,7255.2539,0.0,166.6957,166.6962,99.7658,66.92989999999999,26644.92
20260607,202606,916,TOKEN,GW-NIMBUS,Voided,OMR,1,37.2692,0.0,0.0,0.0,0.0,0.026,-0.026,14.33
20260607,202606,53,TOKEN,GW-ATLAS,Success,OMR,2,102.6008,102.6008,0.0,2.7048,2.7011,1.6905,1.0143000000000002,39.45
20260607,202606,147,TOKEN,GW-ORION,Refunded,AED,1,121.0211,0.0,121.0211,0.0,0.0,0.1498,-0.1498,444.45
20260607,202606,771,LDEBIT,GW-NIMBUS,Voided,AED,1,26.6004,0.0,0.0,0.0,0.0,0.0163,-0.0163,97.69
20260607,202606,301,LDEBIT,GW-NILE,Failed,EGP,7,46.7751,0.0,0.0,0.0,0.0,0.056,-0.056,2405.97
20260607,202606,75,CARD,GW-NILE,Success,EGP,8,134.5716,134.5716,0.0,3.9849,3.9849,2.059,1.9259,6921.96
20260608,202606,285,LDEBIT,GW-NIMBUS,Success,SAR,900,47075.9653,47075.9653,0.0,399.592,399.5925,252.3413,147.2507,176534.87
20260608,202606,844,CARD,GW-NILE,Success,EGP,69,666.0814,666.0814,0.0,21.6803,21.6803,11.7499,9.9304,34261.23
20260608,202606,647,CARD,GW-NIMBUS,Failed,SAR,1,12.0267,0.0,0.0,0.0,0.0,0.016,-0.016,45.1
20260608,202606,840,CARD,GW-NIMBUS,Voided,SAR,1,19.6533,0.0,0.0,0.0,0.0,0.016,-0.016,73.7
20260608,202606,854,BNPL,GW-ATLAS,Failed,AED,1,208.1552,0.0,0.0,0.0,0.0,0.0191,-0.0191,764.45
20260608,202606,792,CARD,GW-ATLAS,Failed,SAR,2,28.48,0.0,0.0,0.0,0.0,0.04,-0.04,106.8
20260608,202606,130,LDEBIT,GW-NILE,Success,EGP,57,376.9749,376.9749,0.0,7.2883,7.2884,3.5218,3.7665,19390.46
20260608,202606,770,CARD,GW-NIMBUS,Failed,OMR,44,1206.8401,0.0,0.0,0.0,0.0,0.6502,-0.6502,464.03
20260608,202606,205,WALLET,GW-NILE,Failed,EGP,9,275.6973,0.0,0.0,0.0,0.0,0.0719,-0.0719,14181.04
20260608,202606,976,LDEBIT,GW-NILE,Failed,EGP,2,52.1953,0.0,0.0,0.0,0.0,0.0159,-0.0159,2684.77
20260608,202606,572,LDEBIT,GW-NIMBUS,Success,SAR,1,57.6267,57.6267,0.0,0.736,0.7365,0.304,0.432,216.1
20260608,202606,879,LDEBIT,GW-NIMBUS,Success,AED,11,273.7018,273.7018,0.0,3.8965,3.8975,1.7263,2.1702000000000004,1005.17
20260609,202606,105,CARD,GW-ATLAS,Success,EGP,54,318.713,318.713,0.0,12.603,12.6029,8.6428,3.9602,16393.64
20260609,202606,396,CARD,GW-NILE,Success,EGP,70,569.2548,569.2548,0.0,19.2276,19.2276,10.6264,8.601199999999999,29280.76
20260609,202606,716,CARD,GW-ORION,Success,AED,28,509.7509,509.7509,0.0,14.6222,14.6235,8.2015,6.4207,1872.06
20260609,202606,566,CARD,GW-NILE,Voided,EGP,4,33.7036,0.0,0.0,0.0,0.0,0.0321,-0.0321,1733.61
20260609,202606,894,TOKEN,GW-NILE,Failed,EGP,1,6.8597,0.0,0.0,0.0,0.0,0.008,-0.008,352.84
20260609,202606,453,TOKEN,GW-NILE,Success,EGP,2,155.5536,155.5536,0.0,3.8898,3.8897,2.066,1.8238000000000003,8001.21
20260609,202606,481,TOKEN,GW-ORION,Success,SAR,18,482.5627,482.5627,0.0,12.504,12.5032,7.488,5.015999999999999,1809.61
20260609,202606,976,CARD,GW-ATLAS,Voided,EGP,15,391.4653,0.0,0.0,0.0,0.0,0.3,-0.3,20135.8
20260609,202606,182,TOKEN,GW-ATLAS,Failed,EGP,1,16.207,0.0,0.0,0.0,0.0,0.02,-0.02,833.64
20260609,202606,816,TOKEN,GW-ORION,Failed,AED,1,193.3479,0.0,0.0,0.0,0.0,0.0109,-0.0109,710.07
20260609,202606,248,CARD,GW-ATLAS,Failed,SAR,5,59.2347,0.0,0.0,0.0,0.0,0.1013,-0.1013,222.13
20260609,202606,951,TOKEN,GW-NILE,Failed,EGP,2,18.9813,0.0,0.0,0.0,0.0,0.0159,-0.0159,976.34
20260610,202606,108,WALLET,GW-NILE,Failed,EGP,2350,23034.1983,0.0,0.0,0.0,0.0,18.8001,-18.8001,1184810.06
20260610,202606,633,LDEBIT,GW-NIMBUS,Voided,SAR,2,118.296,0.0,0.0,0.0,0.0,0.0293,-0.0293,443.61
20260610,202606,509,TOKEN,GW-NIMBUS,Success,AED,2,327.6569,327.6569,0.0,7.8639,7.8641,4.7161,3.1478,1203.32
20260610,202606,931,TOKEN,GW-ORION,Success,AED,15,236.2777,236.2777,0.0,7.2457,7.2463,4.0354,3.2103,867.73
20260610,202606,360,WALLET,GW-NILE,Success,EGP,11,100.3989,100.3989,0.0,2.3211,2.321,1.1982,1.1229,5164.22
20260610,202606,216,LDEBIT,GW-NIMBUS,Success,OMR,1,119.87,119.87,0.0,1.4044,1.4153,0.5722,0.8322,46.09
20260610,202606,682,TOKEN,GW-ORION,Failed,SAR,2,28.0,0.0,0.0,0.0,0.0,0.024,-0.024,105.0
20260610,202606,516,TOKEN,GW-ORION,Voided,SAR,2,69.5413,0.0,0.0,0.0,0.0,0.024,-0.024,260.78
20260611,202606,357,CARD,GW-ATLAS,Success,EGP,170,1243.0282,1243.0282,0.0,33.6573,33.6574,30.7034,2.953900000000001,63937.64
20260611,202606,874,WALLET,GW-NILE,Success,EGP,6,65.8011,65.8011,0.0,1.5458,1.5458,0.743,0.8028000000000001,3384.61
20260611,202606,233,LDEBIT,GW-NILE,Success,EGP,1,200.8039,200.8039,0.0,2.2649,2.2649,0.8482,1.4167,10328.75
20260611,202606,39,CARD,GW-NIMBUS,Success,OMR,6,14320.2341,14320.2341,0.0,226.814,226.8229,193.7061,33.1079,5506.13
20260611,202606,585,TOKEN,GW-NIMBUS,Success,AED,20,762.6385,762.6385,0.0,19.921,19.922,11.9782,7.9428,2800.79
20260611,202606,253,CARD,GW-NIMBUS,Failed,SAR,8,135.1333,0.0,0.0,0.0,0.0,0.12,-0.12,506.75
20260611,202606,169,TOKEN,GW-NILE,Refunded,EGP,1,117.5932,0.0,117.5932,0.0,0.0,0.1501,-0.1501,6048.64
20260611,202606,525,CARD,GW-ORION,Success,SAR,4,438.392,438.392,0.0,11.1253,11.1255,5.8587,5.2666,1643.97
20260611,202606,891,TOKEN,GW-NILE,Success,EGP,2,50.0074,50.0074,0.0,1.3451,1.3452,0.736,0.6091,2572.23
20260611,202606,687,CARD,GW-ATLAS,Success,EGP,13,68.9663,68.9663,0.0,3.0657,3.0657,1.9675,1.0982,3547.42
20260611,202606,410,TOKEN,GW-ATLAS,Success,EGP,1,27.6451,27.6451,0.0,0.7876,0.7876,0.4921,0.2955,1421.98
20260611,202606,857,CARD,GW-NIMBUS,Failed,AED,3,875.0851,0.0,0.0,0.0,0.0,0.0463,-0.0463,3213.75
20260611,202606,1039,CARD,GW-ORION,Success,SAR,34,369.5493,369.5493,0.0,12.04,12.0401,6.76,5.279999999999999,1385.81
20260612,202606,680,BNPL,GW-NILE,Success,EGP,5,142.8349,142.8349,0.0,6.7589,6.7589,4.1536,2.6053,7347.0
20260612,202606,638,LDEBIT,GW-NIMBUS,Voided,SAR,2,21.328,0.0,0.0,0.0,0.0,0.0293,-0.0293,79.98
20260612,202606,277,TOKEN,GW-NILE,Failed,EGP,1,6.9666,0.0,0.0,0.0,0.0,0.008,-0.008,358.34
20260612,202606,991,TOKEN,GW-ATLAS,Refunded,SAR,2,53.7813,0.0,53.7813,0.0,0.0,0.2987,-0.2987,201.68
20260612,202606,449,CARD,GW-NILE,Failed,EGP,5,174.4404,0.0,0.0,0.0,0.0,0.04,-0.04,8972.69
20260612,202606,956,BNPL,GW-ATLAS,Failed,SAR,1,213.8267,0.0,0.0,0.0,0.0,0.0213,-0.0213,801.85
20260612,202606,238,CARD,GW-ORION,Failed,AED,1,372.0572,0.0,0.0,0.0,0.0,0.0109,-0.0109,1366.38
20260612,202606,682,TOKEN,GW-ORION,Failed,SAR,1,14.0,0.0,0.0,0.0,0.0,0.0107,-0.0107,52.5
20260612,202606,679,WALLET,GW-NILE,Success,EGP,16,412.6141,412.6141,0.0,8.029,8.029,3.9022,4.126799999999999,21223.63
20260613,202606,339,LDEBIT,GW-NIMBUS,Refunded,SAR,2,81.1227,0.0,81.1227,0.0,0.0,0.2987,-0.2987,304.21
20260613,202606,600,TOKEN,GW-ATLAS,Success,AED,3,47.8339,47.8339,0.0,1.4459,1.4471,0.9449,0.501,175.67
20260613,202606,461,BNPL,GW-NILE,Success,EGP,5,30.9104,30.9104,0.0,1.3004,1.3004,0.9303,0.3701,1589.94
20260613,202606,522,CARD,GW-ATLAS,Success,OMR,12,630.4811,630.4811,0.0,14.8765,14.8814,10.091,4.785500000000001,242.42
20260613,202606,861,BNPL,GW-ATLAS,Success,SAR,1,274.184,274.184,0.0,12.48,12.4809,9.496,2.984,1028.19
20260613,202606,381,CARD,GW-ATLAS,Success,EGP,69,1849.3425,1849.3425,0.0,48.9725,48.9725,32.0693,16.9032,95124.63
20260614,202606,357,CARD,GW-ATLAS,Failed,EGP,26,189.2292,0.0,0.0,0.0,0.0,0.5201,-0.5201,9733.38
20260614,202606,495,LDEBIT,GW-NILE,Failed,EGP,1,185.524,0.0,0.0,0.0,0.0,0.008,-0.008,9542.8
20260614,202606,191,TOKEN,GW-NIMBUS,Refunded,SAR,3,48.8667,0.0,48.8667,0.0,0.0,0.4507,-0.4507,183.25
20260614,202606,400,TOKEN,GW-NIMBUS,Success,SAR,38,976.408,976.408,0.0,28.84,28.8396,16.1387,12.7013,3661.53
20260614,202606,908,TOKEN,GW-ORION,Success,SAR,109,1480.0907,1480.0907,0.0,29.456,29.4573,26.1707,3.2852999999999994,5550.34
20260614,202606,417,WALLET,GW-NILE,Voided,EGP,9,74.4326,0.0,0.0,0.0,0.0,0.0719,-0.0719,3828.59
20260614,202606,254,CARD,GW-NILE,Success,EGP,9,80.2691,80.2691,0.0,2.7776,2.7775,1.4523,1.3253,4128.8
20260614,202606,796,BANKTR,GW-NIMBUS,Voided,SAR,5,151.8613,0.0,0.0,0.0,0.0,0.0747,-0.0747,569.48
20260614,202606,839,WALLET,GW-NILE,Success,EGP,40,966.4014,966.4014,0.0,15.5882,15.5881,9.2278,6.3604,49708.79
20260615,202606,178,CARD,GW-NILE,Failed,EGP,1,25.7435,0.0,0.0,0.0,0.0,0.008,-0.008,1324.17
20260615,202606,433,BNPL,GW-NILE,Success,EGP,82,863.2103,863.2103,0.0,38.5164,38.5164,25.5165,12.999899999999997,44400.95
20260615,202606,458,CARD,GW-NILE,Success,EGP,8,105.8096,105.8096,0.0,3.444,3.444,1.7097,1.7343,5442.53
20260615,202606,593,LDEBIT,GW-NILE,Refunded,EGP,1,234.1319,0.0,234.1319,0.0,0.0,0.1501,-0.1501,12043.04
20260615,202606,761,LDEBIT,GW-NIMBUS,Failed,SAR,2,27.6427,0.0,0.0,0.0,0.0,0.0293,-0.0293,103.66
20260615,202606,586,LDEBIT,GW-NIMBUS,Success,AED,10,198.2246,198.2246,0.0,2.8074,2.8076,1.3424,1.465,727.98
20260615,202606,849,TOKEN,GW-NIMBUS,Success,SAR,1,18.4293,18.4293,0.0,0.5493,0.5503,0.3227,0.2266,69.11
20260616,202606,844,TOKEN,GW-NILE,Success,EGP,10,107.4952,107.4952,0.0,3.438,3.438,1.8844,1.5536,5529.23
20260616,202606,307,CARD,GW-ORION,Success,SAR,3,964.3387,964.3387,0.0,21.5147,21.5155,12.5413,8.973400000000002,3616.27
20260616,202606,876,WALLET,GW-NILE,Success,EGP,16,371.5559,371.5559,0.0,7.5364,7.5363,3.5696,3.966800000000001,19111.72
20260616,202606,679,LDEBIT,GW-NILE,Success,EGP,9,230.7001,230.7001,0.0,2.9209,2.9208,1.2493,1.6716,11866.52
20260616,202606,735,CARD,GW-NILE,Success,EGP,4,36.0921,36.0921,0.0,1.3053,1.3053,0.6505,0.6547999999999999,1856.47
20260616,202606,645,WALLET,GW-NILE,Success,EGP,6,90.8134,90.8134,0.0,2.0153,2.0153,0.9456,1.0697,4671.17
20260616,202606,963,CARD,GW-NIMBUS,Success,AED,18,273.081,273.081,0.0,8.3376,8.3374,4.8577,3.4799,1002.89
20260616,202606,771,LDEBIT,GW-NIMBUS,Success,AED,1,29.1082,29.1082,0.0,0.4003,0.4,0.177,0.2233,106.9
20260616,202606,889,WALLET,GW-NILE,Success,EGP,21,130.7594,130.7594,0.0,3.4207,3.4207,1.7942,1.6265,6725.87
20260617,202606,916,CARD,GW-ATLAS,Success,OMR,160,5912.1717,5912.1717,0.0,148.7386,148.7283,98.0494,50.68919999999999,2273.23
20260617,202606,532,TOKEN,GW-ATLAS,Success,SAR,5,258.4747,258.4747,0.0,6.6027,6.6017,4.2773,2.3253999999999992,969.28
20260617,202606,55,CARD,GW-NIMBUS,Voided,SAR,1,50.6027,0.0,0.0,0.0,0.0,0.016,-0.016,189.76
20260617,202606,833,LDEBIT,GW-NILE,Refunded,EGP,1,5.8716,0.0,5.8716,0.0,0.0,0.1501,-0.1501,302.02
20260617,202606,488,LDEBIT,GW-NIMBUS,Success,AED,7,94.4833,94.4833,0.0,1.5793,1.5804,0.7406,0.8386999999999999,346.99
20260617,202606,763,TOKEN,GW-ATLAS,Failed,EGP,1,19.4659,0.0,0.0,0.0,0.0,0.02,-0.02,1001.27
20260617,202606,652,TOKEN,GW-NIMBUS,Failed,SAR,1,199.8213,0.0,0.0,0.0,0.0,0.016,-0.016,749.33
20260617,202606,366,CARD,GW-NILE,Success,EGP,1,188.3139,188.3139,0.0,4.2504,4.2504,2.3409,1.9095,9686.3
20260617,202606,470,CARD,GW-NILE,Failed,EGP,1,26.0818,0.0,0.0,0.0,0.0,0.008,-0.008,1341.57
20260618,202606,495,WALLET,GW-NILE,Success,EGP,6,1025.8983,1025.8983,0.0,13.1423,13.1423,8.5197,4.6226,52769.13
20260618,202606,774,TOKEN,GW-ORION,Success,AED,1,55.6896,55.6896,0.0,1.4187,1.4176,0.8005,0.6182000000000001,204.52
20260618,202606,154,LDEBIT,GW-NIMBUS,Failed,SAR,1,229.6133,0.0,0.0,0.0,0.0,0.016,-0.016,861.05
20260618,202606,457,CARD,GW-NIMBUS,Failed,SAR,5,50.1093,0.0,0.0,0.0,0.0,0.0747,-0.0747,187.91
20260618,202606,130,WALLET,GW-NILE,Failed,EGP,3,19.9504,0.0,0.0,0.0,0.0,0.0239,-0.0239,1026.19
20260618,202606,375,WALLET,GW-NILE,Success,EGP,103,2779.9162,2779.9162,0.0,37.5117,37.5118,26.1222,11.389499999999998,142990.55
20260618,202606,122,LDEBIT,GW-NIMBUS,Failed,AED,2,22.2628,0.0,0.0,0.0,0.0,0.03,-0.03,81.76
20260618,202606,200,LDEBIT,GW-NIMBUS,Voided,AED,1,37.6855,0.0,0.0,0.0,0.0,0.0163,-0.0163,138.4
20260618,202606,508,CARD,GW-ORION,Failed,SAR,3,91.0453,0.0,0.0,0.0,0.0,0.0373,-0.0373,341.42
20260619,202606,923,WALLET,GW-NILE,Failed,EGP,1,30.7164,0.0,0.0,0.0,0.0,0.008,-0.008,1579.96
20260619,202606,319,LDEBIT,GW-NIMBUS,Success,SAR,16,738.7067,738.7067,0.0,9.4613,9.4613,4.0453,5.416,2770.15
20260619,202606,819,TOKEN,GW-ORION,Success,AED,3,223.3302,223.3302,0.0,5.2526,5.2512,3.1477,2.1049,820.18
20260619,202606,897,CARD,GW-NILE,Success,EGP,7,139.6909,139.6909,0.0,4.198,4.1979,2.0682,2.1298000000000004,7185.28
20260619,202606,474,CARD,GW-ATLAS,Failed,EGP,2,45.9974,0.0,0.0,0.0,0.0,0.04,-0.04,2365.97
20260619,202606,914,LDEBIT,GW-NIMBUS,Failed,SAR,1,280.7333,0.0,0.0,0.0,0.0,0.016,-0.016,1052.75
20260619,202606,880,LDEBIT,GW-NILE,Success,EGP,1,137.3181,137.3181,0.0,1.5798,1.5797,0.5912,0.9886,7063.23
20260619,202606,194,CARD,GW-ATLAS,Success,EGP,2,293.9503,293.9503,0.0,6.6316,6.6316,4.4338,2.1978,15119.92
20260619,202606,679,WALLET,GW-NILE,Refunded,EGP,4,173.6209,0.0,173.6209,0.0,0.0,0.6,-0.6,8930.54
20260619,202606,150,CARD,GW-ATLAS,Success,SAR,47,4462.1973,4462.1973,0.0,112.4293,112.4293,68.536,43.8933,16733.24
20260619,202606,375,LDEBIT,GW-NILE,Failed,EGP,4,104.4546,0.0,0.0,0.0,0.0,0.0321,-0.0321,5372.83
20260619,202606,912,WALLET,GW-NILE,Failed,EGP,3,24.1583,0.0,0.0,0.0,0.0,0.0239,-0.0239,1242.63
20260620,202606,339,CARD,GW-ATLAS,Voided,SAR,1,32.2533,0.0,0.0,0.0,0.0,0.0213,-0.0213,120.95
20260621,202606,293,TOKEN,GW-NIMBUS,Success,AED,3,140.1879,140.1879,0.0,3.7522,3.751,2.1566,1.5956,514.84
20260621,202606,923,LDEBIT,GW-NILE,Success,EGP,1,36.2181,36.2181,0.0,0.4921,0.492,0.1818,0.3103,1862.95
20260621,202606,882,WALLET,GW-NILE,Success,EGP,6,8260.5475,8260.5475,0.0,104.7886,104.7885,67.1204,37.6682,424897.78
20260621,202606,580,LDEBIT,GW-NIMBUS,Success,SAR,4,380.0427,380.0427,0.0,4.6427,4.6433,1.8907,2.752,1425.16
20260621,202606,680,WALLET,GW-NILE,Success,EGP,2,50.2041,50.2041,0.0,1.0504,1.0504,0.4767,0.5737,2582.35
20260621,202606,650,CARD,GW-ORION,Failed,AED,18,581.9033,0.0,0.0,0.0,0.0,0.2151,-0.2151,2137.04
20260621,202606,819,CARD,GW-ORION,Success,AED,34,3298.0014,3298.0014,0.0,74.9326,74.9337,44.3022,30.630399999999995,12111.91
20260621,202606,727,TOKEN,GW-ORION,Refunded,AED,1,255.2049,0.0,255.2049,0.0,0.0,0.1498,-0.1498,937.24
20260621,202606,803,CARD,GW-ATLAS,Refunded,EGP,2,67.4763,0.0,67.4763,0.0,0.0,0.3,-0.3,3470.78
20260621,202606,684,CARD,GW-ORION,Success,SAR,1,162.0,162.0,0.0,4.0293,4.0303,2.136,1.8933,607.5
20260621,202606,475,CARD,GW-ATLAS,Failed,SAR,21,564.224,0.0,0.0,0.0,0.0,0.4213,-0.4213,2115.84
20260621,202606,135,CARD,GW-ATLAS,Voided,SAR,3,33.2933,0.0,0.0,0.0,0.0,0.0587,-0.0587,124.85
20260621,202606,942,WALLET,GW-NILE,Success,EGP,82,2937.0121,2937.0121,0.0,45.3918,45.3918,26.6598,18.732000000000003,151071.09
20260622,202606,620,BANKTR,GW-NILE,Success,EGP,72,6719.9117,6719.9117,0.0,45.0238,45.0238,26.2799,18.7439,345652.1
20260622,202606,455,LDEBIT,GW-NIMBUS,Failed,SAR,17,271.864,0.0,0.0,0.0,0.0,0.256,-0.256,1019.49
20260622,202606,34,CARD,GW-ORION,Success,AED,7,680.5827,680.5827,0.0,16.934,16.9329,9.1409,7.793100000000001,2499.44
20260622,202606,59,TOKEN,GW-NIMBUS,Success,AED,22,844.2042,844.2042,0.0,21.4404,21.4394,13.2498,8.1906,3100.34
20260622,202606,443,BNPL,GW-ATLAS,Success,SAR,11,210.2693,210.2693,0.0,9.3253,9.3254,7.488,1.8373,788.51
20260622,202606,542,WALLET,GW-NILE,Success,EGP,23,535.9308,535.9308,0.0,10.4269,10.427,5.1461,5.2808,27566.67
20260622,202606,106,LDEBIT,GW-NILE,Success,EGP,1,51.2355,51.2355,0.0,0.6124,0.6125,0.2424,0.37,2635.4
20260622,202606,557,TOKEN,GW-ORION,Success,SAR,72,3195.4347,3195.4347,0.0,86.096,86.0953,46.784,39.312000000000005,11982.88
20260622,202606,1059,CARD,GW-ORION,Success,AED,18,222.6494,222.6494,0.0,7.0715,7.0711,3.9265,3.1450000000000005,817.68
20260623,202606,79,CARD,GW-ORION,Failed,SAR,11,496.3893,0.0,0.0,0.0,0.0,0.1333,-0.1333,1861.46
20260623,202606,285,TOKEN,GW-ATLAS,Failed,SAR,14,729.32,0.0,0.0,0.0,0.0,0.28,-0.28,2734.95
20260623,202606,191,TOKEN,GW-NIMBUS,Voided,SAR,3,34.9413,0.0,0.0,0.0,0.0,0.0453,-0.0453,131.03
20260623,202606,52,CARD,GW-NILE,Success,EGP,6,509.2198,509.2198,0.0,11.9805,11.9805,6.505,5.475499999999999,26192.74
20260623,202606,425,CARD,GW-NILE,Success,EGP,88,5392.7694,5392.7694,0.0,91.7971,91.7972,70.1861,21.611000000000004,277387.88
20260623,202606,52,WALLET,GW-NILE,Success,EGP,4,321.7382,321.7382,0.0,5.9486,5.9486,2.7461,3.2025,16549.25
20260623,202606,356,LDEBIT,GW-NIMBUS,Failed,SAR,1,72.2507,0.0,0.0,0.0,0.0,0.016,-0.016,270.94
20260624,202606,516,TOKEN,GW-ORION,Refunded,SAR,1,28.6027,0.0,28.6027,0.0,0.0,0.1493,-0.1493,107.26
20260624,202606,959,CARD,GW-ATLAS,Refunded,SAR,1,8.6907,0.0,8.6907,0.0,0.0,0.1493,-0.1493,32.59
20260624,202606,490,LDEBIT,GW-NIMBUS,Success,AED,2,193.13,193.13,0.0,2.3363,2.3367,0.9585,1.3778,709.27
20260624,202606,635,CARD,GW-ATLAS,Failed,AED,1,344.4329,0.0,0.0,0.0,0.0,0.0191,-0.0191,1264.93
20260624,202606,95,TOKEN,GW-ORION,Success,AED,4,234.3036,234.3036,0.0,5.7291,5.7304,3.3547,2.3744,860.48
20260624,202606,692,LDEBIT,GW-NIMBUS,Failed,AED,26,1153.5276,0.0,0.0,0.0,0.0,0.3894,-0.3894,4236.33
20260624,202606,590,CARD,GW-ORION,Success,AED,1,2415.5453,2415.5453,0.0,40.3867,40.3855,31.0279,9.3588,8871.09
20260625,202606,162,LDEBIT,GW-NILE,Voided,EGP,7,127.5483,0.0,0.0,0.0,0.0,0.056,-0.056,6560.7
20260625,202606,700,CARD,GW-ATLAS,Success,EGP,6,73.5953,73.5953,0.0,2.2978,2.2977,1.517,0.7808000000000002,3785.52
20260625,202606,363,TOKEN,GW-NIMBUS,Refunded,AED,2,37.966,0.0,37.966,0.0,0.0,0.2995,-0.2995,139.43
20260625,202606,642,CARD,GW-NIMBUS,Success,SAR,42,2969.8347,2969.8347,0.0,73.4853,73.4862,42.824,30.6613,11136.88
20260625,202606,142,LDEBIT,GW-NIMBUS,Failed,SAR,1,23.2293,0.0,0.0,0.0,0.0,0.016,-0.016,87.11
20260625,202606,377,LDEBIT,GW-NIMBUS,Success,OMR,1,18.4395,18.4395,0.0,0.2601,0.2554,0.13,0.1301,7.09
20260625,202606,685,BNPL,GW-ATLAS,Failed,AED,8,136.2914,0.0,0.0,0.0,0.0,0.1607,-0.1607,500.53
20260625,202606,889,CARD,GW-ATLAS,Success,EGP,62,352.1533,352.1533,0.0,14.1799,14.1798,9.7224,4.4575,18113.71
20260626,202606,916,TOKEN,GW-NIMBUS,Failed,OMR,3,111.8336,0.0,0.0,0.0,0.0,0.052,-0.052,43.0
20260626,202606,522,LDEBIT,GW-NIMBUS,Success,OMR,2,70.065,70.065,0.0,0.8322,0.8434,0.4161,0.4161,26.94
20260626,202606,101,LDEBIT,GW-NILE,Success,EGP,2,101.7627,101.7627,0.0,1.2823,1.2824,0.4821,0.8002,5234.37
20260626,202606,46,LDEBIT,GW-NILE,Success,EGP,53,404.4898,404.4898,0.0,7.2854,7.2855,3.4932,3.7922,20805.74
20260626,202606,534,TOKEN,GW-NIMBUS,Voided,SAR,1,32.7867,0.0,0.0,0.0,0.0,0.016,-0.016,122.95
20260626,202606,492,TOKEN,GW-ATLAS,Success,SAR,2,398.56,398.56,0.0,9.16,9.1596,6.1733,2.9867,1494.6
20260626,202606,981,BANKTR,GW-NIMBUS,Refunded,OMR,10,324.7594,0.0,324.7594,0.0,0.0,1.5085,-1.5085,124.87
20260626,202606,854,BNPL,GW-ATLAS,Failed,AED,3,624.4656,0.0,0.0,0.0,0.0,0.0599,-0.0599,2293.35
20260626,202606,360,LDEBIT,GW-NILE,Success,EGP,6,50.82,50.82,0.0,0.8478,0.8478,0.4158,0.432,2614.03
20260627,202606,543,TOKEN,GW-ATLAS,Failed,EGP,2,12.9685,0.0,0.0,0.0,0.0,0.04,-0.04,667.06
20260627,202606,190,CARD,GW-ORION,Refunded,SAR,7,441.6267,0.0,441.6267,0.0,0.0,1.0507,-1.0507,1656.1
20260627,202606,895,CARD,GW-ATLAS,Voided,SAR,3,107.136,0.0,0.0,0.0,0.0,0.0587,-0.0587,401.76
20260627,202606,679,CARD,GW-NILE,Voided,EGP,2,55.8744,0.0,0.0,0.0,0.0,0.0159,-0.0159,2874.01
20260627,202606,340,LDEBIT,GW-NIMBUS,Success,SAR,7,79.0507,79.0507,0.0,1.2853,1.284,0.672,0.6133000000000001,296.44
20260628,202606,1021,WALLET,GW-NILE,Success,EGP,10,405.1547,405.1547,0.0,7.7847,7.7847,3.6318,4.1529,20839.94
20260628,202606,844,TOKEN,GW-NILE,Failed,EGP,2,19.7547,0.0,0.0,0.0,0.0,0.0159,-0.0159,1016.12
20260628,202606,50,TOKEN,GW-ATLAS,Success,EGP,2,50.9623,50.9623,0.0,1.4738,1.4739,0.9186,0.5552,2621.35
20260628,202606,247,BANKTR,GW-NIMBUS,Success,SAR,226,24474.8507,24474.8507,0.0,142.8907,142.8907,94.728,48.162700000000015,91780.69
20260628,202606,131,CARD,GW-NIMBUS,Failed,SAR,13,404.1147,0.0,0.0,0.0,0.0,0.1947,-0.1947,1515.43
20260628,202606,581,CARD,GW-NILE,Voided,EGP,32,222.4117,0.0,0.0,0.0,0.0,0.256,-0.256,11440.19
20260628,202606,231,CARD,GW-ATLAS,Success,EGP,101,1918.7921,1918.7921,0.0,39.4016,39.4016,35.45,3.951599999999999,98696.91
20260628,202606,522,LDEBIT,GW-NIMBUS,Success,OMR,2,73.9402,73.9402,0.0,0.8843,0.8845,0.4161,0.4681999999999999,28.43
20260628,202606,767,CARD,GW-ATLAS,Success,EGP,1,41.1031,41.1031,0.0,1.1165,1.1165,0.6733,0.4432,2114.22
20260628,202606,130,CARD,GW-ATLAS,Failed,EGP,6,39.9007,0.0,0.0,0.0,0.0,0.12,-0.12,2052.37
20260628,202606,15,CARD,GW-ORION,Refunded,AED,3,30.4697,0.0,30.4697,0.0,0.0,0.4493,-0.4493,111.9
20260628,202606,95,CARD,GW-ORION,Failed,AED,2,140.2097,0.0,0.0,0.0,0.0,0.0245,-0.0245,514.92
20260628,202606,908,CARD,GW-NIMBUS,Voided,SAR,1,13.6907,0.0,0.0,0.0,0.0,0.016,-0.016,51.34
20260628,202606,1034,CARD,GW-NIMBUS,Success,SAR,4,102.336,102.336,0.0,2.88,2.8812,1.6427,1.2372999999999998,383.76
20260628,202606,375,WALLET,GW-NILE,Failed,EGP,25,652.8411,0.0,0.0,0.0,0.0,0.2001,-0.2001,33580.19
20260628,202606,328,CARD,GW-NIMBUS,Success,AED,2,5651.3329,5651.3329,0.0,86.889,86.888,76.4221,10.466899999999995,20754.52
20260629,202606,588,BNPL,GW-NILE,Success,EGP,14,453.1069,453.1069,0.0,20.0091,20.0092,13.1615,6.8476,23306.46
20260629,202606,498,BNPL,GW-NILE,Success,EGP,1,38.9449,38.9449,0.0,1.8121,1.8121,1.1295,0.6826000000000001,2003.21
20260629,202606,660,WALLET,GW-NILE,Refunded,EGP,1,23.3021,0.0,23.3021,0.0,0.0,0.1501,-0.1501,1198.59
20260629,202606,207,CARD,GW-ATLAS,Success,EGP,1,22.1158,22.1158,0.0,0.611,0.6111,0.3964,0.2146,1137.57
20260630,202606,876,TOKEN,GW-NILE,Success,EGP,10,251.5549,251.5549,0.0,6.8285,6.8285,3.6997,3.1288,12939.23
20260630,202606,541,WALLET,GW-NILE,Refunded,EGP,39,923.0828,0.0,923.0828,0.0,0.0,5.8501,-5.8501,47480.61
20260630,202606,498,LDEBIT,GW-NILE,Refunded,EGP,1,40.6561,0.0,40.6561,0.0,0.0,0.1501,-0.1501,2091.23
20260630,202606,516,TOKEN,GW-ORION,Failed,SAR,4,139.0827,0.0,0.0,0.0,0.0,0.048,-0.048,521.56
20260630,202606,432,CARD,GW-ORION,Success,AED,53,2881.0265,2881.0265,0.0,66.29,66.2913,40.0871,26.202900000000007,10580.57
20260630,202606,567,CARD,GW-NILE,Failed,EGP,1,31.5571,0.0,0.0,0.0,0.0,0.008,-0.008,1623.2
20260630,202606,618,LDEBIT,GW-NILE,Success,EGP,1,4.2545,4.2545,0.0,0.0618,0.1031,0.0523,0.0095,218.84
20260630,202606,705,LDEBIT,GW-NIMBUS,Success,SAR,1,64.4693,64.4693,0.0,0.824,0.8234,0.336,0.4879999999999999,241.76
20260630,202606,353,CARD,GW-ATLAS,Refunded,OMR,7,464.0832,0.0,464.0832,0.0,0.0,1.0403,-1.0403,178.44
