txn_date,mid,payment_method,gateway,status,txn_count,amount_local,currency,revenue_local,cost_local,gp_local
2025-05-05,EG401975537,BANKTR,GW-NILE,DECLINED,1,2770.02,EGP,0.0,0.4,-0.4
2025-04-13,EG259754316,CARD,GW-ATLAS,Failed,5,1879.04,EGP,0.0,4.97,-4.97
2026-05-10,AE286189201,CARD,GW-ORION,Success,24,1384.55,AED,39.88,22.99,16.89
2025-02-26,EG744743048,CARD,GW-NILE,Failed,11,14054.66,EGP,0.0,4.32,-4.32
2025-09-05,SA779172798,TOKEN,GW-ORION,Failed,1,144.08,SAR,0.0,0.04,-0.04
2026-02-23,OM817062602,CARD,GW-NIMBUS,Voided,6,79.15,OMR,0.0,0.03,-0.03
2026-04-10,OM436896345,LDEBIT,GW-NIMBUS,Success,38,133.1,OMR,2.21,1.26,0.95
2025-06-04,EG266138287,CARD,GW-ATLAS,Voided,1,284.23,EGP,0.0,1.0,-1.0
2024-12-05,EG389262771,LDEBIT,GW-NILE,Voided,1,373.69,EGP,0.0,0.39,-0.39
2025-10-31,EG482640702,LDEBIT,GW-NILE,SETTLED,13,26021.76,EGP,333.02,128.29,204.73
2025-05-24,EG911025364,BNPL,GW-NILE,Failed,4,864.47,EGP,0.0,1.59,-1.59
2025-08-28,SA676493356,TOKEN,GW-ORION,Failed,1,104.85,SAR,0.0,0.04,-0.04
2024-07-06,SA407055199,CARD,GW-ORION,Failed,4,422.53,SAR,0.0,0.18,-0.18
2025-06-14,SA851607798,CARD,GW-NIMBUS,Failed,7,422.69,SAR,0.0,0.39,-0.39
2025-07-14,EG998632198,BNPL,GW-NILE,Success,11,18728.94,EGP,802.54,543.81,258.73
2025-06-02,AE932795909,TOKEN,GW-ORION,Refunded,2,643.8,AED,0.0,1.1,-1.1
2025-10-29,EG538857731,CARD,GW-NILE,VOID,3,4483.71,EGP,0.0,1.21,-1.21
2025-05-13,EG897740135,CARD,GW-ATLAS,Voided,1,318.9,EGP,0.0,1.0,-1.0
2025-03-07,SA777243922,TOKEN,GW-ORION,Success,1,50.57,SAR,1.67,0.9,0.77
2024-08-20,SA954952952,LDEBIT,GW-NIMBUS,Voided,1,43.68,SAR,0.0,0.06,-0.06
2025-05-10,SA710370541,CARD,GW-ORION,Voided,3,1882.61,SAR,0.0,0.14,-0.14
2026-05-14,SA247806531,CARD,GW-ATLAS,Failed,4,205.02,SAR,0.0,0.3,-0.3
2026-06-08,EG728358410,LDEBIT,GW-NILE,Success,3,4791.35,EGP,55.63,24.81,30.82
2025-12-19,EG873952802,CARD,GW-ATLAS,Refunded,5,4326.0,EGP,0.0,38.18,-38.18
2026-01-29,SA337097778,LDEBIT,GW-NIMBUS,Success,45,17048.62,SAR,133.6,84.31,49.29
2026-05-08,EG123423908,CARD,GW-NILE,Failed,1,2474.11,EGP,0.0,0.41,-0.41
2024-11-22,EG290794122,WALLET,GW-NILE,Success,4,13676.91,EGP,254.2,117.61,136.59
2026-01-21,AE190030385,CARD,GW-NIMBUS,Success,2,1933.08,AED,43.18,26.57,16.61
2025-08-21,EG199157533,WALLET,GW-NILE,Success,1,1309.84,EGP,28.05,12.34,15.71
2025-04-18,AE878919871,CARD,GW-ORION,Success,103,22599.33,AED,515.12,312.23,202.89
2025-01-20,EG656793347,WALLET,GW-NILE,Failed,4,299495.66,EGP,0.0,1.57,-1.57
2026-01-23,SA597658531,TOKEN,GW-ATLAS,SUCCESS,228,36026.33,SAR,568.09,607.99,-39.9
2026-01-19,EG849029255,WALLET,GW-NILE,Captured,32,13222.56,EGP,348.54,163.68,184.86
2025-09-07,EG165675111,CARD,GW-ATLAS,Failed,1,1972.99,EGP,0.0,1.02,-1.02
2026-03-29,EG249264164,CARD,GW-ATLAS,Success,14,13203.5,EGP,382.69,245.96,136.73
2025-03-06,EG926950694,CARD,GW-ATLAS,Success,466,537204.6,EGP,8936.47,9535.83,-599.36
2024-10-08,AE878919871,TOKEN,GW-NIMBUS,Failed,1,220.41,AED,0.0,0.06,-0.06
2025-07-11,SA196173797,TOKEN,GW-ORION,Success,4,307.54,SAR,8.45,4.98,3.47
2025-07-15,AE125858239,BNPL,GW-ATLAS,Success,8,1886.81,AED,79.91,65.8,14.11
2025-06-14,EG761087060,CARD,GW-NILE,Success,80,110337.25,EGP,2921.32,1552.07,1369.25
2025-04-12,OM107384993,TOKEN,GW-ATLAS,Success,8,142.87,OMR,2.59,2.39,0.2
2024-07-30,EG344164016,LDEBIT,GW-NILE,Failed,1,319.8,EGP,0.0,0.38,-0.38
2026-03-08,EG599017636,CARD,GW-ATLAS,Success,2,2058.48,EGP,60.63,37.65,22.98
2025-02-02,EG357144481,CARD,GW-NILE,Success,3,1016.0,EGP,39.07,20.15,18.92
2026-05-03,EG235283002,CARD,GW-NILE,Failed,16,44095.63,EGP,0.0,6.6,-6.6
2026-01-30,SA819868069,LDEBIT,GW-NIMBUS,Success,155,20396.06,SAR,211.02,117.94,93.08
2025-09-05,SA765577175,LDEBIT,GW-NIMBUS,Success,64,5324.36,SAR,43.73,34.76,8.97
2025-12-16,OM978131111,LDEBIT,GW-NIMBUS,Success,6,55.96,OMR,0.79,0.36,0.43
2026-04-25,SA734980407,BNPL,GW-ATLAS,Success,108,6561.66,SAR,171.52,234.87,-63.35
2026-04-06,SA700672253,TOKEN,GW-ORION,Failed,12,518.75,SAR,0.0,0.54,-0.54
2025-06-10,SA722880043,CARD,GW-NIMBUS,Success,7,9193.27,SAR,209.01,125.82,83.19
2025-04-14,EG537339465,TOKEN,GW-ATLAS,Failed,16,6727.18,EGP,0.0,15.91,-15.91
2024-08-05,EG981274071,BNPL,GW-ATLAS,Refunded,1,486.94,EGP,0.0,7.27,-7.27
2026-02-22,EG934737958,WALLET,GW-NILE,Success,24,6910.17,EGP,186.5,99.07,87.43
2026-06-02,EG100648072,CARD,GW-ATLAS,Success,3,6455.77,EGP,175.08,105.54,69.54
2025-10-03,SA912413819,CARD,GW-ORION,Voided,3,100.34,SAR,0.0,0.14,-0.14
2026-05-23,EG420159724,LDEBIT,GW-NILE,Success,7,22369.71,EGP,285.33,103.23,182.1
2024-12-13,EG934454177,WALLET,GW-NILE,Success,91,122903.46,EGP,1866.5,1151.66,714.84
2025-09-19,SA886598559,TOKEN,GW-ORION,Failed,3,493.46,SAR,0.0,0.14,-0.14
2024-11-05,EG643904514,BNPL,GW-ATLAS,Failed,4,1608.32,EGP,0.0,3.9,-3.9
2025-03-20,EG981274071,WALLET,GW-NILE,Refunded,4,1848.36,EGP,0.0,29.64,-29.64
2025-04-17,EG531121056,WALLET,GW-NILE,REFUNDED,1,1438.2,EGP,0.0,7.46,-7.46
2026-05-21,EG614561530,CARD,GW-ATLAS,Failed,4,1878.19,EGP,0.0,4.12,-4.12
2025-09-27,EG181564804,LDEBIT,GW-NILE,Failed,203,101345.58,EGP,0.0,82.72,-82.72
2025-10-05,EG237932689,BNPL,GW-NILE,Success,1,193.76,EGP,8.85,5.98,2.87
2026-04-17,EG930327972,CARD,GW-NILE,Success,1,4272.98,EGP,110.76,54.64,56.12
2025-02-24,AE878919871,BNPL,GW-ATLAS,Success,21,4680.74,AED,197.76,163.31,34.45
2025-08-02,EG728358410,CARD,GW-NILE,Failed,5,7895.36,EGP,0.0,1.98,-1.98
2025-01-10,EG728358410,BNPL,GW-NILE,Success,4,4149.21,EGP,169.79,121.07,48.72
2025-12-13,SA315873581,CARD,GW-ORION,Voided,1,40.67,SAR,0.0,0.04,-0.04
2025-05-25,SA487858809,CARD,GW-ATLAS,Failed,3,136.99,SAR,0.0,0.22,-0.22
2026-02-08,EG707758852,WALLET,GW-NILE,Success,5,2739.69,EGP,63.27,31.17,32.1
2026-01-30,AE744794983,CARD,GW-ORION,Voided,2,305.49,AED,0.0,0.09,-0.09
2025-10-24,SA267227056,CARD,GW-ORION,Success,421,122934.17,SAR,2197.4,1669.95,527.45
2025-12-11,EG219821138,CARD,GW-NILE,Failed,2,847.7,EGP,0.0,0.81,-0.81
2024-07-26,EG874835199,LDEBIT,GW-NILE,Voided,1,237.11,EGP,0.0,0.38,-0.38
2025-04-30,AE381359654,TOKEN,GW-ORION,Success,19,896.73,AED,29.42,16.08,13.34
2026-05-07,SA886598559,LDEBIT,GW-NIMBUS,VOIDED,1,164.49,SAR,0.0,0.06,-0.06
2025-01-13,EG944244262,BANKTR,GW-NILE,Success,3,73098.13,EGP,228.41,80.38,148.03
2026-06-24,EG344164016,CARD,GW-ATLAS,Success,65,20675.99,EGP,829.71,548.87,280.84
2026-04-19,SA435110503,BANKTR,GW-NIMBUS,Failed,3,1097.1,SAR,0.0,0.17,-0.17
2024-09-10,EG874835199,CARD,GW-ATLAS,Success,79,18238.98,EGP,837.15,547.93,289.22
2024-08-31,EG105351460,CARD,GW-NILE,Failed,1,1058.85,EGP,0.0,0.39,-0.39
2024-09-26,EG373213017,CARD,GW-ATLAS,Refunded,4,5429.53,EGP,0.0,28.94,-28.94
2025-06-15,AE439650362,CARD,GW-ORION,Failed,3,228.47,AED,0.0,0.13,-0.13
2025-04-07,SA502327003,CARD,GW-ORION,Success,8,1419.07,SAR,37.59,19.98,17.61
2026-06-06,AE285502973,TOKEN,GW-ATLAS,Refunded,2,309.25,AED,0.0,1.1,-1.1
2025-02-04,SA307616362,CARD,GW-ORION,Refunded,7,446.97,SAR,0.0,3.94,-3.94
2025-10-31,AE345303542,CARD,GW-ATLAS,Voided,1,46.18,AED,0.0,0.07,-0.07
2025-07-31,EG217500923,WALLET,GW-NILE,Declined,2,1220.21,EGP,0.0,0.8,-0.8
2025-03-06,SA124881724,LDEBIT,GW-NIMBUS,Voided,1,116.57,SAR,0.0,0.06,-0.06
2026-02-23,SA828250977,CARD,GW-NIMBUS,Success,2,1135.81,SAR,28.31,15.82,12.49
2026-01-11,OM780225802,CARD,GW-NIMBUS,Failed,4,19.85,OMR,0.0,0.02,-0.02
2026-01-26,EG707758852,LDEBIT,GW-NILE,Success,4,1958.41,EGP,32.41,15.0,17.41
2026-04-27,AE755938199,CARD,GW-NIMBUS,Failed,3,3558.99,AED,0.0,0.17,-0.17
2026-01-03,SA419800769,CARD,GW-ORION,Refunded,1,77.13,SAR,0.0,0.56,-0.56
2025-09-02,EG249264164,WALLET,GW-NILE,Success,4,4494.53,EGP,94.35,43.54,50.81
2024-12-05,EG259754316,WALLET,GW-NILE,Failed,4,1482.46,EGP,0.0,1.57,-1.57
2025-05-03,EG474518016,BNPL,GW-ATLAS,Success,25,34806.2,EGP,1524.51,1227.81,296.7
2025-10-09,OM107384993,CARD,GW-NIMBUS,Success,29,595.99,OMR,10.47,8.77,1.7
2025-07-20,EG486344028,TOKEN,GW-ATLAS,Success,31,9613.54,EGP,383.42,260.49,122.93
2026-05-10,SA987666099,CARD,GW-ATLAS,Failed,30,3022.63,SAR,0.0,2.25,-2.25
2025-10-31,SA732202482,LDEBIT,GW-NIMBUS,Success,22,1480.5,SAR,19.89,10.37,9.52
2025-02-15,AE808885338,CARD,GW-ORION,Failed,1,213.84,AED,0.0,0.04,-0.04
2025-02-09,SA479684490,CARD,GW-ORION,Success,21,1045.34,SAR,31.06,18.09,12.97
2025-06-17,SA295911590,CARD,GW-ORION,Failed,2,364.14,SAR,0.0,0.09,-0.09
2025-12-21,AE782539735,CARD,GW-NIMBUS,Failed,30,1256.24,AED,0.0,1.65,-1.65
2026-02-28,EG686030808,LDEBIT,GW-NILE,Voided,4,3366.14,EGP,0.0,1.64,-1.64
2024-07-19,AE875103901,BNPL,GW-ATLAS,Failed,2,100.45,AED,0.0,0.15,-0.15
2026-06-28,SA434781636,CARD,GW-NIMBUS,Success,9,1378.8,SAR,37.83,20.81,17.02
2025-02-04,EG839904793,TOKEN,GW-NILE,Captured,6,2298.22,EGP,90.76,44.56,46.2
2024-09-26,EG191889591,CARD,GW-ATLAS,Success,33,43919.31,EGP,1158.35,758.14,400.21
2025-11-20,AE520409719,CARD,GW-NIMBUS,Success,45,10979.61,AED,251.82,158.97,92.85
2026-04-13,SA710370541,TOKEN,GW-ORION,Voided,1,627.54,SAR,0.0,0.04,-0.04
2026-06-02,AE125858239,TOKEN,GW-ORION,Success,14,3136.92,AED,73.06,44.78,28.28
2025-12-19,EG783358166,TOKEN,GW-ATLAS,Success,27,8889.75,EGP,358.38,236.12,122.26
2026-04-01,AE107661633,TOKEN,GW-ORION,Success,10,1388.28,AED,37.63,20.65,16.98
2026-04-04,EG219821138,CARD,GW-NILE,Success,22,9490.17,EGP,322.14,175.13,147.01
2025-11-16,SA580727871,TOKEN,GW-ORION,Success,8,505.45,SAR,8.73,8.51,0.22
2025-12-05,EG373213017,TOKEN,GW-NILE,Voided,2,2618.39,EGP,0.0,0.81,-0.81
2024-09-26,SA847623511,LDEBIT,GW-NIMBUS,Success,13,1267.53,SAR,17.44,7.9,9.54
2025-10-22,EG926950694,LDEBIT,GW-NILE,Success,185,220857.65,EGP,1799.58,1220.46,579.12
2025-01-20,EG373213017,CARD,GW-ATLAS,Refunded,1,2007.84,EGP,0.0,7.35,-7.35
2025-05-14,OM667112904,LDEBIT,GW-NIMBUS,Failed,2,6.06,OMR,0.0,0.01,-0.01
2025-04-28,EG920470377,CARD,GW-NILE,Failed,2,2858.97,EGP,0.0,0.8,-0.8
2025-10-31,EG676342880,LDEBIT,GW-NILE,Success,45,40055.72,EGP,592.73,241.52,351.21
2025-09-21,EG181564804,WALLET,GW-NILE,Voided,111,55415.56,EGP,0.0,45.23,-45.23
2025-06-24,EG420159724,LDEBIT,GW-NILE,Success,4,9841.81,EGP,127.69,46.84,80.85
2025-09-18,SA358724361,CARD,GW-ORION,DECLINED,3,128.08,SAR,0.0,0.14,-0.14
2025-10-21,AE744794983,CARD,GW-ORION,Failed,26,3971.41,AED,0.0,1.15,-1.15
2025-05-31,SA512016562,TOKEN,GW-NIMBUS,Success,35,1341.82,SAR,46.5,27.32,19.18
2024-08-20,EG981274071,TOKEN,GW-NILE,Failed,7,2842.05,EGP,0.0,2.71,-2.71
2026-04-15,OM371938797,LDEBIT,GW-NIMBUS,Voided,2,15.39,OMR,0.0,0.01,-0.01
2024-09-02,EG509980512,WALLET,GW-NILE,Success,15,5577.45,EGP,141.98,70.5,71.48
2025-12-15,EG724883181,LDEBIT,GW-NILE,Success,11,3984.7,EGP,71.39,35.74,35.65
2025-11-27,SA710370541,CARD,GW-ORION,Refunded,11,7912.49,SAR,0.0,6.19,-6.19
2026-03-19,SA147303844,CARD,GW-ORION,Captured,41,6950.13,SAR,182.39,98.25,84.14
2025-10-24,SA189353734,TOKEN,GW-ORION,Refunded,2,66.19,SAR,0.0,1.12,-1.12
2026-04-15,OM107384993,CARD,GW-NIMBUS,Success,32,560.89,OMR,9.98,8.37,1.61
2025-03-23,SA508515348,CARD,GW-ORION,Voided,2,369.37,SAR,0.0,0.09,-0.09
2025-07-25,OM817062602,LDEBIT,GW-NIMBUS,Success,47,614.18,OMR,4.51,3.58,0.93
2024-12-29,SA315873581,CARD,GW-ORION,Refunded,2,105.42,SAR,0.0,1.12,-1.12
2026-01-02,AE366451684,TOKEN,GW-NIMBUS,Success,3,302.71,AED,8.83,4.95,3.88
2026-01-20,EG704053078,TOKEN,GW-NILE,Success,17,68808.9,EGP,1175.85,912.51,263.34
2025-02-06,SA772263667,LDEBIT,GW-NIMBUS,Success,7,362.64,SAR,5.48,2.81,2.67
2025-08-03,EG926950694,WALLET,GW-NILE,REVERSED,1,1184.09,EGP,0.0,0.4,-0.4
2025-04-18,EG629727686,WALLET,GW-NILE,Failed,3,1039.1,EGP,0.0,1.19,-1.19
2025-01-08,AE346681166,CARD,GW-NIMBUS,CAPTURED,181,26810.62,AED,659.26,405.15,254.11
2025-05-03,EG897740135,TOKEN,GW-NILE,Success,13,4135.04,EGP,157.59,86.42,71.17
2026-04-10,EG327327982,WALLET,GW-NILE,Success,14,4423.35,EGP,124.11,60.97,63.14
2025-12-12,EG161643120,CARD,GW-NILE,Success,6,5837.42,EGP,168.49,87.11,81.38
2025-01-27,SA295911590,CARD,GW-ORION,Refunded,2,272.7,SAR,0.0,1.12,-1.12
2026-02-21,SA268987858,TOKEN,GW-ORION,Success,1,65.54,SAR,1.94,1.09,0.85
2025-07-29,EG215045135,TOKEN,GW-ATLAS,Success,5,53886.33,EGP,861.93,833.33,28.6
2026-05-21,EG110254241,CARD,GW-ATLAS,Failed,1,975.3,EGP,0.0,1.03,-1.03
2025-04-14,SA860742247,TOKEN,GW-ATLAS,Refunded,6,1046.7,SAR,0.0,3.37,-3.37
2025-10-03,EG750576392,TOKEN,GW-NILE,Success,2,1213.34,EGP,40.98,20.62,20.36
2026-05-06,AE172124002,LDEBIT,GW-NIMBUS,Voided,1,128.8,AED,0.0,0.06,-0.06
2026-06-21,EG193916126,WALLET,GW-NILE,Success,7,1983.05,EGP,58.19,28.66,29.53
2025-05-08,OM761036673,TOKEN,GW-ATLAS,Failed,14,54.44,OMR,0.0,0.11,-0.11
2026-05-16,OM441483176,CARD,GW-ATLAS,REFUNDED,1,27.61,OMR,0.0,0.06,-0.06
2026-05-23,OM434589390,TOKEN,GW-ATLAS,Success,17,291.33,OMR,7.3,4.89,2.41
2024-09-19,SA320986752,CARD,GW-NIMBUS,Success,289,246460.76,SAR,4009.08,3397.66,611.42
2025-04-23,SA416884588,BNPL,GW-ATLAS,Failed,4,827.41,SAR,0.0,0.3,-0.3
2024-11-06,EG275709942,CARD,GW-NILE,Success,167,247191.58,EGP,3891.71,3435.3,456.41
2025-01-04,OM526413827,CARD,GW-NIMBUS,Approved,3,26.79,OMR,0.72,0.44,0.28
2026-06-27,AE572051786,LDEBIT,GW-NIMBUS,Voided,1,42.99,AED,0.0,0.06,-0.06
2025-09-28,SA914955375,TOKEN,GW-NIMBUS,Success,2,628.28,SAR,14.8,9.28,5.52
2026-06-13,SA779172798,LDEBIT,GW-NIMBUS,Success,22,3151.98,SAR,39.58,17.9,21.68
2026-05-11,EG998632198,TOKEN,GW-NILE,Voided,1,1631.23,EGP,0.0,0.41,-0.41
2025-08-08,AE381359654,LDEBIT,GW-NIMBUS,Voided,1,44.1,AED,0.0,0.06,-0.06
2025-12-08,SA502327003,BNPL,GW-ATLAS,Failed,2,360.28,SAR,0.0,0.15,-0.15
2026-03-08,OM494744219,CARD,GW-ATLAS,ERROR,1,49.33,OMR,0.0,0.01,-0.01
2025-10-23,AE389283318,LDEBIT,GW-NIMBUS,Voided,5,473.5,AED,0.0,0.28,-0.28
2025-09-06,EG839115780,CARD,GW-ATLAS,Failed,2,10219.52,EGP,0.0,2.04,-2.04
2026-05-25,AE195822932,TOKEN,GW-NIMBUS,Success,13,1801.62,AED,47.11,28.33,18.78
2025-12-23,SA220762380,BANKTR,GW-NIMBUS,Voided,9,1025.07,SAR,0.0,0.51,-0.51
2026-06-26,EG903275069,BNPL,GW-NILE,VOID,3,1584.51,EGP,0.0,1.23,-1.23
2026-04-29,SA358724361,LDEBIT,GW-NIMBUS,Success,4,145.39,SAR,2.55,1.33,1.22
2026-05-25,OM688926128,CARD,GW-NIMBUS,Refunded,1,9.85,OMR,0.0,0.06,-0.06
2025-12-20,EG686030808,CARD,GW-NILE,Voided,9,7514.34,EGP,0.0,3.67,-3.67
2025-08-18,EG989134753,CARD,GW-NILE,Refunded,8,57398.06,EGP,0.0,59.35,-59.35
2026-03-12,EG537272220,CARD,GW-ATLAS,Failed,1,1700.39,EGP,0.0,1.03,-1.03
2025-09-17,SA640104269,TOKEN,GW-ORION,Success,2,3902.79,SAR,65.37,52.35,13.02
2025-05-16,EG988355477,LDEBIT,GW-NILE,Success,3,7182.85,EGP,91.89,34.32,57.57
2025-06-04,SA474123129,LDEBIT,GW-NIMBUS,Failed,6,361.9,SAR,0.0,0.34,-0.34
2026-02-08,AE521533668,TOKEN,GW-ATLAS,Success,1,149.48,AED,3.98,2.53,1.45
2025-05-17,AE603567666,BNPL,GW-ATLAS,Failed,1,164.22,AED,0.0,0.07,-0.07
2025-10-17,SA705652485,TOKEN,GW-NIMBUS,Success,131,16463.6,SAR,354.76,262.42,92.34
2026-04-27,EG873952802,LDEBIT,GW-NILE,Success,50,64156.76,EGP,569.04,349.63,219.41
2025-03-18,SA660258875,TOKEN,GW-NIMBUS,Success,6,1203.62,SAR,31.71,18.31,13.4
2025-04-11,AE738504243,CARD,GW-ATLAS,Success,5,1033.86,AED,25.89,16.43,9.46
2024-11-13,EG518450463,LDEBIT,GW-NILE,Success,1,428.86,EGP,7.59,3.44,4.15
2026-06-22,SA315873581,CARD,GW-ORION,Voided,2,81.33,SAR,0.0,0.09,-0.09
2025-01-18,SA466668047,BNPL,GW-ATLAS,Refunded,1,46.97,SAR,0.0,0.56,-0.56
2025-12-24,EG554455116,CARD,GW-NILE,Failed,1,9858.58,EGP,0.0,0.41,-0.41
2026-02-20,SA705652485,TOKEN,GW-NIMBUS,Success,197,23652.86,SAR,512.06,379.16,132.9
2024-10-15,AE125858239,CARD,GW-ORION,Success,64,15149.93,AED,344.23,208.21,136.02
2025-10-10,EG509980512,TOKEN,GW-NILE,Captured,9,3439.11,EGP,128.67,67.35,61.32
2026-01-03,SA729864911,LDEBIT,GW-NIMBUS,Success,5,2034.23,SAR,24.76,10.0,14.76
2025-07-27,SA775621648,CARD,GW-ATLAS,Failed,1,43.38,SAR,0.0,0.08,-0.08
2024-10-13,SA819868069,CARD,GW-NIMBUS,Success,233,31246.19,SAR,658.46,478.62,179.84
2024-11-19,EG987489356,CARD,GW-ATLAS,Success,1904,552617.65,EGP,21979.49,14932.79,7046.7
2025-07-24,EG235283002,CARD,GW-NILE,Failed,20,53658.03,EGP,0.0,8.03,-8.03
2025-12-14,AE798073466,TOKEN,GW-ORION,Failed,1,257.46,AED,0.0,0.04,-0.04
2025-03-25,OM214883127,TOKEN,GW-NIMBUS,SUCCESS,4,19.64,OMR,0.65,0.37,0.28
2025-11-21,AE642488904,CARD,GW-ATLAS,Voided,1,1379.75,AED,0.0,0.07,-0.07
2026-03-28,OM805525842,CARD,GW-ATLAS,Failed,25,358.34,OMR,0.0,0.19,-0.19
2025-07-27,EG981274071,CARD,GW-ATLAS,Refunded,7,2962.66,EGP,0.0,52.7,-52.7
2025-10-12,EG518450463,LDEBIT,GW-NILE,Success,1,621.36,EGP,9.91,4.28,5.63
2026-02-14,AE239330460,CARD,GW-ORION,Voided,1,58.0,AED,0.0,0.04,-0.04
2024-11-13,EG873952802,LDEBIT,GW-NILE,Voided,1,1274.33,EGP,0.0,0.39,-0.39
2025-06-24,SA887092113,BNPL,GW-ATLAS,Success,4,503.03,SAR,23.6,17.68,5.92
2026-05-18,EG943952192,CARD,GW-ATLAS,Voided,1,6009.49,EGP,0.0,1.03,-1.03
2026-05-15,AE221142304,CARD,GW-ATLAS,Failed,3,173.35,AED,0.0,0.22,-0.22
2025-12-19,AE345303542,CARD,GW-ATLAS,Failed,3,138.55,AED,0.0,0.22,-0.22
2024-09-07,EG331354329,WALLET,GW-NILE,Success,123,43142.83,EGP,808.11,557.12,250.99
2025-01-10,SA196173797,CARD,GW-ORION,Failed,2,172.01,SAR,0.0,0.09,-0.09
2026-04-07,EG389262771,CARD,GW-NILE,Voided,1,391.12,EGP,0.0,0.41,-0.41
2026-06-09,EG537155658,CARD,GW-NILE,Failed,36,8337.21,EGP,0.0,14.81,-14.81
2025-03-19,EG327394766,CARD,GW-ATLAS,Voided,1,1550.89,EGP,0.0,0.99,-0.99
2026-06-26,AE878919871,TOKEN,GW-NIMBUS,Refunded,4,549.29,AED,0.0,2.2,-2.2
2025-03-25,EG105351460,TOKEN,GW-NILE,Success,1,1009.35,EGP,28.16,15.34,12.82
2025-02-17,AE647447711,CARD,GW-NIMBUS,Failed,2,251.74,AED,0.0,0.11,-0.11
2025-08-01,AE618504164,CARD,GW-ATLAS,Success,61,3293.73,AED,102.11,64.6,37.51
2026-03-24,EG511253320,TOKEN,GW-ATLAS,Failed,1,338.54,EGP,0.0,1.03,-1.03
2024-12-27,SA944601083,LDEBIT,GW-NIMBUS,Voided,1,335.24,SAR,0.0,0.06,-0.06
2025-02-25,EG623813968,WALLET,GW-NILE,Failed,1,2149.15,EGP,0.0,0.39,-0.39
2026-06-23,EG537339465,CARD,GW-ATLAS,Success,741,317755.83,EGP,7930.04,7453.38,476.66
2024-11-03,EG134531316,LDEBIT,GW-NILE,Success,4,8048.64,EGP,101.76,39.43,62.33
2024-11-07,EG728979434,WALLET,GW-NILE,Success,1,2700.65,EGP,53.06,23.58,29.48
2026-03-18,EG645057217,LDEBIT,GW-NILE,Success,4,4148.7,EGP,58.32,24.03,34.29
2024-12-13,SA189353734,CARD,GW-ORION,Success,67,2697.41,SAR,85.22,49.53,35.69
2025-09-11,EG967183698,LDEBIT,GW-NILE,REFUNDED,12,3133.87,EGP,0.0,91.68,-91.68
2025-03-02,SA623969133,LDEBIT,GW-NIMBUS,Success,2,421.0,SAR,5.2,2.23,2.97
2026-01-04,EG344164016,WALLET,GW-NILE,Success,17,6299.81,EGP,162.19,81.09,81.1
2024-07-14,EG676342880,LDEBIT,GW-NILE,Success,37,31709.0,EGP,468.47,190.7,277.77
2025-12-10,EG537339465,CARD,GW-ATLAS,Success,752,321528.42,EGP,8003.45,7520.55,482.9
2025-02-23,SA765577175,CARD,GW-ORION,Failed,19,1597.99,SAR,0.0,0.86,-0.86
2025-11-24,EG403388419,BNPL,GW-NILE,SUCCESS,14,27453.25,EGP,1212.34,796.36,415.98
2024-10-27,OM141192539,LDEBIT,GW-NIMBUS,Success,16,267.27,OMR,3.1,1.48,1.62
2024-09-02,SA972748866,BNPL,GW-ATLAS,Voided,3,391.17,SAR,0.0,0.22,-0.22
2025-04-29,AE603567666,CARD,GW-ATLAS,Failed,2,328.43,AED,0.0,0.15,-0.15
2024-08-24,EG624580946,CARD,GW-NILE,Refunded,7,1496.53,EGP,0.0,50.86,-50.86
2026-01-05,AE861319254,CARD,GW-ATLAS,Failed,1,207.73,AED,0.0,0.07,-0.07
2024-12-25,SA112481566,CARD,GW-ORION,Refunded,1,87.64,SAR,0.0,0.56,-0.56
2025-01-10,SA268987858,BNPL,GW-ATLAS,Success,1,65.53,SAR,3.06,2.34,0.72
2025-12-28,OM869421466,BANKTR,GW-NIMBUS,Success,2,1597.5,OMR,3.74,1.08,2.66
2025-02-24,EG191889591,TOKEN,GW-NILE,Success,7,8632.71,EGP,235.06,126.98,108.08
2025-08-10,SA320986752,TOKEN,GW-ORION,Voided,1,861.05,SAR,0.0,0.04,-0.04
2026-05-23,EG645057217,TOKEN,GW-ATLAS,Success,5,6772.75,EGP,189.54,121.48,68.06
2026-02-18,AE368709978,TOKEN,GW-ORION,Success,10,544.11,AED,16.91,9.42,7.49
2026-01-30,EG903275069,LDEBIT,GW-NILE,Failed,3,1556.18,EGP,0.0,1.21,-1.21
2025-08-18,AE132301545,CARD,GW-NIMBUS,Failed,1,181.25,AED,0.0,0.06,-0.06
2026-03-09,EG783358166,LDEBIT,GW-NILE,FAILED,5,1468.67,EGP,0.0,2.06,-2.06
2026-02-02,AE681860470,LDEBIT,GW-NIMBUS,Failed,1,83.31,AED,0.0,0.06,-0.06
2026-03-11,SA508515348,LDEBIT,GW-NIMBUS,Failed,3,554.06,SAR,0.0,0.17,-0.17
2025-12-02,EG676342880,WALLET,GW-NILE,Failed,10,8643.67,EGP,0.0,4.07,-4.07
2025-07-04,EG357144481,WALLET,GW-NILE,Failed,1,367.63,EGP,0.0,0.4,-0.4
2026-02-21,AE595956042,CARD,GW-ORION,Voided,1,284.37,AED,0.0,0.04,-0.04
2026-02-19,AE551105480,CARD,GW-NIMBUS,Voided,1,311.28,AED,0.0,0.06,-0.06
2024-08-02,SA268987858,CARD,GW-ORION,Success,2,124.23,SAR,3.65,2.04,1.61
2025-01-23,AE123781768,LDEBIT,GW-NIMBUS,Failed,13,647.3,AED,0.0,0.72,-0.72
2024-12-15,EG874835199,CARD,GW-ATLAS,Failed,8,1933.68,EGP,0.0,7.84,-7.84
2024-11-26,EG988355477,CARD,GW-ATLAS,Success,1,1889.81,EGP,50.29,31.16,19.13
2026-03-25,SA988802623,LDEBIT,GW-NIMBUS,Success,15,3888.4,SAR,47.18,20.03,27.15
2025-08-29,EG373280861,WALLET,GW-NILE,Success,1,336.54,EGP,8.55,4.46,4.09
2025-09-19,EG724883181,WALLET,GW-NILE,Failed,4,1419.33,EGP,0.0,1.63,-1.63
2024-11-16,SA420885285,CARD,GW-NIMBUS,Failed,1,127.21,SAR,0.0,0.06,-0.06
2026-01-17,SA247806531,TOKEN,GW-ATLAS,Failed,1,51.25,SAR,0.0,0.08,-0.08
2025-12-02,EG696983188,CARD,GW-ATLAS,Success,337,114604.77,EGP,4471.5,2940.36,1531.14
2026-05-13,EG770407516,TOKEN,GW-ATLAS,Success,201,59467.99,EGP,2415.92,1665.99,749.93
2025-03-06,OM362279591,CARD,GW-NIMBUS,Success,1,108.11,OMR,2.45,1.48,0.97
2026-01-28,OM688926128,LDEBIT,GW-NIMBUS,Success,92,957.63,OMR,9.28,5.9,3.38
2024-12-10,EG361515615,CARD,GW-ATLAS,Refunded,1,668.32,EGP,0.0,7.35,-7.35
2025-12-22,SA397646855,LDEBIT,GW-NIMBUS,Success,107,5712.07,SAR,54.32,43.76,10.56
2025-12-10,EG934737958,LDEBIT,GW-NILE,Success,13,3876.25,EGP,75.92,38.86,37.06
2026-06-25,SA592705693,BNPL,GW-ATLAS,Success,3,2182.06,SAR,98.32,75.64,22.68
2025-10-10,SA753222305,LDEBIT,GW-NIMBUS,Success,4,790.43,SAR,9.68,4.23,5.45
2025-07-05,SA773581532,CARD,GW-ORION,Success,13,10359.92,SAR,232.69,135.71,96.98
2025-11-14,EG624580946,WALLET,GW-NILE,Success,108,23025.11,EGP,690.85,379.18,311.67
2026-05-07,SA605409640,LDEBIT,GW-NIMBUS,Success,7,869.78,SAR,10.89,5.1,5.79
2025-10-07,EG832002580,CARD,GW-NILE,Success,4,19837.21,EGP,480.36,251.7,228.66
2025-11-05,SA860742247,TOKEN,GW-ATLAS,VOID,8,1562.83,SAR,0.0,0.6,-0.6
2026-02-26,EG744743048,TOKEN,GW-NILE,Success,41,51447.64,EGP,1457.96,759.73,698.23
2025-12-25,SA211354199,LDEBIT,GW-NIMBUS,Failed,2,381.08,SAR,0.0,0.11,-0.11
2025-08-03,EG450716760,WALLET,GW-NILE,Success,3,7569.67,EGP,144.42,66.51,77.91
2026-04-16,SA256650029,TOKEN,GW-NIMBUS,REFUNDED,5,709.33,SAR,0.0,2.81,-2.81
2026-06-15,AE426640224,BNPL,GW-ATLAS,VOIDED,1,77.81,AED,0.0,0.07,-0.07
2025-05-11,SA887092113,CARD,GW-ORION,Failed,2,238.1,SAR,0.0,0.09,-0.09
2025-12-01,SA247609412,TOKEN,GW-ORION,Failed,5,262.51,SAR,0.0,0.22,-0.22
2025-12-19,EG967183698,LDEBIT,GW-NILE,Voided,11,3891.75,EGP,0.0,4.48,-4.48
2026-04-18,AE229934676,BANKTR,GW-NIMBUS,Refunded,3,696.1,AED,0.0,1.65,-1.65
2026-04-15,EG134531316,TOKEN,GW-NILE,Refunded,1,1357.17,EGP,0.0,7.7,-7.7
2026-02-12,EG799575469,TOKEN,GW-NILE,Success,9,3217.02,EGP,126.25,65.01,61.24
2024-07-10,AE307567415,CARD,GW-NIMBUS,Failed,57,10389.97,AED,0.0,3.14,-3.14
2025-10-24,SA860742247,TOKEN,GW-ATLAS,Refunded,8,2526.2,SAR,0.0,4.5,-4.5
2024-07-27,EG229215706,CARD,GW-NILE,Failed,1,423.84,EGP,0.0,0.38,-0.38
2026-06-20,OM761036673,CARD,GW-NIMBUS,DECLINED,109,423.85,OMR,0.0,0.63,-0.63
2024-11-11,EG873952802,TOKEN,GW-NILE,Refunded,9,11650.14,EGP,0.0,65.88,-65.88
2024-09-04,EG331354329,WALLET,GW-NILE,Failed,30,10532.5,EGP,0.0,11.58,-11.58
2024-08-10,EG934737958,CARD,GW-ATLAS,Success,41,10310.81,EGP,431.64,297.31,134.33
2025-07-31,EG783358166,LDEBIT,GW-NILE,Failed,3,857.2,EGP,0.0,1.2,-1.2
2025-06-27,SA674924548,CARD,GW-ORION,Failed,7,381.66,SAR,0.0,0.32,-0.32
2025-03-09,EG217500923,TOKEN,GW-ATLAS,Success,8,5238.23,EGP,154.97,108.44,46.53
2025-05-07,SA512016562,LDEBIT,GW-NIMBUS,REVERSED,2,75.17,SAR,0.0,0.11,-0.11
2026-06-07,AE787062785,TOKEN,GW-ORION,Voided,1,146.98,AED,0.0,0.04,-0.04
2026-04-09,AE987618927,CARD,GW-ORION,Failed,37,1533.91,AED,0.0,1.63,-1.63
2026-05-28,AE878919871,CARD,GW-ORION,Success,113,24580.06,AED,560.63,339.81,220.82
2025-07-19,EG775891339,WALLET,GW-NILE,Failed,1,1109.89,EGP,0.0,0.4,-0.4
2025-04-15,EG509980512,BNPL,GW-ATLAS,Failed,2,678.29,EGP,0.0,1.99,-1.99
2024-12-01,OM107384993,CARD,GW-NIMBUS,Success,39,770.24,OMR,13.57,11.37,2.2
2025-12-20,EG542845011,LDEBIT,GW-NILE,Captured,1,1351.98,EGP,18.98,7.26,11.72
2024-10-03,SA851607798,TOKEN,GW-ORION,Approved,22,1295.8,SAR,23.08,22.14,0.94
2026-06-13,EG474518016,CARD,GW-NILE,Failed,6,8622.04,EGP,0.0,2.47,-2.47
2026-05-17,AE987618927,CARD,GW-ORION,Success,250,10334.36,AED,318.76,187.11,131.65
2025-02-22,EG903275069,TOKEN,GW-ATLAS,Failed,5,2519.15,EGP,0.0,4.91,-4.91
2025-04-30,AE878919871,BNPL,GW-ATLAS,Failed,8,1763.27,AED,0.0,0.59,-0.59
2025-11-16,EG259754316,WALLET,GW-NILE,Failed,3,1156.05,EGP,0.0,1.22,-1.22
2025-11-20,EG611254298,WALLET,GW-NILE,Success,10,3871.95,EGP,96.38,49.2,47.18
2026-02-15,EG220900048,TOKEN,GW-NILE,CAPTURED,1,741.79,EGP,21.03,12.07,8.96
2025-06-20,SA815162718,LDEBIT,GW-NIMBUS,Success,3,540.76,SAR,7.08,2.94,4.14
2025-05-03,SA605999505,CARD,GW-ATLAS,Failed,46,9846.93,SAR,0.0,3.45,-3.45
2025-11-20,SA550486234,LDEBIT,GW-NIMBUS,Refunded,2,244.97,SAR,0.0,1.12,-1.12
2026-03-17,AE755836575,TOKEN,GW-ORION,Success,5,726.35,AED,18.44,10.75,7.69
2026-01-03,EG219821138,CARD,GW-NILE,Failed,2,841.28,EGP,0.0,0.81,-0.81
2026-01-04,EG989134753,TOKEN,GW-ATLAS,Success,11,85187.94,EGP,1462.65,1329.16,133.49
2025-01-23,EG987146982,BANKTR,GW-NILE,Success,278,208097.1,EGP,6146.47,4494.1,1652.37
2025-09-17,OM936304206,CARD,GW-ATLAS,Failed,3,59.35,OMR,0.0,0.02,-0.02
2025-05-21,OM954248664,TOKEN,GW-ATLAS,Success,4,29.33,OMR,0.82,0.56,0.26
2025-04-08,EG165126097,CARD,GW-ATLAS,Failed,1,1134.46,EGP,0.0,0.99,-0.99
2025-10-26,SA764037736,LDEBIT,GW-NIMBUS,Voided,2,443.61,SAR,0.0,0.11,-0.11
2025-09-11,AE208762198,CARD,GW-NIMBUS,Refunded,2,577.09,AED,0.0,1.1,-1.1
2025-03-04,EG761087060,CARD,GW-NILE,Voided,1,1416.16,EGP,0.0,0.4,-0.4
2025-02-05,EG373213017,WALLET,GW-NILE,Failed,4,5047.82,EGP,0.0,1.57,-1.57
2025-12-29,SA860742247,CARD,GW-NIMBUS,Success,1877,368532.82,SAR,6384.89,5432.71,952.18
2026-04-19,SA577673991,LDEBIT,GW-NIMBUS,Success,4,546.74,SAR,7.31,3.14,4.17
2026-05-08,AE538589512,TOKEN,GW-ATLAS,Success,3,669.59,AED,17.33,10.94,6.39
2025-02-12,SA987666099,CARD,GW-ATLAS,Voided,4,403.02,SAR,0.0,0.3,-0.3
2026-05-24,EG310678152,WALLET,GW-NILE,Success,5,7926.44,EGP,155.41,73.23,82.18
2025-03-30,EG217500923,CARD,GW-ATLAS,Success,24,16378.64,EGP,471.67,326.53,145.14
2025-06-07,EG849029255,CARD,GW-NILE,Voided,1,395.09,EGP,0.0,0.4,-0.4
2026-04-29,OM441483176,LDEBIT,GW-NIMBUS,Success,3,72.35,OMR,0.8,0.38,0.42
2025-08-11,EG331354329,WALLET,GW-NILE,Failed,3,1079.93,EGP,0.0,1.19,-1.19
2025-05-26,EG686030808,TOKEN,GW-NILE,Voided,3,2451.18,EGP,0.0,1.2,-1.2
2025-05-06,EG165675111,CARD,GW-ATLAS,Success,1,1001.3,EGP,29.41,18.29,11.12
2024-11-03,EG744158614,TOKEN,GW-ATLAS,Failed,1,1467.6,EGP,0.0,0.98,-0.98
2026-04-07,SA363280396,CARD,GW-ORION,Success,126,55019.86,SAR,908.99,733.47,175.52
2024-11-01,EG758836714,CARD,GW-NILE,Approved,15,14221.81,EGP,432.55,211.59,220.96
2024-10-13,EG327327982,CARD,GW-NILE,Success,34,8970.61,EGP,391.6,196.58,195.02
2026-01-25,EG275709942,WALLET,GW-NILE,Declined,1,1547.5,EGP,0.0,0.4,-0.4
2024-09-27,EG373280861,CARD,GW-NILE,Success,8,3339.52,EGP,113.96,61.03,52.93
2025-10-29,EG987489356,WALLET,GW-NILE,Success,858,255670.56,EGP,6856.46,3582.78,3273.68
2024-12-27,EG403388419,WALLET,GW-NILE,Failed,2,3133.19,EGP,0.0,0.78,-0.78
2026-05-16,AE551105480,CARD,GW-NIMBUS,PENDING_REVIEW,5,1849.69,AED,44.69,26.16,18.53
2024-09-02,EG676342880,WALLET,GW-NILE,Failed,11,9010.34,EGP,0.0,4.25,-4.25
2025-08-04,AE204415052,LDEBIT,GW-NIMBUS,Failed,1,95.96,AED,0.0,0.06,-0.06
2025-11-11,SA972748866,TOKEN,GW-ORION,Failed,5,651.95,SAR,0.0,0.22,-0.22
2025-01-27,EG357144481,TOKEN,GW-ATLAS,Success,1,425.72,EGP,15.26,10.06,5.2
2024-11-18,SA184014126,CARD,GW-ORION,Success,52,3010.63,SAR,81.07,50.2,30.87
2026-05-23,EG903275069,TOKEN,GW-ATLAS,Failed,4,2117.54,EGP,0.0,4.12,-4.12
2024-09-27,AE563552817,CARD,GW-ATLAS,Refunded,1,87.83,AED,0.0,0.55,-0.55
2025-03-04,AE881349842,CARD,GW-ORION,Success,96,341478.81,AED,5665.91,4398.74,1267.17
2025-07-09,SA605409640,CARD,GW-NIMBUS,APPROVED,10,1084.63,SAR,28.17,17.08,11.09
2025-09-20,EG110254241,WALLET,GW-NILE,Success,2,1482.98,EGP,32.51,15.58,16.93
2024-11-07,EG327394766,CARD,GW-ATLAS,Voided,2,3064.29,EGP,0.0,1.95,-1.95
2026-06-27,EG199157533,LDEBIT,GW-NILE,CAPTURED,1,1281.84,EGP,17.93,6.99,10.94
2026-05-27,SA211354199,BNPL,GW-ATLAS,Failed,3,571.63,SAR,0.0,0.22,-0.22
2025-07-25,OM224536276,CARD,GW-ATLAS,Success,24,85.46,OMR,2.96,1.93,1.03
2025-09-17,SA813270664,CARD,GW-ORION,Failed,1,45.42,SAR,0.0,0.04,-0.04
2025-11-16,SA158425015,TOKEN,GW-NIMBUS,Success,33,1281.96,SAR,43.4,25.99,17.41
2026-02-26,SA624172387,LDEBIT,GW-NIMBUS,Failed,2,82.31,SAR,0.0,0.11,-0.11
2024-10-08,SA315873581,TOKEN,GW-ORION,Refunded,3,144.01,SAR,0.0,1.69,-1.69
2025-12-15,SA211354199,LDEBIT,GW-NIMBUS,Refunded,1,256.83,SAR,0.0,0.56,-0.56
2025-11-21,EG577212501,TOKEN,GW-ATLAS,Success,1,388.84,EGP,15.19,9.65,5.54
2025-08-18,EG849029255,LDEBIT,GW-NILE,Failed,3,1175.39,EGP,0.0,1.19,-1.19
2025-07-05,SA779341840,CARD,GW-ATLAS,Voided,1,169.88,SAR,0.0,0.08,-0.08
2025-01-13,EG275709942,TOKEN,GW-ATLAS,Failed,2,3002.41,EGP,0.0,1.96,-1.96
2025-05-31,SA623969133,CARD,GW-ORION,Failed,1,245.49,SAR,0.0,0.04,-0.04
2025-03-18,EG327394766,TOKEN,GW-ATLAS,Refunded,3,3240.29,EGP,0.0,22.23,-22.23
2024-12-26,AE779021046,CARD,GW-ORION,Failed,1,1894.73,AED,0.0,0.04,-0.04
2025-06-20,AE957433919,TOKEN,GW-NIMBUS,Failed,35,5360.33,AED,0.0,1.93,-1.93
2026-02-21,OM817062602,TOKEN,GW-NIMBUS,Voided,1,13.19,OMR,0.0,0.01,-0.01
2025-08-20,SA110751010,TOKEN,GW-ORION,Refunded,1,110.75,SAR,0.0,0.56,-0.56
2025-03-04,SA859807984,TOKEN,GW-NIMBUS,Failed,1,1451.2,SAR,0.0,0.06,-0.06
2025-10-27,SA977935480,CARD,GW-ORION,Failed,5,516.97,SAR,0.0,0.22,-0.22
2024-11-17,EG838350410,TOKEN,GW-ATLAS,Success,6,14880.95,EGP,384.31,246.67,137.64
2026-04-12,EG449636175,LDEBIT,GW-NILE,Voided,22,9335.44,EGP,0.0,9.03,-9.03
2026-05-24,EG984686648,CARD,GW-NILE,Failed,9,4583.03,EGP,0.0,3.71,-3.71
2024-11-27,EG249264164,TOKEN,GW-ATLAS,Voided,1,869.4,EGP,0.0,0.98,-0.98
2025-10-03,SA110751010,TOKEN,GW-ORION,Failed,1,77.52,SAR,0.0,0.04,-0.04
2025-09-21,EG511884968,TOKEN,GW-NILE,Success,4,7953.18,EGP,192.07,111.01,81.06
2026-01-24,EG611254298,WALLET,GW-NILE,Success,13,4737.06,EGP,119.57,61.36,58.21
2024-08-06,SA205739809,CARD,GW-ORION,Failed,6,219.26,SAR,0.0,0.27,-0.27
2025-06-11,SA900572493,LDEBIT,GW-NIMBUS,Failed,1,366.23,SAR,0.0,0.06,-0.06
2026-06-01,AE832517070,CARD,GW-NIMBUS,Refunded,1,242.18,AED,0.0,0.55,-0.55
2024-07-23,EG724883181,CARD,GW-ATLAS,Voided,1,335.02,EGP,0.0,0.96,-0.96
2026-04-22,EG453339370,CARD,GW-NILE,Failed,2,4293.1,EGP,0.0,0.82,-0.82
2026-05-18,EG832002580,TOKEN,GW-NILE,Voided,1,4325.25,EGP,0.0,0.41,-0.41
2025-09-23,EG165126097,TOKEN,GW-NILE,Success,1,914.16,EGP,26.69,14.22,12.47
2026-06-21,SA200218731,TOKEN,GW-NIMBUS,Success,3,683.64,SAR,17.12,10.3,6.82
2026-06-30,AE346681166,TOKEN,GW-NIMBUS,Failed,9,1301.94,AED,0.0,0.5,-0.5
2024-11-20,AE853501645,TOKEN,GW-NIMBUS,Failed,1,61.62,AED,0.0,0.06,-0.06
2026-05-11,SA307616362,LDEBIT,GW-NIMBUS,Failed,8,409.46,SAR,0.0,0.45,-0.45
2026-02-16,SA711632487,TOKEN,GW-ORION,Success,34,1288.82,SAR,44.45,24.73,19.72
2025-03-28,AE195154121,TOKEN,GW-ATLAS,Failed,4,810.28,AED,0.0,0.29,-0.29
2026-04-04,EG275709942,WALLET,GW-NILE,VOIDED,1,1571.74,EGP,0.0,0.41,-0.41
2025-10-21,SA710370541,CARD,GW-ORION,Refunded,17,10656.33,SAR,0.0,9.56,-9.56
2025-12-16,SA716580826,CARD,GW-ATLAS,Failed,3,133.28,SAR,0.0,0.22,-0.22
2024-09-11,EG911025364,BNPL,GW-NILE,Refunded,1,157.55,EGP,0.0,7.24,-7.24
2025-11-16,EG308894080,LDEBIT,GW-NILE,Success,1,2442.55,EGP,33.23,11.68,21.55
2026-06-30,AE987618927,TOKEN,GW-NIMBUS,Failed,3,124.37,AED,0.0,0.17,-0.17
2025-01-31,SA550486234,CARD,GW-ATLAS,Failed,3,332.27,SAR,0.0,0.22,-0.22
2025-11-29,EG544029480,CARD,GW-NILE,Failed,6,7823.63,EGP,0.0,2.45,-2.45
2025-11-28,SA397646855,BNPL,GW-ATLAS,Voided,1,51.34,SAR,0.0,0.08,-0.08
2026-04-16,SA909427280,TOKEN,GW-NIMBUS,Voided,1,164.97,SAR,0.0,0.06,-0.06
2025-04-14,EG447972836,LDEBIT,GW-NILE,Success,2,1829.79,EGP,26.55,10.89,15.66
2026-06-15,EG304469248,CARD,GW-NILE,Failed,2,9281.82,EGP,0.0,0.82,-0.82
2026-01-24,SA765577175,LDEBIT,GW-NIMBUS,Approved,92,7822.32,SAR,63.97,50.73,13.24
2026-03-14,SA142705306,LDEBIT,GW-NIMBUS,Success,1,645.69,SAR,7.13,3.07,4.06
2026-03-29,EG529532780,CARD,GW-ATLAS,Voided,1,1700.58,EGP,0.0,1.03,-1.03
2024-09-30,EG991914423,WALLET,GW-NILE,Refunded,1,1062.6,EGP,0.0,7.24,-7.24
2025-06-23,EG373213017,LDEBIT,GW-NILE,APPROVED,12,18373.42,EGP,224.32,95.36,128.96
2024-10-21,SA407055199,CARD,GW-ORION,Voided,3,316.9,SAR,0.0,0.14,-0.14
2025-03-24,AE783290352,CARD,GW-ORION,Success,7,299.67,AED,10.21,5.37,4.84
2026-06-22,SA508515348,TOKEN,GW-ORION,Failed,1,184.69,SAR,0.0,0.04,-0.04
2024-12-10,SA332563719,TOKEN,GW-ORION,Success,3,183.37,SAR,5.18,3.11,2.07
2025-04-13,EG403388419,WALLET,GW-NILE,Success,20,31017.48,EGP,597.48,286.04,311.44
2025-01-11,SA776589285,LDEBIT,GW-NIMBUS,Success,2,431.69,SAR,5.24,2.28,2.96
2025-02-19,SA954952952,LDEBIT,GW-NIMBUS,Voided,4,174.71,SAR,0.0,0.22,-0.22
2025-09-06,AE667080643,TOKEN,GW-ATLAS,Success,4,1082.03,AED,27.52,17.45,10.07
2024-09-16,AE462770123,CARD,GW-ORION,Success,7,2324.67,AED,58.03,31.33,26.7
2026-06-06,EG670766393,WALLET,GW-NILE,Success,1,1087.16,EGP,22.94,10.61,12.33
2025-10-27,SA189353734,CARD,GW-ORION,Failed,2,77.62,SAR,0.0,0.09,-0.09
2024-10-07,SA660258875,TOKEN,GW-NIMBUS,Success,3,566.2,SAR,14.99,8.66,6.33
2026-03-11,SA776589285,CARD,GW-ORION,Success,17,3343.52,SAR,83.51,46.66,36.85
2025-08-22,EG221032323,CARD,GW-NILE,Failed,1,1290.02,EGP,0.0,0.4,-0.4
2024-10-19,AE195822932,CARD,GW-NIMBUS,Success,13,1755.82,AED,45.14,26.81,18.33
2025-02-02,AE647447711,CARD,GW-NIMBUS,SUCCESS,11,1468.76,AED,39.21,22.45,16.76
2025-07-27,EG877654092,TOKEN,GW-NILE,Success,203,180815.08,EGP,3487.36,2818.24,669.12
2025-07-13,EG389262771,CARD,GW-NILE,Voided,1,382.58,EGP,0.0,0.4,-0.4
2026-06-29,SA331993666,TOKEN,GW-NIMBUS,Captured,135,23406.27,SAR,307.73,360.59,-52.86
2025-09-17,EG873952802,TOKEN,GW-NILE,Success,62,87284.4,EGP,1583.77,1267.15,316.62
2024-11-02,EG389262771,WALLET,GW-NILE,CAPTURED,59,22540.95,EGP,531.21,283.35,247.86
2024-09-14,EG447972836,LDEBIT,GW-NILE,Success,1,1083.12,EGP,15.15,6.07,9.08
2024-10-26,SA189309853,TOKEN,GW-NIMBUS,Success,1,423.22,SAR,9.51,6.17,3.34
2025-10-24,EG724883181,CARD,GW-ATLAS,Failed,4,1402.92,EGP,0.0,4.03,-4.03
2025-08-29,AE608679106,CARD,GW-ORION,Voided,2,98.99,AED,0.0,0.09,-0.09
2026-02-25,SA466668047,CARD,GW-ORION,Failed,30,1318.59,SAR,0.0,1.35,-1.35
2026-03-08,SA781674979,CARD,GW-NIMBUS,Failed,6,281.41,SAR,0.0,0.34,-0.34
2025-03-02,EG647781107,TOKEN,GW-ATLAS,Success,5,3449.71,EGP,108.31,70.44,37.87
2025-08-29,SA124881724,LDEBIT,GW-NIMBUS,Success,51,6687.74,SAR,64.87,38.7,26.17
2026-01-03,EG877654092,CARD,GW-NILE,Voided,8,7363.87,EGP,0.0,3.23,-3.23
2026-02-26,SA848487072,CARD,GW-ORION,VOID,1,860.51,SAR,0.0,0.04,-0.04
2025-05-13,AE923160667,CARD,GW-ORION,VOID,1,373.87,AED,0.0,0.04,-0.04
2024-07-08,EG775891339,CARD,GW-ATLAS,Success,5,4919.24,EGP,137.26,89.52,47.74
2024-11-01,SA847623511,CARD,GW-ORION,Failed,3,292.41,SAR,0.0,0.14,-0.14
2026-01-26,EG903275069,CARD,GW-NILE,DECLINED,37,19192.92,EGP,0.0,14.95,-14.95
2025-03-04,OM543606528,LDEBIT,GW-NIMBUS,Voided,1,10.49,OMR,0.0,0.01,-0.01
2025-01-23,OM861947173,CARD,GW-NIMBUS,Failed,1,17.11,OMR,0.0,0.01,-0.01
2025-12-19,EG284431976,CARD,GW-NILE,Failed,1,852.03,EGP,0.0,0.41,-0.41
2025-06-26,SA289229597,CARD,GW-ORION,Failed,1,378.0,SAR,0.0,0.04,-0.04
2025-09-29,SA914955375,TOKEN,GW-NIMBUS,Success,4,1055.09,SAR,25.09,15.75,9.34
2025-10-09,AE852316595,CARD,GW-ORION,Failed,1,102.66,AED,0.0,0.04,-0.04
2026-03-21,SA211354199,TOKEN,GW-ATLAS,Success,2,519.24,SAR,10.84,8.41,2.43
2025-12-21,SA627300378,LDEBIT,GW-NIMBUS,Success,5,2036.62,SAR,25.94,10.01,15.93
2025-03-03,EG979007692,WALLET,GW-NILE,Success,1,893.43,EGP,19.56,8.97,10.59
2024-07-23,AE526176909,LDEBIT,GW-NIMBUS,Success,3,675.05,AED,8.37,3.53,4.84
2025-02-05,EG325044783,WALLET,GW-NILE,Success,1,956.07,EGP,19.04,9.46,9.58
2025-10-10,EG474518016,CARD,GW-NILE,Refunded,3,2860.14,EGP,0.0,22.66,-22.66
2025-07-27,EG820064163,CARD,GW-NILE,Success,3,2057.95,EGP,66.02,32.98,33.04
2024-08-02,EG877654092,WALLET,GW-NILE,Failed,16,14122.83,EGP,0.0,6.2,-6.2
2026-04-03,AE738504243,CARD,GW-ATLAS,Success,4,1145.05,AED,28.11,17.78,10.33
2026-03-21,AE878919871,CARD,GW-ORION,Voided,2,440.82,AED,0.0,0.09,-0.09
2024-09-30,EG943656964,WALLET,GW-NILE,Refunded,1,513.41,EGP,0.0,7.24,-7.24
2024-10-08,SA466668047,CARD,GW-ORION,Success,180,7560.05,SAR,241.99,137.08,104.91
2025-04-05,SA977935480,TOKEN,GW-ORION,Success,18,1851.39,SAR,53.35,28.64,24.71
2025-02-25,EG873952802,CARD,GW-ATLAS,Refunded,9,7930.72,EGP,0.0,66.24,-66.24
2026-04-21,AE718043205,CARD,GW-ORION,Voided,1,248.01,AED,0.0,0.04,-0.04
2026-04-23,SA954952952,LDEBIT,GW-NIMBUS,Success,317,14025.53,SAR,212.88,116.61,96.27
2025-08-10,EG537339465,WALLET,GW-NILE,Success,233,96283.0,EGP,1671.37,1183.24,488.13
2025-04-13,EG867607945,TOKEN,GW-NILE,Voided,1,1304.45,EGP,0.0,0.4,-0.4
2024-09-10,AE934873526,LDEBIT,GW-NIMBUS,Failed,1,300.53,AED,0.0,0.06,-0.06
2025-06-19,SA426436949,LDEBIT,GW-NIMBUS,Success,143,9427.68,SAR,137.78,66.56,71.22
2025-01-17,AE360087333,TOKEN,GW-ORION,Success,6,291.73,AED,8.95,5.19,3.76
2024-11-24,EG249264164,TOKEN,GW-ATLAS,Failed,1,869.4,EGP,0.0,0.98,-0.98
2025-06-22,EG134531316,WALLET,GW-NILE,Success,11,18925.85,EGP,381.35,172.5,208.85
2026-05-05,OM236113503,TOKEN,GW-ATLAS,Success,8,226.83,OMR,3.52,3.66,-0.14
2025-01-11,SA423374323,LDEBIT,GW-NIMBUS,Success,7,607.54,SAR,8.88,3.92,4.96
2026-03-13,EG707758852,LDEBIT,GW-NILE,Success,8,5368.51,EGP,81.36,36.19,45.17
2025-11-02,SA362023155,BNPL,GW-ATLAS,Failed,5,330.24,SAR,0.0,0.38,-0.38
2025-03-25,EG934454177,WALLET,GW-NILE,Success,184,243186.51,EGP,3702.63,2287.92,1414.71
2025-01-25,SA977935480,LDEBIT,GW-NIMBUS,REFUNDED,1,105.87,SAR,0.0,0.56,-0.56
2024-09-16,AE339334302,BANKTR,GW-NIMBUS,Success,18,176846.35,AED,407.98,112.55,295.43
2025-05-02,SA487858809,TOKEN,GW-ORION,Success,9,421.53,SAR,13.15,7.61,5.54
2024-09-10,EG799496821,WALLET,GW-NILE,Voided,1,826.39,EGP,0.0,0.39,-0.39
2026-03-09,SA351197729,CARD,GW-ORION,Success,23,5906.82,SAR,135.09,80.86,54.23
2025-02-02,SA487858809,CARD,GW-ATLAS,Failed,10,456.62,SAR,0.0,0.75,-0.75
2026-01-21,SA433295013,BANKTR,GW-NIMBUS,Voided,3,417.14,SAR,0.0,0.17,-0.17
2025-10-16,EG856875467,CARD,GW-NILE,Success,104,45160.48,EGP,1551.44,826.2,725.24
2025-07-15,EG761087060,TOKEN,GW-ATLAS,Success,32,49046.48,EGP,1306.33,860.43,445.9
2025-08-28,AE782539735,CARD,GW-NIMBUS,Failed,19,795.62,AED,0.0,1.05,-1.05
2025-06-13,SA289229597,CARD,GW-ORION,Refunded,1,357.11,SAR,0.0,0.56,-0.56
2024-09-05,EG920470377,BNPL,GW-NILE,Success,2,1987.3,EGP,87.8,58.01,29.79
2025-09-02,SA763491142,CARD,GW-ORION,Failed,2,684.0,SAR,0.0,0.09,-0.09
2025-08-13,EG614572570,TOKEN,GW-ATLAS,Failed,1,4704.59,EGP,0.0,0.99,-0.99
2025-04-03,AE987618927,TOKEN,GW-NIMBUS,Voided,1,41.46,AED,0.0,0.06,-0.06
2025-01-02,EG799575469,WALLET,GW-NILE,Success,12,4724.93,EGP,121.45,58.85,62.6
2026-05-20,SA819868069,CARD,GW-NIMBUS,Refunded,19,3098.28,SAR,0.0,10.69,-10.69
2026-05-30,SA652586164,TOKEN,GW-NIMBUS,Failed,7,937.43,SAR,0.0,0.39,-0.39
2026-06-17,SA205739809,TOKEN,GW-ATLAS,Success,19,706.55,SAR,25.12,15.96,9.16
2024-11-06,EG249264164,WALLET,GW-NILE,Success,8,6977.0,EGP,150.39,70.18,80.21
2026-04-03,SA534917472,CARD,GW-ORION,Success,12,428.52,SAR,14.57,8.17,6.4
2024-09-19,EG573406141,TOKEN,GW-ATLAS,Failed,1,781.81,EGP,0.0,0.96,-0.96
2025-02-25,EG873952802,CARD,GW-ATLAS,Success,324,417829.74,EGP,7495.64,7268.38,227.26
2025-01-01,SA772263667,CARD,GW-NIMBUS,Success,14,596.73,SAR,19.29,11.47,7.82
2025-05-28,EG645057217,CARD,GW-NILE,Voided,2,2584.7,EGP,0.0,0.8,-0.8
2025-09-10,AE671906697,TOKEN,GW-ORION,Failed,28,1777.13,AED,0.0,1.23,-1.23
2024-12-02,OM222996492,CARD,GW-NIMBUS,Failed,2,1535.02,OMR,0.0,0.01,-0.01
2025-02-04,EG877654092,TOKEN,GW-NILE,Voided,2,1788.1,EGP,0.0,0.79,-0.79
2025-01-29,OM501692260,TOKEN,GW-ATLAS,Success,3,167.89,OMR,3.84,2.62,1.22
2026-05-17,EG783358166,CARD,GW-ATLAS,Failed,5,1467.58,EGP,0.0,5.16,-5.16
2026-04-07,SA466668047,CARD,GW-ORION,Refunded,1,36.43,SAR,0.0,0.56,-0.56
2025-04-09,EG763647415,LDEBIT,GW-NILE,FAILED,1,6906.13,EGP,0.0,0.4,-0.4
2024-11-09,EG730609269,TOKEN,GW-ATLAS,Success,3,7631.96,EGP,203.19,126.23,76.96
2025-06-30,SA307616362,CARD,GW-ORION,Refunded,3,135.19,SAR,0.0,1.69,-1.69
2026-06-13,SA732374987,CARD,GW-ORION,Failed,17,857.03,SAR,0.0,0.76,-0.76
2026-01-29,AE436682771,CARD,GW-ATLAS,DECLINED,1,208.01,AED,0.0,0.07,-0.07
2026-01-11,EG290794122,LDEBIT,GW-NILE,Success,7,23500.98,EGP,274.9,107.56,167.34
2025-06-06,SA623621170,TOKEN,GW-ATLAS,Success,4,223.81,SAR,6.76,4.49,2.27
2024-09-23,EG728358410,LDEBIT,GW-NILE,Refunded,1,928.57,EGP,0.0,7.24,-7.24
2024-08-16,EG474829702,WALLET,GW-NILE,Failed,1,4328.51,EGP,0.0,0.39,-0.39
2026-01-27,EG759961492,LDEBIT,GW-NILE,Failed,1,893.79,EGP,0.0,0.4,-0.4
2025-06-16,SA640104269,CARD,GW-ORION,Failed,2,3468.44,SAR,0.0,0.09,-0.09
2026-06-18,SA182543031,CARD,GW-ATLAS,Failed,1,140.1,SAR,0.0,0.08,-0.08
2025-10-20,EG474518016,WALLET,GW-NILE,Failed,6,8438.94,EGP,0.0,2.42,-2.42
2026-02-11,EG799440003,WALLET,GW-NILE,Success,9,479492.29,EGP,6412.59,3900.05,2512.54
2026-03-11,SA853040870,BNPL,GW-ATLAS,Failed,1,47.91,SAR,0.0,0.08,-0.08
2024-09-29,AE204415052,CARD,GW-ORION,Success,5,453.08,AED,12.82,6.9,5.92
2026-05-23,SA865281392,CARD,GW-ATLAS,Success,35,12636.13,SAR,327.79,193.95,133.84
2026-05-18,SA306273888,LDEBIT,GW-NIMBUS,Refunded,3,300.57,SAR,0.0,1.69,-1.69
2024-08-16,EG799575469,LDEBIT,GW-NILE,Failed,2,716.35,EGP,0.0,0.78,-0.78
2026-02-16,AE520556972,LDEBIT,GW-NIMBUS,Refunded,3,572.39,AED,0.0,1.65,-1.65
2024-11-27,SA776589285,LDEBIT,GW-NIMBUS,Failed,1,195.51,SAR,0.0,0.06,-0.06
2026-03-01,SA333336650,BNPL,GW-ATLAS,Success,3,470.85,SAR,20.5,16.5,4.0
2025-11-30,EG245991238,CARD,GW-ATLAS,Failed,1,306.83,EGP,0.0,1.02,-1.02
2026-04-24,EG998632198,BNPL,GW-NILE,Success,12,18216.92,EGP,780.6,529.57,251.03
2025-10-18,EG943656964,CARD,GW-ATLAS,Failed,2,697.14,EGP,0.0,2.01,-2.01
2025-06-10,EG275709942,WALLET,GW-NILE,Refunded,2,3042.05,EGP,0.0,14.96,-14.96
2025-02-07,SA891035844,TOKEN,GW-ORION,Success,35,6786.63,SAR,167.86,98.07,69.79
2025-12-20,EG497915590,CARD,GW-ATLAS,Success,2,7818.62,EGP,198.84,121.53,77.31
2024-07-27,SA705652485,TOKEN,GW-NIMBUS,Success,93,11234.72,SAR,243.06,179.95,63.11
2025-06-10,EG191889591,TOKEN,GW-NILE,SETTLED,20,28076.8,EGP,752.54,406.64,345.9
2024-11-14,SA426436949,LDEBIT,GW-NIMBUS,ERROR,9,615.56,SAR,0.0,0.51,-0.51
2025-08-07,SA887092113,TOKEN,GW-ATLAS,Success,2,310.5,SAR,8.23,5.25,2.98
2026-03-24,SA912413819,TOKEN,GW-ATLAS,Success,66,2217.41,SAR,72.62,51.84,20.78
2025-08-18,EG856875467,TOKEN,GW-ATLAS,Failed,5,2083.75,EGP,0.0,4.95,-4.95
2025-03-26,AE667080643,CARD,GW-ORION,REFUND,1,125.22,AED,0.0,0.55,-0.55
2024-12-18,EG217500923,LDEBIT,GW-NILE,Voided,1,595.94,EGP,0.0,0.39,-0.39
2025-10-09,EG181564804,WALLET,GW-NILE,Success,8041,3987622.8,EGP,66332.93,46468.51,19864.42
2024-12-25,SA589749602,TOKEN,GW-ATLAS,Refunded,5,1128.8,SAR,0.0,2.81,-2.81
2024-08-15,EG139657763,WALLET,GW-NILE,Failed,4,3784.22,EGP,0.0,1.55,-1.55
2025-07-09,OM284198769,TOKEN,GW-NIMBUS,Success,53,834.44,OMR,15.63,13.01,2.62
2024-12-31,EG952454778,CARD,GW-ATLAS,Failed,8,2294.69,EGP,0.0,7.84,-7.84
2025-11-20,SA860742247,LDEBIT,GW-NIMBUS,REVERSED,16,3125.66,SAR,0.0,0.9,-0.9
2024-10-03,EG981274071,BNPL,GW-ATLAS,Failed,18,7332.99,EGP,0.0,17.5,-17.5
2024-10-27,EG744743048,TOKEN,GW-NILE,Failed,1,1265.74,EGP,0.0,0.39,-0.39
2024-12-07,EG219821138,LDEBIT,GW-NILE,Failed,1,408.19,EGP,0.0,0.39,-0.39
2026-01-11,EG903275069,TOKEN,GW-ATLAS,Voided,2,1037.46,EGP,0.0,2.02,-2.02
2025-03-09,EG280455389,CARD,GW-NILE,Success,4,4118.05,EGP,109.12,60.51,48.61
2026-05-23,SA306273888,LDEBIT,GW-NIMBUS,Success,65,5664.22,SAR,81.85,36.46,45.39
2026-03-28,EG696983188,WALLET,GW-NILE,Refunded,1,580.79,EGP,0.0,7.74,-7.74
2024-09-01,SA306273888,BNPL,GW-ATLAS,Captured,25,2154.78,SAR,107.29,76.34,30.95
2024-12-18,EG348432509,TOKEN,GW-ATLAS,Success,2,8502.92,EGP,214.11,135.82,78.29
2025-02-11,SA592950341,CARD,GW-NIMBUS,Success,2,525.29,SAR,13.23,7.58,5.65
2025-12-10,AE241754747,LDEBIT,GW-NIMBUS,Success,8,352.39,AED,5.75,2.91,2.84
2025-03-23,EG550259154,CARD,GW-ATLAS,FAILED,1,320.35,EGP,0.0,0.99,-0.99
2025-10-15,EG327327982,CARD,GW-NILE,Voided,1,297.82,EGP,0.0,0.4,-0.4
2025-12-04,EG771233717,TOKEN,GW-NILE,Refunded,1,787.8,EGP,0.0,7.64,-7.64
2026-01-09,EG766165674,CARD,GW-NILE,Success,3,20068.16,EGP,467.69,251.86,215.83
2025-11-20,EG730609269,TOKEN,GW-ATLAS,Success,1,2899.02,EGP,76.7,47.61,29.09
2025-06-19,EG686030808,WALLET,GW-NILE,Failed,55,44994.5,EGP,0.0,21.95,-21.95
2025-09-17,AE881349842,CARD,GW-ORION,Success,97,317359.38,AED,5267.71,4089.74,1177.97
2024-07-05,EG449636175,CARD,GW-ATLAS,Success,2312,917115.74,EGP,21220.78,21599.05,-378.27
2025-03-30,AE299289826,TOKEN,GW-ATLAS,FAILED,1,53.85,AED,0.0,0.07,-0.07
2025-03-27,EG987146982,BANKTR,GW-NILE,Failed,2,1486.15,EGP,0.0,0.79,-0.79
2026-01-14,EG544029480,WALLET,GW-NILE,Success,16,18409.74,EGP,374.18,177.41,196.77
2026-02-25,SA597658531,TOKEN,GW-ATLAS,Refunded,4,661.85,SAR,0.0,2.25,-2.25
2024-10-24,EG762971123,CARD,GW-ATLAS,Refunded,1,1719.73,EGP,0.0,7.29,-7.29
2025-01-27,AE798073466,CARD,GW-ORION,Failed,5,1287.31,AED,0.0,0.22,-0.22
2026-05-26,SA996021577,CARD,GW-ORION,Success,1,166.55,SAR,4.27,2.36,1.91
2026-01-19,SA813270664,TOKEN,GW-ORION,Success,1,71.8,SAR,2.24,1.18,1.06
2024-08-07,AE798073466,CARD,GW-ORION,Refunded,2,351.51,AED,0.0,1.1,-1.1
2026-04-13,SA555426966,CARD,GW-ORION,Success,1,108.49,SAR,2.92,1.61,1.31
2025-05-29,SA705652485,LDEBIT,GW-NIMBUS,Success,296,37288.39,SAR,386.0,217.75,168.25
2025-12-09,SA623969133,CARD,GW-ORION,ERROR,1,245.49,SAR,0.0,0.04,-0.04
2026-03-20,EG293670432,LDEBIT,GW-NILE,Success,4,1102.64,EGP,21.65,11.69,9.96
2025-05-31,EG509980512,CARD,GW-NILE,Failed,5,1699.29,EGP,0.0,1.99,-1.99
2024-12-05,OM898958663,CARD,GW-ATLAS,Success,4,224.88,OMR,5.49,3.39,2.1
2025-04-06,SA218399497,CARD,GW-ATLAS,Failed,4,156.34,SAR,0.0,0.3,-0.3
2025-07-17,EG140153041,LDEBIT,GW-NILE,Success,1,344.77,EGP,6.67,3.15,3.52
2025-03-15,SA955742346,LDEBIT,GW-NIMBUS,Failed,1,1031.58,SAR,0.0,0.06,-0.06
2026-01-15,AE642764712,BANKTR,GW-NIMBUS,Success,27,183150.68,AED,444.58,127.77,316.81
2026-01-04,EG389262771,CARD,GW-NILE,Failed,8,3080.69,EGP,0.0,3.23,-3.23
2025-03-30,EG783358166,CARD,GW-ATLAS,Voided,1,281.23,EGP,0.0,0.99,-0.99
2025-01-13,SA205739809,CARD,GW-ORION,Failed,6,219.26,SAR,0.0,0.27,-0.27
2025-05-18,EG897740135,WALLET,GW-NILE,Failed,2,637.79,EGP,0.0,0.8,-0.8
2024-09-01,EG820064163,CARD,GW-NILE,Success,3,2289.7,EGP,71.06,35.49,35.57
2026-03-26,SA508515348,LDEBIT,GW-NIMBUS,Failed,3,554.06,SAR,0.0,0.17,-0.17
2026-05-03,SA333336650,BNPL,GW-ATLAS,Success,2,244.78,SAR,10.66,8.61,2.05
2025-08-17,SA251636450,CARD,GW-NIMBUS,Failed,6,380.06,SAR,0.0,0.34,-0.34
2025-03-23,AE538589512,CARD,GW-ATLAS,Success,10,2449.61,AED,61.72,38.43,23.29
2025-07-29,EG331354329,LDEBIT,GW-NILE,Success,55,21504.99,EGP,280.44,183.71,96.73
2026-06-05,SA404185012,LDEBIT,GW-NIMBUS,CAPTURED,3,920.08,SAR,10.71,4.65,6.06
2025-11-17,AE761816465,CARD,GW-ORION,REFUND,1,112.69,AED,0.0,0.55,-0.55
2026-05-15,AE782539735,CARD,GW-NIMBUS,Refunded,7,356.36,AED,0.0,3.86,-3.86
2026-04-11,SA726680999,LDEBIT,GW-NIMBUS,Failed,1,51.83,SAR,0.0,0.06,-0.06
2025-09-12,EG711763863,WALLET,GW-NILE,Success,5,2344.6,EGP,57.95,27.9,30.05
2026-03-15,SA887216708,BNPL,GW-ATLAS,Success,1,448.56,SAR,19.79,15.58,4.21
2025-02-11,AE920778970,LDEBIT,GW-NIMBUS,Success,2,1212.24,AED,14.11,5.79,8.32
2024-08-31,EG447972836,CARD,GW-NILE,Success,2,1466.19,EGP,45.07,22.95,22.12
2026-02-01,AE572051786,CARD,GW-NIMBUS,Success,60,2746.3,AED,87.7,51.4,36.3
2024-08-12,EG401975537,BANKTR,GW-NILE,Refunded,1,2759.93,EGP,0.0,7.27,-7.27
2024-12-30,SA711632487,CARD,GW-ORION,VOID,1,37.53,SAR,0.0,0.04,-0.04
2025-09-04,EG275709942,CARD,GW-NILE,Refunded,3,5512.34,EGP,0.0,22.92,-22.92
2025-04-26,SA986462340,TOKEN,GW-ORION,Voided,1,41.25,SAR,0.0,0.04,-0.04
2025-03-10,SA122822556,LDEBIT,GW-NIMBUS,Failed,2,105.77,SAR,0.0,0.11,-0.11
2024-09-01,AE375396549,CARD,GW-ORION,Failed,1,358.44,AED,0.0,0.04,-0.04
2025-03-26,SA434781636,CARD,GW-NIMBUS,Failed,2,241.42,SAR,0.0,0.11,-0.11
2025-12-01,SA466668047,LDEBIT,GW-NIMBUS,Refunded,1,59.83,SAR,0.0,0.56,-0.56
2026-03-11,SA652586164,LDEBIT,GW-NIMBUS,Success,180,24112.2,SAR,231.91,138.88,93.03
2025-12-31,SA779341840,LDEBIT,GW-NIMBUS,Refunded,2,339.26,SAR,0.0,1.12,-1.12
2026-06-23,EG452826753,CARD,GW-NILE,Failed,2,2681.01,EGP,0.0,0.82,-0.82
2024-10-24,EG873952802,WALLET,GW-NILE,Success,109,139492.85,EGP,1886.97,1315.33,571.64
2026-04-19,SA815162718,CARD,GW-ORION,Success,8,1324.78,SAR,35.65,18.77,16.88
2026-06-10,SA267227056,TOKEN,GW-ORION,Refunded,4,611.27,SAR,0.0,2.25,-2.25
2026-06-27,SA589749602,CARD,GW-ORION,Failed,12,2085.51,SAR,0.0,0.54,-0.54
2025-09-28,SA860742247,TOKEN,GW-ATLAS,Refunded,4,907.79,SAR,0.0,2.25,-2.25
2025-04-29,EG839904793,LDEBIT,GW-NILE,Success,6,2237.27,EGP,43.66,19.5,24.16
2025-08-25,EG877654092,LDEBIT,GW-NILE,Refunded,8,6447.56,EGP,0.0,59.35,-59.35
2026-06-28,SA288575225,LDEBIT,GW-NIMBUS,Success,1,111.54,SAR,1.51,0.67,0.84
2026-04-06,SA320986752,LDEBIT,GW-NIMBUS,Voided,1,861.05,SAR,0.0,0.06,-0.06
2026-01-18,AE521533668,CARD,GW-ORION,Failed,1,274.71,AED,0.0,0.04,-0.04
2026-04-25,EG474518016,LDEBIT,GW-NILE,Voided,1,1433.42,EGP,0.0,0.41,-0.41
2025-10-15,OM267217098,LDEBIT,GW-NIMBUS,Voided,4,58.47,OMR,0.0,0.02,-0.02
2025-09-18,AE132301545,CARD,GW-NIMBUS,Failed,1,181.25,AED,0.0,0.06,-0.06
2024-11-13,OM667112904,LDEBIT,GW-NIMBUS,Failed,3,9.08,OMR,0.0,0.02,-0.02
2024-07-18,AE628221217,TOKEN,GW-ATLAS,Success,1,263.58,AED,7.05,4.26,2.79
2025-12-06,SA159383546,LDEBIT,GW-NIMBUS,Failed,1,28.35,SAR,0.0,0.06,-0.06
2025-03-18,SA189353734,CARD,GW-ORION,Success,72,2687.41,SAR,86.88,50.52,36.36
2025-05-18,EG344164016,CARD,GW-ATLAS,Voided,4,1325.07,EGP,0.0,3.99,-3.99
2026-01-22,EG760725891,BNPL,GW-ATLAS,Failed,1,1089.5,EGP,0.0,1.01,-1.01
2025-09-06,SA695199900,TOKEN,GW-ATLAS,Success,2,217.14,SAR,5.74,3.84,1.9
2026-03-29,EG544029480,CARD,GW-NILE,Voided,3,3959.51,EGP,0.0,1.24,-1.24
2026-02-28,EG873952802,LDEBIT,GW-NILE,Voided,1,1339.79,EGP,0.0,0.41,-0.41
2025-01-13,EG899495597,CARD,GW-NILE,Failed,1,1695.05,EGP,0.0,0.39,-0.39
2025-11-07,SA447120771,CARD,GW-NIMBUS,Success,10,2123.72,SAR,57.71,31.11,26.6
2025-04-21,SA754882184,CARD,GW-ORION,Success,12,1779.53,SAR,48.77,25.49,23.28
2025-09-08,OM221133708,LDEBIT,GW-NIMBUS,Success,7,48.26,OMR,0.66,0.34,0.32
2025-11-29,SA623969133,CARD,GW-ORION,Failed,2,490.97,SAR,0.0,0.09,-0.09
2025-07-03,OM817062602,CARD,GW-NIMBUS,APPROVED,123,1579.14,OMR,39.47,24.39,15.08
2026-01-25,AE235728700,TOKEN,GW-ORION,CAPTURED,2,439.4,AED,11.12,6.28,4.84
2025-08-20,SA912413819,TOKEN,GW-ATLAS,Failed,11,367.93,SAR,0.0,0.82,-0.82
2025-06-29,EG873952802,TOKEN,GW-NILE,Success,72,88704.61,EGP,1637.03,1308.01,329.02
2025-09-12,EG331354329,BNPL,GW-NILE,Failed,9,3336.27,EGP,0.0,3.67,-3.67
2025-05-04,AE608679106,CARD,GW-ORION,Success,205,9951.01,AED,315.19,172.37,142.82
2025-05-12,SA512016562,TOKEN,GW-NIMBUS,Success,18,757.31,SAR,25.58,14.99,10.59
2026-03-03,EG103023484,LDEBIT,GW-NILE,Voided,2,2692.94,EGP,0.0,0.83,-0.83
2026-02-03,SA280340580,TOKEN,GW-ORION,Success,1,162.21,SAR,4.22,2.38,1.84
2024-08-19,AE520556972,CARD,GW-ATLAS,Failed,75,10379.65,AED,0.0,5.51,-5.51
2024-12-18,SA512016562,TOKEN,GW-NIMBUS,Refunded,1,43.67,SAR,0.0,0.56,-0.56
2025-12-25,EG361515615,WALLET,GW-NILE,Failed,2,2471.36,EGP,0.0,0.81,-0.81
2025-08-15,AE554805022,CARD,GW-NIMBUS,Voided,1,992.76,AED,0.0,0.06,-0.06
2025-10-18,SA605999505,LDEBIT,GW-NIMBUS,Success,244,53268.11,SAR,498.5,280.88,217.62
2025-10-10,AE295967621,CARD,GW-ORION,Success,3,593.53,AED,14.47,8.26,6.21
2026-01-18,EG217500923,CARD,GW-ATLAS,Approved,25,14963.72,EGP,448.91,311.63,137.28
2025-06-02,SA605999505,LDEBIT,GW-NIMBUS,Failed,4,856.25,SAR,0.0,0.22,-0.22
2025-01-31,SA909908733,TOKEN,GW-ORION,Success,36,6516.6,SAR,174.39,94.7,79.69
2025-12-31,AE436682771,CARD,GW-ATLAS,Failed,1,208.01,AED,0.0,0.07,-0.07
2024-10-26,AE923160667,CARD,GW-ORION,CAPTURED,2,899.62,AED,21.24,11.97,9.27
2024-11-24,SA837285263,CARD,GW-NIMBUS,Failed,1,326.78,SAR,0.0,0.06,-0.06
2025-11-24,SA705652485,TOKEN,GW-NIMBUS,SUCCESS,216,25965.51,SAR,562.05,416.17,145.88
2026-01-13,SA764037736,LDEBIT,GW-NIMBUS,Failed,5,1109.02,SAR,0.0,0.28,-0.28
2026-06-04,EG697551722,LDEBIT,GW-NILE,Voided,4,4742.0,EGP,0.0,1.65,-1.65
2026-03-01,EG245991238,BNPL,GW-ATLAS,Success,17,5524.79,EGP,250.44,208.48,41.96
2026-03-23,SA466668047,LDEBIT,GW-NIMBUS,Voided,4,175.81,SAR,0.0,0.22,-0.22
2025-07-29,SA624172387,LDEBIT,GW-NIMBUS,Failed,1,41.15,SAR,0.0,0.06,-0.06
2024-09-10,SA556781756,CARD,GW-NIMBUS,Failed,9,465.75,SAR,0.0,0.51,-0.51
2025-04-20,SA306273888,CARD,GW-NIMBUS,Success,130,11721.67,SAR,342.94,189.93,153.01
2024-12-27,EG110254241,CARD,GW-ATLAS,APPROVED,5,5635.63,EGP,154.51,100.31,54.2
2026-06-20,SA945807399,CARD,GW-ATLAS,Success,3,1431.64,SAR,36.73,21.71,15.02
2025-02-16,AE208762198,CARD,GW-NIMBUS,Success,9,2122.23,AED,48.51,30.8,17.71
2024-08-29,EG874835199,WALLET,GW-NILE,Success,24,5910.55,EGP,174.92,88.57,86.35
2024-11-11,AE713987880,CARD,GW-ORION,Failed,2,286.74,AED,0.0,0.09,-0.09
2025-04-17,SA502327003,LDEBIT,GW-NIMBUS,Success,3,454.11,SAR,5.98,2.55,3.43
2025-07-31,EG165675111,CARD,GW-ATLAS,Success,1,2321.59,EGP,61.34,37.56,23.78
2026-04-05,AE932795909,TOKEN,GW-ORION,Voided,2,577.35,AED,0.0,0.09,-0.09
2025-08-27,EG799440003,CARD,GW-ATLAS,Failed,4,258068.77,EGP,0.0,3.96,-3.96
2025-06-22,SA189353734,TOKEN,GW-ORION,Success,35,1446.69,SAR,46.08,27.05,19.03
2026-05-28,SA853040870,BNPL,GW-ATLAS,DECLINED,2,95.82,SAR,0.0,0.15,-0.15
2026-06-03,SA954952952,LDEBIT,GW-NIMBUS,Refunded,13,816.22,SAR,0.0,7.31,-7.31
2026-04-07,EG103023484,TOKEN,GW-ATLAS,Refunded,7,10549.76,EGP,0.0,53.87,-53.87
2026-01-16,EG191889591,CARD,GW-ATLAS,Refunded,3,2479.75,EGP,0.0,22.73,-22.73
2025-01-01,SA159383546,TOKEN,GW-NIMBUS,Failed,1,28.35,SAR,0.0,0.06,-0.06
2025-12-19,SA939400299,CARD,GW-ORION,Success,18,1201.51,SAR,33.59,19.42,14.17
2024-10-17,AE123781768,CARD,GW-ORION,Voided,3,149.38,AED,0.0,0.13,-0.13
2024-07-27,EG474829702,WALLET,GW-NILE,Success,1,7293.66,EGP,146.16,60.76,85.4
2025-09-17,SA819868069,CARD,GW-NIMBUS,Voided,5,663.9,SAR,0.0,0.28,-0.28
2026-02-07,SA640104269,BNPL,GW-ATLAS,DECLINED,1,1734.22,SAR,0.0,0.08,-0.08
2025-08-07,EG249264164,WALLET,GW-NILE,Success,6,5696.5,EGP,121.63,56.53,65.1
2025-05-22,AE998528073,CARD,GW-ORION,Failed,1,230.16,AED,0.0,0.04,-0.04
2026-03-22,SA362023155,TOKEN,GW-ORION,Failed,2,132.1,SAR,0.0,0.09,-0.09
2026-06-27,AE561735990,CARD,GW-NIMBUS,Success,1,1256.46,AED,31.82,17.2,14.62
2026-02-11,SA773581532,LDEBIT,GW-NIMBUS,Failed,1,736.99,SAR,0.0,0.06,-0.06
2024-10-26,OM107384993,CARD,GW-NIMBUS,Failed,4,80.3,OMR,0.0,0.02,-0.02
2025-11-06,SA705652485,LDEBIT,GW-NIMBUS,Voided,8,983.57,SAR,0.0,0.45,-0.45
2024-10-22,SA247327945,CARD,GW-NIMBUS,Success,2,9262.93,SAR,142.62,125.54,17.08
2024-08-05,EG344164016,TOKEN,GW-NILE,Success,20,6288.69,EGP,250.52,130.59,119.93
2025-04-15,EG248756723,WALLET,GW-NILE,Success,2,597.53,EGP,16.14,8.32,7.82
2025-06-21,AE526176909,TOKEN,GW-ORION,Success,1,222.16,AED,5.74,3.17,2.57
2026-06-27,SA914955375,CARD,GW-ORION,Success,5,1124.72,SAR,26.48,15.53,10.95
2025-01-02,SA765577175,CARD,GW-ORION,Failed,11,925.15,SAR,0.0,0.5,-0.5
2024-12-06,EG758836714,TOKEN,GW-ATLAS,Failed,1,892.56,EGP,0.0,0.98,-0.98
2026-04-21,SA604765470,CARD,GW-ORION,Voided,2,82.58,SAR,0.0,0.09,-0.09
2024-11-15,EG728979434,WALLET,GW-NILE,Success,3,9167.21,EGP,179.09,79.38,99.71
2025-10-26,SA772263667,CARD,GW-NIMBUS,Success,15,650.72,SAR,20.92,12.44,8.48
2026-03-31,EG647433267,CARD,GW-NILE,Voided,2,979.31,EGP,0.0,0.83,-0.83
2025-07-27,AE375396549,CARD,GW-ORION,Success,5,1875.09,AED,50.64,25.13,25.51
2026-05-10,SA819222940,CARD,GW-ATLAS,Failed,3,144.06,SAR,0.0,0.22,-0.22
2026-05-18,EG774885021,CARD,GW-NILE,Failed,2,14326.17,EGP,0.0,0.82,-0.82
2026-02-12,SA307616362,LDEBIT,GW-NIMBUS,Voided,6,307.1,SAR,0.0,0.34,-0.34
2025-01-28,AE998528073,CARD,GW-ORION,FAILED,2,460.31,AED,0.0,0.09,-0.09
2025-04-23,EG542845011,WALLET,GW-NILE,Failed,1,892.01,EGP,0.0,0.4,-0.4
2024-12-23,OM869288062,CARD,GW-ATLAS,Success,1,209.77,OMR,4.53,3.09,1.44
2025-02-19,AE647447711,LDEBIT,GW-NIMBUS,Success,5,702.24,AED,9.15,3.99,5.16
2026-04-16,EG897740135,TOKEN,GW-NILE,Failed,2,656.93,EGP,0.0,0.82,-0.82
2024-08-09,SA124881724,LDEBIT,GW-NIMBUS,Success,39,4532.28,SAR,44.56,26.98,17.58
2025-10-25,EG486344028,LDEBIT,GW-NILE,Refunded,1,341.72,EGP,0.0,7.55,-7.55
2025-09-15,EG723980954,TOKEN,GW-ATLAS,Success,2,589.65,EGP,24.88,16.45,8.43
2025-03-19,AE588030458,CARD,GW-NIMBUS,Success,28,2971.59,AED,80.3,46.8,33.5
2025-12-30,EG325044783,WALLET,GW-NILE,Success,1,936.44,EGP,18.8,9.37,9.43
2025-07-29,SA124881724,LDEBIT,GW-NIMBUS,Success,61,6951.17,SAR,68.5,41.57,26.93
2026-02-17,SA771478693,CARD,GW-ORION,Success,159,22150.59,SAR,383.38,319.45,63.93
2025-05-24,EG614572570,WALLET,GW-NILE,Success,10,40183.79,EGP,751.83,342.92,408.91
2025-12-21,EG509980512,CARD,GW-NILE,Failed,3,1041.87,EGP,0.0,1.22,-1.22
2026-02-22,AE360087333,CARD,GW-NIMBUS,Success,43,2100.11,AED,63.34,38.62,24.72
2026-04-22,SA267227056,CARD,GW-ORION,Failed,42,12043.65,SAR,0.0,1.89,-1.89
2024-11-21,EG389262771,CARD,GW-NILE,Failed,11,4091.89,EGP,0.0,4.29,-4.29
2024-10-15,EG873952802,LDEBIT,GW-NILE,Failed,2,2538.62,EGP,0.0,0.78,-0.78
2025-10-30,SA775621648,CARD,GW-ATLAS,Failed,1,43.38,SAR,0.0,0.08,-0.08
2025-10-17,AE783290352,TOKEN,GW-ATLAS,Success,1,65.48,AED,2.06,1.26,0.8
2025-05-28,OM978131111,CARD,GW-ATLAS,Refunded,1,10.96,OMR,0.0,0.06,-0.06
2026-04-24,AE107661633,BNPL,GW-ATLAS,Success,2,279.85,AED,13.4,9.82,3.58
2025-10-04,EG967183698,LDEBIT,GW-NILE,Failed,26,9097.76,EGP,0.0,10.47,-10.47
2026-02-17,SA124881724,CARD,GW-NIMBUS,Failed,14,1632.0,SAR,0.0,0.79,-0.79
2025-09-06,EG486344028,CARD,GW-ATLAS,Success,90,28808.77,EGP,1126.64,759.25,367.39
2025-03-18,AE642488904,CARD,GW-ATLAS,Failed,4,5519.01,AED,0.0,0.29,-0.29
2025-09-02,EG482640702,BNPL,GW-NILE,Captured,12,25028.16,EGP,1181.33,725.7,455.63
2025-08-04,EG998632198,CARD,GW-NILE,Voided,1,1564.96,EGP,0.0,0.4,-0.4
2025-09-03,EG373280861,LDEBIT,GW-NILE,Success,2,1491.71,EGP,21.56,9.61,11.95
2026-03-10,SA847623511,TOKEN,GW-ORION,Success,6,637.18,SAR,17.98,9.81,8.17
2025-08-05,EG271950140,WALLET,GW-NILE,Success,1,735.85,EGP,16.88,7.69,9.19
2025-01-09,AE123781768,TOKEN,GW-ORION,Failed,5,248.96,AED,0.0,0.22,-0.22
2026-05-26,AE998528073,CARD,GW-ORION,SETTLED,5,1121.19,AED,28.59,15.47,13.12
2024-07-14,EG903275069,WALLET,GW-NILE,REFUND,1,1046.28,EGP,0.0,7.21,-7.21
2026-04-22,EG216145371,TOKEN,GW-ATLAS,Success,1,5035.34,EGP,127.09,79.93,47.16
2024-11-18,SA860742247,CARD,GW-NIMBUS,Failed,148,28912.31,SAR,0.0,8.32,-8.32
2026-01-06,AE761816465,TOKEN,GW-NIMBUS,Success,7,728.59,AED,19.4,11.87,7.53
2025-07-25,EG191889591,CARD,GW-ATLAS,Success,51,75703.9,EGP,1978.22,1293.17,685.05
2025-09-04,EG744158614,CARD,GW-NILE,Success,8,13494.13,EGP,349.9,185.55,164.35
2025-11-30,EG744743048,CARD,GW-NILE,Refunded,5,6863.87,EGP,0.0,38.23,-38.23
2024-09-06,SA268987858,LDEBIT,GW-NIMBUS,Success,3,226.28,SAR,3.15,1.52,1.63
2025-01-29,SA485114821,BNPL,GW-ATLAS,Success,2,94.82,SAR,4.26,3.43,0.83
2025-07-31,EG389262771,CARD,GW-NILE,Failed,8,3060.62,EGP,0.0,3.21,-3.21
2025-03-08,EG105351460,BNPL,GW-NILE,Failed,1,1079.7,EGP,0.0,0.4,-0.4
2026-05-17,EG758836714,WALLET,GW-NILE,Failed,3,2816.01,EGP,0.0,1.24,-1.24
2026-01-21,EG450716760,CARD,GW-NILE,Success,5,16178.0,EGP,391.34,209.95,181.39
2025-02-21,EG373213017,WALLET,GW-NILE,Success,17,21530.18,EGP,414.39,203.59,210.8
2024-12-18,EG699756627,WALLET,GW-NILE,Failed,1,2773.09,EGP,0.0,0.39,-0.39
2026-02-25,SA768323752,LDEBIT,GW-NIMBUS,Success,6,424.93,SAR,6.21,2.92,3.29
2025-01-12,EG813796112,CARD,GW-NILE,Success,4,9369.31,EGP,242.64,124.23,118.41
2025-12-04,EG559913630,BNPL,GW-NILE,Success,1,7463.7,EGP,340.27,215.36,124.91
2026-04-20,AE426640224,BNPL,GW-ATLAS,Failed,2,155.62,AED,0.0,0.15,-0.15
2025-10-25,SA426436949,LDEBIT,GW-NIMBUS,Success,118,7509.1,SAR,110.51,53.7,56.81
2024-08-20,EG981274071,TOKEN,GW-NILE,Success,78,32115.33,EGP,1151.51,604.91,546.6
2026-02-17,EG373213017,CARD,GW-ATLAS,Success,54,75172.31,EGP,1903.78,1301.03,602.75
2026-03-04,AE545364971,CARD,GW-ORION,Success,2,257.05,AED,6.7,3.73,2.97
2026-04-18,SA679105691,CARD,GW-ORION,Success,12,2224.7,SAR,52.91,31.2,21.71
2026-02-15,EG877654092,CARD,GW-NILE,REVERSED,9,8413.71,EGP,0.0,3.69,-3.69
2026-04-18,EG911025364,BNPL,GW-NILE,Failed,1,222.6,EGP,0.0,0.41,-0.41
2025-09-26,EG611254298,CARD,GW-ATLAS,Failed,2,755.22,EGP,0.0,2.04,-2.04
2024-08-13,OM284198769,LDEBIT,GW-NIMBUS,Failed,6,89.07,OMR,0.0,0.03,-0.03
2026-01-28,EG335687023,CARD,GW-NILE,Success,814,1309710.43,EGP,23496.98,18092.4,5404.58
2025-01-16,AE346681166,TOKEN,GW-NIMBUS,Failed,5,723.3,AED,0.0,0.28,-0.28
2025-06-14,SA597673425,LDEBIT,GW-NIMBUS,Success,4,144.66,SAR,2.65,1.33,1.32
2025-12-12,SA779341840,TOKEN,GW-ATLAS,Failed,1,169.88,SAR,0.0,0.08,-0.08
2026-04-26,EG647781107,WALLET,GW-NILE,Success,5,3568.02,EGP,80.28,37.88,42.4
2026-04-01,EG799496821,TOKEN,GW-ATLAS,Voided,2,1757.96,EGP,0.0,2.05,-2.05
2025-12-09,EG624580946,BNPL,GW-ATLAS,Voided,3,651.46,EGP,0.0,3.05,-3.05
2024-11-29,SA508515348,CARD,GW-ORION,Failed,8,1477.49,SAR,0.0,0.36,-0.36
2026-03-04,SA734980407,BNPL,GW-ATLAS,Success,148,8984.36,SAR,234.85,321.6,-86.75
2026-06-14,AE769624570,CARD,GW-NIMBUS,Success,11,9251.05,AED,204.69,127.51,77.18
2024-07-14,AE608679106,CARD,GW-ORION,Voided,7,346.48,AED,0.0,0.31,-0.31
2025-08-13,EG613159214,BANKTR,GW-NILE,Failed,8,7622.85,EGP,0.0,3.17,-3.17
2024-11-12,SA118340145,LDEBIT,GW-NIMBUS,Success,5,276.83,SAR,4.29,2.09,2.2
2025-11-25,OM371938797,CARD,GW-ATLAS,Voided,14,107.74,OMR,0.0,0.11,-0.11
2025-09-08,OM224536276,CARD,GW-ATLAS,Failed,4,14.82,OMR,0.0,0.03,-0.03
2025-05-09,EG861848123,WALLET,GW-NILE,Declined,1,855.76,EGP,0.0,0.4,-0.4
2025-03-18,SA233359257,BANKTR,GW-NIMBUS,SUCCESS,6,20211.37,SAR,54.52,18.32,36.2
2025-06-24,EG181564804,LDEBIT,GW-NILE,Failed,264,129063.23,EGP,0.0,105.34,-105.34
2024-08-03,EG624580946,BNPL,GW-ATLAS,Failed,12,2479.86,EGP,0.0,11.63,-11.63
2025-10-10,EG221032323,CARD,GW-NILE,Refunded,1,1109.58,EGP,0.0,7.55,-7.55
2024-10-11,EG139657763,LDEBIT,GW-NILE,Voided,2,1898.55,EGP,0.0,0.78,-0.78
2025-04-17,SA502327003,BNPL,GW-ATLAS,Success,3,474.26,SAR,23.02,16.62,6.4
2025-04-06,OM107384993,LDEBIT,GW-NIMBUS,Success,5,99.07,OMR,0.85,0.53,0.32
2025-04-10,AE201167720,BANKTR,GW-NIMBUS,Success,3,13205.69,AED,33.55,10.62,22.93
2024-10-27,EG903275069,TOKEN,GW-ATLAS,Success,56,27963.14,EGP,909.76,624.23,285.53
2025-05-09,EG389262771,WALLET,GW-NILE,Success,57,20888.17,EGP,500.83,268.57,232.26
2025-08-23,EG249264164,LDEBIT,GW-NILE,Success,7,4866.6,EGP,73.63,31.83,41.8
2025-02-14,EG537272220,TOKEN,GW-ATLAS,Success,4,5451.5,EGP,140.16,96.95,43.21
2024-12-13,SA118340145,LDEBIT,GW-NIMBUS,Success,8,415.01,SAR,6.52,3.22,3.3
2024-12-23,EG344164016,TOKEN,GW-NILE,Refunded,1,286.94,EGP,0.0,7.35,-7.35
2024-09-13,SA779341840,CARD,GW-ATLAS,Refunded,4,619.3,SAR,0.0,2.25,-2.25
2025-11-01,EG611254298,LDEBIT,GW-NILE,APPROVED,6,2198.03,EGP,39.89,19.61,20.28
2025-02-09,SA589749602,CARD,GW-ORION,DECLINED,16,2780.68,SAR,0.0,0.72,-0.72
2024-12-07,AE767122784,CARD,GW-ORION,Success,3,597.26,AED,14.72,8.31,6.41
2025-08-12,SA732374987,CARD,GW-ORION,Success,66,3141.59,SAR,92.86,55.0,37.86
2025-09-04,AE642488904,CARD,GW-ATLAS,Refunded,6,7577.99,AED,0.0,3.31,177.84
2026-01-17,SA652586164,TOKEN,GW-NIMBUS,Success,90,12152.53,SAR,243.05,192.07,50.98
2026-05-10,SA362023155,LDEBIT,GW-NIMBUS,Failed,3,198.15,SAR,0.0,0.17,-0.17
2026-04-23,EG903275069,WALLET,GW-NILE,Voided,2,1053.71,EGP,0.0,0.82,-0.82
2025-08-30,EG761087060,TOKEN,GW-ATLAS,Failed,4,5672.0,EGP,0.0,3.96,-3.96
2024-10-13,AE381359654,LDEBIT,GW-NIMBUS,Success,19,1036.16,AED,15.9,7.8,8.1
2024-10-07,AE208762198,CARD,GW-NIMBUS,Voided,2,513.59,AED,0.0,0.11,-0.11
2026-06-26,AE292119623,TOKEN,GW-NIMBUS,Failed,1,179.76,AED,0.0,0.06,-0.06
2026-04-22,AE426640224,BNPL,GW-ATLAS,Failed,6,466.87,AED,0.0,0.44,-0.44
2026-01-15,SA921192561,TOKEN,GW-ORION,Success,3,756.63,SAR,18.29,10.73,7.56
2024-11-24,EG219821138,LDEBIT,GW-NILE,Failed,1,406.33,EGP,0.0,0.39,-0.39
2025-03-29,SA576895050,LDEBIT,GW-NIMBUS,Success,2,448.86,SAR,5.7,2.36,3.34
2025-07-28,EG989134753,WALLET,GW-NILE,Refunded,5,39347.93,EGP,0.0,37.64,-37.64
2025-05-18,EG735951857,CARD,GW-NILE,Failed,1,1106.39,EGP,0.0,0.4,-0.4
2026-01-07,SA853040870,LDEBIT,GW-NIMBUS,Success,10,505.57,SAR,7.4,3.96,3.44
2025-02-11,EG707591429,CARD,GW-ATLAS,Failed,1,697.49,EGP,0.0,0.98,-0.98
2024-12-05,SA555426966,TOKEN,GW-ORION,Success,1,96.55,SAR,2.69,1.51,1.18
2026-06-10,AE767122784,TOKEN,GW-ORION,Success,1,448.03,AED,10.78,6.18,4.6
2025-10-07,EG998632198,TOKEN,GW-NILE,Refunded,1,2028.75,EGP,0.0,7.55,-7.55
2025-07-17,EG178731082,WALLET,GW-NILE,Success,13,9906.06,EGP,216.28,103.07,113.21
2025-11-16,OM236113503,LDEBIT,GW-NIMBUS,Failed,2,54.5,OMR,0.0,0.01,-0.01
2025-12-30,EG286990334,WALLET,GW-NILE,Failed,1,95314.44,EGP,0.0,0.41,-0.41
2025-03-19,EG511884968,CARD,GW-ATLAS,Failed,2,4068.34,EGP,0.0,1.98,-1.98
2025-03-06,SA847687864,LDEBIT,GW-NIMBUS,Failed,1,128.67,SAR,0.0,0.06,-0.06
2026-04-29,EG934454177,LDEBIT,GW-NILE,Failed,6,8395.0,EGP,0.0,2.46,-2.46
2025-06-05,SA837285263,CARD,GW-NIMBUS,Success,1,295.12,SAR,7.26,4.23,3.03
2026-04-18,SA168621990,LDEBIT,GW-NIMBUS,Declined,5,526.88,SAR,0.0,0.28,-0.28
2026-03-30,SA716580826,CARD,GW-ATLAS,Refunded,2,134.19,SAR,0.0,1.12,-1.12
2024-12-16,EG352362522,WALLET,GW-NILE,Failed,2,2524.04,EGP,0.0,0.78,-0.78
2026-01-21,SA306273888,CARD,GW-NIMBUS,REFUNDED,3,319.51,SAR,0.0,1.69,-1.69
2025-02-22,EG707591429,WALLET,GW-NILE,Success,4,2982.73,EGP,67.37,31.03,36.34
2025-11-25,SA818206797,CARD,GW-ORION,Failed,1,124.06,SAR,0.0,0.04,-0.04
2025-12-13,SA256650029,CARD,GW-NIMBUS,Voided,2,251.61,SAR,0.0,0.11,-0.11
2025-05-05,EG373280861,CARD,GW-NILE,Success,8,3297.74,EGP,114.28,61.19,53.09
2026-06-17,SA972748866,CARD,GW-ORION,Refunded,10,1203.01,SAR,0.0,5.62,-5.62
2026-05-29,SA331993666,CARD,GW-ORION,Refunded,8,1304.5,SAR,0.0,4.5,-4.5
2026-03-04,EG284431976,TOKEN,GW-NILE,Success,2,2584.23,EGP,68.93,38.03,30.9
2026-03-23,EG799575469,CARD,GW-ATLAS,Voided,3,1144.43,EGP,0.0,3.1,-3.1
2025-08-31,EG150005962,WALLET,GW-NILE,Failed,1,513.78,EGP,0.0,0.4,-0.4
2025-06-21,AE634298413,CARD,GW-ORION,Success,25,1207.05,AED,38.14,20.94,17.2
2025-04-10,AE307567415,TOKEN,GW-ORION,Voided,4,729.12,AED,0.0,0.18,-0.18
2026-01-06,AE364520535,LDEBIT,GW-NIMBUS,APPROVED,4,796.81,AED,9.98,4.25,5.73
2026-05-22,OM761015209,CARD,GW-ATLAS,Success,2,51.49,OMR,1.28,0.81,0.47
2025-07-05,EG728358410,LDEBIT,GW-NILE,Success,2,3900.18,EGP,44.02,19.31,24.71
2025-05-30,EG220900048,WALLET,GW-NILE,Failed,1,1371.68,EGP,0.0,0.4,-0.4
2026-04-04,EG624580946,WALLET,GW-NILE,Voided,3,656.65,EGP,0.0,1.23,-1.23
2026-02-27,EG134531316,LDEBIT,GW-NILE,REVERSED,1,1789.97,EGP,0.0,0.41,-0.41
2025-08-03,SA512016562,LDEBIT,GW-NIMBUS,Voided,1,37.58,SAR,0.0,0.06,-0.06
2024-11-15,SA307616362,LDEBIT,GW-NIMBUS,VOID,3,153.55,SAR,0.0,0.17,-0.17
2025-11-09,EG783358166,CARD,GW-ATLAS,Voided,1,290.2,EGP,0.0,1.02,-1.02
2025-01-24,SA912413819,CARD,GW-ORION,Failed,59,1973.44,SAR,0.0,2.66,-2.66
2024-12-27,SA779172798,TOKEN,GW-ORION,Failed,1,144.08,SAR,0.0,0.04,-0.04
2026-05-16,SA652243125,BNPL,GW-ATLAS,Failed,1,99.19,SAR,0.0,0.08,-0.08
2026-01-12,EG611254298,CARD,GW-ATLAS,Refunded,1,386.03,EGP,0.0,7.58,-7.58
2025-04-20,EG266138287,LDEBIT,GW-NILE,SETTLED,12,3498.51,EGP,68.35,35.05,33.3
2024-10-15,AE970872555,BNPL,GW-ATLAS,Failed,3,331.28,AED,0.0,0.22,-0.22
2026-04-07,AE368709978,TOKEN,GW-ORION,Success,26,1762.94,AED,52.42,29.13,23.29
2025-03-17,SA385404287,LDEBIT,GW-NIMBUS,Refunded,1,30.44,SAR,0.0,0.56,-0.56
2025-07-10,EG967183698,WALLET,GW-NILE,Success,1807,630469.79,EGP,9077.77,8280.96,796.81
2026-02-16,EG770407516,CARD,GW-NILE,Failed,137,40098.38,EGP,0.0,56.23,-56.23
2025-11-29,SA764037736,CARD,GW-ORION,Voided,5,1109.02,SAR,0.0,0.22,-0.22
2026-05-09,SA729864911,TOKEN,GW-ATLAS,Success,4,1043.98,SAR,27.07,16.9,10.17
2025-09-27,EG450716760,CARD,GW-NILE,CAPTURED,4,11900.5,EGP,289.75,155.39,134.36
2026-05-16,AE713987880,LDEBIT,GW-NIMBUS,Failed,1,143.37,AED,0.0,0.06,-0.06
2025-02-09,EG465172400,WALLET,GW-NILE,Success,1,1169.0,EGP,23.6,11.19,12.41
2025-05-15,SA267227056,LDEBIT,GW-NIMBUS,Voided,3,860.26,SAR,0.0,0.17,-0.17
2025-12-13,SA517497912,CARD,GW-NIMBUS,Voided,1,47.6,SAR,0.0,0.06,-0.06
2026-05-06,SA939182412,LDEBIT,GW-NIMBUS,Success,43,1799.94,SAR,30.07,15.36,14.71
2025-05-28,AE632922055,CARD,GW-NIMBUS,Success,5,74318.47,AED,1120.52,1004.49,116.03
2026-05-19,SA559191767,CARD,GW-ATLAS,Failed,1,928.77,SAR,0.0,0.08,-0.08
2024-09-22,SA776589285,CARD,GW-ORION,Success,14,2601.17,SAR,65.26,36.47,28.79
2025-02-02,SA502327003,BNPL,GW-ATLAS,Failed,1,180.14,SAR,0.0,0.08,-0.08
2025-03-14,EG538857731,TOKEN,GW-NILE,Refunded,1,1003.57,EGP,0.0,7.41,-7.41
2026-03-05,SA407055199,TOKEN,GW-NIMBUS,Refunded,2,238.26,SAR,0.0,1.12,-1.12
2025-11-05,EG453339370,CARD,GW-NILE,Success,6,12620.24,EGP,318.21,169.54,148.67
2025-05-05,EG552283131,WALLET,GW-NILE,Success,2,9408.69,EGP,185.83,79.7,106.13
2026-05-06,AE713987880,LDEBIT,GW-NIMBUS,Captured,16,2469.77,AED,32.55,13.76,18.79
2026-02-06,SA897535524,TOKEN,GW-NIMBUS,Success,1,1000.68,SAR,24.31,14.25,10.06
2025-02-03,EG998632198,BNPL,GW-NILE,Success,13,21288.97,EGP,912.23,618.23,294.0
2024-12-22,SA138962665,CARD,GW-ORION,Success,15,2881.21,SAR,77.04,40.28,36.76
2025-12-18,AE608679106,LDEBIT,GW-NIMBUS,Failed,3,148.49,AED,0.0,0.17,-0.17
2025-03-06,EG486344028,CARD,GW-ATLAS,Success,140,43966.01,EGP,1710.96,1152.77,558.19
2024-12-08,SA147303844,CARD,GW-ORION,Success,50,8386.68,SAR,220.28,118.67,101.61
2026-02-18,AE201167720,CARD,GW-ORION,Success,2,10864.37,AED,178.58,139.72,38.86
2026-03-22,SA247197710,CARD,GW-ATLAS,Refunded,1,335.13,SAR,0.0,0.56,-0.56
2025-11-07,EG696983188,LDEBIT,GW-NILE,Failed,4,1362.41,EGP,0.0,1.63,-1.63
2025-04-11,SA168621990,LDEBIT,GW-NIMBUS,Voided,1,105.38,SAR,0.0,0.06,-0.06
2025-07-16,EG537155658,WALLET,GW-NILE,Voided,1,225.97,EGP,0.0,0.4,-0.4
2026-03-10,EG799496821,CARD,GW-NILE,Failed,30,26515.67,EGP,0.0,12.38,-12.38
2025-03-12,SA939182412,LDEBIT,GW-NIMBUS,Failed,4,153.49,SAR,0.0,0.22,-0.22
2025-09-08,EG799575469,CARD,GW-ATLAS,Voided,1,376.6,EGP,0.0,1.02,-1.02
2025-11-14,EG217500923,CARD,GW-ATLAS,Failed,5,3098.16,EGP,0.0,5.1,-5.1
2026-03-15,EG134531316,BNPL,GW-ATLAS,Failed,1,1799.99,EGP,0.0,1.03,-1.03
2025-12-11,SA972748866,CARD,GW-ORION,Success,967,124799.57,SAR,1977.08,1815.69,161.39
2025-07-14,EG403388419,LDEBIT,GW-NILE,Success,12,16395.95,EGP,207.19,87.48,119.71
2026-05-19,SA404185012,TOKEN,GW-NIMBUS,Success,4,1502.05,SAR,36.09,22.0,14.09
2025-11-24,SA779341840,CARD,GW-ATLAS,Refunded,13,2573.21,SAR,0.0,7.31,-7.31
2025-01-15,EG217500923,CARD,GW-ATLAS,Success,17,10036.29,EGP,299.69,207.98,91.71
2025-11-30,SA122822556,TOKEN,GW-ORION,Success,10,497.34,SAR,15.52,8.85,6.67
2025-06-14,AE761816465,CARD,GW-ORION,Failed,4,468.29,AED,0.0,0.18,-0.18
2025-03-25,SA972748866,CARD,GW-ORION,Success,864,115814.11,SAR,1825.72,1677.52,148.2
2025-09-10,SA887092113,LDEBIT,GW-NIMBUS,Success,4,335.06,SAR,4.64,2.18,2.46
2025-11-01,SA955449063,CARD,GW-ATLAS,Failed,2,106.8,SAR,0.0,0.15,-0.15
2024-09-12,SA147303844,TOKEN,GW-ORION,Refunded,1,140.5,SAR,0.0,0.56,-0.56
2025-07-21,SA676493356,CARD,GW-ATLAS,Voided,2,209.69,SAR,0.0,0.15,-0.15
2025-09-02,EG981274071,CARD,GW-ATLAS,Voided,5,2134.43,EGP,0.0,5.09,-5.09
2026-01-27,EG696983188,CARD,GW-ATLAS,Refunded,3,857.52,EGP,0.0,22.73,-22.73
2024-12-03,SA773581532,LDEBIT,GW-NIMBUS,Failed,1,736.99,SAR,0.0,0.06,-0.06
2025-08-11,EG987489356,CARD,GW-ATLAS,Success,2291,679263.76,EGP,26927.32,18288.92,8638.4
2025-05-24,SA779172798,TOKEN,GW-ORION,Refunded,2,357.08,SAR,0.0,1.12,-1.12
2025-08-21,EG697551722,LDEBIT,GW-NILE,Success,53,58044.53,EGP,613.87,326.83,287.04
2024-08-14,SA773581532,CARD,GW-ORION,Failed,3,2210.98,SAR,0.0,0.14,-0.14
2025-08-21,EG998632198,TOKEN,GW-NILE,Success,14,21594.99,EGP,542.18,308.8,233.38
2026-03-27,SA887395947,BANKTR,GW-NIMBUS,Refunded,1,4180.64,SAR,0.0,0.56,-0.56
2024-09-09,SA887395947,BANKTR,GW-NIMBUS,Success,38,116776.2,SAR,310.92,110.4,200.52
2026-06-01,EG799496821,TOKEN,GW-ATLAS,Refunded,4,4113.31,EGP,0.0,30.86,-30.86
2026-03-30,SA124881724,TOKEN,GW-ATLAS,Failed,1,116.57,SAR,0.0,0.08,-0.08
2024-12-10,EG219821138,LDEBIT,GW-NILE,Success,6,2144.85,EGP,37.83,18.98,18.85
2025-07-13,EG716286440,TOKEN,GW-ATLAS,Success,1,2946.07,EGP,72.75,48.26,24.49
2026-06-11,EG468167807,LDEBIT,GW-NILE,Captured,1,4707.15,EGP,35.95,20.86,15.09
2024-10-09,SA763491142,TOKEN,GW-ORION,Success,2,876.25,SAR,22.15,12.1,10.05
2024-07-28,SA124881724,CARD,GW-NIMBUS,Success,106,11960.62,SAR,240.68,187.31,53.37
2024-07-23,EG838350410,WALLET,GW-NILE,Failed,1,2394.6,EGP,0.0,0.38,-0.38
2026-01-24,OM688926128,TOKEN,GW-ATLAS,Failed,4,42.18,OMR,0.0,0.03,-0.03
2026-02-14,AE123781768,CARD,GW-ORION,Voided,7,348.55,AED,0.0,0.31,-0.31
2025-03-09,EG229215706,LDEBIT,GW-NILE,Success,1,269.6,EGP,5.9,2.82,3.08
2025-12-05,EG537339465,LDEBIT,GW-NILE,Refunded,4,1292.88,EGP,0.0,30.54,-30.54
2025-04-09,SA407055199,CARD,GW-ORION,Refunded,3,391.59,SAR,0.0,1.69,-1.69
2025-11-24,EG987146982,BANKTR,GW-NILE,Failed,5,3833.9,EGP,0.0,2.04,-2.04
2024-07-17,EG275709942,CARD,GW-NILE,Success,103,147013.01,EGP,2322.19,2048.73,273.46
2025-03-02,SA168621990,CARD,GW-NIMBUS,Failed,8,843.01,SAR,0.0,0.45,485.24
2025-10-16,SA710370541,LDEBIT,GW-NIMBUS,Failed,2,1255.07,SAR,0.0,0.11,-0.11
2025-01-14,SA256650029,CARD,GW-NIMBUS,Voided,1,125.8,SAR,0.0,0.06,-0.06
2024-10-13,EG420159724,LDEBIT,GW-NILE,Success,6,12608.75,EGP,165.5,61.27,104.23
2024-11-09,AE208762198,BNPL,GW-ATLAS,Failed,1,256.79,AED,0.0,0.07,-0.07
2026-02-13,SA936227927,BNPL,GW-ATLAS,Failed,2,1496.05,SAR,0.0,0.15,-0.15
2026-04-12,AE755836575,TOKEN,GW-ORION,Success,1,237.19,AED,5.78,3.37,2.41
2026-03-05,EG908795816,BANKTR,GW-NILE,Success,3,204677.53,EGP,468.22,142.1,326.12
2025-05-16,SA556781756,BNPL,GW-ATLAS,Failed,6,310.5,SAR,0.0,0.45,-0.45
2026-05-01,OM371938797,LDEBIT,GW-NIMBUS,Voided,2,15.39,OMR,0.0,0.01,-0.01
2025-12-16,EG221032323,CARD,GW-NILE,Success,17,23449.45,EGP,637.36,330.77,306.59
2026-04-06,SA865588306,CARD,GW-NIMBUS,Refunded,2,232.52,SAR,0.0,1.12,-1.12
2025-07-30,EG877654092,TOKEN,GW-NILE,Failed,6,5486.93,EGP,0.0,2.41,-2.41
2026-04-22,AE889475271,LDEBIT,GW-NIMBUS,Success,13,556.2,AED,8.95,4.65,4.3
2026-02-28,SA972748866,CARD,GW-ORION,Success,954,125655.79,SAR,1985.35,1823.77,161.58
2026-05-07,SA589749602,LDEBIT,GW-NIMBUS,Refunded,2,505.44,SAR,0.0,1.12,-1.12
2024-08-17,EG920470377,CARD,GW-NILE,Success,11,14393.67,EGP,371.24,203.12,168.12
,EG911025364,BNPL,GW-NILE,Failed,3,627.85,EGP,0.0,1.16,-1.16
2024-07-17,AE918231431,CARD,GW-ORION,Success,2,1993.74,AED,46.33,26.0,20.33
2025-11-21,EG697551722,CARD,GW-ATLAS,Refunded,25,32307.07,EGP,0.0,191.14,-191.14
2026-01-03,AE621587952,BNPL,GW-ATLAS,Success,1,530.02,AED,25.94,18.39,7.55
2024-07-01,EG134531316,WALLET,GW-NILE,Failed,3,5033.23,EGP,0.0,1.15,-1.15
2024-09-02,SA588810791,LDEBIT,GW-NIMBUS,Voided,1,126.13,SAR,0.0,0.06,-0.06
2024-09-25,SA592705693,CARD,GW-ORION,Refunded,1,824.86,SAR,0.0,0.56,-0.56
2026-04-12,EG611254298,CARD,GW-ATLAS,Voided,1,380.39,EGP,0.0,1.03,-1.03
2026-03-09,EG697551722,CARD,GW-ATLAS,Voided,2,2378.21,EGP,0.0,2.06,-2.06
2025-03-05,AE123781768,TOKEN,GW-ORION,Failed,11,547.72,AED,0.0,0.48,-0.48
2025-06-06,AE208762198,TOKEN,GW-ORION,Success,9,2235.55,AED,51.97,31.7,20.27
2025-10-16,AE998528073,CARD,GW-ORION,Success,8,1523.37,AED,39.29,21.28,18.01
2024-09-08,SA986462340,TOKEN,GW-ORION,Voided,1,41.25,SAR,0.0,0.04,-0.04
2024-09-14,EG799575469,WALLET,GW-NILE,CAPTURED,19,5764.6,EGP,158.12,78.77,79.35
2025-04-26,SA407055199,TOKEN,GW-NIMBUS,Success,26,2698.44,SAR,72.14,44.12,28.02
2025-09-17,AE932795909,TOKEN,GW-ORION,REFUND,2,420.29,AED,0.0,1.1,-1.1
2024-10-20,EG509980512,LDEBIT,GW-NILE,Failed,1,331.63,EGP,0.0,0.39,-0.39
2026-04-05,SA852543984,CARD,GW-NIMBUS,Voided,2,475.09,SAR,0.0,0.11,-0.11
2025-03-23,SA332563719,LDEBIT,GW-NIMBUS,SETTLED,5,170.63,SAR,2.77,1.61,1.16
2026-03-26,SA819868069,LDEBIT,GW-NIMBUS,Success,246,33604.23,SAR,346.4,192.73,153.67
2024-12-15,EG952454778,WALLET,GW-NILE,Success,16,4123.97,EGP,117.37,60.86,56.51
2025-12-12,EG245991238,BNPL,GW-ATLAS,Success,9,2496.21,EGP,113.15,95.43,17.72
2025-12-27,AE123781768,LDEBIT,GW-NIMBUS,SUCCESS,122,5836.5,AED,49.22,46.43,2.79
2025-01-04,EG511253320,WALLET,GW-NILE,APPROVED,13,4514.78,EGP,123.38,58.87,64.51
2025-07-03,EG806758000,LDEBIT,GW-NILE,Failed,1,998.48,EGP,0.0,0.4,-0.4
2026-01-02,AE878919871,CARD,GW-ORION,Refunded,11,2319.26,AED,0.0,6.06,-6.06
2025-09-18,AE779021046,TOKEN,GW-ORION,Success,4,6563.85,AED,161.1,88.17,72.93
2026-05-22,EG304469248,LDEBIT,GW-NILE,Success,1,1754.99,EGP,22.09,8.91,13.18
2026-05-16,SA502327003,LDEBIT,GW-NIMBUS,SUCCESS,1,119.43,SAR,1.62,0.71,0.91
2025-10-30,EG820064163,LDEBIT,GW-NILE,Voided,1,928.79,EGP,0.0,0.4,-0.4
2024-10-09,SA925677957,TOKEN,GW-NIMBUS,Voided,1,646.32,SAR,0.0,0.06,-0.06
2026-06-09,AE732739303,TOKEN,GW-NIMBUS,Captured,5,1035.3,AED,24.96,15.69,9.27
2026-02-10,SA716580826,CARD,GW-ATLAS,Success,53,2151.63,SAR,74.44,46.08,28.36
2025-10-06,EG550259154,TOKEN,GW-NILE,Success,7,2282.96,EGP,86.59,47.44,39.15
2026-02-17,SA211354199,CARD,GW-ORION,Success,6,1083.44,SAR,22.86,15.23,7.63
2025-05-01,SA159383546,CARD,GW-NIMBUS,Failed,4,113.41,SAR,0.0,0.22,-0.22
2024-09-30,SA466668047,CARD,GW-ORION,Voided,2,87.91,SAR,0.0,0.09,-0.09
2026-03-18,SA473783633,CARD,GW-ORION,Failed,1,785.64,SAR,0.0,0.04,-0.04
2026-02-23,AE208762198,TOKEN,GW-ORION,Failed,1,256.79,AED,0.0,0.04,-0.04
2026-03-21,EG474518016,TOKEN,GW-ATLAS,Refunded,1,1560.85,EGP,0.0,7.74,-7.74
2024-07-11,SA912413819,CARD,GW-ORION,Success,446,14887.84,SAR,481.68,290.38,191.3
2024-07-29,EG123423908,LDEBIT,GW-NILE,Success,2,4651.32,EGP,58.31,22.2,36.11
2025-08-06,OM267217098,CARD,GW-ATLAS,Success,523,7631.35,OMR,116.43,126.15,-9.72
2026-03-27,EG373280861,LDEBIT,GW-NILE,Success,4,2151.05,EGP,34.07,15.93,18.14
2025-08-10,EG432619696,CARD,GW-ATLAS,Failed,11,2418.93,EGP,0.0,10.88,-10.88
2025-01-30,EG643904514,WALLET,GW-NILE,Failed,2,807.57,EGP,0.0,0.78,-0.78
2026-05-27,AE671906697,CARD,GW-ORION,Failed,166,10535.85,AED,0.0,7.32,-7.32
2026-06-05,OM434589390,TOKEN,GW-ATLAS,Success,23,345.3,OMR,8.76,5.88,2.88
2025-12-01,EG707591429,LDEBIT,GW-NILE,Failed,1,723.6,EGP,0.0,0.41,-0.41
2026-03-30,EG237932689,LDEBIT,GW-NILE,Declined,1,436.2,EGP,0.0,0.41,-0.41
2025-04-24,SA251636450,CARD,GW-NIMBUS,APPROVED,31,1714.19,SAR,52.64,30.7,21.94
2026-01-07,EG537155658,LDEBIT,GW-NILE,Success,210,49108.83,EGP,1127.99,570.19,557.8
2026-04-19,AE827819347,BNPL,GW-ATLAS,Failed,8,500.53,AED,0.0,0.59,-0.59
2025-07-03,EG474518016,BNPL,GW-ATLAS,Failed,6,8412.71,EGP,0.0,6.02,-6.02
2024-11-12,EG110254241,TOKEN,GW-NILE,Success,1,444.38,EGP,15.5,8.19,7.31
2026-06-27,EG474518016,BNPL,GW-ATLAS,Success,14,17323.44,EGP,758.77,613.1,145.67
2026-03-10,EG166655022,CARD,GW-NILE,Refunded,6,10145.52,EGP,0.0,46.43,-46.43
2025-06-21,SA781674979,CARD,GW-NIMBUS,Voided,2,93.8,SAR,0.0,0.11,-0.11
2025-06-26,EG686030808,WALLET,GW-NILE,Failed,40,32723.27,EGP,0.0,15.96,-15.96
2026-05-30,EG379278678,TOKEN,GW-NILE,Success,1,1329.11,EGP,35.01,19.48,15.53
2025-03-03,EG537155658,WALLET,GW-NILE,Failed,8,1779.21,EGP,0.0,3.16,-3.16
2026-06-14,AE808885338,CARD,GW-ORION,Success,2,498.35,AED,12.93,6.83,6.1
2026-03-30,EG647781107,LDEBIT,GW-NILE,Success,16,10659.24,EGP,165.48,72.06,93.42
2026-06-02,EG191960141,CARD,GW-ATLAS,Failed,2,3168.5,EGP,0.0,2.06,-2.06
2025-07-28,EG987146982,CARD,GW-ATLAS,SUCCESS,111,82979.81,EGP,1660.38,1622.09,38.29
2025-03-26,EG988355477,CARD,GW-ATLAS,Success,5,12516.97,EGP,325.09,200.77,124.32
2024-10-06,AE584770998,LDEBIT,GW-NIMBUS,Voided,1,96.02,AED,0.0,0.06,-0.06
2025-12-20,AE426640224,TOKEN,GW-ORION,Success,14,1002.82,AED,27.84,16.4,11.44
2025-12-16,SA977935480,CARD,GW-ORION,Failed,4,413.58,SAR,0.0,0.18,-0.18
2025-06-28,SA466668047,TOKEN,GW-ORION,Failed,6,263.72,SAR,0.0,0.27,-0.27
2025-07-03,EG877654092,LDEBIT,GW-NILE,Refunded,5,3891.74,EGP,0.0,37.64,-37.64
2026-05-19,SA999694215,LDEBIT,GW-NIMBUS,Success,21,4086.92,SAR,50.72,21.93,28.79
2025-05-04,EG284431976,LDEBIT,GW-NILE,Success,6,5610.71,EGP,76.16,33.18,42.98
2025-10-17,EG336915801,CARD,GW-ATLAS,Failed,4,1205.54,EGP,0.0,4.03,-4.03
2025-04-09,AE195154121,CARD,GW-ORION,Voided,3,607.71,AED,0.0,0.13,-0.13
2026-01-01,EG379278678,CARD,GW-NILE,Success,1,2783.57,EGP,66.21,36.5,29.71
2025-12-01,AE727701879,CARD,GW-NIMBUS,Success,55,6893.78,AED,194.17,106.2,87.97
2024-07-26,AE861319254,TOKEN,GW-ATLAS,Failed,1,207.73,AED,0.0,0.07,-0.07
2026-03-27,EG647433267,CARD,GW-NILE,Failed,8,3917.23,EGP,0.0,3.3,-3.3
2025-06-11,AE676714739,CARD,GW-NIMBUS,Success,44,2682.61,AED,86.04,46.72,39.32
2025-06-23,OM214883127,CARD,GW-ATLAS,Failed,2,9.23,OMR,0.0,0.02,-0.02
2025-04-01,AE345303542,CARD,GW-ATLAS,Success,29,1475.79,AED,47.38,29.4,17.98
2025-09-25,SA819868069,CARD,GW-NIMBUS,Success,586,77739.86,SAR,1639.94,1192.33,447.61
2025-11-08,SA256650029,TOKEN,GW-NIMBUS,Success,89,11754.88,SAR,297.86,186.26,111.6
2025-07-04,AE307567415,TOKEN,GW-ORION,Refunded,13,1905.38,AED,0.0,7.16,-7.16
2026-01-06,AE987618927,TOKEN,GW-NIMBUS,Failed,2,82.91,AED,0.0,0.11,-0.11
2026-03-23,OM780225802,CARD,GW-NIMBUS,Voided,2,9.92,OMR,0.0,0.01,-0.01
2025-12-20,SA462175242,LDEBIT,GW-NIMBUS,Success,6,653.08,SAR,8.72,3.95,4.77
2026-01-20,SA466668047,CARD,GW-ORION,Refunded,2,102.14,SAR,0.0,1.12,-1.12
2024-09-05,AE239330460,TOKEN,GW-ORION,Success,4,312.27,AED,9.49,5.03,4.46
2026-03-29,AE782539735,TOKEN,GW-ORION,Refunded,1,40.95,AED,0.0,0.55,-0.55
31/02/2025,AE671906697,TOKEN,GW-ORION,REVERSED,14,888.57,AED,0.0,0.62,-0.62
2026-03-22,SA382289892,CARD,GW-ORION,Refunded,5,889.87,SAR,0.0,2.81,-2.81
2024-09-03,EG554455116,CARD,GW-NILE,Success,5,37676.59,EGP,885.78,470.55,415.23
2024-10-04,AE520409719,CARD,GW-NIMBUS,Success,29,7615.53,AED,173.85,109.73,64.12
2025-03-24,SA588810791,LDEBIT,GW-NIMBUS,Success,150,18179.3,SAR,148.94,107.12,41.82
2024-09-25,EG482640702,BNPL,GW-NILE,Refunded,2,3505.27,EGP,0.0,14.47,-14.47
2025-11-07,EG275709942,CARD,GW-NILE,Voided,3,4684.27,EGP,0.0,1.22,-1.22
2026-01-25,SA582972742,LDEBIT,GW-NIMBUS,Voided,1,202.14,SAR,0.0,0.06,-0.06
2026-02-26,SA158425015,CARD,GW-NIMBUS,Voided,2,79.98,SAR,0.0,0.11,-0.11
2025-09-11,SA358724361,CARD,GW-ORION,Failed,2,85.39,SAR,0.0,0.09,-0.09
2026-01-02,AE274153176,CARD,GW-ATLAS,Refunded,1,1400.77,AED,0.0,0.55,-0.55
2025-09-21,EG511253320,LDEBIT,GW-NILE,DECLINED,3,1002.62,EGP,0.0,1.22,-1.22
2024-12-21,SA307616362,LDEBIT,GW-NIMBUS,Refunded,1,69.63,SAR,0.0,0.56,-0.56
2025-08-15,SA391124455,CARD,GW-ATLAS,Failed,2,258.66,SAR,0.0,0.15,-0.15
2025-06-17,EG686030808,CARD,GW-NILE,Refunded,61,59682.3,EGP,0.0,456.37,-456.37
2025-07-09,AE642488904,CARD,GW-ATLAS,Voided,1,1379.75,AED,0.0,0.07,-0.07
2026-05-25,AE520556972,LDEBIT,GW-NIMBUS,Voided,3,415.19,AED,0.0,0.17,-0.17
2024-10-28,EG386547356,CARD,GW-NILE,Success,1,68296.68,EGP,1090.0,832.38,257.62
2026-01-31,SA159383546,TOKEN,GW-NIMBUS,VOID,1,28.35,SAR,0.0,0.06,-0.06
2024-08-24,AE301462734,CARD,GW-ORION,Failed,5,216.83,AED,0.0,0.22,-0.22
2026-03-08,EG624580946,CARD,GW-NILE,Failed,65,14306.33,EGP,0.0,26.83,-26.83
2024-08-16,EG877654092,WALLET,GW-NILE,Success,150,133249.37,EGP,1849.92,1333.64,516.28
2025-04-23,SA887395947,CARD,GW-ORION,Success,11,35910.52,SAR,582.48,462.83,119.65
2026-04-12,SA886598559,CARD,GW-NIMBUS,Success,46,7664.14,SAR,188.7,114.68,74.02
2024-12-10,OM501692260,CARD,GW-NIMBUS,Success,2,100.0,OMR,2.25,1.4,0.85
2025-06-11,SA597658531,TOKEN,GW-ATLAS,Voided,3,464.41,SAR,0.0,0.22,-0.22
2025-05-04,SA640104269,BNPL,GW-ATLAS,Success,1,2929.69,SAR,95.19,101.33,-6.14
2024-11-17,EG981274071,LDEBIT,GW-NILE,Failed,4,1635.99,EGP,0.0,1.56,-1.56
2025-09-28,EG486344028,WALLET,GW-NILE,Voided,1,334.72,EGP,0.0,0.41,-0.41
2025-07-15,OM761036673,TOKEN,GW-ATLAS,Failed,7,27.22,OMR,0.0,0.05,-0.05
2026-04-19,SA435110503,BANKTR,GW-NIMBUS,Voided,4,1462.8,SAR,0.0,0.22,-0.22
2025-05-22,AE389283318,CARD,GW-ORION,Success,946,90097.11,AED,1844.86,1361.76,483.1
2025-03-24,EG903275069,WALLET,GW-NILE,VOIDED,2,1014.43,EGP,0.0,0.79,-0.79
2025-05-26,SA211354199,BNPL,GW-ATLAS,Success,4,803.87,SAR,30.58,28.08,2.5
2026-02-18,OM141192539,CARD,GW-ATLAS,REFUNDED,18,378.36,OMR,0.0,1.04,-1.04
2024-12-14,EG280455389,CARD,GW-NILE,Success,4,5412.62,EGP,137.06,76.16,60.9
2025-05-29,EG680139391,WALLET,GW-NILE,Failed,11,4472.98,EGP,0.0,4.38,-4.38
2026-06-12,SA711015471,CARD,GW-ORION,Success,30,1272.38,SAR,40.95,23.01,17.94
2025-12-24,EG150005962,CARD,GW-NILE,Failed,3,1586.29,EGP,0.0,1.22,-1.22
2025-05-20,SA859807984,CARD,GW-NIMBUS,Success,8,12277.12,SAR,281.94,167.69,114.25
2026-01-18,OM334471218,TOKEN,GW-ATLAS,Success,9,188.25,OMR,4.6,3.1,1.5
2025-08-25,SA479684490,CARD,GW-ORION,Failed,7,322.88,SAR,0.0,0.32,-0.32
2025-08-06,SA987666099,BANKTR,GW-NIMBUS,Refunded,9,536.01,SAR,0.0,5.06,-5.06
2026-05-13,SA597658531,LDEBIT,GW-NIMBUS,Refunded,7,778.83,SAR,0.0,3.94,-3.94
2025-11-10,SA734980407,CARD,GW-ATLAS,Voided,8,479.76,SAR,0.0,0.6,-0.6
2026-05-21,SA779172798,CARD,GW-ATLAS,Failed,2,288.15,SAR,0.0,0.15,-0.15
2025-05-27,AE229934676,BANKTR,GW-NIMBUS,Failed,12,1424.69,AED,0.0,0.66,-0.66
2026-03-11,EG276584921,WALLET,GW-NILE,Failed,2,2979.26,EGP,0.0,0.83,-0.83
2025-12-30,SA620446884,TOKEN,GW-ATLAS,Success,5,624.62,SAR,16.23,10.83,5.4
2024-09-16,EG867607945,WALLET,GW-NILE,Failed,1,1265.85,EGP,0.0,0.39,-0.39
2025-09-24,EG280455389,TOKEN,GW-ATLAS,Success,2,4616.36,EGP,112.58,77.34,35.24
2026-05-19,EG987146982,CARD,GW-ATLAS,Voided,1,775.55,EGP,0.0,1.03,-1.03
2026-01-03,SA122822556,LDEBIT,GW-NIMBUS,Failed,2,105.77,SAR,0.0,0.11,-0.11
2025-10-28,EG799496821,CARD,GW-NILE,Failed,30,25873.92,EGP,0.0,12.08,-12.08
2025-09-12,OM978131111,LDEBIT,GW-NIMBUS,Success,5,71.09,OMR,0.95,0.41,0.54
2026-02-22,EG580628831,WALLET,GW-NILE,Success,2,1672.95,EGP,38.61,17.14,21.47
2025-05-01,EG955763785,CARD,GW-NILE,Voided,1,813.31,EGP,0.0,0.4,-0.4
2026-04-09,SA623969133,TOKEN,GW-NIMBUS,Success,2,490.72,SAR,12.5,7.36,5.14
2025-12-12,EG271950140,WALLET,GW-NILE,Refunded,1,511.83,EGP,0.0,7.64,-7.64
2025-11-13,AE174460555,CARD,GW-NIMBUS,Success,7,1062.3,AED,27.98,16.01,11.97
2025-05-30,AE588030458,TOKEN,GW-ATLAS,Success,8,1016.01,AED,27.38,17.54,9.84
2025-11-09,SA772263667,LDEBIT,GW-NIMBUS,Failed,1,46.93,SAR,0.0,0.06,-0.06
2026-02-06,EG783358166,CARD,GW-ATLAS,Failed,13,3797.28,EGP,0.0,13.34,-13.34
2025-07-28,AE853501645,TOKEN,GW-NIMBUS,Failed,3,184.87,AED,0.0,0.17,-0.17
2025-07-13,SA124881724,LDEBIT,GW-NIMBUS,Failed,5,582.86,SAR,0.0,0.28,-0.28
2024-09-02,AE123781768,CARD,GW-ORION,DECLINED,44,2190.87,AED,0.0,1.94,-1.94
2025-01-29,EG629727686,WALLET,GW-NILE,Success,9,3075.07,EGP,79.53,40.34,39.19
2026-04-18,SA891035844,CARD,GW-ATLAS,Failed,11,1936.18,SAR,0.0,0.82,-0.82
2025-10-30,SA734980407,BNPL,GW-ATLAS,Success,112,6883.15,SAR,179.93,246.28,-66.35
2025-01-25,EG724883181,WALLET,GW-NILE,Success,18,6274.23,EGP,155.91,81.7,74.21
2025-12-28,EG509980512,BNPL,GW-ATLAS,Success,6,1880.39,EGP,89.17,71.09,18.08
2025-03-23,EG877654092,CARD,GW-NILE,REFUNDED,6,8447.86,EGP,0.0,44.46,-44.46
2025-09-07,SA487858809,TOKEN,GW-ORION,Success,8,426.7,SAR,12.9,7.46,5.44
2026-05-25,SA165160063,LDEBIT,GW-NIMBUS,Success,11,2589.08,SAR,32.71,13.51,19.2
2025-08-16,AE360087333,TOKEN,GW-ORION,SUCCESS,13,584.12,AED,18.29,10.61,7.68
2025-09-07,SA845331728,CARD,GW-NIMBUS,Failed,1,1078.87,SAR,0.0,0.06,-0.06
2025-01-14,EG235283002,BANKTR,GW-NILE,Voided,1,2619.71,EGP,0.0,0.39,-0.39
2026-04-05,OM761036673,CARD,GW-NIMBUS,Voided,4,15.55,OMR,0.0,0.02,-0.02
2025-06-12,AE782539735,CARD,GW-NIMBUS,Failed,17,711.87,AED,0.0,0.94,-0.94
2026-01-20,EG181564804,CARD,GW-ATLAS,Voided,194,96061.0,EGP,0.0,196.01,-196.01
2026-01-02,EG680139391,TOKEN,GW-ATLAS,Voided,2,824.75,EGP,0.0,2.02,-2.02
2025-08-22,EG873952802,LDEBIT,GW-NILE,SETTLED,48,64055.44,EGP,561.4,342.52,218.88
2024-12-11,SA900572493,TOKEN,GW-ORION,Refunded,1,397.42,SAR,0.0,0.56,-0.56
2026-04-10,AE642488904,CARD,GW-ATLAS,Failed,7,9658.27,AED,0.0,0.51,-0.51
2026-03-12,SA211354199,LDEBIT,GW-NIMBUS,SUCCESS,5,865.73,SAR,8.99,4.74,4.25
2025-12-22,EG707591429,LDEBIT,GW-NILE,Failed,1,723.6,EGP,0.0,0.41,-0.41
2026-02-01,EG926950694,WALLET,GW-NILE,Success,100,127039.79,EGP,1561.81,1208.59,353.22
2025-07-14,EG235283002,CARD,GW-NILE,Success,113,307964.83,EGP,5161.2,4042.35,1118.85
2025-10-26,EG308894080,LDEBIT,GW-NILE,Success,1,5148.04,EGP,67.02,22.61,44.41
2026-05-27,EG275709942,CARD,GW-NILE,Voided,1,1579.29,EGP,0.0,0.41,-0.41
2026-03-07,EG903275069,LDEBIT,GW-NILE,Success,61,33328.83,EGP,520.98,245.13,275.85
2025-01-06,OM667112904,LDEBIT,GW-NIMBUS,Success,29,88.3,OMR,1.63,0.9,0.73
2024-07-31,SA534917472,CARD,GW-ORION,Approved,9,360.54,SAR,11.83,6.63,5.2
2025-01-11,SA847687864,LDEBIT,GW-NIMBUS,Success,13,1621.4,SAR,21.81,9.49,12.32
2025-08-15,AE241754747,CARD,GW-NIMBUS,Success,38,1731.69,AED,56.84,32.45,24.39
2026-03-26,SA966321681,CARD,GW-NIMBUS,Failed,5,722.67,SAR,0.0,0.28,-0.28
2024-09-04,AE738504243,TOKEN,GW-NIMBUS,Voided,1,252.06,AED,0.0,0.06,-0.06
2026-01-26,EG538857731,CARD,GW-NILE,Success,21,36438.91,EGP,894.26,498.96,395.3
2025-05-18,SA734980407,LDEBIT,GW-NIMBUS,Refunded,1,49.94,SAR,0.0,0.56,-0.56
2026-04-11,SA307616362,LDEBIT,GW-NIMBUS,Success,111,5528.04,SAR,79.96,43.61,36.35
2025-10-09,EG134531316,WALLET,GW-NILE,Success,4,7379.04,EGP,148.06,66.82,81.24
2026-02-23,SA977935480,CARD,GW-ORION,Success,80,8420.97,SAR,237.31,125.81,111.5
2025-10-02,OM526413827,LDEBIT,GW-NIMBUS,Success,6,52.51,OMR,0.7,0.34,0.36
2025-09-13,EG573406141,CARD,GW-NILE,Success,5,4436.9,EGP,136.15,67.41,68.74
2025-04-05,AE713987880,LDEBIT,GW-NIMBUS,Success,3,390.65,AED,5.24,2.25,2.99
2026-04-03,SA320986752,LDEBIT,GW-NIMBUS,Failed,2,1722.1,SAR,0.0,0.11,-0.11
2025-12-13,EG237932689,BNPL,GW-NILE,Failed,1,430.36,EGP,0.0,0.41,-0.41
2025-06-10,EG786386215,CARD,GW-ATLAS,Success,2,3733.66,EGP,104.3,61.82,42.48
2024-08-09,SA891035844,CARD,GW-ATLAS,Failed,14,2464.23,SAR,0.0,1.05,-1.05
2025-10-31,OM377293460,TOKEN,GW-NIMBUS,Success,5,89.84,OMR,2.21,1.38,0.83
2024-09-18,EG486344028,CARD,GW-ATLAS,Refunded,2,648.88,EGP,0.0,14.47,-14.47
2024-11-16,AE713987880,CARD,GW-ORION,Failed,2,286.74,AED,0.0,0.09,-0.09
2026-06-08,OM978131111,TOKEN,GW-NIMBUS,Success,2,13.72,OMR,0.42,0.24,0.18
2025-10-05,EG934454177,CARD,GW-ATLAS,Refunded,15,12457.68,EGP,0.0,113.28,-113.28
2026-01-07,SA837285263,CARD,GW-NIMBUS,Failed,1,326.78,SAR,0.0,0.06,-0.06
2026-01-02,AE588030458,LDEBIT,GW-NIMBUS,Success,7,574.33,AED,7.93,3.74,4.19
2025-06-05,AE307567415,TOKEN,GW-ORION,Failed,16,2916.48,AED,0.0,0.71,-0.71
2026-03-10,AE572051786,TOKEN,GW-ATLAS,Voided,1,42.99,AED,0.0,0.07,-0.07
2025-05-20,SA999694215,CARD,GW-NIMBUS,Success,40,7625.25,SAR,193.42,112.69,80.73
2026-01-12,EG191889591,CARD,GW-ATLAS,Refunded,2,2480.17,EGP,0.0,15.16,-15.16
2025-12-24,EG125693032,CARD,GW-ATLAS,Success,25,6332.88,EGP,277.69,186.5,91.19
2024-11-25,EG680139391,LDEBIT,GW-NILE,Success,35,13292.89,EGP,237.74,113.62,124.12
2026-05-17,AE273918504,TOKEN,GW-ORION,Success,2,126.84,AED,3.59,2.12,1.47
2025-10-20,OM141192539,TOKEN,GW-NIMBUS,Success,30,474.48,OMR,11.53,7.39,4.14
2025-04-01,AE226845726,CARD,GW-NIMBUS,Success,24,3607.85,AED,86.45,54.44,32.01
2025-12-02,XX780625366,LDEBIT,GW-NIMBUS,Success,42,134.19,OMR,2.3,1.33,0.97
2026-04-14,EG982441707,WALLET,GW-NILE,Success,13,5173.74,EGP,136.96,65.25,71.71
2025-11-21,EG623813968,LDEBIT,GW-NILE,Success,3,6387.51,EGP,79.71,31.22,48.49
2025-07-20,AE853501645,CARD,GW-ORION,Failed,11,677.85,AED,0.0,0.48,-0.48
2026-06-29,AE755938199,TOKEN,GW-NIMBUS,Refunded,1,1293.72,AED,0.0,0.55,-0.55
2025-06-27,EG926950694,TOKEN,GW-ATLAS,Failed,5,5970.19,EGP,0.0,4.99,-4.99
2025-08-05,SA811026603,CARD,GW-ATLAS,Success,2,226.14,SAR,6.24,3.85,2.39
2025-08-22,EG916667859,LDEBIT,GW-NILE,Success,2,2052.87,EGP,29.3,11.78,17.52
2024-10-15,OM450405182,CARD,GW-ATLAS,Success,7,34.88,OMR,1.06,0.71,0.35
2025-12-03,EG509980512,WALLET,GW-NILE,Failed,1,347.29,EGP,0.0,0.41,-0.41
2025-08-12,SA268961677,CARD,GW-ORION,Success,24,2785.46,SAR,72.51,41.06,31.45
2024-10-24,SA592705693,CARD,GW-ORION,Success,1,916.94,SAR,21.03,11.98,9.05
2025-01-12,EG219821138,BNPL,GW-NILE,Success,4,1360.73,EGP,60.02,40.76,19.26
2024-09-25,SA306273888,BNPL,GW-ATLAS,Failed,8,708.64,SAR,0.0,0.6,-0.6
2025-04-24,AE634298413,CARD,GW-ORION,Failed,4,195.15,AED,0.0,0.18,-0.18
2025-06-19,EG482640702,WALLET,GW-NILE,Success,17,47874.31,EGP,946.26,417.46,528.8
2025-02-22,SA972748866,LDEBIT,GW-NIMBUS,Failed,13,1695.07,SAR,0.0,0.73,-0.73
2026-05-05,EG679079810,CARD,GW-NILE,Success,1,516.77,EGP,17.91,9.01,8.9
2026-03-31,OM206534144,LDEBIT,GW-NIMBUS,Success,2,66.4,OMR,0.84,0.33,0.51
2025-07-22,AE932795909,TOKEN,GW-ORION,Failed,15,4330.11,AED,0.0,0.66,-0.66
2025-04-02,SA811044755,LDEBIT,GW-NIMBUS,Success,1,644.54,SAR,7.19,3.07,4.12
2025-02-08,EG474518016,CARD,GW-NILE,Success,60,80308.29,EGP,2053.15,1131.78,921.37
2025-12-04,AE642488904,TOKEN,GW-NIMBUS,Voided,1,1379.75,AED,0.0,0.06,-0.06
2026-05-16,EG550259154,LDEBIT,GW-NILE,Success,1,400.52,EGP,6.89,3.43,3.46
2026-01-09,AE817996070,CARD,GW-ORION,Approved,2,1442.14,AED,34.77,18.93,15.84
2025-12-17,EG744743048,TOKEN,GW-NILE,Success,32,43618.37,EGP,1220.64,635.92,584.72
2025-08-31,EG259754316,CARD,GW-ATLAS,Refunded,1,716.03,EGP,0.0,7.42,-7.42
2026-02-17,EG450716760,CARD,GW-NILE,CAPTURED,6,17631.24,EGP,429.91,230.53,199.38
2025-08-31,SA189353734,CARD,GW-ORION,Failed,8,310.47,SAR,0.0,0.36,-0.36
2024-09-12,EG903275069,CARD,GW-NILE,Refunded,2,947.06,EGP,0.0,14.47,-14.47
2025-07-05,SA781674979,LDEBIT,GW-NIMBUS,Failed,1,46.9,SAR,0.0,0.06,-0.06
2025-08-26,AE642488904,CARD,GW-ATLAS,Voided,1,1379.75,AED,0.0,0.07,-0.07
2025-07-27,EG235283002,CARD,GW-NILE,Success,122,330925.69,EGP,5548.03,4345.26,1202.77
2025-03-09,EG304469248,CARD,GW-NILE,Success,8,32661.76,EGP,778.02,417.78,360.24
2025-05-09,SA362023155,CARD,GW-ORION,Voided,1,66.05,SAR,0.0,0.04,-0.04
2025-09-23,AE713987880,LDEBIT,GW-NIMBUS,Failed,1,143.37,AED,0.0,0.06,-0.06
2024-11-27,AE861319254,TOKEN,GW-ATLAS,Success,2,453.17,AED,11.7,7.4,4.3
2025-06-11,EG783358166,TOKEN,GW-ATLAS,Success,13,3101.43,EGP,142.76,94.87,47.89
2025-02-05,SA189309853,LDEBIT,GW-NIMBUS,Success,3,603.12,SAR,6.79,3.22,3.57
2025-01-04,EG806758000,LDEBIT,GW-NILE,Failed,1,974.97,EGP,0.0,0.39,-0.39
2026-03-15,EG770407516,CARD,GW-NILE,Voided,9,2648.95,EGP,0.0,3.71,-3.71
2025-03-21,EG943656964,WALLET,GW-NILE,Failed,1,342.0,EGP,0.0,0.4,-0.4
2024-09-29,SA705652485,TOKEN,GW-NIMBUS,Success,104,12454.41,SAR,269.7,199.71,69.99
2024-10-30,SA627300378,LDEBIT,GW-NIMBUS,Success,8,3084.95,SAR,39.38,15.23,24.15
2025-02-21,SA939182412,CARD,GW-NIMBUS,ERROR,2,76.75,SAR,0.0,0.11,-0.11
2025-10-20,SA851607798,LDEBIT,GW-NIMBUS,Success,58,3706.62,SAR,31.29,26.47,4.82
2025-12-17,AE545364971,LDEBIT,GW-NIMBUS,Success,3,355.33,AED,4.59,2.09,2.5
2024-12-20,EG100648072,CARD,GW-ATLAS,Success,2,4213.33,EGP,113.98,68.69,45.29
2026-05-24,AE502481662,CARD,GW-ORION,Success,87,38604.21,AED,609.54,513.92,95.62
2026-05-28,EG345706176,CARD,GW-NILE,Success,2,4591.02,EGP,117.75,61.25,56.5
2026-01-28,SA693304792,LDEBIT,GW-NIMBUS,Success,5,18046.2,SAR,135.82,82.05,53.77
2024-12-08,SA189309853,LDEBIT,GW-NIMBUS,Success,2,492.31,SAR,5.46,2.55,2.91
2025-04-05,EG219821138,WALLET,GW-NILE,Refunded,1,405.19,EGP,0.0,7.46,-7.46
2026-05-28,SA710370541,TOKEN,GW-ORION,Failed,2,1255.07,SAR,0.0,0.09,-0.09
2024-12-24,AE572051786,CARD,GW-NIMBUS,Success,48,2168.16,AED,69.48,40.73,28.75
2026-04-09,AE618504164,LDEBIT,GW-NIMBUS,Success,16,762.42,AED,12.0,6.08,5.92
2025-01-09,SA420885285,TOKEN,GW-ORION,Success,3,381.13,SAR,10.53,5.74,4.79
2025-11-09,EG761087060,CARD,GW-NILE,Success,103,151612.96,EGP,3990.88,2120.35,1870.53
2025-12-20,EG537155658,WALLET,GW-NILE,Failed,12,2750.23,EGP,0.0,4.89,-4.89
2026-05-17,EG771233717,CARD,GW-ATLAS,Refunded,1,1699.99,EGP,0.0,7.73,-7.73
2026-06-07,EG926950694,WALLET,GW-NILE,Success,72,90662.87,EGP,1116.11,863.99,252.12
2024-08-04,OM284198769,TOKEN,GW-NIMBUS,Success,45,698.17,OMR,13.09,10.9,2.19
2025-04-18,AE195154121,CARD,GW-ORION,Failed,5,1012.85,AED,0.0,0.22,-0.22
2026-02-19,AE547591847,BNPL,GW-ATLAS,Success,6,988.06,AED,43.68,34.59,9.09
2024-12-04,EG344164016,WALLET,GW-NILE,Failed,2,652.01,EGP,0.0,0.78,-0.78
2024-11-29,SA986462340,CARD,GW-ORION,Voided,2,82.49,SAR,0.0,0.09,-0.09
2025-02-04,EG911025364,BNPL,GW-NILE,Failed,1,212.88,EGP,0.0,0.39,-0.39
2025-11-25,AE998528073,CARD,GW-ORION,Failed,2,460.31,AED,0.0,0.09,-0.09
2025-06-05,SA426436949,TOKEN,GW-ORION,Failed,6,410.37,SAR,0.0,0.27,-0.27
2026-01-25,EG537339465,WALLET,GW-NILE,Voided,1,427.28,EGP,0.0,0.4,-0.4
2025-11-07,EG100648072,LDEBIT,GW-NILE,Success,1,4406.34,EGP,55.71,19.63,36.08
2025-07-01,EG926950694,WALLET,GW-NILE,Success,110,127324.18,EGP,1578.94,1224.55,354.39
2024-12-19,EG934737958,WALLET,GW-NILE,Success,9,2471.01,EGP,66.74,35.46,31.28
2025-03-11,EG139657763,TOKEN,GW-NILE,Refunded,7,9756.67,EGP,0.0,51.87,-51.87
2024-11-18,AE486272694,LDEBIT,GW-NIMBUS,Success,2,544.21,AED,6.43,2.78,3.65
2025-05-02,SA385404287,CARD,GW-ORION,Failed,14,710.65,SAR,0.0,0.63,-0.63
2026-06-25,EG166655022,WALLET,GW-NILE,Success,18,18285.03,EGP,377.98,180.51,197.47
2026-03-19,EG474518016,WALLET,GW-NILE,Refunded,1,2041.92,EGP,0.0,7.74,-7.74
2026-05-13,EG967183698,WALLET,GW-NILE,REFUNDED,9,3799.48,EGP,0.0,69.6,-69.6
2024-11-23,OM936304206,CARD,GW-ATLAS,Refunded,1,15.2,OMR,0.0,0.06,-0.06
2025-03-27,EG843137256,WALLET,GW-NILE,Refunded,2,2212.13,EGP,0.0,14.82,-14.82
2025-09-03,EG611254298,LDEBIT,GW-NILE,Success,8,2889.39,EGP,52.71,25.96,26.75
2026-03-11,AE728035822,LDEBIT,GW-NIMBUS,Success,1,135.63,AED,1.84,0.78,1.06
2026-02-28,AE417405784,CARD,GW-NIMBUS,Success,14,770.78,AED,23.6,13.75,9.85
2025-07-15,EG903275069,WALLET,GW-NILE,APPROVED,85,44437.79,EGP,1006.51,509.26,497.25
2025-08-05,OM995225132,LDEBIT,GW-NIMBUS,Success,1,32.03,OMR,0.37,0.16,0.21
2026-01-30,EG728358410,BNPL,GW-NILE,Success,6,9812.3,EGP,401.52,285.02,116.5
2026-02-21,AE123781768,TOKEN,GW-ORION,Success,160,7925.9,AED,136.31,140.38,-4.07
2026-01-20,AE273918504,CARD,GW-ORION,Success,10,560.23,AED,16.03,9.37,6.66
2025-10-09,AE998528073,TOKEN,GW-NIMBUS,APPROVED,1,199.99,AED,5.24,3.04,2.2
2025-10-15,AE548451543,CARD,GW-ORION,Success,39,2443.53,AED,71.04,39.85,31.19
2025-06-08,EG873952802,TOKEN,GW-NILE,Success,77,97520.96,EGP,1791.99,1432.31,359.68
2024-08-26,AE205330599,TOKEN,GW-ORION,Success,3,458.15,AED,12.72,6.75,5.97
2024-10-16,EG744743048,CARD,GW-NILE,Success,59,76093.05,EGP,2091.71,1076.53,1015.18
2024-10-31,EG181564804,LDEBIT,GW-NILE,Success,3183,1498496.43,EGP,17452.88,11484.0,5968.88
2025-05-02,SA182543031,LDEBIT,GW-NIMBUS,Success,3,449.53,SAR,5.55,2.53,3.02
2026-06-05,AE307567415,TOKEN,GW-ORION,Voided,3,546.84,AED,0.0,0.13,-0.13
2025-03-03,EG799496821,WALLET,GW-NILE,Failed,7,5923.52,EGP,0.0,2.77,-2.77
2026-03-05,SA588810791,CARD,GW-ORION,Failed,12,1513.53,SAR,0.0,0.54,-0.54
2025-10-14,AE901159238,CARD,GW-NIMBUS,Voided,1,208.99,AED,0.0,0.06,-0.06
2026-06-15,SA909427280,CARD,GW-NIMBUS,Failed,26,4289.18,SAR,0.0,1.46,-1.46
2025-04-07,EG911025364,TOKEN,GW-ATLAS,Failed,2,431.33,EGP,0.0,1.99,-1.99
2024-09-02,EG903275069,TOKEN,GW-ATLAS,Success,50,23249.64,EGP,771.29,530.02,241.27
2025-01-26,SA972748866,CARD,GW-ORION,Refunded,4,844.86,SAR,0.0,2.25,-2.25
2025-04-19,EG293670432,BNPL,GW-NILE,Success,6,1671.45,EGP,70.32,50.52,19.8
2026-01-22,AE719619202,LDEBIT,GW-NIMBUS,Success,5,1352.89,AED,16.87,6.91,9.96
2025-11-09,SA241226283,BANKTR,GW-NIMBUS,Failed,2,1185.65,SAR,0.0,0.11,-0.11
2025-11-18,EG762971123,CARD,GW-ATLAS,Success,5,9516.82,EGP,248.12,157.61,90.51
2026-03-12,EG217500923,WALLET,GW-NILE,Success,16,9110.49,EGP,198.43,102.69,95.74
2025-05-23,SA138962665,TOKEN,GW-ORION,CAPTURED,3,729.67,SAR,19.6,10.37,9.23
2024-07-20,SA865281392,CARD,GW-ATLAS,Failed,1,374.69,SAR,0.0,0.08,-0.08
2026-05-20,EG926950694,LDEBIT,GW-NILE,Voided,3,3702.7,EGP,0.0,1.24,-1.24
2026-03-30,SA945807399,CARD,GW-ATLAS,Failed,2,1012.72,SAR,0.0,0.15,-0.15
2025-05-24,EG344164016,CARD,GW-ATLAS,Success,48,16417.14,EGP,631.12,416.3,214.82
2024-12-03,OM761036673,LDEBIT,GW-NIMBUS,Failed,6,23.33,OMR,0.0,0.03,-0.03
2026-06-16,EG916667859,WALLET,GW-NILE,SUCCESS,1,1295.42,EGP,27.57,12.29,15.28
2025-09-25,EG331354329,WALLET,GW-NILE,Success,90,31967.25,EGP,605.53,419.38,186.15
2025-12-25,OM107384993,TOKEN,GW-ATLAS,Refunded,2,33.16,OMR,0.0,0.12,-0.12
2025-05-27,AE719619202,CARD,GW-NIMBUS,Success,14,4111.92,AED,104.17,58.85,45.32
2026-04-05,AE195822932,CARD,GW-NIMBUS,Refunded,3,272.47,AED,0.0,1.65,-1.65
2026-06-04,SA722880043,TOKEN,GW-ATLAS,Refunded,1,1540.98,SAR,0.0,0.56,-0.56
2026-01-25,EG785459891,CARD,GW-NILE,Success,3,74325.46,EGP,1198.33,911.09,287.24
2025-03-31,AE711049967,BANKTR,GW-NIMBUS,Success,3,31194.52,AED,68.58,19.62,48.96
2025-06-15,AE201167720,CARD,GW-ORION,Success,2,8197.2,AED,134.87,105.53,29.34
2026-02-11,EG873952802,CARD,GW-ATLAS,Voided,4,5359.16,EGP,0.0,4.1,-4.1
2026-06-08,SA676493356,CARD,GW-ATLAS,VOID,3,314.54,SAR,0.0,0.22,-0.22
2025-09-17,SA592950341,CARD,GW-NIMBUS,Failed,1,201.07,SAR,0.0,0.06,-0.06
2024-09-02,EG629727686,WALLET,GW-NILE,Failed,1,336.12,EGP,0.0,0.39,-0.39
2024-12-02,EG624580946,CARD,GW-NILE,Voided,2,418.26,EGP,0.0,0.78,-0.78
2024-09-19,EG373280861,TOKEN,GW-NILE,CAPTURED,1,251.98,EGP,10.64,5.73,4.91
2025-05-15,SA391124455,TOKEN,GW-ORION,Failed,2,258.66,SAR,0.0,0.09,-0.09
2025-09-29,SA174215481,TOKEN,GW-NIMBUS,Success,1,86.67,SAR,2.43,1.46,0.97
2024-12-16,OM817062602,CARD,GW-NIMBUS,Voided,2,26.38,OMR,0.0,0.01,-0.01
2025-04-24,SA320986752,CARD,GW-NIMBUS,FAILED,13,11193.62,SAR,0.0,0.73,-0.73
2024-10-16,EG823617801,CARD,GW-NILE,Success,18,5072.94,EGP,210.73,108.01,102.72
2025-02-24,EG165126097,TOKEN,GW-NILE,Success,2,2211.0,EGP,62.06,33.06,29.0
2026-01-26,EG926950694,TOKEN,GW-ATLAS,Refunded,5,5252.57,EGP,0.0,37.89,-37.89
2025-03-13,EG482640702,LDEBIT,GW-NILE,Failed,1,2298.97,EGP,0.0,0.4,-0.4
2025-01-21,EG327394766,TOKEN,GW-ATLAS,Refunded,2,2232.13,EGP,0.0,14.7,-14.7
2026-06-09,SA847623511,CARD,GW-ORION,Success,20,1778.35,SAR,50.5,27.26,23.24
2025-02-03,EG724883181,LDEBIT,GW-NILE,Success,13,3727.25,EGP,72.48,37.42,35.06
2025-03-03,OM267217098,LDEBIT,GW-NIMBUS,Voided,1,14.62,OMR,0.0,0.01,-0.01
2025-11-03,EG509980512,BNPL,GW-ATLAS,Failed,2,695.52,EGP,0.0,2.04,-2.04
2026-04-22,EG967183698,LDEBIT,GW-NILE,REFUND,3,1245.34,EGP,0.0,23.09,-23.09
2024-09-23,OM214883127,TOKEN,GW-NIMBUS,Success,2,9.36,OMR,0.31,0.18,0.13
2026-03-13,EG981274071,TOKEN,GW-NILE,Voided,1,432.42,EGP,0.0,0.41,-0.41
2026-05-02,EG259754316,CARD,GW-ATLAS,Success,51,17381.87,EGP,643.25,448.0,195.25
2026-06-16,SA206829187,LDEBIT,GW-NIMBUS,Voided,1,244.13,SAR,0.0,0.06,-0.06
2025-10-13,EG134531316,BNPL,GW-ATLAS,Failed,1,1756.43,EGP,0.0,1.01,-1.01
2026-02-11,SA247806531,LDEBIT,GW-NIMBUS,Failed,2,102.51,SAR,0.0,0.11,-0.11
2024-07-14,SA972748866,LDEBIT,GW-NIMBUS,ERROR,20,2607.8,SAR,0.0,1.12,-1.12
2025-03-13,EG774885021,TOKEN,GW-NILE,Success,9,60393.11,EGP,1527.71,784.52,743.19
2025-01-26,EG899495597,WALLET,GW-NILE,SUCCESS,1,1484.93,EGP,31.75,13.74,18.01
2025-03-28,SA122822556,CARD,GW-NIMBUS,Success,14,801.33,SAR,23.76,14.23,9.53
2025-04-21,SA674924548,CARD,GW-ORION,Success,43,2413.02,SAR,77.04,40.53,36.51
2026-04-21,AE123781768,TOKEN,GW-ORION,Success,145,7188.02,AED,123.59,127.29,-3.7
2025-02-09,SA972748866,BNPL,GW-ATLAS,Success,200,26466.37,SAR,727.83,929.68,-201.85
2025-08-27,AE520556972,CARD,GW-ATLAS,Voided,3,415.19,AED,0.0,0.22,-0.22
2024-08-03,OM236113503,LDEBIT,GW-NIMBUS,Success,20,516.62,OMR,3.87,2.67,1.2
2025-08-10,SA972748866,LDEBIT,GW-NIMBUS,Voided,2,260.78,SAR,0.0,0.11,-0.11
2025-08-27,AE317795493,CARD,GW-NIMBUS,Success,140,36934.62,AED,556.32,532.04,24.28
2025-03-16,EG266138287,WALLET,GW-NILE,Failed,1,281.5,EGP,0.0,0.4,-0.4
2026-05-22,AE265367413,LDEBIT,GW-NIMBUS,Voided,2,74.37,AED,0.0,0.11,-0.11
2025-11-05,SA592705693,TOKEN,GW-ORION,Success,2,1956.25,SAR,45.8,26.46,19.34
2025-03-08,SA765577175,CARD,GW-ORION,Voided,2,168.21,SAR,0.0,0.09,-0.09
2025-04-04,EG792191738,CARD,GW-ATLAS,Voided,2,1589.07,EGP,0.0,1.99,-1.99
2024-11-11,EG696983188,CARD,GW-ATLAS,Success,248,81209.98,EGP,3162.93,2079.61,1083.32
2026-02-13,EG336915801,CARD,GW-ATLAS,Failed,5,1535.7,EGP,0.0,5.13,-5.13
2024-07-06,AE987618927,BNPL,GW-ATLAS,Success,45,1862.12,AED,81.78,67.66,14.12
2025-07-21,AE436682771,LDEBIT,GW-NIMBUS,Success,3,408.11,AED,5.37,2.33,3.04
2024-08-23,SA853040870,TOKEN,GW-ORION,Voided,1,47.91,SAR,0.0,0.04,-0.04
2025-11-29,SA887092113,LDEBIT,GW-NIMBUS,FAILED,1,119.05,SAR,0.0,0.06,-0.06
2025-10-13,AE671906697,TOKEN,GW-ORION,Voided,14,888.57,AED,0.0,0.62,-0.62
2024-12-05,EG877654092,WALLET,GW-NILE,Voided,3,2679.76,EGP,0.0,1.18,-1.18
2026-02-25,EG676342880,LDEBIT,GW-NILE,Failed,1,871.21,EGP,0.0,0.41,-0.41
2026-06-07,SA268987858,BNPL,GW-ATLAS,Success,2,132.76,SAR,6.2,4.74,1.46
2025-06-13,SA773581532,CARD,GW-ORION,Voided,1,736.99,SAR,0.0,0.04,-0.04
2026-04-17,EG482640702,WALLET,GW-NILE,Success,19,53333.74,EGP,1055.68,466.12,589.56
2024-11-19,EG373213017,TOKEN,GW-NILE,Success,20,25296.28,EGP,657.15,370.46,286.69
2025-07-29,SA426436949,LDEBIT,GW-NIMBUS,Failed,7,478.77,SAR,0.0,0.39,-0.39
2025-09-16,SA158425015,CARD,GW-NIMBUS,Voided,2,79.98,SAR,0.0,0.11,-0.11
2026-06-19,EG191960141,LDEBIT,GW-NILE,Success,4,6001.79,EGP,75.47,31.51,43.96
2024-07-23,SA251636450,CARD,GW-NIMBUS,Failed,3,190.03,SAR,0.0,0.17,-0.17
2025-04-13,AE235728700,TOKEN,GW-ORION,Refunded,2,328.86,AED,0.0,1.1,-1.1
2026-01-18,EG934454177,CARD,GW-ATLAS,Success,278,399759.22,EGP,7946.98,6867.73,1079.25
2025-05-06,EG987489356,CARD,GW-ATLAS,Refunded,41,11730.22,EGP,0.0,306.36,-306.36
2025-07-16,EG728358410,CARD,GW-NILE,Refunded,3,5181.92,EGP,0.0,22.58,-22.58
2024-12-15,EG266138287,WALLET,GW-NILE,Failed,1,279.37,EGP,0.0,0.39,-0.39
2026-02-08,EG785459891,CARD,GW-NILE,Failed,3,86138.35,EGP,0.0,1.23,-1.23
2026-02-04,SA781674979,CARD,GW-NIMBUS,Voided,1,46.9,SAR,0.0,0.06,-0.06
2026-06-25,AE852316595,CARD,GW-ORION,Failed,3,307.98,AED,0.0,0.13,-0.13
2025-11-15,EG711763863,CARD,GW-ATLAS,Voided,1,423.66,EGP,0.0,1.02,-1.02
2024-10-19,SA420885285,CARD,GW-NIMBUS,Success,5,622.05,SAR,16.9,9.62,7.28
2025-06-15,OM936304206,LDEBIT,GW-NIMBUS,Success,2,44.94,OMR,0.52,0.24,0.28
2026-06-15,SA986462340,TOKEN,GW-ORION,SETTLED,12,498.03,SAR,16.57,9.3,7.27
2025-05-17,EG403388419,BNPL,GW-NILE,Success,20,32103.47,EGP,1417.69,932.55,485.14
2025-08-01,EG873952802,CARD,GW-ATLAS,Success,215,274641.74,EGP,4940.2,4791.19,149.01
2025-09-08,EG680139391,CARD,GW-NILE,FAILED,28,11641.66,EGP,0.0,11.41,-11.41
2026-04-09,EG220900048,WALLET,GW-NILE,Success,1,696.42,EGP,14.24,7.44,6.8
2026-03-03,EG482640702,BNPL,GW-NILE,Failed,2,4802.46,EGP,0.0,0.83,-0.83
2024-12-18,SA776589285,LDEBIT,GW-NIMBUS,Success,3,639.89,SAR,7.78,3.39,4.39
2025-08-10,SA696833214,CARD,GW-ATLAS,Failed,1,164.26,SAR,0.0,0.08,-0.08
2024-10-27,EG933744774,BANKTR,GW-NILE,Success,13,269040.81,EGP,816.93,325.17,491.76
2025-04-01,EG468167807,WALLET,GW-NILE,Success,2,8554.84,EGP,175.34,72.77,102.57
2025-08-27,AE307567415,TOKEN,GW-ORION,Failed,12,2187.36,AED,0.0,0.53,-0.53
2026-05-19,EG613159214,CARD,GW-ATLAS,Failed,11,10925.3,EGP,0.0,11.34,-11.34
2025-04-27,AE520409719,CARD,GW-NIMBUS,Success,27,6483.23,AED,148.85,93.97,54.88
2025-04-07,EG215045135,CARD,GW-ATLAS,Failed,1,9802.11,EGP,0.0,0.99,-0.99
2025-01-06,OM441483176,LDEBIT,GW-NIMBUS,Failed,1,17.82,OMR,0.0,0.01,-0.01
2026-05-07,AE273918504,CARD,GW-ORION,Success,15,824.85,AED,23.7,13.85,9.85
2025-11-04,AE561735990,CARD,GW-NIMBUS,Voided,1,843.33,AED,0.0,0.06,-0.06
2026-04-29,EG266138287,CARD,GW-ATLAS,Success,12,3615.92,EGP,142.35,98.28,44.07
2025-03-13,EG509980512,LDEBIT,GW-NILE,Failed,1,337.01,EGP,0.0,0.4,-0.4
2025-11-24,EG286990334,CARD,GW-NILE,Success,8,750640.61,EGP,12616.79,9141.9,3474.89
2024-07-11,AE779021046,CARD,GW-ORION,Success,26,48872.06,AED,1172.21,632.22,539.99
2026-06-16,AE638004344,LDEBIT,GW-NIMBUS,Success,1,142.6,AED,1.94,0.81,1.13
2025-05-13,AE787062785,CARD,GW-ORION,Refunded,1,149.59,AED,0.0,0.55,-0.55
2025-07-28,SA705652485,CARD,GW-ORION,Voided,9,1106.51,SAR,0.0,0.4,-0.4
2025-08-21,EG449636175,WALLET,GW-NILE,Refunded,10,5183.2,EGP,0.0,74.19,-74.19
2025-06-16,AE998528073,CARD,GW-ORION,Success,12,2223.66,AED,57.46,31.13,26.33
2024-12-08,OM441483176,CARD,GW-ATLAS,Failed,2,35.65,OMR,0.0,0.02,-0.02
2025-03-09,SA972748866,CARD,GW-ORION,Success,796,104368.67,SAR,1649.99,1515.61,134.38
2024-09-13,AE396175229,LDEBIT,GW-NIMBUS,Success,4,469.95,AED,6.19,2.78,3.41
2025-02-24,SA159383546,TOKEN,GW-NIMBUS,Voided,1,28.35,SAR,0.0,0.06,-0.06
2026-04-24,EG655465870,TOKEN,GW-ATLAS,Success,46,14682.99,EGP,579.01,396.66,182.35
2026-06-05,AE285502973,LDEBIT,GW-NIMBUS,Failed,1,160.46,AED,0.0,0.06,-0.06
2024-09-12,SA734980407,TOKEN,GW-ATLAS,Failed,9,539.73,SAR,0.0,0.68,-0.68
2026-02-16,AE744794983,TOKEN,GW-NIMBUS,Refunded,1,196.91,AED,0.0,0.55,-0.55
2025-08-04,EG249264164,CARD,GW-ATLAS,Success,14,13063.55,EGP,376.3,241.71,134.59
2024-11-19,SA951904107,LDEBIT,GW-NIMBUS,Failed,2,388.72,SAR,0.0,0.11,-0.11
2025-03-15,EG357144481,TOKEN,GW-ATLAS,Success,1,370.32,EGP,13.99,9.25,4.74
2025-10-12,SA267227056,LDEBIT,GW-NIMBUS,REFUNDED,16,5807.63,SAR,0.0,9.0,-9.0
2026-03-13,SA592705693,CARD,GW-ORION,Success,7,7218.4,SAR,165.26,94.1,71.16
2025-12-01,EG542845011,CARD,GW-ATLAS,Success,4,3633.47,EGP,110.91,68.04,42.87
2025-01-26,EG823617801,WALLET,GW-NILE,Success,7,2152.12,EGP,58.53,29.44,29.09
2024-07-30,EG680228975,CARD,GW-NILE,Approved,20,151541.57,EGP,2457.54,1892.2,565.34
2025-08-04,AE426640224,TOKEN,GW-ORION,Success,7,590.04,AED,15.92,9.38,6.54
2024-11-11,EG774885021,CARD,GW-NILE,Success,4,32030.69,EGP,789.22,399.52,389.7
2026-03-09,EG432619696,CARD,GW-ATLAS,Voided,2,458.77,EGP,0.0,2.06,-2.06
2025-04-16,SA819868069,CARD,GW-NIMBUS,REFUND,81,9426.11,SAR,0.0,45.56,-45.56
2025-11-13,OM936304206,CARD,GW-ATLAS,Refunded,2,34.63,OMR,0.0,0.12,-0.12
2025-04-27,AE462770123,CARD,GW-ORION,Failed,2,615.95,AED,0.0,0.09,-0.09
2025-09-19,SA310301059,CARD,GW-NIMBUS,Success,8,955.87,SAR,27.24,14.85,12.39
2026-06-21,OM667112904,TOKEN,GW-ATLAS,Success,24,80.15,OMR,2.95,1.89,1.06
2026-05-19,OM780225802,TOKEN,GW-NIMBUS,Failed,2,9.92,OMR,0.0,0.01,-0.01
2024-09-13,EG704826709,TOKEN,GW-ATLAS,Success,3,2474.48,EGP,77.11,48.12,28.99
2026-06-25,AE853501645,TOKEN,GW-NIMBUS,Approved,46,2933.21,AED,82.48,52.05,30.43
2026-04-13,EG374768013,CARD,GW-NILE,Failed,3,944.66,EGP,0.0,1.23,-1.23
2025-05-30,AE195154121,TOKEN,GW-ATLAS,Success,14,2619.24,AED,65.31,43.41,21.9
2025-03-15,AE125858239,BNPL,GW-ATLAS,Failed,5,1157.54,AED,0.0,0.37,-0.37
2025-11-02,EG181564804,CARD,GW-ATLAS,Success,14686,7319613.01,EGP,172621.4,162114.38,10507.02
2024-08-02,EG105351460,TOKEN,GW-NILE,Success,5,6041.82,EGP,163.24,88.96,74.28
2025-08-02,EG537155658,CARD,GW-NILE,Failed,26,5789.96,EGP,0.0,10.29,-10.29
2025-04-02,EG219821138,WALLET,GW-NILE,SETTLED,9,3729.01,EGP,88.15,45.86,42.29
2024-09-11,SA268987858,BNPL,GW-ATLAS,Success,2,117.56,SAR,5.49,4.21,1.28
2026-03-03,OM817062602,CARD,GW-NIMBUS,Failed,18,237.44,OMR,0.0,0.1,-0.1
2025-08-13,SA988802623,TOKEN,GW-ORION,Failed,1,251.59,SAR,0.0,0.04,-0.04
2026-02-01,OM688926128,LDEBIT,GW-NIMBUS,Success,80,816.84,OMR,7.94,5.06,2.88
2025-04-04,EG105351460,BNPL,GW-NILE,Success,5,4290.17,EGP,193.14,125.55,67.59
2024-12-27,AE561735990,CARD,GW-NIMBUS,Success,1,1025.49,AED,26.04,14.08,11.96
2026-01-04,SA848487072,TOKEN,GW-ORION,Refunded,2,1907.89,SAR,0.0,1.12,-1.12
2025-01-19,EG816834588,WALLET,GW-NILE,Success,1,2421.17,EGP,44.44,21.33,23.11
2025-01-19,OM284198769,TOKEN,GW-NIMBUS,Captured,41,619.05,OMR,11.64,9.69,1.95
2026-02-20,EG325044783,TOKEN,GW-NILE,Success,3,3235.06,EGP,87.27,48.92,38.35
2026-03-05,AE608679106,LDEBIT,GW-NIMBUS,Captured,75,3691.49,AED,57.42,29.01,28.41
2026-06-14,OM761015209,CARD,GW-ATLAS,Success,5,114.98,OMR,2.88,1.82,1.06
2025-08-09,SA474123129,TOKEN,GW-NIMBUS,VOIDED,1,60.32,SAR,0.0,0.06,-0.06
2026-04-02,SA247609412,CARD,GW-ORION,FAILED,31,1627.56,SAR,0.0,1.4,-1.4
2026-04-11,OM107384993,CARD,GW-NIMBUS,Success,29,564.29,OMR,9.96,8.34,1.62
2025-07-04,EG934454177,WALLET,GW-NILE,Failed,14,19160.55,EGP,0.0,5.62,-5.62
2026-05-18,SA909427280,LDEBIT,GW-NIMBUS,Refunded,3,566.78,SAR,0.0,1.69,-1.69
2024-08-14,AE526176909,TOKEN,GW-ORION,Success,1,484.19,AED,12.06,6.66,5.4
2025-06-24,SA605999505,CARD,GW-ATLAS,Failed,51,10917.25,SAR,0.0,3.82,-3.82
2026-04-24,EG873952802,WALLET,GW-NILE,Voided,1,1339.86,EGP,0.0,0.41,-0.41
2024-12-03,SA773581532,TOKEN,GW-ATLAS,Success,6,3987.35,SAR,91.89,61.95,29.94
2025-10-17,AE755938199,TOKEN,GW-NIMBUS,Success,8,9080.95,AED,216.34,129.04,87.3
2025-12-02,AE548451543,LDEBIT,GW-NIMBUS,Failed,1,62.69,AED,0.0,0.06,-0.06
2025-12-22,AE878919871,CARD,GW-ORION,Voided,3,661.23,AED,0.0,0.13,-0.13
2024-07-24,SA758672424,TOKEN,GW-ORION,Failed,1,116.9,SAR,0.0,0.04,-0.04
2026-01-09,EG786386215,TOKEN,GW-ATLAS,Success,1,1324.67,EGP,39.34,23.77,15.57
2026-05-21,SA976443961,CARD,GW-ATLAS,Success,1,15585.71,SAR,233.11,227.52,5.59
2024-12-15,SA426436949,TOKEN,GW-ORION,Failed,1,68.4,SAR,0.0,0.04,-0.04
2025-09-07,SA407055199,TOKEN,GW-NIMBUS,Voided,1,105.63,SAR,0.0,0.06,-0.06
2025-05-08,EG987489356,CARD,GW-ATLAS,Failed,337,99717.36,EGP,0.0,335.75,-335.75
2025-04-04,SA813150489,LDEBIT,GW-NIMBUS,Failed,2,310.36,SAR,0.0,0.11,-0.11
2025-12-29,OM377293460,CARD,GW-ATLAS,Failed,1,18.14,OMR,0.0,0.01,-0.01
2025-09-26,OM441483176,CARD,GW-ATLAS,Failed,1,17.82,OMR,0.0,0.01,-0.01
2024-10-02,EG849029255,TOKEN,GW-ATLAS,Success,23,9436.77,EGP,357.08,225.41,131.67
2025-12-08,EG284431976,TOKEN,GW-NILE,REFUND,1,703.76,EGP,0.0,7.64,-7.64
2025-09-10,EG625584592,CARD,GW-ATLAS,Failed,2,3390.28,EGP,0.0,2.04,-2.04
2024-09-21,AE554805022,TOKEN,GW-ORION,Success,5,4931.61,AED,115.71,66.68,49.03
2024-10-29,EG799496821,WALLET,GW-NILE,Failed,7,5828.89,EGP,0.0,2.72,-2.72
2024-07-12,EG538857731,TOKEN,GW-NILE,Success,7,8476.53,EGP,221.08,124.65,96.43
2024-12-14,EG259754316,BNPL,GW-ATLAS,Refunded,1,281.88,EGP,0.0,7.35,-7.35
2025-01-05,SA623621170,TOKEN,GW-ATLAS,Success,7,369.14,SAR,11.31,7.52,3.79
2024-07-30,AE172157388,BANKTR,GW-NIMBUS,Success,11,100354.6,AED,232.73,64.92,167.81
2024-10-16,EG123423908,CARD,GW-NILE,Failed,1,2332.64,EGP,0.0,0.39,-0.39
2025-02-26,SA722880043,LDEBIT,GW-NIMBUS,Success,2,2793.06,SAR,31.01,12.91,18.1
2025-11-14,SA205739809,CARD,GW-ORION,Success,40,1452.16,SAR,51.23,27.54,23.69
2025-05-01,AE671906697,TOKEN,GW-ORION,Voided,22,1396.32,AED,0.0,0.97,-0.97
2025-02-13,AE211109637,CARD,GW-NIMBUS,SUCCESS,3,2386.41,AED,34.81,32.93,1.88
2025-07-05,EG474518016,WALLET,GW-NILE,Failed,4,5608.47,EGP,0.0,1.61,-1.61
2026-05-15,EG165675111,TOKEN,GW-ATLAS,Voided,1,1997.07,EGP,0.0,1.03,-1.03
2025-09-30,EG544696241,TOKEN,GW-NILE,Failed,2,13734.59,EGP,0.0,0.81,-0.81
2025-08-08,SA771478693,LDEBIT,GW-NIMBUS,VOID,1,133.45,SAR,0.0,0.06,-0.06
2024-10-03,EG229215706,WALLET,GW-NILE,Success,2,640.53,EGP,17.91,8.59,9.32
2025-02-10,AE558189150,CARD,GW-NIMBUS,Voided,1,217.68,AED,0.0,0.06,-0.06
2025-11-22,OM898958663,CARD,GW-ATLAS,Success,1,40.88,OMR,1.01,0.62,0.39
2025-01-01,SA753222305,TOKEN,GW-ATLAS,Success,3,426.45,SAR,11.21,7.28,3.93
2025-08-12,AE676714739,CARD,GW-NIMBUS,Success,38,2201.12,AED,71.33,38.79,32.54
2025-11-08,EG538857731,CARD,GW-NILE,Success,28,45255.43,EGP,1121.6,625.5,496.1
2024-08-05,AE174460555,TOKEN,GW-ORION,Failed,1,175.43,AED,0.0,0.04,-0.04
2025-08-06,SA218399497,CARD,GW-ATLAS,FAILED,4,156.34,SAR,0.0,0.3,-0.3
2026-05-19,AE932795909,CARD,GW-NIMBUS,Failed,39,11258.28,AED,0.0,2.15,-2.15
2026-05-01,EG704053078,WALLET,GW-NILE,Failed,3,12729.19,EGP,0.0,1.24,-1.24
2026-05-25,OM188757830,CARD,GW-ATLAS,Success,2,232.85,OMR,5.64,3.45,2.19
2024-11-10,SA307616362,CARD,GW-ORION,Success,303,15882.16,SAR,461.13,271.22,189.91
2025-12-24,EG161643120,LDEBIT,GW-NILE,Success,9,8521.49,EGP,121.6,50.55,71.05
2026-02-22,AE426640224,TOKEN,GW-ORION,Failed,1,77.81,AED,0.0,0.04,-0.04
2024-09-29,EG110254241,TOKEN,GW-NILE,Success,3,2759.18,EGP,79.65,42.44,37.21
2026-02-06,SA853040870,BNPL,GW-ATLAS,Success,6,309.88,SAR,13.86,11.16,2.7
2025-06-10,EG888467038,TOKEN,GW-NILE,Failed,1,10336.22,EGP,0.0,0.4,-0.4
2025-03-12,EG248756723,WALLET,GW-NILE,Failed,1,281.85,EGP,0.0,0.4,-0.4
2026-05-14,EG154810799,LDEBIT,GW-NILE,Success,1,664.87,EGP,9.97,4.5,5.47
2025-12-13,OM377214746,LDEBIT,GW-NIMBUS,Voided,1,23.44,OMR,0.0,0.01,-0.01
2026-02-11,EG624580946,TOKEN,GW-ATLAS,Refunded,4,929.66,EGP,0.0,30.78,-30.78
2025-10-23,EG400875498,CARD,GW-NILE,Success,10,18254.57,EGP,497.18,248.48,248.7
2025-08-19,EG624580946,CARD,GW-NILE,Refunded,9,1281.33,EGP,0.0,66.77,-66.77
2026-05-21,SA268961677,LDEBIT,GW-NIMBUS,Success,12,1207.38,SAR,15.75,7.46,8.29
2024-07-18,EG331354329,BNPL,GW-NILE,Success,78,29648.43,EGP,1021.39,883.88,137.51
2025-05-25,SA987666099,BANKTR,GW-NIMBUS,Refunded,3,235.9,SAR,0.0,1.69,-1.69
2025-06-18,SA712951009,TOKEN,GW-ATLAS,Success,2,1000.4,SAR,22.92,15.68,7.24
2025-07-22,EG537339465,TOKEN,GW-ATLAS,Voided,1,424.5,EGP,0.0,1.0,-1.0
2026-02-02,EG981274071,CARD,GW-ATLAS,Failed,65,27950.55,EGP,0.0,66.7,-66.7
2026-04-13,SA397646855,BNPL,GW-ATLAS,Success,100,5256.77,SAR,150.13,189.17,-39.04
2025-02-28,EG724883181,TOKEN,GW-NILE,Success,16,5177.95,EGP,196.41,106.85,89.56
2025-03-29,SA139966565,CARD,GW-ATLAS,Failed,13,541.01,SAR,0.0,0.98,-0.98
2026-06-28,AE932795909,TOKEN,GW-ORION,Failed,5,1443.37,AED,0.0,0.22,-0.22
2026-03-27,AE642488904,TOKEN,GW-NIMBUS,Success,9,11678.17,AED,173.46,165.64,7.82
2025-11-18,SA337097778,CARD,GW-ORION,Voided,3,1214.95,SAR,0.0,0.14,-0.14
2025-09-04,SA352518639,BANKTR,GW-NIMBUS,Refunded,2,826.2,SAR,0.0,1.12,-1.12
2024-10-23,EG744743048,CARD,GW-NILE,Voided,1,1265.74,EGP,0.0,0.39,-0.39
2026-05-19,AE195822932,CARD,GW-NIMBUS,Voided,1,146.3,AED,0.0,0.06,-0.06
2025-06-14,EG486344028,LDEBIT,GW-NILE,Failed,4,1311.09,EGP,0.0,1.6,-1.6
2024-11-21,SA589749602,TOKEN,GW-ATLAS,Success,46,7980.8,SAR,199.69,133.43,66.26
2024-10-24,AE738504243,CARD,GW-ATLAS,Success,8,1983.62,AED,49.1,31.1,18.0
2024-10-14,SA517497912,CARD,GW-NIMBUS,Voided,1,47.6,SAR,0.0,0.06,-0.06
2025-03-16,EG744743048,CARD,GW-NILE,Success,80,103679.02,EGP,2854.44,1469.14,1385.3
2025-10-28,SA362023155,LDEBIT,GW-NIMBUS,Failed,3,198.15,SAR,0.0,0.17,-0.17
2026-06-05,SA687319923,LDEBIT,GW-NIMBUS,Success,20,9732.0,SAR,82.41,47.17,35.24
2026-02-05,SA487858809,CARD,GW-ATLAS,Failed,3,136.99,SAR,0.0,0.22,-0.22
2025-03-20,EG897740135,BNPL,GW-NILE,Failed,1,316.22,EGP,0.0,0.4,-0.4
2025-03-08,SA813150489,CARD,GW-ATLAS,Voided,4,620.71,SAR,0.0,0.3,-0.3
2024-11-18,AE782539735,CARD,GW-NIMBUS,Voided,2,83.75,AED,0.0,0.11,-0.11
2025-01-02,EG327394766,TOKEN,GW-ATLAS,Failed,2,3077.27,EGP,0.0,1.96,-1.96
2025-10-12,EG686030808,WALLET,GW-NILE,Success,409,341155.08,EGP,4705.5,3484.04,1221.46
2025-08-03,SA773581532,CARD,GW-ORION,Success,22,16266.39,SAR,365.95,213.44,152.51
2025-11-04,SA320986752,LDEBIT,GW-NIMBUS,Failed,4,3444.19,SAR,0.0,0.22,-0.22
2025-02-23,SA764037736,CARD,GW-ORION,Success,447,99483.78,SAR,1886.53,1375.12,511.41
2026-04-29,SA886598559,LDEBIT,GW-NIMBUS,Refunded,2,468.46,SAR,0.0,1.12,-1.12
2024-07-10,SA256650029,TOKEN,GW-NIMBUS,Success,46,5594.93,SAR,143.14,89.54,53.6
2025-04-05,SA945807399,LDEBIT,GW-NIMBUS,Success,1,539.59,SAR,6.75,2.6,4.15
2025-03-07,EG783358166,LDEBIT,GW-NILE,Failed,2,562.45,EGP,0.0,0.79,-0.79
2025-08-21,EG979007692,LDEBIT,GW-NILE,Success,2,1829.97,EGP,26.45,10.87,15.58
2025-10-02,SA909908733,CARD,GW-ORION,Refunded,9,2668.03,SAR,0.0,5.06,-5.06
2024-12-16,AE984737156,LDEBIT,GW-NIMBUS,Success,2,660.43,AED,7.99,3.3,4.69
2025-04-30,OM188757830,CARD,GW-ATLAS,Failed,2,167.39,OMR,0.0,0.02,150.61
2026-03-11,EG150005962,WALLET,GW-NILE,Failed,1,535.93,EGP,0.0,0.41,-0.41
2025-08-07,AE125858239,BNPL,GW-ATLAS,Success,18,3643.74,AED,154.31,127.25,27.06
2025-02-14,AE642488904,CARD,GW-ATLAS,Success,42,56786.18,AED,824.85,839.36,-14.51
2025-08-02,EG624580946,CARD,GW-NILE,Voided,3,633.0,EGP,0.0,1.19,-1.19
2024-08-30,SA986462340,TOKEN,GW-ORION,Success,24,994.34,SAR,33.09,18.58,14.51
2025-02-14,SA556781756,LDEBIT,GW-NIMBUS,Failed,1,51.75,SAR,0.0,0.06,-0.06
2025-01-26,SA189353734,CARD,GW-ORION,Failed,5,194.05,SAR,0.0,0.22,-0.22
2025-02-17,EG344164016,WALLET,GW-NILE,SUCCESS,17,6069.92,EGP,156.62,78.36,78.26
2025-08-19,OM173271126,LDEBIT,GW-NIMBUS,Success,1,13.11,OMR,0.17,0.08,0.09
2026-01-19,SA796857151,LDEBIT,GW-NIMBUS,Success,4,8041.69,SAR,85.35,36.86,48.49
2024-10-11,EG235600888,WALLET,GW-NILE,Success,4,27645.58,EGP,508.72,230.73,277.99
2025-09-03,EG389371308,LDEBIT,GW-NILE,Success,2,3152.99,EGP,39.71,16.33,23.38
2026-04-28,AE671906697,TOKEN,GW-ORION,Refunded,3,195.73,AED,0.0,1.65,-1.65
2026-03-18,EG759961492,LDEBIT,GW-NILE,Success,1,1051.42,EGP,14.98,6.06,8.92
2025-09-30,AE107661633,BNPL,GW-ATLAS,Success,4,483.91,AED,23.16,17.02,6.14
2025-04-10,EG624580946,TOKEN,GW-ATLAS,Refunded,3,410.29,EGP,0.0,22.37,-22.37
2025-11-04,EG219821138,WALLET,GW-NILE,Success,8,3754.03,EGP,86.61,44.68,41.93
2024-12-06,EG217500923,TOKEN,GW-ATLAS,Success,6,4062.0,EGP,118.94,83.18,35.76
2026-01-02,EG774885021,CARD,GW-NILE,Success,14,103185.68,EGP,2550.28,1291.19,1259.09
2025-08-01,SA517497912,TOKEN,GW-ATLAS,Failed,1,47.6,SAR,0.0,0.08,-0.08
2026-03-17,AE307567415,CARD,GW-NIMBUS,Success,1499,271610.95,AED,5193.02,4024.58,1168.44
2026-05-24,AE787062785,CARD,GW-ORION,Failed,7,1028.86,AED,0.0,0.31,-0.31
2025-10-27,SA576895050,CARD,GW-ORION,Success,7,1276.09,SAR,33.57,17.92,15.65
2025-04-30,EG849029255,LDEBIT,GW-NILE,Success,74,28480.76,EGP,541.0,244.1,296.9
2026-02-19,AE543834117,CARD,GW-ORION,Refunded,2,114.31,AED,0.0,1.1,-1.1
2026-04-23,EG717847087,CARD,GW-NILE,Success,7,10709.95,EGP,266.93,149.16,117.77
2025-09-20,SA886598559,CARD,GW-NIMBUS,Failed,7,1151.4,SAR,0.0,0.39,-0.39
2026-01-15,SA307616362,LDEBIT,GW-NIMBUS,Failed,3,153.55,SAR,0.0,0.17,-0.17
2026-03-15,EG509980512,TOKEN,GW-NILE,Success,4,1104.89,EGP,47.42,24.86,22.56
2025-01-27,SA391124455,CARD,GW-ATLAS,Failed,2,258.66,SAR,0.0,0.15,-0.15
2026-03-13,EG552283131,WALLET,GW-NILE,Success,1,1027.75,EGP,22.46,10.13,12.33
2025-04-08,EG249264164,CARD,GW-ATLAS,Failed,2,1771.24,EGP,0.0,1.99,-1.99
2025-12-25,SA897535524,TOKEN,GW-NIMBUS,Success,4,4238.04,SAR,102.87,60.31,42.56
2026-06-16,EG245991238,BNPL,GW-ATLAS,Failed,5,1548.12,EGP,0.0,5.14,-5.14
2025-04-09,EG139657763,CARD,GW-ATLAS,Refunded,8,6977.27,EGP,0.0,59.65,-59.65
2026-04-30,SA955449063,LDEBIT,GW-NIMBUS,Success,12,818.06,SAR,11.34,5.71,5.63
2026-05-17,EG888467038,CARD,GW-NILE,Success,3,21288.28,EGP,481.25,266.85,214.4
2024-10-27,EG728358410,CARD,GW-NILE,Voided,1,1551.83,EGP,0.0,0.39,-0.39
2024-08-07,EG134531316,CARD,GW-NILE,Success,13,21574.7,EGP,567.18,295.51,271.67
2024-09-07,SA184014126,TOKEN,GW-NIMBUS,Failed,2,114.08,SAR,0.0,0.11,-0.11
2025-12-17,SA777243922,LDEBIT,GW-NIMBUS,Success,2,169.62,SAR,2.45,1.1,1.35
2024-11-21,AE987618927,TOKEN,GW-NIMBUS,Failed,1,41.46,AED,0.0,0.06,-0.06
2026-01-05,SA886598559,LDEBIT,GW-NIMBUS,Failed,1,164.49,SAR,0.0,0.06,-0.06
2026-04-23,AE738504243,CARD,GW-ATLAS,SUCCESS,7,1766.56,AED,43.68,27.66,16.02
2026-04-17,EG724883181,CARD,GW-ATLAS,Voided,2,714.89,EGP,0.0,2.05,-2.05
2025-02-03,EG403388419,LDEBIT,GW-NILE,Success,18,31050.7,EGP,379.51,156.67,222.84
2025-07-22,SA620446884,LDEBIT,GW-NIMBUS,Failed,1,116.49,SAR,0.0,0.06,-0.06
2025-12-23,EG544029480,TOKEN,GW-NILE,Refunded,2,5009.54,EGP,0.0,15.27,-15.27
2025-09-29,SA184014126,CARD,GW-ORION,Approved,48,2759.33,SAR,74.43,46.08,28.35
2025-12-07,SA472968758,LDEBIT,GW-NIMBUS,Success,1,607.5,SAR,7.4,2.9,4.5
2025-10-31,EG623813968,CARD,GW-NILE,Success,8,15257.53,EGP,392.14,206.73,185.41
2026-04-19,EG103023484,TOKEN,GW-ATLAS,DECLINED,13,17407.5,EGP,0.0,13.34,-13.34
2025-12-09,AE346681166,CARD,GW-NIMBUS,Refunded,13,2343.72,AED,0.0,7.16,-7.16
2025-04-17,EG839115780,TOKEN,GW-ATLAS,Success,1,5351.16,EGP,136.75,84.59,52.16
2026-03-21,EG916667859,TOKEN,GW-NILE,Success,1,1296.14,EGP,37.19,19.07,18.12
2025-04-05,SA620446884,CARD,GW-NIMBUS,Success,20,2173.63,SAR,56.41,34.22,22.19
2024-11-07,SA295911590,TOKEN,GW-NIMBUS,Captured,2,308.9,SAR,8.05,4.81,3.24
2024-10-10,OM284198769,CARD,GW-NIMBUS,Failed,23,341.45,OMR,0.0,0.13,-0.13
2026-02-22,SA886598559,CARD,GW-NIMBUS,FAILED,9,1480.37,SAR,0.0,0.51,-0.51
2025-03-11,AE381359654,CARD,GW-ORION,Failed,7,308.73,AED,0.0,0.31,-0.31
2026-04-14,SA512016562,TOKEN,GW-NIMBUS,Success,17,604.96,SAR,21.42,12.61,8.81
2024-10-10,EG855745273,TOKEN,GW-ATLAS,Failed,1,846.45,EGP,0.0,0.97,-0.97
2025-12-27,SA779341840,CARD,GW-ATLAS,Declined,24,4077.13,SAR,0.0,1.8,-1.8
2024-08-08,AE808885338,TOKEN,GW-NIMBUS,Success,2,421.51,AED,11.28,6.38,4.9
2025-05-07,EG279421850,CARD,GW-NILE,Refunded,3,14081.72,EGP,0.0,22.42,-22.42
2026-02-14,SA158425015,CARD,GW-NIMBUS,Voided,2,79.98,SAR,0.0,0.11,-0.11
2025-04-28,EG911025364,CARD,GW-NILE,Refunded,1,244.3,EGP,0.0,7.46,-7.46
2024-11-30,EG105351460,TOKEN,GW-NILE,REVERSED,2,2133.31,EGP,0.0,0.78,-0.78
2026-04-16,AE875103901,BNPL,GW-ATLAS,Failed,11,552.48,AED,0.0,0.81,-0.81
2026-05-12,EG989134753,TOKEN,GW-ATLAS,Success,10,91158.74,EGP,1559.47,1416.47,143.0
2025-08-09,SA763491142,CARD,GW-ORION,Success,6,1997.15,SAR,49.99,26.94,23.05
2025-04-20,SA813150489,TOKEN,GW-ATLAS,Voided,1,155.18,SAR,0.0,0.08,-0.08
2024-08-21,AE468236624,CARD,GW-ORION,Refunded,1,1070.12,AED,0.0,0.55,-0.55
2024-10-06,OM780225802,LDEBIT,GW-NIMBUS,Failed,1,4.96,OMR,0.0,0.01,-0.01
2025-12-01,EG449636175,LDEBIT,GW-NILE,Refunded,13,5463.65,EGP,0.0,99.26,-99.26
2026-02-21,EG799496821,WALLET,GW-NILE,Success,60,51507.37,EGP,732.52,524.95,207.57
2025-12-07,EG327394766,WALLET,GW-NILE,Failed,2,3196.4,EGP,0.0,0.81,-0.81
2025-11-03,AE125858239,CARD,GW-ORION,Success,73,16159.26,AED,368.9,223.11,145.79
2026-05-30,SA604765470,LDEBIT,GW-NIMBUS,Failed,4,165.16,SAR,0.0,0.22,-0.22
2026-06-05,SA466668047,LDEBIT,GW-NIMBUS,Success,97,4125.81,SAR,64.73,34.93,29.8
2024-12-22,SA555426966,CARD,GW-ORION,Success,5,430.89,SAR,12.01,6.64,5.37
2024-08-04,SA189309853,CARD,GW-ORION,Success,1,447.18,SAR,9.81,5.96,3.85
2025-01-07,AE878919871,BNPL,GW-ATLAS,Success,22,4888.24,AED,206.53,170.55,35.98
2026-05-06,SA110751010,CARD,GW-ORION,VOIDED,1,77.52,SAR,0.0,0.04,481.01
2026-06-27,OM434589390,LDEBIT,GW-NIMBUS,Refunded,1,11.22,OMR,0.0,0.06,-0.06
2025-02-25,AE632922055,CARD,GW-NIMBUS,Success,1,6788.03,AED,102.48,91.88,10.6
2025-09-30,SA597658531,LDEBIT,GW-NIMBUS,Failed,30,4644.14,SAR,0.0,1.69,-1.69
2025-03-06,OM892693620,LDEBIT,GW-NIMBUS,Approved,5,102.89,OMR,1.22,0.55,0.67
2026-05-09,EG554455116,LDEBIT,GW-NILE,SETTLED,1,10998.19,EGP,125.54,46.35,79.19
2025-10-06,EG629727686,CARD,GW-NILE,Success,12,3639.19,EGP,146.48,76.24,70.24
2025-09-23,AE875103901,CARD,GW-ATLAS,Voided,4,200.9,AED,0.0,0.29,-0.29
2024-11-01,SA851607798,LDEBIT,GW-NIMBUS,Voided,1,60.38,SAR,0.0,0.06,-0.06
2025-03-29,EG284431976,LDEBIT,GW-NILE,Failed,3,2480.41,EGP,0.0,1.19,-1.19
2025-04-19,SA597673425,CARD,GW-NIMBUS,Success,3,116.84,SAR,4.25,2.31,1.94
2025-01-14,SA710370541,CARD,GW-ORION,Success,495,318582.59,SAR,4756.28,4194.68,561.6
2025-07-17,OM267217098,CARD,GW-ATLAS,Failed,67,979.39,OMR,0.0,0.52,-0.52
2026-06-07,EG379278678,BNPL,GW-ATLAS,Success,1,2232.78,EGP,98.09,78.19,19.9
2025-10-12,EG193916126,CARD,GW-NILE,Success,22,6157.35,EGP,268.07,133.51,134.56
2025-09-16,EG728358410,BNPL,GW-NILE,Success,2,3016.42,EGP,123.43,87.69,35.74
2026-03-17,AE228494793,TOKEN,GW-ORION,DECLINED,1,313.11,AED,0.0,0.04,-0.04
2025-05-05,SA362023155,LDEBIT,GW-NIMBUS,Failed,3,198.15,SAR,0.0,0.17,-0.17
2025-11-30,SA754882184,CARD,GW-ORION,Failed,1,139.94,SAR,0.0,0.04,-0.04
2024-12-22,EG918104848,CARD,GW-ATLAS,Voided,1,389.88,EGP,0.0,0.98,-0.98
2026-05-10,EG537339465,TOKEN,GW-ATLAS,Failed,20,8721.16,EGP,0.0,20.62,-20.62
2025-10-12,EG511884968,WALLET,GW-NILE,Success,4,8008.28,EGP,145.13,71.92,73.21
2025-01-30,SA972748866,CARD,GW-ORION,Refunded,7,1182.67,SAR,0.0,3.94,-3.94
2025-07-15,SA901680809,LDEBIT,GW-NIMBUS,Failed,1,607.68,SAR,0.0,0.06,-0.06
2025-12-05,EG775891339,CARD,GW-ATLAS,Success,7,9664.77,EGP,257.48,167.28,90.2
2024-10-25,OM267217098,CARD,GW-ATLAS,Refunded,4,134.39,OMR,0.0,0.23,-0.23
2025-03-09,EG680139391,TOKEN,GW-ATLAS,Voided,1,403.23,EGP,0.0,0.99,-0.99
2025-12-30,EG335687023,TOKEN,GW-ATLAS,DECLINED,19,30843.27,EGP,0.0,19.34,-19.34
2025-06-13,AE782539735,CARD,GW-NIMBUS,Refunded,2,236.86,AED,0.0,1.1,-1.1
2025-03-15,AE389283318,CARD,GW-ORION,Failed,29,2746.29,AED,0.0,1.28,-1.28
2025-10-31,SA779172798,LDEBIT,GW-NIMBUS,Success,11,1559.68,SAR,19.61,8.87,10.74
2025-12-15,EG926950694,LDEBIT,GW-NILE,Success,191,226120.21,EGP,1849.19,1256.07,593.12
2025-04-22,EG704053078,WALLET,GW-NILE,Failed,2,8182.35,EGP,0.0,0.8,-0.8
2025-02-07,EG134531316,LDEBIT,GW-NILE,CAPTURED,9,15668.23,EGP,201.17,78.91,122.26
2026-06-28,EG335687023,TOKEN,GW-ATLAS,VOID,3,4921.06,EGP,0.0,3.09,-3.09
2025-04-20,EG926950694,TOKEN,GW-ATLAS,Refunded,3,2493.25,EGP,0.0,22.37,-22.37
2025-11-17,EG799575469,LDEBIT,GW-NILE,Failed,1,376.88,EGP,0.0,0.41,-0.41
2025-04-16,SA147303844,TOKEN,GW-ORION,Failed,1,169.22,SAR,0.0,0.04,-0.04
2025-11-01,EG647781107,CARD,GW-NILE,Voided,1,719.04,EGP,0.0,0.41,-0.41
2024-09-07,EG728358410,CARD,GW-NILE,Success,11,17489.65,EGP,410.9,240.62,170.28
2026-04-06,SA385404287,TOKEN,GW-ATLAS,Failed,2,101.52,SAR,0.0,0.15,-0.15
2026-03-03,AE348507314,TOKEN,GW-NIMBUS,Success,1,2102.13,AED,48.7,29.67,19.03
2026-06-14,SA331993666,TOKEN,GW-NIMBUS,Refunded,7,1128.12,SAR,0.0,3.94,-3.94
2025-09-07,EG449636175,WALLET,GW-NILE,Success,850,364200.8,EGP,5757.8,4465.3,1292.5
2026-04-07,AE787062785,LDEBIT,GW-NIMBUS,Success,21,3132.07,AED,27.3,17.56,9.74
2025-09-01,EG624580946,WALLET,GW-NILE,Failed,12,2607.39,EGP,0.0,4.89,-4.89
2025-03-18,EG770407516,CARD,GW-NILE,Voided,11,3099.73,EGP,0.0,4.35,-4.35
2026-05-15,AE932795909,CARD,GW-NIMBUS,Failed,37,10680.93,AED,0.0,2.04,-2.04
2025-02-12,SA306273888,CARD,GW-NIMBUS,Success,170,15403.36,SAR,450.33,249.38,200.95
2026-03-08,EG511253320,LDEBIT,GW-NILE,FAILED,3,1015.61,EGP,0.0,1.24,-1.24
2025-09-19,AE410140017,LDEBIT,GW-NIMBUS,Success,294,47151.73,AED,359.97,260.77,99.2
2025-11-14,SA247609412,CARD,GW-ORION,Success,159,8521.14,SAR,249.14,144.72,104.42
2026-03-04,EG623813968,CARD,GW-NILE,Failed,1,2259.83,EGP,0.0,0.41,-0.41
2025-02-26,AE410140017,LDEBIT,GW-NIMBUS,Success,126,20000.18,AED,152.86,110.82,42.04
2024-11-10,EG758836714,WALLET,GW-NILE,Success,5,4198.77,EGP,96.95,42.55,54.4
2026-01-13,AE107661633,CARD,GW-NIMBUS,Failed,1,139.69,AED,0.0,0.06,-0.06
2026-02-18,SA466668047,TOKEN,GW-ORION,Success,59,2533.64,SAR,81.89,46.86,35.03
2025-03-28,SA954952952,CARD,GW-ORION,DECLINED,67,2926.36,SAR,0.0,3.02,-3.02
2026-02-26,EG474518016,BNPL,GW-ATLAS,Success,16,26043.73,EGP,1140.72,916.49,224.23
2025-12-16,SA796857151,CARD,GW-NIMBUS,Success,3,6763.82,SAR,146.68,92.04,54.64
2025-05-20,SA779341840,TOKEN,GW-ATLAS,Failed,4,679.52,SAR,0.0,0.3,-0.3
2026-05-08,SA734980407,TOKEN,GW-ATLAS,Failed,11,659.67,SAR,0.0,0.82,-0.82
2024-09-24,SA710370541,CARD,GW-ORION,Failed,38,23846.37,SAR,0.0,1.71,-1.71
2026-05-22,SA909908733,TOKEN,GW-ORION,Refunded,3,445.54,SAR,0.0,1.69,-1.69
2026-04-26,EG335687023,TOKEN,GW-ATLAS,REFUND,8,24007.99,EGP,0.0,61.57,-61.57
2024-12-12,AE195154121,TOKEN,GW-ATLAS,Success,14,3223.58,AED,79.19,52.55,26.64
2025-12-01,EG926950694,CARD,GW-ATLAS,Voided,4,4874.5,EGP,0.0,4.07,-4.07
2026-01-14,AE307567415,CARD,GW-NIMBUS,Failed,118,21509.06,AED,0.0,6.5,-6.5
2026-06-10,SA676493356,CARD,GW-ATLAS,Failed,8,838.77,SAR,0.0,0.6,-0.6
2025-01-30,SA813150489,CARD,GW-ATLAS,Voided,2,310.36,SAR,0.0,0.15,-0.15
2025-10-25,SA596495663,TOKEN,GW-NIMBUS,Failed,3,148.52,SAR,0.0,0.17,-0.17
2025-03-29,EG877654092,LDEBIT,GW-NILE,Success,319,290773.95,EGP,2684.1,1729.14,954.96
2025-05-20,EG877654092,LDEBIT,GW-NILE,Success,402,366716.68,EGP,3390.6,2186.08,1204.52
2025-07-27,EG614572570,CARD,GW-NILE,Success,6,28614.75,EGP,677.09,363.63,313.46
2025-07-10,EG792191738,WALLET,GW-NILE,Success,38,29228.66,EGP,655.84,303.5,352.34
2026-04-22,SA397646855,TOKEN,GW-ORION,Success,113,5938.29,SAR,117.21,104.19,13.02
2025-04-17,AE957433919,TOKEN,GW-NIMBUS,APPROVED,1191,184084.91,AED,3996.62,2861.5,1135.12
2025-08-09,EG614572570,BNPL,GW-NILE,Failed,1,4704.59,EGP,0.0,0.4,-0.4
2025-11-07,SA865900656,CARD,GW-ATLAS,Failed,1,96.01,SAR,0.0,0.08,-0.08
2025-09-09,EG275709942,TOKEN,GW-ATLAS,Refunded,1,961.46,EGP,0.0,7.64,-7.64
2025-11-29,SA765577175,CARD,GW-ORION,Captured,223,19388.69,SAR,321.38,298.32,23.06
2026-01-27,AE618504164,CARD,GW-ATLAS,Success,52,2864.59,AED,88.4,55.9,32.5
2024-12-26,AE783290352,BNPL,GW-ATLAS,Failed,1,56.29,AED,0.0,0.07,-0.07
2024-09-01,EG989134753,LDEBIT,GW-NILE,Voided,1,6968.67,EGP,0.0,0.39,-0.39
2025-09-08,EG134531316,BNPL,GW-ATLAS,Failed,3,5330.92,EGP,0.0,3.06,-3.06
2026-06-23,EG645057217,BNPL,GW-NILE,Refunded,1,954.94,EGP,0.0,7.72,-7.72
2025-03-03,EG622517179,TOKEN,GW-NILE,Success,6,2900.83,EGP,99.99,52.26,47.73
2025-11-28,SA865281392,CARD,GW-ATLAS,Success,31,12390.06,SAR,320.1,189.25,130.85
2026-03-02,SA416884588,LDEBIT,GW-NIMBUS,Failed,2,413.71,SAR,0.0,0.11,-0.11
2026-04-01,SA512016562,TOKEN,GW-NIMBUS,Success,15,478.7,SAR,17.53,10.36,7.17
2026-02-02,SA860742247,CARD,GW-NIMBUS,Success,2097,404631.96,SAR,7020.07,5973.68,1046.39
2026-05-26,EG623813968,LDEBIT,GW-NILE,Success,6,14644.54,EGP,180.56,70.14,110.42
2025-10-21,EG181564804,WALLET,GW-NILE,Failed,1024,505311.24,EGP,0.0,412.42,-412.42
2025-09-09,SA972748866,CARD,GW-ORION,Failed,65,8475.36,SAR,0.0,2.92,-2.92
2024-08-02,SA508515348,LDEBIT,GW-NIMBUS,Refunded,2,336.6,SAR,0.0,1.12,-1.12
2026-02-11,EG327394766,CARD,GW-ATLAS,Failed,15,24162.73,EGP,0.0,15.39,-15.39
2026-05-20,OM371938797,CARD,GW-ATLAS,Voided,8,61.57,OMR,0.0,0.06,-0.06
2024-09-22,AE526176909,CARD,GW-ORION,Failed,1,261.76,AED,0.0,0.04,-0.04
2026-02-02,AE932795909,CARD,GW-NIMBUS,Voided,6,1732.04,AED,0.0,0.33,-0.33
2025-02-13,SA912413819,CARD,GW-ORION,Failed,64,2140.68,SAR,0.0,2.88,-2.88
2025-06-10,SA426436949,BNPL,GW-ATLAS,Success,44,3098.29,SAR,149.18,110.38,38.8
2024-12-02,EG744158614,CARD,GW-NILE,Success,7,9003.54,EGP,240.59,127.58,113.01
2025-12-26,AE875103901,TOKEN,GW-ORION,Refunded,5,267.98,AED,0.0,2.75,-2.75
2024-07-02,EG816834588,CARD,GW-NILE,Success,1,2574.95,EGP,60.69,33.83,26.86
2026-06-22,EG431162218,CARD,GW-ATLAS,Voided,1,4534.9,EGP,0.0,1.03,-1.03
2025-03-22,SA914955375,CARD,GW-ORION,Success,9,1943.75,SAR,45.9,26.93,18.97
2025-07-10,AE755938199,TOKEN,GW-NIMBUS,Success,3,2126.47,AED,51.07,30.49,20.58
2024-08-12,SA306273888,BNPL,GW-ATLAS,Success,30,2965.05,SAR,147.63,104.72,42.91
2024-12-15,EG934737958,CARD,GW-ATLAS,Failed,4,1137.09,EGP,0.0,3.92,-3.92
2026-01-28,AE853501645,CARD,GW-ORION,Voided,2,123.24,AED,0.0,0.09,-0.09
2025-04-20,EG911025364,CARD,GW-NILE,Failed,5,1078.33,EGP,0.0,1.99,-1.99
2025-03-14,SA315873581,TOKEN,GW-ORION,Success,21,834.77,SAR,26.73,15.79,10.94
2025-04-01,SA487858809,CARD,GW-ATLAS,Success,51,2224.44,SAR,69.6,46.58,23.02
2025-03-20,AE123781768,LDEBIT,GW-NIMBUS,Failed,11,547.72,AED,0.0,0.61,-0.61
2026-02-09,AE787062785,CARD,GW-ORION,Failed,8,1175.84,AED,0.0,0.35,-0.35
2025-10-09,EG873952802,TOKEN,GW-NILE,Failed,3,3944.05,EGP,0.0,1.21,-1.21
2024-09-04,SA844850083,LDEBIT,GW-NIMBUS,Success,1,603.8,SAR,7.05,2.89,4.16
2024-09-22,AE307567415,TOKEN,GW-ORION,Voided,4,729.12,AED,0.0,0.18,-0.18
2025-03-17,EG389262771,TOKEN,GW-NILE,Failed,1,376.54,EGP,0.0,0.4,-0.4
2024-08-13,EG918104848,WALLET,GW-NILE,Success,27,11562.6,EGP,254.1,139.44,114.66
2026-02-21,SA211354199,LDEBIT,GW-NIMBUS,Success,1,238.1,SAR,2.4,1.24,1.16
2024-12-05,OM761036673,LDEBIT,GW-NIMBUS,Failed,8,31.11,OMR,0.0,0.05,-0.05
2025-09-12,SA267227056,TOKEN,GW-ORION,Failed,8,2294.03,SAR,0.0,0.36,-0.36
2025-11-19,EG763647415,CARD,GW-NILE,DECLINED,1,7081.49,EGP,0.0,0.41,-0.41
2025-08-18,AE317795493,TOKEN,GW-NIMBUS,Success,30,8140.06,AED,124.99,121.12,3.87
2025-01-20,SA315873581,LDEBIT,GW-NIMBUS,Failed,2,81.33,SAR,0.0,0.11,-0.11
2025-06-27,EG416828825,LDEBIT,GW-NILE,CAPTURED,1,6053.82,EGP,68.36,26.26,42.1
2024-11-24,SA124881724,CARD,GW-NIMBUS,Voided,5,582.86,SAR,0.0,0.28,-0.28
2026-05-17,SA506335203,CARD,GW-NIMBUS,Success,2,736.22,SAR,18.21,10.43,7.78
2025-10-24,AE439650362,LDEBIT,GW-NIMBUS,Refunded,1,103.86,AED,0.0,0.55,-0.55
2025-02-22,SA512016562,TOKEN,GW-NIMBUS,Voided,1,37.58,SAR,0.0,0.06,-0.06
2026-04-09,EG911025364,LDEBIT,GW-NILE,Success,8,1647.78,EGP,41.43,21.04,20.39
2026-05-02,SA764037736,CARD,GW-ORION,Voided,9,1996.23,SAR,0.0,0.4,-0.4
2026-06-25,OM236340585,BANKTR,GW-NIMBUS,Success,1025,15492.03,OMR,197.91,151.6,46.31
2025-12-30,SA734980407,TOKEN,GW-ATLAS,Success,162,9911.7,SAR,176.16,194.82,-18.66
2024-10-08,EG806758000,LDEBIT,GW-NILE,Failed,1,967.03,EGP,0.0,0.39,-0.39
2025-05-14,SA139966565,CARD,GW-ATLAS,Success,164,6863.56,SAR,241.72,145.58,96.14
2025-05-29,EG511884968,CARD,GW-ATLAS,Success,5,11476.25,EGP,267.04,185.75,81.29
2026-06-08,EG823617801,WALLET,GW-NILE,Success,8,2121.26,EGP,61.58,31.58,30.0
2025-08-28,EG686030808,LDEBIT,GW-NILE,Success,222,176968.05,EGP,1651.76,1101.03,550.73
2024-09-30,OM284198769,LDEBIT,GW-NIMBUS,Success,133,1941.48,OMR,17.59,11.04,6.55
2025-09-04,SA764037736,LDEBIT,GW-NIMBUS,Failed,6,1330.82,SAR,0.0,0.34,-0.34
2026-04-09,SA720574277,CARD,GW-NIMBUS,Failed,3,221.09,SAR,0.0,0.17,-0.17
2025-12-26,EG761087060,CARD,GW-NILE,Success,86,130486.75,EGP,3420.69,1817.43,1603.26
2026-06-07,AE987618927,TOKEN,GW-NIMBUS,Success,74,2856.77,AED,91.31,57.66,33.65
2026-01-06,SA512016562,LDEBIT,GW-NIMBUS,Success,35,1327.36,SAR,22.36,11.88,10.48
2025-11-18,SA110751010,CARD,GW-ORION,Failed,3,232.56,SAR,0.0,0.14,-0.14
2024-07-10,EG537272220,WALLET,GW-NILE,Failed,1,1584.91,EGP,0.0,0.38,-0.38
2025-05-17,EG989134753,WALLET,GW-NILE,Success,17,126641.85,EGP,1685.7,1055.44,630.26
2024-11-03,AE744794983,TOKEN,GW-NIMBUS,Success,11,1714.31,AED,43.11,26.63,16.48
2026-01-29,AE744794983,CARD,GW-ORION,Failed,10,1527.47,AED,0.0,0.44,-0.44
2025-03-05,SA295911590,LDEBIT,GW-NIMBUS,Success,10,1857.54,SAR,22.87,10.05,12.82
2025-06-14,SA138962665,CARD,GW-ORION,Success,15,2971.67,SAR,79.28,41.44,37.84
2025-02-13,EG550259154,WALLET,GW-NILE,Success,10,3197.98,EGP,80.82,43.08,37.74
2025-12-07,AE502481662,CARD,GW-ORION,Voided,2,880.22,AED,0.0,0.09,-0.09
2026-06-03,SA247609412,LDEBIT,GW-NIMBUS,Success,64,3628.15,SAR,51.47,27.13,24.34
2026-03-20,SA181926560,LDEBIT,GW-NIMBUS,Failed,1,96.38,SAR,0.0,0.06,-0.06
2025-10-28,EG823617801,CARD,GW-NILE,Failed,2,595.55,EGP,0.0,0.81,-0.81
2026-04-05,SA897535524,TOKEN,GW-NIMBUS,Failed,1,749.33,SAR,0.0,0.06,-0.06
2024-08-26,EG981274071,TOKEN,GW-NILE,Failed,7,2842.05,EGP,0.0,2.71,-2.71
2025-06-22,OM284198769,CARD,GW-NIMBUS,ERROR,16,237.53,OMR,0.0,0.09,-0.09
2025-10-30,EG497915590,TOKEN,GW-ATLAS,Success,1,4218.54,EGP,109.11,67.51,41.6
2025-07-01,EG373213017,LDEBIT,GW-NILE,Failed,2,2581.61,EGP,0.0,0.8,-0.8
2024-07-04,SA189353734,CARD,GW-ORION,Failed,9,349.28,SAR,0.0,0.4,-0.4
2024-12-24,EG221032323,CARD,GW-NILE,Failed,4,5114.4,EGP,0.0,1.57,-1.57
2026-02-22,EG150005962,BNPL,GW-ATLAS,Success,2,882.32,EGP,37.67,32.55,5.12
2025-09-09,SA925677957,LDEBIT,GW-NIMBUS,Success,2,1469.51,SAR,17.59,6.95,10.64
2026-03-11,EG134531316,CARD,GW-NILE,Failed,7,12599.96,EGP,0.0,2.89,-2.89
2024-07-01,AE878919871,TOKEN,GW-NIMBUS,Failed,3,661.23,AED,0.0,0.17,-0.17
2025-10-28,EG331354329,BNPL,GW-NILE,Success,58,22105.83,EGP,761.55,660.01,101.54
2024-08-30,EG806758000,TOKEN,GW-NILE,Success,3,4426.84,EGP,125.66,63.48,62.18
2025-03-31,SA159383546,CARD,GW-NIMBUS,Failed,4,113.41,SAR,0.0,0.22,-0.22
2025-03-09,EG474518016,TOKEN,GW-ATLAS,Success,25,31682.44,EGP,832.86,570.42,262.44
2026-05-05,OM761036673,CARD,GW-NIMBUS,DECLINED,71,276.09,OMR,0.0,0.41,-0.41
2025-11-25,AE125858239,BNPL,GW-ATLAS,Failed,10,2315.07,AED,0.0,0.73,-0.73
2024-12-24,SA306273888,CARD,GW-NIMBUS,Refunded,3,314.99,SAR,0.0,1.69,-1.69
2026-06-28,EG215045135,TOKEN,GW-ATLAS,Approved,2,32324.75,EGP,513.61,496.36,17.25
2025-08-30,EG482640702,LDEBIT,GW-NILE,Success,12,27231.05,EGP,343.92,131.06,212.86
2024-07-25,OM954248664,TOKEN,GW-ATLAS,CAPTURED,2,18.02,OMR,0.49,0.33,0.16
2026-05-22,OM942971083,TOKEN,GW-NIMBUS,Success,1,9.48,OMR,0.27,0.16,0.11
2026-01-31,EG235283002,BANKTR,GW-NILE,Refunded,5,17516.5,EGP,0.0,37.89,-37.89
2025-11-20,EG853730833,CARD,GW-ATLAS,Failed,2,2029.93,EGP,0.0,2.04,-2.04
2025-06-06,EG552283131,LDEBIT,GW-NILE,Success,2,7847.73,EGP,97.34,35.27,62.07
2024-11-11,SA592705693,CARD,GW-ORION,Failed,1,956.94,SAR,0.0,0.04,-0.04
2025-03-05,SA407393102,CARD,GW-NIMBUS,Failed,2,88.96,SAR,0.0,0.11,-0.11
2025-11-30,AE787062785,TOKEN,GW-ORION,Failed,1,146.98,AED,0.0,0.04,-0.04
2025-12-11,SA856834042,LDEBIT,GW-NIMBUS,Failed,1,100.86,SAR,0.0,0.06,-0.06
2024-11-10,EG229215706,LDEBIT,GW-NILE,Success,3,919.68,EGP,18.95,8.85,10.1
2025-07-11,AE348507314,BNPL,GW-ATLAS,Refunded,1,1734.53,AED,0.0,0.55,-0.55
2024-09-11,AE389283318,CARD,GW-ORION,Failed,59,5587.28,AED,0.0,2.6,-2.6
2026-01-04,EG105351460,TOKEN,GW-NILE,Refunded,1,1103.39,EGP,0.0,7.58,-7.58
2026-06-17,AE338852002,CARD,GW-NIMBUS,Success,2,358.75,AED,9.12,5.32,3.8
2026-06-10,SA638552986,TOKEN,GW-ATLAS,Success,6,1459.14,SAR,38.23,23.73,14.5
2025-04-26,AE744794983,TOKEN,GW-NIMBUS,Success,8,1205.65,AED,30.41,18.79,11.62
2026-04-17,EG537155658,WALLET,GW-NILE,REVERSED,1,231.01,EGP,0.0,0.41,-0.41
2025-06-03,EG482640702,CARD,GW-ATLAS,Failed,4,9285.24,EGP,0.0,3.99,-3.99
2026-04-10,AE520409719,TOKEN,GW-ORION,Success,7,1533.01,AED,36.14,21.92,14.22
2024-10-10,EG699756627,WALLET,GW-NILE,Success,1,2769.65,EGP,58.25,24.14,34.11
2025-08-22,EG952454778,TOKEN,GW-NILE,Success,13,3731.4,EGP,155.13,81.09,74.04
2025-06-17,OM284198769,CARD,GW-NIMBUS,Approved,176,2672.96,OMR,49.24,40.48,8.76
2025-03-05,EG724883181,TOKEN,GW-NILE,Success,13,4246.3,EGP,160.9,87.54,73.36
2025-12-21,OM377214746,CARD,GW-NIMBUS,DECLINED,1,23.44,OMR,0.0,0.01,-0.01
2025-08-29,AE547591847,BNPL,GW-ATLAS,Success,3,335.86,AED,14.85,11.83,3.02
2026-02-14,SA512016562,LDEBIT,GW-NIMBUS,Success,39,1462.06,SAR,24.71,13.16,11.55
2025-04-27,SA776589285,CARD,GW-ORION,Failed,3,586.53,SAR,0.0,0.14,-0.14
2025-07-17,EG696983188,WALLET,GW-NILE,VOIDED,3,1006.1,EGP,0.0,1.2,-1.2
2024-12-15,SA972748866,TOKEN,GW-ORION,REFUND,2,396.32,SAR,0.0,1.12,-1.12
2025-02-06,SA205739809,TOKEN,GW-ATLAS,Success,9,334.05,SAR,11.88,7.55,4.33
2024-11-01,SA986462340,TOKEN,GW-ORION,APPROVED,25,931.14,SAR,31.94,17.96,13.98
2025-08-04,EG991914423,WALLET,GW-NILE,Success,18,12324.7,EGP,280.86,130.99,149.87
2025-11-23,SA712951009,LDEBIT,GW-NIMBUS,Failed,1,632.18,SAR,0.0,0.06,-0.06
2025-02-19,SA604765470,TOKEN,GW-NIMBUS,Failed,1,41.29,SAR,0.0,0.06,-0.06
2025-05-26,AE410140017,LDEBIT,GW-NIMBUS,Success,277,46278.75,AED,351.78,254.03,97.75
2025-09-22,EG352362522,CARD,GW-NILE,Failed,2,2622.42,EGP,0.0,0.81,-0.81
2024-07-12,AE235728700,CARD,GW-NIMBUS,Failed,1,228.24,AED,0.0,0.06,-0.06
2026-06-08,SA385404287,TOKEN,GW-ATLAS,Success,39,2074.3,SAR,61.13,42.19,18.94
2026-03-06,SA596495663,TOKEN,GW-NIMBUS,Success,19,1090.11,SAR,33.06,19.89,13.17
2026-02-18,OM107384993,LDEBIT,GW-NIMBUS,Failed,1,20.08,OMR,0.0,0.01,-0.01
2026-01-26,SA828250977,TOKEN,GW-ATLAS,SETTLED,1,379.01,SAR,9.78,6.01,3.77
2024-07-03,EG544696241,CARD,GW-NILE,Failed,1,6483.81,EGP,0.0,0.38,-0.38
2026-06-24,AE502481662,BANKTR,GW-NIMBUS,Voided,2,880.22,AED,0.0,0.11,-0.11
2024-08-05,EG728358410,WALLET,GW-NILE,Failed,1,1546.57,EGP,0.0,0.39,-0.39
2025-01-06,EG613159214,CARD,GW-ATLAS,Voided,1,944.1,EGP,0.0,0.98,-0.98
2024-11-01,EG181564804,LDEBIT,GW-NILE,Failed,188,89924.22,EGP,0.0,73.39,-73.39
2025-05-15,EG614572570,LDEBIT,GW-NILE,Voided,1,4738.2,EGP,0.0,0.4,-0.4
2024-08-10,AE346681166,CARD,GW-NIMBUS,Voided,4,578.64,AED,0.0,0.22,-0.22
2026-04-14,EG788681599,TOKEN,GW-NILE,Success,1,7960.68,EGP,187.11,103.02,84.09
2025-09-16,AE345303542,CARD,GW-ATLAS,CAPTURED,36,1635.92,AED,54.01,33.64,20.37
2025-04-21,SA407055199,CARD,GW-ORION,Failed,9,950.7,SAR,0.0,0.4,-0.4
2025-05-10,AE998528073,TOKEN,GW-NIMBUS,Success,3,518.32,AED,13.74,7.97,5.77
2025-01-21,SA796857151,TOKEN,GW-ORION,Success,1,1757.01,SAR,39.03,23.59,15.44
2025-11-18,SA331993666,LDEBIT,GW-NIMBUS,Success,296,50919.85,SAR,322.06,279.09,42.97
2026-06-07,AE609791679,TOKEN,GW-ORION,Captured,2,245.28,AED,7.05,3.7,3.35
2026-06-27,EG744743048,CARD,GW-NILE,Voided,1,1339.42,EGP,0.0,0.41,-0.41
2024-10-10,EG998632198,CARD,GW-NILE,Success,36,55314.43,EGP,1359.82,764.81,595.01
2025-12-08,AE642488904,CARD,GW-ATLAS,Refunded,3,4240.37,AED,0.0,1.65,-1.65
2025-02-23,EG680228975,CARD,GW-NILE,Voided,1,9103.02,EGP,0.0,0.39,-0.39
2025-07-24,EG193916126,LDEBIT,GW-NILE,REVERSED,1,283.41,EGP,0.0,0.4,-0.4
2025-04-18,SA818206797,LDEBIT,GW-NIMBUS,Success,6,718.6,SAR,8.9,4.25,4.65
2026-04-11,SA705652485,TOKEN,GW-NIMBUS,Success,151,18313.62,SAR,396.05,293.2,102.85
2024-09-25,EG799496821,WALLET,GW-NILE,Failed,12,9916.63,EGP,0.0,4.63,-4.63
2025-06-13,EG750576392,TOKEN,GW-NILE,Success,1,994.21,EGP,30.15,15.17,14.98
2025-08-16,SA891035844,TOKEN,GW-ORION,Success,25,4212.62,SAR,105.42,61.61,43.81
2025-09-03,EG998632198,WALLET,GW-NILE,Failed,3,4834.68,EGP,0.0,1.22,-1.22
2025-02-19,EG279421850,BANKTR,GW-NILE,Voided,5,15993.42,EGP,0.0,1.96,-1.96
2025-08-13,EG124719628,CARD,GW-NILE,Success,6,14630.84,EGP,380.54,193.49,187.05
2024-09-27,EG704826709,LDEBIT,GW-NILE,Success,3,2201.28,EGP,34.02,13.98,20.04
2026-01-08,SA375386305,CARD,GW-ORION,Success,4,995.66,SAR,25.89,13.66,12.23
2025-10-09,EG594214015,CARD,GW-ATLAS,Success,14,3786.12,EGP,167.37,107.36,60.01
2025-08-24,EG967183698,WALLET,GW-NILE,Success,1777,603234.93,EGP,8725.92,7962.4,763.52
2025-07-15,SA955449063,CARD,GW-ATLAS,Success,17,970.09,SAR,28.43,18.86,9.57
2026-05-10,EG680139391,LDEBIT,GW-NILE,Failed,3,1262.55,EGP,0.0,1.24,-1.24
2025-04-09,SA218399497,LDEBIT,GW-NIMBUS,Failed,1,39.09,SAR,0.0,0.06,-0.06
2026-03-03,SA434781636,CARD,GW-NIMBUS,SUCCESS,6,527.69,SAR,15.49,8.59,6.9
2026-02-07,EG407965941,WALLET,GW-NILE,Voided,1,1327.98,EGP,0.0,0.41,-0.41
2025-09-15,SA999694215,CARD,GW-NIMBUS,Success,48,8828.41,SAR,224.6,130.88,93.72
2026-06-21,EG389371308,LDEBIT,GW-NILE,Failed,1,1516.6,EGP,0.0,0.41,-0.41
2026-03-06,SA331993666,CARD,GW-ORION,Failed,57,9864.6,SAR,0.0,2.57,-2.57
2026-06-29,SA556781756,CARD,GW-NIMBUS,Success,34,1827.97,SAR,55.58,32.97,22.61
2025-12-02,AE761816465,LDEBIT,GW-NIMBUS,SUCCESS,10,1299.09,AED,16.18,7.5,8.68
2024-08-08,SA705652485,LDEBIT,GW-NIMBUS,Refunded,32,3802.31,SAR,0.0,18.0,-18.0
2024-10-22,EG629727686,CARD,GW-NILE,Success,13,5259.51,EGP,186.37,97.39,88.98
2026-04-10,EG276584921,WALLET,GW-NILE,Success,1,2325.7,EGP,42.24,20.63,21.61
2025-08-01,AE301462734,CARD,GW-ORION,Success,33,1337.1,AED,45.9,24.35,21.55
2025-05-05,SA416884588,TOKEN,GW-NIMBUS,Refunded,1,172.69,SAR,0.0,0.56,-0.56
2025-02-28,AE987618927,CARD,GW-ORION,Success,239,9900.25,AED,305.18,179.15,126.03
2024-08-19,EG373213017,LDEBIT,GW-NILE,Success,13,14158.15,EGP,181.28,79.38,101.9
2025-11-14,AE132301545,CARD,GW-NIMBUS,REFUNDED,2,345.89,AED,0.0,1.1,-1.1
2025-09-06,EG897740135,CARD,GW-ATLAS,Success,29,8512.1,EGP,334.63,233.41,101.22
2025-05-31,AE208762198,BNPL,GW-ATLAS,Success,4,1144.46,AED,48.75,39.85,8.9
2026-04-30,EG259754316,BNPL,GW-ATLAS,Success,13,4805.96,EGP,210.31,179.43,30.88
2025-01-05,SA416884588,CARD,GW-ORION,Success,40,8375.28,SAR,195.49,116.3,79.19
2025-05-14,EG799575469,LDEBIT,GW-NILE,Success,13,4314.97,EGP,83.77,40.14,43.63
2025-03-30,OM590437110,CARD,GW-NIMBUS,Success,1,13.21,OMR,0.35,0.2,0.15
2024-07-24,AE671906697,CARD,GW-ORION,Failed,304,19294.56,AED,0.0,13.4,-13.4
2025-10-28,SA722880043,CARD,GW-NIMBUS,Success,8,14026.0,SAR,317.88,191.3,126.58
2025-09-27,EG237932689,WALLET,GW-NILE,Success,3,1558.86,EGP,36.56,17.97,18.59
2025-12-11,EG468145711,WALLET,GW-NILE,Refunded,1,850.42,EGP,0.0,7.64,-7.64
2026-06-27,SA781674979,CARD,GW-NIMBUS,Failed,9,422.11,SAR,0.0,0.51,-0.51
2025-08-03,AE468236624,BNPL,GW-ATLAS,Success,1,1338.94,AED,62.13,46.35,15.78
2026-05-28,EG327394766,LDEBIT,GW-NILE,Voided,2,3237.34,EGP,0.0,0.82,-0.82
2024-10-17,SA474123129,LDEBIT,GW-NIMBUS,Success,34,2046.68,SAR,28.79,14.95,13.84
2025-06-15,EG982441707,WALLET,GW-NILE,Failed,1,392.2,EGP,0.0,0.4,-0.4
2025-12-23,SA267227056,TOKEN,GW-ORION,Failed,5,1433.77,SAR,0.0,0.22,-0.22
2024-10-09,EG537339465,LDEBIT,GW-NILE,Success,422,174930.64,EGP,2134.39,1426.4,707.99
2026-01-25,AE200431265,CARD,GW-ORION,Success,14,8862.04,AED,193.02,116.67,76.35
2025-12-15,AE836534480,TOKEN,GW-ORION,SETTLED,1,224.37,AED,5.79,3.2,2.59
2026-05-24,EG407965941,LDEBIT,GW-NILE,Success,1,855.77,EGP,11.88,5.27,6.61
2026-03-13,OM805525842,LDEBIT,GW-NIMBUS,Failed,2,28.67,OMR,0.0,0.01,-0.01
2026-03-04,EG623813968,WALLET,GW-NILE,Success,4,8482.11,EGP,166.58,75.93,90.65
2025-10-02,EG511253320,CARD,GW-NILE,DECLINED,6,1982.06,EGP,0.0,2.42,-2.42
2026-03-09,EG537339465,LDEBIT,GW-NILE,Failed,33,14400.58,EGP,0.0,13.62,-13.62
2026-01-04,EG486344028,CARD,GW-ATLAS,Success,103,33495.49,EGP,1296.64,873.41,423.23
2025-12-01,EG178731082,TOKEN,GW-ATLAS,Success,15,8798.1,EGP,284.69,189.53,95.16
2026-01-26,AE543834117,TOKEN,GW-ORION,Success,5,264.22,AED,8.23,4.61,3.62
2026-02-04,EG573406141,CARD,GW-NILE,Failed,1,831.52,EGP,0.0,0.41,-0.41
2025-11-20,SA695199900,TOKEN,GW-ATLAS,Success,2,334.03,SAR,8.41,5.61,2.8
2025-01-31,EG167120747,CARD,GW-ATLAS,Success,1,3569.14,EGP,94.27,55.66,38.61
2025-07-20,SA843654782,CARD,GW-ATLAS,Success,14,57925.98,SAR,909.06,848.45,60.61
2026-05-31,EG400875498,CARD,GW-NILE,Success,19,52027.62,EGP,1369.2,684.05,685.15
2026-05-22,AE439650362,CARD,GW-ORION,Success,15,1146.62,AED,32.73,17.98,14.75
2025-06-07,EG934737958,WALLET,GW-NILE,Failed,2,578.44,EGP,0.0,0.8,-0.8
2024-12-23,OM236113503,LDEBIT,GW-NIMBUS,Failed,1,27.25,OMR,0.0,0.01,-0.01
2025-05-17,EG622719015,WALLET,GW-NILE,Approved,1,11902.6,EGP,228.88,98.15,130.73
2026-03-27,EG511253320,WALLET,GW-NILE,Success,20,5761.9,EGP,169.06,82.79,86.27
2026-04-13,SA954952952,TOKEN,GW-NIMBUS,Voided,2,87.35,SAR,0.0,0.11,-0.11
2025-11-26,AE987618927,CARD,GW-ORION,Success,232,9403.57,AED,291.7,171.25,120.45
2025-03-01,EG820064163,WALLET,GW-NILE,Success,1,1048.5,EGP,23.08,10.22,12.86
2025-09-04,EG161643120,WALLET,GW-NILE,Refunded,1,764.9,EGP,0.0,7.64,-7.64
2024-08-14,EG877654092,TOKEN,GW-NILE,Success,154,136884.18,EGP,2621.88,2120.13,501.75
2025-11-14,SA768323752,CARD,GW-ATLAS,Failed,1,87.4,SAR,0.0,0.08,-0.08
2024-10-08,SA189353734,CARD,GW-ORION,Failed,9,349.28,SAR,0.0,0.4,-0.4
2024-09-02,OM222996492,BANKTR,GW-NIMBUS,Failed,1,767.51,OMR,0.0,0.01,-0.01
2025-10-22,SA307616362,CARD,GW-ORION,Failed,106,5425.41,SAR,0.0,4.77,-4.77
2024-07-13,OM224536276,CARD,GW-ATLAS,Success,11,39.7,OMR,1.37,0.89,0.48
2026-06-22,EG989134753,WALLET,GW-NILE,Failed,7,52014.92,EGP,0.0,2.88,-2.88
2025-07-19,AE861319254,CARD,GW-ATLAS,SETTLED,7,1372.14,AED,35.05,21.91,13.14
2025-05-30,AE853501645,CARD,GW-ORION,Refunded,16,1275.93,AED,0.0,8.81,-8.81
2024-07-13,EG989134753,LDEBIT,GW-NILE,Success,13,98946.08,EGP,813.08,422.61,390.47
2025-11-08,OM334471218,TOKEN,GW-ATLAS,Failed,1,24.21,OMR,0.0,0.01,-0.01
2025-08-23,AE410140017,CARD,GW-NIMBUS,Failed,94,15315.96,AED,0.0,5.18,-5.18
2025-03-23,SA420885285,CARD,GW-NIMBUS,Success,9,965.33,SAR,26.72,15.23,11.49
2025-02-07,EG888467038,CARD,GW-NILE,Failed,1,10168.42,EGP,0.0,0.39,-0.39
2025-08-04,AE827819347,CARD,GW-ORION,Voided,1,62.57,AED,0.0,0.04,-0.04
2026-02-15,EG771551439,CARD,GW-NILE,Success,3,186638.13,EGP,2899.93,2275.81,624.12
2025-05-05,EG655465870,TOKEN,GW-ATLAS,Success,31,9925.41,EGP,386.28,264.35,121.93
2025-12-28,AE901159238,LDEBIT,GW-NIMBUS,APPROVED,5,1303.63,AED,16.3,6.69,9.61
2025-08-28,EG611254298,TOKEN,GW-NILE,Success,7,2781.2,EGP,99.7,53.39,46.31
2026-05-07,EG191085202,CARD,GW-NILE,Failed,1,7692.4,EGP,0.0,0.41,-0.41
2026-02-22,OM936304206,CARD,GW-ATLAS,Success,14,284.55,OMR,6.71,4.55,2.16
2025-09-16,AE719619202,CARD,GW-NIMBUS,Success,18,5919.77,AED,149.13,84.21,64.92
2026-01-30,EG841233405,LDEBIT,GW-NILE,Success,1,1134.23,EGP,14.95,6.36,8.59
2026-05-06,AE707625102,CARD,GW-NIMBUS,Failed,1,281.34,AED,0.0,0.06,-0.06
2026-05-27,AE264932236,CARD,GW-ORION,Success,3,1374.8,AED,21.21,18.28,2.93
2026-03-12,AE355257464,BANKTR,GW-NIMBUS,Success,1,8806.72,AED,20.83,5.74,15.09
2025-07-12,EG199157533,CARD,GW-ATLAS,Refunded,1,956.5,EGP,0.0,7.53,-7.53
2026-02-17,SA433295013,CARD,GW-NIMBUS,REVERSED,2,278.09,SAR,0.0,0.11,-0.11
2025-01-14,EG403388419,TOKEN,GW-NILE,Refunded,2,3608.79,EGP,0.0,14.7,-14.7
2024-11-26,SA775621648,TOKEN,GW-NIMBUS,Success,4,173.49,SAR,5.6,3.4,2.2
2024-11-25,EG554455116,CARD,GW-NILE,Success,5,45315.76,EGP,1060.77,563.52,497.25
2026-06-05,EG124719628,TOKEN,GW-ATLAS,Failed,1,2387.07,EGP,0.0,1.03,-1.03
2024-07-21,EG926950694,CARD,GW-ATLAS,Refunded,53,71064.71,EGP,0.0,382.31,-382.31
2026-03-23,AE205330599,CARD,GW-ORION,Failed,2,274.67,AED,0.0,0.09,-0.09
2025-08-17,EG686030808,LDEBIT,GW-NILE,Success,278,229593.39,EGP,2125.11,1411.1,714.01
2025-12-25,SA939400299,TOKEN,GW-NIMBUS,Failed,1,61.56,SAR,0.0,0.06,-0.06
2025-02-19,EG877654092,TOKEN,GW-NILE,Success,178,161287.12,EGP,3085.24,2495.11,590.13
2025-04-09,SA256650029,CARD,GW-NIMBUS,Voided,1,125.8,SAR,0.0,0.06,-0.06
2024-09-19,EG849029255,TOKEN,GW-ATLAS,Voided,1,382.12,EGP,0.0,0.96,-0.96
2024-12-03,SA124881724,CARD,GW-NIMBUS,Refunded,1,135.29,SAR,0.0,0.56,-0.56
2026-02-14,SA479684490,CARD,GW-ORION,Success,28,1327.57,SAR,39.95,23.27,16.68
2025-08-30,SA158425015,TOKEN,GW-NIMBUS,Success,15,713.23,SAR,22.82,13.64,9.18
2025-04-21,EG373213017,CARD,GW-ATLAS,Refunded,6,6294.79,EGP,0.0,44.74,-44.74
2025-02-28,SA159383546,CARD,GW-NIMBUS,Success,17,415.76,SAR,16.69,9.76,6.93
2025-10-16,EG100648072,CARD,GW-ATLAS,Success,4,9648.54,EGP,258.6,155.58,103.02
2026-01-23,EG594214015,CARD,GW-ATLAS,Failed,2,566.93,EGP,0.0,2.02,-2.02
2025-08-29,OM761036673,TOKEN,GW-ATLAS,Failed,15,58.33,OMR,0.0,0.12,-0.12
2026-01-25,AE618504164,CARD,GW-ATLAS,Voided,1,54.11,AED,0.0,0.07,-0.07
2025-03-05,AE998528073,CARD,GW-ORION,Refunded,1,128.73,AED,0.0,0.55,-0.55
2025-11-02,EG981274071,CARD,GW-ATLAS,Success,337,143677.01,EGP,5102.78,3365.95,1736.83
2024-12-30,EG899495597,WALLET,GW-NILE,ERROR,1,1695.62,EGP,0.0,0.39,-0.39
2024-12-23,EG511253320,WALLET,GW-NILE,Failed,1,321.67,EGP,0.0,0.39,-0.39
2024-08-06,OM501692260,CARD,GW-NIMBUS,Success,8,476.09,OMR,10.64,6.63,4.01
2026-05-04,SA331993666,TOKEN,GW-NIMBUS,Success,145,24771.48,SAR,326.25,382.14,-55.89
2026-02-20,SA168621990,TOKEN,GW-ATLAS,Failed,1,105.38,SAR,0.0,0.08,-0.08
2024-10-27,EG229215706,CARD,GW-NILE,DECLINED,1,428.4,EGP,0.0,0.39,-0.39
2025-12-09,SA884997089,TOKEN,GW-ORION,SUCCESS,1,207.88,SAR,5.16,2.99,2.17
2025-07-20,SA268987858,CARD,GW-ORION,Failed,1,70.14,SAR,0.0,0.04,-0.04
2025-12-17,SA512016562,CARD,GW-NIMBUS,Failed,5,187.91,SAR,0.0,0.28,-0.28
2024-09-29,OM267217098,LDEBIT,GW-NIMBUS,Refunded,1,18.31,OMR,0.0,0.06,-0.06
2026-02-26,AE226845726,CARD,GW-NIMBUS,Failed,3,424.08,AED,0.0,0.17,-0.17
2026-03-31,OM688926128,CARD,GW-NIMBUS,Success,283,3035.85,OMR,59.72,48.06,11.66
2026-01-02,EG843137256,LDEBIT,GW-NILE,Success,5,6889.3,EGP,91.17,36.74,54.43
2025-06-13,AE235728700,CARD,GW-NIMBUS,CAPTURED,15,3589.21,AED,88.49,52.04,36.45
2026-02-01,EG191889591,CARD,GW-ATLAS,Success,71,101406.37,EGP,2671.27,1748.07,923.2
2026-05-03,EG679079810,CARD,GW-NILE,Success,2,635.82,EGP,26.21,13.19,13.02
2024-07-07,AE345303542,TOKEN,GW-ORION,Success,9,393.96,AED,13.35,7.21,6.14
2024-08-10,SA627300378,CARD,GW-NIMBUS,Success,7,3091.67,SAR,80.23,43.44,36.79
2026-06-03,AE934873526,CARD,GW-ATLAS,Failed,1,300.53,AED,0.0,0.07,-0.07
2026-06-21,EG967183698,WALLET,GW-NILE,Voided,25,8937.65,EGP,0.0,10.29,-10.29
2026-02-17,OM486301998,LDEBIT,GW-NIMBUS,Success,2,15.16,OMR,0.22,0.1,0.12
2025-05-13,SA620446884,CARD,GW-NIMBUS,Failed,2,232.99,SAR,0.0,0.11,-0.11
2024-09-29,EG926950694,CARD,GW-ATLAS,Success,380,428218.2,EGP,7122.17,7599.89,-477.72
2025-07-10,SA925677957,TOKEN,GW-NIMBUS,Success,2,1355.06,SAR,33.95,19.46,14.49
2025-11-06,SA771478693,CARD,GW-ORION,Refunded,2,287.12,SAR,0.0,1.12,-1.12
2026-06-04,EG275709942,TOKEN,GW-ATLAS,APPROVED,44,65283.98,EGP,1054.73,1154.57,-99.84
2025-08-19,EG482640702,BNPL,GW-NILE,Failed,3,6905.9,EGP,0.0,1.19,-1.19
2025-01-31,AE970872555,TOKEN,GW-ORION,Success,10,967.35,AED,27.03,15.05,11.98
2025-01-01,SA307616362,CARD,GW-ORION,Success,256,13265.28,SAR,386.24,227.18,159.06
2025-10-28,EG823617801,LDEBIT,GW-NILE,Approved,9,2440.65,EGP,51.98,25.74,26.24
2025-03-16,SA892484380,LDEBIT,GW-NIMBUS,Declined,1,1043.26,SAR,0.0,0.06,-0.06
2026-01-22,EG877654092,TOKEN,GW-NILE,Failed,6,5522.91,EGP,0.0,2.42,-2.42
2025-10-07,SA909908733,CARD,GW-ORION,Refunded,12,2506.06,SAR,0.0,6.75,-6.75
2026-03-08,AE667080643,TOKEN,GW-ATLAS,Success,4,951.14,AED,24.37,15.47,8.9
2025-06-03,SA705652485,LDEBIT,GW-NIMBUS,Failed,21,2581.86,SAR,0.0,1.18,-1.18
2024-08-25,EG989134753,LDEBIT,GW-NILE,Failed,1,6998.1,EGP,0.0,0.39,-0.39
2025-11-16,SA426436949,BNPL,GW-ATLAS,Refunded,1,67.6,SAR,0.0,0.56,-0.56
2026-01-08,SA168621990,LDEBIT,GW-NIMBUS,Success,32,3291.77,SAR,45.73,20.21,25.52
2025-08-17,EG450716760,TOKEN,GW-NILE,Failed,1,2750.4,EGP,0.0,0.4,-0.4
2024-12-10,EG761087060,TOKEN,GW-ATLAS,Voided,1,1405.45,EGP,0.0,0.98,-0.98
2025-02-18,SA887092113,CARD,GW-ORION,Success,18,2129.98,SAR,2981.97,31.32,2950.65
2024-08-05,SA267227056,LDEBIT,GW-NIMBUS,Refunded,25,8160.33,SAR,0.0,14.06,-14.06
2025-01-10,SA487858809,BNPL,GW-ATLAS,Success,3,78.54,SAR,3.56,2.94,0.62
2025-02-10,OM528658283,LDEBIT,GW-NIMBUS,Success,1,17.2,OMR,0.21,0.09,0.12
2024-08-14,SA124881724,LDEBIT,GW-NIMBUS,Voided,1,116.57,SAR,0.0,0.06,-0.06
2025-04-23,SA860742247,LDEBIT,GW-NIMBUS,Success,877,171712.25,SAR,1457.75,920.7,537.05
2026-04-25,EG707758852,LDEBIT,GW-NILE,Success,6,3166.68,EGP,51.4,23.6,27.8
2025-12-07,EG955763785,LDEBIT,GW-NILE,Refunded,1,881.38,EGP,0.0,7.64,-7.64
2025-04-12,SA256650029,TOKEN,GW-NIMBUS,VOID,1,125.8,SAR,0.0,0.06,-0.06
2025-10-01,EG903275069,WALLET,GW-NILE,Voided,2,1033.91,EGP,0.0,0.81,-0.81
2024-10-28,AE345303542,CARD,GW-ATLAS,Failed,1,46.18,AED,0.0,0.07,-0.07
2026-02-23,AE827819347,CARD,GW-ORION,Voided,2,125.13,AED,0.0,0.09,-0.09
2026-06-25,EG374768013,CARD,GW-NILE,Success,56,17917.62,EGP,696.03,370.36,325.67
2024-11-30,EG161643120,LDEBIT,GW-NILE,Success,4,3025.48,EGP,44.9,19.09,25.81
2025-07-27,EG345706176,CARD,GW-NILE,Failed,1,2541.39,EGP,0.0,0.4,-0.4
2025-10-02,AE741353303,CARD,GW-ORION,Success,22,774.17,AED,25.0,14.73,10.27
2024-09-22,SA754882184,LDEBIT,GW-NIMBUS,Success,10,1275.66,SAR,17.42,7.43,9.99
2026-04-12,OM284198769,LDEBIT,GW-NIMBUS,Failed,9,133.61,OMR,0.0,0.05,-0.05
2025-10-15,AE195822932,CARD,GW-NIMBUS,APPROVED,36,5101.98,AED,130.52,77.47,53.05
2024-12-28,EG728358410,LDEBIT,GW-NILE,Success,7,11430.82,EGP,131.47,58.31,73.16
2026-03-21,SA589749602,CARD,GW-ORION,Voided,1,173.79,SAR,0.0,0.04,-0.04
2026-02-05,AE554805022,TOKEN,GW-ORION,Success,7,7092.25,AED,166.33,95.86,70.47
2025-12-09,EG873952802,CARD,GW-ATLAS,Refunded,11,11994.78,EGP,0.0,83.99,-83.99
2025-02-16,EG873952802,TOKEN,GW-NILE,Failed,2,2562.61,EGP,0.0,0.79,-0.79
2025-10-27,SA434781636,CARD,GW-NIMBUS,Success,11,1556.06,SAR,43.03,23.69,19.34
2024-11-30,EG676342880,WALLET,GW-NILE,Refunded,7,4905.53,EGP,0.0,51.24,-51.24
2026-02-02,AE609791679,BNPL,GW-ATLAS,Success,3,226.48,AED,11.34,8.05,3.29
2025-12-10,SA474123129,LDEBIT,GW-NIMBUS,Success,47,2583.4,SAR,37.1,19.56,17.54
2026-05-04,OM716128158,TOKEN,GW-NIMBUS,Success,2,27.46,OMR,0.69,0.43,0.26
2026-06-09,EG903275069,LDEBIT,GW-NILE,Success,50,27294.3,EGP,426.37,200.56,225.81
2026-05-24,EG989242475,LDEBIT,GW-NILE,Success,1,1557.56,EGP,20.44,8.11,12.33
2024-09-17,SA295911590,LDEBIT,GW-NIMBUS,Success,1,211.24,SAR,2.57,1.12,1.45
2026-05-02,SA716580826,LDEBIT,GW-NIMBUS,Success,22,881.55,SAR,15.1,7.68,7.42
2024-12-15,AE123781768,LDEBIT,GW-NIMBUS,Refunded,1,49.15,AED,0.0,0.55,-0.55
2025-12-31,AE426640224,TOKEN,GW-ORION,Success,10,749.99,AED,20.64,12.16,8.48
2026-01-29,AE853501645,CARD,GW-ORION,Voided,2,123.24,AED,0.0,0.09,-0.09
2025-08-06,EG614572570,CARD,GW-NILE,Failed,1,4704.59,EGP,0.0,0.4,-0.4
2025-05-22,AE211109637,CARD,GW-NIMBUS,Success,2,1736.1,AED,25.29,23.91,1.38
2026-02-07,SA320986752,LDEBIT,GW-NIMBUS,Refunded,3,2356.85,SAR,0.0,1.69,-1.69
2025-10-01,SA517497912,LDEBIT,GW-NIMBUS,Declined,4,190.39,SAR,0.0,0.22,-0.22
2026-02-25,EG573406141,TOKEN,GW-ATLAS,Success,1,883.57,EGP,27.66,17.16,10.5
2026-03-23,AE957433919,TOKEN,GW-NIMBUS,Declined,44,6738.7,AED,0.0,2.42,-2.42
2025-11-27,SA720574277,BNPL,GW-ATLAS,Failed,1,73.7,SAR,0.0,0.08,-0.08
2024-08-11,EG249264164,LDEBIT,GW-NILE,Failed,1,863.04,EGP,0.0,0.39,-0.39
2025-05-14,EG622517179,TOKEN,GW-NILE,Success,5,2136.83,EGP,76.88,40.12,36.76
2026-04-02,EG770407516,TOKEN,GW-ATLAS,Success,211,59671.17,EGP,2466.98,1703.36,763.62
2026-03-16,EG771233717,TOKEN,GW-NILE,Success,4,5985.96,EGP,161.19,86.36,74.83
2025-08-07,SA517497912,CARD,GW-NIMBUS,Success,30,1515.64,SAR,46.76,27.77,18.99
2026-04-01,EG293670432,CARD,GW-NILE,Success,16,5055.77,EGP,188.47,104.94,83.53
2025-04-29,SA534917472,CARD,GW-ORION,Failed,1,36.58,SAR,0.0,0.04,-0.04
2025-04-28,EG219821138,WALLET,GW-NILE,Failed,1,413.91,EGP,0.0,0.4,-0.4
2024-10-25,EG770407516,TOKEN,GW-ATLAS,Refunded,1,168.28,EGP,0.0,7.29,-7.29
2026-02-21,SA268987858,CARD,GW-ORION,Success,12,725.53,SAR,21.45,11.98,9.47
2025-11-16,SA589749602,TOKEN,GW-ATLAS,Failed,3,521.38,SAR,0.0,0.22,-0.22
2025-04-16,EG431162218,CARD,GW-ATLAS,Success,19,91683.01,EGP,1581.63,1406.63,175.0
2025-12-10,EG888467038,CARD,GW-NILE,Success,2,29106.82,EGP,647.04,359.04,288.0
2025-03-10,SA158425015,LDEBIT,GW-NIMBUS,Failed,5,199.94,SAR,0.0,0.28,-0.28
2024-12-05,EG623813968,TOKEN,GW-ATLAS,Success,1,2300.3,EGP,59.07,38.41,20.66
2025-01-07,EG967183698,WALLET,GW-NILE,Voided,15,5109.15,EGP,0.0,5.88,-5.88
2025-11-16,SA779341840,CARD,GW-ATLAS,Success,106,18718.49,SAR,473.08,302.33,170.75
2025-02-11,EG181564804,CARD,GW-ATLAS,Voided,123,59155.54,EGP,0.0,120.7,-120.7
2025-01-04,SA763491142,CARD,GW-ORION,Failed,2,684.0,SAR,0.0,0.09,-0.09
2025-07-09,SA295911590,TOKEN,GW-NIMBUS,Success,3,738.61,SAR,18.57,11.07,7.5
2026-02-18,EG449636175,TOKEN,GW-NILE,Failed,53,22488.79,EGP,0.0,21.75,-21.75
2025-09-23,EG758836714,LDEBIT,GW-NILE,Success,13,10794.49,EGP,167.11,66.89,100.22
2025-11-11,EG537155658,WALLET,GW-NILE,Voided,4,917.98,EGP,0.0,1.63,-1.63
2025-06-22,SA605999505,BNPL,GW-ATLAS,REVERSED,1,214.06,SAR,0.0,0.08,-0.08
2024-12-20,AE609791679,CARD,GW-NIMBUS,Success,7,716.12,AED,20.63,11.34,9.29
2025-01-29,AE901159238,CARD,GW-NIMBUS,Success,20,3879.82,AED,101.02,57.15,43.87
2025-10-13,EG856875467,CARD,GW-NILE,Failed,12,5090.39,EGP,0.0,4.83,-4.83
2026-06-01,SA851607798,TOKEN,GW-ORION,Success,30,1826.17,SAR,32.26,30.98,1.28
2025-08-25,SA742513174,TOKEN,GW-ATLAS,Success,1,46.64,SAR,1.51,0.98,0.53
2025-10-09,AE932795909,CARD,GW-NIMBUS,Refunded,11,3507.97,AED,0.0,6.06,-6.06
2025-10-10,SA773581532,LDEBIT,GW-NIMBUS,Success,3,2499.68,SAR,27.43,11.75,15.68
2026-06-21,EG150005962,WALLET,GW-NILE,Success,2,1038.81,EGP,22.89,12.01,10.88
2024-07-17,EG266138287,LDEBIT,GW-NILE,Success,10,3241.41,EGP,59.52,29.96,29.56
2025-08-14,AE918231431,LDEBIT,GW-NIMBUS,Success,1,1174.03,AED,13.31,5.45,7.86
2024-10-03,OM267217098,CARD,GW-ATLAS,Voided,8,116.94,OMR,0.0,0.06,-0.06
2025-12-17,AE172124002,LDEBIT,GW-NIMBUS,Failed,1,128.8,AED,0.0,0.06,-0.06
2025-09-08,SA865281392,CARD,GW-ATLAS,Success,26,10314.05,SAR,266.54,157.59,108.95
2025-07-25,EG511893937,CARD,GW-NILE,Success,3,3081.74,EGP,86.07,45.42,40.65
2026-01-25,EG723843125,WALLET,GW-NILE,Voided,1,271.93,EGP,0.0,0.4,-0.4
2026-05-27,EG991914423,LDEBIT,GW-NILE,Voided,1,747.05,EGP,0.0,0.41,-0.41
2025-06-11,SA362023155,TOKEN,GW-ORION,Voided,1,66.05,SAR,0.0,0.04,-0.04
2025-09-01,EG624580946,CARD,GW-NILE,Refunded,27,6698.8,EGP,0.0,206.28,-206.28
2025-11-02,OM371938797,LDEBIT,GW-NIMBUS,REFUND,3,15.86,OMR,0.0,0.17,-0.17
2024-07-04,AE932795909,CARD,GW-NIMBUS,Voided,12,3464.09,AED,0.0,0.66,-0.66
2024-10-15,EG537272220,LDEBIT,GW-NILE,Success,4,10235.82,EGP,117.91,48.26,69.65
2025-12-22,EG624580946,CARD,GW-NILE,Refunded,7,1546.56,EGP,0.0,53.45,-53.45
2025-02-06,AE307567415,TOKEN,GW-ORION,Failed,6,1093.68,AED,0.0,0.26,-0.26
2025-06-16,AE346681166,CARD,GW-NIMBUS,Failed,26,3761.17,AED,0.0,1.43,-1.43
2025-09-26,SA860742247,TOKEN,GW-ATLAS,Refunded,4,959.97,SAR,0.0,2.25,-2.25
2025-12-20,OM713381935,CARD,GW-NIMBUS,SETTLED,3,247.49,OMR,5.88,3.42,2.46
2025-05-19,SA110751010,CARD,GW-ORION,Refunded,1,53.22,SAR,0.0,0.56,-0.56
2024-10-06,EG998632198,CARD,GW-NILE,APPROVED,33,49977.48,EGP,1230.92,692.24,538.68
2026-06-08,EG337514076,CARD,GW-ATLAS,Success,2,7539.85,EGP,196.89,117.54,79.35
2025-09-06,EG140153041,LDEBIT,GW-NILE,Success,3,1213.34,EGP,22.2,10.26,11.94
2025-06-21,EG888467038,WALLET,GW-NILE,Success,1,18863.91,EGP,332.61,154.54,178.07
2026-03-10,EG191085202,CARD,GW-NILE,Failed,2,15396.2,EGP,0.0,0.83,-0.83
2024-12-19,EG911025364,CARD,GW-NILE,Failed,5,1063.43,EGP,0.0,1.96,-1.96
2024-12-25,SA589749602,CARD,GW-ORION,Refunded,13,1760.6,SAR,0.0,7.31,-7.31
2026-01-04,EG407965941,WALLET,GW-NILE,Success,1,1276.44,EGP,25.23,12.11,13.12
2024-12-25,AE561735990,CARD,GW-NIMBUS,Success,2,1583.23,AED,40.38,21.85,18.53
2024-07-28,SA307616362,LDEBIT,GW-NIMBUS,Failed,8,409.46,SAR,0.0,0.45,-0.45
2026-01-01,EG105351460,BNPL,GW-NILE,Success,3,4613.96,EGP,207.72,134.09,73.63
2025-06-06,AE235728700,BNPL,GW-ATLAS,Success,3,775.4,AED,35.85,27.02,8.83
2025-04-28,AE920778970,CARD,GW-ATLAS,Failed,1,581.44,AED,0.0,0.07,-0.07
2026-06-02,AE333118951,TOKEN,GW-NIMBUS,Success,2,208.44,AED,5.97,3.4,2.57
2024-12-29,EG981274071,LDEBIT,GW-NILE,Refunded,1,439.85,EGP,0.0,7.35,-7.35
2025-06-24,SA466668047,BNPL,GW-ATLAS,Success,39,1740.49,SAR,80.34,63.08,17.26
2025-01-01,SA734980407,CARD,GW-ATLAS,Failed,66,3958.02,SAR,0.0,4.95,-4.95
2024-10-13,SA315873581,CARD,GW-ORION,Voided,1,40.67,SAR,0.0,0.04,-0.04
2024-12-04,EG943656964,TOKEN,GW-ATLAS,Success,2,895.62,EGP,31.06,20.8,10.26
2025-09-25,SA466668047,CARD,GW-ORION,Failed,23,1010.92,SAR,0.0,1.04,-1.04
2025-05-16,OM334471218,CARD,GW-ATLAS,Success,51,1288.53,OMR,30.48,20.24,10.24
2026-03-26,SA640104269,BNPL,GW-ATLAS,Success,2,3250.22,SAR,105.6,112.48,-6.88
2026-03-28,EG832002580,CARD,GW-NILE,Success,4,17173.11,EGP,419.05,219.59,199.46
2026-04-27,SA295911590,CARD,GW-ORION,Failed,1,182.07,SAR,0.0,0.04,-0.04
2026-06-22,OM688926128,CARD,GW-NIMBUS,Refunded,4,37.7,OMR,0.0,0.23,-0.23
2025-12-05,SA508515348,LDEBIT,GW-NIMBUS,Success,35,6199.29,SAR,75.44,33.8,41.64
2025-09-06,AE333118951,LDEBIT,GW-NIMBUS,Success,1,75.33,AED,1.09,0.5,0.59
2024-09-27,EG181564804,WALLET,GW-NILE,Success,4822,2287323.76,EGP,38063.31,26668.57,11394.74
2026-01-09,OM936304206,LDEBIT,GW-NIMBUS,Voided,1,19.78,OMR,0.0,0.01,-0.01
2024-08-03,AE861319254,CARD,GW-ATLAS,Refunded,2,359.01,AED,0.0,1.1,-1.1
2024-08-24,EG468145711,TOKEN,GW-NILE,Success,1,904.17,EGP,27.1,13.96,13.14
2025-03-08,SA487858809,LDEBIT,GW-NIMBUS,Voided,2,91.32,SAR,0.0,0.11,-0.11
2025-06-08,OM869421466,CARD,GW-ATLAS,Captured,1,1684.23,OMR,27.09,24.58,2.51
2025-01-15,EG926950694,CARD,GW-ATLAS,Refunded,15,17261.08,EGP,0.0,110.26,-110.26
2026-06-04,SA362023155,TOKEN,GW-ORION,Success,13,765.94,SAR,22.24,13.09,9.15
2024-12-11,SA435110503,CARD,GW-NIMBUS,Failed,4,1462.8,SAR,0.0,0.22,-0.22
2024-09-26,EG792191738,WALLET,GW-NILE,Success,34,26906.38,EGP,597.61,275.35,322.26
2025-02-19,SA847623511,LDEBIT,GW-NIMBUS,Success,12,1104.46,SAR,15.33,7.0,8.33
2026-03-07,SA256650029,TOKEN,GW-NIMBUS,Success,65,8356.14,SAR,212.39,132.83,79.56
2025-11-27,EG744743048,CARD,GW-NILE,Voided,2,2654.63,EGP,0.0,0.82,-0.82
2025-09-19,SA779341840,TOKEN,GW-ATLAS,Failed,2,339.76,SAR,0.0,0.15,-0.15
2025-12-14,EG290794122,WALLET,GW-NILE,Success,2,6678.49,EGP,124.47,57.66,66.81
2025-05-14,AE798073466,CARD,GW-ORION,Refunded,4,1479.08,AED,0.0,2.2,-2.2
2025-06-25,EG707591429,CARD,GW-ATLAS,Voided,1,709.0,EGP,0.0,1.0,-1.0
2025-02-25,EG647781107,WALLET,GW-NILE,Success,6,3225.54,EGP,75.89,36.43,39.46
2025-12-03,AE853501645,TOKEN,GW-NIMBUS,Success,46,2716.19,AED,77.63,49.01,28.62
2025-09-11,AE195154121,CARD,GW-ORION,SETTLED,48,10060.11,AED,243.78,139.46,104.32
2024-07-04,AE934873526,CARD,GW-ATLAS,Failed,2,601.07,AED,0.0,0.15,-0.15
2025-11-01,SA779172798,BNPL,GW-ATLAS,SUCCESS,7,832.65,SAR,38.34,29.3,9.04
2025-07-10,SA852543984,CARD,GW-NIMBUS,Success,50,11748.64,SAR,289.2,170.79,118.41
2024-08-26,EG987489356,WALLET,GW-NILE,Failed,96,27624.04,EGP,0.0,37.2,-37.2
2026-02-21,SA640104269,LDEBIT,GW-NIMBUS,Success,3,6696.52,SAR,53.58,30.64,22.94
2025-10-29,EG544029480,CARD,GW-NILE,Voided,1,1287.89,EGP,0.0,0.4,-0.4
2026-06-30,EG191960141,TOKEN,GW-NILE,Success,4,7824.93,EGP,198.2,109.5,88.7
2024-11-12,EG275709942,CARD,GW-NILE,Refunded,8,12448.15,EGP,0.0,58.56,-58.56
2025-08-22,EG849029255,WALLET,GW-NILE,Failed,3,1175.39,EGP,0.0,1.19,-1.19
2025-10-02,SA110751010,CARD,GW-ORION,APPROVED,28,2190.15,SAR,62.93,34.33,28.6
2026-01-20,OM141192539,CARD,GW-ATLAS,VOID,2,30.78,OMR,0.0,0.02,-0.02
2025-05-29,SA951904107,LDEBIT,GW-NIMBUS,Failed,5,971.8,SAR,0.0,0.28,-0.28
2025-11-03,AE107661633,CARD,GW-NIMBUS,Refunded,1,139.22,AED,0.0,0.55,-0.55
2025-03-27,EG275709942,LDEBIT,GW-NILE,REFUND,1,2257.96,EGP,0.0,7.41,-7.41
2024-12-26,SA110751010,CARD,GW-ORION,Failed,4,310.08,SAR,0.0,0.18,-0.18
2026-05-05,EG103023484,LDEBIT,GW-NILE,Failed,9,12109.25,EGP,0.0,3.71,-3.71
2025-12-28,EG799575469,LDEBIT,GW-NILE,Failed,1,376.37,EGP,0.0,0.41,-0.41
2025-07-18,AE595956042,BNPL,GW-ATLAS,Failed,4,1137.47,AED,0.0,0.29,-0.29
2024-11-14,OM141192539,CARD,GW-ATLAS,Failed,16,246.28,OMR,0.0,0.12,-0.12
2025-05-23,SA772263667,TOKEN,GW-ORION,Refunded,1,51.75,SAR,0.0,0.56,-0.56
2025-01-21,EG783358166,CARD,GW-ATLAS,Failed,5,1395.02,EGP,0.0,4.9,-4.9
2026-04-18,SA847623511,TOKEN,GW-ORION,Refunded,1,83.1,SAR,0.0,0.56,-0.56
2025-04-21,EG140153041,LDEBIT,GW-NILE,APPROVED,1,292.42,EGP,6.03,2.92,3.11
2025-08-12,AE853501645,CARD,GW-ORION,Refunded,6,368.58,AED,0.0,3.31,-3.31
2026-02-23,SA159383546,CARD,GW-NIMBUS,VOID,1,28.35,SAR,0.0,0.06,-0.06
2026-05-31,EG774885021,CARD,GW-NILE,Failed,1,7163.08,EGP,0.0,0.41,-0.41
2025-04-30,EG537272220,TOKEN,GW-ATLAS,Success,2,4039.68,EGP,99.26,68.44,30.82
2026-01-12,EG897740135,CARD,GW-ATLAS,Success,28,8851.95,EGP,335.84,233.73,102.11
2025-09-29,SA605999505,CARD,GW-ATLAS,Success,655,139616.38,SAR,2673.19,2217.37,455.82
2026-02-09,EG178731082,WALLET,GW-NILE,Failed,4,2661.33,EGP,0.0,1.64,-1.64
2024-12-15,EG758836714,LDEBIT,GW-NILE,Success,14,11447.75,EGP,176.38,70.38,106.0
2024-10-28,AE998528073,TOKEN,GW-NIMBUS,Success,3,604.02,AED,15.83,9.17,6.66
2026-02-25,EG775891339,TOKEN,GW-ATLAS,Success,7,7358.14,EGP,209.01,137.83,71.18
2026-03-22,SA710370541,CARD,GW-ORION,Voided,1,627.54,SAR,0.0,0.04,-0.04
2025-06-03,EG686030808,WALLET,GW-NILE,Success,436,356593.73,EGP,4926.48,3649.52,1276.96
2025-12-15,EG275709942,TOKEN,GW-ATLAS,Refunded,10,23134.6,EGP,0.0,76.35,-76.35
2025-08-17,SA466668047,BNPL,GW-ATLAS,Success,32,1286.94,SAR,59.41,46.88,12.53
2026-01-03,EG704053078,TOKEN,GW-NILE,Refunded,1,4009.97,EGP,0.0,7.58,-7.58
2025-07-07,AE934539772,LDEBIT,GW-NIMBUS,Success,1,211.55,AED,2.72,1.12,1.6
2025-06-20,EG926950694,LDEBIT,GW-NILE,Voided,4,4776.15,EGP,0.0,1.6,-1.6
2024-11-15,OM284198769,CARD,GW-NIMBUS,Success,169,2541.26,OMR,46.86,38.53,8.33
2025-06-27,EG723980954,TOKEN,GW-ATLAS,Success,2,748.2,EGP,28.48,18.69,9.79
2026-06-16,SA487858809,CARD,GW-ATLAS,Success,13,623.16,SAR,19.01,12.69,6.32
2025-09-10,SA623969133,TOKEN,GW-NIMBUS,Success,5,1304.53,SAR,33.11,19.48,13.63
2025-04-17,AE439650362,CARD,GW-ORION,Success,24,1885.69,AED,53.57,29.42,24.15
2025-10-03,SA205739809,TOKEN,GW-ATLAS,Failed,2,73.09,SAR,0.0,0.15,-0.15
2026-06-30,SA900572493,LDEBIT,GW-NIMBUS,Success,24,8865.37,SAR,109.2,43.94,65.26
2026-06-03,SA597658531,LDEBIT,GW-NIMBUS,Failed,28,4334.53,SAR,0.0,1.58,-1.58
2024-12-17,EG877654092,TOKEN,GW-NILE,Success,155,136388.62,EGP,2624.29,2121.22,503.07
2024-10-28,EG799496821,TOKEN,GW-ATLAS,Success,49,41872.63,EGP,817.16,809.36,7.8
2025-05-04,EG744158614,TOKEN,GW-ATLAS,Success,2,3697.99,EGP,96.57,63.29,33.28
2026-03-26,EG276584921,BNPL,GW-ATLAS,Failed,1,1489.63,EGP,0.0,1.03,-1.03
2026-03-30,SA914955375,TOKEN,GW-NIMBUS,Success,2,628.97,SAR,14.81,9.29,5.52
2025-12-08,SA507131461,CARD,GW-ORION,Refunded,1,109.6,SAR,0.0,0.56,-0.56
2025-10-31,EG290794122,LDEBIT,GW-NILE,Success,2,4686.89,EGP,56.42,22.51,33.91
2025-05-09,AE738504243,BNPL,GW-ATLAS,Success,2,447.79,AED,20.84,15.62,5.22
2026-01-10,SA676493356,CARD,GW-ATLAS,Refunded,3,177.32,SAR,0.0,1.69,-1.69
2026-02-12,EG231422873,CARD,GW-ATLAS,Success,4,22272.14,EGP,507.84,339.91,167.93
2024-07-23,AE521533668,CARD,GW-ORION,Success,3,653.34,AED,16.57,9.03,7.54
2025-05-11,SA811044755,CARD,GW-ORION,Success,1,720.91,SAR,16.39,9.47,6.92
2025-06-01,SA588810791,CARD,GW-ORION,Voided,5,630.64,SAR,0.0,0.22,-0.22
2026-04-09,SA986462340,TOKEN,GW-ORION,Success,9,346.33,SAR,11.77,6.61,5.16
2025-03-09,SA988802623,CARD,GW-NIMBUS,Refunded,2,1098.92,SAR,0.0,1.12,-1.12
2024-11-25,SA433295013,BANKTR,GW-NIMBUS,Success,316,43489.3,SAR,588.16,454.27,133.89
2024-11-17,SA168621990,CARD,GW-NIMBUS,Success,84,8286.16,SAR,235.67,132.34,103.33
2026-05-08,OM543606528,LDEBIT,GW-NIMBUS,Failed,1,10.49,OMR,0.0,0.01,-0.01
2026-03-20,SA589749602,LDEBIT,GW-NIMBUS,Success,57,9373.96,SAR,113.14,51.8,61.34
2025-04-16,EG554455116,WALLET,GW-NILE,Success,3,29165.37,EGP,541.18,241.46,299.72
2024-10-21,EG275709942,WALLET,GW-NILE,Refunded,3,5202.92,EGP,0.0,21.87,-21.87
2025-01-06,AE307567415,TOKEN,GW-ORION,Success,234,42725.89,AED,833.5,619.39,214.11
2024-09-18,SA865281392,CARD,GW-ATLAS,Voided,1,374.69,SAR,0.0,0.08,-0.08
2026-05-28,SA433295013,CARD,GW-NIMBUS,CAPTURED,112,15691.05,SAR,274.18,239.13,35.05
2026-06-13,EG150005962,WALLET,GW-NILE,Success,4,1966.81,EGP,43.88,23.13,20.75
2024-10-14,EG873952802,WALLET,GW-NILE,Failed,17,21578.29,EGP,0.0,6.61,-6.61
2025-12-27,SA765577175,CARD,GW-ORION,Failed,16,1345.68,SAR,0.0,0.72,-0.72
2026-01-09,AE875103901,CARD,GW-ATLAS,Failed,23,1155.19,AED,0.0,1.69,-1.69
2025-10-22,SA955742346,LDEBIT,GW-NIMBUS,Failed,1,1031.58,SAR,0.0,0.06,-0.06
2026-04-29,AE410140017,CARD,GW-NIMBUS,Success,1240,199378.81,AED,3105.23,2987.62,117.61
2025-03-28,SA416884588,LDEBIT,GW-NIMBUS,Failed,2,413.71,SAR,0.0,0.11,-0.11
2025-06-08,EG221032323,CARD,GW-NILE,Failed,1,1300.86,EGP,0.0,0.4,-0.4
2024-11-10,EG998632198,TOKEN,GW-NILE,Refunded,1,1372.26,EGP,0.0,7.32,-7.32
2025-06-23,EG877654092,WALLET,GW-NILE,Voided,1,908.8,EGP,0.0,0.4,-0.4
2026-04-08,SA174215481,LDEBIT,GW-NIMBUS,Refunded,1,228.6,SAR,0.0,0.56,-0.56
2025-02-17,SA939182412,LDEBIT,GW-NIMBUS,Success,6,291.13,SAR,4.67,2.32,2.35
2025-07-23,SA987666099,CARD,GW-ATLAS,Failed,33,3324.89,SAR,0.0,2.48,-2.48
2024-10-01,EG903275069,BNPL,GW-NILE,Refunded,1,671.87,EGP,0.0,7.29,-7.29
2025-05-26,AE776685743,TOKEN,GW-ORION,Success,2,1057.1,AED,26.66,14.5,12.16
2025-02-03,EG873952802,CARD,GW-ATLAS,Voided,2,2562.61,EGP,0.0,1.96,-1.96
2025-09-21,EG926950694,WALLET,GW-NILE,Success,88,106534.25,EGP,1316.19,1019.8,296.39
2025-08-04,AE195154121,TOKEN,GW-ATLAS,Failed,2,405.14,AED,0.0,0.15,-0.15
2024-07-17,EG991914423,CARD,GW-NILE,Failed,5,3484.12,EGP,0.0,1.92,-1.92
2025-03-15,EG403388419,LDEBIT,GW-NILE,Success,20,30700.53,EGP,380.96,158.91,222.05
2025-03-25,SA307616362,LDEBIT,GW-NIMBUS,Failed,3,153.55,SAR,0.0,0.17,-0.17
2025-01-17,EG724883181,TOKEN,GW-NILE,Refunded,1,457.16,EGP,0.0,7.35,-7.35
2025-09-27,SA586124263,CARD,GW-ORION,Failed,9,327.83,SAR,0.0,0.4,-0.4
2025-01-19,SA407055199,CARD,GW-ORION,Failed,6,633.8,SAR,0.0,0.27,-0.27
2026-03-02,EG181564804,CARD,GW-ATLAS,Refunded,191,98595.89,EGP,0.0,1478.15,-1478.15
2025-12-08,AE273918504,CARD,GW-ORION,Success,6,304.37,AED,8.92,5.21,3.71
2024-09-29,OM236113503,CARD,GW-NIMBUS,Success,34,888.21,OMR,13.56,12.84,0.72
2025-05-24,EG511884968,WALLET,GW-NILE,Success,2,3635.31,EGP,66.32,32.93,33.39
2026-04-05,EG352362522,LDEBIT,GW-NILE,Success,2,4840.68,EGP,58.78,23.2,35.58
2024-12-02,EG217500923,TOKEN,GW-ATLAS,Success,5,2674.49,EGP,83.46,58.58,24.88
2026-06-24,EG612590977,CARD,GW-ATLAS,Failed,32,48317.06,EGP,0.0,32.92,-32.92
2025-06-02,AE241754747,CARD,GW-NIMBUS,Voided,1,46.65,AED,0.0,0.06,-0.06
2026-03-22,SA897535524,CARD,GW-ORION,Success,8,5599.17,SAR,134.02,73.57,60.45
2024-12-22,EG482640702,BNPL,GW-NILE,Failed,2,4563.18,EGP,0.0,0.78,-0.78
2026-06-04,OM817062602,TOKEN,GW-NIMBUS,Voided,1,13.19,OMR,0.0,0.01,-0.01
2026-04-26,EG799496821,LDEBIT,GW-NILE,Success,34,30683.03,EGP,289.24,185.32,103.92
2025-12-02,SA139966565,LDEBIT,GW-NIMBUS,Refunded,1,64.25,SAR,0.0,0.56,-0.56
2025-07-25,AE235728700,TOKEN,GW-ORION,Success,2,416.62,AED,10.58,5.98,4.6
2025-12-19,EG611254298,WALLET,GW-NILE,Voided,1,377.39,EGP,0.0,0.41,-0.41
2024-08-30,SA586124263,CARD,GW-ORION,Voided,1,36.43,SAR,0.0,0.04,-0.04
2025-12-12,EG144615489,CARD,GW-ATLAS,Success,20,5108.32,EGP,218.56,149.82,68.74
2025-06-21,EG897740135,TOKEN,GW-NILE,Success,12,3697.22,EGP,142.85,78.31,64.54
2026-05-11,SA711632487,CARD,GW-ORION,Refunded,1,45.11,SAR,0.0,0.56,-0.56
2025-02-21,AE782539735,CARD,GW-NIMBUS,Success,172,7216.76,AED,219.84,138.48,81.36
2026-01-13,EG165126097,TOKEN,GW-NILE,DECLINED,1,1152.89,EGP,0.0,0.4,-0.4
2025-07-12,SA118340145,CARD,GW-NIMBUS,Failed,2,129.86,SAR,0.0,0.11,-0.11
2026-04-04,SA796857151,BNPL,GW-ATLAS,Success,1,2664.47,SAR,114.68,92.16,22.52
2025-01-16,EG357144481,CARD,GW-NILE,Voided,1,358.97,EGP,0.0,0.39,-0.39
2024-07-16,EG728358410,BNPL,GW-NILE,Success,2,4172.3,EGP,170.73,120.93,49.8
2025-05-04,SA307616362,CARD,GW-ORION,Voided,3,153.55,SAR,0.0,0.14,-0.14
2025-10-06,EG154810799,LDEBIT,GW-NILE,Success,2,779.22,EGP,13.81,6.68,7.13
2026-02-05,SA419800769,CARD,GW-ORION,Success,37,2209.03,SAR,66.94,36.58,30.36
2025-08-02,SA306273888,BNPL,GW-ATLAS,Success,23,1834.75,SAR,91.35,65.13,26.22
2024-08-08,EG235600888,LDEBIT,GW-NILE,Success,1,8964.89,EGP,101.3,38.0,63.3
2026-03-19,SA921192561,CARD,GW-ORION,Voided,1,242.43,SAR,0.0,0.04,-0.04
2025-08-14,SA124881724,LDEBIT,GW-NIMBUS,Voided,1,116.57,SAR,0.0,0.06,-0.06
2025-05-19,SA487858809,CARD,GW-ATLAS,Success,20,828.03,SAR,26.29,17.62,8.67
2025-12-29,EG674673242,CARD,GW-NILE,Success,5,39853.55,EGP,891.07,497.71,393.36
2025-01-14,AE878919871,TOKEN,GW-NIMBUS,Failed,1,220.41,AED,0.0,0.06,-0.06
2025-07-26,EG723980954,TOKEN,GW-ATLAS,REFUNDED,1,213.95,EGP,0.0,7.53,-7.53
2025-11-29,EG987489356,LDEBIT,GW-NILE,Voided,10,3027.76,EGP,0.0,4.08,-4.08
2024-11-05,EG139657763,CARD,GW-ATLAS,Success,454,425058.23,EGP,8370.58,7836.81,533.77
2024-09-18,EG482640702,CARD,GW-ATLAS,Refunded,5,10977.18,EGP,0.0,36.18,-36.18
2025-08-30,OM221133708,CARD,GW-ATLAS,Success,6,44.08,OMR,1.21,0.81,0.4
2025-05-08,EG926950694,CARD,GW-ATLAS,Refunded,41,44427.96,EGP,0.0,306.36,-306.36
2025-10-09,EG259754316,LDEBIT,GW-NILE,Success,14,5274.04,EGP,91.67,46.03,45.64
2026-04-19,SA732202482,TOKEN,GW-ATLAS,Failed,1,63.66,SAR,0.0,0.08,-0.08
2026-04-20,AE681860470,CARD,GW-ORION,Failed,3,249.93,AED,0.0,0.13,-0.13
2025-09-24,SA966321681,CARD,GW-NIMBUS,Success,4,513.07,SAR,12.98,7.9,5.08
2025-08-16,EG249264164,CARD,GW-ATLAS,Success,13,9073.74,EGP,278.39,179.88,98.51
2026-06-11,OM267217098,CARD,GW-ATLAS,Failed,58,847.83,OMR,0.0,0.45,-0.45
2025-11-10,EG895075137,BANKTR,GW-NILE,Voided,2,1801.95,EGP,0.0,0.82,-0.82
2024-12-05,EG373213017,CARD,GW-ATLAS,Failed,12,15129.99,EGP,0.0,11.77,-11.77
2025-03-31,SA852543984,LDEBIT,GW-NIMBUS,Failed,4,950.18,SAR,0.0,0.22,-0.22
2025-08-10,SA987666099,BANKTR,GW-NIMBUS,Success,722,71797.54,SAR,1291.51,1024.14,267.37
2026-02-11,EG544029480,CARD,GW-NILE,Refunded,5,5463.67,EGP,0.0,38.48,-38.48
2025-05-29,AE123781768,CARD,GW-ORION,Voided,7,348.55,AED,0.0,0.31,-0.31
2024-08-22,AE520556972,CARD,GW-ATLAS,Failed,55,7611.74,AED,0.0,4.04,-4.04
2025-11-10,AE333118951,LDEBIT,GW-NIMBUS,Success,1,121.09,AED,1.64,0.71,0.93
2025-02-25,AE317795493,TOKEN,GW-NIMBUS,Failed,1,267.7,AED,0.0,0.06,-0.06
2026-02-11,EG331354329,BNPL,GW-NILE,Failed,13,4854.3,EGP,0.0,5.34,-5.34
2026-06-15,EG647781107,WALLET,GW-NILE,Failed,2,1451.21,EGP,0.0,0.82,-0.82
2024-12-12,EG888467038,WALLET,GW-NILE,Success,1,8741.79,EGP,155.43,72.52,82.91
2026-04-09,SA315873581,CARD,GW-ORION,Failed,10,406.66,SAR,0.0,0.45,-0.45
2025-03-06,EG554455116,WALLET,GW-NILE,Approved,1,8896.2,EGP,165.27,73.79,91.48
2025-03-18,SA972748866,LDEBIT,GW-NIMBUS,Voided,3,391.17,SAR,0.0,0.17,-0.17
2024-07-01,AE348507314,CARD,GW-ATLAS,Success,1,1463.85,AED,33.29,21.61,11.68
2025-11-03,SA779341840,CARD,GW-ATLAS,Success,115,18705.43,SAR,476.16,304.64,171.52
2025-04-08,SA247609412,CARD,GW-ORION,Success,119,6142.74,SAR,181.24,105.3,75.94
2025-06-06,EG284431976,TOKEN,GW-NILE,Success,4,3325.33,EGP,95.7,52.47,43.23
2026-01-18,EG429684322,WALLET,GW-NILE,Success,1,367.87,EGP,9.72,4.75,4.97
2026-04-22,AE738504243,CARD,GW-ATLAS,Success,2,741.29,AED,17.98,11.35,6.63
2026-05-22,OM435145511,TOKEN,GW-NIMBUS,Success,6,96.44,OMR,2.37,1.5,0.87
2025-05-23,AE859143846,CARD,GW-ORION,Success,1,665.88,AED,16.08,8.76,7.32
2026-02-11,OM761036673,LDEBIT,GW-NIMBUS,Failed,17,66.11,OMR,0.0,0.1,-0.1
2024-09-29,SA722880043,LDEBIT,GW-NIMBUS,Captured,1,3322.95,SAR,36.64,15.12,21.52
2026-02-27,AE761816465,CARD,GW-ORION,Success,31,3247.45,AED,84.76,48.41,36.35
2025-03-07,SA362023155,TOKEN,GW-ORION,CAPTURED,23,1638.81,SAR,45.78,26.93,18.85
2026-03-31,EG674673242,CARD,GW-NILE,Success,3,22412.06,EGP,502.27,280.51,221.76
2025-07-05,EG403388419,TOKEN,GW-NILE,SUCCESS,12,18928.63,EGP,487.45,270.42,217.03
2025-12-19,EG998632198,TOKEN,GW-NILE,Success,22,37440.42,EGP,931.93,531.1,400.83
2024-08-14,EG140153041,CARD,GW-NILE,Success,8,3446.9,EGP,122.62,62.42,60.2
2024-08-06,SA912413819,TOKEN,GW-ATLAS,Success,163,5628.34,SAR,182.64,130.33,52.31
2026-04-10,AE538625118,TOKEN,GW-ORION,Success,2,409.23,AED,9.78,5.88,3.9
2024-11-21,OM141192539,LDEBIT,GW-NIMBUS,Voided,2,30.78,OMR,0.0,0.01,-0.01
2025-02-20,AE235728700,BNPL,GW-ATLAS,Success,2,304.3,AED,14.07,10.66,3.41
2026-05-13,SA306273888,BNPL,GW-ATLAS,Success,22,1946.48,SAR,96.92,68.92,28.0
2026-06-15,EG622517179,CARD,GW-NILE,Failed,1,460.8,EGP,0.0,0.41,-0.41
2025-08-15,AE317795493,CARD,GW-NIMBUS,Voided,1,267.7,AED,0.0,0.06,-0.06
2024-08-18,SA734980407,LDEBIT,GW-NIMBUS,Success,149,8674.73,SAR,75.55,64.18,11.37
2025-11-07,EG199157533,CARD,GW-ATLAS,Success,2,1884.88,EGP,56.43,35.03,21.4
2024-07-21,EG903275069,TOKEN,GW-ATLAS,Success,44,22647.98,EGP,727.97,499.02,228.95
2025-11-07,EG482640702,CARD,GW-ATLAS,Success,78,183491.13,EGP,4727.97,2969.51,1758.46
2026-04-23,EG686030808,LDEBIT,GW-NILE,Failed,22,18514.72,EGP,0.0,9.03,-9.03
2024-07-05,OM188757830,LDEBIT,GW-NIMBUS,Success,1,78.51,OMR,0.94,0.37,0.57
2025-10-24,SA315873581,CARD,GW-ORION,Success,80,3330.61,SAR,62.16,60.55,1.61
2024-12-07,AE642488904,CARD,GW-ATLAS,Failed,3,4139.26,AED,0.0,0.22,-0.22
2026-02-15,SA138962665,TOKEN,GW-ORION,Success,4,850.9,SAR,23.05,12.21,10.84
2025-07-02,EG686030808,WALLET,GW-NILE,Voided,5,4116.0,EGP,0.0,2.01,-2.01
2026-03-11,EG544029480,CARD,GW-NILE,Success,59,75866.34,EGP,2023.53,1083.11,940.42
2025-05-25,EG680139391,WALLET,GW-NILE,Success,69,26241.65,EGP,663.89,332.86,331.03
2025-03-10,EG704053078,WALLET,GW-NILE,Success,13,52063.88,EGP,682.77,444.19,238.58
2025-02-18,EG613159214,BANKTR,GW-NILE,Failed,12,11343.17,EGP,0.0,4.71,-4.71
2024-08-04,SA847623511,TOKEN,GW-ORION,Failed,1,97.47,SAR,0.0,0.04,-0.04
2025-08-30,AE932795909,TOKEN,GW-ORION,Success,257,72275.24,AED,1564.05,1017.42,546.63
2026-05-03,SA487858809,TOKEN,GW-ORION,Approved,2,97.53,SAR,3.01,1.74,1.27
2024-08-06,SA753222305,CARD,GW-ORION,Captured,20,3392.98,SAR,85.91,47.96,37.95
2025-08-07,SA385404287,LDEBIT,GW-NIMBUS,Failed,7,355.33,SAR,0.0,0.39,-0.39
2025-02-22,SA986462340,CARD,GW-ORION,Declined,8,329.98,SAR,0.0,0.36,-0.36
2026-03-12,SA161949441,LDEBIT,GW-NIMBUS,Success,1,975.41,SAR,10.08,4.56,5.52
2026-02-07,AE787062785,TOKEN,GW-ORION,Success,13,1878.92,AED,34.2,27.83,6.37
2026-02-09,EG987489356,WALLET,GW-NILE,Refunded,11,3709.87,EGP,0.0,84.66,-84.66
2025-04-17,AE920778970,TOKEN,GW-ORION,Success,1,665.12,AED,16.13,9.06,7.07
2026-02-08,EG422365719,LDEBIT,GW-NILE,Success,2,4195.84,EGP,55.91,20.58,35.33
2025-04-28,EG724883181,LDEBIT,GW-NILE,Success,15,5079.38,EGP,92.6,46.67,45.93
2025-11-22,SA954952952,CARD,GW-ORION,Success,609,27062.64,SAR,833.77,482.83,350.94
2026-04-05,SA474123129,LDEBIT,GW-NIMBUS,CAPTURED,63,3597.12,SAR,51.2,26.82,24.38
2025-02-06,AE572051786,LDEBIT,GW-NIMBUS,Success,16,727.6,AED,11.48,5.92,5.56
2026-01-06,EG191889591,CARD,GW-ATLAS,Success,53,75940.44,EGP,1995.39,1305.34,690.05
2024-07-21,OM441483176,TOKEN,GW-NIMBUS,Success,4,54.32,OMR,1.32,0.86,0.46
2025-09-03,EG537339465,LDEBIT,GW-NILE,Success,478,207699.46,EGP,2533.91,1693.3,840.61
2026-05-20,AE239330460,TOKEN,GW-ORION,Success,9,559.54,AED,17.71,9.41,8.3
2025-12-15,EG407965941,LDEBIT,GW-NILE,Failed,1,1317.55,EGP,0.0,0.41,-0.41
2025-07-23,AE204415052,LDEBIT,GW-NIMBUS,SETTLED,2,160.22,AED,2.27,1.05,1.22
2024-12-17,EG622517179,TOKEN,GW-NILE,Success,1,695.71,EGP,21.66,11.36,10.3
2025-09-04,EG486344028,CARD,GW-ATLAS,Failed,10,3347.21,EGP,0.0,10.19,-10.19
2025-10-16,EG271950140,CARD,GW-NILE,Failed,1,542.51,EGP,0.0,0.4,-0.4
2025-11-29,SA819222940,LDEBIT,GW-NIMBUS,Success,3,181.86,SAR,2.7,1.32,1.38
2025-11-09,SA852543984,CARD,GW-NIMBUS,SETTLED,47,10918.71,SAR,268.98,158.86,110.12
2026-04-21,AE783290352,CARD,GW-ORION,Captured,9,418.21,AED,13.95,7.33,6.62
2025-02-02,SA887092113,LDEBIT,GW-NIMBUS,Failed,1,119.05,SAR,0.0,0.06,-0.06
2025-02-17,OM526413827,CARD,GW-NIMBUS,Success,7,53.51,OMR,1.48,0.9,0.58
2025-10-15,XX967744146,TOKEN,GW-NILE,Success,7,3228.39,EGP,115.6,59.36,56.24
2026-05-19,SA765577175,LDEBIT,GW-NIMBUS,Failed,1,84.1,SAR,0.0,0.06,-0.06
2024-08-08,SA434781636,CARD,GW-NIMBUS,Failed,1,120.71,SAR,0.0,0.06,-0.06
2025-06-22,AE755938199,TOKEN,GW-NIMBUS,APPROVED,3,2763.3,AED,66.04,39.4,26.64
2025-11-14,EG327394766,LDEBIT,GW-NILE,Voided,1,1600.36,EGP,0.0,0.41,-0.41
2026-05-14,OM688926128,TOKEN,GW-ATLAS,Failed,2,21.09,OMR,0.0,0.02,-0.02
2026-01-21,AE235728700,TOKEN,GW-ORION,Failed,1,228.24,AED,0.0,0.04,-0.04
2025-09-01,EG856875467,TOKEN,GW-ATLAS,Success,30,13800.52,EGP,473.8,321.74,152.06
2026-05-09,EG275445878,TOKEN,GW-ATLAS,Success,1,557.7,EGP,19.39,12.25,7.14
2025-05-21,OM141192539,LDEBIT,GW-NIMBUS,Success,12,209.98,OMR,2.43,1.15,1.28
2025-10-13,AE681860470,LDEBIT,GW-NIMBUS,Failed,2,166.62,AED,0.0,0.11,-0.11
2025-04-28,SA847687864,TOKEN,GW-NIMBUS,Success,5,638.68,SAR,17.8,10.16,7.64
2026-02-22,SA847687864,LDEBIT,GW-NIMBUS,Failed,2,257.35,SAR,0.0,0.11,-0.11
2024-12-25,EG178731082,CARD,GW-NILE,Success,53,34764.89,EGP,1065.32,560.1,505.22
2024-10-31,EG401975537,CARD,GW-ATLAS,Failed,1,2702.92,EGP,0.0,0.97,-0.97
2025-09-15,AE741353303,TOKEN,GW-ORION,Success,4,171.48,AED,5.3,3.15,2.15
2026-03-29,SA954952952,LDEBIT,GW-NIMBUS,Refunded,9,503.1,SAR,0.0,5.06,-5.06
2025-01-08,EG389262771,CARD,GW-NILE,Failed,20,7471.33,EGP,0.0,7.84,-7.84
2025-02-26,SA986462340,CARD,GW-ORION,Refunded,2,89.39,SAR,0.0,1.12,-1.12
2025-07-04,EG276584921,TOKEN,GW-ATLAS,Success,2,2967.07,EGP,74.72,52.29,22.43
2024-09-26,EG873952802,LDEBIT,GW-NILE,Failed,5,6298.44,EGP,0.0,1.93,-1.93
2025-08-27,SA580727871,BNPL,GW-ATLAS,Success,2,88.08,SAR,2.36,3.19,-0.83
2025-05-15,EG191889591,CARD,GW-ATLAS,Refunded,1,1484.66,EGP,0.0,7.47,-7.47
2025-10-25,EG403388419,CARD,GW-NILE,Success,49,79409.92,EGP,2000.06,1095.58,904.48
2025-07-10,EG934737958,WALLET,GW-NILE,Failed,2,582.06,EGP,0.0,0.8,-0.8
2026-04-19,OM236340585,CARD,GW-NIMBUS,Failed,12,181.36,OMR,0.0,0.07,-0.07
2026-06-18,EG314652282,CARD,GW-ATLAS,Success,6,8952.4,EGP,223.25,153.36,69.89
2026-04-30,AE221142304,CARD,GW-ATLAS,Failed,4,231.13,AED,0.0,0.29,-0.29
2026-05-21,EG221032323,CARD,GW-NILE,Refunded,1,943.31,EGP,0.0,7.73,-7.73
2026-02-23,SA734980407,BNPL,GW-ATLAS,CAPTURED,159,9744.32,SAR,254.72,348.69,-93.97
2024-09-10,EG219821138,TOKEN,GW-NILE,Success,7,2578.7,EGP,91.89,50.39,41.5
2026-03-22,SA860742247,TOKEN,GW-ATLAS,Failed,23,4493.13,SAR,0.0,1.72,-1.72
2024-08-20,SA407055199,CARD,GW-ORION,Voided,1,105.63,SAR,0.0,0.04,-0.04
2024-10-29,EG799496821,WALLET,GW-NILE,Voided,1,832.7,EGP,0.0,0.39,-0.39
2025-07-24,AE239330460,TOKEN,GW-ORION,Success,6,295.31,AED,9.83,5.24,4.59
2026-06-21,EG987489356,LDEBIT,GW-NILE,Voided,9,2749.85,EGP,0.0,3.7,-3.7
2024-09-16,EG389262771,WALLET,GW-NILE,Refunded,1,400.22,EGP,0.0,7.24,-7.24
2026-04-04,AE957433919,TOKEN,GW-NIMBUS,Refunded,27,2181.38,AED,0.0,14.87,-14.87
2026-01-21,EG468167807,WALLET,GW-NILE,Success,1,2586.07,EGP,32.45,22.72,9.73
2025-05-21,SA777243922,TOKEN,GW-ORION,Success,1,73.62,SAR,2.25,1.2,1.05
2026-02-16,AE282120405,CARD,GW-NIMBUS,Success,75,3177.67,AED,104.17,60.8,43.37
2026-02-22,AE647447711,LDEBIT,GW-NIMBUS,Voided,1,125.87,AED,0.0,0.06,-0.06
2024-12-18,SA955742346,CARD,GW-ORION,Failed,1,1031.58,SAR,0.0,0.04,-0.04
2024-12-28,EG624580946,TOKEN,GW-ATLAS,Failed,6,1254.79,EGP,0.0,5.88,-5.88
2025-03-06,EG934454177,CARD,GW-ATLAS,Success,321,423853.15,EGP,8495.5,7353.14,1142.36
2025-06-07,AE226845726,CARD,GW-NIMBUS,Refunded,1,114.02,AED,0.0,0.55,-0.55
2025-06-15,EG761087060,TOKEN,GW-ATLAS,Voided,2,2859.83,EGP,0.0,2.0,-2.0
2024-11-30,AE783290352,CARD,GW-ORION,Success,14,811.68,AED,25.73,13.46,12.27
2025-06-25,EG259754316,LDEBIT,GW-NILE,Success,14,6246.14,EGP,101.75,49.74,52.01
2026-04-15,EG680139391,TOKEN,GW-ATLAS,Failed,8,3350.69,EGP,0.0,8.21,-8.21
2025-12-13,EG105351460,TOKEN,GW-NILE,Success,7,6501.33,EGP,185.23,100.8,84.43
2025-02-14,EG474518016,WALLET,GW-NILE,Success,19,27652.7,EGP,531.09,256.62,274.47
2026-01-27,EG327394766,LDEBIT,GW-NILE,Success,24,39856.72,EGP,520.17,203.85,316.32
2024-08-03,AE798073466,TOKEN,GW-ORION,Failed,1,257.46,AED,0.0,0.04,-0.04
2026-01-24,EG215045135,TOKEN,GW-ATLAS,Success,3,32000.6,EGP,512.04,495.06,16.98
2025-09-02,AE783290352,BNPL,GW-ATLAS,Success,2,140.16,AED,7.02,4.99,2.03
2025-11-27,SA722880043,CARD,GW-NIMBUS,Success,7,8045.97,SAR,183.26,110.33,72.93
2026-04-27,EG989134753,CARD,GW-NILE,ERROR,8,59297.34,EGP,0.0,3.28,-3.28
2024-10-14,AE208762198,BNPL,GW-ATLAS,Declined,2,513.59,AED,0.0,0.15,-0.15
2024-08-29,SA912413819,TOKEN,GW-ATLAS,Failed,9,301.03,SAR,0.0,0.68,-0.68
2026-05-09,AE595956042,CARD,GW-ORION,Failed,7,1990.58,AED,0.0,0.31,-0.31
2025-11-06,AE554805022,CARD,GW-NIMBUS,Failed,4,3971.05,AED,0.0,0.22,-0.22
2025-04-21,EG987146982,BANKTR,GW-NILE,Failed,17,12712.46,EGP,0.0,6.76,-6.76
2025-11-02,EG403388419,LDEBIT,GW-NILE,Failed,3,4886.65,EGP,0.0,1.22,-1.22
2024-09-19,SA434781636,CARD,GW-NIMBUS,Failed,2,241.42,SAR,0.0,0.11,-0.11
2025-03-05,EG219821138,TOKEN,GW-NILE,Success,4,1601.95,EGP,55.87,30.66,25.21
2026-06-07,AE901159238,LDEBIT,GW-NIMBUS,Success,8,1537.95,AED,19.64,8.24,11.4
2025-11-19,SA734980407,BNPL,GW-ATLAS,Voided,2,119.94,SAR,0.0,0.15,-0.15
2026-05-31,EG389592600,WALLET,GW-NILE,Success,37,12651.69,EGP,345.66,169.24,176.42
2025-01-07,OM267217098,LDEBIT,GW-NIMBUS,Success,183,2731.86,OMR,20.37,15.46,4.91
2025-06-25,EG656793347,WALLET,GW-NILE,Success,14,1242461.01,EGP,16014.91,10088.37,5926.54
2024-11-27,EG643904514,TOKEN,GW-NILE,Success,17,6860.1,EGP,237.24,130.41,363.19
2026-02-10,SA466668047,TOKEN,GW-ORION,Failed,3,131.86,SAR,0.0,0.14,-0.14
2025-08-06,EG447972836,CARD,GW-NILE,Success,1,1028.99,EGP,29.68,15.12,14.56
2025-06-17,SA939182412,LDEBIT,GW-NIMBUS,Failed,3,115.12,SAR,0.0,0.17,-0.17
2026-02-13,SA331993666,CARD,GW-ORION,Refunded,60,7472.25,SAR,0.0,33.75,-33.75
2025-02-13,EG537155658,WALLET,GW-NILE,Success,66,14471.48,EGP,444.57,230.56,214.01
2024-12-03,SA512016562,TOKEN,GW-NIMBUS,Voided,1,37.58,SAR,0.0,0.06,-0.06
2025-01-05,AE526176909,TOKEN,GW-ORION,Success,3,800.99,AED,20.48,11.31,9.17
2026-06-05,EG389371308,WALLET,GW-NILE,CAPTURED,4,6783.83,EGP,132.19,62.15,70.04
2026-02-13,EG336915801,WALLET,GW-NILE,Success,14,4052.67,EGP,113.77,57.97,55.8
2024-08-03,EG918104848,TOKEN,GW-NILE,Success,14,6193.17,EGP,197.01,113.98,83.03
2024-11-12,EG544696241,CARD,GW-NILE,Success,2,14260.56,EGP,327.06,178.44,148.62
2025-08-19,AE934873526,CARD,GW-ATLAS,Success,8,2324.47,AED,61.68,36.06,25.62
2025-07-07,EG839115780,CARD,GW-ATLAS,Success,5,19076.92,EGP,484.96,296.71,188.25
2025-07-12,EG696983188,LDEBIT,GW-NILE,Success,73,23383.91,EGP,460.52,222.94,237.58
2025-08-27,EG468145711,LDEBIT,GW-NILE,Success,2,1990.43,EGP,28.43,11.52,16.91
2025-02-11,EG486344028,TOKEN,GW-ATLAS,Voided,4,1289.81,EGP,0.0,3.93,-3.93
2026-05-07,EG873952802,CARD,GW-ATLAS,Voided,3,4038.88,EGP,0.0,3.09,-3.09
2025-04-10,EG800117892,CARD,GW-NILE,Failed,1,5479.27,EGP,0.0,0.4,-0.4
2025-11-25,SA508515348,TOKEN,GW-ORION,VOID,1,184.69,SAR,0.0,0.04,-0.04
2024-07-10,EG680139391,LDEBIT,GW-NILE,Success,21,7763.02,EGP,139.46,66.79,72.67
2025-04-27,SA268961677,CARD,GW-ORION,Success,30,3169.53,SAR,83.57,47.33,36.24
2024-09-08,AE125858239,CARD,GW-ORION,Success,62,13672.52,AED,312.22,188.83,123.39
2024-09-15,AE870997409,CARD,GW-NIMBUS,Voided,1,146.08,AED,0.0,0.06,-0.06
2026-05-04,SA138780824,CARD,GW-ATLAS,Failed,1,157.85,SAR,0.0,0.08,-0.08
2025-01-31,SA814924785,LDEBIT,GW-NIMBUS,CAPTURED,3,3243.23,SAR,35.98,15.1,20.88
2025-08-20,SA754882184,LDEBIT,GW-NIMBUS,Failed,1,139.94,SAR,0.0,0.06,-0.06
2025-09-10,SA705652485,CARD,GW-ORION,Failed,58,7130.86,SAR,0.0,2.61,-2.61
2026-04-18,EG511884968,CARD,GW-ATLAS,Success,8,17846.61,EGP,417.7,290.58,127.12
2025-06-09,SA951904107,TOKEN,GW-ATLAS,Failed,1,194.36,SAR,0.0,0.08,-0.08
2026-01-30,EG843137256,BNPL,GW-NILE,Success,6,7187.61,EGP,335.09,209.43,125.66
2025-09-02,SA196173797,TOKEN,GW-ORION,Success,3,264.21,SAR,7.09,4.18,2.91
2024-08-26,SA972748866,TOKEN,GW-ORION,Voided,3,391.17,SAR,0.0,0.14,-0.14
2025-03-28,SA466668047,CARD,GW-ORION,Failed,26,1142.78,SAR,0.0,1.17,-1.17
2026-06-03,SA720574277,TOKEN,GW-ORION,Success,4,304.93,SAR,9.27,4.95,4.32
2024-10-27,SA796857151,CARD,GW-NIMBUS,Success,3,5613.2,SAR,121.92,76.51,45.41
2024-10-28,SA251636450,CARD,GW-NIMBUS,Success,27,1755.72,SAR,52.05,30.28,21.77
2024-08-09,EG629727686,WALLET,GW-NILE,Success,6,1817.58,EGP,48.59,24.9,23.69
2025-12-09,OM434589390,CARD,GW-NIMBUS,Success,97,1340.21,OMR,33.63,20.52,13.11
2025-01-12,SA779341840,CARD,GW-ATLAS,Success,78,13423.59,SAR,340.01,217.36,122.65
2024-12-13,EG327394766,TOKEN,GW-ATLAS,DECLINED,2,3078.32,EGP,0.0,1.96,-1.96
2026-02-01,SA779341840,LDEBIT,GW-NIMBUS,Success,40,7031.52,SAR,87.1,38.39,48.71
2026-02-25,EG998632198,TOKEN,GW-NILE,Success,13,22495.31,EGP,559.35,318.79,240.56
2025-03-23,AE241754747,CARD,GW-NIMBUS,Success,36,1694.99,AED,55.17,31.48,23.69
2026-01-15,EG403388419,CARD,GW-NILE,Failed,9,14529.2,EGP,0.0,3.64,-3.64
2024-09-18,OM173271126,CARD,GW-NIMBUS,SETTLED,6,85.51,OMR,2.25,1.3,0.95
2024-12-12,EG578179109,BNPL,GW-ATLAS,Success,1,13973.23,EGP,627.68,483.9,143.78
2025-01-14,EG758836714,TOKEN,GW-ATLAS,Success,9,7409.53,EGP,235.7,144.67,91.03
2026-01-05,SA489370296,BNPL,GW-ATLAS,Success,1,1090.18,SAR,47.95,37.75,10.2
2026-01-19,SA722880043,LDEBIT,GW-NIMBUS,Failed,1,1445.57,SAR,0.0,0.06,-0.06
2025-12-18,SA734980407,LDEBIT,GW-NIMBUS,Voided,3,179.91,SAR,0.0,0.17,-0.17
2025-11-05,EG680228975,WALLET,GW-NILE,Success,14,132781.98,EGP,1698.74,1100.51,598.23
2026-03-17,EG760725891,CARD,GW-ATLAS,Refunded,2,1677.16,EGP,0.0,15.48,-15.48
2025-09-15,AE228494793,TOKEN,GW-ORION,Success,4,1518.03,AED,35.12,21.06,14.06
2025-10-31,AE634298413,LDEBIT,GW-NIMBUS,Success,10,607.35,AED,8.96,4.39,4.57
2025-11-06,AE241754747,CARD,GW-NIMBUS,Failed,2,93.31,AED,0.0,0.11,-0.11
2026-06-16,OM936304206,LDEBIT,GW-NIMBUS,Success,2,22.16,OMR,0.27,0.13,0.14
2025-08-04,OM206534144,CARD,GW-NIMBUS,Failed,1,44.78,OMR,0.0,0.01,-0.01
2026-06-19,SA307616362,TOKEN,GW-ORION,Success,70,3483.69,SAR,104.18,61.95,42.23
2024-11-16,AE904440734,CARD,GW-ATLAS,Success,36,1792.06,AED,60.8,35.91,24.89
2025-06-13,SA988802623,BNPL,GW-ATLAS,Success,8,2090.78,SAR,97.56,72.86,24.7
2025-05-17,EG806758000,TOKEN,GW-NILE,Success,2,2723.94,EGP,78.4,39.6,38.8
2026-02-20,EG276584921,CARD,GW-ATLAS,Failed,1,1481.33,EGP,0.0,1.03,-1.03
2024-08-27,EG220900048,CARD,GW-ATLAS,Success,4,3810.31,EGP,99.24,69.89,29.35
2025-02-22,AE436682771,TOKEN,GW-NIMBUS,Success,3,348.73,AED,9.7,5.6,4.1
2025-07-12,SA925677957,CARD,GW-ATLAS,Success,3,1591.92,SAR,39.29,24.04,15.25
2024-12-08,AE932795909,CARD,GW-NIMBUS,Voided,13,3752.76,AED,0.0,0.72,-0.72
2024-11-03,SA909908733,TOKEN,GW-ORION,Refunded,3,475.05,SAR,0.0,1.69,-1.69
2024-10-30,EG728358410,TOKEN,GW-ATLAS,Failed,1,1551.83,EGP,0.0,0.97,-0.97
2026-05-04,OM978131111,CARD,GW-ATLAS,Failed,3,31.16,OMR,0.0,0.02,-0.02
2024-11-02,SA267227056,LDEBIT,GW-NIMBUS,REVERSED,6,1720.52,SAR,0.0,0.34,-0.34
2026-06-04,SA711109092,LDEBIT,GW-NIMBUS,Failed,54,2339.15,SAR,0.0,3.04,-3.04
2025-09-27,SA534917472,CARD,GW-ORION,Approved,15,579.94,SAR,19.23,10.78,8.45
2026-01-19,EG290794122,WALLET,GW-NILE,Success,2,5342.28,EGP,100.61,46.81,53.8
2025-03-10,SA781674979,CARD,GW-NIMBUS,Failed,6,281.41,SAR,0.0,0.34,-0.34
2026-03-25,EG760725891,WALLET,GW-NILE,Failed,3,3338.14,EGP,0.0,1.24,-1.24
2025-03-05,OM236113503,TOKEN,GW-ATLAS,Success,13,377.83,OMR,5.85,6.08,-0.23
2025-04-12,SA474123129,LDEBIT,GW-NIMBUS,Success,38,2174.59,SAR,30.94,16.2,14.74
2026-05-24,EG967183698,WALLET,GW-NILE,Voided,15,5374.91,EGP,0.0,6.19,-6.19
2024-09-11,EG542845011,CARD,GW-ATLAS,REFUNDED,1,1130.74,EGP,0.0,7.24,-7.24
2026-01-14,EG165126097,CARD,GW-ATLAS,REFUNDED,1,899.35,EGP,0.0,7.58,-7.58
2026-06-16,EG873952802,CARD,GW-ATLAS,CAPTURED,263,360760.24,EGP,6457.57,6260.95,196.62
2025-04-20,EG873952802,WALLET,GW-NILE,Refunded,3,4787.02,EGP,0.0,22.37,-22.37
2026-05-23,EG544696241,LDEBIT,GW-NILE,Success,1,6340.29,EGP,71.56,27.48,44.08
2024-08-10,EG518450463,LDEBIT,GW-NILE,Success,1,896.09,EGP,13.02,5.32,7.7
2025-09-18,EG352362522,CARD,GW-NILE,Refunded,1,2199.11,EGP,0.0,7.64,-7.64
2025-12-04,EG537339465,WALLET,GW-NILE,Success,199,85511.56,EGP,1480.6,1047.18,433.42
2025-12-31,EG813796112,CARD,GW-NILE,Success,4,9824.5,EGP,254.22,130.16,124.06
2026-04-12,SA247609412,TOKEN,GW-ORION,Success,39,2118.03,SAR,62.79,36.87,25.92
2026-01-27,AE878919871,CARD,GW-ORION,Success,125,26657.09,AED,608.9,369.06,239.84
2024-07-31,OM861947173,LDEBIT,GW-NIMBUS,Success,7,121.43,OMR,1.55,0.67,0.88
2024-08-06,SA765577175,CARD,GW-ORION,Success,243,20507.2,SAR,341.84,317.12,24.72
2025-07-12,OM543606528,TOKEN,GW-NIMBUS,Success,8,81.85,OMR,2.12,1.35,0.77
2025-12-25,AE970872555,CARD,GW-ORION,Success,29,2876.88,AED,78.62,43.22,35.4
2025-01-19,EG373213017,WALLET,GW-NILE,Failed,1,1260.4,EGP,0.0,0.39,-0.39
2024-11-30,AE125858239,TOKEN,GW-ORION,Success,22,5078.19,AED,118.02,72.35,45.67
2025-03-30,SA853040870,BNPL,GW-ATLAS,Failed,2,95.82,SAR,0.0,0.15,-0.15
2025-05-22,EG888467038,CARD,GW-NILE,Success,4,45562.27,EGP,1016.83,564.14,452.69
2025-09-26,EG327327982,CARD,GW-NILE,Failed,2,602.61,EGP,0.0,0.81,-0.81
2024-10-23,EG537339465,LDEBIT,GW-NILE,Refunded,2,870.2,EGP,0.0,14.58,-14.58
2025-11-06,EG799496821,WALLET,GW-NILE,Refunded,4,3944.85,EGP,0.0,30.58,-30.58
2026-05-05,AE554805022,CARD,GW-NIMBUS,Failed,3,2978.29,AED,0.0,0.17,-0.17
2025-04-01,OM761036673,TOKEN,GW-ATLAS,Voided,2,7.78,OMR,0.0,0.02,-0.02
2024-10-10,SA512016562,CARD,GW-NIMBUS,Voided,1,37.58,SAR,0.0,0.06,-0.06
2026-04-21,SA352518639,CARD,GW-NIMBUS,Voided,1,414.29,SAR,0.0,0.06,-0.06
2025-01-05,SA588810791,LDEBIT,GW-NIMBUS,Failed,3,378.38,SAR,0.0,0.17,-0.17
2025-10-13,SA508515348,TOKEN,GW-ORION,Failed,4,738.75,SAR,0.0,0.18,-0.18
2025-06-26,AE554805022,CARD,GW-NIMBUS,Success,29,25730.4,AED,591.9,354.28,237.62
2025-12-19,EG823617801,CARD,GW-NILE,Success,13,3794.41,EGP,158.39,81.17,77.22
2026-05-05,SA597658531,CARD,GW-ATLAS,Refunded,6,890.03,SAR,0.0,3.37,-3.37
2024-08-16,OM334471218,LDEBIT,GW-NIMBUS,Success,8,164.24,OMR,1.93,0.88,1.05
2026-01-23,EG178731082,CARD,GW-NILE,Failed,7,4585.72,EGP,0.0,2.83,-2.83
2026-02-14,SA489370296,CARD,GW-ORION,Success,11,10581.22,SAR,236.81,138.11,98.7
2026-03-15,EG167120747,LDEBIT,GW-NILE,Failed,1,3756.09,EGP,0.0,0.41,-0.41
2025-12-14,AE273918504,TOKEN,GW-ORION,Refunded,1,59.81,AED,0.0,0.55,-0.55
2025-05-01,OM334471218,LDEBIT,GW-NIMBUS,Success,8,235.5,OMR,2.7,1.2,1.5
2026-06-14,SA936227927,LDEBIT,GW-NIMBUS,Success,2,986.56,SAR,11.36,4.78,6.58
2026-03-29,EG275709942,LDEBIT,GW-NILE,Success,77,117976.18,EGP,913.4,616.85,296.55
2026-04-23,EG704053078,TOKEN,GW-NILE,APPROVED,11,53504.79,EGP,906.88,704.07,202.81
2025-03-09,EG750576392,LDEBIT,GW-NILE,Failed,1,636.98,EGP,0.0,0.4,-0.4
2024-09-24,EG544696241,WALLET,GW-NILE,Success,1,4871.53,EGP,89.13,41.15,47.98
2024-10-16,EG624580946,TOKEN,GW-ATLAS,Success,57,11554.37,EGP,543.5,379.73,163.77
2026-03-20,EG245991238,CARD,GW-ATLAS,Success,57,18202.07,EGP,706.54,483.01,223.53
2026-03-24,OM805525842,LDEBIT,GW-NIMBUS,Success,23,282.99,OMR,3.55,1.67,1.88
2025-08-23,SA860742247,CARD,GW-NIMBUS,Refunded,25,7675.81,SAR,0.0,14.06,-14.06
2026-06-25,EG336915801,WALLET,GW-NILE,Success,14,5455.7,EGP,140.08,69.4,70.68
2025-04-19,EG304469248,LDEBIT,GW-NILE,Success,2,12091.78,EGP,138.64,52.45,86.19
2024-09-13,EG775891339,WALLET,GW-NILE,SETTLED,1,1730.78,EGP,34.09,15.71,18.38
2025-07-30,EG750576392,TOKEN,GW-NILE,Success,6,3959.97,EGP,130.86,65.86,65.0
2025-07-30,OM817062602,TOKEN,GW-NIMBUS,Failed,5,65.96,OMR,0.0,0.03,-0.03
2025-05-14,SA853040870,TOKEN,GW-ORION,Success,7,392.5,SAR,11.6,6.78,4.82
2024-08-31,EG967183698,WALLET,GW-NILE,Failed,46,15487.85,EGP,0.0,17.83,-17.83
2025-06-26,SA773581532,TOKEN,GW-ATLAS,Refunded,1,1226.93,SAR,0.0,0.56,-0.56
2026-06-18,EG373213017,WALLET,GW-NILE,Success,18,22667.39,EGP,438.67,216.01,222.66
2025-04-02,EG449636175,CARD,GW-ATLAS,Voided,26,10688.97,EGP,0.0,25.85,-25.85
2024-07-14,EG704826709,LDEBIT,GW-NILE,Success,4,2980.13,EGP,45.87,18.8,27.07
2025-03-02,AE707625102,TOKEN,GW-ORION,Success,6,1481.23,AED,37.17,21.01,16.16
2024-12-01,EG792191738,WALLET,GW-NILE,Success,50,41573.32,EGP,918.97,422.53,496.44
2025-12-24,SA181926560,LDEBIT,GW-NIMBUS,Success,3,234.51,SAR,3.45,1.56,1.89
2025-12-16,SA732374987,CARD,GW-ORION,Success,77,4273.64,SAR,121.53,71.97,49.56
2026-05-23,SA512016562,CARD,GW-NIMBUS,Success,53,1990.42,SAR,68.3,39.79,28.51
2025-01-17,EG655465870,TOKEN,GW-ATLAS,REFUNDED,1,621.52,EGP,0.0,7.35,-7.35
2026-03-31,EG926950694,LDEBIT,GW-NILE,Voided,3,3705.44,EGP,0.0,1.24,-1.24
2024-07-17,SA508515348,CARD,GW-ORION,Refunded,6,1166.93,SAR,0.0,3.37,-3.37
2024-10-29,EG331354329,LDEBIT,GW-NILE,Failed,2,707.53,EGP,0.0,0.78,-0.78
2024-08-12,EG145730757,TOKEN,GW-NILE,Success,3,16157.99,EGP,412.34,211.29,201.05
2026-04-06,OM995225132,CARD,GW-ATLAS,Success,3,110.1,OMR,2.61,1.69,0.92
2025-09-04,EG744743048,CARD,GW-NILE,Refunded,5,7640.39,EGP,0.0,38.2,-38.2
2026-01-15,EG432619696,LDEBIT,GW-NILE,Success,25,5360.75,EGP,121.31,65.91,55.4
2025-05-26,EG537155658,TOKEN,GW-ATLAS,Refunded,1,240.31,EGP,0.0,7.47,-7.47
2025-05-20,AE195822932,TOKEN,GW-NIMBUS,Success,5,635.31,AED,16.77,10.09,6.68
2026-05-31,AE923160667,LDEBIT,GW-NIMBUS,Success,3,1390.03,AED,16.04,6.75,9.29
2026-03-17,EG304469248,LDEBIT,GW-NILE,Captured,2,11016.11,EGP,126.98,48.23,78.75
2024-10-09,EG219821138,LDEBIT,GW-NILE,Success,5,1731.36,EGP,30.82,15.52,15.3
2026-05-02,OM284198769,CARD,GW-NIMBUS,Voided,1,14.85,OMR,0.0,0.01,-0.01
2026-02-22,EG284431976,CARD,GW-NILE,Captured,13,13391.0,EGP,364.5,198.05,166.45
2025-12-13,EG191889591,CARD,GW-ATLAS,Failed,6,8600.5,EGP,0.0,6.11,-6.11
2026-04-19,AE208762198,CARD,GW-NIMBUS,Failed,2,513.59,AED,0.0,0.11,-0.11
2026-04-24,OM754795503,CARD,GW-ATLAS,Failed,1,18.92,OMR,0.0,0.01,-0.01
2026-03-31,AE502481662,CARD,GW-ORION,Failed,12,5281.32,AED,0.0,0.53,-0.53
2024-07-26,EG989134753,CARD,GW-NILE,Voided,2,13894.17,EGP,0.0,0.77,-0.77
2026-02-14,SA734980407,CARD,GW-ATLAS,Failed,84,5037.48,SAR,0.0,6.3,-6.3
2025-07-04,EG676342880,WALLET,GW-NILE,Success,58,46986.8,EGP,1061.59,482.48,579.11
2025-10-16,SA851607798,TOKEN,GW-ORION,Success,26,1645.29,SAR,28.79,27.68,1.11
2026-06-24,EG799496821,CARD,GW-NILE,Failed,20,17623.53,EGP,0.0,8.23,-8.23
2024-08-27,AE307567415,TOKEN,GW-ORION,Voided,1,182.28,AED,0.0,0.04,-0.04
2025-09-24,SA813270664,CARD,GW-ORION,Success,3,158.9,SAR,5.18,2.71,2.47
2025-05-14,AE389283318,CARD,GW-ORION,Voided,14,1325.8,AED,0.0,0.62,-0.62
2026-02-12,OM954248664,CARD,GW-NIMBUS,Failed,1,6.9,OMR,0.0,0.01,-0.01
2026-02-11,EG275445878,TOKEN,GW-ATLAS,Refunded,1,1144.78,EGP,0.0,7.7,-7.7
2024-09-27,EG792191738,LDEBIT,GW-NILE,Failed,1,771.02,EGP,0.0,0.39,-0.39
2026-03-01,OM939316312,CARD,GW-NIMBUS,Failed,3,24.76,OMR,0.0,0.02,-0.02
2025-10-28,AE647447711,LDEBIT,GW-NIMBUS,Success,7,808.39,AED,10.77,4.79,5.98
2026-04-08,SA320986752,LDEBIT,GW-NIMBUS,Approved,79,70782.6,SAR,562.77,331.85,230.92
2025-11-03,AE918231431,TOKEN,GW-NIMBUS,Success,5,4059.44,AED,96.76,58.03,38.73
2025-12-19,SA860742247,TOKEN,GW-ATLAS,Failed,12,2344.24,SAR,0.0,0.9,-0.9
2026-03-24,OM107384993,CARD,GW-NIMBUS,Success,35,777.37,OMR,13.58,11.37,2.21
2026-05-17,EG335687023,CARD,GW-NILE,Success,961,1581229.57,EGP,28360.89,21837.8,6523.09
2025-06-29,SA158425015,CARD,GW-NIMBUS,Success,62,2462.56,SAR,81.54,48.36,33.18
2026-01-06,EG150005962,WALLET,GW-NILE,APPROVED,5,2374.65,EGP,53.19,28.08,25.11
2025-11-05,SA696833214,TOKEN,GW-NIMBUS,Success,2,375.74,SAR,8.9,5.75,3.15
2025-12-02,EG293670432,CARD,GW-NILE,Failed,1,324.38,EGP,0.0,0.41,-0.41
2026-04-29,EG686030808,WALLET,GW-NILE,Failed,88,74058.87,EGP,0.0,36.12,-36.12
2026-06-10,SA700672253,TOKEN,GW-ORION,Success,185,8134.73,SAR,254.77,149.47,105.3
2024-09-03,EG275709942,TOKEN,GW-ATLAS,Refunded,5,4376.02,EGP,0.0,36.18,-36.18
2025-10-10,SA247609412,TOKEN,GW-ORION,Success,29,1601.77,SAR,47.3,27.77,19.53
2024-11-18,AE638004344,CARD,GW-NIMBUS,VOIDED,1,204.15,AED,0.0,0.06,-0.06
2026-02-25,SA886598559,LDEBIT,GW-NIMBUS,Success,30,4477.81,SAR,54.61,25.21,29.4
2026-03-09,SA710370541,CARD,GW-ORION,Voided,5,3137.68,SAR,0.0,0.22,-0.22
2025-07-26,EG645057217,LDEBIT,GW-NILE,Success,1,1054.18,EGP,14.71,6.03,8.68
2026-03-11,AE987618927,TOKEN,GW-NIMBUS,Failed,10,414.57,AED,0.0,0.55,-0.55
2025-07-13,SA732374987,TOKEN,GW-ORION,Success,11,527.46,SAR,15.81,9.47,6.34
2025-01-25,SA165160063,CARD,GW-ORION,Success,9,2200.45,SAR,56.6,30.22,26.38
2025-06-16,EG624580946,BNPL,GW-ATLAS,Success,78,15753.88,EGP,710.82,622.26,88.56
2026-03-23,AE307567415,CARD,GW-NIMBUS,Voided,16,2916.48,AED,0.0,0.88,-0.88
2024-08-18,SA307616362,LDEBIT,GW-NIMBUS,Failed,12,614.2,SAR,0.0,0.68,-0.68
2025-07-27,SA189309853,LDEBIT,GW-NIMBUS,Failed,1,232.53,SAR,0.0,0.06,-0.06
2026-05-10,OM436896345,LDEBIT,GW-NIMBUS,Success,52,187.36,OMR,3.07,1.74,1.33
2024-07-28,SA362023155,BNPL,GW-ATLAS,CAPTURED,8,559.78,SAR,24.83,19.95,4.88
2024-12-22,EG105351460,CARD,GW-NILE,Failed,2,2143.08,EGP,0.0,0.78,-0.78
2025-08-27,SA972748866,CARD,GW-ORION,Refunded,7,982.51,SAR,0.0,3.94,-3.94
2024-10-28,EG903275069,CARD,GW-NILE,Voided,4,1996.46,EGP,0.0,1.56,-1.56
2025-02-16,SA268961677,CARD,GW-ORION,Success,35,3728.26,SAR,98.19,55.61,42.58
2025-11-04,EG877654092,LDEBIT,GW-NILE,Refunded,5,3849.64,EGP,0.0,38.23,-38.23
2026-03-10,SA779341840,LDEBIT,GW-NIMBUS,Success,44,7348.18,SAR,91.43,40.49,50.94
2024-09-17,EG761087060,TOKEN,GW-ATLAS,Failed,3,4148.91,EGP,0.0,2.89,-2.89
2026-03-04,SA722880043,CARD,GW-NIMBUS,Failed,2,2891.13,SAR,0.0,0.11,-0.11
2025-12-09,OM498407948,TOKEN,GW-NIMBUS,Success,6,180.52,OMR,4.49,2.68,1.81
2025-08-10,SA295911590,CARD,GW-ORION,Success,6,943.0,SAR,24.04,13.43,10.61
2025-05-11,AE787062785,LDEBIT,GW-NIMBUS,Failed,1,146.98,AED,0.0,0.06,-0.06
2026-03-02,SA856834042,CARD,GW-ORION,DECLINED,7,706.0,SAR,0.0,0.32,-0.32
2026-01-27,AE852316595,CARD,GW-ORION,Failed,3,307.98,AED,0.0,0.13,-0.13
2024-07-08,EG926950694,LDEBIT,GW-NILE,Success,257,291285.37,EGP,2376.14,1612.27,763.87
2025-05-06,AE282120405,TOKEN,GW-NIMBUS,Success,12,469.52,AED,15.99,9.44,6.55
2024-11-12,EG537339465,LDEBIT,GW-NILE,Voided,7,2889.24,EGP,0.0,2.73,-2.73
2026-03-11,AE190030385,CARD,GW-NIMBUS,Success,5,6064.43,AED,135.01,83.06,51.95
2025-10-14,EG916667859,TOKEN,GW-NILE,Success,4,6229.85,EGP,173.84,89.17,84.67
2026-01-16,SA320986752,CARD,GW-NIMBUS,SETTLED,147,121684.26,SAR,1980.55,1678.57,301.98
2024-09-29,AE934539772,CARD,GW-NIMBUS,Success,1,484.11,AED,12.19,6.77,5.42
2025-03-12,AE208762198,CARD,GW-NIMBUS,Failed,6,1540.76,AED,0.0,0.33,-0.33
2025-07-09,EG955763785,CARD,GW-NILE,Success,7,5545.02,EGP,173.35,85.99,87.36
2024-09-16,EG987489356,CARD,GW-ATLAS,Success,1864,529773.98,EGP,21155.3,14377.96,6777.34
2025-12-12,EG903275069,CARD,GW-NILE,Refunded,2,965.01,EGP,0.0,15.27,-15.27
2026-04-14,AE798073466,BNPL,GW-ATLAS,Success,3,1069.99,AED,47.61,37.2,10.41
2025-02-09,SA184014126,CARD,GW-ORION,Success,64,3652.11,SAR,98.69,61.1,37.59
2025-03-05,EG943656964,WALLET,GW-NILE,Success,3,1333.89,EGP,32.18,15.99,16.19
2024-12-10,SA586124263,CARD,GW-ORION,Voided,4,145.7,SAR,0.0,0.18,-0.18
2025-04-12,SA819868069,LDEBIT,GW-NIMBUS,CAPTURED,193,26125.89,SAR,269.55,150.14,119.41
2025-05-31,SA605999505,BNPL,GW-ATLAS,VOIDED,2,428.13,SAR,0.0,0.15,-0.15
2024-10-19,EG605770113,CARD,GW-ATLAS,Success,4,8603.57,EGP,230.26,139.83,90.43
2026-04-01,EG220900048,WALLET,GW-NILE,Success,2,2459.93,EGP,46.38,23.52,22.86
2024-10-01,AE403257742,CARD,GW-ORION,Failed,1,7410.61,AED,0.0,0.04,-0.04
2025-09-12,EG728358410,LDEBIT,GW-NILE,Success,2,3514.01,EGP,40.23,17.8,22.43
2025-09-25,AE934539772,CARD,GW-NIMBUS,Success,1,336.73,AED,8.6,4.78,3.82
2024-11-01,SA474123129,BNPL,GW-ATLAS,Failed,4,241.27,SAR,0.0,0.3,-0.3
2025-03-12,OM173271126,CARD,GW-NIMBUS,Failed,1,13.58,OMR,0.0,0.01,-0.01
2024-09-16,AE201167720,CARD,GW-ORION,Success,1,4591.87,AED,75.52,59.09,16.43
2025-02-03,AE957433919,CARD,GW-NIMBUS,Success,4464,679000.62,AED,14468.41,10232.12,4236.29
2024-08-16,SA951904107,CARD,GW-ATLAS,Refunded,1,127.32,SAR,0.0,0.56,-0.56
2025-10-17,AE889475271,TOKEN,GW-ORION,Voided,1,44.15,AED,0.0,0.04,-0.04
2026-03-25,SA620446884,TOKEN,GW-ATLAS,Failed,1,116.49,SAR,0.0,0.08,-0.08
2025-06-02,EG903275069,BNPL,GW-NILE,Failed,16,8194.31,EGP,0.0,6.38,-6.38
2026-05-06,SA742513174,CARD,GW-ORION,Success,2,78.6,SAR,2.63,1.45,1.18
2026-06-27,AE588030458,TOKEN,GW-ATLAS,Failed,1,103.91,AED,0.0,0.07,-0.07
2026-04-29,SA722880043,CARD,GW-NIMBUS,Refunded,1,2117.26,SAR,0.0,0.56,-0.56
2026-03-27,EG191889591,CARD,GW-ATLAS,Success,64,90833.0,EGP,2396.65,1568.69,827.96
2026-06-07,EG930327972,CARD,GW-NILE,Success,3,15957.85,EGP,409.72,202.07,207.65
2026-05-07,EG275709942,LDEBIT,GW-NILE,Failed,3,4737.88,EGP,0.0,1.24,-1.24
2025-03-12,EG100648072,CARD,GW-ATLAS,Success,3,5876.16,EGP,160.17,96.64,63.53
2026-02-18,EG474518016,BNPL,GW-ATLAS,Success,15,20412.34,EGP,894.06,720.84,173.22
2026-04-23,SA693304792,CARD,GW-NIMBUS,Success,26,123597.6,SAR,1900.34,1674.91,225.43
2026-02-20,AE755938199,TOKEN,GW-NIMBUS,Success,2,3278.01,AED,77.77,46.37,31.4
2025-08-13,EG373280861,LDEBIT,GW-NILE,Success,2,988.81,EGP,15.86,7.47,8.39
2025-06-05,AE239330460,TOKEN,GW-ORION,Success,5,301.25,AED,9.59,5.1,4.49
2026-04-03,AE875103901,TOKEN,GW-ORION,Refunded,2,108.05,AED,0.0,1.1,-1.1
2026-03-13,AE638004344,CARD,GW-NIMBUS,ERROR,1,204.15,AED,0.0,0.06,-0.06
2025-07-22,SA147303844,CARD,GW-ORION,Failed,9,1523.01,SAR,0.0,0.4,-0.4
2025-08-30,SA385404287,CARD,GW-ORION,Success,124,6002.22,SAR,178.19,104.62,73.57
2025-10-04,SA660258875,CARD,GW-NIMBUS,REFUNDED,6,1047.03,SAR,0.0,3.37,-3.37
2025-05-05,EG770407516,TOKEN,GW-ATLAS,Success,246,70680.8,EGP,2865.22,1975.51,889.71
2026-02-09,EG204164575,CARD,GW-NILE,Success,17,5566.82,EGP,213.64,113.86,99.78
2025-01-15,EG926950694,TOKEN,GW-ATLAS,Voided,2,2346.42,EGP,0.0,1.96,-1.96
2026-01-25,EG686030808,TOKEN,GW-NILE,Failed,10,8285.97,EGP,0.0,4.04,-4.04
2025-05-01,AE642488904,TOKEN,GW-NIMBUS,Failed,1,1379.75,AED,0.0,0.06,-0.06
2025-09-06,EG799575469,TOKEN,GW-NILE,Refunded,1,338.58,EGP,0.0,7.64,-7.64
2024-12-01,AE346681166,TOKEN,GW-NIMBUS,Voided,1,144.66,AED,0.0,0.06,-0.06
2025-12-28,AE934539772,CARD,GW-NIMBUS,Failed,1,351.57,AED,0.0,0.06,-0.06
2025-11-27,SA939400299,CARD,GW-ORION,Refunded,1,67.4,SAR,0.0,0.56,-0.56
2025-07-09,SA447120771,LDEBIT,GW-NIMBUS,Success,2,339.44,SAR,4.6,1.86,2.74
2024-11-02,EG926950694,LDEBIT,GW-NILE,Voided,2,2336.51,EGP,0.0,0.78,-0.78
2024-09-27,EG704826709,TOKEN,GW-ATLAS,Success,3,2225.86,EGP,70.89,44.36,26.53
2024-09-27,EG259754316,BNPL,GW-ATLAS,Success,11,4269.52,EGP,186.83,158.17,28.66
2025-11-28,AE317795493,TOKEN,GW-NIMBUS,Failed,4,1070.81,AED,0.0,0.22,-0.22
2026-04-05,SA420885285,LDEBIT,GW-NIMBUS,Success,7,795.37,SAR,10.73,4.76,5.97
2025-07-18,AE125858239,BNPL,GW-ATLAS,Failed,3,694.52,AED,0.0,0.22,-0.22
2025-12-19,EG275709942,TOKEN,GW-ATLAS,Refunded,4,5622.81,EGP,0.0,30.54,-30.54
2025-11-22,AE282120405,LDEBIT,GW-NIMBUS,Failed,3,122.63,AED,0.0,0.17,-0.17
2026-03-09,SA331993666,TOKEN,GW-NIMBUS,Failed,15,2595.95,SAR,0.0,0.84,-0.84
2024-12-17,EG998632198,CARD,GW-NILE,Success,33,54460.4,EGP,1328.32,747.43,580.89
2024-08-23,EG215045135,LDEBIT,GW-NILE,Success,2,23445.86,EGP,179.1,98.35,80.75
2025-07-29,EG770407516,TOKEN,GW-ATLAS,Voided,3,858.93,EGP,0.0,3.01,-3.01
2026-04-18,EG537339465,LDEBIT,GW-NILE,Voided,6,2603.84,EGP,0.0,2.46,-2.46
2024-08-18,EG926950694,CARD,GW-ATLAS,Refunded,16,15409.9,EGP,0.0,116.26,-116.26
2024-09-29,SA887297988,TOKEN,GW-NIMBUS,Refunded,1,86.15,SAR,0.0,0.56,-0.56
2024-11-23,OM936304206,CARD,GW-ATLAS,Success,22,422.05,OMR,10.0,6.78,3.22
2026-01-18,EG838350410,CARD,GW-NILE,Failed,1,2515.5,EGP,0.0,0.4,-0.4
2024-07-11,SA168621990,TOKEN,GW-ATLAS,Voided,1,105.38,SAR,0.0,0.08,-0.08
2025-01-06,EG873952802,TOKEN,GW-NILE,Refunded,2,2666.3,EGP,0.0,14.7,-14.7
2026-06-11,OM817062602,CARD,GW-NIMBUS,Voided,2,26.38,OMR,0.0,0.01,-0.01
2026-01-18,SA734980407,TOKEN,GW-ATLAS,Success,120,7199.18,SAR,128.58,142.15,-13.57
2026-06-17,AE732739303,CARD,GW-ATLAS,Failed,2,413.14,AED,0.0,0.15,-0.15
2026-04-29,SA848487072,LDEBIT,GW-NIMBUS,Success,9,8022.19,SAR,80.63,37.62,43.01
2024-08-04,EG955763785,CARD,GW-NILE,Refunded,1,703.18,EGP,0.0,7.27,-7.27
2025-11-13,EG373280861,WALLET,GW-NILE,Success,2,926.93,EGP,21.84,11.08,10.76
2025-03-08,SA485114821,TOKEN,GW-ATLAS,Success,1,41.54,SAR,1.33,0.91,0.42
2026-05-01,EG165126097,TOKEN,GW-NILE,Success,1,743.24,EGP,22.72,12.1,10.62
2024-07-14,EG191889591,TOKEN,GW-NILE,Failed,1,1354.18,EGP,0.0,0.38,-0.38
2024-10-13,SA320986752,LDEBIT,GW-NIMBUS,Voided,1,861.05,SAR,0.0,0.06,-0.06
2025-05-06,EG744743048,TOKEN,GW-NILE,Success,15,19666.09,EGP,551.62,287.39,264.23
2026-06-23,EG680139391,CARD,GW-NILE,Refunded,2,652.93,EGP,0.0,15.43,-15.43
2025-09-21,EG697551722,TOKEN,GW-NILE,Refunded,2,1779.86,EGP,0.0,15.28,-15.28
2025-10-02,EG774885021,TOKEN,GW-NILE,Success,2,18132.28,EGP,455.4,233.8,221.6
2024-08-14,EG774885021,TOKEN,GW-NILE,Success,5,29712.65,EGP,753.96,387.22,366.74
2025-09-06,OM450405182,CARD,GW-ATLAS,Failed,1,4.69,OMR,0.0,0.01,-0.01
2025-07-16,EG331354329,CARD,GW-ATLAS,Refunded,3,1172.53,EGP,0.0,22.58,-22.58
2026-03-18,EG724883181,TOKEN,GW-NILE,Success,13,4323.22,EGP,165.51,90.02,75.49
2026-02-01,EG579116624,LDEBIT,GW-NILE,Success,2,5245.99,EGP,63.62,24.84,38.78
2026-01-11,SA999694215,CARD,GW-NIMBUS,Failed,4,759.05,SAR,0.0,0.22,-0.22
2025-03-18,EG989134753,CARD,GW-NILE,Success,61,452426.37,EGP,7605.07,5656.68,1948.39
2024-10-13,SA466668047,CARD,GW-ORION,Failed,30,1318.59,SAR,0.0,1.35,-1.35
2025-10-26,SA512016562,TOKEN,GW-NIMBUS,Success,26,927.57,SAR,32.82,19.32,13.5
2026-03-30,SA773581532,CARD,GW-ORION,Success,15,10303.33,SAR,232.2,135.44,96.76
2026-03-22,AE254819908,TOKEN,GW-ORION,Success,2,587.02,AED,15.47,8.24,7.23
2026-05-26,SA853040870,LDEBIT,GW-NIMBUS,Success,9,390.82,SAR,5.96,3.28,2.68
2024-10-23,EG139657763,CARD,GW-ATLAS,Success,340,323478.94,EGP,6346.16,5939.28,406.88
2025-08-14,SA320986752,LDEBIT,GW-NIMBUS,Success,162,144170.84,SAR,1146.4,676.11,470.29
2025-10-12,EG926950694,CARD,GW-ATLAS,Success,307,371231.29,EGP,6143.0,6556.28,-413.28
2026-04-25,AE426640224,CARD,GW-ATLAS,Voided,1,77.81,AED,0.0,0.07,-0.07
2025-02-09,OM861947173,CARD,GW-NIMBUS,SETTLED,10,174.19,OMR,4.54,2.6,1.94
2025-08-23,SA186131558,TOKEN,GW-NIMBUS,Voided,1,387.03,SAR,0.0,0.06,-0.06
2026-03-26,OM267217098,LDEBIT,GW-NIMBUS,Refunded,3,63.38,OMR,0.0,0.17,-0.17
2024-08-26,EG283786715,LDEBIT,GW-NILE,Failed,1,870.26,EGP,0.0,0.39,-0.39
2025-12-21,EG723843125,LDEBIT,GW-NILE,Voided,2,548.01,EGP,0.0,0.81,-0.81
2026-06-12,EG511253320,LDEBIT,GW-NILE,SUCCESS,44,14616.99,EGP,297.26,138.41,158.85
2026-01-21,SA397646855,TOKEN,GW-ORION,Voided,1,51.34,SAR,0.0,0.04,-0.04
2026-02-03,SA597658531,BNPL,GW-ATLAS,Success,245,37465.69,SAR,1030.68,1313.19,-282.51
2025-04-03,EG875100630,TOKEN,GW-ATLAS,Success,1,1711.84,EGP,46.22,29.56,16.66
2025-02-15,SA426436949,CARD,GW-NIMBUS,REVERSED,1,68.4,SAR,0.0,0.06,-0.06
2026-02-24,EG373280861,WALLET,GW-NILE,Voided,1,506.39,EGP,0.0,0.41,-0.41
2026-02-15,AE667080643,TOKEN,GW-ATLAS,Success,7,1584.58,AED,40.73,25.86,14.87
2025-12-31,AE242638729,CARD,GW-ATLAS,Voided,1,560.44,AED,0.0,0.07,-0.07
2026-06-22,EG235600888,LDEBIT,GW-NILE,Success,1,4139.3,EGP,48.23,18.56,29.67
2024-10-01,AE345303542,CARD,GW-ATLAS,Failed,3,138.55,AED,0.0,0.22,-0.22
2024-12-03,SA502327003,LDEBIT,GW-NIMBUS,Success,2,403.68,SAR,5.19,2.15,3.04
2026-03-01,OM936304206,CARD,GW-ATLAS,Voided,1,19.78,OMR,0.0,0.01,-0.01
2025-11-24,EG509980512,BNPL,GW-ATLAS,Success,9,3026.39,EGP,143.51,113.77,29.74
2025-08-20,SA710370541,CARD,GW-ORION,REVERSED,8,5020.29,SAR,0.0,0.36,-0.36
2025-08-23,SA577673991,CARD,GW-NIMBUS,Success,2,273.38,SAR,7.45,4.18,3.27
2026-01-09,AE998528073,CARD,GW-ORION,Success,4,779.37,AED,20.06,10.87,9.19
2025-06-01,SA860742247,LDEBIT,GW-NIMBUS,Failed,22,4297.78,SAR,0.0,1.24,-1.24
2026-02-21,EG943656964,TOKEN,GW-ATLAS,Failed,2,710.45,EGP,0.0,2.05,-2.05
2026-01-09,EG792191738,LDEBIT,GW-NILE,Success,16,12638.98,EGP,189.45,79.48,109.97
2026-06-11,EG181564804,WALLET,GW-NILE,Failed,2052,1034566.06,EGP,0.0,844.39,-844.39
2025-09-20,SA954952952,CARD,GW-ORION,Failed,109,4760.79,SAR,0.0,4.9,-4.9
2026-05-12,SA512016562,CARD,GW-NIMBUS,Success,50,1732.09,SAR,60.89,35.57,25.32
2024-07-04,SA914955375,LDEBIT,GW-NIMBUS,Success,3,621.78,SAR,7.22,3.3,3.92
2025-09-30,EG903275069,WALLET,GW-NILE,Failed,10,5230.01,EGP,0.0,4.07,-4.07
2025-03-13,SA828250977,LDEBIT,GW-NIMBUS,Success,1,267.94,SAR,3.37,1.37,2.0
2025-12-02,SA416884588,LDEBIT,GW-NIMBUS,Success,24,4582.9,SAR,52.8,24.67,28.13
2024-12-18,SA586124263,TOKEN,GW-NIMBUS,Failed,1,36.43,SAR,0.0,0.06,-0.06
2024-10-10,EG934737958,LDEBIT,GW-NILE,Success,5,1690.86,EGP,30.84,15.35,15.49
2025-02-12,EG304469248,WALLET,GW-NILE,DECLINED,1,4427.03,EGP,0.0,0.39,-0.39
2026-06-09,EG934454177,WALLET,GW-NILE,Failed,47,65925.25,EGP,0.0,19.34,-19.34
2025-12-01,EG544696241,LDEBIT,GW-NILE,Success,1,5929.27,EGP,67.06,25.8,41.26
2024-08-13,EG217500923,WALLET,GW-NILE,Failed,2,1177.76,EGP,0.0,0.78,-0.78
2025-08-06,EG249264164,CARD,GW-ATLAS,Failed,4,3524.73,EGP,0.0,3.96,-3.96
2025-10-14,AE317795493,TOKEN,GW-NIMBUS,Success,41,10894.2,AED,167.5,162.31,5.19
2026-01-17,AE561735990,CARD,GW-NIMBUS,Success,3,3352.74,AED,85.04,45.98,39.06
2026-06-06,AE608679106,CARD,GW-ORION,Failed,16,791.95,AED,0.0,0.71,-0.71
2025-08-11,OM958516072,LDEBIT,GW-NIMBUS,Voided,1,1092.9,OMR,0.0,0.01,-0.01
2025-08-11,AE360087333,TOKEN,GW-ORION,Success,11,655.05,AED,19.2,11.12,8.08
2025-06-02,SA620446884,LDEBIT,GW-NIMBUS,Success,16,1973.69,SAR,24.73,11.58,13.15
2025-12-10,EG680139391,LDEBIT,GW-NILE,FAILED,2,831.05,EGP,0.0,0.81,-0.81
2024-07-12,SA320986752,TOKEN,GW-ORION,Success,40,36483.87,SAR,605.85,494.16,111.69
2024-10-11,SA814924785,LDEBIT,GW-NIMBUS,Success,3,2151.3,SAR,24.05,10.19,13.86
2025-12-18,AE827819347,BNPL,GW-ATLAS,Refunded,1,36.73,AED,0.0,0.55,-0.55
2026-05-30,EG707591429,CARD,GW-ATLAS,Refunded,1,1014.21,EGP,0.0,7.73,-7.73
2026-06-02,SA977935480,TOKEN,GW-ORION,Refunded,1,91.94,SAR,0.0,0.56,-0.56
2024-07-23,AE563552817,LDEBIT,GW-NIMBUS,Captured,9,1153.06,AED,14.3,6.68,7.62
2026-02-11,SA284947269,LDEBIT,GW-NIMBUS,Success,1,7596.29,SAR,61.81,34.35,27.46
2026-04-20,OM716128158,LDEBIT,GW-NIMBUS,Success,1,16.17,OMR,0.19,0.09,0.1
2024-11-28,SA508515348,TOKEN,GW-ORION,Failed,1,184.69,SAR,0.0,0.04,-0.04
2026-05-10,AE172124002,LDEBIT,GW-NIMBUS,Success,23,2886.97,AED,40.48,16.79,23.69
2025-08-23,EG552283131,CARD,GW-NILE,Success,1,4931.66,EGP,123.5,62.54,60.96
2025-03-28,EG849029255,CARD,GW-NILE,Voided,1,391.29,EGP,0.0,0.4,-0.4
2026-02-19,EG331354329,WALLET,GW-NILE,Approved,83,30256.78,EGP,570.24,394.12,176.12
2026-05-03,OM875678169,CARD,GW-NIMBUS,Success,3,44.87,OMR,1.26,0.68,0.58
2025-09-08,SA819868069,CARD,GW-NIMBUS,Success,619,80986.54,SAR,1710.73,1244.2,466.53
2025-11-11,EG688244774,WALLET,GW-NILE,Voided,1,630.04,EGP,0.0,0.41,-0.41
2025-11-20,AE364520535,CARD,GW-ORION,Success,1,152.79,AED,3.99,2.18,1.81
2024-10-03,OM236113503,CARD,GW-NIMBUS,Failed,5,136.26,OMR,0.0,0.03,-0.03
2026-03-20,AE779021046,CARD,GW-ORION,Failed,2,3789.46,AED,0.0,0.09,-0.09
2026-03-06,AE274153176,TOKEN,GW-ORION,Success,1,2604.12,AED,64.35,34.85,29.5
2026-06-10,SA218399497,TOKEN,GW-ATLAS,FAILED,1,39.09,SAR,0.0,0.08,-0.08
2025-08-31,SA779172798,LDEBIT,GW-NIMBUS,Success,8,1418.59,SAR,17.46,7.73,9.73
2025-01-10,AE123781768,CARD,GW-ORION,Failed,54,2688.79,AED,0.0,2.38,-2.38
2026-01-16,EG538857731,CARD,GW-NILE,APPROVED,15,22310.06,EGP,558.34,311.23,247.11
2025-04-02,AE375396549,TOKEN,GW-NIMBUS,Failed,1,358.44,AED,0.0,0.06,-0.06
2024-10-31,SA189353734,CARD,GW-ORION,Failed,12,465.71,SAR,0.0,0.54,-0.54
2026-02-05,OM543606528,CARD,GW-NIMBUS,Success,45,460.6,OMR,11.68,7.34,4.34
2025-07-19,AE787062785,CARD,GW-ORION,Failed,7,1028.86,AED,0.0,0.31,-0.31
2026-05-29,AE172124002,CARD,GW-ORION,Success,43,5366.66,AED,153.48,78.2,75.28
2025-02-14,EG578179109,TOKEN,GW-ATLAS,Success,1,10577.93,EGP,247.78,163.57,84.21
2026-01-25,SA900572493,CARD,GW-ATLAS,Failed,3,1098.7,SAR,0.0,0.22,-0.22
2025-07-06,EG345706176,CARD,GW-NILE,Success,4,10109.48,EGP,256.53,133.47,123.06
2025-12-04,EG770407516,TOKEN,GW-ATLAS,Voided,4,1161.56,EGP,0.0,4.07,-4.07
2025-12-09,SA865900656,LDEBIT,GW-NIMBUS,Success,8,945.83,SAR,12.34,5.61,6.73
2026-06-08,EG100648072,CARD,GW-ATLAS,Failed,1,2240.2,EGP,0.0,1.03,-1.03
2025-11-25,EG760725891,LDEBIT,GW-NILE,Failed,2,2198.62,EGP,0.0,0.82,-0.82
2024-12-28,EG926950694,WALLET,GW-NILE,Failed,22,25819.37,EGP,0.0,8.63,-8.63
2025-07-16,OM334471218,LDEBIT,GW-NIMBUS,Failed,1,24.21,OMR,0.0,0.01,-0.01
2026-06-29,SA604765470,LDEBIT,GW-NIMBUS,Failed,2,82.58,SAR,0.0,0.11,-0.11
2026-04-25,EG760725891,BNPL,GW-ATLAS,APPROVED,7,6533.29,EGP,284.33,232.97,51.36
2025-09-22,SA856834042,LDEBIT,GW-NIMBUS,Success,11,969.32,SAR,13.84,6.22,7.62
2024-09-02,EG761087060,TOKEN,GW-ATLAS,Success,25,33540.7,EGP,904.11,596.38,307.73
2024-07-14,SA517497912,CARD,GW-NIMBUS,Failed,5,237.99,SAR,0.0,0.28,-0.28
2025-04-01,AE389283318,CARD,GW-ORION,Refunded,14,1268.66,AED,0.0,7.71,-7.71
2026-03-05,SA592950341,CARD,GW-NIMBUS,Success,6,1373.16,SAR,34.89,20.0,14.89
2025-06-21,EG888467038,CARD,GW-NILE,Success,5,55873.98,EGP,1247.46,692.09,555.37
2026-05-02,AE547591847,CARD,GW-ORION,Failed,4,712.89,AED,0.0,0.18,-0.18
2024-10-09,AE204415052,CARD,GW-ORION,Success,8,832.88,AED,23.1,12.43,10.67
2025-06-27,OM251384670,CARD,GW-NIMBUS,Captured,2,94.75,OMR,2.22,1.33,0.89
2026-02-21,AE254819908,BNPL,GW-ATLAS,Success,1,370.55,AED,18.19,12.88,5.31
2025-06-05,SA189353734,TOKEN,GW-ORION,Success,20,851.55,SAR,26.9,15.79,11.11
2025-04-10,EG389262771,CARD,GW-NILE,Success,172,62450.74,EGP,2196.45,1211.93,984.52
2024-09-13,EG181564804,WALLET,GW-NILE,Failed,682,322466.95,EGP,0.0,263.19,-263.19
2025-12-06,EG680139391,LDEBIT,GW-NILE,Refunded,1,419.88,EGP,0.0,7.64,-7.64
2026-02-23,AE878919871,CARD,GW-ORION,Refunded,11,2010.95,AED,0.0,6.06,-6.06
2025-05-21,SA819868069,CARD,GW-NIMBUS,Refunded,26,3112.58,SAR,0.0,14.62,-14.62
2025-11-13,EG344164016,WALLET,GW-NILE,Failed,1,338.97,EGP,0.0,0.41,-0.41
2025-10-02,SA811044755,LDEBIT,GW-NIMBUS,Success,1,907.55,SAR,10.05,4.25,5.8
2026-06-13,SA813270664,TOKEN,GW-ORION,Success,1,50.47,SAR,1.69,0.89,0.8
2026-02-17,EG622719015,TOKEN,GW-ATLAS,Failed,1,13345.06,EGP,0.0,1.03,-1.03
2025-09-09,AE561735990,CARD,GW-NIMBUS,Refunded,1,480.66,AED,0.0,0.55,-0.55
2026-02-10,SA597658531,CARD,GW-ATLAS,Voided,13,2012.46,SAR,0.0,0.98,-0.98
2025-11-04,SA331993666,CARD,GW-ORION,Failed,70,12114.42,SAR,0.0,3.15,-3.15
2026-06-23,SA605409640,CARD,GW-NIMBUS,Refunded,1,93.86,SAR,0.0,0.56,-0.56
2025-02-17,SA676493356,CARD,GW-ATLAS,Failed,11,1153.31,SAR,0.0,0.82,-0.82
2025-09-12,AE957433919,CARD,GW-NIMBUS,Failed,324,49621.34,AED,0.0,17.85,-17.85
2024-11-12,EG772389130,WALLET,GW-NILE,Captured,4,250255.98,EGP,3009.9,2033.91,975.99
2026-04-23,SA597658531,LDEBIT,GW-NIMBUS,Success,447,72395.9,SAR,547.57,401.21,146.36
2025-02-23,SA473410995,LDEBIT,GW-NIMBUS,Success,5,756.49,SAR,9.65,4.25,5.4
2025-03-07,EG237932689,CARD,GW-NILE,Success,7,2763.06,EGP,99.39,51.9,47.49
2024-07-27,EG249264164,WALLET,GW-NILE,Success,5,3749.6,EGP,82.45,38.79,43.66
2026-06-19,EG981274071,WALLET,GW-NILE,Refunded,6,4579.64,EGP,0.0,46.29,-46.29
,SA901680809,LDEBIT,GW-NIMBUS,Success,3,1161.38,SAR,13.35,5.73,7.62
2025-10-27,OM173271126,CARD,GW-NIMBUS,Refunded,1,11.93,OMR,0.0,0.06,-0.06
2026-03-08,SA781674979,LDEBIT,GW-NIMBUS,APPROVED,39,1945.02,SAR,31.17,15.33,15.84
2024-07-25,EG724883181,CARD,GW-ATLAS,Voided,1,335.02,EGP,0.0,0.96,-0.96
2026-06-26,OM498407948,CARD,GW-ATLAS,Failed,2,58.54,OMR,0.0,0.02,-0.02
2025-02-09,AE208762198,BNPL,GW-ATLAS,Failed,2,513.59,AED,0.0,0.15,-0.15
2026-04-01,EG166655022,WALLET,GW-NILE,Failed,4,4801.49,EGP,0.0,1.64,-1.64
2024-07-15,SA315873581,LDEBIT,GW-NIMBUS,APPROVED,37,1517.37,SAR,23.33,13.07,10.26
2024-09-09,EG139657763,WALLET,GW-NILE,Refunded,4,3187.92,EGP,0.0,28.94,-28.94
2025-05-29,AE235728700,TOKEN,GW-ORION,Success,4,676.27,AED,17.45,9.87,7.58
2025-06-07,AE901159238,CARD,GW-NIMBUS,Success,19,3235.17,AED,85.13,48.21,36.92
2025-06-28,EG758836714,TOKEN,GW-ATLAS,Success,3,3035.06,EGP,93.29,56.96,36.33
2024-08-15,EG134531316,WALLET,GW-NILE,Refunded,1,1063.51,EGP,0.0,7.27,-7.27
2025-08-30,EG856875467,CARD,GW-NILE,Success,83,34353.31,EGP,1192.4,634.97,557.43
2025-03-05,EG991914423,WALLET,GW-NILE,Success,18,12311.37,EGP,280.55,130.84,149.71
2025-11-29,SA189309853,CARD,GW-ORION,Success,1,122.7,SAR,2.97,1.8,1.17
2024-07-14,EG799575469,WALLET,GW-NILE,Success,20,7092.62,EGP,186.25,91.11,95.14
2025-03-20,SA550486234,TOKEN,GW-ORION,Success,7,615.2,SAR,17.8,9.74,8.06
2025-05-15,OM817062602,CARD,GW-NIMBUS,Voided,1,13.19,OMR,0.0,0.01,-0.01
2025-06-13,SA159383546,LDEBIT,GW-NIMBUS,Success,13,421.35,SAR,7.53,4.09,3.44
2025-05-12,SA887395947,BANKTR,GW-NIMBUS,Refunded,1,2194.65,SAR,0.0,0.56,-0.56
2026-02-05,EG166655022,LDEBIT,GW-NILE,Success,9,9334.35,EGP,126.61,53.97,72.64
2025-07-21,EG509980512,WALLET,GW-NILE,Success,5,1429.97,EGP,39.67,20.37,19.3
2026-04-19,SA865281392,CARD,GW-ATLAS,Success,41,15857.67,SAR,410.21,242.58,167.63
2025-03-13,EG482640702,CARD,GW-ATLAS,Refunded,5,10465.87,EGP,0.0,37.05,-37.05
2025-08-19,EG229215706,CARD,GW-NILE,Success,7,3462.65,EGP,122.54,60.42,62.12
2024-12-15,EG873952802,TOKEN,GW-NILE,Refunded,7,11712.12,EGP,0.0,51.47,-51.47
2026-01-26,AE987618927,BNPL,GW-ATLAS,Refunded,1,34.45,AED,0.0,0.55,-0.55
2025-02-25,AE634298413,CARD,GW-ORION,REFUND,1,50.63,AED,0.0,0.55,-0.55
2025-03-30,SA604765470,LDEBIT,GW-NIMBUS,Failed,2,82.58,SAR,0.0,0.11,-0.11
2025-03-03,EG982441707,LDEBIT,GW-NILE,Success,4,2383.6,EGP,39.08,16.57,22.51
2026-05-13,SA729864911,LDEBIT,GW-NIMBUS,Failed,3,738.12,SAR,0.0,0.17,-0.17
2026-06-04,SA652243125,CARD,GW-NIMBUS,Approved,11,1122.3,SAR,31.13,17.83,13.3
2024-11-23,EG877654092,TOKEN,GW-NILE,Success,134,121173.59,EGP,2316.29,1873.36,442.93
2025-08-17,SA200244788,TOKEN,GW-NIMBUS,Success,10,769.13,SAR,22.6,13.21,9.39
2026-04-05,OM377293460,LDEBIT,GW-NIMBUS,Approved,1,17.06,OMR,0.2,0.09,0.11
2025-08-14,EG728979434,LDEBIT,GW-NILE,Success,1,5613.41,EGP,66.73,24.47,42.26
2025-08-29,EG622517179,LDEBIT,GW-NILE,Success,4,1784.75,EGP,30.74,14.15,16.59
2024-12-10,SA320986752,CARD,GW-NIMBUS,Refunded,3,2178.39,SAR,0.0,1.69,-1.69
2024-12-07,AE554805022,CARD,GW-NIMBUS,Refunded,5,5933.04,AED,0.0,2.75,-2.75
2025-04-05,AE561735990,TOKEN,GW-NIMBUS,Success,1,995.12,AED,25.83,14.17,11.66
2026-05-24,OM942971083,LDEBIT,GW-NIMBUS,Success,3,38.44,OMR,0.51,0.22,0.29
2024-08-07,EG331354329,LDEBIT,GW-NILE,Failed,4,1410.26,EGP,0.0,1.55,-1.55
2025-06-06,AE436682771,LDEBIT,GW-NIMBUS,Success,2,383.29,AED,4.88,2.06,2.82
2025-01-14,EG299020051,TOKEN,GW-NILE,Refunded,1,1155.46,EGP,0.0,7.35,-7.35
2025-12-10,EG989134753,WALLET,GW-NILE,Failed,2,14707.18,EGP,0.0,0.81,-0.81
2025-10-14,SA986462340,CARD,GW-ORION,Refunded,3,88.67,SAR,0.0,1.69,-1.69
2025-01-27,EG952454778,CARD,GW-ATLAS,Failed,3,860.21,EGP,0.0,2.94,-2.94
2025-12-13,AE538589512,CARD,GW-ATLAS,Failed,2,447.04,AED,0.0,0.15,-0.15
2025-05-24,EG219821138,LDEBIT,GW-NILE,Success,7,2609.12,EGP,45.56,22.77,22.79
2025-11-16,OM817062602,TOKEN,GW-NIMBUS,Voided,2,26.38,OMR,0.0,0.01,-0.01
2025-04-30,EG911025364,WALLET,GW-NILE,Failed,4,862.66,EGP,0.0,1.59,-1.59
2025-08-11,SA627300378,LDEBIT,GW-NIMBUS,Approved,6,1723.47,SAR,22.31,8.77,13.54
2025-08-31,SA118340145,BNPL,GW-ATLAS,CAPTURED,2,104.99,SAR,5.11,3.78,1.33
2024-12-12,EG259754316,WALLET,GW-NILE,Success,14,5243.15,EGP,126.12,66.49,59.63
2026-05-05,SA772263667,CARD,GW-NIMBUS,Success,27,1218.07,SAR,38.74,23.03,15.71
31/02/2025,OM221133708,LDEBIT,GW-NIMBUS,Success,7,54.92,OMR,0.74,0.37,0.37
2026-02-25,SA700672253,CARD,GW-ORION,Voided,8,345.83,SAR,0.0,0.36,-0.36
2026-06-07,EG389262771,WALLET,GW-NILE,Declined,4,1568.39,EGP,0.0,1.65,-1.65
2026-06-07,SA416884588,LDEBIT,GW-NIMBUS,Refunded,1,146.3,SAR,0.0,0.56,-0.56
2025-08-29,OM486301998,CARD,GW-ATLAS,Failed,1,5.13,OMR,0.0,0.01,-0.01
2025-01-18,SA462175242,TOKEN,GW-ATLAS,Success,4,290.96,SAR,8.59,5.51,3.08
2026-01-23,EG193916126,LDEBIT,GW-NILE,Failed,1,285.27,EGP,0.0,0.4,-0.4
2025-09-30,EG389371308,BNPL,GW-NILE,Failed,1,1501.75,EGP,0.0,0.41,-0.41
2024-08-05,EG449636175,TOKEN,GW-NILE,Success,825,331155.32,EGP,7755.4,6290.7,1464.7
2025-07-25,AE585192811,LDEBIT,GW-NIMBUS,Success,3,317.42,AED,4.16,1.92,2.24
2025-08-23,AE205330599,TOKEN,GW-ORION,Refunded,1,115.42,AED,0.0,0.55,-0.55
2026-01-20,EG150005962,CARD,GW-NILE,Success,15,8923.63,EGP,266.3,148.58,117.72
2024-12-12,SA604765470,LDEBIT,GW-NIMBUS,Failed,2,82.58,SAR,0.0,0.11,-0.11
2026-06-04,EG191085202,CARD,GW-NILE,Success,5,32490.22,EGP,779.17,408.39,370.78
2025-06-12,SA597658531,TOKEN,GW-ATLAS,Voided,4,619.22,SAR,0.0,0.3,-0.3
2025-01-17,AE317795493,CARD,GW-NIMBUS,Refunded,1,274.88,AED,0.0,0.55,-0.55
2026-04-13,AE241754747,CARD,GW-NIMBUS,Success,27,1267.78,AED,41.29,23.56,17.73
2024-12-14,SA508515348,TOKEN,GW-ORION,Success,13,2217.12,SAR,56.4,32.39,24.01
2025-01-29,SA306273888,CARD,GW-NIMBUS,Voided,1,88.58,SAR,0.0,0.06,-0.06
2025-09-28,OM371938797,TOKEN,GW-ATLAS,Voided,3,23.09,OMR,0.0,0.02,-0.02
2025-02-22,EG191889591,CARD,GW-ATLAS,Success,55,71471.5,EGP,1895.84,1241.76,654.08
2026-02-01,EG537272220,TOKEN,GW-ATLAS,Success,2,3372.67,EGP,84.83,58.59,26.24
2025-04-22,AE875103901,CARD,GW-ATLAS,Voided,3,150.68,AED,0.0,0.22,-0.22
2026-05-17,EG987146982,BANKTR,GW-NILE,Failed,6,4653.33,EGP,0.0,2.47,-2.47
2024-07-18,EG987489356,LDEBIT,GW-NILE,Voided,5,1428.26,EGP,0.0,1.92,-1.92
2026-06-07,EG403388419,WALLET,GW-NILE,Failed,5,8218.73,EGP,0.0,2.06,-2.06
2026-01-18,SA110751010,CARD,GW-ORION,Failed,2,155.04,SAR,0.0,0.09,-0.09
2025-03-02,OM141192539,TOKEN,GW-NIMBUS,Failed,2,30.78,OMR,0.0,0.01,-0.01
2026-02-20,EG361515615,WALLET,GW-NILE,Success,19,24372.52,EGP,478.92,231.54,247.38
2025-04-03,SA819868069,CARD,GW-NIMBUS,Success,652,87176.11,SAR,1837.62,1335.8,501.82
2026-06-05,SA732374987,LDEBIT,GW-NIMBUS,Refunded,1,37.19,SAR,0.0,0.56,-0.56
2024-10-24,EG704826709,WALLET,GW-NILE,Success,3,3188.75,EGP,70.16,30.93,39.23
2025-10-17,EG967183698,CARD,GW-NILE,Refunded,27,9309.28,EGP,0.0,203.9,-203.9
2026-01-18,SA580727871,LDEBIT,GW-NIMBUS,Success,13,657.84,SAR,5.78,5.15,0.63
