merchant_key,mid,merchant_name,country_code,segment,vertical,integration_type,account_manager,lifecycle_status,live_date,last_txn_date,gmv_last_3m,gmv_prior_3m,gmv_fy26,revenue_fy26,gp_fy26,leakage_fy26,success_last_3m,failed_last_3m,gmv_change_3m_pct,health_status,success_rate_last_3m,flag_negative_gp,flag_billing_leakage,flag_low_success_rate,flag_declining,flag_inactive,flag_never_transacted,alert_count,as_of_month
1,SA138962665,Bright Labs,SA,SME,Healthcare,Hosted Checkout,Reem Al-Ghamdi,Active,2020-09-16,2026-06-30,73601.2125,85174.6216,313017.7047,7236.099800000001,3552.3577,-0.022499999999922703,1379.0,87.0,-0.13587860894001325,Stable,0.9406548431105047,0,0,0,0,0,0,0,202606
2,AE208762198,Sand Deals,AE,Online,E-commerce,Direct API,Layla Haddad,Active,2020-10-30,2026-06-30,217499.70510000002,209384.09029999998,830208.2009,21317.9765,6834.3532000000005,-0.012799999999742604,3104.0,468.0,0.03875946251872433,Stable,0.8689809630459127,0,0,0,0,0,0,0,202606
3,SA168621990,Crescent Medical,SA,SME,Unclassified,Direct API,Reem Al-Ghamdi,Active,2020-12-28,2026-06-30,286123.4208,259185.061,1012065.3459999999,24843.5706,10974.976999999999,-0.0250000000003181,10224.0,866.0,0.10393484754123246,Stable,0.9219116321009919,0,0,0,0,0,0,0,202606
4,SA865281392,Swift Consulting,SA,SME,Professional Services,Payment Links,Reem Al-Ghamdi,Active,2020-09-14,2026-06-30,333160.8744,313667.7462,1190275.8101,26988.4441,11722.765400000002,0.0321999999996478,3307.0,336.0,0.0621457846276959,Stable,0.9077683228108702,0,0,0,0,0,0,0,202606
5,EG855745273,Coral Mart,EG,SME,Retail,E-commerce Plugin,Hany Soliman,Churned,2020-09-15,2024-10-31,0.0,0.0,0.0,0.0,0.0,0.0,0.0,0.0,,Churned,,0,0,0,0,1,0,1,202606
6,AE901159238,Prime Care,AE,SME,Healthcare,POS Terminal,Layla Haddad,Active,2020-10-20,2026-06-30,160539.2564,151933.8434,630617.5374,14841.5287,6702.410900000001,-0.0162999999995465,2774.0,248.0,0.05663921090539595,Stable,0.9179351422898743,0,0,0,0,0,0,0,202606
7,AE923160667,Silver Advisory,AE,SME,Professional Services,POS Terminal,Yousef Al-Marri,Active,2020-10-01,2026-06-30,62585.6171,60966.11529999999,233567.4582,5055.033300000001,2260.1285,-0.0036999999999238016,603.0,53.0,0.026563965770671515,Stable,0.9192073170731707,0,0,0,0,0,0,0,202606
8,SA311285465,Palm Games,SA,Online,Digital Services,Direct API,Omar Al-Anazi,Live - never transacted,2020-12-20,,0.0,0.0,0.0,0.0,0.0,0.0,0.0,0.0,,Live - never transacted,,0,0,0,0,0,1,1,202606
9,SA829535554,Royal Supply,SA,B2B,Distribution & Wholesale,Direct API,Turki Al-Shammari,Active,2020-12-15,2026-06-28,1307896.1892,1069285.3069,4455974.624600001,26400.5332,9857.129500000001,0.017000000000279902,535.0,26.0,0.22314987474368703,Growing,0.9536541889483066,0,0,0,0,0,0,0,202606
10,SA420885285,Prime Mart,SA,SME,Retail,Direct API,Reem Al-Ghamdi,Active,2021-01-15,2026-06-29,37260.1844,35756.3093,142339.5749,3347.5602000000003,1496.3500999999997,0.0467000000000435,1078.0,79.0,0.04205901362420526,Stable,0.9317199654278306,0,0,0,0,0,0,0,202606
11,SA765577175,Crescent Kitchen,SA,Enterprise,Food & Beverage,Payment Links,Turki Al-Shammari,Active,2020-10-11,2026-06-30,729588.4296,778944.0419999999,2964415.8132999996,43128.87820000001,3703.3519,-0.009100000000671774,32611.0,2000.0,-0.0633622054201422,Stable,0.9422149027765739,0,0,0,0,0,0,0,202606
12,OM267217098,Palm Utilities,OM,Enterprise,Telecom & Utilities,Payment Links,Salim Al-Harthy,Active,2020-10-11,2026-06-30,2306236.1509999996,2304112.4057,9230006.3199,122859.7919,-5551.271999999999,-0.3062999999965541,60695.0,6606.0,0.0009217194850154884,Stable,0.9018439547703601,1,0,0,0,0,0,1,202606
13,SA719959686,Metro Roastery,SA,SME,Food & Beverage,Payment Links,Omar Al-Anazi,Live - never transacted,2020-10-10,,0.0,0.0,0.0,0.0,0.0,0.0,0.0,0.0,,Live - never transacted,,0,0,0,0,0,1,1,202606
14,AE288662037,Coral Cargo,AE,B2B,Logistics,Payment Links,Yousef Al-Marri,Live - never transacted,2020-10-17,,0.0,0.0,0.0,0.0,0.0,0.0,0.0,0.0,,Live - never transacted,,0,0,0,0,0,1,1,202606
15,AE987618927,Oasis Streaming,AE,Online,Digital Services,Hosted Checkout,Yousef Al-Marri,Active,2020-10-31,2026-06-30,429215.0604,403154.40839999996,1566939.9958000001,51398.6927,17731.3942,-0.0284000000006016,38037.0,4672.0,0.06464186291160015,Stable,0.8906085368423518,0,0,0,0,0,0,0,202606
16,SA159383546,Cedar Grill,SA,SME,Food & Beverage,POS Terminal,Reem Al-Ghamdi,Active,2020-11-19,2026-06-30,32636.125399999997,28971.823600000003,117541.0688,3766.9710000000005,1550.0472,0.024900000000115996,4317.0,452.0,0.1264781206247574,Stable,0.9052212203816313,0,0,0,0,0,0,0,202606
17,AE338852002,Palm Stores,AE,SME,Retail,Hosted Checkout,Layla Haddad,Active,2020-10-31,2026-06-30,6616.0707,10003.907799999999,39849.4112,1169.6163999999999,427.9388,-0.007300000000014698,162.0,14.0,-0.3386513718169213,Declining,0.9204545454545454,0,0,0,1,0,0,1,202606
18,SA781674979,Coral Kitchen,SA,SME,Food & Beverage,Hosted Checkout,Omar Al-Anazi,Active,2020-11-05,2026-06-28,103265.816,94287.1649,366097.9886,10494.8122,4479.554,-0.051799999999957005,8267.0,750.0,0.09522665263636539,Stable,0.9168237773095265,0,0,0,0,0,0,0,202606
19,EG772389130,Silver Trading,EG,B2B,Distribution & Wholesale,Payment Links,Hany Soliman,Active,2020-11-01,2026-06-28,234893.2573,259354.4579,1052232.6753,13424.2359,2148.6511,0.0011000000001783795,224.0,33.0,-0.09431571293612227,Stable,0.8715953307392996,0,0,0,0,0,0,0,202606
20,AE970872555,Amber Market,AE,SME,Retail,Hosted Checkout,Yousef Al-Marri,Active,2020-11-21,2026-06-30,88286.6384,84448.8303,343096.6883000001,10281.6415,4059.0767000000005,-0.003500000000372098,2937.0,325.0,0.045445367169283275,Stable,0.9003678724708768,0,0,0,0,0,0,0,202606
21,EG327327982,Silver Grill,EG,SME,Food & Beverage,Payment Links,Nadia Fouad,Active,2020-11-07,2026-06-30,29043.578400000002,28578.9941,115696.35440000001,3953.8853,1952.5381,0.00019999999995000184,4891.0,698.0,0.01625614597821,Stable,0.8751118268026481,0,0,0,0,0,0,0,202606
22,EG943656964,Coral Digital,EG,Online,Digital Services,Direct API,Nadia Fouad,Active,2020-12-24,2026-06-30,6095.3521,7000.6810000000005,31750.0926,1098.0778000000003,343.51220000000006,-0.0030000000000142,857.0,110.0,-0.12932011899985163,Stable,0.8862461220268872,0,0,0,0,0,0,0,202606
23,SA466668047,Golden Cafe,SA,Online,Food & Beverage,E-commerce Plugin,Omar Al-Anazi,Active,2020-11-16,2026-06-30,393329.6703,415212.5492,1596259.2216999999,47209.2606,18400.9277,-0.007600000001730499,33565.0,4338.0,-0.052702836034609936,Stable,0.8855499564678257,0,0,0,0,0,0,0,202606
24,EG416828825,Silver Journeys,EG,Online,Travel & Hospitality,Direct API,Nadia Fouad,Active,2021-02-17,2026-06-30,28114.6752,31719.421800000004,132533.9985,3005.6988,1312.3059,-0.001699999999942702,178.0,48.0,-0.11364477646310696,Stable,0.7876106194690266,0,0,0,0,0,0,0,202606
25,SA786403853,Crescent Market,SA,Enterprise,Retail,Payment Links,Turki Al-Shammari,Onboarding (not live),,,0.0,0.0,0.0,0.0,0.0,0.0,0.0,0.0,,Onboarding (not live),,0,0,0,0,0,0,0,202606
26,AE642488904,Swift Journeys,AE,Enterprise,Travel & Hospitality,E-commerce Plugin,Yousef Al-Marri,Active,2020-11-18,2026-06-30,2399641.9989,1917980.9453000003,9174581.9558,152753.9156,-8773.495700000001,0.0755000000026482,6351.0,765.0,0.2511292173054727,Growing,0.892495784148398,1,0,0,0,0,0,1,202606
27,EG439677893,Metro Online,EG,Online,E-commerce,Direct API,Mai Ragab,Onboarding (not live),,,0.0,0.0,0.0,0.0,0.0,0.0,0.0,0.0,,Onboarding (not live),,0,0,0,0,0,0,0,202606
28,AE519251741,Pearl Online,AE,Online,E-commerce,Direct API,Layla Haddad,Onboarding (not live),,,0.0,0.0,0.0,0.0,0.0,0.0,0.0,0.0,,Onboarding (not live),,0,0,0,0,0,0,0,202606
29,EG542845011,Bright Stores,EG,SME,Retail,Hosted Checkout,Nadia Fouad,Active,2020-12-24,2026-06-29,7525.2080000000005,7140.436699999999,30916.248200000005,900.6120000000001,372.1811,-0.001699999999985109,412.0,60.0,0.0538862419997367,Stable,0.8728813559322034,0,0,0,0,0,0,0,202606
30,AE396175229,Cedar Mart,AE,SME,Retail,POS Terminal,Yousef Al-Marri,Churned,2020-12-21,2025-01-31,0.0,0.0,0.0,0.0,0.0,0.0,0.0,0.0,,Churned,,0,0,0,0,1,0,1,202606
31,AE870997409,Pearl Shop,AE,Online,E-commerce,Direct API,Layla Haddad,Churned,2021-03-04,2025-11-30,0.0,0.0,152428.81399999998,3744.2479,1346.9556,-0.0036999999998669985,0.0,0.0,,Churned,,0,0,0,0,1,0,1,202606
32,EG178731082,Swift Streaming,EG,Online,Digital Services,Direct API,Mai Ragab,Churned,2021-01-08,2026-03-31,0.0,137200.0151,411663.02,12124.7929,5283.2838,-0.001900000000205098,0.0,0.0,-1.0,Churned,,0,0,0,0,1,0,1,202606
33,EG622719015,Cedar Tours,EG,Online,Travel & Hospitality,Direct API,Hany Soliman,Active,2021-03-02,2026-06-30,41176.2277,28359.8402,131756.463,2874.0512,1240.7524,0.00020000000000679782,143.0,20.0,0.4519203003125527,Growing,0.8773006134969326,0,0,0,0,0,0,0,202606
34,AE462770123,Amber Consulting,AE,SME,Professional Services,Payment Links,Yousef Al-Marri,Active,2020-12-07,2026-06-28,58626.4286,60310.5055,233569.198,5106.383699999999,2432.7135999999996,0.011199999999859999,672.0,60.0,-0.02792344196153355,Stable,0.9180327868852459,0,0,0,0,0,0,0,202606
35,SA944601083,Falcon Services,SA,SME,Professional Services,POS Terminal,Reem Al-Ghamdi,Active,2021-01-04,2026-06-30,258799.86680000002,242291.21860000002,932772.9569,19756.0266,8638.3681,-0.0232000000003151,2890.0,278.0,0.06813556139339172,Stable,0.9122474747474747,0,0,0,0,0,0,0,202606
36,EG397022030,Prime Wholesale,EG,B2B,Distribution & Wholesale,Direct API,Karim Ezzat,Active,2021-03-17,2026-06-25,542618.3323,497228.04219999997,1994408.0913999998,11517.902699999997,3963.6605999999997,-0.001699999999914102,373.0,18.0,0.0912866657704368,Stable,0.9539641943734015,0,0,0,0,0,0,0,202606
37,OM939316312,Prime Outlet,OM,SME,Retail,POS Terminal,Salim Al-Harthy,Active,2021-01-09,2026-06-30,61986.5269,60979.9483,248801.01329999996,6037.2170000000015,2606.6182,0.3757000000001082,2886.0,236.0,0.016506714552265385,Stable,0.9244074311338886,0,0,0,0,0,0,0,202606
38,AE861319254,Crescent Deals,AE,Online,E-commerce,Hosted Checkout,Yousef Al-Marri,Active,2020-12-27,2026-06-30,27484.460399999996,33831.826199999996,154430.4265,4456.3162,1514.8408,-0.0093000000001949,460.0,89.0,-0.1876152284088052,Stable,0.8378870673952641,0,0,1,0,0,0,1,202606
39,OM222996492,Golden Traders,OM,B2B,Distribution & Wholesale,Direct API,Salim Al-Harthy,Active,2021-02-10,2026-06-29,1787317.6852000002,1641260.4681,5933553.3421,33563.5887,10697.0629,0.07200000000125331,879.0,42.0,0.08899088227542758,Stable,0.9543973941368078,0,0,0,0,0,0,0,202606
40,EG474829702,Bright Institute,EG,Online,Education,Direct API,Hany Soliman,Active,2021-03-03,2026-06-30,33202.221000000005,47853.504100000006,220311.39429999999,5657.9781,2440.4438,-0.0037000000000373,358.0,53.0,-0.3061694932388452,Declining,0.8710462287104623,0,0,0,1,0,0,1,202606
41,AE204415052,Horizon Market,AE,SME,Retail,Payment Links,Yousef Al-Marri,Churned,2020-12-17,2025-08-31,0.0,0.0,10479.9271,252.1304,117.7859,-0.005600000000001,0.0,0.0,,Churned,,0,0,0,0,1,0,1,202606
42,SA711632487,Pearl Bakery,SA,SME,Food & Beverage,POS Terminal,Reem Al-Ghamdi,Active,2021-01-11,2026-06-30,98909.5389,108708.40269999999,413798.9632,11858.7579,5262.0887,0.019199999999841497,9872.0,810.0,-0.09013897322216834,Stable,0.9241715034637709,0,0,0,0,0,0,0,202606
43,AE667080643,Falcon Basket,AE,Online,E-commerce,Direct API,Layla Haddad,Active,2021-01-15,2026-06-30,67606.88930000001,67475.099,281707.8818,7147.650499999999,3029.0960999999998,0.008100000000012802,1141.0,144.0,0.001953169420322123,Stable,0.8879377431906614,0,0,0,0,0,0,0,202606
44,EG537155658,Urban Kitchen,EG,SME,Food & Beverage,POS Terminal,Nadia Fouad,Active,2021-01-05,2026-06-30,220855.38059999997,244749.85100000002,836694.6925,32081.132599999997,14527.7776,0.0013999999996484758,49081.0,5290.0,-0.09762813052744226,Stable,0.9027054863806073,0,0,0,0,0,0,0,202606
45,AE957433919,Prime Stores,AE,Enterprise,Retail,Direct API,Layla Haddad,Active,2021-01-14,2026-06-30,25272226.398500003,24462952.7734,95031936.422,2032588.1411999997,578136.9151,0.0018999999156222988,605773.0,43413.0,0.03308160027108306,Stable,0.9331270236881264,0,0,0,0,0,0,0,202606
46,EG680139391,Coral Roastery,EG,Online,Food & Beverage,Direct API,Hany Soliman,Active,2021-02-25,2026-06-30,326601.9725,320614.9752,1182865.512,37232.885500000004,16828.8869,-0.0015999999995980289,39931.0,5325.0,0.01867347991548209,Stable,0.8823360438394909,0,0,0,0,0,0,0,202606
47,SA925677957,Silver EdTech,SA,SME,Education,POS Terminal,Omar Al-Anazi,Active,2021-01-19,2026-06-30,67501.9866,82701.4021,328407.2953,6786.3733,2949.2283,0.015500000000087902,381.0,34.0,-0.1837866724631988,Stable,0.9180722891566265,0,0,0,0,0,0,0,202606
48,SA567182035,Royal Academy,SA,SME,Education,POS Terminal,Reem Al-Ghamdi,Onboarding (not live),,,0.0,0.0,0.0,0.0,0.0,0.0,0.0,0.0,,Onboarding (not live),,0,0,0,0,0,0,0,202606
49,OM136025016,Green Express,OM,B2B,Logistics,Payment Links,Salim Al-Harthy,Onboarding (not live),,,0.0,0.0,0.0,0.0,0.0,0.0,0.0,0.0,,Onboarding (not live),,0,0,0,0,0,0,0,202606
50,EG199157533,Metro Boutique,EG,SME,Retail,POS Terminal,Mai Ragab,Active,2021-02-03,2026-06-29,6947.2798,7384.464599999999,28705.035699999997,685.231,293.40920000000006,-0.0007999999999910089,324.0,36.0,-0.05920331719106611,Stable,0.9,0,0,0,0,0,0,0,202606
51,OM501692260,Pearl Schools,OM,Online,Education,Direct API,Salim Al-Harthy,Churned,2021-02-02,2026-03-31,0.0,132173.7067,400550.0386,8297.9464,3139.0419,-0.024399999999787023,0.0,0.0,-1.0,Churned,,0,0,0,0,1,0,1,202606
52,EG290794122,Green Academy,EG,SME,Education,Payment Links,Mai Ragab,Active,2021-01-05,2026-06-30,77017.6348,87757.4795,332816.0898,6646.315100000001,3287.7797000000005,-4.546867439850222e-13,1052.0,116.0,-0.12238096127179679,Stable,0.9006849315068494,0,0,0,0,0,0,0,202606
53,OM861947173,Swift Medical,OM,SME,Healthcare,POS Terminal,Salim Al-Harthy,Active,2021-02-08,2026-06-27,41690.0383,43235.369600000005,169224.52409999998,3730.1444,1633.893,0.18250000000006117,933.0,58.0,-0.03574229419794309,Stable,0.941473259334006,0,0,0,0,0,0,0,202606
54,SA588810791,Coral Telecom,SA,B2B,Telecom & Utilities,Payment Links,Omar Al-Anazi,Active,2021-01-23,2026-06-25,354359.3837,325340.71749999997,1584848.1758000003,22974.730999999996,3210.6198000000004,-0.032800000000179005,10534.0,812.0,0.08919469540421124,Stable,0.9284329279041071,0,0,0,0,0,0,0,202606
55,SA999694215,Royal Care,SA,SME,Healthcare,Payment Links,Turki Al-Shammari,Active,2021-01-21,2026-06-28,207601.5494,195603.93339999998,767135.2431,16967.458800000004,7395.2847,-0.0014000000001029998,4083.0,339.0,0.06133627167642637,Stable,0.923337856173677,0,0,0,0,0,0,0,202606
56,EG991914423,Blue Outlet,EG,SME,Retail,Payment Links,Mai Ragab,Active,2021-01-29,2026-06-26,39019.4681,46722.962400000004,184876.80270000003,4761.5902,2356.8528,-0.0008999999998876003,2699.0,389.0,-0.16487598183628882,Stable,0.8740284974093264,0,0,0,0,0,0,0,202606
57,SA843654782,Oasis Logistics,SA,B2B,Logistics,Direct API,Reem Al-Ghamdi,Active,2021-03-14,2026-06-25,2236294.0159,2313168.4051,9009605.4424,52544.1707,13329.1423,0.014099999998507,2038.0,95.0,-0.033233373337846865,Stable,0.9554617909048289,0,0,0,0,0,0,0,202606
58,OM206534144,Golden Partners,OM,SME,Professional Services,Payment Links,Salim Al-Harthy,Active,2021-01-28,2026-06-30,70933.44589999999,73922.2362,271518.9853,6019.8961,2858.3911000000003,-0.1049000000001,608.0,81.0,-0.040431546090051965,Stable,0.8824383164005806,0,0,0,0,0,0,0,202606
59,AE744794983,Pearl Deals,AE,Online,E-commerce,Direct API,Yousef Al-Marri,Active,2021-05-04,2026-06-30,305588.79480000003,293601.78359999997,1145114.5457,28424.247499999998,11481.718,0.00019999999926760027,7332.0,991.0,0.04082744679893037,Stable,0.8809323561215908,0,0,0,0,0,0,0,202606
60,EG605770113,Horizon Labs,EG,SME,Healthcare,Payment Links,Mai Ragab,Churned,2021-02-05,2025-04-29,0.0,0.0,0.0,0.0,0.0,0.0,0.0,0.0,,Churned,,0,0,0,0,1,0,1,202606
61,EG989134753,Zenith Travel,EG,Enterprise,Travel & Hospitality,E-commerce Plugin,Mai Ragab,Active,2021-02-11,2026-06-30,1367845.5191000002,1107371.1428,5291754.6931,80267.762,20728.076499999996,0.0032999999984892,9450.0,1172.0,0.2352186780318185,Growing,0.8896629636603276,0,0,0,0,0,0,0,202606
62,AE901367882,Oasis Online,AE,Enterprise,E-commerce,POS Terminal,Layla Haddad,Live - never transacted,2021-03-14,,0.0,0.0,0.0,0.0,0.0,0.0,0.0,0.0,,Live - never transacted,,0,0,0,0,0,1,1,202606
63,SA502327003,Bright Pharmacy,SA,SME,Healthcare,Direct API,Omar Al-Anazi,Active,2021-04-19,2026-06-30,49337.8989,48205.3679,205073.8701,5302.9576,2293.3190999999997,-0.0644000000000345,1016.0,118.0,0.02349387732813056,Stable,0.8959435626102292,0,0,0,0,0,0,0,202606
64,EG559913630,Swift Institute,EG,Online,Education,Hosted Checkout,Mai Ragab,Active,2021-03-20,2026-06-30,15851.4781,21161.2674,83725.47949999999,2026.7506,792.5634,0.0021999999999736,188.0,26.0,-0.25092019299373347,Declining,0.8785046728971962,0,0,0,1,0,0,1,202606
65,EG270479119,Coral Stores,EG,SME,Retail,Hosted Checkout,Karim Ezzat,Live - never transacted,2021-03-04,,0.0,0.0,0.0,0.0,0.0,0.0,0.0,0.0,,Live - never transacted,,0,0,0,0,0,1,1,202606
66,EG952454778,Oasis Grill,EG,SME,Food & Beverage,Direct API,Nadia Fouad,Active,2021-04-20,2026-06-30,51454.2963,51560.605299999996,187099.88940000001,6722.5902,2550.1149,-0.005000000000222598,8737.0,1152.0,-0.002061826066266019,Stable,0.8835069268884619,0,0,0,0,0,0,0,202606
67,SA624172387,Oasis Roastery,SA,SME,Food & Beverage,POS Terminal,Turki Al-Shammari,Active,2021-03-15,2026-06-30,28742.8992,30373.8802,120665.11849999998,3305.6135000000004,1386.364,-0.035399999999896,2616.0,247.0,-0.05369682731546428,Stable,0.9137268599371289,0,0,0,0,0,0,0,202606
68,SA951904107,Green Cart,SA,Online,E-commerce,E-commerce Plugin,Turki Al-Shammari,Churned,2021-02-24,2025-06-30,0.0,0.0,0.0,0.0,-5.2453,0.0,0.0,0.0,,Churned,,0,0,0,0,1,0,1,202606
69,AE551105480,Silver Partners,AE,SME,Professional Services,Payment Links,Yousef Al-Marri,Active,2021-02-19,2026-06-30,37946.309700000005,33535.4115,139174.81309999997,2934.906,1283.0113,0.0098000000000125,425.0,35.0,0.1315295683787868,Stable,0.9239130434782609,0,0,0,0,0,0,0,202606
70,AE405837168,Coral Shop,AE,Online,E-commerce,Direct API,Yousef Al-Marri,Onboarding (not live),,,0.0,0.0,0.0,0.0,0.0,0.0,0.0,0.0,,Onboarding (not live),,0,0,0,0,0,0,0,202606
71,SA184014126,Oasis Cafe,SA,Online,Food & Beverage,Direct API,Turki Al-Shammari,Active,2021-04-23,2026-06-30,88416.8775,91424.16519999999,353661.5115,9592.4839,3487.5193000000004,-0.006899999999973198,5801.0,672.0,-0.03289379447349864,Stable,0.8961841495442607,0,0,0,0,0,0,0,202606
72,AE634747251,Amber Academy,AE,Online,Education,Direct API,Yousef Al-Marri,Live - never transacted,2021-06-13,,0.0,0.0,0.0,0.0,0.0,0.0,0.0,0.0,,Live - never transacted,,0,0,0,0,0,1,1,202606
73,EG312940892,Nova Consulting,EG,SME,Professional Services,POS Terminal,Mai Ragab,Live - never transacted,2021-03-05,,0.0,0.0,0.0,0.0,0.0,0.0,0.0,0.0,,Live - never transacted,,0,0,0,0,0,1,1,202606
74,OM869288062,Sand Stays,OM,Online,Travel & Hospitality,Direct API,Salim Al-Harthy,Active,2021-04-25,2026-06-28,9018.3616,11672.1197,61291.417799999996,1216.1770000000001,422.1857,-0.07849999999999091,20.0,5.0,-0.22735871188846696,Stable,0.8,0,0,0,0,0,0,0,202606
75,EG161643120,Horizon Stores,EG,SME,Retail,POS Terminal,Mai Ragab,Active,2021-03-08,2026-06-30,17833.2285,19517.910900000003,74387.49260000001,1814.5320000000004,853.5133999999999,0.002500000000082822,1050.0,99.0,-0.08631468852539957,Stable,0.9138381201044387,0,0,0,0,0,0,0,202606
76,SA435110503,Swift Partners,SA,B2B,Professional Services,Payment Links,Reem Al-Ghamdi,Active,2021-03-02,2026-06-29,1156633.4933,929470.04,4252563.744200001,37134.7172,8462.3608,-0.006400000001576499,11893.0,442.0,0.24440104954862227,Growing,0.964167004458857,0,0,0,0,0,0,0,202606
77,EG544762327,Silver Market,EG,SME,Retail,POS Terminal,Karim Ezzat,Live - never transacted,2021-03-22,,0.0,0.0,0.0,0.0,0.0,0.0,0.0,0.0,,Live - never transacted,,0,0,0,0,0,1,1,202606
78,EG629727686,Prime Cafe,EG,SME,Food & Beverage,Payment Links,Hany Soliman,Active,2021-03-05,2026-06-29,6778.858499999999,9244.670399999999,34332.693799999994,1054.0102,503.24760000000003,-0.001199999999940309,971.0,106.0,-0.26672794089013707,Declining,0.9015784586815228,0,0,0,1,0,0,1,202606
79,SA147303844,Urban Deals,SA,Online,E-commerce,Direct API,Omar Al-Anazi,Active,2021-05-14,2026-06-30,230722.26929999999,230520.77070000002,943126.7797000001,24889.131,11251.1516,-0.012499999999136197,5111.0,617.0,0.0008741017106098136,Stable,0.8922835195530726,0,0,0,0,0,0,0,202606
80,EG893131097,Nova Boutique,EG,SME,Retail,Direct API,Karim Ezzat,Onboarding (not live),,,0.0,0.0,0.0,0.0,0.0,0.0,0.0,0.0,,Onboarding (not live),,0,0,0,0,0,0,0,202606
81,AE836534480,Green Services,AE,SME,Professional Services,E-commerce Plugin,Layla Haddad,Active,2021-03-25,2026-06-30,81837.6097,88659.3474,344601.9429,9626.9897,3743.7150000000006,-0.002300000000104801,831.0,108.0,-0.07694324287345249,Stable,0.8849840255591054,0,0,0,0,0,0,0,202606
82,EG460895383,Amber Services,EG,SME,Professional Services,Hosted Checkout,Hany Soliman,Onboarding (not live),,,0.0,0.0,0.0,0.0,0.0,0.0,0.0,0.0,,Onboarding (not live),,0,0,0,0,0,0,0,202606
83,SA407055199,Urban Outlet,SA,SME,Retail,Hosted Checkout,Reem Al-Ghamdi,Active,2021-03-30,2026-06-30,322225.9362,342773.7811,1296484.301,29510.103200000005,12599.521499999999,0.018699999999625704,11463.0,992.0,-0.05994578941848952,Stable,0.9203532717784022,0,0,0,0,0,0,0,202606
84,EG892567447,Bright Boutique,EG,SME,Retail,Payment Links,Mai Ragab,Live - never transacted,2021-03-24,,0.0,0.0,0.0,0.0,0.0,0.0,0.0,0.0,,Live - never transacted,,0,0,0,0,0,1,1,202606
85,EG899270559,Silver Telecom,EG,B2B,Telecom & Utilities,Payment Links,Nadia Fouad,Live - never transacted,2021-03-21,,0.0,0.0,0.0,0.0,0.0,0.0,0.0,0.0,,Live - never transacted,,0,0,0,0,0,1,1,202606
86,EG849029255,Prime Bakery,EG,SME,Unclassified,POS Terminal,Nadia Fouad,Active,2021-04-09,2026-06-30,142346.39179999998,168726.8184,577971.1788999999,18092.789900000003,8801.0424,-0.0012000000006079999,18060.0,1574.0,-0.15634993209828704,Stable,0.9198329428542324,0,0,0,0,0,0,0,202606
87,AE201167720,Zenith Logistics,AE,B2B,Logistics,Direct API,Layla Haddad,Active,2021-05-09,2026-06-30,361900.73230000003,402424.58869999996,1409121.1056,8311.607600000001,3071.1366,0.006200000000319701,270.0,9.0,-0.10069925530870011,Stable,0.967741935483871,0,0,0,0,0,0,0,202606
88,OM194734403,Prime Medical,OM,SME,Healthcare,POS Terminal,Salim Al-Harthy,Active,2021-04-22,2026-06-30,10199.9483,9921.8724,39922.9649,494.90229999999997,-8.868599999999995,329.5907,122.0,5.0,0.028026554745856216,Stable,0.9606299212598425,0,1,0,0,0,0,1,202606
89,AE984737156,Prime Consulting,AE,SME,Professional Services,Payment Links,Layla Haddad,Active,2021-03-31,2026-06-30,34782.4563,32613.9415,131809.7379,2868.7937,1274.5251999999998,0.007799999999889399,479.0,49.0,0.06649042404150989,Stable,0.9071969696969697,0,0,0,0,0,0,0,202606
90,EG179674340,Pearl Mart,EG,SME,Retail,Payment Links,Karim Ezzat,Onboarding (not live),,,0.0,0.0,0.0,0.0,0.0,0.0,0.0,0.0,,Onboarding (not live),,0,0,0,0,0,0,0,202606
91,OM107384993,Nova Stores,OM,Enterprise,Retail,Hosted Checkout,Salim Al-Harthy,Active,2021-04-14,2026-06-30,197905.9823,207546.3195,826204.4735000001,13479.479700000002,2080.4084000000003,0.035399999999981314,3781.0,275.0,-0.046449087717982916,Stable,0.9321992110453649,0,0,0,0,0,0,0,202606
92,AE535684565,Prime Grill,AE,SME,Food & Beverage,Payment Links,Yousef Al-Marri,Live - never transacted,2021-04-06,,0.0,0.0,0.0,0.0,0.0,0.0,0.0,0.0,,Live - never transacted,,0,0,0,0,0,1,1,202606
93,AE779021046,Nova Travel,AE,Online,Travel & Hospitality,Direct API,Layla Haddad,Active,2021-05-01,2026-06-30,859051.2519,728363.3758,3368160.2157,81156.4817,37176.572100000005,0.003399999998691699,1661.0,175.0,0.17942675379093379,Stable,0.9046840958605664,0,0,0,0,0,0,0,202606
94,OM730950792,Silver Shop,OM,Online,E-commerce,Direct API,Salim Al-Harthy,Active,2021-06-20,2026-06-30,11314.485700000001,13956.0989,60378.82979999999,1454.5647,511.4212,-0.08249999999993891,255.0,24.0,-0.18928020064403525,Stable,0.9139784946236559,0,0,0,0,0,0,0,202606
95,AE798073466,Amber Cart,AE,Online,E-commerce,Hosted Checkout,Yousef Al-Marri,Active,2021-04-20,2026-06-30,96458.4065,114972.64520000001,484662.3988,13018.5438,4761.0446,0.0314999999999371,1356.0,211.0,-0.16103168425666536,Stable,0.8653477983407786,0,0,0,0,0,0,0,202606
96,EG555612612,Swift Deals,EG,Online,E-commerce,E-commerce Plugin,Karim Ezzat,Live - never transacted,2021-04-25,,0.0,0.0,0.0,0.0,0.0,0.0,0.0,0.0,,Live - never transacted,,0,0,0,0,0,1,1,202606
97,AE572051786,Blue Cafe,AE,SME,Food & Beverage,POS Terminal,Layla Haddad,Active,2021-05-11,2026-06-30,53199.042199999996,55818.5349,226571.25129999997,6669.1872,2669.1392,0.0023999999999657993,4502.0,412.0,-0.04692872546176418,Stable,0.9161579161579162,0,0,0,0,0,0,0,202606
98,SA576895050,Urban Mart,SA,SME,Retail,Payment Links,Reem Al-Ghamdi,Active,2021-04-12,2026-05-31,15549.0831,24363.4583,88576.6726,2048.6934,975.2274000000001,-0.001399999999989499,331.0,30.0,-0.36178670086422005,Declining,0.9168975069252078,0,0,0,1,0,0,1,202606
99,EG867607945,Blue Medical,EG,SME,Healthcare,POS Terminal,Nadia Fouad,Active,2021-04-26,2026-06-30,28937.6093,26674.077600000004,112399.9687,2580.4995000000004,1306.0842999999998,0.0016999999999142978,1084.0,116.0,0.08485885562543297,Stable,0.9033333333333333,0,0,0,0,0,0,0,202606
100,SA206829187,Green Partners,SA,SME,Professional Services,POS Terminal,Omar Al-Anazi,Active,2021-04-26,2026-06-30,27117.008,27774.7223,107856.0509,2301.6183,1093.2223000000001,0.023399999999952296,406.0,23.0,-0.023680319568847665,Stable,0.9463869463869464,0,0,0,0,0,0,0,202606
101,EG216145371,Green Consulting,EG,SME,Professional Services,POS Terminal,Hany Soliman,Active,2021-04-24,2026-06-30,15429.622200000002,16976.692,62180.8608,1321.722,657.5802000000001,0.0036000000000199,244.0,22.0,-0.0911290491692962,Stable,0.9172932330827067,0,0,0,0,0,0,0,202606
102,SA859807984,Palm Tours,SA,Online,Travel & Hospitality,Direct API,Turki Al-Shammari,Active,2021-06-19,2026-06-30,95664.77679999999,80452.52249999999,479947.79250000004,11085.676999999998,4453.2016,-0.0063000000000104,239.0,21.0,0.18908362133704387,Stable,0.9192307692307692,0,0,0,0,0,0,0,202606
103,SA526087400,Crescent Online,SA,Online,E-commerce,Direct API,Reem Al-Ghamdi,Onboarding (not live),,,0.0,0.0,0.0,0.0,0.0,0.0,0.0,0.0,,Onboarding (not live),,0,0,0,0,0,0,0,202606
104,AE779615691,Coral Learning,AE,Online,Education,Direct API,Layla Haddad,Onboarding (not live),,,0.0,0.0,0.0,0.0,0.0,0.0,0.0,0.0,,Onboarding (not live),,0,0,0,0,0,0,0,202606
105,EG934737958,Urban Apps,EG,Online,Digital Services,E-commerce Plugin,Karim Ezzat,Active,2021-05-12,2026-06-30,57856.504799999995,54213.10800000001,212443.2267,7404.1612000000005,2584.1995,-0.002999999999928698,9955.0,1530.0,0.06720508995721085,Stable,0.8667827601218981,0,0,0,0,0,0,0,202606
106,EG299020051,Horizon Pharmacy,EG,SME,Healthcare,POS Terminal,Karim Ezzat,Active,2021-05-27,2026-06-30,6726.965099999999,7703.000599999999,31317.5637,682.4252,286.5478,0.0030999999999961,270.0,20.0,-0.1267084803290811,Stable,0.9310344827586207,0,0,0,0,0,0,0,202606
107,OM528658283,Prime Partners,OM,SME,Professional Services,Payment Links,Salim Al-Harthy,Dormant,2021-05-04,2026-04-30,6716.1767,19688.7125,66864.21299999999,1376.7743,500.6758,0.1364999999999694,106.0,10.0,-0.6588818745766134,Dormant,0.9137931034482759,0,0,0,0,1,0,1,202606
108,EG181564804,Sand Cafe,EG,Enterprise,Food & Beverage,Payment Links,Mai Ragab,Active,2021-05-10,2026-06-30,28008863.166699998,27361004.5854,100534860.7386,1948425.9822000002,270023.7643,-0.0005000001110599999,2857816.0,384253.0,0.023678172315562535,Stable,0.8814790801799715,0,0,0,0,0,0,0,202606
109,SA976443961,Oasis Supply,SA,B2B,Distribution & Wholesale,Payment Links,Omar Al-Anazi,Active,2021-05-10,2026-06-30,240221.1224,237133.7706,989759.058,5210.2215,1210.3601,-0.0169000000000207,64.0,2.0,0.013019452236551264,Stable,0.9696969696969697,0,0,0,0,0,0,0,202606
110,EG856516161,Sand Boutique,EG,SME,Retail,Direct API,Mai Ragab,Live - never transacted,2021-07-28,,0.0,0.0,0.0,0.0,0.0,0.0,0.0,0.0,,Live - never transacted,,0,0,0,0,0,1,1,202606
111,SA572424588,Silver Bakery,SA,SME,Food & Beverage,Payment Links,Reem Al-Ghamdi,Live - never transacted,2021-05-10,,0.0,0.0,0.0,0.0,0.0,0.0,0.0,0.0,,Live - never transacted,,0,0,0,0,0,1,1,202606
112,SA694571512,Urban Institute,SA,SME,Education,POS Terminal,Omar Al-Anazi,Churned,2021-05-29,2024-11-30,0.0,0.0,0.0,0.0,0.0,0.0,0.0,0.0,,Churned,,0,0,0,0,1,0,1,202606
113,OM618125464,Amber Basket,OM,Online,E-commerce,Direct API,Salim Al-Harthy,Live - never transacted,2021-07-29,,0.0,0.0,0.0,0.0,0.0,0.0,0.0,0.0,,Live - never transacted,,0,0,0,0,0,1,1,202606
114,SA710370541,Prime Learning,SA,Enterprise,Education,POS Terminal,Turki Al-Shammari,Active,2021-06-05,2026-06-30,3613808.4849,6824563.740700001,31786903.611899998,399857.18960000004,62710.8539,-0.0415999999913765,21545.0,727.0,-0.4704704033536759,Declining,0.9673581178160919,0,0,0,1,0,0,1,202606
115,AE808885338,Blue Mart,AE,SME,Retail,POS Terminal,Layla Haddad,Active,2021-05-31,2026-06-29,9961.7511,13987.0629,52953.94960000001,1271.8175,598.9858,0.0274000000000001,161.0,19.0,-0.2877882103468628,Declining,0.8944444444444445,0,0,0,1,0,0,1,202606
116,EG544329487,Bright Academy,EG,Online,Education,Direct API,Mai Ragab,Active,2021-07-09,2026-06-29,7689.7275,12252.0985,41676.7794,989.5952,443.19130000000007,0.0019999999999879997,81.0,18.0,-0.3723746589206739,Declining,0.8181818181818182,0,0,0,1,0,0,1,202606
117,EG135986426,Horizon Supply,EG,B2B,Distribution & Wholesale,Direct API,Karim Ezzat,Active,2021-07-10,2026-06-30,43350.9688,64132.9107,239326.89090000003,1493.8253,368.2394,-0.0002999999999460088,38.0,2.0,-0.324044888547371,Declining,0.95,0,0,0,1,0,0,1,202606
118,SA698801738,Palm Kitchen,SA,SME,Food & Beverage,POS Terminal,Turki Al-Shammari,Live - never transacted,2021-06-19,,0.0,0.0,0.0,0.0,0.0,0.0,0.0,0.0,,Live - never transacted,,0,0,0,0,0,1,1,202606
119,EG867935936,Palm Academy,EG,Online,Education,Direct API,Karim Ezzat,Active,2021-08-29,2026-06-12,1014.7298999999999,3437.9646000000002,10586.9053,243.94879999999995,107.4654,-0.0005000000000129384,10.0,6.0,-0.7048457392493221,Stable,0.625,0,0,0,0,0,0,0,202606
120,SA267227056,Metro Deals,SA,Enterprise,E-commerce,POS Terminal,Reem Al-Ghamdi,Active,2021-06-23,2026-06-30,6860535.277799999,7026547.106799999,28600612.5741,431209.1163,113795.94699999999,0.0402000000067345,89629.0,5719.0,-0.0236263738756324,Stable,0.9400197172462977,0,0,0,0,0,0,0,202606
121,SA390995470,Coral Pharmacy,SA,SME,Healthcare,Payment Links,Turki Al-Shammari,Active,2021-06-05,2026-06-30,6060.7415,6345.4533,26818.0933,607.0301000000001,245.429,0.0094000000000136,109.0,14.0,-0.044868630583097986,Stable,0.8861788617886179,0,0,0,0,0,0,0,202606
122,AE282120405,Royal Bakery,AE,SME,Food & Beverage,POS Terminal,Yousef Al-Marri,Active,2021-06-22,2026-06-30,73517.0918,66252.925,264985.83230000007,7959.6927000000005,3295.2058000000006,0.014900000000124997,6622.0,597.0,0.10964295991459987,Stable,0.9173015653137554,0,0,0,0,0,0,0,202606
123,EG918104848,Prime Digital,EG,Online,Digital Services,Hosted Checkout,Mai Ragab,Churned,2021-07-05,2025-01-31,0.0,0.0,0.0,0.0,0.0,0.0,0.0,0.0,,Churned,,0,0,0,0,1,0,1,202606
124,AE588030458,Palm Market,AE,SME,Retail,POS Terminal,Yousef Al-Marri,Active,2021-06-23,2026-06-30,77033.234,75811.4936,302417.4572,7469.549999999998,3051.8844,-0.001999999999725097,2707.0,186.0,0.016115503625956727,Stable,0.9357068786726581,0,0,0,0,0,0,0,202606
125,SA189353734,Zenith Bakery,SA,Online,Food & Beverage,Direct API,Turki Al-Shammari,Active,2021-08-06,2026-06-30,66789.5843,78922.3627,304951.4402,9779.7271,4011.2547999999997,-0.015200000000163402,6400.0,667.0,-0.1537305522152088,Stable,0.9056176595443611,0,0,0,0,0,0,0,202606
126,OM780225802,Nova Cafe,OM,SME,Food & Beverage,POS Terminal,Salim Al-Harthy,Active,2021-07-14,2026-06-29,44912.9773,49266.1122,176764.161,4951.0015,2212.5217,0.25550000000004053,3474.0,385.0,-0.08835961892686155,Stable,0.9002332210417207,0,0,0,0,0,0,0,202606
127,EG100648072,Horizon Advisory,EG,SME,Professional Services,Hosted Checkout,Karim Ezzat,Active,2021-07-13,2026-06-30,22289.3741,17694.0631,83639.13539999998,2018.9365000000003,922.5775,0.0006999999999948,496.0,66.0,0.2597092015569901,Growing,0.8825622775800712,0,0,0,0,0,0,0,202606
128,EG704826709,Blue Stores,EG,SME,Retail,POS Terminal,Hany Soliman,Churned,2021-07-24,2025-02-28,0.0,0.0,0.0,0.0,0.0,0.0,0.0,0.0,,Churned,,0,0,0,0,1,0,1,202606
129,AE348507314,Crescent Journeys,AE,Online,Travel & Hospitality,Hosted Checkout,Layla Haddad,Active,2021-07-10,2026-06-30,225811.49940000003,180209.9848,851007.2904999999,22307.830799999996,7255.994299999999,0.0014000000007856955,454.0,68.0,0.25304654817328426,Growing,0.8697318007662835,0,0,0,0,0,0,0,202606
130,EG344164016,Palm Cafe,EG,SME,Food & Beverage,POS Terminal,Nadia Fouad,Active,2021-07-26,2026-06-30,73794.0923,73632.4409,282638.9776,9010.6092,3601.5191999999997,-0.0017000000000279001,11085.0,976.0,0.002195382877766347,Stable,0.9190780200646712,0,0,0,0,0,0,0,202606
131,SA124881724,Prime Power,SA,Enterprise,Telecom & Utilities,POS Terminal,Reem Al-Ghamdi,Active,2021-07-24,2026-06-30,566906.2401,570404.4844,2274508.6267999997,38468.5536,8985.6848,-0.014400000000932901,18231.0,1479.0,-0.006132918649262822,Stable,0.9249619482496195,0,0,0,0,0,0,0,202606
132,SA674924548,Royal Kitchen,SA,SME,Food & Beverage,Payment Links,Turki Al-Shammari,Churned,2021-06-28,2025-12-31,0.0,0.0,119242.4588,3353.0906,1591.8485,0.0019000000000345008,0.0,0.0,,Churned,,0,0,0,0,1,0,1,202606
133,EG386547356,Golden Supply,EG,B2B,Distribution & Wholesale,Direct API,Nadia Fouad,Active,2021-09-25,2026-06-21,103125.8319,148087.6599,605520.0321,3327.1556,1329.2299,-0.000600000000019898,53.0,1.0,-0.30361630422387403,Declining,0.9814814814814815,0,0,0,1,0,0,1,202606
134,AE603567666,Prime Deals,AE,Online,E-commerce,Direct API,Layla Haddad,Churned,2021-08-16,2025-12-31,0.0,0.0,88167.047,2445.1741,749.4975000000001,0.0028999999997834994,0.0,0.0,,Churned,,0,0,0,0,1,0,1,202606
135,SA139966565,Sand Grill,SA,SME,Food & Beverage,Payment Links,Reem Al-Ghamdi,Active,2021-07-09,2026-06-29,191696.93329999998,214008.02639999997,785481.5358999999,24153.2834,9776.141800000001,0.006399999999757797,17255.0,1756.0,-0.1042535342029583,Stable,0.9076324233338593,0,0,0,0,0,0,0,202606
136,EG280455389,Crescent Cart,EG,Online,E-commerce,Direct API,Karim Ezzat,Active,2021-09-03,2026-06-30,13579.768499999998,15126.347600000001,59257.79580000001,1486.7440000000001,592.7801,-0.0015000000000071109,437.0,41.0,-0.102244053944655,Stable,0.9142259414225942,0,0,0,0,0,0,0,202606
137,SA895143129,Pearl Medical,SA,SME,Healthcare,Payment Links,Turki Al-Shammari,Live - never transacted,2021-07-28,,0.0,0.0,0.0,0.0,0.0,0.0,0.0,0.0,,Live - never transacted,,0,0,0,0,0,1,1,202606
138,OM454436104,Nova EdTech,OM,SME,Education,POS Terminal,Salim Al-Harthy,Active,2021-08-23,2026-06-25,11054.2003,12001.8467,47520.4423,968.7647000000001,443.9017,-0.1164999999999806,53.0,5.0,-0.07895838229628442,Stable,0.9137931034482759,0,0,0,0,0,0,0,202606
139,EG679079810,Crescent Bakery,EG,SME,Food & Beverage,Payment Links,Mai Ragab,Active,2021-07-27,2026-06-30,1734.4039000000002,2343.6372,9790.334,310.33770000000004,154.01389999999998,-0.002900000000010733,239.0,42.0,-0.2599520523057066,Stable,0.8505338078291815,0,0,0,0,0,0,0,202606
140,EG497915590,Sand Institute,EG,Online,Education,Direct API,Mai Ragab,Active,2021-10-08,2026-06-30,8419.5559,13226.7945,49164.342300000004,1249.4819999999997,481.72290000000004,-0.0003000000000242999,101.0,12.0,-0.36344698634276057,Declining,0.8938053097345132,0,0,0,1,0,0,1,202606
141,SA887297988,Falcon Stores,SA,SME,Retail,POS Terminal,Omar Al-Anazi,Churned,2021-08-13,2024-09-29,0.0,0.0,0.0,0.0,0.0,0.0,0.0,0.0,,Churned,,0,0,0,0,1,0,1,202606
142,SA423374323,Royal Mart,SA,SME,Retail,Payment Links,Reem Al-Ghamdi,Active,2021-07-27,2026-06-30,97608.35209999999,87018.0058,365052.39450000005,7155.712600000001,2000.0869999999998,2326.7783000000004,4214.0,456.0,0.12170293036064946,Stable,0.902355460385439,0,1,0,0,0,0,1,202606
143,SA912413819,Prime Cloud,SA,Online,Digital Services,Direct API,Reem Al-Ghamdi,Active,2021-08-31,2026-06-30,227217.12,271614.0611,1197657.3975,38881.1342,13691.523799999999,0.0033999999991465,25549.0,2862.0,-0.163455974702482,Stable,0.899264369434374,0,0,0,0,0,0,0,202606
144,EG511884968,Zenith Services,EG,SME,Professional Services,Hosted Checkout,Hany Soliman,Active,2021-08-30,2026-06-29,35472.779,44154.2261,166635.5784,3882.1684000000005,1396.3089,-0.0008000000000266435,844.0,112.0,-0.19661644800065917,Stable,0.8828451882845189,0,0,0,0,0,0,0,202606
145,AE783290352,Falcon Kitchen,AE,SME,Food & Beverage,Hosted Checkout,Yousef Al-Marri,Active,2021-09-11,2026-06-30,7397.8593,8522.0722,38384.0294,1322.8226,548.8738000000001,-0.013600000000053396,482.0,58.0,-0.13191778638064114,Stable,0.8925925925925926,0,0,0,0,0,0,0,202606
146,SA775621648,Silver Cafe,SA,SME,Food & Beverage,POS Terminal,Omar Al-Anazi,Churned,2021-09-01,2026-03-31,0.0,16561.8084,49483.8084,1314.9424000000001,478.89110000000005,-0.0179999999999721,0.0,0.0,-1.0,Churned,,0,0,0,0,1,0,1,202606
147,AE554805022,Oasis Journeys,AE,Online,Travel & Hospitality,Direct API,Yousef Al-Marri,Active,2021-09-18,2026-06-30,961931.287,807607.9952,3796121.3700999995,87550.9118,35402.9729,-0.0093999999980953,3562.0,435.0,0.1910868796708515,Stable,0.8911683762822117,0,0,0,0,0,0,0,202606
148,SA520439829,Sand Services,SA,B2B,Professional Services,Payment Links,Reem Al-Ghamdi,Active,2021-08-12,2026-06-30,164242.477,159667.5203,650651.0506999999,5855.7175,1192.767,-0.0008999999999446009,1741.0,118.0,0.028653020297453757,Stable,0.9365250134480904,0,0,0,0,0,0,0,202606
149,EG875100630,Amber Boutique,EG,SME,Retail,Direct API,Hany Soliman,Active,2021-11-21,2026-06-30,3734.9413,3860.6257000000005,14621.714600000001,364.876,145.4124,0.0008000000000087668,165.0,17.0,-0.032555448201052106,Stable,0.9065934065934066,0,0,0,0,0,0,0,202606
150,SA900572493,Royal Legal,SA,SME,Professional Services,E-commerce Plugin,Omar Al-Anazi,Active,2021-08-24,2026-06-30,510221.6237,429453.3094,1686431.3568000002,36888.4381,15959.311899999997,-0.006900000001223575,5244.0,547.0,0.18807239933217282,Stable,0.905543084096011,0,0,0,0,0,0,0,202606
151,AE427050210,Silver Consulting,AE,SME,Professional Services,Payment Links,Yousef Al-Marri,Live - never transacted,2021-08-24,,0.0,0.0,0.0,0.0,0.0,0.0,0.0,0.0,,Live - never transacted,,0,0,0,0,0,1,1,202606
152,AE389283318,Horizon Power,AE,Enterprise,Telecom & Utilities,Payment Links,Layla Haddad,Active,2021-09-04,2026-06-30,2953299.8363,2968145.7262999997,11838258.376999998,211947.7295,57983.8924,-0.022699999994074297,114540.0,4982.0,-0.005001738920179671,Stable,0.9583172972339821,0,0,0,0,0,0,0,202606
153,SA517497912,Zenith Grill,SA,SME,Food & Beverage,POS Terminal,Reem Al-Ghamdi,Active,2021-09-22,2026-06-30,55189.864199999996,59084.4162,207427.1307,5460.462399999999,2186.4703000000004,-0.012299999999925102,4327.0,365.0,-0.0659150458018743,Stable,0.9222080136402387,0,0,0,0,0,0,0,202606
154,SA320986752,Urban EdTech,SA,Enterprise,Education,POS Terminal,Turki Al-Shammari,Active,2021-09-09,2026-06-30,4133942.8748000003,6049468.392,25890513.396800004,354616.00870000006,72640.0036,-0.024700000010852697,18007.0,911.0,-0.3166436111531963,Declining,0.9518448038904747,0,0,0,1,0,0,1,202606
155,EG588041363,Golden EdTech,EG,SME,Education,POS Terminal,Hany Soliman,Onboarding (not live),,,0.0,0.0,0.0,0.0,0.0,0.0,0.0,0.0,,Onboarding (not live),,0,0,0,0,0,0,0,202606
156,SA779341840,Falcon Online,SA,Online,E-commerce,Hosted Checkout,Turki Al-Shammari,Active,2021-10-17,2026-06-30,730190.0406,744534.5818,3063234.4211,75764.0717,26485.251,0.0190000000002326,16098.0,2022.0,-0.019266453903753505,Stable,0.8884105960264901,0,0,0,0,0,0,0,202606
157,EG447972836,Cedar Stores,EG,SME,Retail,POS Terminal,Karim Ezzat,Active,2021-09-21,2026-06-30,9706.0335,12628.987000000001,46810.10829999999,1090.772,528.9073,0.0012999999999718,411.0,41.0,-0.23144797757729904,Stable,0.9092920353982301,0,0,0,0,0,0,0,202606
158,AE561735990,Cedar Institute,AE,SME,Education,E-commerce Plugin,Layla Haddad,Active,2021-10-06,2026-06-28,56225.503,73254.2574,260400.85460000002,6667.074800000001,3044.2583,0.0007999999998560998,235.0,31.0,-0.23246095181902704,Stable,0.8834586466165414,0,0,0,0,0,0,0,202606
159,EG676342880,Swift Boutique,EG,SME,Retail,Payment Links,Karim Ezzat,Active,2021-09-16,2026-06-28,341881.7792,333069.0488,1247434.6927,31478.7002,15949.240599999997,0.00019999999994979985,20114.0,2290.0,0.02645916944774966,Stable,0.8977861096232815,0,0,0,0,0,0,0,202606
160,SA627300378,Crescent Advisory,SA,SME,Professional Services,Payment Links,Turki Al-Shammari,Active,2021-09-24,2026-06-28,142907.5894,152172.6081,566492.2107,12961.9246,6191.555900000001,0.012400000000298,1676.0,184.0,-0.06088493070915576,Stable,0.9010752688172043,0,0,0,0,0,0,0,202606
161,OM892693620,Bright Online,OM,Online,E-commerce,Hosted Checkout,Salim Al-Harthy,Churned,2021-10-18,2025-05-31,0.0,0.0,0.0,0.0,0.0,0.0,0.0,0.0,,Churned,,0,0,0,0,1,0,1,202606
162,EG877654092,Amber Telecom,EG,Enterprise,Telecom & Utilities,POS Terminal,Nadia Fouad,Active,2021-10-10,2026-06-30,2887615.8028,2735230.3334,10652561.8496,165923.4595,37720.801900000006,-0.0009000000027299228,158636.0,11402.0,0.05571211591916616,Stable,0.9329444006633811,0,0,0,0,0,0,0,202606
163,SA776589285,Swift Online,SA,Online,E-commerce,Direct API,Turki Al-Shammari,Active,2021-12-09,2026-06-30,108415.3445,117535.59820000001,464356.51379999996,11340.3005,4599.2938,0.012499999999704204,2085.0,270.0,-0.07759567177665498,Stable,0.8853503184713376,0,0,0,0,0,0,0,202606
164,EG981274071,Palm Cloud,EG,Online,Digital Services,Direct API,Hany Soliman,Active,2021-12-25,2026-06-30,662740.9175,616091.7631,2409200.6750000003,79549.84790000001,28022.1017,0.0007000000014159,79113.0,13920.0,0.07571786736000918,Stable,0.8503756731482377,0,0,0,0,0,0,0,202606
165,AE608679106,Crescent Cafe,AE,SME,Food & Beverage,Payment Links,Layla Haddad,Active,2021-10-09,2026-06-29,221718.0587,270957.6831,998535.9075,27568.797699999996,12507.4003,-0.007300000000896099,16476.0,1236.0,-0.1817244074301727,Stable,0.9302168021680217,0,0,0,0,0,0,0,202606
166,SA189309853,Horizon Deals,SA,Online,E-commerce,Direct API,Omar Al-Anazi,Active,2022-01-25,2026-06-30,25259.3598,30327.2718,138950.4847,2751.1559,1098.3310999999999,-0.003300000000138001,389.0,34.0,-0.16710741518134184,Stable,0.9196217494089834,0,0,0,0,0,0,0,202606
167,EG538857731,Pearl Cart,EG,Online,E-commerce,Direct API,Mai Ragab,Active,2021-12-21,2026-06-30,73759.348,73155.12359999999,302017.6313,7579.173900000001,3264.9597,-0.005699999999819401,2448.0,172.0,0.00825949530621812,Stable,0.934351145038168,0,0,0,0,0,0,0,202606
168,EG110254241,Metro Mart,EG,SME,Retail,Hosted Checkout,Nadia Fouad,Active,2021-11-15,2026-06-30,20694.7872,19756.253699999997,78867.1654,1984.7029,794.4979000000001,0.00039999999998490017,1086.0,157.0,0.04750564121374901,Stable,0.8736926790024135,0,0,0,0,0,0,0,202606
169,EG704053078,Silver Institute,EG,Enterprise,Education,Hosted Checkout,Nadia Fouad,Active,2021-11-23,2026-06-30,655110.0808,791777.0090000001,3095362.5596999996,46595.237,7821.776699999999,4.548000973221555e-13,7951.0,873.0,-0.17260785125929323,Stable,0.9010652765185857,0,0,0,0,0,0,0,202606
170,EG761087060,Cedar Cart,EG,Online,E-commerce,Direct API,Karim Ezzat,Active,2021-12-07,2026-06-30,266067.6054,285053.3486,1132830.7044000002,29981.2282,12745.811800000001,0.0023000000019233473,9330.0,1104.0,-0.0666041752999776,Stable,0.8941920644048303,0,0,0,0,0,0,0,202606
171,EG482640702,Golden Online,EG,Online,E-commerce,Direct API,Mai Ragab,Dormant,2021-12-24,2026-04-30,140109.8484,422241.9289,1444181.7159000002,36948.5446,15494.596899999999,1.2704138956098898e-16,2961.0,412.0,-0.6681763728083425,Dormant,0.8778535428402016,0,0,0,0,1,0,1,202606
172,SA662517521,Amber Advisory,SA,B2B,Professional Services,Payment Links,Turki Al-Shammari,Live - never transacted,2021-10-29,,0.0,0.0,0.0,0.0,0.0,0.0,0.0,0.0,,Live - never transacted,,0,0,0,0,0,1,1,202606
173,SA507131461,Cedar Market,SA,SME,Retail,Payment Links,Omar Al-Anazi,Active,2021-10-26,2026-06-30,34080.472,28491.378600000004,124988.2133,2881.3707000000004,1312.1917999999998,-0.03410000000008,977.0,91.0,0.19616788216769537,Stable,0.9147940074906367,0,0,0,0,0,0,0,202606
174,EG766165674,Green Institute,EG,Online,Education,Direct API,Mai Ragab,Active,2022-02-23,2026-06-30,25273.0738,30245.7202,115367.0362,2698.8498999999997,1245.9446,-0.0007999999999694976,272.0,61.0,-0.16440826560314478,Stable,0.8168168168168168,0,0,1,0,0,0,1,202606
175,EG465172400,Zenith Advisory,EG,SME,Professional Services,Payment Links,Nadia Fouad,Active,2021-11-12,2026-06-30,10710.3323,11191.3845,45743.1192,971.2814999999999,404.4893,-0.001799999999974309,280.0,43.0,-0.04298415446274767,Stable,0.8668730650154799,0,0,0,0,0,0,0,202606
176,SA892484380,Zenith Academy,SA,SME,Education,Payment Links,Turki Al-Shammari,Active,2021-11-12,2026-06-29,34471.3494,42838.181000000004,188418.7652,3854.7686000000003,1502.1521000000002,0.023699999999876997,118.0,9.0,-0.19531248537373713,Stable,0.9291338582677166,0,0,0,0,0,0,0,202606
177,OM954248664,Coral Grill,OM,Online,Food & Beverage,E-commerce Plugin,Salim Al-Harthy,Active,2021-11-17,2026-06-30,34254.929000000004,35032.1194,137383.7718,3547.7492,1324.6875,0.44300000000009715,1904.0,189.0,-0.022185080814722258,Stable,0.9096989966555183,0,0,0,0,0,0,0,202606
178,EG352362522,Urban Care,EG,SME,Healthcare,Payment Links,Nadia Fouad,Active,2021-11-20,2026-06-29,22121.9807,23507.1165,85025.7606,1891.525,928.0351,0.0012999999999862106,843.0,125.0,-0.058924104962001615,Stable,0.8708677685950413,0,0,0,0,0,0,0,202606
179,SA485114821,Golden Cloud,SA,Online,Digital Services,Direct API,Reem Al-Ghamdi,Churned,2022-03-02,2025-06-30,0.0,0.0,0.0,0.0,-0.7464999999999999,0.0,0.0,0.0,,Churned,,0,0,0,0,1,0,1,202606
180,AE878919871,Royal Basket,AE,Online,E-commerce,Hosted Checkout,Yousef Al-Marri,Active,2021-12-18,2026-06-30,1043506.0935,1017314.1106,4006730.9791,103112.123,33814.427800000005,0.0354999999981372,17345.0,2253.0,0.02574621016959277,Stable,0.8850392897234411,0,0,0,0,0,0,0,202606
181,AE301462734,Oasis Kitchen,AE,SME,Food & Beverage,POS Terminal,Layla Haddad,Active,2021-12-03,2026-06-30,34504.8502,39816.757300000005,164147.97590000002,5027.411499999999,2307.9409,-0.03409999999990979,2946.0,223.0,-0.13340883236616569,Stable,0.9296307983591038,0,0,0,0,0,0,0,202606
182,EG573406141,Falcon Market,EG,SME,Retail,POS Terminal,Nadia Fouad,Active,2021-11-08,2026-06-30,11060.9974,10850.3755,41713.5742,1074.6347,528.4454000000001,0.00020000000003499998,669.0,68.0,0.01941148488363376,Stable,0.9077340569877883,0,0,0,0,0,0,0,202606
183,SA391765371,Crescent Schools,SA,Online,Unclassified,E-commerce Plugin,Reem Al-Ghamdi,Onboarding (not live),,,0.0,0.0,0.0,0.0,0.0,0.0,0.0,0.0,,Onboarding (not live),,0,0,0,0,0,0,0,202606
184,EG624580946,Sand Digital,EG,Online,Digital Services,Hosted Checkout,Mai Ragab,Active,2021-12-03,2026-06-30,303053.0179,280411.0425,1073756.4482999998,43697.530399999996,16154.6562,-0.0003000000001522243,70972.0,13373.0,0.08074566250364408,Stable,0.8414488114292489,0,0,1,0,0,0,1,202606
185,EG283786715,Green Market,EG,SME,Retail,POS Terminal,Hany Soliman,Churned,2021-12-21,2025-04-30,0.0,0.0,0.0,0.0,0.0,0.0,0.0,0.0,,Churned,,0,0,0,0,1,0,1,202606
186,AE563552817,Urban Market,AE,SME,Retail,Payment Links,Yousef Al-Marri,Churned,2021-11-28,2025-05-31,0.0,0.0,0.0,0.0,0.0,0.0,0.0,0.0,,Churned,,0,0,0,0,1,0,1,202606
187,EG875318556,Urban Stores,EG,SME,Retail,Hosted Checkout,Hany Soliman,Churned,2022-01-02,2025-05-30,0.0,0.0,0.0,0.0,0.0,0.0,0.0,0.0,,Churned,,0,0,0,0,1,0,1,202606
188,SA749593761,Oasis Outlet,SA,SME,Retail,Payment Links,Omar Al-Anazi,Live - never transacted,2021-11-27,,0.0,0.0,0.0,0.0,0.0,0.0,0.0,0.0,,Live - never transacted,,0,0,0,0,0,1,1,202606
189,SA534917472,Bright Bakery,SA,SME,Food & Beverage,POS Terminal,Omar Al-Anazi,Active,2021-12-30,2026-06-30,21473.3015,20930.7248,77783.09939999999,2206.1839999999997,959.2682,-0.024100000000032595,2178.0,157.0,0.025922499348899827,Stable,0.932762312633833,0,0,0,0,0,0,0,202606
190,SA416884588,Coral Cart,SA,Online,E-commerce,Direct API,Reem Al-Ghamdi,Active,2022-01-12,2026-06-30,506635.36720000004,488022.17949999997,1917366.3448,43901.272399999994,15858.9307,0.010999999999512301,9132.0,1207.0,0.03814004461655839,Stable,0.8832575684302156,0,0,0,0,0,0,0,202606
191,SA954952952,Bright Streaming,SA,Online,Digital Services,E-commerce Plugin,Turki Al-Shammari,Active,2021-12-24,2026-06-30,1300672.6825,1209782.5846,4632072.1311,124575.32940000002,50055.83520000001,0.0015999999995983973,111702.0,13324.0,0.07512928277939451,Stable,0.8934301665253628,0,0,0,0,0,0,0,202606
192,EG799440003,Coral Traders,EG,B2B,Distribution & Wholesale,Payment Links,Nadia Fouad,Active,2021-12-08,2026-06-30,2512978.4641,2182692.9220000003,8538897.4724,121726.81349999999,29235.207800000004,-0.0017999999990931767,1922.0,240.0,0.15132020577469013,Stable,0.8889916743755781,0,0,0,0,0,0,0,202606
193,SA683492515,Bright Outlet,SA,SME,Retail,Payment Links,Turki Al-Shammari,Onboarding (not live),,,0.0,0.0,0.0,0.0,0.0,0.0,0.0,0.0,,Onboarding (not live),,0,0,0,0,0,0,0,202606
194,EG231422873,Metro EdTech,EG,Online,Education,Direct API,Karim Ezzat,Active,2022-02-16,2026-06-30,26437.5907,38551.7803,166513.31499999997,3804.3226,1243.9071,-0.0025999999998586984,222.0,34.0,-0.31423165170922074,Declining,0.8671875,0,0,0,1,0,0,1,202606
195,SA845331728,Horizon Hotels,SA,Online,Travel & Hospitality,Hosted Checkout,Reem Al-Ghamdi,Active,2022-01-15,2026-06-30,16419.2295,16636.4934,72812.0639,1364.0505,544.5223000000001,-0.0003000000000527997,55.0,5.0,-0.013059476824605244,Stable,0.9166666666666666,0,0,0,0,0,0,0,202606
196,EG284431976,Crescent Boutique,EG,SME,Retail,POS Terminal,Mai Ragab,Active,2022-01-11,2026-06-30,19924.8808,21422.4911,82746.95659999999,1926.2118000000003,896.0326,0.00040000000004169995,1177.0,112.0,-0.06990831705842092,Stable,0.91311093871218,0,0,0,0,0,0,0,202606
197,EG823617801,Swift Bakery,EG,SME,Food & Beverage,POS Terminal,Nadia Fouad,Active,2022-01-09,2026-06-30,16133.2873,14520.3105,58034.12789999999,1952.3640000000003,891.9062,-0.0003999999999846999,2743.0,309.0,0.11108418101665253,Stable,0.8987549148099607,0,0,0,0,0,0,0,202606
198,AE932795909,Oasis Pharmacy,AE,Enterprise,Healthcare,E-commerce Plugin,Layla Haddad,Active,2021-12-28,2026-06-30,3673314.2901,5787560.0356,26950961.235,573053.3037,187454.9928,-0.003700000012031502,46780.0,4039.0,-0.3653086503630221,Declining,0.9205218520632047,0,0,0,1,0,0,1,202606
199,EG816834588,Green Clinics,EG,SME,Healthcare,Payment Links,Karim Ezzat,Dormant,2021-12-31,2026-04-30,2275.9032,6325.8724,20144.4008,401.7713,193.0902,0.0024000000000083,52.0,8.0,-0.640223030739602,Dormant,0.8666666666666667,0,0,0,0,1,0,1,202606
200,AE520556972,Palm Telecom,AE,B2B,Telecom & Utilities,Payment Links,Layla Haddad,Active,2022-01-02,2026-06-30,809006.8756,794758.9923,3417740.7759000002,47479.3937,-169.88699999999963,-0.0240999999996344,21545.0,2361.0,0.017927300525115413,Stable,0.9012381828829582,1,0,0,0,0,0,1,202606
201,AE333371080,Zenith Consulting,AE,SME,Professional Services,Payment Links,Layla Haddad,Active,2022-01-05,2026-06-30,55724.0873,55433.3639,234241.12279999998,5060.5828,2376.0843,0.0349999999999112,641.0,58.0,0.005244556338389606,Stable,0.9170243204577968,0,0,0,0,0,0,0,202606
202,SA205739809,Amber Cafe,SA,SME,Food & Beverage,POS Terminal,Turki Al-Shammari,Active,2022-01-30,2026-06-30,40184.0082,60161.389500000005,199433.06699999998,5893.355600000001,2584.7096,0.0013999999997052993,4125.0,361.0,-0.33206316320204016,Declining,0.9195274186357557,0,0,0,1,0,0,1,202606
203,SA545085858,Falcon Mart,SA,SME,Retail,Payment Links,Turki Al-Shammari,Live - never transacted,2022-01-27,,0.0,0.0,0.0,0.0,0.0,0.0,0.0,0.0,,Live - never transacted,,0,0,0,0,0,1,1,202606
204,SA196173797,Swift Stores,SA,SME,Retail,POS Terminal,Turki Al-Shammari,Active,2022-02-20,2026-06-30,44257.101200000005,48094.4449,186626.4954,4165.2216,1749.6817999999998,0.006500000000016798,1911.0,177.0,-0.07978767003088952,Stable,0.9152298850574713,0,0,0,0,0,0,0,202606
205,EG275709942,Cedar Deals,EG,Enterprise,E-commerce,POS Terminal,Mai Ragab,Active,2022-02-21,2026-06-30,743226.8545,777950.5749000001,3140472.6067999997,40981.49089999999,4472.713400000001,-0.0005000000005566241,24246.0,2042.0,-0.04463486694442457,Stable,0.9223219720024346,0,0,0,0,0,0,0,202606
206,EG911025364,Nova Bakery,EG,SME,Food & Beverage,Hosted Checkout,Nadia Fouad,Active,2022-02-08,2026-06-30,29094.1814,31088.1446,130072.4609,5597.2918,2519.0475,0.0012000000002102,6673.0,787.0,-0.0641390223075583,Stable,0.8945040214477212,0,0,0,0,0,0,0,202606
207,EG165126097,Palm Basket,EG,Online,E-commerce,Direct API,Mai Ragab,Active,2022-04-14,2026-06-30,6611.093,7641.4116,30426.631599999997,836.6546000000001,308.12289999999996,-0.0018000000000381823,283.0,49.0,-0.13483354305898146,Stable,0.8524096385542169,0,0,0,0,0,0,0,202606
208,AE678947423,Golden Shop,AE,Online,E-commerce,Hosted Checkout,Layla Haddad,Churned,2022-03-07,2025-10-31,0.0,0.0,88849.2443,2255.2693,840.1244,-0.0156999999999243,0.0,0.0,,Churned,,0,0,0,0,1,0,1,202606
209,EG744158614,Zenith Basket,EG,Online,E-commerce,Direct API,Mai Ragab,Active,2022-02-28,2026-06-30,34276.3629,36216.265,143026.32679999998,3762.5813000000003,1604.5898000000002,0.0002999999999813022,1122.0,118.0,-0.05356438881811803,Stable,0.9048387096774193,0,0,0,0,0,0,0,202606
210,EG207904094,Oasis Wholesale,EG,B2B,Distribution & Wholesale,Payment Links,Karim Ezzat,Live - never transacted,2022-02-08,,0.0,0.0,0.0,0.0,0.0,0.0,0.0,0.0,,Live - never transacted,,0,0,0,0,0,1,1,202606
211,SA794064500,Cedar Online,SA,Online,E-commerce,Direct API,Turki Al-Shammari,Onboarding (not live),,,0.0,0.0,0.0,0.0,0.0,0.0,0.0,0.0,,Onboarding (not live),,0,0,0,0,0,0,0,202606
212,AE346681166,Urban Shop,AE,Online,E-commerce,E-commerce Plugin,Layla Haddad,Active,2022-02-19,2026-06-30,997911.4467,1028072.114,4169183.1863,103191.8267,38660.7541,-0.04490000000259871,25326.0,2977.0,-0.029337112532555255,Stable,0.894816803872381,0,0,0,0,0,0,0,202606
213,EG622517179,Golden Bakery,EG,SME,Food & Beverage,E-commerce Plugin,Hany Soliman,Active,2022-02-18,2026-06-30,16274.8004,17799.841800000002,65087.147300000004,2004.8294,970.5290999999999,-0.0021000000000126998,1796.0,175.0,-0.08567724461461235,Stable,0.9112125824454591,0,0,0,0,0,0,0,202606
214,EG728979434,Crescent Services,EG,SME,Professional Services,POS Terminal,Hany Soliman,Churned,2022-03-13,2025-09-30,0.0,0.0,24398.912399999997,521.4008,224.3983,0.0013999999999611001,0.0,0.0,,Churned,,0,0,0,0,1,0,1,202606
215,EG105628327,Green Online,EG,Online,E-commerce,Hosted Checkout,Karim Ezzat,Live - never transacted,2022-02-18,,0.0,0.0,0.0,0.0,0.0,0.0,0.0,0.0,,Live - never transacted,,0,0,0,0,0,1,1,202606
216,OM713381935,Horizon Schools,OM,Online,Education,Hosted Checkout,Salim Al-Harthy,Active,2022-03-14,2026-06-30,56082.939,71810.2991,257922.67979999998,5696.254600000001,2387.0517,-0.11310000000020148,276.0,52.0,-0.21901259703846582,Stable,0.8414634146341463,0,0,1,0,0,0,1,202606
217,AE339334302,Silver Supply,AE,B2B,Distribution & Wholesale,Direct API,Yousef Al-Marri,Active,2022-03-30,2026-06-30,1007423.4554000001,1391017.6530000002,5212335.942799999,30598.885799999993,10909.0865,0.004500000001144,397.0,18.0,-0.27576515421835557,Declining,0.9566265060240964,0,0,0,1,0,0,1,202606
218,EG935471821,Silver Kitchen,EG,SME,Food & Beverage,Payment Links,Nadia Fouad,Live - never transacted,2022-02-12,,0.0,0.0,0.0,0.0,0.0,0.0,0.0,0.0,,Live - never transacted,,0,0,0,0,0,1,1,202606
219,EG768201701,Bright Roastery,EG,SME,Food & Beverage,POS Terminal,Mai Ragab,Onboarding (not live),,,0.0,0.0,0.0,0.0,0.0,0.0,0.0,0.0,,Onboarding (not live),,0,0,0,0,0,0,0,202606
220,EG998632198,Prime Cart,EG,Online,E-commerce,Hosted Checkout,Hany Soliman,Active,2022-03-21,2026-06-30,360026.9825,351446.0391,1364884.8857,33098.641,13929.2129,-0.004599999999299701,11399.0,1529.0,0.02441610502134121,Stable,0.8817295792079208,0,0,0,0,0,0,0,202606
221,EG286990334,Amber Wholesale,EG,B2B,Distribution & Wholesale,Payment Links,Hany Soliman,Active,2022-02-21,2026-06-30,905320.2657,863017.1653,3392635.66,47770.17900000001,16124.733099999998,0.0010000000002035473,476.0,45.0,0.04901768134043393,Stable,0.9136276391554703,0,0,0,0,0,0,0,202606
222,EG839115780,Golden Institute,EG,SME,Education,POS Terminal,Karim Ezzat,Active,2022-03-04,2026-06-30,168275.71310000002,182335.3935,687907.4273999999,14329.5548,6475.4655999999995,0.0028000000005477016,1672.0,214.0,-0.07710889328790672,Stable,0.8865323435843054,0,0,0,0,0,0,0,202606
223,AE782539735,Urban Cloud,AE,Online,Digital Services,Hosted Checkout,Layla Haddad,Active,2022-03-30,2026-06-30,283767.7796,267019.83160000003,1028791.6658,31461.0377,11452.5063,0.034100000000762375,24937.0,2187.0,0.06272173830552281,Stable,0.9193702993658752,0,0,0,0,0,0,0,202606
224,OM362279591,Nova Tours,OM,Online,Travel & Hospitality,Direct API,Salim Al-Harthy,Active,2022-04-21,2026-06-28,15306.372199999998,14655.396700000001,72475.6829,1526.3975,616.5937,0.06260000000003892,52.0,4.0,0.04441882490973423,Stable,0.9285714285714286,0,0,0,0,0,0,0,202606
225,AE605101733,Urban Pharmacy,AE,SME,Healthcare,Payment Links,Yousef Al-Marri,Live - never transacted,2022-03-03,,0.0,0.0,0.0,0.0,0.0,0.0,0.0,0.0,,Live - never transacted,,0,0,0,0,0,1,1,202606
226,EG987489356,Sand Cloud,EG,Online,Digital Services,Hosted Checkout,Karim Ezzat,Active,2022-03-08,2026-06-30,2873150.7188,2673023.9037,10361772.102699999,362316.49419999996,128588.03689999999,0.0015999999923222998,483523.0,68643.0,0.07486907050213214,Stable,0.8756841239772097,0,0,0,0,0,0,0,202606
227,EG933744774,Oasis Freight,EG,B2B,Logistics,Direct API,Nadia Fouad,Active,2022-06-22,2026-06-30,523954.3979999999,406685.2312,1773024.248,11154.8204,2780.232,-0.001700000000254996,1255.0,37.0,0.28835364012107245,Growing,0.9713622291021672,0,0,0,0,0,0,0,202606
228,AE123781768,Sand Bakery,AE,Enterprise,Food & Beverage,POS Terminal,Layla Haddad,Active,2022-04-02,2026-06-30,939820.2916000001,1007305.2173000001,3836815.7959,58884.1755,-1259.7246,0.014300000000730497,69339.0,5267.0,-0.06699550894900345,Stable,0.9294024609280754,1,0,0,0,0,0,1,202606
229,OM509470813,Blue EdTech,OM,SME,Education,Direct API,Salim Al-Harthy,Onboarding (not live),,,0.0,0.0,0.0,0.0,0.0,0.0,0.0,0.0,,Onboarding (not live),,0,0,0,0,0,0,0,202606
230,AE174460555,Blue Online,AE,Online,E-commerce,Direct API,Layla Haddad,Active,2022-04-14,2026-06-30,11043.457699999999,14079.8697,62027.4609,1618.8828,693.3699,-0.037399999999891395,232.0,18.0,-0.21565625710300432,Stable,0.928,0,0,0,0,0,0,0,202606
231,EG613159214,Pearl Telecom,EG,B2B,Telecom & Utilities,Payment Links,Hany Soliman,Active,2022-03-13,2026-06-30,288631.587,301524.9965,1232110.655,28546.5628,6825.5877,0.0004999999994196264,14998.0,800.0,-0.04276066544950614,Stable,0.9493606785669072,0,0,0,0,0,0,0,202606
232,OM765991018,Metro Medical,OM,SME,Healthcare,Direct API,Salim Al-Harthy,Active,2022-05-26,2026-06-30,4474.8768,3199.9216,15674.642600000001,371.6774,167.8553,-0.01949999999999371,79.0,4.0,0.3984332616149095,Stable,0.9518072289156626,0,0,0,0,0,0,0,202606
233,EG235600888,Bright EdTech,EG,Online,Education,E-commerce Plugin,Karim Ezzat,Active,2022-03-22,2026-06-30,46782.3348,61651.922000000006,233284.258,4917.187,2053.7722999999996,0.0005000000000448589,346.0,59.0,-0.24118610933167675,Stable,0.854320987654321,0,0,0,0,0,0,0,202606
234,EG485824653,Amber Supply,EG,B2B,Distribution & Wholesale,Payment Links,Nadia Fouad,Live - never transacted,2022-03-18,,0.0,0.0,0.0,0.0,0.0,0.0,0.0,0.0,,Live - never transacted,,0,0,0,0,0,1,1,202606
235,AE707625102,Golden Services,AE,SME,Unclassified,POS Terminal,Yousef Al-Marri,Active,2022-03-31,2026-06-29,100530.63810000001,100538.6091,402483.14499999996,8886.5055,3840.2840000000006,0.000899999999887705,1300.0,110.0,-7.928297468350847e-05,Stable,0.9219858156028369,0,0,0,0,0,0,0,202606
236,EG656793347,Zenith Supply,EG,B2B,Distribution & Wholesale,Payment Links,Mai Ragab,Active,2022-03-20,2026-06-29,3679870.9193,1996052.2086999998,10734311.6474,147553.32690000001,31183.8235,-0.00040000000262788767,2394.0,382.0,0.8435744833030431,Growing,0.8623919308357348,0,0,0,0,0,0,0,202606
237,SA796857151,Green Journeys,SA,Online,Travel & Hospitality,Direct API,Turki Al-Shammari,Active,2022-06-21,2026-06-30,453496.6004,311933.787,1482764.2214,31677.544100000003,11442.806099999998,0.059499999998933496,836.0,143.0,0.45382327692511226,Growing,0.8539325842696629,0,0,0,0,0,0,0,202606
238,AE162515553,Royal Travel,AE,Online,Travel & Hospitality,Hosted Checkout,Layla Haddad,Active,2022-04-07,2026-06-30,184984.9989,118049.4755,592628.9517999999,13424.241,5575.3078,-0.0042000000004236,481.0,62.0,0.5670124591108412,Growing,0.8858195211786372,0,0,0,0,0,0,0,202606
239,OM667112904,Crescent Roastery,OM,SME,Food & Beverage,POS Terminal,Salim Al-Harthy,Active,2022-04-19,2026-06-30,63609.0246,62151.4432,236723.64030000003,7480.883300000001,3005.1178,0.2752999999999014,8107.0,800.0,0.023452092581496088,Stable,0.9101830021331537,0,0,0,0,0,0,0,202606
240,SA508515348,Bright Basket,SA,Online,E-commerce,Direct API,Reem Al-Ghamdi,Active,2022-04-30,2026-06-30,441029.63239999994,508610.6394,2104417.1188000003,50903.6052,20149.725499999997,-0.018199999999069398,8923.0,996.0,-0.1328737579688154,Stable,0.8995866518802299,0,0,0,0,0,0,0,202606
241,EG799575469,Horizon Apps,EG,Online,Digital Services,Direct API,Nadia Fouad,Active,2022-06-19,2026-06-30,47262.856700000004,48298.069800000005,192675.9417,6437.0335,2502.1391,-0.0008999999998306982,6352.0,894.0,-0.02143383999167604,Stable,0.8766215843223848,0,0,0,0,0,0,0,202606
242,SA190250693,Zenith Institute,SA,SME,Education,POS Terminal,Reem Al-Ghamdi,Active,2022-05-05,2026-06-30,23025.206000000002,25595.6214,106691.1176,2101.8160999999996,978.0881,-0.014100000000041798,101.0,4.0,-0.10042402799410051,Stable,0.9619047619047619,0,0,0,0,0,0,0,202606
243,SA575207038,Falcon Cargo,SA,B2B,Logistics,Payment Links,Reem Al-Ghamdi,Active,2022-04-17,2026-06-30,155653.2611,190769.80020000003,695235.0401000001,3891.8909000000003,1343.301,-0.0252999999997029,185.0,5.0,-0.18407808292079986,Stable,0.9736842105263158,0,0,0,0,0,0,0,202606
244,EG508110442,Palm Distribution,EG,B2B,Distribution & Wholesale,Payment Links,Nadia Fouad,Active,2022-04-17,2026-06-30,90193.5883,81949.8511,330284.178,2039.3071,516.6517000000001,0.0003999999999990001,76.0,5.0,0.1005949015080029,Stable,0.9382716049382716,0,0,0,0,0,0,0,202606
245,EG259754316,Coral Games,EG,Online,Digital Services,Direct API,Mai Ragab,Active,2022-07-06,2026-06-30,81367.8193,81361.2625,324621.96469999995,10478.875999999998,3036.8514000000005,0.0013999999999893984,10749.0,1991.0,8.058871996984746e-05,Stable,0.8437205651491366,0,0,1,0,0,0,1,202606
246,EG550259154,Royal Cloud,EG,Online,Digital Services,Direct API,Mai Ragab,Active,2022-06-20,2026-06-30,18777.3686,18493.8906,75224.10579999999,2464.9315999999994,847.446,-0.0014999999999928998,2871.0,389.0,0.015328197085798854,Stable,0.8806748466257669,0,0,0,0,0,0,0,202606
247,SA352518639,Horizon Legal,SA,B2B,Professional Services,Direct API,Turki Al-Shammari,Active,2022-07-07,2026-06-30,1110127.9761,1430319.9412,5336661.619100001,43495.9838,9409.1724,-0.0104000000001177,10012.0,578.0,-0.22386037967936562,Stable,0.9454202077431539,0,0,0,0,0,0,0,202606
248,SA716580826,Royal Roastery,SA,SME,Food & Beverage,POS Terminal,Omar Al-Anazi,Active,2022-05-12,2026-06-29,60220.579,70129.0502,266927.46900000004,7587.2586999999985,3092.5984,0.002199999999902513,5089.0,411.0,-0.1412891115984343,Stable,0.9252727272727272,0,0,0,0,0,0,0,202606
249,EG246247584,Urban Services,EG,B2B,Professional Services,Payment Links,Karim Ezzat,Live - never transacted,2022-05-02,,0.0,0.0,0.0,0.0,0.0,0.0,0.0,0.0,,Live - never transacted,,0,0,0,0,0,1,1,202606
250,AE889475271,Sand Kitchen,AE,SME,Food & Beverage,POS Terminal,Layla Haddad,Active,2022-05-25,2026-06-30,73010.02600000001,78689.1822,285263.4926,8378.0357,3548.5068999999994,-0.008400000000165,6086.0,368.0,-0.07217200689118336,Stable,0.9429810969941121,0,0,0,0,0,0,0,202606
251,EG584658548,Horizon Bakery,EG,SME,Food & Beverage,Payment Links,Karim Ezzat,Live - never transacted,2022-05-05,,0.0,0.0,0.0,0.0,0.0,0.0,0.0,0.0,,Live - never transacted,,0,0,0,0,0,1,1,202606
252,SA577673991,Crescent Labs,SA,SME,Healthcare,E-commerce Plugin,Omar Al-Anazi,Active,2022-05-11,2026-06-29,53797.3968,47767.021199999996,204242.30919999996,5270.7277,2247.5838000000003,-0.0352000000001451,1174.0,126.0,0.12624558635864877,Stable,0.9030769230769231,0,0,0,0,0,0,0,202606
253,SA251636450,Nova Kitchen,SA,SME,Food & Beverage,Hosted Checkout,Omar Al-Anazi,Active,2022-06-07,2026-06-30,59793.2133,60650.3572,232741.29869999998,6033.7294999999995,2604.2482,-0.0104999999998086,3485.0,349.0,-0.014132544960510068,Stable,0.9089723526343245,0,0,0,0,0,0,0,202606
254,EG237932689,Green Kitchen,EG,SME,Food & Beverage,Direct API,Hany Soliman,Active,2022-07-20,2026-06-30,8107.9492,7577.8073,31309.629799999995,1008.8702,462.7206,0.002100000000027,942.0,108.0,0.06995980222405491,Stable,0.8971428571428571,0,0,0,0,0,0,0,202606
255,EG310107271,Palm Partners,EG,SME,Professional Services,POS Terminal,Nadia Fouad,Churned,2022-06-07,2025-02-28,0.0,0.0,0.0,0.0,0.0,0.0,0.0,0.0,,Churned,,0,0,0,0,1,0,1,202606
256,EG309629254,Falcon Freight,EG,B2B,Logistics,Payment Links,Mai Ragab,Onboarding (not live),,,0.0,0.0,0.0,0.0,0.0,0.0,0.0,0.0,,Onboarding (not live),,0,0,0,0,0,0,0,202606
257,AE584770998,Zenith Boutique,AE,SME,Retail,Payment Links,Yousef Al-Marri,Churned,2022-05-28,2024-12-31,0.0,0.0,0.0,0.0,0.0,0.0,0.0,0.0,,Churned,,0,0,0,0,1,0,1,202606
258,EG614021979,Coral Power,EG,B2B,Telecom & Utilities,Payment Links,Nadia Fouad,Live - never transacted,2022-05-25,,0.0,0.0,0.0,0.0,0.0,0.0,0.0,0.0,,Live - never transacted,,0,0,0,0,0,1,1,202606
259,EG509980512,Swift Kitchen,EG,Online,Food & Beverage,E-commerce Plugin,Nadia Fouad,Active,2022-06-02,2026-06-30,38704.544,42123.2638,159654.99630000003,5621.7246000000005,2448.5286000000006,0.0027999999999224,5670.0,845.0,-0.0811598981558499,Stable,0.8702993092862624,0,0,0,0,0,0,0,202606
260,AE937738745,Blue Market,AE,Enterprise,Retail,Payment Links,Layla Haddad,Live - never transacted,2022-05-28,,0.0,0.0,0.0,0.0,0.0,0.0,0.0,0.0,,Live - never transacted,,0,0,0,0,0,1,1,202606
261,AE205330599,Silver Boutique,AE,SME,Retail,Direct API,Yousef Al-Marri,Active,2022-09-08,2026-06-30,19745.9364,24944.806399999998,105478.00510000001,2908.569,1362.8321,-0.0058999999999398,518.0,45.0,-0.20841492680416232,Stable,0.9200710479573713,0,0,0,0,0,0,0,202606
262,AE688405384,Horizon Cart,AE,Online,E-commerce,Direct API,Yousef Al-Marri,Onboarding (not live),,,0.0,0.0,0.0,0.0,0.0,0.0,0.0,0.0,,Onboarding (not live),,0,0,0,0,0,0,0,202606
263,EG400875498,Prime Advisory,EG,SME,Professional Services,Payment Links,Mai Ragab,Active,2022-06-02,2026-06-30,89740.8299,84093.42,325377.94950000005,7265.2868,3864.6794,0.003599999999948898,1911.0,221.0,0.06715638274671192,Stable,0.8963414634146342,0,0,0,0,0,0,0,202606
264,AE360087333,Blue Digital,AE,Online,Digital Services,Direct API,Layla Haddad,Active,2022-06-30,2026-06-30,62353.7402,58974.393299999996,227991.4279,6925.3859999999995,2665.1288,-0.0031000000000174013,4746.0,547.0,0.05730193582169508,Stable,0.8966559607028151,0,0,0,0,0,0,0,202606
265,SA582972742,Green Medical,SA,SME,Healthcare,Payment Links,Reem Al-Ghamdi,Active,2022-05-31,2026-06-30,38556.1682,38440.8854,153973.7039,3588.392,1678.9362,0.0269000000000402,726.0,74.0,0.0029989631820499345,Stable,0.9075,0,0,0,0,0,0,0,202606
266,SA597581402,Green Cafe,SA,SME,Food & Beverage,Direct API,Turki Al-Shammari,Onboarding (not live),,,0.0,0.0,0.0,0.0,0.0,0.0,0.0,0.0,,Onboarding (not live),,0,0,0,0,0,0,0,202606
267,OM958516072,Crescent Trading,OM,B2B,Distribution & Wholesale,Payment Links,Salim Al-Harthy,Active,2022-06-01,2026-06-30,875925.2016,863629.1806,3399580.4418999995,45824.7855,4707.387599999999,0.04130000000031961,304.0,25.0,0.014237616417103341,Stable,0.9240121580547113,0,0,0,0,0,0,0,202606
268,EG304469248,Falcon Institute,EG,SME,Education,Payment Links,Karim Ezzat,Active,2022-06-10,2026-06-27,111387.00349999999,115391.15410000001,507417.8735,10160.629700000001,5083.24,0.0018999999999776021,1203.0,149.0,-0.03470067208557386,Stable,0.889792899408284,0,0,0,0,0,0,0,202606
269,EG249264164,Royal Pharmacy,EG,SME,Healthcare,POS Terminal,Nadia Fouad,Active,2022-06-23,2026-06-30,38042.7718,37338.768800000005,151452.47449999998,3641.5696000000003,1483.0349999999999,0.0004999999999880564,2127.0,194.0,0.018854478136943735,Stable,0.9164153382162861,0,0,0,0,0,0,0,202606
270,AE521533668,Nova Online,AE,Online,E-commerce,Direct API,Yousef Al-Marri,Active,2022-07-12,2026-06-30,37563.7575,39027.063,156515.4608,3927.8534,1705.4046,0.05800000000010579,500.0,59.0,-0.037494635453352,Stable,0.8944543828264758,0,0,0,0,0,0,0,202606
271,EG511893937,Cedar Medical,EG,SME,Healthcare,Direct API,Hany Soliman,Active,2022-10-08,2026-06-27,5153.6845,6439.6365000000005,26168.449400000005,617.7543999999999,288.5796,-0.00019999999998171432,178.0,26.0,-0.19969325908380078,Stable,0.8725490196078431,0,0,0,0,0,0,0,202606
272,AE934873526,Nova Partners,AE,SME,Professional Services,POS Terminal,Layla Haddad,Active,2022-07-17,2026-06-30,117385.847,117903.96480000002,488583.45650000003,11717.124,5250.7865,0.0064000000002125005,1429.0,136.0,-0.004394405233775665,Stable,0.9130990415335464,0,0,0,0,0,0,0,202606
273,SA955742346,Sand Schools,SA,Online,Education,Direct API,Reem Al-Ghamdi,Active,2022-07-20,2026-06-30,163790.53600000002,199677.04239999998,757576.9408,15325.808899999998,7003.322900000001,0.00020000000017720003,590.0,37.0,-0.17972274613378367,Stable,0.9409888357256778,0,0,0,0,0,0,0,202606
274,SA110751010,Falcon Games,SA,Online,Digital Services,Direct API,Omar Al-Anazi,Active,2022-08-05,2026-06-30,71214.4559,71092.9817,285121.7387,8238.233400000001,3668.0935999999992,-0.012099999999577393,3408.0,384.0,0.00170866655322739,Stable,0.8987341772151899,0,0,0,0,0,0,0,202606
275,SA414248851,Pearl Care,SA,Enterprise,Healthcare,POS Terminal,Omar Al-Anazi,Live - never transacted,2022-07-20,,0.0,0.0,0.0,0.0,0.0,0.0,0.0,0.0,,Live - never transacted,,0,0,0,0,0,1,1,202606
276,OM909997571,Horizon EdTech,OM,SME,Education,Payment Links,Salim Al-Harthy,Live - never transacted,2022-06-27,,0.0,0.0,0.0,0.0,0.0,0.0,0.0,0.0,,Live - never transacted,,0,0,0,0,0,1,1,202606
277,EG724883181,Horizon Cloud,EG,Online,Digital Services,Direct API,Hany Soliman,Active,2022-09-23,2026-06-30,52274.20820000001,57862.073099999994,228992.1552,7378.1767,2578.3554000000004,0.0001000000000885991,7513.0,1003.0,-0.09657215168116724,Stable,0.8822217003287929,0,0,0,0,0,0,0,202606
278,SA434781636,Nova Mart,SA,SME,Retail,POS Terminal,Turki Al-Shammari,Active,2022-07-10,2026-06-30,32930.5864,37062.531299999995,147622.1683,3485.1192000000005,1610.8404,-0.004999999999910102,1010.0,95.0,-0.11148577161538871,Stable,0.9140271493212669,0,0,0,0,0,0,0,202606
279,EG435300882,Green Grill,EG,SME,Food & Beverage,POS Terminal,Mai Ragab,Live - never transacted,2022-07-07,,0.0,0.0,0.0,0.0,0.0,0.0,0.0,0.0,,Live - never transacted,,0,0,0,0,0,1,1,202606
280,EG728794730,Falcon Telecom,EG,B2B,Telecom & Utilities,Payment Links,Karim Ezzat,Live - never transacted,2022-06-30,,0.0,0.0,0.0,0.0,0.0,0.0,0.0,0.0,,Live - never transacted,,0,0,0,0,0,1,1,202606
281,SA847687864,Royal Labs,SA,SME,Healthcare,POS Terminal,Turki Al-Shammari,Active,2022-07-12,2026-06-30,140008.00280000002,136982.9044,522542.1946,12028.9951,5470.765299999999,0.0256999999999152,4041.0,409.0,0.022083765950578114,Stable,0.9080898876404494,0,0,0,0,0,0,0,202606
282,EG248756723,Metro Cafe,EG,SME,Food & Beverage,Payment Links,Nadia Fouad,Active,2022-07-11,2026-06-30,3681.5433000000003,3749.483,13859.646,462.05539999999996,172.175,-0.0002000000000102195,641.0,66.0,-0.01811975144306559,Stable,0.9066478076379066,0,0,0,0,0,0,0,202606
283,EG488319036,Golden Streaming,EG,Online,Digital Services,Direct API,Karim Ezzat,Live - never transacted,2022-09-20,,0.0,0.0,0.0,0.0,0.0,0.0,0.0,0.0,,Live - never transacted,,0,0,0,0,0,1,1,202606
284,EG874835199,Golden Kitchen,EG,SME,Food & Beverage,POS Terminal,Karim Ezzat,Churned,2022-08-07,2024-12-30,0.0,0.0,0.0,0.0,0.0,0.0,0.0,0.0,,Churned,,0,0,0,0,1,0,1,202606
285,SA860742247,Zenith Medical,SA,Enterprise,Healthcare,E-commerce Plugin,Turki Al-Shammari,Active,2022-07-11,2026-06-30,15153403.007800002,15110794.980999999,60344137.4376,908299.818,147946.8173,0.009500000029220104,290586.0,15991.0,0.002819707821698154,Stable,0.947840183705888,0,0,0,0,0,0,0,202606
286,EG758836714,Urban Clinics,EG,SME,Healthcare,POS Terminal,Hany Soliman,Active,2022-08-09,2026-06-30,64310.658599999995,65414.217300000004,244067.3196,6242.8867,3159.2461,0.0008999999997171001,3474.0,390.0,-0.016870318801475725,Stable,0.8990683229813664,0,0,0,0,0,0,0,202606
287,OM781490538,Horizon Academy,OM,Online,Education,Direct API,Salim Al-Harthy,Active,2022-08-25,2026-06-30,37856.0211,49594.5126,179910.48159999997,3799.7652999999996,1345.4888999999998,-0.11830000000003348,182.0,16.0,-0.23668932074553756,Stable,0.9191919191919192,0,0,0,0,0,0,0,202606
288,SA586124263,Pearl Kitchen,SA,SME,Food & Beverage,Hosted Checkout,Turki Al-Shammari,Churned,2022-08-13,2026-03-31,0.0,101336.2134,292695.0719999999,8637.493400000001,3729.7248999999997,-0.0113000000001192,0.0,0.0,-1.0,Churned,,0,0,0,0,1,0,1,202606
289,EG730609269,Palm Consulting,EG,SME,Professional Services,Direct API,Nadia Fouad,Active,2022-09-10,2026-06-27,26796.2383,30590.956500000004,118392.10949999999,3160.6618,1328.1057,0.0004000000000985019,657.0,92.0,-0.12404705946347257,Stable,0.87716955941255,0,0,0,0,0,0,0,202606
290,AE738504243,Prime Online,AE,Online,E-commerce,E-commerce Plugin,Layla Haddad,Active,2022-07-24,2026-06-30,33559.5942,39346.5652,165611.79799999998,4652.604400000001,1579.7441000000001,0.02190000000013,484.0,80.0,-0.14707690418679795,Stable,0.8581560283687943,0,0,0,0,0,0,0,202606
291,OM214883127,Blue Bakery,OM,SME,Food & Beverage,POS Terminal,Salim Al-Harthy,Active,2022-08-13,2026-06-30,8965.487799999999,10706.8406,38480.7022,1051.1571,412.227,-0.48910000000000725,737.0,98.0,-0.16263927567951283,Stable,0.8826347305389222,0,0,0,0,0,0,0,202606
292,EG345706176,Oasis Partners,EG,SME,Professional Services,POS Terminal,Karim Ezzat,Active,2022-08-05,2026-06-30,27301.3302,26494.6047,112261.1489,2394.6834,1163.1883,-0.0016999999999993977,536.0,52.0,0.030448670932614462,Stable,0.9115646258503401,0,0,0,0,0,0,0,202606
293,AE436682771,Metro Care,AE,SME,Healthcare,POS Terminal,Yousef Al-Marri,Active,2022-08-16,2026-06-29,45326.907699999996,50558.063500000004,197494.7387,4637.5251,1902.4696999999999,-0.045799999999928405,779.0,85.0,-0.10346827860604288,Stable,0.9016203703703703,0,0,0,0,0,0,0,202606
294,AE784175593,Horizon Basket,AE,Online,E-commerce,Direct API,Yousef Al-Marri,Onboarding (not live),,,0.0,0.0,0.0,0.0,0.0,0.0,0.0,0.0,,Onboarding (not live),,0,0,0,0,0,0,0,202606
295,EG342155019,Swift Trading,EG,B2B,Distribution & Wholesale,Payment Links,Nadia Fouad,Active,2022-07-26,2026-06-30,594645.4201,487607.1687,2007803.7794999997,11951.231399999999,5165.7017000000005,-0.00019999999972240704,383.0,15.0,0.2195173866811118,Growing,0.9623115577889447,0,0,0,0,0,0,0,202606
296,SA363626228,Metro Trading,SA,B2B,Distribution & Wholesale,Payment Links,Reem Al-Ghamdi,Churned,2022-08-01,2024-11-28,0.0,0.0,0.0,0.0,0.0,0.0,0.0,0.0,,Churned,,0,0,0,0,1,0,1,202606
297,EG774885021,Urban Learning,EG,Online,Education,Direct API,Nadia Fouad,Active,2022-09-10,2026-06-30,180520.0986,223660.25559999997,855951.4035000001,21299.1266,10458.7408,-0.0031999999989693237,1312.0,144.0,-0.1928825346473403,Stable,0.9010989010989011,0,0,0,0,0,0,0,202606
298,AE741353303,Silver Apps,AE,Online,Digital Services,Direct API,Yousef Al-Marri,Active,2022-08-30,2026-06-30,20349.0593,24140.3486,106192.26249999998,3340.6321999999996,1317.5105999999998,0.0019000000001767004,1931.0,273.0,-0.15705196982946634,Stable,0.8761343012704175,0,0,0,0,0,0,0,202606
299,SA337097778,Pearl Services,SA,B2B,Professional Services,Payment Links,Omar Al-Anazi,Active,2022-08-01,2026-06-30,688904.6852,581066.4853000001,2409409.3756,33543.08900000001,6358.0667,-0.013299999999617,6384.0,581.0,0.18558668005834802,Stable,0.9165829145728643,0,0,0,0,0,0,0,202606
300,EG217500923,Green Roastery,EG,Online,Food & Beverage,Direct API,Nadia Fouad,Active,2022-10-22,2026-06-30,64399.5652,60925.3492,230187.46580000003,6087.9698,2060.2352,-0.001200000000039702,5264.0,697.0,0.05702414587063213,Stable,0.883073309847341,0,0,0,0,0,0,0,202606
301,EG696983188,Coral Cafe,EG,SME,Food & Beverage,Payment Links,Nadia Fouad,Active,2022-07-31,2026-06-30,344485.16760000004,337153.9835,1221896.9648000002,38876.494399999996,15085.1576,-0.0010000000002038,51466.0,6633.0,0.021744319980724985,Stable,0.8858328026299936,0,0,0,0,0,0,0,202606
302,SA166309903,Coral Advisory,SA,SME,Professional Services,Payment Links,Reem Al-Ghamdi,Live - never transacted,2022-07-29,,0.0,0.0,0.0,0.0,0.0,0.0,0.0,0.0,,Live - never transacted,,0,0,0,0,0,1,1,202606
303,SA556781756,Nova Roastery,SA,Online,Food & Beverage,Hosted Checkout,Reem Al-Ghamdi,Active,2022-08-10,2026-06-30,90761.091,115920.11719999998,436381.0005,12551.2369,4611.5345,0.0172999999998636,6517.0,1051.0,-0.21703761873008168,Stable,0.8611257928118393,0,0,0,0,0,0,0,202606
304,SA479684490,Urban Streaming,SA,Online,Digital Services,Direct API,Turki Al-Shammari,Active,2022-11-13,2026-06-30,40732.3011,40360.9834,161996.9651,4249.6739,1724.6158,-1.1359403001565127e-13,3297.0,389.0,0.009199917066440943,Stable,0.8944655453065654,0,0,0,0,0,0,0,202606
305,AE172157388,Cedar Supply,AE,B2B,Distribution & Wholesale,Direct API,Yousef Al-Marri,Active,2022-10-16,2026-06-30,917855.4748,938543.4630999999,4263236.2118,24889.944199999998,8146.5281,-0.014399999999340999,378.0,9.0,-0.02204265344480451,Stable,0.9767441860465116,0,0,0,0,0,0,0,202606
306,OM978131111,Pearl Market,OM,SME,Retail,POS Terminal,Salim Al-Harthy,Active,2022-08-21,2026-06-30,17410.9489,23062.1587,100016.5673,2365.3058,982.1148000000001,-0.4093000000001152,642.0,41.0,-0.24504253368094292,Stable,0.9399707174231332,0,0,0,0,0,0,0,202606
307,SA142705306,Pearl Travel,SA,Online,Travel & Hospitality,Direct API,Omar Al-Anazi,Active,2022-11-06,2026-06-30,79094.3893,62671.0934,286982.5172,5555.9464,2397.7748,-0.002299999999991,262.0,35.0,0.26205535932136775,Growing,0.8821548821548821,0,0,0,0,0,0,0,202606
308,OM188757830,Green Learning,OM,Online,Education,Direct API,Salim Al-Harthy,Active,2022-09-22,2026-06-30,67743.1985,106362.7572,425160.5461,9643.303999999998,3861.5389000000005,-0.21400000000005517,315.0,40.0,-0.3630928693149748,Declining,0.8873239436619719,0,0,0,1,0,0,1,202606
309,AE239330460,Cedar Kitchen,AE,SME,Food & Beverage,POS Terminal,Yousef Al-Marri,Active,2022-08-29,2026-06-30,45870.115000000005,42521.9195,150876.02860000002,4327.7981,2052.6611,-0.0206999999999195,2877.0,169.0,0.07874045996441909,Stable,0.9445173998686802,0,0,0,0,0,0,0,202606
310,SA592705693,Coral Travel,SA,Online,Travel & Hospitality,E-commerce Plugin,Turki Al-Shammari,Active,2022-09-02,2026-06-30,265638.7973,203194.98679999998,929349.9577000001,20944.0602,8452.021,0.025099999999838203,1019.0,131.0,0.30730979874745606,Growing,0.8860869565217391,0,0,0,0,0,0,0,202606
311,EG775891339,Urban Boutique,EG,SME,Retail,E-commerce Plugin,Nadia Fouad,Active,2022-08-22,2026-06-30,35384.8594,35280.9185,132814.089,3254.8032000000003,1241.2152,-0.002600000000057702,1572.0,174.0,0.0029460939346009777,Stable,0.9003436426116839,0,0,0,0,0,0,0,202606
312,EG988355477,Falcon Consulting,EG,SME,Professional Services,E-commerce Plugin,Karim Ezzat,Active,2022-09-10,2026-06-30,36622.675599999995,33499.047699999996,129205.6268,2986.9336000000003,1279.7159000000001,-0.0007999999999696546,642.0,74.0,0.0932452745514912,Stable,0.8966480446927374,0,0,0,0,0,0,0,202606
313,EG838350410,Coral Legal,EG,SME,Professional Services,POS Terminal,Mai Ragab,Active,2022-09-11,2026-06-29,69339.2045,70269.8347,273774.5002,5775.4,2815.5505000000003,0.0001000000000320998,1392.0,148.0,-0.013243665706246488,Stable,0.9038961038961039,0,0,0,0,0,0,0,202606
314,EG792191738,Swift Mart,EG,SME,Retail,Payment Links,Mai Ragab,Active,2022-09-01,2026-06-30,121687.3745,129034.90520000001,494804.85390000005,12459.207000000002,5215.395299999999,-0.001099999999837428,7607.0,1107.0,-0.05694219473879229,Stable,0.8729630479687859,0,0,0,0,0,0,0,202606
315,SA307616362,Palm Bakery,SA,Online,Food & Beverage,E-commerce Plugin,Omar Al-Anazi,Active,2022-09-04,2026-06-30,606063.7333,632873.512,2447323.0935000004,62104.5973,25490.0453,0.005699999998796801,44400.0,4642.0,-0.042361985754903936,Stable,0.9053464377472371,0,0,0,0,0,0,0,202606
316,SA332563719,Urban Bakery,SA,SME,Food & Beverage,POS Terminal,Reem Al-Ghamdi,Active,2022-09-17,2026-06-29,7116.890600000001,6865.6883,26183.9348,445.2862,30.548399999999997,226.33470000000003,638.0,71.0,0.036588072313157714,Stable,0.8998589562764457,0,1,0,0,0,0,1,202606
317,EG105351460,Golden Deals,EG,Online,E-commerce,E-commerce Plugin,Nadia Fouad,Churned,2022-09-15,2026-02-28,0.0,43407.8052,186587.9471,4914.385899999999,2173.3643,-0.00020000000000670003,0.0,0.0,-1.0,Churned,,0,0,0,0,1,0,1,202606
318,AE761816465,Crescent Outlet,AE,SME,Retail,POS Terminal,Layla Haddad,Active,2022-10-03,2026-06-30,114910.0613,125635.52840000001,453784.1815,10540.7262,4460.6712,0.026499999999487097,3572.0,332.0,-0.08536969786008404,Stable,0.9149590163934426,0,0,0,0,0,0,0,202606
319,SA660258875,Royal Boutique,SA,SME,Retail,Direct API,Turki Al-Shammari,Active,2022-12-19,2026-06-30,162303.8693,174077.4879,640655.325,14403.9917,6406.8906,-0.0205999999999447,3228.0,346.0,-0.06763435491879025,Stable,0.9031897034135422,0,0,0,0,0,0,0,202606
320,OM224536276,Falcon Cafe,OM,SME,Food & Beverage,Payment Links,Salim Al-Harthy,Active,2022-09-15,2026-06-30,20742.7305,20416.5148,80963.7186,2419.1944,852.5185000000001,-0.320600000000013,2145.0,215.0,0.015978030687196457,Stable,0.9088983050847458,0,0,0,0,0,0,0,202606
321,EG820064163,Crescent Mart,EG,SME,Retail,Payment Links,Karim Ezzat,Active,2022-09-18,2026-06-29,10554.631300000001,9588.1744,40216.7984,1007.1275,517.1723000000001,-0.0026999999999829,567.0,83.0,0.10079675855708267,Stable,0.8723076923076923,0,0,0,0,0,0,0,202606
322,EG145730757,Cedar Schools,EG,Online,Education,Hosted Checkout,Nadia Fouad,Churned,2022-09-28,2024-12-31,0.0,0.0,0.0,0.0,0.0,0.0,0.0,0.0,,Churned,,0,0,0,0,1,0,1,202606
323,SA133788044,Silver Deals,SA,Enterprise,E-commerce,Payment Links,Turki Al-Shammari,Live - never transacted,2022-08-28,,0.0,0.0,0.0,0.0,0.0,0.0,0.0,0.0,,Live - never transacted,,0,0,0,0,0,1,1,202606
324,AE822826995,Metro Bakery,AE,SME,Food & Beverage,Payment Links,Yousef Al-Marri,Live - never transacted,2022-09-18,,0.0,0.0,0.0,0.0,0.0,0.0,0.0,0.0,,Live - never transacted,,0,0,0,0,0,1,1,202606
325,OM869421466,Cedar Traders,OM,B2B,Distribution & Wholesale,Payment Links,Salim Al-Harthy,Active,2022-09-20,2026-06-28,571275.2405000001,499752.6135,2057870.0647,11122.4187,3343.6674999999996,-0.0987999999999828,273.0,11.0,0.143116063964316,Stable,0.9612676056338029,0,0,0,0,0,0,0,202606
326,OM173271126,Silver Outlet,OM,SME,Retail,POS Terminal,Salim Al-Harthy,Churned,2022-10-01,2026-02-28,0.0,7919.4796,38662.8874,852.3268,372.87550000000005,0.0702000000000141,0.0,0.0,-1.0,Churned,,0,0,0,0,1,0,1,202606
327,SA256650029,Silver Cart,SA,Online,E-commerce,Direct API,Reem Al-Ghamdi,Active,2023-01-03,2026-06-30,659950.0851,682194.9994999999,2766770.671,69486.54609999999,25710.1711,0.0498999999990699,19699.0,2113.0,-0.032607853203708355,Stable,0.9031267192371172,0,0,0,0,0,0,0,202606
328,AE711049967,Green Trading,AE,B2B,Distribution & Wholesale,Direct API,Layla Haddad,Active,2023-01-06,2026-06-30,147383.1258,215460.3191,765088.3708,4293.8411,1256.2841000000003,-0.007400000000046699,55.0,2.0,-0.31596162850015935,Declining,0.9649122807017544,0,0,0,1,0,0,1,202606
329,AE333147027,Royal Tours,AE,Online,Travel & Hospitality,Direct API,Yousef Al-Marri,Churned,2023-01-18,2024-10-30,0.0,0.0,0.0,0.0,0.0,0.0,0.0,0.0,,Churned,,0,0,0,0,1,0,1,202606
330,AE526176909,Bright Consulting,AE,SME,Professional Services,POS Terminal,Yousef Al-Marri,Active,2022-10-29,2026-06-27,52749.9549,50044.226599999995,199226.3173,4519.3196,2105.4529,0.008600000000228796,729.0,71.0,0.05406674223635625,Stable,0.91125,0,0,0,0,0,0,0,202606
331,AE317795493,Silver Online,AE,Enterprise,E-commerce,E-commerce Plugin,Layla Haddad,Active,2022-10-09,2026-06-30,1018473.8753,1029455.0212999999,4198998.7794,63470.0653,2100.6197,0.0159999999987121,13968.0,1380.0,-0.010666950738783045,Stable,0.910086004691165,0,0,0,0,0,0,0,202606
332,EG215045135,Prime Travel,EG,Enterprise,Travel & Hospitality,Hosted Checkout,Karim Ezzat,Active,2022-11-03,2026-06-30,223848.05680000002,200801.4045,915515.507,14641.204100000003,904.9296000000003,0.005400000000577271,1114.0,159.0,0.11477336205584167,Stable,0.8750981932443048,0,0,0,0,0,0,0,202606
333,AE628221217,Amber Legal,AE,SME,Professional Services,POS Terminal,Layla Haddad,Active,2022-10-21,2026-06-29,11084.008,15848.710300000002,59687.73250000001,1405.1384999999998,666.4397,-0.0068000000000267,99.0,8.0,-0.3006365950168199,Declining,0.9252336448598131,0,0,0,1,0,0,1,202606
334,OM334471218,Blue Cart,OM,Online,E-commerce,Hosted Checkout,Salim Al-Harthy,Active,2022-10-29,2026-06-30,385189.4929,376353.5498,1514572.0151,33297.269400000005,11454.534,0.09859999999935098,6138.0,788.0,0.02347777270785831,Stable,0.8862258157666763,0,0,0,0,0,0,0,202606
335,SA945807399,Oasis Institute,SA,SME,Education,Payment Links,Turki Al-Shammari,Active,2022-10-03,2026-06-28,55671.6244,72650.2004,240491.9601,5359.707000000001,2341.8391,-0.0006999999999663994,393.0,41.0,-0.23370308555955477,Stable,0.9055299539170507,0,0,0,0,0,0,0,202606
336,EG819867905,Palm EdTech,EG,Online,Education,Direct API,Nadia Fouad,Active,2022-11-27,2026-06-26,7160.4572,6415.258,29568.6146,617.6179,257.14829999999995,-0.0015000000000211858,46.0,5.0,0.11616044124803711,Stable,0.9019607843137255,0,0,0,0,0,0,0,202606
337,SA971949588,Royal Outlet,SA,Enterprise,Retail,POS Terminal,Omar Al-Anazi,Onboarding (not live),,,0.0,0.0,0.0,0.0,0.0,0.0,0.0,0.0,,Onboarding (not live),,0,0,0,0,0,0,0,202606
338,SA531068167,Swift Cafe,SA,SME,Food & Beverage,Payment Links,Turki Al-Shammari,Live - never transacted,2022-10-09,,0.0,0.0,0.0,0.0,0.0,0.0,0.0,0.0,,Live - never transacted,,0,0,0,0,0,1,1,202606
339,SA259363162,Cedar Outlet,SA,SME,Retail,POS Terminal,Omar Al-Anazi,Active,2022-11-07,2026-06-29,70579.9412,67538.80290000001,253974.9413,5265.2905,1905.9279,-0.030099999999947693,2148.0,174.0,0.045028016035504694,Stable,0.9250645994832042,0,0,0,0,0,0,0,202606
340,SA165400141,Sand Roastery,SA,SME,Food & Beverage,E-commerce Plugin,Turki Al-Shammari,Active,2022-10-27,2026-06-30,12332.9254,11387.67,44030.622299999995,1211.6815000000001,510.3032,-0.029400000000051996,902.0,46.0,0.08300691888683111,Stable,0.9514767932489452,0,0,0,0,0,0,0,202606
341,SA721650034,Cedar Boutique,SA,SME,Retail,POS Terminal,Omar Al-Anazi,Live - never transacted,2022-11-15,,0.0,0.0,0.0,0.0,0.0,0.0,0.0,0.0,,Live - never transacted,,0,0,0,0,0,1,1,202606
342,AE998528073,Pearl Basket,AE,Online,E-commerce,Hosted Checkout,Layla Haddad,Active,2022-11-15,2026-06-30,41921.3863,45277.1708,214348.948,5479.047099999999,2438.2562,0.0074000000000185,649.0,57.0,-0.07411647946872162,Stable,0.9192634560906515,0,0,0,0,0,0,0,202606
343,EG670766393,Silver Medical,EG,SME,Healthcare,POS Terminal,Hany Soliman,Active,2022-11-19,2026-06-29,6303.373799999999,6956.434800000001,26971.208899999998,615.1967000000001,267.7319,-7.100168977064447e-15,240.0,25.0,-0.09387869199895346,Stable,0.9056603773584906,0,0,0,0,0,0,0,202606
344,EG468145711,Nova Market,EG,SME,Retail,POS Terminal,Karim Ezzat,Active,2022-11-26,2026-06-29,11092.3724,10672.8772,44155.28599999999,1119.5778,557.4849999999999,0.00350000000000239,731.0,54.0,0.03930479027717094,Stable,0.9312101910828026,0,0,0,0,0,0,0,202606
345,AE671906697,Royal Cafe,AE,Enterprise,Food & Beverage,Hosted Checkout,Layla Haddad,Active,2022-12-16,2026-06-30,3641996.0194,6125293.2147,27290181.588000003,502740.11240000004,53270.173,-0.016899999991437605,210536.0,13076.0,-0.4054168687533802,Declining,0.9415237107131996,0,0,0,1,0,0,1,202606
346,SA620446884,Amber Outlet,SA,SME,Retail,POS Terminal,Omar Al-Anazi,Active,2022-12-04,2026-06-30,123602.6291,108942.813,450443.29219999997,9756.552500000002,3889.7352000000005,0.0160999999998237,3993.0,234.0,0.13456432504638935,Stable,0.9446415897799858,0,0,0,0,0,0,0,202606
347,EG537272220,Green Deals,EG,Online,E-commerce,E-commerce Plugin,Karim Ezzat,Active,2022-12-01,2026-06-30,45212.2316,47169.8042,186625.65310000003,4120.467799999999,1454.5367999999999,-0.0020999999999843,1359.0,173.0,-0.04150054538492232,Stable,0.8870757180156658,0,0,0,0,0,0,0,202606
348,EG511253320,Coral Bakery,EG,SME,Food & Beverage,POS Terminal,Nadia Fouad,Active,2022-11-23,2026-06-30,91851.5041,84298.2098,321394.2108,10743.5048,5143.722400000001,-0.00030000000003820005,13991.0,1530.0,0.08960207242740295,Stable,0.9014238773274917,0,0,0,0,0,0,0,202606
349,AE609791679,Golden Mart,AE,SME,Retail,Hosted Checkout,Yousef Al-Marri,Active,2022-12-25,2026-06-29,8595.8204,12289.7939,45674.0284,1476.2535,600.8304,-0.0018000000000312003,299.0,30.0,-0.30057245304984326,Declining,0.9088145896656535,0,0,0,1,0,0,1,202606
350,SA977935480,Silver Mart,SA,SME,Retail,POS Terminal,Turki Al-Shammari,Active,2022-12-10,2026-06-29,210860.416,222459.45309999998,844800.6388999999,20097.700499999995,9574.342499999999,-0.0209000000006652,7628.0,468.0,-0.05214000546331464,Stable,0.942193675889328,0,0,0,0,0,0,0,202606
351,EG214548323,Zenith Distribution,EG,B2B,Distribution & Wholesale,Direct API,Nadia Fouad,Onboarding (not live),,,0.0,0.0,0.0,0.0,0.0,0.0,0.0,0.0,,Onboarding (not live),,0,0,0,0,0,0,0,202606
352,EG699756627,Golden Legal,EG,SME,Professional Services,Payment Links,Mai Ragab,Active,2022-12-01,2026-06-30,7718.248100000001,8958.9552,37306.539500000006,839.5827,459.95619999999997,0.0005999999999914859,131.0,14.0,-0.13848792323462,Stable,0.903448275862069,0,0,0,0,0,0,0,202606
353,OM441483176,Swift Shop,OM,Online,E-commerce,Direct API,Salim Al-Harthy,Active,2023-02-10,2026-06-30,55752.6915,62032.2491,246556.74870000003,5300.7549,1688.0981000000002,0.38790000000005864,1214.0,109.0,-0.10123053236191625,Stable,0.9176114890400605,0,0,0,0,0,0,0,202606
354,EG706540547,Horizon Outlet,EG,SME,Retail,Payment Links,Mai Ragab,Live - never transacted,2022-12-04,,0.0,0.0,0.0,0.0,0.0,0.0,0.0,0.0,,Live - never transacted,,0,0,0,0,0,1,1,202606
355,SA462175242,Sand Stores,SA,SME,Retail,POS Terminal,Turki Al-Shammari,Active,2022-12-28,2026-06-30,43132.1838,42298.1783,167832.527,3824.5563,1621.1192,0.0008999999998594022,1407.0,134.0,0.01971729122906457,Stable,0.9130434782608695,0,0,0,0,0,0,0,202606
356,SA280340580,Blue Services,SA,SME,Professional Services,POS Terminal,Reem Al-Ghamdi,Active,2022-12-25,2026-06-30,12547.8956,12527.2988,53335.0403,1100.8222,510.7545,-0.006200000000035399,165.0,11.0,0.001644153326972559,Stable,0.9375,0,0,0,0,0,0,0,202606
357,EG331354329,Blue Grill,EG,Enterprise,Food & Beverage,Hosted Checkout,Karim Ezzat,Active,2022-12-13,2026-06-30,234009.222,278761.3027,1143987.2489,28645.004600000004,4324.771,-0.0008999999990920242,32099.0,3422.0,-0.16053907147995256,Stable,0.903662622110864,0,0,0,0,0,0,0,202606
358,SA845256570,Metro Outlet,SA,SME,Retail,Direct API,Omar Al-Anazi,Onboarding (not live),,,0.0,0.0,0.0,0.0,0.0,0.0,0.0,0.0,,Onboarding (not live),,0,0,0,0,0,0,0,202606
359,SA218399497,Royal Grill,SA,SME,Food & Beverage,POS Terminal,Omar Al-Anazi,Active,2023-01-05,2026-06-30,44508.1198,48867.2243,169118.27169999998,4920.19,1878.0166,0.004000000000076,4258.0,384.0,-0.08920303050648205,Stable,0.9172770357604481,0,0,0,0,0,0,0,202606
360,EG219821138,Crescent Cloud,EG,Online,Digital Services,Hosted Checkout,Nadia Fouad,Active,2023-01-21,2026-06-30,34390.1573,34686.2788,138039.5711,4342.2401,1852.8968,0.0002999999999248018,4086.0,505.0,-0.008537136592467253,Stable,0.8900021781746896,0,0,0,0,0,0,0,202606
361,EG130340960,Zenith Roastery,EG,SME,Food & Beverage,Direct API,Hany Soliman,Onboarding (not live),,,0.0,0.0,0.0,0.0,0.0,0.0,0.0,0.0,,Onboarding (not live),,0,0,0,0,0,0,0,202606
362,SA914955375,Zenith Cart,SA,Online,E-commerce,E-commerce Plugin,Omar Al-Anazi,Active,2023-01-01,2026-06-30,38275.4725,49024.0133,223838.5227,4581.2399,1920.2506999999998,0.011699999999990305,621.0,53.0,-0.21925052798563915,Stable,0.9213649851632048,0,0,0,0,0,0,0,202606
363,AE853501645,Crescent Streaming,AE,Online,Digital Services,Direct API,Layla Haddad,Active,2023-03-16,2026-06-30,302509.7393,302271.18299999996,1211024.9168,33829.991200000004,13287.637600000002,0.011399999998957102,17984.0,1844.0,0.0007892128440177997,Stable,0.9070002017349204,0,0,0,0,0,0,0,202606
364,SA315873581,Blue Streaming,SA,Online,Digital Services,E-commerce Plugin,Reem Al-Ghamdi,Active,2023-01-10,2026-06-30,152999.88780000003,152514.6931,612884.2694000001,10613.6202,639.8304000000002,6084.0454,14088.0,1402.0,0.0031812980778310454,Stable,0.9094899935442221,0,1,0,0,0,0,1,202606
365,EG140153041,Sand Outlet,EG,SME,Retail,POS Terminal,Karim Ezzat,Active,2023-01-26,2026-06-29,5694.4693,5011.5041,22158.4158,637.1217,291.82160000000005,-0.00540000000001562,607.0,66.0,0.13627948543432292,Stable,0.9019316493313522,0,0,0,0,0,0,0,202606
366,EG431057266,Crescent Stays,EG,Online,Travel & Hospitality,Direct API,Mai Ragab,Active,2023-03-25,2026-06-30,75221.84539999999,66176.0857,300780.7796,6848.554999999999,3044.2977,-0.001200000000096513,458.0,42.0,0.13669227492553243,Stable,0.916,0,0,0,0,0,0,0,202606
367,AE818669574,Sand Consulting,AE,SME,Professional Services,POS Terminal,Yousef Al-Marri,Active,2023-01-11,2026-06-27,33466.584,32779.0244,124783.3217,2808.1077999999998,1193.4344999999998,0.0150999999999895,471.0,22.0,0.020975596820996308,Stable,0.9553752535496958,0,0,0,0,0,0,0,202606
368,OM141192539,Oasis Shop,OM,Online,E-commerce,Direct API,Salim Al-Harthy,Active,2023-03-24,2026-06-30,657546.6058,629804.6032,2453199.7401,54387.5178,17737.555,-0.14599999999927604,16393.0,2364.0,0.044048586591848536,Stable,0.8739670523004744,0,0,0,0,0,0,0,202606
369,SA640104269,Amber Tours,SA,Enterprise,Travel & Hospitality,E-commerce Plugin,Turki Al-Shammari,Active,2023-01-19,2026-06-30,458641.8038,359269.683,1800764.0424,29337.7654,5027.802100000001,0.0136999999992895,965.0,65.0,0.27659478520485115,Growing,0.9368932038834952,0,0,0,0,0,0,0,202606
370,EG583232915,Metro Shop,EG,Online,E-commerce,Direct API,Karim Ezzat,Onboarding (not live),,,0.0,0.0,0.0,0.0,0.0,0.0,0.0,0.0,,Onboarding (not live),,0,0,0,0,0,0,0,202606
371,SA517229087,Green Outlet,SA,SME,Retail,Payment Links,Reem Al-Ghamdi,Live - never transacted,2023-01-05,,0.0,0.0,0.0,0.0,0.0,0.0,0.0,0.0,,Live - never transacted,,0,0,0,0,0,1,1,202606
372,EG872519745,Horizon Grill,EG,SME,Unclassified,E-commerce Plugin,Nadia Fouad,Churned,2023-01-18,2025-06-30,0.0,0.0,0.0,0.0,-0.4499999999999999,0.0,0.0,0.0,,Churned,,0,0,0,0,1,0,1,202606
373,SA268987858,Silver Cloud,SA,Online,Digital Services,Direct API,Reem Al-Ghamdi,Active,2023-04-06,2026-06-30,27257.7125,30259.8695,115318.99199999998,3139.7252000000003,1260.7077,0.0341999999999981,1428.0,242.0,-0.09921248999438015,Stable,0.8550898203592814,0,0,0,0,0,0,0,202606
374,EG645757397,Urban Trading,EG,B2B,Distribution & Wholesale,Payment Links,Karim Ezzat,Onboarding (not live),,,0.0,0.0,0.0,0.0,0.0,0.0,0.0,0.0,,Onboarding (not live),,0,0,0,0,0,0,0,202606
375,EG873952802,Horizon Boutique,EG,Enterprise,Retail,Hosted Checkout,Nadia Fouad,Active,2023-02-03,2026-06-30,1130185.9847,1161181.4543,4629205.323,74346.89570000001,8354.4688,-0.0032000000010157,43094.0,4534.0,-0.026693045677934388,Stable,0.9048038968673889,0,0,0,0,0,0,0,202606
376,EG578179109,Blue Hotels,EG,Online,Travel & Hospitality,Direct API,Karim Ezzat,Active,2023-03-01,2026-06-30,82620.0081,56006.917799999996,288727.9842,6660.6682,2772.7967,-0.001500000000191902,354.0,51.0,0.4751750559642476,Growing,0.8740740740740741,0,0,0,0,0,0,0,202606
377,OM450405182,Horizon Cafe,OM,Online,Food & Beverage,Direct API,Salim Al-Harthy,Active,2023-05-03,2026-06-30,6269.336800000001,8606.3196,33790.0386,968.322,332.5908,0.2034000000000018,503.0,52.0,-0.27154264640602,Stable,0.9063063063063063,0,0,0,0,0,0,0,202606
378,EG564007643,Prime Hotels,EG,Online,Travel & Hospitality,Direct API,Mai Ragab,Onboarding (not live),,,0.0,0.0,0.0,0.0,0.0,0.0,0.0,0.0,,Onboarding (not live),,0,0,0,0,0,0,0,202606
379,AE618504164,Prime Kitchen,AE,SME,Food & Beverage,POS Terminal,Layla Haddad,Active,2023-02-17,2026-06-30,105020.81989999999,117915.2891,429341.6258,12066.4178,4504.8467,-0.015999999999508102,7123.0,698.0,-0.10935366650430413,Stable,0.9107531006265184,0,0,0,0,0,0,0,202606
380,EG785459891,Cedar Express,EG,B2B,Logistics,Payment Links,Mai Ragab,Active,2023-01-26,2026-06-29,639654.7891,717215.5836,2549634.4606999997,15558.139299999999,5962.5305,0.0003999999998993021,1133.0,48.0,-0.10814153550692587,Stable,0.9593564775613886,0,0,0,0,0,0,0,202606
381,EG191889591,Sand Shop,EG,Online,E-commerce,Direct API,Mai Ragab,Active,2023-05-21,2026-06-30,212953.0093,200841.14130000002,806021.5150000001,21287.159299999996,7722.413,-0.00019999999994950012,7565.0,828.0,0.06030571187557769,Stable,0.9013463600619563,0,0,0,0,0,0,0,202606
382,SA433295013,Metro Connect,SA,B2B,Telecom & Utilities,Direct API,Reem Al-Ghamdi,Active,2023-04-12,2026-06-25,579105.1413,535561.7654,2195204.7999,31666.67,6142.1666,-0.0034000000002833994,15628.0,695.0,0.0813041160014071,Stable,0.9574220425166943,0,0,0,0,0,0,0,202606
383,EG196294472,Blue Roastery,EG,SME,Food & Beverage,Payment Links,Hany Soliman,Live - never transacted,2023-01-16,,0.0,0.0,0.0,0.0,0.0,0.0,0.0,0.0,,Live - never transacted,,0,0,0,0,0,1,1,202606
384,AE345303542,Pearl Grill,AE,SME,Food & Beverage,POS Terminal,Yousef Al-Marri,Active,2023-02-14,2026-06-30,42124.4108,48272.8768,164908.74219999998,4930.7959,1973.6462000000001,-0.003100000000074501,3352.0,294.0,-0.12736895763378248,Stable,0.9193636862314866,0,0,0,0,0,0,0,202606
385,EG623813968,Coral Services,EG,SME,Professional Services,POS Terminal,Nadia Fouad,Active,2023-02-23,2026-06-30,69268.21780000001,66804.2695,273692.62940000003,5784.4466,2775.6028999999994,0.002200000000015898,1573.0,194.0,0.03688309622186675,Stable,0.8902093944538766,0,0,0,0,0,0,0,202606
386,SA851607798,Zenith Cafe,SA,Enterprise,Food & Beverage,POS Terminal,Turki Al-Shammari,Active,2023-02-22,2026-06-30,270756.4642,287616.5206,1093634.6944,15991.196699999997,365.54499999999996,-0.00010000000020229894,16807.0,1096.0,-0.058619916424925984,Stable,0.9387812098530972,0,0,0,0,0,0,0,202606
387,SA589749602,Amber Online,SA,Online,E-commerce,Hosted Checkout,Omar Al-Anazi,Active,2023-03-16,2026-06-30,829963.4002,856077.5677,3464899.6102,73777.4007,30729.1089,0.0034000000014202,17888.0,2259.0,-0.030504440818558295,Stable,0.8878741251799276,0,0,0,0,0,0,0,202606
388,AE307567415,Palm Online,AE,Enterprise,E-commerce,Direct API,Layla Haddad,Active,2023-04-24,2026-06-30,7959449.1984,7621271.8226,29651796.7603,569214.1403,127091.01379999999,0.025399999991350397,160344.0,14141.0,0.044372826960084884,Stable,0.9189557841648279,0,0,0,0,0,0,0,202606
389,AE779121586,Swift Cargo,AE,B2B,Logistics,Payment Links,Yousef Al-Marri,Live - never transacted,2023-02-12,,0.0,0.0,0.0,0.0,0.0,0.0,0.0,0.0,,Live - never transacted,,0,0,0,0,0,1,1,202606
390,OM526413827,Amber Stores,OM,SME,Retail,POS Terminal,Salim Al-Harthy,Active,2023-03-17,2026-06-30,17204.6294,18024.733399999997,69132.50959999999,1556.6188,628.0436000000001,-0.22460000000000938,706.0,50.0,-0.04549881442351851,Stable,0.9338624338624338,0,0,0,0,0,0,0,202606
391,EG167120747,Zenith Schools,EG,SME,Education,POS Terminal,Mai Ragab,Active,2023-03-18,2026-06-30,32490.4862,35772.6829,132639.7333,2928.8895,1418.4714999999999,-0.0011999999999261022,430.0,57.0,-0.09175148280533357,Stable,0.8829568788501027,0,0,0,0,0,0,0,202606
392,EG235283002,Prime Legal,EG,B2B,Professional Services,Direct API,Karim Ezzat,Active,2023-06-25,2026-06-30,1238570.1088,1317677.8956,4300167.4262999995,50124.50929999999,14819.7396,-0.0005000000014661757,23217.0,1366.0,-0.06003575461359503,Stable,0.9444331448562014,0,0,0,0,0,0,0,202606
393,EG325044783,Zenith Market,EG,SME,Retail,POS Terminal,Nadia Fouad,Active,2023-03-12,2026-06-30,7839.3549,9723.203300000001,37394.4895,838.2497999999999,383.3171000000001,0.0006000000000058997,386.0,44.0,-0.19374771275223676,Stable,0.8976744186046511,0,0,0,0,0,0,0,202606
394,AE172124002,Nova Clinics,AE,SME,Healthcare,Payment Links,Layla Haddad,Active,2023-03-02,2026-06-30,135678.7799,131149.59749999997,610119.2932,15171.838399999999,7599.9081,-0.033800000000155594,3854.0,310.0,0.03453447426706758,Stable,0.925552353506244,0,0,0,0,0,0,0,202606
395,EG643904514,Golden Roastery,EG,Online,Food & Beverage,Direct API,Hany Soliman,Churned,2023-04-02,2025-02-28,0.0,0.0,0.0,0.0,0.0,0.0,0.0,0.0,,Churned,,0,0,0,0,1,0,1,202606
396,EG389262771,Cedar Roastery,EG,Online,Food & Beverage,Direct API,Mai Ragab,Active,2023-05-07,2026-06-30,108854.6897,131155.8547,545454.6057,16608.2748,7392.639099999999,-0.0007000000002790063,14324.0,1647.0,-0.17003560421309957,Stable,0.8968755870014401,0,0,0,0,0,0,0,202606
397,EG763647415,Cedar Travel,EG,Online,Travel & Hospitality,Direct API,Nadia Fouad,Active,2023-04-25,2026-06-30,41313.0338,41013.2905,168807.85359999997,3457.1236000000004,1550.8128999999997,0.0007999999999411979,288.0,50.0,0.007308443100901514,Stable,0.8520710059171598,0,0,0,0,0,0,0,202606
398,EG204164575,Silver Roastery,EG,Online,Food & Beverage,Direct API,Karim Ezzat,Active,2023-04-22,2026-06-30,8935.5475,10045.6607,37094.6989,1373.5662000000002,578.6162000000002,-0.0013999999999753,1260.0,158.0,-0.11050673849655301,Stable,0.8885754583921015,0,0,0,0,0,0,0,202606
399,EG518450463,Pearl Stores,EG,SME,Retail,Direct API,Karim Ezzat,Active,2023-05-22,2026-06-30,2777.4999,3541.005,15450.138600000002,406.1629000000001,199.1617,0.0007999999999945417,154.0,15.0,-0.21561819314008318,Stable,0.9112426035502958,0,0,0,0,0,0,0,202606
400,SA306273888,Golden Stores,SA,SME,Retail,E-commerce Plugin,Omar Al-Anazi,Active,2023-03-25,2026-06-30,405788.1149,394555.09349999996,1652517.1757999999,46634.06940000001,19460.4879,-0.021700000000691902,17226.0,1728.0,0.028470096027286562,Stable,0.9088319088319088,0,0,0,0,0,0,0,202606
401,EG920470377,Blue Shop,EG,Online,E-commerce,E-commerce Plugin,Hany Soliman,Active,2023-04-11,2026-06-30,43491.221699999995,45001.0778,179908.0937,4520.2062,1894.3615999999995,0.002799999999865498,1479.0,203.0,-0.033551554180775746,Stable,0.8793103448275862,0,0,0,0,0,0,0,202606
402,OM590437110,Nova Outlet,OM,SME,Retail,POS Terminal,Salim Al-Harthy,Active,2023-04-02,2026-06-30,2720.2862,2724.3173,10106.0861,231.3125,97.8418,-0.0917999999999973,95.0,9.0,-0.0014796734580073147,Stable,0.9134615384615384,0,0,0,0,0,0,0,202606
403,SA426436949,Falcon Grill,SA,Online,Food & Beverage,Hosted Checkout,Turki Al-Shammari,Churned,2023-03-30,2026-01-31,0.0,286541.97370000003,2013540.9089999998,56806.419599999994,22762.182399999998,-0.018200000000433602,0.0,0.0,-1.0,Churned,,0,0,0,0,1,0,1,202606
404,OM731245762,Golden Movers,OM,B2B,Logistics,Direct API,Salim Al-Harthy,Onboarding (not live),,,0.0,0.0,0.0,0.0,0.0,0.0,0.0,0.0,,Onboarding (not live),,0,0,0,0,0,0,0,202606
405,EG750576392,Swift Market,EG,SME,Retail,POS Terminal,Karim Ezzat,Active,2023-04-07,2026-06-29,8302.0774,8779.417300000001,41461.48559999999,1122.0479,483.9506,0.0015000000000495,637.0,83.0,-0.05437033958962183,Stable,0.8847222222222222,0,0,0,0,0,0,0,202606
406,SA813270664,Blue Kitchen,SA,SME,Food & Beverage,POS Terminal,Omar Al-Anazi,Active,2023-04-20,2026-06-30,5924.7893,6098.0239,22045.827,626.0073000000001,298.7246,-0.016600000000018197,481.0,31.0,-0.028408317651887158,Stable,0.939453125,0,0,0,0,0,0,0,202606
407,AE565285480,Blue Learning,AE,Online,Education,Hosted Checkout,Layla Haddad,Live - never transacted,2023-04-13,,0.0,0.0,0.0,0.0,0.0,0.0,0.0,0.0,,Live - never transacted,,0,0,0,0,0,1,1,202606
408,EG229215706,Amber Bakery,EG,SME,Food & Beverage,Payment Links,Mai Ragab,Active,2023-03-30,2026-06-30,6168.4725,5758.8886,24332.3371,733.4546,375.6852,0.0027999999999932,690.0,113.0,0.07112203906844101,Stable,0.8592777085927771,0,0,0,0,0,0,0,202606
409,EG799496821,Green Boutique,EG,Enterprise,Retail,E-commerce Plugin,Hany Soliman,Active,2023-04-26,2026-06-30,484345.8232,496084.8358,1994148.7119,34250.8603,6110.6964,-0.0010999999994963528,28228.0,3675.0,-0.02366331674111619,Stable,0.8848070714352883,0,0,0,0,0,0,0,202606
410,EG165675111,Prime Services,EG,SME,Professional Services,POS Terminal,Mai Ragab,Active,2023-04-26,2026-06-29,7675.634899999999,8197.9737,30546.918999999998,676.9056,300.64349999999996,0.0016999999999851,185.0,21.0,-0.0637155984045181,Stable,0.8980582524271845,0,0,0,0,0,0,0,202606
411,EG767462127,Coral Hotels,EG,Online,Travel & Hospitality,E-commerce Plugin,Nadia Fouad,Live - never transacted,2023-04-09,,0.0,0.0,0.0,0.0,0.0,0.0,0.0,0.0,,Live - never transacted,,0,0,0,0,0,1,1,202606
412,SA592950341,Crescent Clinics,SA,SME,Healthcare,POS Terminal,Turki Al-Shammari,Active,2023-05-02,2026-06-29,41488.1382,43134.4874,167191.68060000002,3597.7915,1641.1131999999998,-0.014399999999966002,756.0,55.0,-0.03816781650220786,Stable,0.9321824907521579,0,0,0,0,0,0,0,202606
413,EG486344028,Horizon Roastery,EG,SME,Food & Beverage,POS Terminal,Hany Soliman,Active,2023-05-09,2026-06-30,108476.1663,101215.24369999999,410150.7029999999,12916.754100000002,4662.4454000000005,0.0034999999993484267,16545.0,1720.0,0.07173744126449212,Stable,0.9058308239802901,0,0,0,0,0,0,0,202606
414,AE468236624,Royal Journeys,AE,Online,Travel & Hospitality,E-commerce Plugin,Yousef Al-Marri,Active,2023-04-27,2026-06-30,136408.041,124569.1787,635005.9495000001,17111.1129,6761.5197,-0.0008000000007087013,323.0,56.0,0.09503845512629998,Stable,0.8522427440633246,0,0,0,0,0,0,0,202606
415,AE728035822,Oasis Boutique,AE,SME,Retail,POS Terminal,Yousef Al-Marri,Active,2023-05-04,2026-06-30,16547.0064,20214.949500000002,77886.7749,2002.1567,878.0011999999999,0.05340000000001031,569.0,39.0,-0.1814470572879741,Stable,0.9358552631578947,0,0,0,0,0,0,0,202606
416,EG687418503,Falcon Roastery,EG,SME,Food & Beverage,Payment Links,Nadia Fouad,Live - never transacted,2023-04-11,,0.0,0.0,0.0,0.0,0.0,0.0,0.0,0.0,,Live - never transacted,,0,0,0,0,0,1,1,202606
417,EG449636175,Amber Kitchen,EG,Enterprise,Food & Beverage,POS Terminal,Karim Ezzat,Active,2023-05-07,2026-06-30,4381943.286300001,4672366.6259,17863145.1169,338874.8864000001,26531.6651,-0.005499999995663021,529989.0,48160.0,-0.06215765218211182,Stable,0.9166996743054127,0,0,0,0,0,0,0,202606
418,OM898958663,Urban Academy,OM,SME,Education,POS Terminal,Salim Al-Harthy,Active,2023-04-29,2026-06-28,14073.186,16334.6948,75482.2626,1552.8478,664.3704,-0.07650000000003843,91.0,10.0,-0.13844818208663437,Stable,0.900990099009901,0,0,0,0,0,0,0,202606
419,EG193187403,Green Wholesale,EG,B2B,Distribution & Wholesale,Payment Links,Hany Soliman,Live - never transacted,2023-04-18,,0.0,0.0,0.0,0.0,0.0,0.0,0.0,0.0,,Live - never transacted,,0,0,0,0,0,1,1,202606
420,SA767514500,Falcon Hotels,SA,Enterprise,Unclassified,Direct API,Omar Al-Anazi,Onboarding (not live),,,0.0,0.0,0.0,0.0,0.0,0.0,0.0,0.0,,Onboarding (not live),,0,0,0,0,0,0,0,202606
421,SA837285263,Cedar Services,SA,SME,Professional Services,POS Terminal,Turki Al-Shammari,Active,2023-05-16,2026-06-30,6290.8429,5475.117,27013.8723,554.9376,250.3727,-0.017999999999993483,71.0,12.0,0.14898784811356533,Stable,0.8554216867469879,0,0,0,0,0,0,0,202606
422,AE230827204,Coral Labs,AE,SME,Healthcare,Payment Links,Layla Haddad,Live - never transacted,2023-04-25,,0.0,0.0,0.0,0.0,0.0,0.0,0.0,0.0,,Live - never transacted,,0,0,0,0,0,1,1,202606
423,EG962999704,Cedar Telecom,EG,B2B,Telecom & Utilities,Payment Links,Mai Ragab,Churned,2023-04-21,2024-12-31,0.0,0.0,0.0,0.0,0.0,0.0,0.0,0.0,,Churned,,0,0,0,0,1,0,1,202606
424,EG730442129,Amber Distribution,EG,B2B,Distribution & Wholesale,Payment Links,Hany Soliman,Active,2023-04-27,2026-06-30,72159.1231,97041.09330000001,286872.16439999995,1635.1765,356.91970000000003,0.000499999999988098,32.0,1.0,-0.25640653205625014,Declining,0.9696969696969697,0,0,0,1,0,0,1,202606
425,EG279421850,Bright Legal,EG,B2B,Professional Services,Direct API,Hany Soliman,Active,2023-06-15,2026-06-30,801969.5011999999,900319.2516000001,3313771.6522999997,35082.4446,11033.5843,0.0012000000001533243,12312.0,853.0,-0.1092387508377924,Stable,0.9352069882263577,0,0,0,0,0,0,0,202606
426,EG357144481,Pearl Cafe,EG,SME,Food & Beverage,POS Terminal,Mai Ragab,Active,2023-05-24,2026-06-30,3322.3464000000004,4342.721600000001,15443.201900000004,478.7315,217.7954,-0.0010999999999938997,449.0,63.0,-0.23496214908181087,Stable,0.876953125,0,0,0,0,0,0,0,202606
427,AE355257464,Urban Supply,AE,B2B,Distribution & Wholesale,Payment Links,Yousef Al-Marri,Active,2023-04-28,2026-06-25,474679.6814,445934.279,1949406.3584000003,10989.152900000001,4203.3423999999995,0.0135000000001355,132.0,7.0,0.06446107364623571,Stable,0.9496402877697842,0,0,0,0,0,0,0,202606
428,AE375396549,Zenith Partners,AE,SME,Professional Services,Direct API,Yousef Al-Marri,Churned,2023-06-26,2025-08-31,0.0,0.0,16539.5563,449.2392,221.7477,0.0073000000000148,0.0,0.0,,Churned,,0,0,0,0,1,0,1,202606
429,EG744743048,Metro Cart,EG,Online,E-commerce,Direct API,Nadia Fouad,Active,2023-08-13,2026-06-30,253174.1131,244493.67100000003,958127.1588000001,26532.801200000005,12533.6381,0.0023000000003319003,9709.0,1147.0,0.035503749706469724,Stable,0.8943441414885778,0,0,0,0,0,0,0,202606
430,SA118340145,Amber Roastery,SA,SME,Food & Beverage,Direct API,Reem Al-Ghamdi,Churned,2023-06-19,2025-08-31,0.0,0.0,26134.0933,758.2881,310.7969,0.001499999999964498,0.0,0.0,,Churned,,0,0,0,0,1,0,1,202606
431,EG910545189,Amber Shop,EG,Online,E-commerce,Hosted Checkout,Mai Ragab,Live - never transacted,2023-06-09,,0.0,0.0,0.0,0.0,0.0,0.0,0.0,0.0,,Live - never transacted,,0,0,0,0,0,1,1,202606
432,AE125858239,Green Basket,AE,Online,E-commerce,Direct API,Layla Haddad,Active,2023-06-17,2026-06-30,387574.5601,466048.91469999996,2018498.9712999999,51856.591100000005,17398.673,-0.012499999999818101,6125.0,913.0,-0.16838222796959978,Stable,0.8702756464904803,0,0,0,0,0,0,0,202606
433,EG903275069,Palm Roastery,EG,Online,Food & Beverage,Hosted Checkout,Nadia Fouad,Active,2023-06-04,2026-06-30,503899.52430000005,503506.41359999997,1864931.5596,56090.21329999999,23600.554,0.0008000000016184004,49115.0,8220.0,0.0007807461620784358,Stable,0.8566320746489927,0,0,0,0,0,0,0,202606
434,SA913968180,Horizon Freight,SA,B2B,Logistics,Direct API,Reem Al-Ghamdi,Onboarding (not live),,,0.0,0.0,0.0,0.0,0.0,0.0,0.0,0.0,,Onboarding (not live),,0,0,0,0,0,0,0,202606
435,SA473410995,Golden Basket,SA,Online,E-commerce,Direct API,Omar Al-Anazi,Active,2023-06-28,2026-06-30,37430.3409,38556.6211,154275.7225,3853.4474999999998,1522.5520000000001,-0.0035000000000308005,810.0,102.0,-0.029211071091496496,Stable,0.8881578947368421,0,0,0,0,0,0,0,202606
436,OM679216914,Prime Schools,OM,SME,Education,Payment Links,Salim Al-Harthy,Live - never transacted,2023-05-25,,0.0,0.0,0.0,0.0,0.0,0.0,0.0,0.0,,Live - never transacted,,0,0,0,0,0,1,1,202606
437,SA178095010,Green Advisory,SA,B2B,Professional Services,Payment Links,Turki Al-Shammari,Live - never transacted,2023-06-05,,0.0,0.0,0.0,0.0,0.0,0.0,0.0,0.0,,Live - never transacted,,0,0,0,0,0,1,1,202606
438,EG806758000,Prime Boutique,EG,SME,Retail,POS Terminal,Karim Ezzat,Active,2023-06-25,2026-06-30,17375.7808,21483.6646,74496.48009999999,1826.2962000000002,817.0985000000001,0.0021999999999450003,856.0,96.0,-0.191209641208046,Stable,0.8991596638655462,0,0,0,0,0,0,0,202606
439,SA397922238,Crescent Shop,SA,Online,E-commerce,Hosted Checkout,Reem Al-Ghamdi,Onboarding (not live),,,0.0,0.0,0.0,0.0,0.0,0.0,0.0,0.0,,Onboarding (not live),,0,0,0,0,0,0,0,202606
440,EG529532780,Horizon Shop,EG,Online,E-commerce,Direct API,Karim Ezzat,Active,2023-09-20,2026-06-30,27213.687400000003,31615.014600000002,120610.758,3219.5742,1232.8560000000002,-0.00029999999995320185,835.0,91.0,-0.1392163582932522,Stable,0.9017278617710583,0,0,0,0,0,0,0,202606
441,AE299289826,Bright Apps,AE,Online,Digital Services,E-commerce Plugin,Layla Haddad,Churned,2023-06-22,2025-03-31,0.0,0.0,0.0,0.0,0.0,0.0,0.0,0.0,,Churned,,0,0,0,0,1,0,1,202606
442,EG493663143,Cedar Bakery,EG,SME,Food & Beverage,Payment Links,Karim Ezzat,Onboarding (not live),,,0.0,0.0,0.0,0.0,0.0,0.0,0.0,0.0,,Onboarding (not live),,0,0,0,0,0,0,0,202606
443,SA362023155,Nova Grill,SA,Online,Food & Beverage,Direct API,Reem Al-Ghamdi,Active,2023-10-13,2026-06-30,168108.6133,179299.44530000002,687717.4527,18219.2701,6848.2707,0.053400000000692595,9483.0,1403.0,-0.06241420312971834,Stable,0.871118868271174,0,0,0,0,0,0,0,202606
444,SA293357195,Bright Kitchen,SA,SME,Food & Beverage,Hosted Checkout,Turki Al-Shammari,Onboarding (not live),,,0.0,0.0,0.0,0.0,0.0,0.0,0.0,0.0,,Onboarding (not live),,0,0,0,0,0,0,0,202606
445,SA344056722,Cedar Cargo,SA,B2B,Logistics,Direct API,Reem Al-Ghamdi,Active,2023-08-30,2026-06-30,915113.1865999999,721515.464,3126504.5224,17351.632100000003,4284.5446999999995,-0.009999999999649603,903.0,17.0,0.2683209608935005,Growing,0.9815217391304348,0,0,0,0,0,0,0,202606
446,OM284198769,Royal Market,OM,Enterprise,Retail,POS Terminal,Salim Al-Harthy,Active,2023-07-06,2026-06-30,1186126.2425000002,1217508.374,4878153.940699999,75871.20859999998,15295.468399999998,-0.3757999999997991,30693.0,2271.0,-0.025775700742736656,Stable,0.9311066618128868,0,0,0,0,0,0,0,202606
447,AE934539772,Bright Services,AE,SME,Professional Services,POS Terminal,Layla Haddad,Active,2023-07-23,2026-06-30,22082.2818,29455.0789,98843.17999999998,2278.0255,1056.4950000000001,-0.018100000000032097,237.0,26.0,-0.2503064794031158,Declining,0.9011406844106464,0,0,0,1,0,0,1,202606
448,EG740392546,Golden Advisory,EG,SME,Professional Services,Payment Links,Karim Ezzat,Live - never transacted,2023-06-30,,0.0,0.0,0.0,0.0,0.0,0.0,0.0,0.0,,Live - never transacted,,0,0,0,0,0,1,1,202606
449,EG134531316,Zenith Online,EG,Online,E-commerce,Hosted Checkout,Karim Ezzat,Active,2023-07-16,2026-06-30,175905.8256,162072.7075,651278.408,16943.1244,7469.027800000001,0.005199999999830799,5038.0,861.0,0.08535131123172002,Stable,0.8540430581454483,0,0,0,0,0,0,0,202606
450,EG899495597,Amber Partners,EG,SME,Professional Services,Payment Links,Mai Ragab,Active,2023-07-02,2026-06-30,3864.7066999999997,5857.9938,23549.785700000004,550.3572,291.5235,-0.0010000000000118003,106.0,22.0,-0.34026787464336344,Stable,0.828125,0,0,0,0,0,0,0,202606
451,SA177886357,Urban Advisory,SA,SME,Professional Services,POS Terminal,Turki Al-Shammari,Active,2023-07-31,2026-06-30,16632.2239,14909.1229,72483.8562,1453.7310999999997,623.0951,-0.0102000000000402,207.0,12.0,0.11557359957103852,Stable,0.9452054794520548,0,0,0,0,0,0,0,202606
452,SA722880043,Amber Stays,SA,Online,Travel & Hospitality,Hosted Checkout,Turki Al-Shammari,Active,2023-08-06,2026-06-30,335883.08259999997,248246.1758,1178825.2331,23400.4016,9647.9095,-0.0061000000000603245,877.0,94.0,0.3530241967175551,Growing,0.9031925849639547,0,0,0,0,0,0,0,202606
453,EG832002580,Royal Institute,EG,Online,Education,Direct API,Mai Ragab,Active,2023-10-25,2026-06-30,44422.1663,52388.743200000004,189630.291,4648.2552,2197.2023,-0.001799999999946,525.0,78.0,-0.15206657792088446,Stable,0.8706467661691543,0,0,0,0,0,0,0,202606
454,AE713987880,Crescent Stores,AE,SME,Retail,POS Terminal,Layla Haddad,Active,2023-07-24,2026-06-30,137845.4653,144295.4442,564012.058,13854.673400000003,6549.5714,0.031299999999077496,3540.0,306.0,-0.04469980972552415,Stable,0.9204368174726989,0,0,0,0,0,0,0,202606
455,SA734980407,Green Bakery,SA,Enterprise,Food & Beverage,Hosted Checkout,Omar Al-Anazi,Active,2023-08-14,2026-06-30,1609679.0505000001,1604670.2557,5974815.4203,98346.1044,-12482.2056,0.016299999999318898,100583.0,13418.0,0.0031213857066323338,Stable,0.8822992780765081,1,0,0,0,0,0,1,202606
456,SA138780824,Golden Market,SA,SME,Retail,POS Terminal,Omar Al-Anazi,Active,2023-08-15,2026-06-30,35184.4592,28697.9281,136320.0975,3044.9355,1288.4097000000002,-0.0324999999998848,810.0,59.0,0.22602785390628935,Growing,0.9321058688147296,0,0,0,0,0,0,0,202606
457,SA512016562,Horizon Kitchen,SA,Online,Food & Beverage,Direct API,Reem Al-Ghamdi,Active,2023-10-25,2026-06-30,81168.8751,101957.74720000001,425678.58739999996,12713.7246,5296.2749,0.003199999999537604,8049.0,635.0,-0.20389693447444085,Stable,0.9268770152003685,0,0,0,0,0,0,0,202606
458,EG955763785,Coral Outlet,EG,SME,Retail,POS Terminal,Karim Ezzat,Active,2023-08-18,2026-06-30,24527.7494,25597.321,100325.1206,2565.5357999999997,1315.8137,0.0015999999999675998,1514.0,175.0,-0.041784513309029464,Stable,0.896388395500296,0,0,0,0,0,0,0,202606
459,SA891035844,Urban Online,SA,Online,E-commerce,Direct API,Turki Al-Shammari,Active,2023-11-11,2026-06-30,587153.2909,613153.2718999999,2463572.0376,60493.0396,21157.2008,0.004400000000714398,12499.0,1612.0,-0.04240372218749293,Stable,0.8857628800226773,0,0,0,0,0,0,0,202606
460,OM907588437,Coral Partners,OM,SME,Professional Services,Payment Links,Salim Al-Harthy,Live - never transacted,2023-08-10,,0.0,0.0,0.0,0.0,0.0,0.0,0.0,0.0,,Live - never transacted,,0,0,0,0,0,1,1,202606
461,EG293670432,Pearl Apps,EG,Online,Digital Services,Hosted Checkout,Karim Ezzat,Active,2023-08-23,2026-06-30,18979.3363,18581.042,76309.583,2534.0938999999994,1020.4087999999999,0.0013999999998758998,2954.0,456.0,0.021435520139290235,Stable,0.866275659824047,0,0,0,0,0,0,0,202606
462,SA262297053,Palm Deals,SA,Online,E-commerce,Direct API,Turki Al-Shammari,Live - never transacted,2023-09-29,,0.0,0.0,0.0,0.0,0.0,0.0,0.0,0.0,,Live - never transacted,,0,0,0,0,0,1,1,202606
463,AE520409719,Falcon Shop,AE,Online,E-commerce,Direct API,Layla Haddad,Active,2023-09-14,2026-06-30,251574.8369,242595.91,964149.2574,22259.916,8196.859100000001,0.024700000000393296,3924.0,501.0,0.03701186429729995,Stable,0.8867796610169492,0,0,0,0,0,0,0,202606
464,SA758672424,Golden Boutique,SA,SME,Retail,POS Terminal,Turki Al-Shammari,Active,2023-09-15,2026-06-30,8124.5763,7896.0693,31194.071500000002,639.2137,222.5322,0.006199999999999702,249.0,22.0,0.02893933567680309,Stable,0.9188191881918819,0,0,0,0,0,0,0,202606
465,EG674673242,Royal EdTech,EG,Online,Education,Direct API,Mai Ragab,Active,2023-12-07,2026-06-30,33147.2282,44143.2892,159939.1103,3613.0195999999996,1584.5977,-0.0006000000000197,250.0,27.0,-0.2490992673921544,Stable,0.9025270758122743,0,0,0,0,0,0,0,202606
466,EG671577733,Metro Partners,EG,SME,Professional Services,POS Terminal,Karim Ezzat,Churned,2023-09-16,2024-10-31,0.0,0.0,0.0,0.0,0.0,0.0,0.0,0.0,,Churned,,0,0,0,0,1,0,1,202606
467,SA852543984,Horizon Services,SA,SME,Professional Services,POS Terminal,Turki Al-Shammari,Active,2023-09-21,2026-06-30,440044.406,363624.3814,1529874.0899999999,31764.8907,13998.2372,-0.0358999999989461,6959.0,633.0,0.21016199272934674,Growing,0.916622760800843,0,0,0,0,0,0,0,202606
468,EG717546000,Urban Basket,EG,Enterprise,E-commerce,Direct API,Karim Ezzat,Onboarding (not live),,,0.0,0.0,0.0,0.0,0.0,0.0,0.0,0.0,,Onboarding (not live),,0,0,0,0,0,0,0,202606
469,EG277115617,Bright Grill,EG,SME,Food & Beverage,Direct API,Nadia Fouad,Live - never transacted,2023-11-04,,0.0,0.0,0.0,0.0,0.0,0.0,0.0,0.0,,Live - never transacted,,0,0,0,0,0,1,1,202606
470,EG221032323,Nova Shop,EG,Online,E-commerce,Direct API,Mai Ragab,Active,2023-11-29,2026-06-30,40860.1056,39360.0618,162743.47030000002,4462.2734,2089.5263000000004,-0.0021000000000979003,1552.0,160.0,0.03811080906382112,Stable,0.9065420560747663,0,0,0,0,0,0,0,202606
471,SA966321681,Zenith Mart,SA,SME,Retail,POS Terminal,Turki Al-Shammari,Active,2023-10-02,2026-06-30,34123.765199999994,43926.335600000006,159589.58099999998,3379.4911,1336.9561999999999,0.021500000000202003,889.0,99.0,-0.2231593021840868,Stable,0.8997975708502024,0,0,0,0,0,0,0,202606
472,AE235728700,Blue Basket,AE,Online,E-commerce,Hosted Checkout,Layla Haddad,Active,2023-10-16,2026-06-30,105388.78689999999,106540.8136,430253.9025000001,12059.587500000001,4455.6066,0.016199999999912503,1707.0,277.0,-0.010813008283616131,Stable,0.860383064516129,0,0,0,0,0,0,0,202606
473,SA847623511,Falcon Boutique,SA,SME,Retail,POS Terminal,Reem Al-Ghamdi,Active,2023-10-20,2026-06-30,55645.6348,60951.146400000005,235130.52770000004,5579.379099999999,2592.4095,-0.005599999999901701,2112.0,171.0,-0.08704531273590622,Stable,0.9250985545335085,0,0,0,0,0,0,0,202606
474,EG771233717,Green Shop,EG,Online,E-commerce,Direct API,Mai Ragab,Active,2023-11-06,2026-06-30,35216.315,37233.6271,151940.2211,4169.376899999999,1513.7547,0.002200000000186543,1539.0,170.0,-0.05417984378964776,Stable,0.9005266237565828,0,0,0,0,0,0,0,202606
475,SA987666099,Silver Net,SA,B2B,Telecom & Utilities,Direct API,Reem Al-Ghamdi,Active,2023-12-20,2026-06-29,1040177.9016,1016390.088,3927451.4487,70803.5572,11901.630799999999,-0.0052999999998064005,38671.0,1543.0,0.023404216433090593,Stable,0.9616302780126325,0,0,0,0,0,0,0,202606
476,SA374496858,Cedar Journeys,SA,Online,Travel & Hospitality,Direct API,Turki Al-Shammari,Onboarding (not live),,,0.0,0.0,0.0,0.0,0.0,0.0,0.0,0.0,,Onboarding (not live),,0,0,0,0,0,0,0,202606
477,OM938270735,Coral Deals,OM,Online,E-commerce,E-commerce Plugin,Salim Al-Harthy,Live - never transacted,2023-10-15,,0.0,0.0,0.0,0.0,0.0,0.0,0.0,0.0,,Live - never transacted,,0,0,0,0,0,1,1,202606
478,SA652255380,Silver Academy,SA,Online,Education,E-commerce Plugin,Turki Al-Shammari,Churned,2023-10-23,2024-09-30,0.0,0.0,0.0,0.0,0.0,0.0,0.0,0.0,,Churned,,0,0,0,0,1,0,1,202606
479,OM761036673,Bright Digital,OM,Online,Digital Services,E-commerce Plugin,Salim Al-Harthy,Active,2023-10-25,2026-06-30,911912.5611,856058.7518000001,3330633.3663,102542.9916,38294.3494,0.04209999999875439,90371.0,11229.0,0.06524529909022998,Stable,0.8894783464566929,0,0,0,0,0,0,0,202606
480,OM236113503,Golden Pharmacy,OM,Enterprise,Healthcare,POS Terminal,Salim Al-Harthy,Active,2023-10-23,2026-06-30,515795.1886,496030.1692,2030240.6766,26007.7241,2074.8671,-0.07869999999957128,7248.0,440.0,0.039846405777852416,Stable,0.9427679500520292,0,0,0,0,0,0,0,202606
481,SA676493356,Zenith Deals,SA,Online,E-commerce,Direct API,Reem Al-Ghamdi,Active,2023-12-02,2026-06-30,187587.579,187381.0026,737404.2665,18718.9291,6101.350299999999,0.0211999999996806,6656.0,835.0,0.001102440466929121,Stable,0.8885329061540516,0,0,0,0,0,0,0,202606
482,SA814924785,Prime Institute,SA,Online,Education,Direct API,Reem Al-Ghamdi,Active,2023-11-22,2026-06-30,142185.2723,150395.5104,649783.6383,12868.5386,4978.847599999999,0.035600000000272,698.0,105.0,-0.0545909786679376,Stable,0.8692403486924035,0,0,0,0,0,0,0,202606
483,EG537339465,Prime Roastery,EG,Enterprise,Food & Beverage,POS Terminal,Hany Soliman,Active,2023-11-11,2026-06-30,1247678.0953,1329251.3621,5062812.0826,103330.9988,11944.268400000003,0.0028999999994991235,147449.0,16427.0,-0.06136782637644069,Stable,0.8997595743122849,0,0,0,0,0,0,0,202606
484,SA391124455,Silver Stores,SA,SME,Retail,POS Terminal,Omar Al-Anazi,Active,2023-10-26,2026-06-28,87021.48270000001,97501.38889999999,349365.95149999997,8109.888299999999,3486.7519,-0.0205000000000266,2509.0,253.0,-0.1074846863027608,Stable,0.9083997103548154,0,0,0,0,0,0,0,202606
485,EG662011429,Bright Deals,EG,Online,E-commerce,Direct API,Hany Soliman,Onboarding (not live),,,0.0,0.0,0.0,0.0,0.0,0.0,0.0,0.0,,Onboarding (not live),,0,0,0,0,0,0,0,202606
486,SA754882184,Horizon Clinics,SA,SME,Unclassified,POS Terminal,Reem Al-Ghamdi,Active,2023-11-14,2026-06-30,53263.6666,56708.0567,208807.2491,4810.766799999999,2367.1616,-0.004300000000000599,1406.0,98.0,-0.060738990197137264,Stable,0.9348404255319149,0,0,0,0,0,0,0,202606
487,EG982441707,Zenith Kitchen,EG,SME,Food & Beverage,Payment Links,Karim Ezzat,Active,2023-11-08,2026-06-30,23113.471700000002,25582.5475,83816.8816,2597.2904999999996,1310.9397,0.00029999999998169826,2913.0,383.0,-0.09651407077422601,Stable,0.8837985436893204,0,0,0,0,0,0,0,202606
488,AE904440734,Urban Cafe,AE,SME,Food & Beverage,Payment Links,Yousef Al-Marri,Active,2023-11-11,2026-06-30,50309.7151,48994.255000000005,204672.88040000002,6102.779799999999,2548.1,-0.022399999999890702,3785.0,472.0,0.02684927243000218,Stable,0.8891237961005403,0,0,0,0,0,0,0,202606
489,EG741980516,Cedar Consulting,EG,B2B,Professional Services,Payment Links,Mai Ragab,Active,2023-11-11,2026-06-30,63908.1673,72820.5578,260385.42570000002,3416.7684,1008.6555000000002,0.0006000000000482999,1460.0,50.0,-0.12238838549517393,Stable,0.9668874172185431,0,0,0,0,0,0,0,202606
490,AE538589512,Palm Labs,AE,SME,Healthcare,POS Terminal,Layla Haddad,Active,2023-11-28,2026-06-30,59563.36570000001,59591.3346,230663.2262,5285.5256,2080.8062,-0.044199999999875506,958.0,99.0,-0.00046934508494784696,Stable,0.9063386944181646,0,0,0,0,0,0,0,202606
491,OM494744219,Pearl EdTech,OM,SME,Education,POS Terminal,Salim Al-Harthy,Active,2023-12-01,2026-06-30,19834.929099999998,20303.8232,79158.64820000001,1716.4105000000002,768.142,0.18959999999994148,147.0,9.0,-0.023093882141369385,Stable,0.9423076923076923,0,0,0,0,0,0,0,202606
492,SA773581532,Bright Learning,SA,Online,Education,E-commerce Plugin,Reem Al-Ghamdi,Active,2023-12-01,2026-06-30,415901.9199,517495.4615,1959105.7382999996,38277.33039999999,16138.4119,0.0161999999995714,2100.0,211.0,-0.19631774413155892,Stable,0.9086975335352662,0,0,0,0,0,0,0,202606
493,AE202986349,Falcon Outlet,AE,SME,Retail,Direct API,Yousef Al-Marri,Active,2024-01-24,2026-06-30,19918.9814,26607.1046,93957.02900000001,2481.0193000000004,1084.6648,0.0079000000000348,526.0,52.0,-0.2513660655883616,Declining,0.9100346020761245,0,0,0,1,0,0,1,202606
494,AE411900541,Green Care,AE,SME,Healthcare,Payment Links,Layla Haddad,Live - never transacted,2023-11-10,,0.0,0.0,0.0,0.0,0.0,0.0,0.0,0.0,,Live - never transacted,,0,0,0,0,0,1,1,202606
495,EG680228975,Golden Travel,EG,Enterprise,Travel & Hospitality,Payment Links,Karim Ezzat,Active,2023-11-15,2026-06-30,334532.43450000003,282515.64040000003,1512049.4039,20629.8135,5883.007,-0.0022999999994223,1763.0,171.0,0.18412005093364733,Stable,0.9115822130299897,0,0,0,0,0,0,0,202606
496,SA258088449,Amber Mart,SA,SME,Retail,Payment Links,Reem Al-Ghamdi,Live - never transacted,2023-11-15,,0.0,0.0,0.0,0.0,0.0,0.0,0.0,0.0,,Live - never transacted,,0,0,0,0,0,1,1,202606
497,AE350312583,Blue Boutique,AE,Enterprise,Retail,Payment Links,Yousef Al-Marri,Live - never transacted,2023-11-21,,0.0,0.0,0.0,0.0,0.0,0.0,0.0,0.0,,Live - never transacted,,0,0,0,0,0,1,1,202606
498,EG762971123,Falcon Care,EG,SME,Healthcare,E-commerce Plugin,Hany Soliman,Active,2023-11-23,2026-06-30,24865.8258,20004.8549,89785.24769999999,2310.8342000000002,964.9269,-0.0033999999999988024,767.0,95.0,0.24298956049913667,Growing,0.8897911832946636,0,0,0,0,0,0,0,202606
499,SA811044755,Blue Academy,SA,SME,Education,Payment Links,Turki Al-Shammari,Active,2023-11-20,2026-06-29,9639.4083,10586.898799999999,37610.6301,726.3866999999999,325.56520000000006,0.018699999999981204,58.0,3.0,-0.08949651053621104,Stable,0.9508196721311475,0,0,0,0,0,0,0,202606
500,EG770407516,Oasis Bakery,EG,Online,Food & Beverage,Direct API,Mai Ragab,Active,2024-01-20,2026-06-30,419220.7998,485802.26969999995,1825022.1861999996,73645.0092,30772.8538,0.0023999999957593533,73556.0,9033.0,-0.1370546702902734,Stable,0.8906270810882805,0,0,0,0,0,0,0,202606
501,AE676714739,Swift Roastery,AE,SME,Food & Beverage,POS Terminal,Yousef Al-Marri,Churned,2023-12-23,2025-09-30,0.0,0.0,75193.66840000001,2189.6911,1022.6909999999999,0.0050999999999701996,0.0,0.0,,Churned,,0,0,0,0,1,0,1,202606
502,EG912011978,Crescent Care,EG,SME,Healthcare,Payment Links,Hany Soliman,Live - never transacted,2023-11-26,,0.0,0.0,0.0,0.0,0.0,0.0,0.0,0.0,,Live - never transacted,,0,0,0,0,0,1,1,202606
503,AE638004344,Pearl Labs,AE,SME,Healthcare,Payment Links,Yousef Al-Marri,Active,2023-11-28,2026-06-30,26509.2306,29109.4945,106214.81769999999,2491.4559,1177.1883,-0.011299999999920301,472.0,65.0,-0.0893270029130874,Stable,0.8789571694599627,0,0,0,0,0,0,0,202606
504,SA853040870,Bright Cafe,SA,Online,Food & Beverage,Direct API,Omar Al-Anazi,Active,2024-01-17,2026-06-30,38991.6027,45830.822,169987.0777,4814.595200000001,1807.9475999999997,-0.015300000000138503,3009.0,336.0,-0.14922750676389782,Stable,0.8995515695067264,0,0,0,0,0,0,0,202606
505,SA887395947,Silver Freight,SA,B2B,Logistics,Direct API,Reem Al-Ghamdi,Active,2024-03-07,2026-06-28,1049432.4109,1088912.7311,5173264.9290000005,31639.9811,11000.8264,-0.0176000000008116,1210.0,42.0,-0.03625664304624086,Stable,0.9664536741214057,0,0,0,0,0,0,0,202606
506,SA986462340,Amber Apps,SA,Online,Digital Services,Direct API,Reem Al-Ghamdi,Active,2024-01-18,2026-06-30,45444.7309,52133.170600000005,231877.19020000004,7636.1492,3287.1317000000004,0.0207999999997239,4114.0,327.0,-0.12829527962759285,Stable,0.926367935149741,0,0,0,0,0,0,0,202606
507,EG552283131,Blue Advisory,EG,SME,Professional Services,POS Terminal,Hany Soliman,Active,2023-12-20,2026-06-30,21448.809500000003,18556.8405,83748.2996,1771.6918,892.6231,-0.002500000000025902,316.0,34.0,0.15584382481489803,Stable,0.9028571428571428,0,0,0,0,0,0,0,202606
508,SA268961677,Golden Outlet,SA,SME,Retail,Payment Links,Turki Al-Shammari,Active,2023-12-06,2026-06-30,75587.9446,82582.7443,305193.21959999995,6946.4719,3049.7685,-0.0165000000000078,2508.0,219.0,-0.08470049959335152,Stable,0.9196919691969196,0,0,0,0,0,0,0,202606
509,AE918231431,Swift Schools,AE,SME,Education,POS Terminal,Layla Haddad,Active,2023-12-21,2026-06-30,159536.3184,226126.5512,797665.314,16989.7172,7541.8431,-0.039499999999520495,636.0,49.0,-0.29448214925059185,Declining,0.9284671532846716,0,0,0,1,0,0,1,202606
510,SA295911590,Golden Cart,SA,Online,E-commerce,Direct API,Reem Al-Ghamdi,Active,2024-02-23,2026-06-30,52811.3731,52337.5014,211707.5238,4606.9869,2045.8747999999996,-0.014499999999997997,1068.0,97.0,0.009054152134209372,Stable,0.9167381974248927,0,0,0,0,0,0,0,202606
511,EG468167807,Sand Learning,EG,SME,Education,POS Terminal,Karim Ezzat,Active,2024-01-12,2026-06-28,10216.48,16495.851300000002,60252.13650000001,778.9593000000001,90.3639,519.3059999999999,123.0,12.0,-0.38066367026477754,Declining,0.9111111111111111,0,1,0,1,0,0,2,202606
512,EG401975537,Silver Services,EG,B2B,Professional Services,Payment Links,Mai Ragab,Churned,2023-12-14,2025-06-30,0.0,0.0,0.0,0.0,-0.9001999999999999,0.0,0.0,0.0,,Churned,,0,0,0,0,1,0,1,202606
513,OM543606528,Pearl Boutique,OM,SME,Retail,POS Terminal,Salim Al-Harthy,Active,2024-01-07,2026-06-30,125048.9988,123471.0531,502100.129,10673.6033,4091.5164,0.2332999999995309,4535.0,457.0,0.012779883708629326,Stable,0.9084535256410257,0,0,0,0,0,0,0,202606
514,SA887216708,Falcon EdTech,SA,Online,Education,Direct API,Turki Al-Shammari,Active,2024-03-20,2026-06-30,88123.0957,94004.4767,347456.23600000003,7792.2319,2892.3211,-0.0360999999998056,349.0,34.0,-0.0625649033584801,Stable,0.9112271540469974,0,0,0,0,0,0,0,202606
515,SA155061152,Oasis Cart,SA,Online,E-commerce,Direct API,Omar Al-Anazi,Onboarding (not live),,,0.0,0.0,0.0,0.0,0.0,0.0,0.0,0.0,,Onboarding (not live),,0,0,0,0,0,0,0,202606
516,SA972748866,Amber Power,SA,Enterprise,Telecom & Utilities,Direct API,Reem Al-Ghamdi,Active,2024-02-10,2026-06-30,6353147.5005,6030678.642100001,23480373.1876,359306.511,8063.465300000001,0.006300000008195497,182548.0,14051.0,0.05347140471867513,Stable,0.9285296466411325,0,0,0,0,0,0,0,202606
517,SA742513174,Cedar Cafe,SA,SME,Food & Beverage,POS Terminal,Turki Al-Shammari,Active,2024-01-07,2026-06-27,2193.1384000000003,2981.6053,10432.7972,280.66209999999995,121.2271,0.026400000000009204,183.0,11.0,-0.2644437545103639,Stable,0.9432989690721649,0,0,0,0,0,0,0,202606
518,EG813796112,Swift Legal,EG,SME,Professional Services,POS Terminal,Karim Ezzat,Active,2024-01-18,2026-06-30,21309.302799999998,25956.9948,108830.99979999999,2358.6938,1213.4247,0.00010000000001739997,419.0,47.0,-0.1790535474468717,Stable,0.8991416309012875,0,0,0,0,0,0,0,202606
519,SA828250977,Horizon Partners,SA,SME,Professional Services,POS Terminal,Turki Al-Shammari,Active,2024-01-27,2026-06-30,12624.9919,12937.770799999998,47835.5884,1016.0008,467.55539999999996,-0.007499999999986,156.0,19.0,-0.024175640829871368,Stable,0.8914285714285715,0,0,0,0,0,0,0,202606
520,AE241754747,Crescent Grill,AE,SME,Food & Beverage,Payment Links,Yousef Al-Marri,Active,2024-01-04,2026-06-30,39450.6573,49387.0013,178039.12099999998,5056.037600000001,2184.1769999999997,0.0400999999999382,3108.0,367.0,-0.2011935071668343,Stable,0.8943884892086331,0,0,0,0,0,0,0,202606
521,SA695199900,Metro Market,SA,SME,Retail,Direct API,Omar Al-Anazi,Active,2023-12-18,2026-06-30,19985.2236,19341.874299999996,74733.4124,1649.0252000000003,685.9929999999999,-0.0020999999999562,579.0,80.0,0.0332619936424675,Stable,0.8786039453717754,0,0,0,0,0,0,0,202606
522,OM936304206,Prime Basket,OM,Online,E-commerce,E-commerce Plugin,Salim Al-Harthy,Active,2024-01-26,2026-06-30,85418.2316,89628.8685,357196.1247,7818.153399999998,2657.1794999999997,0.3010999999997921,1665.0,206.0,-0.046978579228633216,Stable,0.8898984500267236,0,0,0,0,0,0,0,202606
523,OM761371745,Golden Tours,OM,Online,Travel & Hospitality,Hosted Checkout,Salim Al-Harthy,Active,2024-01-28,2026-06-30,84233.966,76776.7749,337007.3081,6717.2424,2282.0297000000005,-0.1149999999997817,194.0,16.0,0.09712821500659304,Stable,0.9238095238095239,0,0,0,0,0,0,0,202606
524,EG344294172,Oasis Stores,EG,SME,Retail,Payment Links,Hany Soliman,Live - never transacted,2024-01-10,,0.0,0.0,0.0,0.0,0.0,0.0,0.0,0.0,,Live - never transacted,,0,0,0,0,0,1,1,202606
525,SA375386305,Oasis Consulting,SA,SME,Professional Services,POS Terminal,Reem Al-Ghamdi,Active,2024-01-22,2026-06-30,29747.5708,31372.9169,116059.6577,2492.3435,1195.7924999999998,-0.030500000000045997,358.0,19.0,-0.05180729943539292,Stable,0.9496021220159151,0,0,0,0,0,0,0,202606
526,SA247327945,Green Supply,SA,B2B,Distribution & Wholesale,Payment Links,Reem Al-Ghamdi,Active,2024-01-15,2026-06-30,477081.8532,556566.1949,2079887.4265,27938.322699999997,4421.4499000000005,-0.0018999999997505001,210.0,29.0,-0.1428120184595135,Stable,0.8786610878661087,0,0,0,0,0,0,0,202606
527,EG987146982,Zenith Utilities,EG,B2B,Telecom & Utilities,Payment Links,Karim Ezzat,Active,2024-01-25,2026-06-28,214358.7004,221018.5122,874683.9924999999,23991.6483,5248.1425,0.0001999999997224735,14240.0,881.0,-0.030132370966163783,Stable,0.9417366576284637,0,0,0,0,0,0,0,202606
528,AE853214019,Palm Shop,AE,Online,E-commerce,Direct API,Layla Haddad,Onboarding (not live),,,0.0,0.0,0.0,0.0,0.0,0.0,0.0,0.0,,Onboarding (not live),,0,0,0,0,0,0,0,202606
529,EG921502804,Pearl Hotels,EG,Online,Travel & Hospitality,Direct API,Karim Ezzat,Live - never transacted,2024-04-28,,0.0,0.0,0.0,0.0,0.0,0.0,0.0,0.0,,Live - never transacted,,0,0,0,0,0,1,1,202606
530,AE296224706,Coral Supply,AE,B2B,Distribution & Wholesale,Payment Links,Layla Haddad,Live - never transacted,2024-01-22,,0.0,0.0,0.0,0.0,0.0,0.0,0.0,0.0,,Live - never transacted,,0,0,0,0,0,1,1,202606
531,OM857939005,Urban Cart,OM,Online,E-commerce,Direct API,Salim Al-Harthy,Onboarding (not live),,,0.0,0.0,0.0,0.0,0.0,0.0,0.0,0.0,,Onboarding (not live),,0,0,0,0,0,0,0,202606
532,SA753222305,Palm Medical,SA,SME,Healthcare,Direct API,Reem Al-Ghamdi,Active,2024-04-20,2026-06-30,159660.6617,156188.485,600535.5919,14618.414100000002,5823.987099999999,-0.010500000000547398,3038.0,244.0,0.02223068301097876,Stable,0.9256550883607556,0,0,0,0,0,0,0,202606
533,AE928104158,Palm Cart,AE,Online,E-commerce,Hosted Checkout,Yousef Al-Marri,Live - never transacted,2024-02-10,,0.0,0.0,0.0,0.0,0.0,0.0,0.0,0.0,,Live - never transacted,,0,0,0,0,0,1,1,202606
534,SA705652485,Swift Outlet,SA,Enterprise,Retail,POS Terminal,Reem Al-Ghamdi,Active,2024-02-19,2026-06-30,3652549.5201000003,3505043.1864,13414049.007900001,238878.66900000002,74756.6597,0.0278000000107567,111170.0,7704.0,0.04208402745858969,Stable,0.9351918838433972,0,0,0,0,0,0,0,202606
535,AE920778970,Pearl Institute,AE,SME,Education,POS Terminal,Layla Haddad,Active,2024-02-24,2026-06-30,10463.5862,12221.9825,52398.1105,1099.7603000000001,450.8326,0.006899999999973401,65.0,4.0,-0.14387161002726034,Stable,0.9420289855072463,0,0,0,0,0,0,0,202606
536,EG464447848,Blue Tours,EG,Online,Travel & Hospitality,Direct API,Hany Soliman,Active,2024-05-23,2026-06-29,19034.2104,12341.8204,64176.8263,1290.1223,592.9418999999999,-0.0029999999999573094,104.0,12.0,0.5422530698955884,Growing,0.896551724137931,0,0,0,0,0,0,0,202606
537,EG308894080,Swift Learning,EG,SME,Education,Hosted Checkout,Karim Ezzat,Active,2024-02-16,2026-06-30,25350.9003,30020.1078,119723.05900000001,2911.3864999999996,1348.0018,-0.00110000000003648,389.0,48.0,-0.15553600044034485,Stable,0.8901601830663616,0,0,0,0,0,0,0,202606
538,EG123423908,Falcon Legal,EG,SME,Professional Services,Payment Links,Karim Ezzat,Active,2024-02-21,2026-06-30,48224.7669,46105.7941,193680.71229999998,4193.6223,2151.2728,-0.0006999999999945024,994.0,131.0,0.045958926450851506,Stable,0.8835555555555555,0,0,0,0,0,0,0,202606
539,EG266138287,Metro Kitchen,EG,SME,Food & Beverage,POS Terminal,Karim Ezzat,Active,2024-03-15,2026-06-30,10170.2189,13127.3445,54379.9715,1767.0470000000003,646.4146,0.0016000000000673197,1749.0,210.0,-0.225264568930906,Stable,0.892802450229709,0,0,0,0,0,0,0,202606
540,EG409635726,Blue Stays,EG,Online,Travel & Hospitality,Direct API,Mai Ragab,Active,2024-04-28,2026-06-29,6029.596100000001,4062.7816,22160.6731,528.8788000000001,235.8065,-0.0009999999999904569,36.0,3.0,0.48410539714957873,Stable,0.9230769230769231,0,0,0,0,0,0,0,202606
541,EG926950694,Royal Deals,EG,Enterprise,E-commerce,POS Terminal,Hany Soliman,Active,2024-03-04,2026-06-30,1078981.4079,1264595.2305,5593046.1183,76762.0718,317.3919,-0.001200000003336623,44980.0,3740.0,-0.14677725972966973,Stable,0.9232348111658456,0,0,0,0,0,0,0,202606
542,EG373213017,Nova Deals,EG,Online,E-commerce,Direct API,Mai Ragab,Active,2024-06-11,2026-06-30,202990.13080000004,212053.0018,853116.4021999999,19477.4712,7188.9885,-0.0006999999998243977,7875.0,1140.0,-0.042738706469940456,Stable,0.8735440931780366,0,0,0,0,0,0,0,202606
543,EG655465870,Royal Digital,EG,Online,Digital Services,Direct API,Hany Soliman,Active,2024-05-14,2026-06-30,78273.1498,78126.131,313948.93820000003,12049.228699999998,3567.8653,-0.001000000000203804,12038.0,1551.0,0.0018818133973638768,Stable,0.8858635661196556,0,0,0,0,0,0,0,202606
544,OM995225132,Silver Legal,OM,SME,Professional Services,POS Terminal,Salim Al-Harthy,Active,2024-03-07,2026-06-27,21920.4941,26338.6478,92208.3225,1837.8411,733.1099999999999,0.09409999999998309,232.0,20.0,-0.16774413529308058,Stable,0.9206349206349206,0,0,0,0,0,0,0,202606
545,EG728358410,Blue Deals,EG,Online,E-commerce,Direct API,Nadia Fouad,Active,2024-04-11,2026-06-30,90960.6566,94519.1109,383562.4334,8906.3648,3364.7444,-0.0012999999999011003,2864.0,437.0,-0.03764798743996647,Stable,0.8676158739775826,0,0,0,0,0,0,0,202606
546,EG554455116,Pearl Stays,EG,Online,Travel & Hospitality,Hosted Checkout,Mai Ragab,Active,2024-04-10,2026-06-30,195978.6092,148381.2083,649459.7661,13730.093399999998,6726.891799999999,-0.002999999999815206,984.0,138.0,0.32077782251083076,Growing,0.8770053475935828,0,0,0,0,0,0,0,202606
547,OM238929570,Golden Learning,OM,SME,Education,E-commerce Plugin,Salim Al-Harthy,Active,2024-03-18,2026-06-28,14168.842999999999,12312.5354,55591.8332,1323.2772,575.0334,-0.0753999999999807,88.0,11.0,0.15076566602196312,Stable,0.8888888888888888,0,0,0,0,0,0,0,202606
548,EG193422000,Prime Shop,EG,Online,E-commerce,E-commerce Plugin,Nadia Fouad,Live - never transacted,2024-03-19,,0.0,0.0,0.0,0.0,0.0,0.0,0.0,0.0,,Live - never transacted,,0,0,0,0,0,1,1,202606
549,EG220900048,Coral Online,EG,Online,E-commerce,Direct API,Karim Ezzat,Active,2024-05-27,2026-06-30,13672.024100000002,12850.1574,51509.1252,1122.9722,401.5445,0.0023000000000051087,489.0,56.0,0.06395771463468629,Stable,0.8972477064220183,0,0,0,0,0,0,0,202606
550,AE297956981,Urban Grill,AE,SME,Food & Beverage,Payment Links,Yousef Al-Marri,Live - never transacted,2024-03-09,,0.0,0.0,0.0,0.0,0.0,0.0,0.0,0.0,,Live - never transacted,,0,0,0,0,0,1,1,202606
551,AE150170200,Golden Journeys,AE,Online,Travel & Hospitality,Direct API,Yousef Al-Marri,Active,2024-05-14,2026-06-30,26106.9519,11529.405,82328.58570000001,1796.6287,566.9174,0.0045000000000498,62.0,12.0,1.2643798097126433,Growing,0.8378378378378378,0,0,0,0,0,0,0,202606
552,SA474123129,Golden Grill,SA,Online,Food & Beverage,Direct API,Reem Al-Ghamdi,Active,2024-06-27,2026-06-30,379653.2082,370664.0378,1358353.6911,36756.7638,13806.666599999999,0.0010000000002039003,23517.0,3066.0,0.024251530991118996,Stable,0.8846631305721702,0,0,0,0,0,0,0,202606
553,EG420159724,Bright Advisory,EG,SME,Professional Services,POS Terminal,Karim Ezzat,Active,2024-04-14,2026-06-30,89784.1472,83430.1914,311990.1849,6820.3056,3204.9981000000002,0.0019000000002618984,1613.0,141.0,0.07615895029577999,Stable,0.919612314709236,0,0,0,0,0,0,0,202606
554,EG651123908,Urban Consulting,EG,SME,Professional Services,Payment Links,Karim Ezzat,Live - never transacted,2024-03-14,,0.0,0.0,0.0,0.0,0.0,0.0,0.0,0.0,,Live - never transacted,,0,0,0,0,0,1,1,202606
555,AE881349842,Cedar Logistics,AE,B2B,Logistics,Payment Links,Yousef Al-Marri,Active,2024-03-16,2026-06-30,5051383.6462,4210805.057,17334369.356399998,251054.26009999998,63680.5992,0.0012000000097033012,5447.0,392.0,0.19962419960587605,Stable,0.9328652166466861,0,0,0,0,0,0,0,202606
556,AE875103901,Urban Games,AE,Online,Digital Services,Hosted Checkout,Yousef Al-Marri,Active,2024-04-08,2026-06-30,250305.90000000002,250849.7882,1001662.2873999999,32971.7742,10546.5646,0.033000000000356494,18314.0,2951.0,-0.0021681828153123656,Stable,0.8612273689160592,0,0,0,0,0,0,0,202606
557,SA909908733,Swift Basket,SA,Online,E-commerce,Direct API,Omar Al-Anazi,Active,2024-06-30,2026-06-30,916045.0545999999,878042.2536,3410514.6938000005,90307.52249999999,41129.662800000006,-0.025599999999940202,20019.0,1914.0,0.04328128953269301,Stable,0.9127342360826153,0,0,0,0,0,0,0,202606
558,AE393818965,Sand Advisory,AE,B2B,Professional Services,Payment Links,Yousef Al-Marri,Live - never transacted,2024-03-23,,0.0,0.0,0.0,0.0,0.0,0.0,0.0,0.0,,Live - never transacted,,0,0,0,0,0,1,1,202606
559,EG544696241,Bright Journeys,EG,Online,Travel & Hospitality,E-commerce Plugin,Mai Ragab,Active,2024-04-08,2026-06-30,179146.5756,130686.9327,626088.8143,14425.3699,6149.1913,0.0033999999999421993,1287.0,227.0,0.37080710288948426,Growing,0.8500660501981506,0,0,0,0,0,0,0,202606
560,EG270952584,Horizon Mart,EG,SME,Retail,Payment Links,Mai Ragab,Onboarding (not live),,,0.0,0.0,0.0,0.0,0.0,0.0,0.0,0.0,,Onboarding (not live),,0,0,0,0,0,0,0,202606
561,SA844850083,Amber Learning,SA,SME,Education,POS Terminal,Omar Al-Anazi,Active,2024-07-14,2026-06-24,9615.0347,10869.533500000001,42717.5043,865.0977000000001,384.7879,0.0035999999999845995,50.0,4.0,-0.11541422637871267,Stable,0.9259259259259259,0,0,0,0,0,0,0,202606
562,AE195154121,Amber Deals,AE,Online,E-commerce,Direct API,Layla Haddad,Churned,2024-10-28,2025-09-30,0.0,0.0,306227.0578,7476.4278,2969.6556,0.0090000000004693,0.0,0.0,,Churned,,0,0,0,0,1,0,1,202606
563,AE647447711,Palm Boutique,AE,SME,Retail,Payment Links,Yousef Al-Marri,Active,2024-07-14,2026-06-29,49920.1797,54481.043000000005,206123.86440000002,4814.6792000000005,2108.1632999999997,-0.005700000000103801,1462.0,165.0,-0.0837146840232116,Stable,0.8985863552550707,0,0,0,0,0,0,0,202606
564,SA604765470,Nova Bakery 564,SA,SME,Food & Beverage,POS Terminal,Omar Al-Anazi,Active,2024-07-31,2026-06-30,49377.2106,57381.9517,193508.78269999998,5400.585800000001,2368.7719,0.04640000000000529,4463.0,456.0,-0.13949928266382058,Stable,0.9072982313478349,0,0,0,0,0,0,0,202606
565,SA555426966,Zenith Stores,SA,SME,Retail,POS Terminal,Omar Al-Anazi,Active,2024-07-22,2026-06-30,9395.5733,9481.0294,37941.157400000004,846.4321999999999,386.22620000000006,0.0032999999999814974,317.0,15.0,-0.009013377808953891,Stable,0.9548192771084337,0,0,0,0,0,0,0,202606
566,EG856875467,Golden Digital,EG,Online,Digital Services,Direct API,Nadia Fouad,Active,2024-10-20,2026-06-30,121745.00900000002,114054.08399999999,450804.0104999999,15663.812,6489.158600000001,-0.002299999999649602,14478.0,1862.0,0.06743226310072363,Stable,0.8860465116279069,0,0,0,0,0,0,0,202606
567,EG717847087,Nova Basket,EG,Online,E-commerce,Direct API,Mai Ragab,Active,2024-09-21,2026-06-30,37899.6771,35150.2731,141366.13940000001,3464.1565999999993,1405.2202,-0.0028999999999255997,1167.0,183.0,0.07821856724066256,Stable,0.8644444444444445,0,0,0,0,0,0,0,202606
568,AE486272694,Royal Advisory,AE,SME,Professional Services,POS Terminal,Yousef Al-Marri,Active,2024-08-16,2026-06-30,39834.5053,46566.99740000001,200817.4323,4387.9075,1706.5146,-0.0006000000001338997,514.0,47.0,-0.1445764699443561,Stable,0.9162210338680927,0,0,0,0,0,0,0,202606
569,AE381359654,Falcon Bakery,AE,SME,Food & Beverage,POS Terminal,Yousef Al-Marri,Active,2024-07-29,2026-06-29,39067.003899999996,48976.8764,211317.37780000002,6291.2888,2865.8388999999997,0.012099999999975304,3268.0,288.0,-0.20233778118197845,Stable,0.9190101237345332,0,0,0,0,0,0,0,202606
570,EG710934040,Coral Market,EG,SME,Retail,Payment Links,Nadia Fouad,Live - never transacted,2024-07-26,,0.0,0.0,0.0,0.0,0.0,0.0,0.0,0.0,,Live - never transacted,,0,0,0,0,0,1,1,202606
571,EG139657763,Sand Mart,EG,Enterprise,Retail,POS Terminal,Nadia Fouad,Churned,2024-08-03,2025-03-31,0.0,0.0,0.0,0.0,0.0,0.0,0.0,0.0,,Churned,,0,0,0,0,1,0,1,202606
572,SA472968758,Crescent Consulting,SA,SME,Professional Services,Payment Links,Turki Al-Shammari,Active,2024-08-01,2026-06-30,14268.8958,16777.4137,70961.5791,1560.6023,761.8823,-0.0102000000000257,163.0,13.0,-0.14951755645150483,Stable,0.9261363636363636,0,0,0,0,0,0,0,202606
573,EG963028660,Sand Partners,EG,SME,Professional Services,Payment Links,Karim Ezzat,Active,2024-07-29,2026-06-30,5880.9595,7015.0301,24486.1525,509.1825,214.2617,-0.0007000000000088911,134.0,25.0,-0.16166296991370002,Stable,0.8427672955974843,0,0,0,0,0,0,0,202606
574,EG701137966,Metro Freight,EG,B2B,Logistics,Payment Links,Karim Ezzat,Active,2024-08-02,2026-06-30,368930.9691,362280.3053,1470386.5018,18885.055,4839.5942,-2.273000581157203e-13,725.0,129.0,0.01835778457372295,Stable,0.8489461358313818,0,0,1,0,0,0,1,202606
575,AE299080753,Falcon Cart,AE,Online,E-commerce,Direct API,Yousef Al-Marri,Onboarding (not live),,,0.0,0.0,0.0,0.0,0.0,0.0,0.0,0.0,,Onboarding (not live),,0,0,0,0,0,0,0,202606
576,AE509423191,Falcon Schools,AE,Online,Education,Direct API,Yousef Al-Marri,Live - never transacted,2024-09-14,,0.0,0.0,0.0,0.0,0.0,0.0,0.0,0.0,,Live - never transacted,,0,0,0,0,0,1,1,202606
577,AE787062785,Royal Connect,AE,Enterprise,Telecom & Utilities,POS Terminal,Layla Haddad,Active,2024-08-27,2026-06-30,392660.61199999996,380233.971,1545653.1431999998,25010.586299999995,5159.219800000001,-0.008600000000115128,9793.0,1004.0,0.03268156437290014,Stable,0.9070112068167083,0,0,0,0,0,0,0,202606
578,EG979007692,Oasis Market,EG,SME,Retail,POS Terminal,Mai Ragab,Active,2024-08-15,2026-06-30,5112.1541,6190.6032,21874.573000000004,537.2537,231.6355,-0.0032999999999883995,296.0,36.0,-0.1742074342610103,Stable,0.891566265060241,0,0,0,0,0,0,0,202606
579,EG373280861,Metro Grill,EG,Online,Food & Beverage,Hosted Checkout,Karim Ezzat,Active,2024-08-19,2026-06-30,8300.681100000002,10256.3638,39393.282999999996,1134.6298,529.4803999999999,-0.0014000000000321,832.0,108.0,-0.19067992693472882,Stable,0.8851063829787233,0,0,0,0,0,0,0,202606
580,SA763491142,Nova Advisory,SA,SME,Professional Services,POS Terminal,Turki Al-Shammari,Active,2024-09-03,2026-06-30,83563.1122,71104.53839999999,307304.794,6465.8426,3118.7342,-0.0332000000001923,889.0,73.0,0.17521488895566775,Stable,0.9241164241164241,0,0,0,0,0,0,0,202606
581,EG967183698,Pearl Roastery,EG,Enterprise,Food & Beverage,Payment Links,Mai Ragab,Active,2024-08-17,2026-06-30,3586047.6344999997,3840192.6192,14658581.8613,259181.6263,22998.613200000003,0.0020999999942432,516084.0,47285.0,-0.06618027008055252,Stable,0.9160674442505711,0,0,0,0,0,0,0,202606
582,OM817062602,Silver Basket,OM,Online,E-commerce,E-commerce Plugin,Salim Al-Harthy,Active,2024-09-07,2026-06-30,668552.7694,687602.0543,2811490.7663999996,39421.69070000001,-813.2760000000002,25577.302300000003,19412.0,1543.0,-0.027703938318498374,Stable,0.9263660224290146,1,1,0,0,0,0,2,202606
583,SA623621170,Swift Grill,SA,SME,Food & Beverage,POS Terminal,Turki Al-Shammari,Active,2024-09-06,2026-06-30,29489.3168,33689.8156,121395.9829,3033.3489999999997,1268.2463000000002,0.012199999999893303,1965.0,198.0,-0.12468156103531777,Stable,0.9084604715672677,0,0,0,0,0,0,0,202606
584,EG311647011,Coral Tours,EG,Online,Travel & Hospitality,Direct API,Hany Soliman,Onboarding (not live),,,0.0,0.0,0.0,0.0,0.0,0.0,0.0,0.0,,Onboarding (not live),,0,0,0,0,0,0,0,202606
585,AE195822932,Zenith Shop,AE,Online,E-commerce,Direct API,Yousef Al-Marri,Active,2024-10-06,2026-06-30,208383.4339,195921.6472,773960.4774,19819.0117,7853.4209,-0.036599999999907304,5216.0,615.0,0.06360597145898228,Stable,0.8945292402675356,0,0,0,0,0,0,0,202606
586,AE439650362,Sand Market,AE,SME,Retail,Payment Links,Layla Haddad,Active,2024-08-27,2026-06-27,33925.116500000004,37789.5737,151238.5244,3757.6708,1690.944,-0.017999999999887,1639.0,166.0,-0.10226252433220746,Stable,0.9080332409972299,0,0,0,0,0,0,0,202606
587,AE767122784,Amber Pharmacy,AE,SME,Healthcare,Hosted Checkout,Yousef Al-Marri,Active,2024-09-24,2026-06-30,22761.6342,22717.1872,87234.10010000001,2399.0459,920.9583,-0.0243999999999712,349.0,35.0,0.001956536238782243,Stable,0.9088541666666666,0,0,0,0,0,0,0,202606
588,EG403388419,Crescent Basket,EG,Online,E-commerce,Hosted Checkout,Karim Ezzat,Active,2024-09-02,2026-06-30,368254.496,375978.9308,1506983.1923000002,37524.96379999999,16365.720500000001,0.0027000000004588475,11485.0,1550.0,-0.02054486080792905,Stable,0.8810893747602608,0,0,0,0,0,0,0,202606
589,SA106854641,Palm Outlet,SA,SME,Retail,Payment Links,Reem Al-Ghamdi,Live - never transacted,2024-08-23,,0.0,0.0,0.0,0.0,0.0,0.0,0.0,0.0,,Live - never transacted,,0,0,0,0,0,1,1,202606
590,AE403257742,Pearl Wholesale,AE,B2B,Distribution & Wholesale,Payment Links,Layla Haddad,Active,2024-09-03,2026-06-30,654708.5364,840771.5153000001,3075370.7743,18984.3411,7104.986000000001,0.0253999999990804,319.0,6.0,-0.2213002885018173,Stable,0.9815384615384616,0,0,0,0,0,0,0,202606
591,SA772263667,Amber Grill,SA,SME,Food & Beverage,POS Terminal,Reem Al-Ghamdi,Active,2024-09-13,2026-06-30,29244.8422,32304.2019,109814.1374,2895.2811,1213.6338,-0.018800000000027,2324.0,170.0,-0.09470469846215272,Stable,0.9318364073777065,0,0,0,0,0,0,0,202606
592,AE719619202,Royal Consulting,AE,SME,Professional Services,POS Terminal,Layla Haddad,Active,2024-10-01,2026-06-30,170876.7158,141900.91019999998,587643.4633000001,13422.233499999998,6026.6557,0.0056999999999331015,1862.0,131.0,0.20419746116610904,Growing,0.9342699448068239,0,0,0,0,0,0,0,202606
593,EG888467038,Green Tours,EG,Online,Travel & Hospitality,Direct API,Nadia Fouad,Active,2024-11-07,2026-06-30,172431.2414,138173.33980000002,620736.3077,14113.7469,6219.4423,0.0009999999998622996,816.0,154.0,0.2479342371660613,Growing,0.8412371134020619,0,0,1,0,0,0,1,202606
594,SA815162718,Zenith Labs,SA,SME,Healthcare,POS Terminal,Reem Al-Ghamdi,Active,2024-10-08,2026-06-30,28864.4749,34208.3578,146014.1707,3301.5948000000003,1598.0122000000001,-0.015299999999967699,635.0,64.0,-0.15621570995144343,Stable,0.9084406294706724,0,0,0,0,0,0,0,202606
595,EG853730833,Amber Medical,EG,SME,Healthcare,Payment Links,Mai Ragab,Active,2024-09-16,2026-06-30,14548.468700000001,17647.386599999998,77315.73529999999,1788.1336999999999,736.0251000000001,0.00020000000006340207,703.0,96.0,-0.1756020860335205,Stable,0.8798498122653317,0,0,0,0,0,0,0,202606
596,SA633817671,Urban Roastery,SA,SME,Food & Beverage,Payment Links,Turki Al-Shammari,Active,2024-09-23,2026-06-30,7254.5172999999995,7523.938700000001,28773.4391,791.1241,339.42929999999996,0.004200000000047099,526.0,35.0,-0.035808558621031966,Stable,0.9376114081996435,0,0,0,0,0,0,0,202606
597,EG952768191,Bright Tours,EG,Online,Travel & Hospitality,Direct API,Nadia Fouad,Live - never transacted,2025-01-01,,0.0,0.0,0.0,0.0,0.0,0.0,0.0,0.0,,Live - never transacted,,0,0,0,0,0,1,1,202606
598,EG327394766,Bright Shop,EG,Online,E-commerce,Hosted Checkout,Mai Ragab,Active,2024-10-17,2026-06-30,701060.3374999999,651672.0419,2577320.9910000004,61776.0328,24670.300800000005,0.0006000000003040946,22343.0,3498.0,0.07578704075750216,Stable,0.864633721605201,0,0,0,0,0,0,0,202606
599,OM214161280,Zenith Bakery 599,OM,SME,Food & Beverage,Payment Links,Salim Al-Harthy,Live - never transacted,2024-09-21,,0.0,0.0,0.0,0.0,0.0,0.0,0.0,0.0,,Live - never transacted,,0,0,0,0,0,1,1,202606
600,AE841408383,Golden Grill 600,AE,Online,Food & Beverage,Direct API,Yousef Al-Marri,Active,2024-10-28,2026-06-30,14966.0013,20144.5853,82816.1792,2427.932,1017.1202999999999,-0.0185999999999351,856.0,106.0,-0.257070767299439,Declining,0.8898128898128899,0,0,0,1,0,0,1,202606
601,SA777243922,Palm Grill,SA,SME,Food & Beverage,POS Terminal,Omar Al-Anazi,Active,2024-10-06,2026-06-30,6741.6087,7206.9598000000005,28357.403499999997,728.9111,334.16919999999993,0.0316000000000187,389.0,31.0,-0.0645696816568896,Stable,0.9261904761904762,0,0,0,0,0,0,0,202606
602,SA992726873,Crescent Traders,SA,B2B,Distribution & Wholesale,Payment Links,Reem Al-Ghamdi,Churned,2024-09-25,2024-12-26,0.0,0.0,0.0,0.0,0.0,0.0,0.0,0.0,,Churned,,0,0,0,0,1,0,1,202606
603,SA343787744,Green Stores,SA,SME,Retail,Direct API,Omar Al-Anazi,Onboarding (not live),,,0.0,0.0,0.0,0.0,0.0,0.0,0.0,0.0,,Onboarding (not live),,0,0,0,0,0,0,0,202606
604,SA819868069,Oasis Mart,SA,Enterprise,Retail,Payment Links,Reem Al-Ghamdi,Active,2024-10-02,2026-06-30,2572126.3973000003,2649603.8984,10612087.7756,195194.2997,56137.6205,0.009800000003451501,72716.0,5529.0,-0.02924116361195928,Stable,0.9293373378490638,0,0,0,0,0,0,0,202606
605,EG276584921,Nova Cart,EG,Online,E-commerce,Direct API,Karim Ezzat,Active,2024-12-08,2026-06-30,24615.9657,30369.7947,131896.60090000002,3191.4024000000004,991.7391000000001,0.004699999999900301,849.0,113.0,-0.18945893631608904,Stable,0.8825363825363826,0,0,0,0,0,0,0,202606
606,EG361515615,Royal Cart,EG,Online,E-commerce,Hosted Checkout,Karim Ezzat,Active,2024-10-30,2026-06-30,149996.4448,146352.2543,579455.9032,13560.514199999998,5132.4126,0.0028999999998403107,6190.0,773.0,0.02490013233776336,Stable,0.8889846330604625,0,0,0,0,0,0,0,202606
607,SA623969133,Sand Basket,SA,Online,E-commerce,Hosted Checkout,Omar Al-Anazi,Active,2024-10-25,2026-06-30,66286.3142,77220.20259999999,317411.0169,6853.8907,3124.8419,-0.021299999999996398,999.0,125.0,-0.14159362487867908,Stable,0.8887900355871886,0,0,0,0,0,0,0,202606
608,SA233359257,Horizon Cargo,SA,B2B,Logistics,Payment Links,Turki Al-Shammari,Active,2024-10-07,2026-06-30,232701.5571,182989.6774,822772.2046,5270.835300000001,1934.3337999999999,-0.0003999999999565011,220.0,7.0,0.27166493982791196,Growing,0.9691629955947136,0,0,0,0,0,0,0,202606
609,EG450716760,Nova Services,EG,SME,Professional Services,Direct API,Nadia Fouad,Active,2024-11-14,2026-06-30,25890.4885,26535.3857,101941.68960000001,2243.4591,1082.7392,0.004200000000025302,471.0,74.0,-0.02430329098250113,Stable,0.8642201834862385,0,0,0,0,0,0,0,202606
610,SA626499422,Coral Wholesale,SA,B2B,Distribution & Wholesale,Direct API,Turki Al-Shammari,Live - never transacted,2025-01-03,,0.0,0.0,0.0,0.0,0.0,0.0,0.0,0.0,,Live - never transacted,,0,0,0,0,0,1,1,202606
611,SA779172798,Oasis Basket,SA,Online,E-commerce,E-commerce Plugin,Turki Al-Shammari,Active,2024-10-24,2026-06-30,200692.3382,214674.9926,851077.3131,21241.703,7543.067000000001,0.0622000000005296,5216.0,737.0,-0.06513406256896268,Stable,0.8761968755249454,0,0,0,0,0,0,0,202606
612,EG716286440,Blue Schools,EG,Online,Education,Direct API,Karim Ezzat,Active,2025-01-28,2026-06-30,42876.5912,47542.441000000006,186468.07090000002,3962.6998000000003,1824.8902000000003,0.0008000000000833999,424.0,49.0,-0.09814072861761564,Stable,0.8964059196617337,0,0,0,0,0,0,0,202606
613,EG348432509,Silver Learning,EG,SME,Education,POS Terminal,Karim Ezzat,Active,2024-10-24,2026-06-30,23970.5308,30384.405,122350.0735,2496.4644999999996,1090.4442,0.00040000000005589124,225.0,37.0,-0.21109099223762975,Stable,0.8587786259541985,0,0,0,0,0,0,0,202606
614,SA487858809,Amber Grill 614,SA,Online,Food & Beverage,Direct API,Turki Al-Shammari,Active,2024-11-20,2026-06-30,41781.481199999995,51608.3223,205114.0704,5934.9167,1949.6390999999999,-0.0434999999998806,3396.0,493.0,-0.19041194640810877,Stable,0.8732321933659039,0,0,0,0,0,0,0,202606
615,SA192187024,Green Travel,SA,Online,Travel & Hospitality,Hosted Checkout,Turki Al-Shammari,Onboarding (not live),,,0.0,0.0,0.0,0.0,0.0,0.0,0.0,0.0,,Onboarding (not live),,0,0,0,0,0,0,0,202606
616,SA813150489,Sand Utilities,SA,Enterprise,Telecom & Utilities,Hosted Checkout,Omar Al-Anazi,Churned,2024-10-30,2025-04-30,0.0,0.0,0.0,0.0,0.0,0.0,0.0,0.0,,Churned,,0,0,0,0,1,0,1,202606
617,EG193916126,Oasis Roastery 617,EG,SME,Food & Beverage,POS Terminal,Mai Ragab,Active,2024-10-28,2026-06-30,15283.0627,15592.232000000002,62604.3818,2214.5657,1099.6797000000001,0.0032999999999672003,2699.0,318.0,-0.019828418407319835,Stable,0.8945972820682797,0,0,0,0,0,0,0,202606
618,EG631844222,Silver Roastery 618,EG,SME,Food & Beverage,Payment Links,Hany Soliman,Active,2024-10-18,2026-06-30,4141.499,4364.7611,16606.848400000003,402.08400000000006,115.69650000000001,163.1109,683.0,79.0,-0.05115104696108108,Stable,0.8963254593175853,0,1,0,0,0,0,1,202606
619,EG686030808,Palm Mart,EG,Enterprise,Retail,Direct API,Karim Ezzat,Active,2025-02-11,2026-06-30,3064980.5347,3172594.2532,12588033.589999998,211780.2434,39498.694,0.004399999994347812,186702.0,20492.0,-0.03391978611556036,Stable,0.9010975221290192,0,0,0,0,0,0,0,202606
620,EG431162218,Blue Consulting,EG,B2B,Professional Services,Payment Links,Hany Soliman,Active,2024-10-25,2026-06-30,295521.8839,256170.5581,1066382.6902,10119.660100000001,2771.1724000000004,-0.002100000000268298,3358.0,159.0,0.15361377237051044,Stable,0.9547910150696617,0,0,0,0,0,0,0,202606
621,EG513863820,Royal Bakery 621,EG,SME,Food & Beverage,Payment Links,Karim Ezzat,Live - never transacted,2024-10-22,,0.0,0.0,0.0,0.0,0.0,0.0,0.0,0.0,,Live - never transacted,,0,0,0,0,0,1,1,202606
622,SA887092113,Zenith Pharmacy,SA,SME,Healthcare,E-commerce Plugin,Turki Al-Shammari,Active,2024-11-05,2026-06-28,31083.2886,34905.6425,144785.7574,3747.2298,1514.8199999999997,0.0174000000000661,972.0,110.0,-0.1095053299763785,Stable,0.8983364140480592,0,0,0,0,0,0,0,202606
623,SA390198893,Urban Partners,SA,SME,Professional Services,POS Terminal,Turki Al-Shammari,Live - never transacted,2024-11-14,,0.0,0.0,0.0,0.0,0.0,0.0,0.0,0.0,,Live - never transacted,,0,0,0,0,0,1,1,202606
624,EG800117892,Oasis Schools,EG,Online,Education,Direct API,Hany Soliman,Active,2025-01-23,2026-06-30,6779.7096,9632.7566,36255.27910000001,811.5598,295.0164,9.999999997479443e-05,60.0,10.0,-0.29618178040541376,Declining,0.8571428571428571,0,0,0,1,0,0,1,202606
625,SA550486234,Coral Boutique,SA,SME,Retail,Hosted Checkout,Omar Al-Anazi,Active,2024-11-28,2026-06-29,68387.802,78348.5552,285210.7654,7577.8587,2859.5670000000005,-0.04219999999992279,2318.0,302.0,-0.1271338466238878,Stable,0.8847328244274809,0,0,0,0,0,0,0,202606
626,AE211109637,Cedar Academy,AE,SME,Education,E-commerce Plugin,Yousef Al-Marri,Active,2024-11-11,2026-06-29,24273.538500000002,35254.6955,134939.12829999998,1973.6239,65.25959999999999,1315.7517,102.0,13.0,-0.31148069340153567,Declining,0.8869565217391304,0,1,0,1,0,0,2,202606
627,SA247197710,Royal Partners,SA,SME,Professional Services,Payment Links,Turki Al-Shammari,Active,2024-11-02,2026-06-29,26933.2506,32732.197099999998,116470.03989999999,2539.8985,1075.9974,-0.018899999999973698,314.0,19.0,-0.1771633747127839,Stable,0.9429429429429429,0,0,0,0,0,0,0,202606
628,EG723980954,Prime Roastery 628,EG,SME,Food & Beverage,POS Terminal,Hany Soliman,Active,2024-11-18,2026-06-29,4740.6598,4932.2466,19038.8116,621.3516000000001,287.29619999999994,-0.0008999999999870058,731.0,75.0,-0.03884371880351644,Stable,0.9069478908188585,0,0,0,0,0,0,0,202606
629,SA665920142,Golden Bakery 629,SA,Online,Food & Beverage,Direct API,Reem Al-Ghamdi,Onboarding (not live),,,0.0,0.0,0.0,0.0,0.0,0.0,0.0,0.0,,Onboarding (not live),,0,0,0,0,0,0,0,202606
630,EG934454177,Horizon Online,EG,Enterprise,E-commerce,Payment Links,Nadia Fouad,Active,2024-11-06,2026-06-30,1578740.4142,1506407.1615,6046782.081199999,101238.88070000001,22068.819,0.002199999998083223,57968.0,6395.0,0.04801706640054371,Stable,0.9006416730108914,0,0,0,0,0,0,0,202606
631,AE776685743,Metro Institute,AE,SME,Education,POS Terminal,Yousef Al-Marri,Active,2024-11-30,2026-06-29,26691.371099999997,33034.428700000004,114008.05700000002,2525.1524000000004,1077.4387000000002,-0.014100000000041695,178.0,21.0,-0.1920135401039948,Stable,0.8944723618090452,0,0,0,0,0,0,0,202606
632,AE163417336,Nova Supply,AE,B2B,Distribution & Wholesale,Direct API,Yousef Al-Marri,Active,2025-02-27,2026-06-30,917962.7393,1258977.1001000002,4492379.4308,26647.4444,9289.667800000001,0.0106000000000678,332.0,13.0,-0.27086621414552614,Declining,0.9623188405797102,0,0,0,1,0,0,1,202606
633,SA764037736,Cedar Care,SA,Enterprise,Healthcare,Payment Links,Turki Al-Shammari,Active,2024-11-09,2026-06-30,4493707.3121,4516260.8107,17961754.1365,296891.261,86512.6169,-0.012799999996786698,75885.0,4826.0,-0.004993843257804419,Stable,0.9402064154824001,0,0,0,0,0,0,0,202606
634,AE366451684,Metro Stores,AE,SME,Retail,POS Terminal,Yousef Al-Marri,Active,2024-11-19,2026-06-27,27749.903400000003,27606.5596,103196.1175,2645.7878,1245.626,0.015700000000037895,856.0,79.0,0.005192381885934181,Stable,0.9155080213903743,0,0,0,0,0,0,0,202606
635,AE626038015,Green Stays,AE,Enterprise,Travel & Hospitality,POS Terminal,Yousef Al-Marri,Active,2024-11-13,2026-06-30,723659.1033999999,543433.4757000001,2557459.9149,36362.22519999999,4158.6074,-0.006399999999757598,2073.0,194.0,0.33164248387137,Growing,0.9144243493603882,0,0,0,0,0,0,0,202606
636,EG627712868,Bright Cart,EG,Online,E-commerce,Hosted Checkout,Nadia Fouad,Onboarding (not live),,,0.0,0.0,0.0,0.0,0.0,0.0,0.0,0.0,,Onboarding (not live),,0,0,0,0,0,0,0,202606
637,SA597658531,Oasis Connect,SA,Enterprise,Telecom & Utilities,Direct API,Turki Al-Shammari,Active,2024-12-17,2026-06-30,6766812.3046,6697692.306399999,26992937.194599997,406153.3101,-28953.0729,-0.04419999999663549,163913.0,20966.0,0.010319972169213175,Stable,0.886596097988414,1,0,0,0,0,0,1,202606
638,SA158425015,Swift Cafe 638,SA,SME,Food & Beverage,POS Terminal,Omar Al-Anazi,Active,2024-12-04,2026-06-30,103389.1898,125631.1899,427478.6571,11875.605600000003,4864.6293000000005,-0.024900000000343297,9672.0,727.0,-0.1770420237021094,Stable,0.9300894316761227,0,0,0,0,0,0,0,202606
639,SA211354199,Metro Basket,SA,Online,E-commerce,Direct API,Turki Al-Shammari,Active,2025-01-14,2026-06-30,73995.2235,71799.454,295389.79720000003,6064.1665,1634.0102999999997,0.023899999999968998,1421.0,242.0,0.030581980470213533,Stable,0.8544798556825015,0,0,0,0,0,0,0,202606
640,SA182543031,Bright Market,SA,SME,Retail,POS Terminal,Omar Al-Anazi,Active,2024-12-06,2026-06-30,25031.0926,28577.005,105487.32979999999,2245.8985000000002,859.9168000000001,-0.0493999999998776,659.0,69.0,-0.12408271615587431,Stable,0.9052197802197802,0,0,0,0,0,0,0,202606
641,AE226845726,Oasis Deals,AE,Online,E-commerce,Direct API,Yousef Al-Marri,Active,2025-02-10,2026-06-30,132120.2751,138399.3977,541360.2954,13117.4466,4817.1815,-0.017700000000559005,3390.0,436.0,-0.045369580390883464,Stable,0.8860428646105594,0,0,0,0,0,0,0,202606
642,SA988802623,Cedar Shop,SA,Online,E-commerce,Direct API,Turki Al-Shammari,Active,2025-01-13,2026-06-30,421029.35959999997,434966.0801,1758213.9818000002,42870.4816,17069.881800000003,-0.0245999999997366,6262.0,799.0,-0.03204093638013327,Stable,0.8868432233394703,0,0,0,0,0,0,0,202606
643,AE585192811,Prime Market,AE,SME,Retail,Payment Links,Yousef Al-Marri,Churned,2024-11-22,2025-07-31,0.0,0.0,12273.1188,275.5832,103.0891,-0.0094999999999458,0.0,0.0,,Churned,,0,0,0,0,1,0,1,202606
644,SA112481566,Royal Stores,SA,SME,Retail,POS Terminal,Reem Al-Ghamdi,Active,2024-11-30,2026-06-30,89490.1995,93024.1844,370307.466,9102.3801,4481.0904,-0.046799999999848095,3192.0,172.0,-0.03798995844783774,Stable,0.9488703923900119,0,0,0,0,0,0,0,202606
645,EG647781107,Metro Outlet 645,EG,SME,Retail,POS Terminal,Mai Ragab,Active,2024-12-19,2026-06-30,31093.7629,33050.278600000005,126733.6579,3222.8565,1493.0673000000002,-0.0032000000000492,2165.0,172.0,-0.05919816058676138,Stable,0.9264013692768507,0,0,0,0,0,0,0,202606
646,SA295202841,Pearl Power,SA,B2B,Telecom & Utilities,Payment Links,Reem Al-Ghamdi,Churned,2024-11-29,2025-02-27,0.0,0.0,0.0,0.0,0.0,0.0,0.0,0.0,,Churned,,0,0,0,0,1,0,1,202606
647,SA597673425,Golden Roastery 647,SA,SME,Food & Beverage,POS Terminal,Turki Al-Shammari,Active,2024-12-24,2026-06-29,9505.0239,9659.0345,38266.0953,1114.6444999999999,525.0982,-0.018499999999988796,777.0,64.0,-0.015944719940693824,Stable,0.9239001189060642,0,0,0,0,0,0,0,202606
648,SA534389906,Swift Freight,SA,B2B,Logistics,Direct API,Reem Al-Ghamdi,Active,2025-02-15,2026-06-30,323874.73600000003,333829.30960000004,1434289.8833,8702.7309,2926.1106999999997,-0.006499999999618599,388.0,13.0,-0.02981935172776693,Stable,0.9675810473815462,0,0,0,0,0,0,0,202606
649,AE143636134,Pearl Movers,AE,B2B,Logistics,Direct API,Yousef Al-Marri,Active,2025-01-12,2026-06-28,147953.1958,140731.10730000003,597471.2193000001,3082.4478,894.9942,0.005000000000080803,133.0,5.0,0.051318351987414176,Stable,0.9637681159420289,0,0,0,0,0,0,0,202606
650,AE229934676,Pearl Net,AE,B2B,Telecom & Utilities,Direct API,Layla Haddad,Active,2025-02-17,2026-06-29,714267.4776,560641.0268,2563180.1204999997,40693.3077,8482.8546,0.021299999998063902,22065.0,1038.0,0.2740192805311836,Growing,0.9550707700298663,0,0,0,0,0,0,0,202606
651,EG531121056,Cedar Basket,EG,Online,Unclassified,Direct API,Karim Ezzat,Churned,2025-03-12,2025-09-30,0.0,0.0,5328.076,125.4519,51.3691,0.0012000000000041999,0.0,0.0,,Churned,,0,0,0,0,1,0,1,202606
652,SA897535524,Sand EdTech,SA,Online,Education,Direct API,Reem Al-Ghamdi,Active,2025-03-14,2026-06-30,202146.2745,242983.55219999998,861479.9604,17940.1181,8323.3051,0.047499999999217696,985.0,99.0,-0.16806601652768158,Stable,0.9086715867158671,0,0,0,0,0,0,0,202606
653,SA165160063,Urban Medical,SA,SME,Healthcare,POS Terminal,Omar Al-Anazi,Active,2024-12-22,2026-06-29,133600.2855,145072.5626,563149.3463000001,12289.056199999999,5879.5917,-0.0234999999997854,2260.0,163.0,-0.0790795784839883,Stable,0.9327280231118448,0,0,0,0,0,0,0,202606
654,EG839904793,Swift Kitchen 654,EG,SME,Food & Beverage,E-commerce Plugin,Nadia Fouad,Active,2024-12-12,2026-06-30,29314.915,30816.0963,112442.49549999999,4193.4871,1672.3522000000003,-0.0009999999999762569,4103.0,555.0,-0.048714194211549114,Stable,0.8808501502790897,0,0,0,0,0,0,0,202606
655,AE632922055,Golden Wholesale,AE,B2B,Distribution & Wholesale,Payment Links,Yousef Al-Marri,Active,2024-12-08,2026-06-30,1195882.9086,1237391.2108,4995369.5046,27616.192799999997,7677.7138,-0.004600000000891722,406.0,9.0,-0.033545011341372,Stable,0.9783132530120482,0,0,0,0,0,0,0,202606
656,EG662461256,Cedar Pharmacy,EG,SME,Healthcare,E-commerce Plugin,Hany Soliman,Onboarding (not live),,,0.0,0.0,0.0,0.0,0.0,0.0,0.0,0.0,,Onboarding (not live),,0,0,0,0,0,0,0,202606
657,EG707591429,Pearl Outlet,EG,SME,Retail,Payment Links,Karim Ezzat,Active,2024-12-06,2026-06-30,11100.2098,10840.7022,45771.9783,1176.2607,492.6397,0.00010000000001760863,770.0,135.0,0.023938264810927177,Stable,0.850828729281768,0,0,0,0,0,0,0,202606
658,SA284947269,Oasis Trading,SA,B2B,Distribution & Wholesale,Payment Links,Reem Al-Ghamdi,Active,2024-12-10,2026-06-29,762707.4586,812453.152,3562820.5487999995,51452.74089999999,11577.579,-0.011699999999109102,372.0,34.0,-0.06122899920757522,Stable,0.916256157635468,0,0,0,0,0,0,0,202606
659,EG944244262,Prime Logistics,EG,B2B,Logistics,Payment Links,Hany Soliman,Active,2024-12-06,2026-06-30,160764.7592,139764.94220000002,581204.0211,3673.4745000000003,1227.6774,-0.0006999999999662197,287.0,11.0,0.1502509618610208,Stable,0.9630872483221476,0,0,0,0,0,0,0,202606
660,EG843137256,Sand Cart,EG,Online,E-commerce,E-commerce Plugin,Nadia Fouad,Active,2024-12-11,2026-06-30,83954.2756,87681.7378,355871.5548,9553.518300000002,3819.5239999999994,-0.0005999999997356023,3310.0,582.0,-0.042511271942422754,Stable,0.8504624871531347,0,0,0,0,0,0,0,202606
661,AE473998128,Cedar Apps,AE,Online,Digital Services,Direct API,Layla Haddad,Onboarding (not live),,,0.0,0.0,0.0,0.0,0.0,0.0,0.0,0.0,,Onboarding (not live),,0,0,0,0,0,0,0,202606
662,EG871225734,Cedar Bakery 662,EG,Online,Food & Beverage,Direct API,Hany Soliman,Live - never transacted,2025-03-11,,0.0,0.0,0.0,0.0,0.0,0.0,0.0,0.0,,Live - never transacted,,0,0,0,0,0,1,1,202606
663,SA473783633,Metro Schools,SA,Online,Education,Direct API,Omar Al-Anazi,Active,2025-03-27,2026-06-30,76043.42129999999,99163.9525,361731.2434,8135.2344,3190.1627999999996,0.0116000000003283,351.0,54.0,-0.23315459516400389,Stable,0.8666666666666667,0,0,0,0,0,0,0,202606
664,SA236233076,Urban Tours,SA,Online,Travel & Hospitality,Direct API,Reem Al-Ghamdi,Onboarding (not live),,,0.0,0.0,0.0,0.0,0.0,0.0,0.0,0.0,,Onboarding (not live),,0,0,0,0,0,0,0,202606
665,AE727701879,Green Mart,AE,SME,Retail,POS Terminal,Yousef Al-Marri,Active,2025-01-15,2026-06-30,188273.9142,192283.07400000002,726140.0272,18526.7879,8279.375699999999,0.0132000000005519,5436.0,551.0,-0.02085030011533944,Stable,0.9079672624018708,0,0,0,0,0,0,0,202606
666,EG783358166,Horizon Grill 666,EG,SME,Food & Beverage,POS Terminal,Karim Ezzat,Active,2025-01-08,2026-06-30,66486.4837,63543.77799999999,255817.94849999997,8803.6911,3304.4878999999996,0.0014999999997367956,11726.0,1084.0,0.0463098952032724,Stable,0.9153786104605777,0,0,0,0,0,0,0,202606
667,SA712951009,Coral Academy,SA,SME,Education,POS Terminal,Omar Al-Anazi,Active,2025-01-09,2026-06-30,52381.2324,63527.6509,252285.54679999998,4725.2115,1884.8504,0.006100000000003757,306.0,21.0,-0.17545774701390698,Stable,0.9357798165137615,0,0,0,0,0,0,0,202606
668,AE634298413,Sand Roastery 668,AE,SME,Food & Beverage,Payment Links,Layla Haddad,Active,2024-12-26,2026-06-30,38698.813,41720.7244,160921.68610000002,4442.4572,2004.8018000000002,-0.016499999999837103,2900.0,248.0,-0.07243190149402097,Stable,0.9212198221092758,0,0,0,0,0,0,0,202606
669,OM377214746,Crescent Partners,OM,SME,Professional Services,POS Terminal,Salim Al-Harthy,Active,2025-01-04,2026-06-29,37414.9799,36086.9698,139131.417,2970.1434999999997,1334.5662,0.2291000000000169,600.0,62.0,0.036800266338793554,Stable,0.9063444108761329,0,0,0,0,0,0,0,202606
670,SA791415571,Horizon Express,SA,B2B,Logistics,Payment Links,Reem Al-Ghamdi,Churned,2024-12-30,2025-01-30,0.0,0.0,0.0,0.0,0.0,0.0,0.0,0.0,,Churned,,0,0,0,0,1,0,1,202606
671,EG720267421,Golden Grill 671,EG,SME,Food & Beverage,POS Terminal,Nadia Fouad,Onboarding (not live),,,0.0,0.0,0.0,0.0,0.0,0.0,0.0,0.0,,Onboarding (not live),,0,0,0,0,0,0,0,202606
672,SA939182412,Green Grill 672,SA,SME,Food & Beverage,Payment Links,Turki Al-Shammari,Active,2025-01-03,2026-06-30,95732.0371,97811.21849999999,371213.5786,11265.7088,4821.3241,-0.0346999999998158,9366.0,936.0,-0.021257085147139712,Stable,0.9091438555620268,0,0,0,0,0,0,0,202606
673,OM895940388,Zenith Outlet,OM,SME,Retail,Payment Links,Salim Al-Harthy,Live - never transacted,2025-01-05,,0.0,0.0,0.0,0.0,0.0,0.0,0.0,0.0,,Live - never transacted,,0,0,0,0,0,1,1,202606
674,AE265367413,Oasis Roastery 674,AE,SME,Food & Beverage,Payment Links,Yousef Al-Marri,Active,2025-01-05,2026-06-30,213286.8922,220203.8016,900019.1379000002,28729.589900000003,13090.2978,-0.0087999999998374,21046.0,1734.0,-0.03141139866678852,Stable,0.9238805970149254,0,0,0,0,0,0,0,202606
675,AE624999065,Swift Cart,AE,Online,E-commerce,Direct API,Yousef Al-Marri,Onboarding (not live),,,0.0,0.0,0.0,0.0,0.0,0.0,0.0,0.0,,Onboarding (not live),,0,0,0,0,0,0,0,202606
676,EG711736356,Prime Cafe 676,EG,SME,Food & Beverage,POS Terminal,Hany Soliman,Onboarding (not live),,,0.0,0.0,0.0,0.0,0.0,0.0,0.0,0.0,,Onboarding (not live),,0,0,0,0,0,0,0,202606
677,EG631107574,Coral Grill 677,EG,SME,Food & Beverage,Payment Links,Nadia Fouad,Active,2025-01-12,2026-06-30,16351.1015,18232.5887,65618.46089999999,2168.9516000000003,989.1537000000001,-0.0017000000000279962,3022.0,407.0,-0.10319364029749652,Stable,0.8813065033537475,0,0,0,0,0,0,0,202606
678,OM570805252,Palm Travel,OM,Online,Travel & Hospitality,Direct API,Salim Al-Harthy,Onboarding (not live),,,0.0,0.0,0.0,0.0,0.0,0.0,0.0,0.0,,Onboarding (not live),,0,0,0,0,0,0,0,202606
679,EG474518016,Royal Shop,EG,Online,E-commerce,Hosted Checkout,Nadia Fouad,Active,2025-01-26,2026-06-30,318799.9495,352349.5282,1527764.1833000001,38253.91529999999,14765.003700000001,0.0002000000013142001,11397.0,1818.0,-0.09521675499720454,Stable,0.8624290578887628,0,0,0,0,0,0,0,202606
680,EG645057217,Falcon Deals,EG,Online,E-commerce,Hosted Checkout,Mai Ragab,Active,2025-02-03,2026-06-30,47011.3925,53569.8421,253564.48400000003,6869.4661,3091.3629,0.0037999999998418,1785.0,324.0,-0.12242801813298605,Stable,0.8463726884779517,0,0,1,0,0,0,1,202606
681,AE558189150,Oasis Clinics,AE,SME,Healthcare,Payment Links,Layla Haddad,Active,2025-01-18,2026-06-30,90287.3825,83298.0534,317425.7156,6975.202499999999,3086.9059,-0.0211999999998509,1511.0,137.0,0.08390747220030477,Stable,0.9168689320388349,0,0,0,0,0,0,0,202606
682,SA247609412,Prime Cafe 682,SA,Online,Food & Beverage,Hosted Checkout,Omar Al-Anazi,Active,2025-02-06,2026-06-30,280279.9577,309009.0108,1173328.3447000002,29951.583300000002,12516.018399999997,0.007600000000366001,20006.0,2334.0,-0.09297157071770401,Stable,0.8955237242614145,0,0,0,0,0,0,0,202606
683,OM251384670,Horizon Consulting,OM,SME,Professional Services,POS Terminal,Salim Al-Harthy,Active,2025-02-12,2026-06-30,26345.0714,28299.0896,103268.0095,2020.6767999999997,872.9018000000001,0.022199999999998,289.0,15.0,-0.06904880077838259,Stable,0.9506578947368421,0,0,0,0,0,0,0,202606
684,SA868774915,Oasis EdTech,SA,SME,Education,Payment Links,Turki Al-Shammari,Active,2025-01-19,2026-06-30,7076.4187,12819.019,41625.4694,906.4319999999999,442.32210000000003,0.003500000000002285,48.0,2.0,-0.44797502055344485,Declining,0.96,0,0,0,1,0,0,1,202606
685,AE827819347,Falcon Kitchen 685,AE,Online,Food & Beverage,Direct API,Yousef Al-Marri,Active,2025-03-06,2026-06-30,312505.6447,372258.12379999994,1376898.9301,42503.5201,15585.4842,0.0164000000013401,18329.0,2192.0,-0.16051356647384454,Stable,0.8931825934408655,0,0,0,0,0,0,0,202606
686,EG897740135,Zenith Games,EG,Online,Digital Services,Hosted Checkout,Nadia Fouad,Active,2025-02-15,2026-06-30,28293.963600000003,31870.1299,137273.9493,4695.8799,1560.8721999999998,-0.001800000000002802,4386.0,765.0,-0.11221059692009593,Stable,0.8514851485148515,0,0,0,0,0,0,0,202606
687,EG594214015,Sand Roastery 687,EG,SME,Food & Beverage,POS Terminal,Hany Soliman,Active,2025-02-18,2026-06-30,9924.098,10157.051599999999,38715.8696,1366.8927999999999,535.8678,-0.001599999999996189,1766.0,198.0,-0.022935159648100924,Stable,0.8991853360488798,0,0,0,0,0,0,0,202606
688,AE502481662,Swift Advisory,AE,B2B,Professional Services,Payment Links,Yousef Al-Marri,Active,2025-01-29,2026-06-30,1516320.2068,1134394.1513,4905273.7672999995,39947.582800000004,10275.003200000001,-0.0023000000023783995,12611.0,788.0,0.3366784420232756,Growing,0.9411896410179864,0,0,0,0,0,0,0,202606
689,SA358724361,Royal Bakery 689,SA,SME,Food & Beverage,Payment Links,Turki Al-Shammari,Active,2025-01-30,2026-06-30,19019.1093,22429.483,86673.9178,2577.0115,1201.9215000000002,0.0240999999998906,1680.0,150.0,-0.15204869858123793,Stable,0.9180327868852459,0,0,0,0,0,0,0,202606
690,EG408005333,Green Traders,EG,B2B,Distribution & Wholesale,Direct API,Hany Soliman,Active,2025-03-08,2026-06-30,217325.0306,193841.9887,901161.5258000001,4613.391299999999,1280.2792,-0.002299999999905398,169.0,4.0,0.12114527950052967,Stable,0.976878612716763,0,0,0,0,0,0,0,202606
691,EG608887054,Amber Traders,EG,B2B,Distribution & Wholesale,Direct API,Nadia Fouad,Active,2025-03-06,2026-06-29,263577.1307,292034.3771,1086663.7223999999,6292.841600000001,2406.2518,0.000799999999969502,194.0,11.0,-0.09744485112537117,Stable,0.9463414634146341,0,0,0,0,0,0,0,202606
692,AE410140017,Sand Connect,AE,Enterprise,Telecom & Utilities,Payment Links,Layla Haddad,Active,2025-02-01,2026-06-30,6548835.5648,6170360.277899999,23667733.7617,321246.2435,21219.608,0.0190999999977065,147444.0,16642.0,0.061337631816340187,Stable,0.8985775751739942,0,0,0,0,0,0,0,202606
693,SA811026603,Prime Clinics,SA,SME,Healthcare,POS Terminal,Reem Al-Ghamdi,Active,2025-02-14,2026-06-30,10585.3095,11586.9951,45500.84619999999,994.6884000000001,432.1672,0.027399999999999803,214.0,14.0,-0.0864491260551237,Stable,0.9385964912280702,0,0,0,0,0,0,0,202606
694,SA816274059,Blue Grill 694,SA,SME,Food & Beverage,POS Terminal,Omar Al-Anazi,Live - never transacted,2025-02-07,,0.0,0.0,0.0,0.0,0.0,0.0,0.0,0.0,,Live - never transacted,,0,0,0,0,0,1,1,202606
695,AE891480332,Sand Online,AE,Online,E-commerce,Direct API,Layla Haddad,Onboarding (not live),,,0.0,0.0,0.0,0.0,0.0,0.0,0.0,0.0,,Onboarding (not live),,0,0,0,0,0,0,0,202606
696,OM645445112,Cedar Labs,OM,SME,Healthcare,POS Terminal,Salim Al-Harthy,Live - never transacted,2025-02-16,,0.0,0.0,0.0,0.0,0.0,0.0,0.0,0.0,,Live - never transacted,,0,0,0,0,0,1,1,202606
697,EG883484273,Blue Distribution,EG,B2B,Distribution & Wholesale,Payment Links,Mai Ragab,Active,2025-01-29,2026-06-30,221586.2086,283640.07129999995,1073903.6941,6045.612400000001,2425.367,0.0003000000001519042,172.0,9.0,-0.21877678430833178,Stable,0.9502762430939227,0,0,0,0,0,0,0,202606
698,SA605999505,Coral Basket,SA,Enterprise,E-commerce,Direct API,Turki Al-Shammari,Churned,2025-04-14,2025-11-30,0.0,0.0,10449899.0251,196309.76639999996,34410.0996,-0.0139000000126545,0.0,0.0,,Churned,,0,0,0,0,1,0,1,202606
699,SA122822556,Nova Cafe 699,SA,SME,Food & Beverage,POS Terminal,Reem Al-Ghamdi,Active,2025-02-26,2026-06-30,70098.163,79414.02180000002,290739.08670000004,7408.7259,3077.6147,-0.010300000000313298,4939.0,405.0,-0.11730748032710786,Stable,0.9242140718562875,0,0,0,0,0,0,0,202606
700,EG707758852,Bright Mart,EG,SME,Retail,POS Terminal,Karim Ezzat,Active,2025-03-07,2026-06-30,19326.8848,17146.645399999998,65970.4318,1691.0903,672.5341,0.0005000000000878,1536.0,127.0,0.12715253328793996,Stable,0.9236319903788335,0,0,0,0,0,0,0,202606
701,EG735951857,Zenith Stores 701,EG,SME,Retail,POS Terminal,Hany Soliman,Churned,2025-03-06,2025-07-31,0.0,0.0,5646.017,129.74450000000002,63.780300000000004,0.0004999999999881,0.0,0.0,,Churned,,0,0,0,0,1,0,1,202606
702,EG786386215,Golden Care,EG,SME,Healthcare,POS Terminal,Hany Soliman,Active,2025-02-26,2026-06-30,9063.9175,10403.8963,42270.07720000001,993.9825999999999,456.88390000000004,-0.000799999999984,285.0,22.0,-0.12879586275768634,Stable,0.9283387622149837,0,0,0,0,0,0,0,202606
703,AE779501806,Horizon Institute,AE,Online,Education,Direct API,Layla Haddad,Churned,2025-05-26,2026-02-28,0.0,148408.37290000002,600910.4362000001,14496.6178,6177.493099999999,0.023000000000365298,0.0,0.0,-1.0,Churned,,0,0,0,0,1,0,1,202606
704,AE859143846,Pearl Learning,AE,Online,Education,Direct API,Yousef Al-Marri,Active,2025-05-05,2026-06-30,47853.9442,54233.827000000005,201078.386,4879.079699999999,2124.5020000000004,-0.0037000000000091,252.0,33.0,-0.11763659606761673,Stable,0.8842105263157894,0,0,0,0,0,0,0,202606
705,SA865588306,Crescent Market 705,SA,SME,Retail,POS Terminal,Turki Al-Shammari,Active,2025-03-06,2026-06-30,20865.0025,26597.053,98389.0526,2224.9861,1035.378,-0.009500000000087902,490.0,40.0,-0.21551449703845013,Stable,0.9245283018867925,0,0,0,0,0,0,0,202606
706,SA385404287,Palm Streaming,SA,Online,Digital Services,Hosted Checkout,Omar Al-Anazi,Active,2025-02-26,2026-06-30,304794.1995,291093.74679999996,1138588.3216,29042.4986,11226.866199999999,0.0076999999992039,22537.0,2266.0,0.0470654311561461,Stable,0.9086400838608233,0,0,0,0,0,0,0,202606
707,OM697006312,Royal Kitchen 707,OM,SME,Food & Beverage,Payment Links,Salim Al-Harthy,Live - never transacted,2025-02-23,,0.0,0.0,0.0,0.0,0.0,0.0,0.0,0.0,,Live - never transacted,,0,0,0,0,0,1,1,202606
708,EG614572570,Royal Learning,EG,Online,Education,Direct API,Mai Ragab,Active,2025-03-25,2026-06-30,218216.43790000002,268853.97790000006,1032016.4844,24690.056999999997,10973.031299999999,-0.0040999999987433025,2259.0,316.0,-0.18834588349975842,Stable,0.8772815533980582,0,0,0,0,0,0,0,202606
709,SA732202482,Falcon Grill 709,SA,Online,Food & Beverage,Direct API,Turki Al-Shammari,Active,2025-05-15,2026-06-30,111210.9893,129762.5179,519382.39820000005,12450.476300000002,4917.150500000001,-0.010299999999915403,6580.0,659.0,-0.14296523295191088,Stable,0.9089653267025832,0,0,0,0,0,0,0,202606
710,EG470401998,Golden Hotels,EG,Online,Travel & Hospitality,E-commerce Plugin,Nadia Fouad,Churned,2025-03-17,2025-04-30,0.0,0.0,0.0,0.0,0.0,0.0,0.0,0.0,,Churned,,0,0,0,0,1,0,1,202606
711,OM486301998,Silver Cafe 711,OM,SME,Food & Beverage,Payment Links,Salim Al-Harthy,Active,2025-02-27,2026-06-30,8078.933800000001,7439.6879,31990.8978,886.8399,330.19829999999996,0.1753000000000069,599.0,52.0,0.08592375225847859,Stable,0.9201228878648233,0,0,0,0,0,0,0,202606
712,SA461496308,Palm Express,SA,B2B,Logistics,Payment Links,Omar Al-Anazi,Live - never transacted,2025-02-28,,0.0,0.0,0.0,0.0,0.0,0.0,0.0,0.0,,Live - never transacted,,0,0,0,0,0,1,1,202606
713,AE244784158,Golden Stays,AE,Online,Travel & Hospitality,Direct API,Yousef Al-Marri,Live - never transacted,2025-05-07,,0.0,0.0,0.0,0.0,0.0,0.0,0.0,0.0,,Live - never transacted,,0,0,0,0,0,1,1,202606
714,SA407393102,Royal Bakery 714,SA,SME,Food & Beverage,Payment Links,Omar Al-Anazi,Active,2025-03-01,2026-06-30,49605.727900000005,58889.63500000001,251637.11550000004,7041.3998,2903.4215000000004,0.028699999999957898,4150.0,278.0,-0.15764925525519052,Stable,0.9372177055103884,0,0,0,0,0,0,0,202606
715,EG342246625,Palm Services,EG,SME,Professional Services,Payment Links,Hany Soliman,Active,2025-03-05,2026-06-29,5884.6469,5451.9439999999995,21650.5712,450.3461,227.2245,-0.00010000000001388553,108.0,11.0,0.07936671763319657,Stable,0.907563025210084,0,0,0,0,0,0,0,202606
716,AE548451543,Bright Bakery 716,AE,SME,Food & Beverage,Payment Links,Yousef Al-Marri,Active,2025-03-06,2026-06-30,54129.8379,56728.3786,214173.59479999996,5428.6073,2408.3062,-0.0173000000001478,3175.0,228.0,-0.045806715512225094,Stable,0.9330002938583603,0,0,0,0,0,0,0,202606
717,SA818206797,Silver Stores 717,SA,SME,Retail,POS Terminal,Omar Al-Anazi,Active,2025-03-16,2026-06-30,31843.0957,28179.9116,122711.73300000001,2595.4343999999996,1065.2727,0.001200000000068402,951.0,82.0,0.12999274632217095,Stable,0.920619554695063,0,0,0,0,0,0,0,202606
718,SA647753119,Cedar Boutique 718,SA,SME,Retail,POS Terminal,Omar Al-Anazi,Active,2025-03-16,2026-06-30,29366.0482,35915.7102,142991.27060000002,3302.8963,1461.4829,-0.0182000000000926,1013.0,76.0,-0.18236203498490194,Stable,0.9302112029384757,0,0,0,0,0,0,0,202606
719,AE581665247,Blue Legal,AE,SME,Professional Services,Payment Links,Layla Haddad,Live - never transacted,2025-03-15,,0.0,0.0,0.0,0.0,0.0,0.0,0.0,0.0,,Live - never transacted,,0,0,0,0,0,1,1,202606
720,EG577212501,Silver Roastery 720,EG,SME,Food & Beverage,POS Terminal,Nadia Fouad,Active,2025-03-24,2026-06-30,4853.803,4823.1367,19531.265199999998,599.3194,247.0793,0.0011000000000010199,586.0,46.0,0.006358165216424379,Stable,0.9272151898734177,0,0,0,0,0,0,0,202606
721,AE132301545,Royal Online,AE,Online,E-commerce,Direct API,Yousef Al-Marri,Active,2025-06-08,2026-06-30,155605.1847,167476.55,646787.3004999999,15372.859699999999,5587.2242,-0.0275999999998929,3138.0,436.0,-0.07088374641106457,Stable,0.8780078343592613,0,0,0,0,0,0,0,202606
722,EG963669023,Amber Bakery 722,EG,SME,Food & Beverage,Hosted Checkout,Karim Ezzat,Live - never transacted,2025-04-04,,0.0,0.0,0.0,0.0,0.0,0.0,0.0,0.0,,Live - never transacted,,0,0,0,0,0,1,1,202606
723,AE642764712,Amber Freight,AE,B2B,Logistics,Payment Links,Layla Haddad,Active,2025-03-23,2026-06-30,2096336.5639000002,2405591.0173,9370836.548,55563.526,16657.6328,0.017000000000734698,1261.0,66.0,-0.12855653815464543,Stable,0.9502637528259231,0,0,0,0,0,0,0,202606
724,SA174215481,Coral Shop 724,SA,Online,E-commerce,Direct API,Turki Al-Shammari,Active,2025-06-18,2026-06-30,129786.15900000001,123162.56,469976.8047,10076.4618,4543.427399999999,-0.028499999999950995,2051.0,199.0,0.05377932222259765,Stable,0.9115555555555556,0,0,0,0,0,0,0,202606
725,EG714930904,Sand Supply,EG,B2B,Distribution & Wholesale,Direct API,Nadia Fouad,Active,2025-06-08,2026-06-25,49352.715,73200.8729,247814.0328,1347.1222999999998,373.65239999999994,0.0003000000000169912,49.0,4.0,-0.32579062182194285,Declining,0.9245283018867925,0,0,0,1,0,0,1,202606
726,AE755938199,Metro Hotels,AE,Online,Travel & Hospitality,Direct API,Yousef Al-Marri,Active,2025-05-06,2026-06-30,352073.54429999995,290873.74559999997,1394847.8075,32670.848100000003,13343.4647,-0.024699999999711324,1078.0,141.0,0.21039987151043857,Growing,0.8843314191960624,0,0,0,0,0,0,0,202606
727,AE274153176,Metro Stays,AE,Online,Travel & Hospitality,Hosted Checkout,Yousef Al-Marri,Active,2025-04-20,2026-06-30,96202.79089999999,74827.84169999999,334775.0547,8186.5383,3324.8003,0.0237999999997099,281.0,35.0,0.28565502778626856,Growing,0.8892405063291139,0,0,0,0,0,0,0,202606
728,AE117482517,Palm Deals 728,AE,Online,E-commerce,Direct API,Yousef Al-Marri,Onboarding (not live),,,0.0,0.0,0.0,0.0,0.0,0.0,0.0,0.0,,Onboarding (not live),,0,0,0,0,0,0,0,202606
729,AE248835332,Palm Online 729,AE,Online,E-commerce,Hosted Checkout,Yousef Al-Marri,Live - never transacted,2025-04-28,,0.0,0.0,0.0,0.0,0.0,0.0,0.0,0.0,,Live - never transacted,,0,0,0,0,0,1,1,202606
730,AE389040029,Golden Distribution,AE,B2B,Distribution & Wholesale,Payment Links,Yousef Al-Marri,Onboarding (not live),,,0.0,0.0,0.0,0.0,0.0,0.0,0.0,0.0,,Onboarding (not live),,0,0,0,0,0,0,0,202606
731,EG144775218,Coral Freight,EG,B2B,Logistics,Direct API,Hany Soliman,Onboarding (not live),,,0.0,0.0,0.0,0.0,0.0,0.0,0.0,0.0,,Onboarding (not live),,0,0,0,0,0,0,0,202606
732,SA447120771,Metro Legal,SA,SME,Professional Services,Payment Links,Omar Al-Anazi,Active,2025-03-28,2026-06-30,60267.4109,54899.741200000004,224840.4748,5325.568,2548.8834,-0.0244000000000706,1025.0,99.0,0.09777222228508425,Stable,0.9119217081850534,0,0,0,0,0,0,0,202606
733,EG546754192,Falcon Mart 733,EG,Enterprise,Retail,Direct API,Karim Ezzat,Churned,2025-05-28,2025-05-31,0.0,0.0,0.0,0.0,0.0,0.0,0.0,0.0,,Churned,,0,0,0,0,1,0,1,202606
734,EG861848123,Amber Mart 734,EG,SME,Retail,Payment Links,Nadia Fouad,Active,2025-03-30,2026-06-30,21203.1883,20947.5729,85368.8473,2148.3532999999998,1083.8631,-0.001499999999964322,1198.0,162.0,0.012202626109490824,Stable,0.8808823529411764,0,0,0,0,0,0,0,202606
735,EG275445878,Pearl Market 735,EG,SME,Retail,POS Terminal,Hany Soliman,Active,2025-04-23,2026-06-30,7157.1305999999995,6455.3135,25411.2006,674.1853,327.4941,0.0016999999999994858,525.0,64.0,0.10871928993069031,Stable,0.8913412563667232,0,0,0,0,0,0,0,202606
736,SA289229597,Cedar Partners,SA,SME,Professional Services,Payment Links,Reem Al-Ghamdi,Active,2025-04-03,2026-06-30,118953.3575,119873.7517,485802.57840000006,10484.213699999998,4969.3796,0.004299999999830199,1168.0,132.0,-0.007678029484748288,Stable,0.8984615384615384,0,0,0,0,0,0,0,202606
737,AE295967621,Crescent Basket 737,AE,Online,E-commerce,E-commerce Plugin,Layla Haddad,Active,2025-04-03,2026-06-30,15822.9866,18557.5027,73143.2361,1800.4482000000003,723.7563,-0.009599999999977495,310.0,54.0,-0.14735366844376105,Stable,0.8516483516483516,0,0,0,0,0,0,0,202606
738,SA596495663,Nova Cloud,SA,Online,Digital Services,Direct API,Omar Al-Anazi,Active,2025-06-13,2026-06-30,94582.7624,90065.976,313594.816,9702.9949,4035.5224000000003,0.001100000000008301,7141.0,794.0,0.050149752443697626,Stable,0.8999369880277253,0,0,0,0,0,0,0,202606
739,SA886598559,Cedar Online 739,SA,Online,E-commerce,Direct API,Turki Al-Shammari,Active,2025-05-11,2026-06-30,362101.005,367341.1301,1480685.9273999997,31667.8322,12995.302200000002,-0.0087999999991551,8276.0,810.0,-0.014265010560003188,Stable,0.9108518600044023,0,0,0,0,0,0,0,202606
740,SA848487072,Zenith Journeys,SA,Enterprise,Travel & Hospitality,Direct API,Turki Al-Shammari,Active,2025-06-12,2026-05-31,465680.1115,638379.2051,2522586.2686,45226.3922,17378.582,0.047800000001188496,2052.0,112.0,-0.2705274423419655,Declining,0.9482439926062847,0,0,0,1,0,0,1,202606
741,EG771551439,Crescent Supply,EG,B2B,Unclassified,Direct API,Nadia Fouad,Active,2025-07-24,2026-06-30,373106.4485,346494.5542,1167298.6827000002,6665.7698,2454.2059,9.999999982906479e-05,280.0,10.0,0.076803210836726,Stable,0.9655172413793104,0,0,0,0,0,0,0,202606
742,SA552501231,Nova Hotels,SA,Online,Travel & Hospitality,Direct API,Reem Al-Ghamdi,Active,2025-07-03,2026-06-30,94921.41870000001,92850.9523,415519.2502,8718.4108,3012.568,0.012799999999969999,363.0,39.0,0.022298817068783092,Stable,0.9029850746268657,0,0,0,0,0,0,0,202606
743,SA696833214,Crescent Shop 743,SA,Online,E-commerce,Direct API,Omar Al-Anazi,Active,2025-06-12,2026-06-30,74779.61050000001,74290.1627,278346.0349,5666.418900000001,1913.1875999999997,-0.0160999999999941,1693.0,177.0,0.0065883258591922424,Stable,0.9053475935828877,0,0,0,0,0,0,0,202606
744,AE655884055,Silver Schools,AE,Online,Education,Direct API,Layla Haddad,Onboarding (not live),,,0.0,0.0,0.0,0.0,0.0,0.0,0.0,0.0,,Onboarding (not live),,0,0,0,0,0,0,0,202606
745,EG154810799,Amber Outlet 745,EG,SME,Retail,POS Terminal,Karim Ezzat,Active,2025-04-27,2026-06-30,3030.2255000000005,3361.5872,12620.362799999999,314.8515,123.9028,-0.0013000000000003668,231.0,23.0,-0.0985729895687369,Stable,0.9094488188976378,0,0,0,0,0,0,0,202606
746,SA200244788,Cedar Games,SA,Online,Digital Services,Direct API,Reem Al-Ghamdi,Active,2025-07-11,2026-06-30,72847.12030000001,74824.6982,264600.39410000003,8022.348300000001,3476.6531000000004,0.0102999999998872,4535.0,579.0,-0.026429480473333728,Stable,0.8867813844348846,0,0,0,0,0,0,0,202606
747,AE107661633,Silver Basket 747,AE,Online,E-commerce,Direct API,Layla Haddad,Active,2025-07-03,2026-06-30,110579.5944,105076.6043,376405.6441,11237.319999999998,4322.3997,0.0182999999997547,2876.0,365.0,0.05237122132619197,Stable,0.8873804381363777,0,0,0,0,0,0,0,202606
748,AE595956042,Metro Shop 748,AE,Online,E-commerce,Direct API,Yousef Al-Marri,Active,2025-07-16,2026-06-30,399540.7537,398077.6557,1388884.1393999998,39879.0547,16321.240099999999,-0.0311000000005491,5185.0,752.0,0.0036754085014573654,Stable,0.8733367020380663,0,0,0,0,0,0,0,202606
749,EG788681599,Amber EdTech,EG,Online,Education,Direct API,Mai Ragab,Active,2025-07-18,2026-06-30,32491.273400000002,42673.904299999995,128111.31340000001,3010.0428000000006,1127.5171,-0.002099999999899298,283.0,38.0,-0.23861493498264216,Stable,0.881619937694704,0,0,0,0,0,0,0,202606
750,EG711763863,Cedar Roastery 750,EG,SME,Food & Beverage,POS Terminal,Mai Ragab,Churned,2025-05-08,2025-11-30,0.0,0.0,17797.8839,527.1232,207.3603,-0.0009000000000015001,0.0,0.0,,Churned,,0,0,0,0,1,0,1,202606
751,SA382289892,Cedar Online 751,SA,Online,E-commerce,Direct API,Omar Al-Anazi,Active,2025-05-15,2026-06-30,324470.1756,332927.35919999995,1340068.6186999998,19031.451100000002,3024.4021000000002,11157.096,5907.0,709.0,-0.025402489060442266,Stable,0.8928355501813785,0,1,0,0,0,0,1,202606
752,SA393227273,Prime Kitchen 752,SA,Enterprise,Food & Beverage,POS Terminal,Reem Al-Ghamdi,Live - never transacted,2025-05-12,,0.0,0.0,0.0,0.0,0.0,0.0,0.0,0.0,,Live - never transacted,,0,0,0,0,0,1,1,202606
753,EG166348157,Swift Services,EG,SME,Professional Services,Payment Links,Karim Ezzat,Live - never transacted,2025-04-25,,0.0,0.0,0.0,0.0,0.0,0.0,0.0,0.0,,Live - never transacted,,0,0,0,0,0,1,1,202606
754,EG244579582,Silver Distribution,EG,B2B,Distribution & Wholesale,Direct API,Mai Ragab,Active,2025-07-10,2026-06-29,1241689.963,1149545.2310000001,3730005.9150000005,21040.629500000003,7570.321299999999,-0.0011999999993575264,1188.0,32.0,0.08015755232166226,Stable,0.9737704918032787,0,0,0,0,0,0,0,202606
755,SA901680809,Crescent Academy,SA,SME,Education,Payment Links,Omar Al-Anazi,Active,2025-04-26,2026-06-29,68850.0135,90340.09349999999,353927.5393,7102.5162,3008.4781000000003,-0.0169999999997115,434.0,41.0,-0.23787976265488356,Stable,0.9136842105263158,0,0,0,0,0,0,0,202606
756,SA241226283,Crescent Legal,SA,B2B,Professional Services,Direct API,Omar Al-Anazi,Active,2025-06-15,2026-06-29,342985.61340000003,349145.19419999997,1324191.7596,9909.346300000001,2445.215,0.022300000000086497,2180.0,76.0,-0.017641889111816217,Stable,0.9663120567375887,0,0,0,0,0,0,0,202606
757,AE467155530,Cedar EdTech,AE,SME,Education,Hosted Checkout,Layla Haddad,Active,2025-05-19,2026-06-28,36946.8153,38645.3124,174118.86149999997,4740.5417,1865.0104000000001,0.011399999999923704,157.0,22.0,-0.04395092171644601,Stable,0.8770949720670391,0,0,0,0,0,0,0,202606
758,SA227757131,Zenith Grill 758,SA,SME,Food & Beverage,Payment Links,Omar Al-Anazi,Live - never transacted,2025-05-02,,0.0,0.0,0.0,0.0,0.0,0.0,0.0,0.0,,Live - never transacted,,0,0,0,0,0,1,1,202606
759,AE518894994,Nova Cafe 759,AE,Enterprise,Food & Beverage,Payment Links,Layla Haddad,Active,2025-04-29,2026-06-30,1092085.3586,1066714.9755,3906267.0387,74536.14009999999,14407.6138,-0.024499999999534297,72843.0,5159.0,0.02378365700557279,Stable,0.9338606702392246,0,0,0,0,0,0,0,202606
760,OM371938797,Cedar Bakery 760,OM,Enterprise,Food & Beverage,Direct API,Salim Al-Harthy,Active,2025-08-19,2026-06-30,1705249.8828000003,1887865.4881000002,5693163.5628,95187.2311,-656.8581000000004,0.26990000000182585,85168.0,9172.0,-0.09673125890117802,Stable,0.9027771888912445,1,0,0,0,0,0,1,202606
761,SA726680999,Silver Roastery 761,SA,SME,Food & Beverage,POS Terminal,Omar Al-Anazi,Active,2025-06-02,2026-06-30,33848.22410000001,31880.941600000002,116641.73070000001,3078.0072999999998,1396.9573999999998,-0.0037000000001229973,2455.0,219.0,0.061707164257658084,Stable,0.9181002243829469,0,0,0,0,0,0,0,202606
762,AE201707915,Nova Roastery 762,AE,SME,Food & Beverage,Payment Links,Layla Haddad,Active,2025-05-09,2026-06-29,74620.0358,87508.4688,329386.48099999997,8753.6012,4018.8301,0.0257999999998899,4577.0,332.0,-0.14728212225329218,Stable,0.9323691179466287,0,0,0,0,0,0,0,202606
763,EG292925935,Bright Basket 763,EG,Online,E-commerce,Direct API,Karim Ezzat,Active,2025-06-10,2026-06-30,25296.8324,27462.3935,105431.15500000001,2995.821,999.7594,0.0008000000000550002,1300.0,149.0,-0.07885551199315526,Stable,0.8971704623878537,0,0,0,0,0,0,0,202606
764,OM436896345,Sand Cafe 764,OM,SME,Food & Beverage,POS Terminal,Salim Al-Harthy,Active,2025-06-05,2026-06-30,67883.9529,71069.389,262790.3524,7568.4265000000005,2501.5501000000004,0.1462000000000786,7941.0,532.0,-0.04482149269638426,Stable,0.9372123214917975,0,0,0,0,0,0,0,202606
765,SA806929470,Nova Learning,SA,SME,Education,POS Terminal,Turki Al-Shammari,Active,2025-05-18,2026-06-30,134084.4212,135765.80800000002,534638.8082000001,10844.182600000002,4962.5535,0.017399999999952204,998.0,92.0,-0.012384464282789134,Stable,0.9155963302752294,0,0,0,0,0,0,0,202606
766,SA561553381,Pearl Legal,SA,SME,Professional Services,Hosted Checkout,Omar Al-Anazi,Onboarding (not live),,,0.0,0.0,0.0,0.0,0.0,0.0,0.0,0.0,,Onboarding (not live),,0,0,0,0,0,0,0,202606
767,EG422365719,Pearl Partners,EG,SME,Professional Services,POS Terminal,Karim Ezzat,Active,2025-05-28,2026-06-30,12742.177899999999,14900.1032,59315.639500000005,1332.8938000000003,630.3666,1.4199470592390906e-14,270.0,24.0,-0.14482619825076118,Stable,0.9183673469387755,0,0,0,0,0,0,0,202606
768,EG576244470,Bright Games,EG,Online,Digital Services,Direct API,Mai Ragab,Churned,2025-06-07,2025-08-31,0.0,0.0,1771.7051000000001,58.954499999999996,26.9941,0.0004000000000061,0.0,0.0,,Churned,,0,0,0,0,1,0,1,202606
769,SA419800769,Metro Roastery 769,SA,SME,Food & Beverage,Hosted Checkout,Turki Al-Shammari,Active,2025-06-02,2026-06-30,46154.6127,47629.8779,219802.44770000002,6334.3554,2589.4318000000003,0.019900000000120398,2970.0,299.0,-0.030973524708531777,Stable,0.9085347200978893,0,0,0,0,0,0,0,202606
770,OM688926128,Palm Net,OM,Enterprise,Telecom & Utilities,Hosted Checkout,Salim Al-Harthy,Active,2025-06-06,2026-06-30,1022758.2580000001,1152376.7232,4703416.022299999,86105.4368,16002.4025,0.15900000000237943,37183.0,3929.0,-0.1124792462312725,Stable,0.9044317960692742,0,0,0,0,0,0,0,202606
771,AE333118951,Metro Market 771,AE,SME,Retail,POS Terminal,Layla Haddad,Active,2025-05-30,2026-06-30,8446.5401,9348.933799999999,39736.0185,1012.1966,446.09400000000005,-0.0006000000000341988,317.0,22.0,-0.09652370198620926,Stable,0.9351032448377581,0,0,0,0,0,0,0,202606
772,OM377293460,Sand Basket 772,OM,Online,E-commerce,E-commerce Plugin,Salim Al-Harthy,Active,2025-05-28,2026-06-30,46239.193499999994,54492.327300000004,243670.42750000002,5417.6078,1875.1735999999999,-0.1310999999998896,959.0,111.0,-0.15145497006511613,Stable,0.8962616822429906,0,0,0,0,0,0,0,202606
773,SA396263603,Green Online 773,SA,Online,E-commerce,Direct API,Omar Al-Anazi,Live - never transacted,2025-08-30,,0.0,0.0,0.0,0.0,0.0,0.0,0.0,0.0,,Live - never transacted,,0,0,0,0,0,1,1,202606
774,AE545364971,Prime Market 774,AE,SME,Retail,POS Terminal,Layla Haddad,Active,2025-05-24,2026-06-28,14538.9055,19753.7976,73307.46100000001,1757.9900000000002,780.7484000000001,0.004399999999947201,451.0,32.0,-0.26399440783983735,Declining,0.9337474120082816,0,0,0,1,0,0,1,202606
775,EG723843125,Amber Digital,EG,Online,Digital Services,Direct API,Nadia Fouad,Active,2025-06-14,2026-06-30,310177.38340000005,307508.7007,1187131.2344,42541.8739,17656.6639,-0.005200000001422851,57627.0,7402.0,0.008678397371928616,Stable,0.8861738608928325,0,0,0,0,0,0,0,202606
776,EG271950140,Zenith Boutique 776,EG,SME,Retail,Payment Links,Karim Ezzat,Active,2025-05-15,2026-06-30,6236.4160999999995,5719.061,23237.8528,645.8011,319.89470000000006,9.999999999610001e-05,553.0,59.0,0.09046154604750671,Stable,0.9035947712418301,0,0,0,0,0,0,0,202606
777,AE786280232,Blue Freight,AE,B2B,Logistics,Payment Links,Yousef Al-Marri,Dormant,2025-05-18,2026-05-28,219655.0471,407618.25769999996,1448320.5292,8180.470400000001,2529.9105,-0.017600000000129304,276.0,15.0,-0.46112559251047497,Dormant,0.9484536082474226,0,0,0,0,1,0,1,202606
778,EG144615489,Prime Grill 778,EG,SME,Food & Beverage,POS Terminal,Mai Ragab,Active,2025-06-08,2026-06-29,21868.7331,21816.1309,77417.95019999999,2803.0758,1029.6082000000001,0.0022999999999909998,4687.0,490.0,0.002411160816788149,Stable,0.905350589144292,0,0,0,0,0,0,0,202606
779,SA605409640,Pearl Stores 779,SA,SME,Retail,Payment Links,Omar Al-Anazi,Active,2025-05-13,2026-06-30,36686.3391,38389.2747,142166.6274,3193.3056,1288.5338000000002,-0.0013000000000146002,1222.0,125.0,-0.04435967111407823,Stable,0.9072011878247959,0,0,0,0,0,0,0,202606
780,EG740706106,Urban Travel,EG,Online,Travel & Hospitality,Direct API,Karim Ezzat,Active,2025-08-12,2026-06-30,77887.3637,54238.7572,212009.4466,5025.702300000001,2156.8908,-0.001499999999836585,435.0,51.0,0.43600937264838363,Growing,0.8950617283950617,0,0,0,0,0,0,0,202606
781,AE273918504,Palm Apps,AE,Online,Digital Services,E-commerce Plugin,Layla Haddad,Active,2025-05-27,2026-06-30,21452.7189,21538.1051,84389.35359999999,2648.6036,934.6468,-0.0004999999999598,1501.0,199.0,-0.0039644248926987,Stable,0.8829411764705882,0,0,0,0,0,0,0,202606
782,OM221133708,Bright Outlet 782,OM,SME,Retail,POS Terminal,Salim Al-Harthy,Active,2025-06-22,2026-06-30,25804.760000000002,25703.1732,97885.30640000002,2232.2238,793.2494000000002,0.09000000000001769,1208.0,135.0,0.003952305779894949,Stable,0.8994787788533135,0,0,0,0,0,0,0,202606
783,SA382347763,Coral Online 783,SA,Online,E-commerce,Direct API,Turki Al-Shammari,Onboarding (not live),,,0.0,0.0,0.0,0.0,0.0,0.0,0.0,0.0,,Onboarding (not live),,0,0,0,0,0,0,0,202606
784,AE145480560,Bright Cloud,AE,Online,Unclassified,Direct API,Layla Haddad,Onboarding (not live),,,0.0,0.0,0.0,0.0,0.0,0.0,0.0,0.0,,Onboarding (not live),,0,0,0,0,0,0,0,202606
785,OM433175041,Sand Labs,OM,SME,Healthcare,Direct API,Salim Al-Harthy,Onboarding (not live),,,0.0,0.0,0.0,0.0,0.0,0.0,0.0,0.0,,Onboarding (not live),,0,0,0,0,0,0,0,202606
786,AE913123490,Metro Advisory,AE,SME,Professional Services,Payment Links,Yousef Al-Marri,Live - never transacted,2025-06-03,,0.0,0.0,0.0,0.0,0.0,0.0,0.0,0.0,,Live - never transacted,,0,0,0,0,0,1,1,202606
787,AE292707167,Zenith Online 787,AE,Enterprise,E-commerce,POS Terminal,Layla Haddad,Live - never transacted,2025-06-24,,0.0,0.0,0.0,0.0,0.0,0.0,0.0,0.0,,Live - never transacted,,0,0,0,0,0,1,1,202606
788,OM299792062,Oasis Online 788,OM,Online,E-commerce,Hosted Checkout,Salim Al-Harthy,Onboarding (not live),,,0.0,0.0,0.0,0.0,0.0,0.0,0.0,0.0,,Onboarding (not live),,0,0,0,0,0,0,0,202606
789,AE617017126,Palm Legal,AE,SME,Professional Services,POS Terminal,Layla Haddad,Churned,2025-07-01,2026-03-31,0.0,97029.0618,250395.4172,5611.529,2592.5488,0.014399999999966315,0.0,0.0,-1.0,Churned,,0,0,0,0,1,0,1,202606
790,EG125693032,Blue Kitchen 790,EG,SME,Food & Beverage,Direct API,Karim Ezzat,Active,2025-07-06,2026-06-30,15648.473199999999,18969.2667,61941.0073,2221.1344,779.6991000000002,0.0017999999999103765,2704.0,294.0,-0.17506177505533208,Stable,0.9019346230820547,0,0,0,0,0,0,0,202606
791,EG389371308,Sand Shop 791,EG,Online,E-commerce,Hosted Checkout,Karim Ezzat,Active,2025-07-10,2026-06-30,87164.6629,87986.15419999999,324974.4318,8266.383399999999,3540.7718000000004,0.001500000000050187,2958.0,433.0,-0.009336597416596648,Stable,0.872309053376585,0,0,0,0,0,0,0,202606
792,SA955449063,Cedar Roastery 792,SA,SME,Food & Beverage,Payment Links,Turki Al-Shammari,Active,2025-06-06,2026-06-30,45494.898499999996,41171.1498,151181.69019999998,3942.3813,1370.4630000000002,0.0009999999999194993,3162.0,323.0,0.10501889602315641,Stable,0.9073170731707317,0,0,0,0,0,0,0,202606
793,OM933600305,Blue Partners,OM,SME,Professional Services,POS Terminal,Salim Al-Harthy,Active,2025-06-22,2026-06-29,9952.1715,10744.4729,44213.2905,905.3577000000001,411.26300000000003,0.06879999999999592,118.0,15.0,-0.07374036933910459,Stable,0.8872180451127819,0,0,0,0,0,0,0,202606
794,SA856834042,Silver Boutique 794,SA,SME,Retail,Payment Links,Omar Al-Anazi,Active,2025-06-05,2026-06-30,136935.0346,124652.80320000001,485855.0113,12062.162999999999,5733.961700000001,-0.0124000000005253,5111.0,428.0,0.09853152985491788,Stable,0.9227297346091352,0,0,0,0,0,0,0,202606
795,EG336915801,Cedar Roastery 795,EG,SME,Food & Beverage,Direct API,Nadia Fouad,Active,2025-08-22,2026-06-29,38441.490000000005,37400.8992,115766.3147,4291.7249,1640.3189,-0.0013999999998332976,6447.0,705.0,0.027822614489440012,Stable,0.9014261744966443,0,0,0,0,0,0,0,202606
796,SA220762380,Crescent Power,SA,B2B,Telecom & Utilities,Payment Links,Omar Al-Anazi,Active,2025-06-07,2026-06-30,581568.645,599319.3759999999,2136208.2206,35561.7441,6989.901600000001,0.0057999999987714,19210.0,724.0,-0.029618149705875545,Stable,0.9636801444767733,0,0,0,0,0,0,0,202606
797,EG453339370,Metro Services,EG,SME,Professional Services,POS Terminal,Karim Ezzat,Active,2025-06-22,2026-06-29,25454.0812,26060.2587,103815.32530000001,2170.4851,1074.6417999999999,-0.0016999999999712,590.0,61.0,-0.023260609458186154,Stable,0.9062980030721967,0,0,0,0,0,0,0,202606
798,SA743288037,Bright Connect,SA,B2B,Telecom & Utilities,Payment Links,Turki Al-Shammari,Onboarding (not live),,,0.0,0.0,0.0,0.0,0.0,0.0,0.0,0.0,,Onboarding (not live),,0,0,0,0,0,0,0,202606
799,AE439271848,Metro Traders,AE,B2B,Distribution & Wholesale,Payment Links,Yousef Al-Marri,Live - never transacted,2025-06-12,,0.0,0.0,0.0,0.0,0.0,0.0,0.0,0.0,,Live - never transacted,,0,0,0,0,0,1,1,202606
800,EG150005962,Pearl Cafe 800,EG,Online,Food & Beverage,E-commerce Plugin,Nadia Fouad,Active,2025-06-18,2026-06-30,32113.5374,32082.2206,112864.24819999999,3271.8597999999997,1223.0609,-0.002300000000133198,3092.0,487.0,0.0009761419070848391,Stable,0.863928471640123,0,0,0,0,0,0,0,202606
801,EG286749405,Metro Boutique 801,EG,SME,Retail,Direct API,Mai Ragab,Onboarding (not live),,,0.0,0.0,0.0,0.0,0.0,0.0,0.0,0.0,,Onboarding (not live),,0,0,0,0,0,0,0,202606
802,EG646018463,Silver Streaming,EG,Online,Digital Services,Direct API,Hany Soliman,Onboarding (not live),,,0.0,0.0,0.0,0.0,0.0,0.0,0.0,0.0,,Onboarding (not live),,0,0,0,0,0,0,0,202606
803,EG345985720,Amber Basket 803,EG,Online,E-commerce,Direct API,Hany Soliman,Active,2025-10-01,2026-06-30,19364.9815,20722.209800000004,53210.0376,1392.6248999999998,460.6784,0.00019999999998530004,650.0,109.0,-0.06549631111253407,Stable,0.8563899868247694,0,0,0,0,0,0,0,202606
804,AE547591847,Silver Basket 804,AE,Online,E-commerce,E-commerce Plugin,Yousef Al-Marri,Active,2025-06-27,2026-06-30,101034.538,103699.06090000001,378496.763,10327.547700000001,3656.127100000001,0.0228999999997653,2060.0,302.0,-0.02569476403040416,Stable,0.8721422523285352,0,0,0,0,0,0,0,202606
805,EG895075137,Bright Telecom,EG,B2B,Telecom & Utilities,Payment Links,Hany Soliman,Active,2025-06-17,2026-06-24,130005.5518,140271.04,608648.9708,14833.0075,3381.6555,-0.001599999999484294,7326.0,292.0,-0.07318323297524569,Stable,0.9616697295878184,0,0,0,0,0,0,0,202606
806,SA687319923,Swift EdTech,SA,Enterprise,Education,Hosted Checkout,Turki Al-Shammari,Active,2025-07-07,2026-06-30,1296899.9096,1848537.0210000002,6676125.119399999,100579.66219999999,25943.4446,-0.010299999997869498,9581.0,914.0,-0.2984182113385979,Declining,0.9129109099571224,0,0,0,1,0,0,1,202606
807,EG817160608,Oasis Cafe 807,EG,SME,Food & Beverage,POS Terminal,Mai Ragab,Active,2025-07-15,2026-06-30,1436.0258000000001,1583.1212,5329.1365,170.43959999999998,83.1792,0.0005999999999968341,217.0,27.0,-0.09291480652270964,Stable,0.889344262295082,0,0,0,0,0,0,0,202606
808,AE854744566,Horizon Boutique 808,AE,SME,Retail,Payment Links,Layla Haddad,Active,2025-06-23,2026-06-29,16021.0884,12711.6705,56321.62209999999,1336.4519999999998,638.3009000000001,0.028300000000001498,458.0,35.0,0.2603448461002824,Growing,0.9290060851926978,0,0,0,0,0,0,0,202606
809,AE681860470,Falcon Stores 809,AE,SME,Retail,Payment Links,Yousef Al-Marri,Active,2025-06-24,2026-06-29,38670.1076,47677.8955,173976.70620000002,4277.4571,1945.1479,0.0037999999999839456,1724.0,156.0,-0.18893006508645072,Stable,0.9170212765957447,0,0,0,0,0,0,0,202606
810,AE811959369,Amber Hotels,AE,Online,Travel & Hospitality,Direct API,Yousef Al-Marri,Onboarding (not live),,,0.0,0.0,0.0,0.0,0.0,0.0,0.0,0.0,,Onboarding (not live),,0,0,0,0,0,0,0,202606
811,EG611254298,Metro Digital,EG,Online,Digital Services,E-commerce Plugin,Mai Ragab,Active,2025-06-25,2026-06-30,39217.5132,44851.5468,167251.55,5356.7999,1961.0577,0.002000000000066502,5296.0,781.0,-0.12561514600874357,Stable,0.87148263946026,0,0,0,0,0,0,0,202606
812,SA921192561,Urban Deals 812,SA,Online,E-commerce,Direct API,Reem Al-Ghamdi,Active,2025-08-11,2026-06-30,55077.6532,56845.7626,187041.2523,4461.1035,1845.0348999999999,-0.0046000000001101,856.0,103.0,-0.031103627062608906,Stable,0.8925964546402503,0,0,0,0,0,0,0,202606
813,SA732374987,Prime Cafe 813,SA,Online,Food & Beverage,Hosted Checkout,Reem Al-Ghamdi,Active,2025-07-02,2026-06-30,185929.4105,197494.2395,678214.767,17135.7795,6965.0944,-0.019399999999620297,13774.0,1411.0,-0.05855780416319433,Stable,0.907079354626276,0,0,0,0,0,0,0,202606
814,EG389592600,Coral Cafe 814,EG,SME,Food & Beverage,Payment Links,Nadia Fouad,Active,2025-06-28,2026-06-30,49099.3147,55918.288700000005,179943.44060000003,5984.482,2957.1472000000003,-0.0006000000000763999,7770.0,1056.0,-0.12194532698565937,Stable,0.8803535010197144,0,0,0,0,0,0,0,202606
815,SA771478693,Royal Power,SA,Enterprise,Telecom & Utilities,POS Terminal,Omar Al-Anazi,Active,2025-07-07,2026-05-31,553124.7444,833300.061,2712549.9434,39731.0347,7160.8984,-0.0324000000000523,15512.0,844.0,-0.33622380426058796,Declining,0.9483981413548545,0,0,0,1,0,0,1,202606
816,AE200431265,Coral Schools,AE,Online,Education,Direct API,Layla Haddad,Active,2025-09-30,2026-06-30,246389.4652,284158.8563,693982.8734,15140.1581,5946.1402,-0.009100000000103099,1239.0,143.0,-0.1329164664856514,Stable,0.8965267727930536,0,0,0,0,0,0,0,202606
817,EG599017636,Silver Labs,EG,SME,Healthcare,POS Terminal,Karim Ezzat,Active,2025-07-15,2026-06-30,4198.711499999999,4886.3422,16493.6755,397.048,178.15540000000001,-0.0014000000000146341,186.0,20.0,-0.14072503968305794,Stable,0.9029126213592233,0,0,0,0,0,0,0,202606
818,EG930327972,Coral Institute,EG,SME,Education,POS Terminal,Hany Soliman,Active,2025-07-04,2026-06-28,19147.4604,17841.1917,71135.42000000001,1521.6779999999997,818.4443000000001,0.000699999999966202,153.0,9.0,0.07321644887656246,Stable,0.9444444444444444,0,0,0,0,0,0,0,202606
819,AE228494793,Golden Basket 819,AE,Online,E-commerce,Hosted Checkout,Layla Haddad,Active,2025-07-13,2026-06-30,239530.58909999998,246307.6155,890537.1666,20451.461199999998,8229.9554,-0.004699999998933802,2788.0,344.0,-0.027514481784263106,Stable,0.8901660280970626,0,0,0,0,0,0,0,202606
820,EG760725891,Crescent Shop 820,EG,Online,E-commerce,E-commerce Plugin,Mai Ragab,Active,2025-07-15,2026-06-30,153313.8655,164173.7926,573957.1455000001,14672.677400000002,4903.3382,0.0059000000000535005,7002.0,1013.0,-0.06614896889456383,Stable,0.8736119775421085,0,0,0,0,0,0,0,202606
821,EG625584592,Prime Pharmacy,EG,SME,Healthcare,Payment Links,Mai Ragab,Churned,2025-06-29,2025-12-30,0.0,0.0,29018.686999999998,651.2891,288.8721,-0.001700000000020688,0.0,0.0,,Churned,,0,0,0,0,1,0,1,202606
822,EG916667859,Blue Outlet 822,EG,SME,Retail,POS Terminal,Karim Ezzat,Active,2025-07-19,2026-06-30,17236.115599999997,18937.5717,63284.5827,1526.6625000000001,672.7017999999999,-0.00029999999996376686,822.0,74.0,-0.08984552649904967,Stable,0.9174107142857143,0,0,0,0,0,0,0,202606
823,AE806113189,Falcon Online 823,AE,Online,E-commerce,Hosted Checkout,Yousef Al-Marri,Live - never transacted,2025-07-21,,0.0,0.0,0.0,0.0,0.0,0.0,0.0,0.0,,Live - never transacted,,0,0,0,0,0,1,1,202606
824,SA542475635,Metro Consulting,SA,SME,Professional Services,POS Terminal,Omar Al-Anazi,Live - never transacted,2025-07-08,,0.0,0.0,0.0,0.0,0.0,0.0,0.0,0.0,,Live - never transacted,,0,0,0,0,0,1,1,202606
825,OM770457253,Coral Basket 825,OM,Online,E-commerce,Direct API,Salim Al-Harthy,Live - never transacted,2025-08-19,,0.0,0.0,0.0,0.0,0.0,0.0,0.0,0.0,,Live - never transacted,,0,0,0,0,0,1,1,202606
826,EG124719628,Pearl Advisory,EG,SME,Professional Services,POS Terminal,Hany Soliman,Active,2025-07-16,2026-06-30,16257.2656,16229.5774,58758.7198,1280.6739000000002,641.9227,0.0017000000000348128,329.0,34.0,0.0017060333314655811,Stable,0.90633608815427,0,0,0,0,0,0,0,202606
827,SA580727871,Amber Games,SA,Online,Digital Services,Hosted Checkout,Omar Al-Anazi,Active,2025-08-07,2026-06-30,52072.87179999999,59456.6509,200576.33349999998,3300.7785000000003,-149.2635,2200.5877,3452.0,484.0,-0.12418760539369712,Stable,0.8770325203252033,1,1,0,0,0,0,2,202606
828,SA186131558,Sand Legal,SA,SME,Professional Services,POS Terminal,Omar Al-Anazi,Active,2025-07-31,2026-06-30,73624.3496,65985.7576,214797.77150000003,4563.811299999999,2189.8943,-0.047900000000083306,700.0,64.0,0.11576122299458155,Stable,0.9162303664921466,0,0,0,0,0,0,0,202606
829,AE242638729,Palm Institute,AE,SME,Education,POS Terminal,Yousef Al-Marri,Active,2025-07-20,2026-06-30,25206.3034,37692.0355,118110.5864,2573.5490999999993,1035.9733,0.010099999999957799,159.0,17.0,-0.3312565090839946,Declining,0.9034090909090909,0,0,0,1,0,0,1,202606
830,SA865900656,Oasis Outlet 830,SA,SME,Unclassified,POS Terminal,Turki Al-Shammari,Active,2025-08-05,2026-06-30,36274.5893,34129.255900000004,119279.36459999999,2733.792,1039.279,0.001699999999942899,1390.0,151.0,0.06285907335002858,Stable,0.9020116807268008,0,0,0,0,0,0,0,202606
831,SA288575225,Nova Market 831,SA,SME,Retail,Payment Links,Reem Al-Ghamdi,Active,2025-07-08,2026-06-30,26941.6826,22578.2189,85591.26980000001,1988.0637000000002,938.6094999999999,-0.00040000000008409817,673.0,32.0,0.19325987223908084,Stable,0.9546099290780142,0,0,0,0,0,0,0,202606
832,AE375645881,Oasis Learning,AE,SME,Education,POS Terminal,Yousef Al-Marri,Active,2025-08-10,2026-06-30,25284.387,23522.9167,82288.15340000001,1744.435,715.0663999999999,0.0022999999999839026,213.0,14.0,0.07488315851579737,Stable,0.9383259911894273,0,0,0,0,0,0,0,202606
833,EG432619696,Metro Streaming,EG,Online,Digital Services,Hosted Checkout,Karim Ezzat,Active,2025-07-20,2026-06-30,132403.4569,130064.8077,431546.6025,16825.5044,5501.8435,9.999999997489784e-05,29804.0,5509.0,0.01798064550554043,Stable,0.8439951292725059,0,0,1,0,0,0,1,202606
834,AE732739303,Bright Deals 834,AE,Online,E-commerce,E-commerce Plugin,Layla Haddad,Active,2025-07-17,2026-06-30,95200.6532,92053.9932,340251.0627,8075.9531,2663.8529000000003,7.129800222438476e-14,1699.0,230.0,0.03418276481676846,Stable,0.8807672369103162,0,0,0,0,0,0,0,202606
835,SA511027598,Prime Labs,SA,Enterprise,Healthcare,Payment Links,Omar Al-Anazi,Live - never transacted,2025-07-13,,0.0,0.0,0.0,0.0,0.0,0.0,0.0,0.0,,Live - never transacted,,0,0,0,0,0,1,1,202606
836,OM400622242,Royal Services,OM,SME,Professional Services,Hosted Checkout,Salim Al-Harthy,Onboarding (not live),,,0.0,0.0,0.0,0.0,0.0,0.0,0.0,0.0,,Onboarding (not live),,0,0,0,0,0,0,0,202606
837,AE426640224,Silver Digital,AE,Online,Digital Services,E-commerce Plugin,Yousef Al-Marri,Active,2025-07-21,2026-06-30,197666.7612,183487.58849999998,624227.2287999999,18394.1913,5582.905,0.0191999999997563,9317.0,1310.0,0.07727592267092237,Stable,0.8767290862896396,0,0,0,0,0,0,0,202606
838,EG739149448,Green Schools,EG,Online,Education,Hosted Checkout,Mai Ragab,Live - never transacted,2025-08-05,,0.0,0.0,0.0,0.0,0.0,0.0,0.0,0.0,,Live - never transacted,,0,0,0,0,0,1,1,202606
839,EG697551722,Amber Stores 839,EG,Enterprise,Retail,POS Terminal,Hany Soliman,Active,2025-08-07,2026-06-30,787177.0763000001,923268.7901999999,3097518.5948,55017.484,14241.805199999999,-0.00010000000042970023,34111.0,2793.0,-0.1474020516501153,Stable,0.9243171471927162,0,0,0,0,0,0,0,202606
840,SA720574277,Bright Roastery 840,SA,SME,Food & Beverage,Hosted Checkout,Omar Al-Anazi,Active,2025-07-27,2026-06-30,29192.845699999998,30509.6909,92806.57419999999,2649.8330000000005,1116.4222,0.02110000000010348,1460.0,169.0,-0.0431615385523294,Stable,0.896255371393493,0,0,0,0,0,0,0,202606
841,AE920243360,Palm Hotels,AE,Online,Travel & Hospitality,Direct API,Yousef Al-Marri,Onboarding (not live),,,0.0,0.0,0.0,0.0,0.0,0.0,0.0,0.0,,Onboarding (not live),,0,0,0,0,0,0,0,202606
842,SA772140690,Crescent Cart 842,SA,Online,E-commerce,Direct API,Reem Al-Ghamdi,Onboarding (not live),,,0.0,0.0,0.0,0.0,0.0,0.0,0.0,0.0,,Onboarding (not live),,0,0,0,0,0,0,0,202606
843,EG941026276,Zenith Learning,EG,SME,Education,Payment Links,Mai Ragab,Live - never transacted,2025-07-27,,0.0,0.0,0.0,0.0,0.0,0.0,0.0,0.0,,Live - never transacted,,0,0,0,0,0,1,1,202606
844,EG984686648,Urban Grill 844,EG,Online,Food & Beverage,Direct API,Nadia Fouad,Active,2025-11-02,2026-06-30,72806.9764,71809.3559,166600.6705,5396.0383999999995,2434.4101,0.001300000000242089,7362.0,852.0,0.013892625654368313,Stable,0.8962746530314097,0,0,0,0,0,0,0,202606
845,SA884997089,Pearl Consulting,SA,SME,Professional Services,Direct API,Turki Al-Shammari,Active,2025-08-22,2026-06-30,19893.5548,18432.1466,61243.562099999996,1443.7898,509.44000000000005,-0.007199999999981502,220.0,15.0,0.07928583857943065,Stable,0.9361702127659575,0,0,0,0,0,0,0,202606
846,SA181926560,Crescent Mart 846,SA,SME,Retail,Hosted Checkout,Omar Al-Anazi,Active,2025-09-01,2026-06-29,19531.464200000002,17455.5444,58610.310999999994,1478.2378999999999,682.441,-0.024199999999993203,743.0,76.0,0.11892609891903477,Stable,0.9072039072039072,0,0,0,0,0,0,0,202606
847,OM761015209,Green Legal,OM,SME,Professional Services,POS Terminal,Salim Al-Harthy,Active,2025-08-21,2026-06-30,14221.950600000002,12849.0507,40013.0303,846.2676999999999,347.85380000000004,-0.2021000000000015,264.0,15.0,0.10684835261798774,Stable,0.946236559139785,0,0,0,0,0,0,0,202606
848,SA939400299,Zenith Cloud,SA,Online,Digital Services,Hosted Checkout,Omar Al-Anazi,Active,2025-09-06,2026-06-30,74075.6802,69615.7891,203475.68589999998,5033.490399999999,2072.4955999999997,0.0318000000000181,4526.0,379.0,0.06406436180150989,Stable,0.9227319062181447,0,0,0,0,0,0,0,202606
849,SA366690460,Metro Cafe 849,SA,SME,Food & Beverage,POS Terminal,Omar Al-Anazi,Active,2025-08-20,2026-06-30,23301.9709,22915.6156,72886.0852,1839.8220000000001,828.8746,-0.0278000000000255,1386.0,117.0,0.016859913638977223,Stable,0.9221556886227545,0,0,0,0,0,0,0,202606
850,EG327245837,Amber Travel,EG,Online,Travel & Hospitality,Hosted Checkout,Nadia Fouad,Active,2025-09-09,2026-06-30,31727.924099999997,22230.759100000003,75371.5411,1566.0297,741.7471999999999,-0.0014999999999999144,145.0,21.0,0.42720830886966843,Growing,0.8734939759036144,0,0,0,0,0,0,0,202606
851,SA768323752,Coral Stores 851,SA,SME,Retail,POS Terminal,Omar Al-Anazi,Active,2025-08-23,2026-06-29,17254.9787,21813.7654,65354.8059,1588.5792000000001,641.5028,-0.0055999999999850995,725.0,96.0,-0.20898669332897477,Stable,0.8830694275274056,0,0,0,0,0,0,0,202606
852,SA237358155,Pearl Cloud,SA,Online,Digital Services,Direct API,Reem Al-Ghamdi,Active,2025-10-03,2026-06-30,86301.39259999999,86039.1495,225286.00819999998,5923.6752,2417.6399000000006,-0.0188000000001123,7005.0,500.0,0.0030479508633449756,Stable,0.9333777481678881,0,0,0,0,0,0,0,202606
853,EG600744950,Cedar Legal,EG,B2B,Professional Services,Direct API,Karim Ezzat,Live - never transacted,2025-09-20,,0.0,0.0,0.0,0.0,0.0,0.0,0.0,0.0,,Live - never transacted,,0,0,0,0,0,1,1,202606
854,AE769624570,Golden Schools,AE,Online,Education,Hosted Checkout,Yousef Al-Marri,Active,2025-08-30,2026-06-30,310777.4838,344391.396,967944.9501,24738.329800000003,8123.2633000000005,0.0295999999989362,1474.0,181.0,-0.0976038094749615,Stable,0.8906344410876132,0,0,0,0,0,0,0,202606
855,AE639255824,Green Games,AE,Online,Digital Services,Direct API,Layla Haddad,Onboarding (not live),,,0.0,0.0,0.0,0.0,0.0,0.0,0.0,0.0,,Onboarding (not live),,0,0,0,0,0,0,0,202606
856,OM434589390,Palm Shop 856,OM,Online,E-commerce,E-commerce Plugin,Salim Al-Harthy,Active,2025-08-31,2026-06-30,381185.3057,443717.4508,1318976.0718999999,30433.289999999997,11559.6288,-0.13439999999968688,9928.0,1182.0,-0.14092784718576581,Stable,0.8936093609360936,0,0,0,0,0,0,0,202606
857,AE190030385,Swift Stays,AE,Online,Travel & Hospitality,Direct API,Layla Haddad,Active,2025-11-09,2026-06-30,315906.3635,269829.4153,681495.9092,15264.3739,5816.8571,0.006300000000237499,1062.0,132.0,0.17076325110355745,Stable,0.8894472361809045,0,0,0,0,0,0,0,202606
858,SA331993666,Crescent Mart 858,SA,Enterprise,Retail,Hosted Checkout,Reem Al-Ghamdi,Active,2025-09-05,2026-06-30,4047911.9073,4637166.3366,13663901.569699999,153082.4571,-13092.306500000002,-0.0293999999985314,87703.0,6892.0,-0.1270720924218658,Stable,0.927142026534172,1,0,0,0,0,0,1,202606
859,EG538621116,Royal Market 859,EG,SME,Retail,POS Terminal,Karim Ezzat,Live - never transacted,2025-09-11,,0.0,0.0,0.0,0.0,0.0,0.0,0.0,0.0,,Live - never transacted,,0,0,0,0,0,1,1,202606
860,AE832517070,Prime Shop 860,AE,Online,E-commerce,Direct API,Layla Haddad,Active,2025-09-22,2026-06-30,159825.5982,170908.4113,487888.3918,11779.9462,4554.7535,0.008199999999419698,2636.0,341.0,-0.064846504719689,Stable,0.8854551561975142,0,0,0,0,0,0,0,202606
861,SA936227927,Prime Academy,SA,Online,Education,Direct API,Omar Al-Anazi,Active,2025-10-28,2026-06-30,274559.6108,298037.1121,668126.3176,15563.446100000001,5653.593699999999,-0.018199999999296602,1349.0,208.0,-0.07877375114318859,Stable,0.8664097623635196,0,0,0,0,0,0,0,202606
862,EG603162443,Sand Logistics,EG,B2B,Logistics,Payment Links,Nadia Fouad,Live - never transacted,2025-08-20,,0.0,0.0,0.0,0.0,0.0,0.0,0.0,0.0,,Live - never transacted,,0,0,0,0,0,1,1,202606
863,EG335687023,Royal Shop 863,EG,Enterprise,E-commerce,E-commerce Plugin,Karim Ezzat,Active,2025-09-12,2026-06-30,5023184.9859,4810652.813399999,14336749.627400002,230457.799,48942.4389,9.999999929270016e-05,157335.0,14497.0,0.044179486806446566,Stable,0.9156327110200662,0,0,0,0,0,0,0,202606
864,SA729864911,Sand Basket 864,SA,Online,E-commerce,Direct API,Turki Al-Shammari,Active,2025-12-02,2026-06-30,172109.6054,150994.944,346713.0773,7725.2508,3519.7529000000004,0.023300000000346897,2601.0,367.0,0.13983687692218366,Stable,0.8763477088948787,0,0,0,0,0,0,0,202606
865,AE902175840,Bright Basket 865,AE,Online,E-commerce,Direct API,Layla Haddad,Onboarding (not live),,,0.0,0.0,0.0,0.0,0.0,0.0,0.0,0.0,,Onboarding (not live),,0,0,0,0,0,0,0,202606
866,EG428995170,Zenith Shop 866,EG,Online,E-commerce,Direct API,Mai Ragab,Onboarding (not live),,,0.0,0.0,0.0,0.0,0.0,0.0,0.0,0.0,,Onboarding (not live),,0,0,0,0,0,0,0,202606
867,SA569922329,Coral Distribution,SA,B2B,Distribution & Wholesale,Payment Links,Turki Al-Shammari,Active,2025-09-04,2026-06-30,645447.2369,587402.1892,1715683.9008,24126.730699999996,5502.4998,0.013400000000728902,221.0,22.0,0.0988165328070248,Stable,0.9094650205761317,0,0,0,0,0,0,0,202606
868,EG202927308,Bright Medical,EG,SME,Healthcare,Payment Links,Karim Ezzat,Active,2025-09-06,2026-06-26,2053.1232,2628.3663,7206.902700000001,162.9388,88.61839999999998,-0.00020000000000300078,57.0,13.0,-0.21885956306775053,Stable,0.8142857142857143,0,0,0,0,0,0,0,202606
869,EG676016275,Urban Wholesale,EG,B2B,Distribution & Wholesale,Direct API,Mai Ragab,Active,2025-11-28,2026-06-22,364169.42909999995,351299.0183,788797.0625,4451.2452,1487.8071,0.00020000000023049995,359.0,20.0,0.0366366261490915,Stable,0.9472295514511874,0,0,0,0,0,0,0,202606
870,SA719526386,Royal Online 870,SA,Online,E-commerce,Direct API,Omar Al-Anazi,Active,2025-10-14,2026-06-30,4719.264,7558.325400000001,16054.7093,362.6023,125.5733,0.005099999999995332,77.0,11.0,-0.3756204251275025,Stable,0.875,0,0,0,0,0,0,0,202606
871,AE733959111,Metro Academy,AE,SME,Education,Payment Links,Layla Haddad,Active,2025-09-02,2026-06-26,3395.6025,5000.4193,12903.5098,263.2511,125.2387,0.009100000000010587,17.0,4.0,-0.32093644626961576,Stable,0.8095238095238095,0,0,0,0,0,0,0,202606
872,AE501130180,Nova Grill 872,AE,Online,Food & Beverage,Hosted Checkout,Layla Haddad,Live - never transacted,2025-11-15,,0.0,0.0,0.0,0.0,0.0,0.0,0.0,0.0,,Live - never transacted,,0,0,0,0,0,1,1,202606
873,EG572299512,Silver Grill 873,EG,SME,Food & Beverage,POS Terminal,Hany Soliman,Live - never transacted,2025-09-24,,0.0,0.0,0.0,0.0,0.0,0.0,0.0,0.0,,Live - never transacted,,0,0,0,0,0,1,1,202606
874,EG688244774,Coral Outlet 874,EG,SME,Retail,POS Terminal,Karim Ezzat,Active,2025-09-14,2026-06-30,52287.9635,51636.05130000001,144652.1151,3800.4638000000004,1472.9229,0.0006999999999451565,4222.0,442.0,0.01262513657778459,Stable,0.9052315608919382,0,0,0,0,0,0,0,202606
875,AE543834117,Zenith Streaming,AE,Online,Digital Services,Direct API,Layla Haddad,Active,2025-11-21,2026-06-30,60204.3048,49385.6638,116730.25950000001,3657.8432000000003,1585.6669,0.0114999999999554,4535.0,381.0,0.2190644038685574,Growing,0.9224979658258747,0,0,0,0,0,0,0,202606
876,EG544029480,Amber Online 876,EG,Online,E-commerce,Hosted Checkout,Nadia Fouad,Active,2025-10-13,2026-06-30,203647.8627,219248.20409999997,566010.6802000001,13482.7436,6316.8362,9.999999986102831e-05,8018.0,1104.0,-0.07115379331857423,Stable,0.878973909230432,0,0,0,0,0,0,0,202606
877,SA310301059,Swift Pharmacy,SA,SME,Healthcare,Payment Links,Turki Al-Shammari,Active,2025-09-14,2026-06-30,47128.6908,53901.62150000001,149668.49070000002,3702.1188,1737.389,-0.0154000000000423,1350.0,83.0,-0.12565356127551766,Stable,0.942079553384508,0,0,0,0,0,0,0,202606
878,EG451378434,Sand Pharmacy,EG,SME,Healthcare,Direct API,Nadia Fouad,Onboarding (not live),,,0.0,0.0,0.0,0.0,0.0,0.0,0.0,0.0,,Onboarding (not live),,0,0,0,0,0,0,0,202606
879,AE852316595,Metro Mart 879,AE,SME,Retail,POS Terminal,Layla Haddad,Active,2025-09-17,2026-06-30,118695.586,126895.2813,340980.41390000004,8815.3904,4133.2465,-0.007700000000397698,4240.0,260.0,-0.06461781096977644,Stable,0.9422222222222222,0,0,0,0,0,0,0,202606
880,EG992942821,Crescent Learning,EG,Online,Education,E-commerce Plugin,Nadia Fouad,Active,2025-09-21,2026-06-30,3868.7032999999997,4806.3379,12925.5567,271.9477,127.32860000000001,-9.999999999981423e-05,43.0,5.0,-0.19508295494580202,Stable,0.8958333333333334,0,0,0,0,0,0,0,202606
881,EG562509706,Royal Logistics,EG,B2B,Logistics,Payment Links,Mai Ragab,Active,2025-09-19,2026-06-30,296743.8435,228027.6633,713159.6630000001,4370.6720000000005,846.6841000000001,-0.002100000000037396,775.0,31.0,0.3013501923650157,Growing,0.9615384615384616,0,0,0,0,0,0,0,202606
882,EG924302926,Nova Distribution,EG,B2B,Distribution & Wholesale,Payment Links,Mai Ragab,Active,2025-09-13,2026-06-30,931525.7707,907242.6234,2328712.7993,31502.9137,9233.3947,-0.0008999999989780999,691.0,86.0,0.026765880122558573,Stable,0.8893178893178894,0,0,0,0,0,0,0,202606
883,EG407965941,Prime Basket 883,EG,Online,E-commerce,Direct API,Karim Ezzat,Active,2025-11-05,2026-06-30,23242.6718,21898.52,53983.1841,1251.6348,483.9208,-0.001099999999951298,873.0,111.0,0.06138094263904591,Stable,0.8871951219512195,0,0,0,0,0,0,0,202606
884,AE264932236,Palm Advisory,AE,B2B,Professional Services,Payment Links,Layla Haddad,Active,2025-09-19,2026-06-30,156246.85080000001,204736.1116,478734.76340000005,3402.7147999999997,893.1742999999999,0.004200000000025643,924.0,31.0,-0.23683785152047396,Stable,0.9675392670157068,0,0,0,0,0,0,0,202606
885,SA913218070,Urban Mart 885,SA,SME,Retail,Payment Links,Omar Al-Anazi,Active,2025-09-21,2026-06-30,23557.7946,23067.319600000003,59133.7653,1372.3778,617.7346,0.00040000000001129876,578.0,62.0,0.02126276518057167,Stable,0.903125,0,0,0,0,0,0,0,202606
886,SA305216575,Royal Grill 886,SA,SME,Food & Beverage,Payment Links,Reem Al-Ghamdi,Live - never transacted,2025-09-21,,0.0,0.0,0.0,0.0,0.0,0.0,0.0,0.0,,Live - never transacted,,0,0,0,0,0,1,1,202606
887,AE774868795,Amber Mart 887,AE,SME,Retail,POS Terminal,Yousef Al-Marri,Live - never transacted,2025-10-03,,0.0,0.0,0.0,0.0,0.0,0.0,0.0,0.0,,Live - never transacted,,0,0,0,0,0,1,1,202606
888,SA935953139,Falcon Trading,SA,B2B,Distribution & Wholesale,Payment Links,Reem Al-Ghamdi,Onboarding (not live),,,0.0,0.0,0.0,0.0,0.0,0.0,0.0,0.0,,Onboarding (not live),,0,0,0,0,0,0,0,202606
889,EG245991238,Coral Streaming,EG,Online,Digital Services,Direct API,Nadia Fouad,Active,2025-10-24,2026-06-30,65304.047699999996,65772.7882,164537.17349999998,5847.6034,1744.0583,-0.0011000000001357,10792.0,1780.0,-0.0071266630597241415,Stable,0.8584155265669742,0,0,0,0,0,0,0,202606
890,EG349230375,Urban Stays,EG,Online,Travel & Hospitality,E-commerce Plugin,Mai Ragab,Churned,2025-10-02,2026-03-30,0.0,11233.616100000001,19363.626000000004,426.6952,172.64750000000004,-0.0007000000000018001,0.0,0.0,-1.0,Churned,,0,0,0,0,1,0,1,202606
891,EG841233405,Prime Shop 891,EG,Online,E-commerce,Direct API,Nadia Fouad,Active,2025-11-10,2026-06-30,28584.3847,34965.0082,76440.17079999999,1767.7473,697.8685,-1.4200012693477149e-14,999.0,114.0,-0.18248597178936166,Stable,0.8975741239892183,0,0,0,0,0,0,0,202606
892,SA819222940,Royal Kitchen 892,SA,SME,Food & Beverage,Payment Links,Turki Al-Shammari,Active,2025-10-01,2026-06-29,17918.2105,18367.696,48579.4215,1347.2747,501.0548,-0.007500000000021501,1388.0,111.0,-0.0244715232656289,Stable,0.9259506337558372,0,0,0,0,0,0,0,202606
893,AE712771156,Urban Grill 893,AE,SME,Food & Beverage,Payment Links,Yousef Al-Marri,Active,2025-10-04,2026-06-29,53088.395000000004,54413.955400000006,120155.4614,3410.077,1266.0085000000001,-0.0024000000000718013,4355.0,394.0,-0.024360669799791873,Stable,0.9170351652979575,0,0,0,0,0,0,0,202606
894,EG429684322,Palm Bakery 894,EG,SME,Food & Beverage,POS Terminal,Mai Ragab,Active,2025-11-03,2026-06-29,9815.9711,9489.8801,22249.7561,716.7194999999999,352.04359999999997,-0.0018999999999883385,1439.0,174.0,0.034361972602794034,Stable,0.8921264724116553,0,0,0,0,0,0,0,202606
895,SA652586164,Green Connect,SA,Enterprise,Telecom & Utilities,POS Terminal,Reem Al-Ghamdi,Active,2025-10-11,2026-06-30,1910515.1308999998,1865542.6667,4816245.9012,79539.2093,16188.822499999998,0.0431000000003222,53364.0,5061.0,0.024106907337344694,Stable,0.9133761232349166,0,0,0,0,0,0,0,202606
896,OM423695424,Pearl Supply,OM,B2B,Distribution & Wholesale,Payment Links,Salim Al-Harthy,Active,2025-10-06,2026-06-30,70888.9206,84337.1649,198092.89950000003,1350.0393000000001,231.00170000000003,-0.05759999999998639,22.0,0.0,-0.15945810267568059,Stable,1.0,0,0,0,0,0,0,0,202606
897,EG580628831,Coral Mart 897,EG,SME,Retail,Payment Links,Hany Soliman,Active,2025-10-13,2026-06-29,10041.528900000001,11797.0031,28120.3441,742.5637999999999,381.53819999999996,0.0014999999999998,634.0,111.0,-0.14880679314223447,Stable,0.851006711409396,0,0,0,0,0,0,0,202606
898,EG943952192,Metro Journeys,EG,Online,Travel & Hospitality,Direct API,Karim Ezzat,Active,2025-11-12,2026-06-30,183758.92710000003,133295.9799,361036.8469,8857.8985,3527.8641,-0.00020000000017709796,1578.0,164.0,0.378578162956286,Growing,0.9058553386911596,0,0,0,0,0,0,0,202606
899,AE718043205,Blue Pharmacy,AE,SME,Healthcare,Payment Links,Yousef Al-Marri,Active,2025-10-17,2026-06-30,23554.9409,25254.644,58784.9095,1262.9598,583.3292,-0.004699999999999601,347.0,34.0,-0.06730259591067682,Stable,0.910761154855643,0,0,0,0,0,0,0,202606
900,SA244366282,Falcon Supply,SA,B2B,Distribution & Wholesale,Payment Links,Reem Al-Ghamdi,Active,2025-10-14,2026-06-29,304120.85049999994,272142.0748,804669.0321,10895.271700000001,1826.672,-0.001099999999723501,125.0,10.0,0.11750765008865854,Stable,0.9259259259259259,0,0,0,0,0,0,0,202606
901,EG319798094,Falcon Medical,EG,SME,Healthcare,Payment Links,Karim Ezzat,Active,2025-10-19,2026-06-29,7450.379199999999,9723.3273,22886.335900000002,526.845,242.5414,-0.003299999999992067,224.0,28.0,-0.23376237679461856,Stable,0.8888888888888888,0,0,0,0,0,0,0,202606
902,EG563165212,Sand Stores 902,EG,SME,Retail,POS Terminal,Mai Ragab,Active,2025-11-12,2026-06-30,9756.6017,9990.506,22473.178,584.0121,268.53520000000003,0.00010000000001209996,862.0,96.0,-0.02341265797748384,Stable,0.8997912317327766,0,0,0,0,0,0,0,202606
903,EG442885235,Golden Cafe 903,EG,SME,Food & Beverage,Payment Links,Hany Soliman,Live - never transacted,2025-10-18,,0.0,0.0,0.0,0.0,0.0,0.0,0.0,0.0,,Live - never transacted,,0,0,0,0,0,1,1,202606
904,EG305582435,Urban Legal,EG,SME,Professional Services,POS Terminal,Hany Soliman,Active,2025-11-09,2026-06-30,37926.788199999995,37416.6475,84578.4241,1696.8207,773.6796999999999,0.0032999999999884996,885.0,72.0,0.013634056872679368,Stable,0.9247648902821317,0,0,0,0,0,0,0,202606
905,EG303905612,Falcon Advisory,EG,SME,Professional Services,POS Terminal,Nadia Fouad,Active,2025-11-14,2026-06-29,4619.9871,5079.084,10565.945800000001,204.76510000000002,74.3296,0.0001000000000105,112.0,15.0,-0.09038970412775209,Stable,0.8818897637795275,0,0,0,0,0,0,0,202606
906,AE901431148,Bright Roastery 906,AE,SME,Food & Beverage,POS Terminal,Yousef Al-Marri,Active,2025-11-10,2026-06-30,3152.5064,4120.6019,8912.6403,254.6036,100.2222,-0.0045,218.0,26.0,-0.23494031296738457,Stable,0.8934426229508197,0,0,0,0,0,0,0,202606
907,AE364520535,Prime Mart 907,AE,SME,Retail,Payment Links,Yousef Al-Marri,Active,2025-10-22,2026-06-29,14462.748,15700.1415,35001.6504,779.2043,364.9222,0.0133000000000185,349.0,34.0,-0.07881416228000239,Stable,0.9112271540469974,0,0,0,0,0,0,0,202606
908,SA397646855,Royal Roastery 908,SA,Enterprise,Food & Beverage,E-commerce Plugin,Reem Al-Ghamdi,Active,2025-11-01,2026-06-30,974647.7620999999,979088.5752999999,2239936.2997000003,40938.3658,884.9802000000001,0.007100000000946301,71168.0,6270.0,-0.004535660319230339,Stable,0.9190319997933831,0,0,0,0,0,0,0,202606
909,AE817996070,Urban Journeys,AE,Online,Travel & Hospitality,E-commerce Plugin,Yousef Al-Marri,Active,2025-10-28,2026-06-30,73414.21900000001,64804.915700000005,172565.96670000002,4150.3146,1880.5567999999998,0.0123999999999282,247.0,25.0,0.13284954091839063,Stable,0.9080882352941176,0,0,0,0,0,0,0,202606
910,SA547888476,Zenith Tours,SA,Online,Travel & Hospitality,Direct API,Reem Al-Ghamdi,Onboarding (not live),,,0.0,0.0,0.0,0.0,0.0,0.0,0.0,0.0,,Onboarding (not live),,0,0,0,0,0,0,0,202606
911,EG379278678,Amber Shop 911,EG,Online,E-commerce,Direct API,Nadia Fouad,Active,2025-12-21,2026-06-30,22205.4552,20347.220699999998,43250.784499999994,1046.6138999999998,432.99399999999997,-0.0028000000000075,604.0,72.0,0.0913262075149164,Stable,0.893491124260355,0,0,0,0,0,0,0,202606
912,EG182012188,Prime Kitchen 912,EG,SME,Food & Beverage,POS Terminal,Karim Ezzat,Active,2025-11-22,2026-06-30,24698.402000000002,25063.4803,55499.11619999999,1684.4113000000002,699.6074,0.0017999999998891,3065.0,421.0,-0.0145661454686322,Stable,0.8792312105565118,0,0,0,0,0,0,0,202606
913,EG719592790,Nova Schools,EG,SME,Education,POS Terminal,Nadia Fouad,Dormant,2025-11-21,2026-04-30,55786.2053,146929.9082,219969.8526,4357.091,2080.262,-0.000300000000152202,672.0,77.0,-0.6203209681172318,Dormant,0.897196261682243,0,0,0,0,1,0,1,202606
914,SA345312220,Zenith Stays,SA,Online,Travel & Hospitality,E-commerce Plugin,Reem Al-Ghamdi,Active,2025-11-17,2026-06-30,143435.7914,107830.20189999999,283494.148,5473.4419,2001.8111,0.0195000000002136,484.0,60.0,0.33020052705660385,Growing,0.8897058823529411,0,0,0,0,0,0,0,202606
915,EG187417841,Swift Travel,EG,Online,Travel & Hospitality,Direct API,Hany Soliman,Active,2025-12-12,2026-06-30,67636.8278,45893.8528,114878.03229999999,2258.6715999999997,887.1811,-0.0005000000000519867,343.0,46.0,0.47376660867313364,Growing,0.8817480719794345,0,0,0,0,0,0,0,202606
916,OM805525842,Oasis Basket 916,OM,Online,E-commerce,Direct API,Salim Al-Harthy,Active,2026-01-04,2026-06-30,766262.2107,497086.05929999996,1263348.2699999998,29480.9373,10457.2531,0.0855000000004224,20540.0,2121.0,0.5415081480640511,Growing,0.9064030713560743,0,0,0,0,0,0,0,202606
917,AE755836575,Coral Boutique 917,AE,SME,Retail,POS Terminal,Layla Haddad,Active,2025-11-09,2026-06-30,21833.375,23603.8232,52890.2574,1185.5493999999999,480.86099999999993,-0.010999999999995798,545.0,73.0,-0.0750068404172761,Stable,0.8818770226537217,0,0,0,0,0,0,0,202606
918,AE621587952,Cedar Advisory,AE,SME,Professional Services,Hosted Checkout,Yousef Al-Marri,Active,2025-11-07,2026-06-29,84536.7441,77481.5383,190502.903,5551.9119,2125.2931,-0.0142999999998207,1033.0,117.0,0.09105660464152138,Stable,0.8982608695652174,0,0,0,0,0,0,0,202606
919,EG579116624,Amber Schools,EG,SME,Education,POS Terminal,Nadia Fouad,Active,2025-11-14,2026-06-30,17877.3054,22015.5541,44137.325899999996,891.4499000000001,388.65070000000003,-0.0008999999999728999,206.0,23.0,-0.18796931847379666,Stable,0.8995633187772926,0,0,0,0,0,0,0,202606
920,AE538625118,Palm Shop 920,AE,Online,E-commerce,Hosted Checkout,Layla Haddad,Active,2025-11-12,2026-06-30,44768.855,41584.3121,91998.5668,2415.2392,792.6931000000001,-0.010400000000061001,740.0,121.0,0.07658039147892987,Stable,0.859465737514518,0,0,0,0,0,0,0,202606
921,SA223828690,Nova Legal,SA,SME,Professional Services,POS Terminal,Turki Al-Shammari,Active,2025-11-26,2026-06-30,32649.869599999998,29926.251,70396.6969,1508.4883,679.2126,0.0,613.0,45.0,0.09101101905480903,Stable,0.9316109422492401,0,0,0,0,0,0,0,202606
922,EG244216062,Zenith EdTech,EG,SME,Education,Payment Links,Mai Ragab,Active,2025-11-05,2026-06-29,4497.6764,5718.5045,11456.1887,240.4625,127.47999999999999,5.2692225582795515e-17,50.0,6.0,-0.21348730249316053,Stable,0.8928571428571429,0,0,0,0,0,0,0,202606
923,EG344758416,Sand Medical,EG,SME,Healthcare,POS Terminal,Nadia Fouad,Active,2025-11-19,2026-06-30,20780.822200000002,18075.7581,44333.7831,1026.6646,528.9581000000001,-0.0022000000000302004,680.0,61.0,0.1496514881995463,Stable,0.9176788124156545,0,0,0,0,0,0,0,202606
924,OM498407948,Palm Deals 924,OM,Online,E-commerce,Direct API,Salim Al-Harthy,Active,2025-12-07,2026-06-30,160714.72030000002,131250.2212,305792.53589999996,7506.3204000000005,2765.1848,0.0372000000000412,2073.0,361.0,0.2244910433720474,Growing,0.8516844700082169,0,0,0,0,0,0,0,202606
925,EG481378868,Pearl Digital,EG,Online,Digital Services,Direct API,Hany Soliman,Onboarding (not live),,,0.0,0.0,0.0,0.0,0.0,0.0,0.0,0.0,,Onboarding (not live),,0,0,0,0,0,0,0,202606
926,EG877635192,Bright Cafe 926,EG,Online,Food & Beverage,E-commerce Plugin,Karim Ezzat,Live - never transacted,2025-11-15,,0.0,0.0,0.0,0.0,0.0,0.0,0.0,0.0,,Live - never transacted,,0,0,0,0,0,1,1,202606
927,AE808773781,Nova Net,AE,B2B,Telecom & Utilities,Direct API,Yousef Al-Marri,Onboarding (not live),,,0.0,0.0,0.0,0.0,0.0,0.0,0.0,0.0,,Onboarding (not live),,0,0,0,0,0,0,0,202606
928,EG538819871,Cedar Freight,EG,B2B,Logistics,Payment Links,Mai Ragab,Active,2025-11-10,2026-06-29,321511.4325,285255.0844,688021.2951,4317.1681,1146.4702,0.00030000000003831524,667.0,24.0,0.12710149645977706,Stable,0.9652677279305355,0,0,0,0,0,0,0,202606
929,AE254819908,Prime Shop 929,AE,Online,E-commerce,Direct API,Layla Haddad,Active,2026-02-11,2026-06-30,54876.1965,16070.668000000001,70946.8645,2067.3221000000003,844.8195000000001,-0.0097999999999416,761.0,95.0,2.414680491190534,Growing,0.889018691588785,0,0,0,0,0,0,0,202606
930,OM585008071,Sand Deals 930,OM,Online,E-commerce,Direct API,Salim Al-Harthy,Onboarding (not live),,,0.0,0.0,0.0,0.0,0.0,0.0,0.0,0.0,,Onboarding (not live),,0,0,0,0,0,0,0,202606
931,AE368709978,Coral Roastery 931,AE,Online,Food & Beverage,Direct API,Layla Haddad,Active,2026-01-13,2026-06-30,117614.7999,66730.1483,184344.94819999998,5536.6956,2458.6172,0.0029999999999575895,7228.0,738.0,0.7625436612434442,Growing,0.9073562641225207,0,0,0,0,0,0,0,202606
932,EG166655022,Swift Online 932,EG,Online,E-commerce,Hosted Checkout,Hany Soliman,Active,2025-12-06,2026-06-30,216763.54700000002,212672.081,456841.2099,11005.651699999999,4927.2712,-0.00030000000026570003,9245.0,1021.0,0.01923837854391435,Stable,0.900545489966881,0,0,0,0,0,0,0,202606
933,SA679105691,Swift Boutique 933,SA,SME,Retail,Payment Links,Turki Al-Shammari,Active,2025-11-14,2026-06-29,75446.0717,69080.5281,153920.2822,3242.8901,1367.2312,0.004000000000189498,1747.0,155.0,0.0921467130474934,Stable,0.9185068349106204,0,0,0,0,0,0,0,202606
934,EG462840280,Swift Academy,EG,Online,Education,Direct API,Nadia Fouad,Active,2026-02-26,2026-06-30,121647.7929,18185.1291,139832.92200000002,2992.6992,1303.6065,0.00020000000017699997,1064.0,181.0,5.6894104645097086,Growing,0.8546184738955823,0,0,0,0,0,0,0,202606
935,EG163862782,Bright Market 935,EG,SME,Retail,POS Terminal,Mai Ragab,Active,2025-12-06,2026-06-30,5689.7403,4198.088599999999,10504.7672,261.5253,112.3294,-0.0007000000000037857,322.0,37.0,0.35531686968207427,Stable,0.8969359331476323,0,0,0,0,0,0,0,202606
936,SA776152011,Prime Cafe 936,SA,Online,Food & Beverage,Direct API,Turki Al-Shammari,Live - never transacted,2026-01-30,,0.0,0.0,0.0,0.0,0.0,0.0,0.0,0.0,,Live - never transacted,,0,0,0,0,0,1,1,202606
937,SA973356827,Nova Traders,SA,B2B,Distribution & Wholesale,Payment Links,Reem Al-Ghamdi,Live - never transacted,2025-11-30,,0.0,0.0,0.0,0.0,0.0,0.0,0.0,0.0,,Live - never transacted,,0,0,0,0,0,1,1,202606
938,OM410323148,Silver Care,OM,SME,Healthcare,Payment Links,Salim Al-Harthy,Active,2025-11-30,2026-06-30,33957.8933,34122.9127,73456.2806,1669.0765000000001,748.0626,-0.033299999999982906,723.0,65.0,-0.00483602913534393,Stable,0.9175126903553299,0,0,0,0,0,0,0,202606
939,EG369596833,Cedar Bakery 939,EG,SME,Food & Beverage,Payment Links,Nadia Fouad,Onboarding (not live),,,0.0,0.0,0.0,0.0,0.0,0.0,0.0,0.0,,Onboarding (not live),,0,0,0,0,0,0,0,202606
940,AE468123038,Amber Care,AE,SME,Healthcare,POS Terminal,Yousef Al-Marri,Live - never transacted,2025-12-25,,0.0,0.0,0.0,0.0,0.0,0.0,0.0,0.0,,Live - never transacted,,0,0,0,0,0,1,1,202606
941,AE468792000,Coral Roastery 941,AE,SME,Food & Beverage,POS Terminal,Yousef Al-Marri,Live - never transacted,2025-12-23,,0.0,0.0,0.0,0.0,0.0,0.0,0.0,0.0,,Live - never transacted,,0,0,0,0,0,1,1,202606
942,EG595418422,Bright Clinics,EG,Enterprise,Healthcare,Hosted Checkout,Hany Soliman,Active,2025-12-19,2026-06-30,1029739.7046,852459.4083,1923254.7432,34757.3335,11872.2232,-0.0013999999996483997,29651.0,3408.0,0.20796332889742833,Growing,0.8969115823225143,0,0,0,0,0,0,0,202606
943,EG659588181,Horizon Learning,EG,SME,Education,POS Terminal,Hany Soliman,Active,2025-12-26,2026-06-30,19332.4842,16083.0992,35415.5834,780.1568,375.7853,0.0016999999999498144,233.0,27.0,0.20203724167789738,Growing,0.8961538461538462,0,0,0,0,0,0,0,202606
944,SA324082703,Palm Logistics,SA,B2B,Logistics,Payment Links,Omar Al-Anazi,Onboarding (not live),,,0.0,0.0,0.0,0.0,0.0,0.0,0.0,0.0,,Onboarding (not live),,0,0,0,0,0,0,0,202606
945,SA638552986,Green Basket 945,SA,Online,E-commerce,Direct API,Turki Al-Shammari,Active,2026-02-19,2026-06-30,55799.739,15261.9381,71061.6771,1838.1201999999998,761.8513,0.012400000000141399,893.0,149.0,2.656137158622076,Growing,0.8570057581573897,0,0,0,0,0,0,0,202606
946,OM875678169,Nova Outlet 946,OM,SME,Retail,POS Terminal,Salim Al-Harthy,Active,2025-12-31,2026-06-30,22310.897100000002,15089.310700000002,37400.207800000004,891.8065,416.5154,0.22749999999999898,584.0,56.0,0.47858954882544763,Growing,0.9125,0,0,0,0,0,0,0,202606
947,EG286763395,Urban Cafe 947,EG,SME,Food & Beverage,Payment Links,Karim Ezzat,Live - never transacted,2025-12-14,,0.0,0.0,0.0,0.0,0.0,0.0,0.0,0.0,,Live - never transacted,,0,0,0,0,0,1,1,202606
948,EG833255534,Amber Journeys,EG,Online,Travel & Hospitality,Hosted Checkout,Nadia Fouad,Active,2026-01-03,2026-06-30,13092.250800000002,3843.2129,16935.4637,386.3981,155.5044,-0.00030000000001702515,58.0,16.0,2.4065900434503646,Stable,0.7837837837837838,0,0,0,0,0,0,0,202606
949,EG337514076,Metro Learning,EG,SME,Education,Payment Links,Nadia Fouad,Active,2025-12-09,2026-06-30,22428.859099999998,22204.1125,46140.4562,999.5639,479.6088000000001,-0.00010000000002459788,179.0,27.0,0.010121845671606941,Stable,0.8689320388349514,0,0,0,0,0,0,0,202606
950,SA743782337,Bright Grill 950,SA,SME,Food & Beverage,Payment Links,Omar Al-Anazi,Active,2025-12-11,2026-06-30,162201.3383,129315.11450000001,300611.9195,8393.9174,3329.2656000000006,0.004300000000057502,14592.0,1316.0,0.25431075034929496,Growing,0.9172743273824491,0,0,0,0,0,0,0,202606
951,EG647433267,Oasis Cloud,EG,Online,Digital Services,Direct API,Hany Soliman,Active,2026-02-12,2026-06-30,80486.8695,21642.0893,102128.9588,3295.5662,1426.6024000000002,0.001599999999953311,8479.0,1103.0,2.7189971995910764,Growing,0.8848883322897099,0,0,0,0,0,0,0,202606
952,SA475489116,Golden Consulting,SA,SME,Professional Services,Payment Links,Omar Al-Anazi,Active,2025-12-15,2026-06-30,70869.3602,52668.768299999996,124286.8671,2739.4132,1235.9161,0.0054999999998843,990.0,97.0,0.34556706920370495,Growing,0.9107635694572217,0,0,0,0,0,0,0,202606
953,EG718783003,Swift Mart 953,EG,SME,Retail,POS Terminal,Nadia Fouad,Active,2025-12-28,2026-06-28,10632.817,12048.652300000002,23040.5176,581.8573,300.0278,0.0004999999999881,596.0,72.0,-0.11750984796863981,Stable,0.8922155688622755,0,0,0,0,0,0,0,202606
954,AE568351745,Oasis Utilities,AE,B2B,Telecom & Utilities,Payment Links,Yousef Al-Marri,Active,2025-12-16,2026-06-25,651316.237,589384.4521,1271681.4952,19761.157100000004,3457.1276999999995,0.0108999999995945,16301.0,1835.0,0.10507875577534254,Stable,0.8988200264666961,0,0,0,0,0,0,0,202606
955,SA351197729,Urban Basket 955,SA,Online,E-commerce,E-commerce Plugin,Turki Al-Shammari,Active,2026-01-03,2026-06-30,257717.7405,150116.3415,407834.082,8070.2719,3348.0649000000003,-0.0034000000003405004,3716.0,364.0,0.7167867130574854,Growing,0.9107843137254902,0,0,0,0,0,0,0,202606
956,SA489370296,Amber Institute,SA,Online,Education,Hosted Checkout,Reem Al-Ghamdi,Active,2025-12-24,2026-06-30,384273.51139999996,356184.8993,744814.5094,16765.929999999997,6365.987799999999,0.0218000000004393,1788.0,271.0,0.0788596376634768,Stable,0.868382710053424,0,0,0,0,0,0,0,202606
957,EG711448909,Golden Games,EG,Online,Digital Services,Hosted Checkout,Mai Ragab,Live - never transacted,2026-01-18,,0.0,0.0,0.0,0.0,0.0,0.0,0.0,0.0,,Live - never transacted,,0,0,0,0,0,1,1,202606
958,AE545350652,Pearl Trading,AE,B2B,Distribution & Wholesale,Direct API,Yousef Al-Marri,Onboarding (not live),,,0.0,0.0,0.0,0.0,0.0,0.0,0.0,0.0,,Onboarding (not live),,0,0,0,0,0,0,0,202606
959,SA247806531,Green Digital,SA,Online,Digital Services,E-commerce Plugin,Reem Al-Ghamdi,Active,2025-12-23,2026-06-30,58476.8913,49288.3702,109325.3895,1693.7412,-201.8911,1129.1768,4293.0,579.0,0.18642371542648423,Stable,0.8811576354679803,1,1,0,0,0,0,2,202606
960,SA700672253,Metro Kitchen 960,SA,Online,Food & Beverage,Hosted Checkout,Turki Al-Shammari,Active,2026-01-07,2026-06-30,1515344.4128,932665.4825000002,2448009.8953,70825.4177,26346.23,0.0220999999974083,131533.0,19067.0,0.6247458936060709,Growing,0.8733930942895086,0,0,0,0,0,0,0,202606
961,EG549485086,Coral EdTech,EG,SME,Education,POS Terminal,Karim Ezzat,Active,2026-01-18,2026-06-27,7399.2953,6843.179,14242.474299999998,291.3878,150.7507,9.999999999620003e-05,97.0,12.0,0.08126578305199962,Stable,0.8899082568807339,0,0,0,0,0,0,0,202606
962,OM700192117,Royal Cafe 962,OM,SME,Food & Beverage,Payment Links,Salim Al-Harthy,Live - never transacted,2025-12-30,,0.0,0.0,0.0,0.0,0.0,0.0,0.0,0.0,,Live - never transacted,,0,0,0,0,0,1,1,202606
963,AE417405784,Crescent Kitchen 963,AE,SME,Food & Beverage,Payment Links,Layla Haddad,Active,2025-12-26,2026-06-29,20967.153,13141.295699999999,34108.4487,889.4106,378.4439,-0.011500000000012299,1289.0,130.0,0.5955164147170054,Growing,0.9083861874559549,0,0,0,0,0,0,0,202606
964,OM942971083,Prime Market 964,OM,SME,Retail,POS Terminal,Salim Al-Harthy,Active,2026-01-11,2026-06-30,35650.350900000005,28931.9637,64582.3146,1443.7455000000002,638.9901,0.34189999999995263,1057.0,95.0,0.2322133149918201,Growing,0.9175347222222222,0,0,0,0,0,0,0,202606
965,EG908795816,Metro Wholesale,EG,B2B,Distribution & Wholesale,Payment Links,Nadia Fouad,Active,2025-12-30,2026-06-30,224002.204,243748.0797,475787.5727999999,2544.3276,590.7976,0.000499999999988198,160.0,7.0,-0.08100935902470621,Stable,0.9580838323353293,0,0,0,0,0,0,0,202606
966,AE755945667,Silver Cart 966,AE,Online,E-commerce,Direct API,Yousef Al-Marri,Onboarding (not live),,,0.0,0.0,0.0,0.0,0.0,0.0,0.0,0.0,,Onboarding (not live),,0,0,0,0,0,0,0,202606
967,SA559191767,Bright Stays,SA,Online,Travel & Hospitality,Hosted Checkout,Turki Al-Shammari,Active,2026-01-10,2026-06-30,186515.1043,70437.9893,256953.09360000002,6087.707,2330.7647,-0.007899999999821692,727.0,125.0,1.6479333972129724,Growing,0.8532863849765259,0,0,0,0,0,0,0,202606
968,SA693304792,Pearl Cargo,SA,B2B,Logistics,Payment Links,Turki Al-Shammari,Active,2026-01-06,2026-06-29,1281182.5595999998,960062.3174999999,2241244.8770999997,29962.2852,4746.3324,-0.02160000000139902,1058.0,101.0,0.33447853982666076,Growing,0.9128559102674719,0,0,0,0,0,0,0,202606
969,SA506335203,Nova Academy,SA,SME,Education,POS Terminal,Reem Al-Ghamdi,Active,2026-01-27,2026-06-29,17804.2821,8840.472,26644.754100000002,554.2432,254.43510000000003,-0.009200000000003301,138.0,12.0,1.0139515288323973,Stable,0.92,0,0,0,0,0,0,0,202606
970,EG374768013,Nova Games,EG,Online,Digital Services,Direct API,Hany Soliman,Active,2026-02-18,2026-06-30,38434.1264,8655.042399999998,47089.1688,1846.3091,830.7174,-0.000699999999913033,6275.0,552.0,3.4406629827717548,Stable,0.9191445730188955,0,0,0,0,0,0,0,202606
971,OM183510174,Swift Boutique 971,OM,SME,Retail,E-commerce Plugin,Salim Al-Harthy,Active,2026-01-20,2026-06-30,171368.4791,115373.93969999999,286742.4188,7019.844300000001,2961.0469000000003,0.11959999999990598,4676.0,418.0,0.4853309122111916,Growing,0.9179426776599922,0,0,0,0,0,0,0,202606
972,EG349893032,Zenith Hotels,EG,Online,Travel & Hospitality,Direct API,Karim Ezzat,Onboarding (not live),,,0.0,0.0,0.0,0.0,0.0,0.0,0.0,0.0,,Onboarding (not live),,0,0,0,0,0,0,0,202606
973,OM386383673,Pearl Stores 973,OM,SME,Retail,Payment Links,Salim Al-Harthy,Active,2026-01-13,2026-06-30,34223.667,11558.1538,45781.820799999994,1063.0685,374.9829,-0.0032000000000493994,1442.0,175.0,1.9609977157424572,Growing,0.8917748917748918,0,0,0,0,0,0,0,202606
974,SA333336650,Palm Cart 974,SA,Online,E-commerce,E-commerce Plugin,Reem Al-Ghamdi,Active,2026-01-17,2026-06-30,77591.9387,45029.570999999996,122621.5097,2875.6503000000002,1059.6138,0.0367999999999567,1660.0,244.0,0.7231329763279336,Growing,0.8718487394957983,0,0,0,0,0,0,0,202606
975,AE512828415,Metro Outlet 975,AE,SME,Retail,Hosted Checkout,Yousef Al-Marri,Active,2026-02-12,2026-06-30,23744.082000000002,1225.4132,24969.495199999998,626.0916,216.89249999999998,0.002800000000036,646.0,89.0,18.37638830722568,Stable,0.8789115646258503,0,0,0,0,0,0,0,202606
976,EG103023484,Golden Outlet 976,EG,Enterprise,Retail,Hosted Checkout,Mai Ragab,Active,2026-01-17,2026-06-30,3180799.5045,1100606.8074,4281406.3119,69607.0877,6346.657700000001,-0.00040000000262790003,121771.0,14261.0,1.8900416416777468,Growing,0.895164373088685,0,0,0,0,0,0,0,202606
977,EG331175012,Swift Supply,EG,B2B,Distribution & Wholesale,Direct API,Hany Soliman,Active,2026-04-24,2026-06-29,83228.38070000001,0.0,83228.38070000001,514.9436000000001,199.2472,-0.00010000000000683307,61.0,4.0,,Stable,0.9384615384615385,0,0,0,0,0,0,0,202606
978,EG721697256,Blue Trading,EG,B2B,Distribution & Wholesale,Direct API,Karim Ezzat,Active,2026-02-21,2026-06-30,56782.32220000001,19410.417,76192.73920000001,429.0797,122.6952,-0.0003000000000241217,40.0,5.0,1.9253530307978446,Growing,0.8888888888888888,0,0,0,0,0,0,0,202606
979,AE286189201,Oasis Games,AE,Online,Digital Services,E-commerce Plugin,Layla Haddad,Active,2026-01-25,2026-06-30,48055.008499999996,25348.055,73403.06349999999,2343.3846000000003,809.0009,0.0020000000000344,3407.0,557.0,0.8958065421587572,Growing,0.8594853683148335,0,0,0,0,0,0,0,202606
980,EG710184265,Falcon Stays,EG,Online,Travel & Hospitality,Direct API,Nadia Fouad,Live - never transacted,2026-03-03,,0.0,0.0,0.0,0.0,0.0,0.0,0.0,0.0,,Live - never transacted,,0,0,0,0,0,1,1,202606
981,OM236340585,Oasis Net,OM,B2B,Telecom & Utilities,Direct API,Salim Al-Harthy,Active,2026-03-16,2026-06-28,1590793.6017999998,35933.2899,1626726.8917,22754.5646,4509.1309,-0.0591000000010808,40489.0,1020.0,43.27074743857505,Growing,0.9754270158278927,0,0,0,0,0,0,0,202606
982,EG759961492,Pearl Boutique 982,EG,SME,Retail,Payment Links,Nadia Fouad,Active,2026-01-15,2026-06-30,11630.1109,7649.3403,19279.451200000003,480.5521,203.3538,-0.0008000000000016331,660.0,75.0,0.520407047389433,Stable,0.8979591836734694,0,0,0,0,0,0,0,202606
983,SA147381632,Bright Hotels,SA,Online,Travel & Hospitality,Direct API,Turki Al-Shammari,Active,2026-05-08,2026-06-30,12499.2002,0.0,12499.2002,176.6934,8.394700000000002,117.78989999999997,28.0,5.0,,Stable,0.8484848484848485,0,1,0,0,0,0,1,202606
984,EG268345185,Crescent Distribution,EG,B2B,Distribution & Wholesale,Direct API,Hany Soliman,Active,2026-05-11,2026-06-28,183780.7094,0.0,183780.7094,1193.374,312.8799,9.999999997489796e-05,122.0,8.0,,Stable,0.9384615384615385,0,0,0,0,0,0,0,202606
985,EG427255297,Oasis Academy,EG,SME,Education,E-commerce Plugin,Nadia Fouad,Active,2026-02-07,2026-06-30,39462.8896,12926.1462,52389.035800000005,1316.8869,515.3494000000001,0.0010999999999865878,479.0,79.0,2.05295089421161,Growing,0.8584229390681004,0,0,0,0,0,0,0,202606
986,EG829367161,Oasis Services,EG,SME,Professional Services,Direct API,Mai Ragab,Live - never transacted,2026-04-17,,0.0,0.0,0.0,0.0,0.0,0.0,0.0,0.0,,Live - never transacted,,0,0,0,0,0,1,1,202606
987,SA161949441,Crescent EdTech,SA,Online,Education,E-commerce Plugin,Reem Al-Ghamdi,Active,2026-02-09,2026-06-30,47327.2286,14667.7278,61994.9564,1139.6131,460.34819999999996,-0.0109999999999281,231.0,33.0,2.22662304927693,Growing,0.875,0,0,0,0,0,0,0,202606
988,AE655038963,Pearl Shop 988,AE,Online,E-commerce,Direct API,Yousef Al-Marri,Active,2026-05-03,2026-06-30,28023.471800000003,0.0,28023.471800000003,709.5226,308.5227,-0.0030000000000426994,560.0,71.0,,Stable,0.8874801901743264,0,0,0,0,0,0,0,202606
989,SA338850328,Zenith Legal,SA,SME,Professional Services,Payment Links,Turki Al-Shammari,Live - never transacted,2026-01-29,,0.0,0.0,0.0,0.0,0.0,0.0,0.0,0.0,,Live - never transacted,,0,0,0,0,0,1,1,202606
990,OM435145511,Nova Online 990,OM,Online,E-commerce,Direct API,Salim Al-Harthy,Active,2026-03-11,2026-06-30,128471.2348,12606.0076,141077.2424,3324.9676,1218.2348,0.10639999999995091,2299.0,215.0,9.19127061290999,Growing,0.9144789180588703,0,0,0,0,0,0,0,202606
991,SA460557898,Cedar Mart 991,SA,SME,Retail,E-commerce Plugin,Turki Al-Shammari,Active,2026-02-22,2026-06-30,217709.8774,57856.0666,275565.94399999996,6742.6775,3088.0823,-0.0087999999998658,7619.0,669.0,2.762956768305435,Growing,0.919280888030888,0,0,0,0,0,0,0,202606
992,SA400898598,Prime Distribution,SA,B2B,Distribution & Wholesale,Direct API,Turki Al-Shammari,Onboarding (not live),,,0.0,0.0,0.0,0.0,0.0,0.0,0.0,0.0,,Onboarding (not live),,0,0,0,0,0,0,0,202606
993,OM971635430,Oasis Advisory,OM,SME,Professional Services,Hosted Checkout,Salim Al-Harthy,Active,2026-03-07,2026-06-28,6321.9763,773.8362,7095.8125,151.3653,65.3577,0.0502999999999999,68.0,6.0,7.169656963579632,Stable,0.918918918918919,0,0,0,0,0,0,0,202606
994,SA200218731,Coral Medical,SA,SME,Healthcare,POS Terminal,Turki Al-Shammari,Active,2026-02-22,2026-06-30,38839.7015,8107.1253,46946.8268,962.4129,387.4435,0.010200000000054398,685.0,62.0,3.790810560187099,Stable,0.9170013386880856,0,0,0,0,0,0,0,202606
995,SA909427280,Cedar Basket 995,SA,Online,E-commerce,E-commerce Plugin,Omar Al-Anazi,Active,2026-02-24,2026-06-30,862330.6424999998,124506.2187,986836.8611999999,20721.374300000003,8113.6867999999995,0.007499999998799502,19644.0,2382.0,5.926004592411575,Growing,0.8918550803595751,0,0,0,0,0,0,0,202606
996,EG386505861,Cedar Deals 996,EG,Online,E-commerce,Direct API,Karim Ezzat,Onboarding (not live),,,0.0,0.0,0.0,0.0,0.0,0.0,0.0,0.0,,Onboarding (not live),,0,0,0,0,0,0,0,202606
997,EG647459512,Blue Logistics,EG,B2B,Logistics,Payment Links,Nadia Fouad,Live - never transacted,2026-02-14,,0.0,0.0,0.0,0.0,0.0,0.0,0.0,0.0,,Live - never transacted,,0,0,0,0,0,1,1,202606
998,EG191085202,Pearl Academy,EG,Online,Education,Hosted Checkout,Hany Soliman,Active,2026-02-26,2026-06-30,146119.83500000002,33970.7932,180090.62820000004,3881.1348,1930.2018000000003,0.0003999999998745331,954.0,138.0,3.301337155707039,Growing,0.8736263736263736,0,0,0,0,0,0,0,202606
999,SA502724272,Green Kitchen 999,SA,SME,Food & Beverage,Direct API,Omar Al-Anazi,Active,2026-03-17,2026-06-30,14965.2829,759.2854,15724.5683,432.9467,184.28539999999998,0.0201999999999776,1196.0,101.0,18.709694009656975,Stable,0.9221279876638396,0,0,0,0,0,0,0,202606
1000,OM504802421,Bright Partners,OM,B2B,Professional Services,Direct API,Salim Al-Harthy,Live - never transacted,2026-05-21,,0.0,0.0,0.0,0.0,0.0,0.0,0.0,0.0,,Live - never transacted,,0,0,0,0,0,1,1,202606
1001,EG452826753,Coral Shop 1001,EG,Online,E-commerce,Direct API,Nadia Fouad,Active,2026-05-30,2026-06-30,5843.3961,0.0,5843.3961,147.1461,62.3876,0.0001000000000317,224.0,26.0,,Stable,0.896,0,0,0,0,0,0,0,202606
1002,AE232247455,Nova Grill 1002,AE,SME,Food & Beverage,POS Terminal,Yousef Al-Marri,Active,2026-03-14,2026-06-30,48263.5258,4554.9133,52818.4391,1589.0587,624.9404,-0.0030999999999037995,3969.0,374.0,9.59592633739044,Stable,0.9138844116969836,0,0,0,0,0,0,0,202606
1003,AE285502973,Prime Stores 1003,AE,SME,Retail,POS Terminal,Yousef Al-Marri,Active,2026-03-04,2026-06-30,130898.062,20434.1539,151332.2159,3554.8158999999996,1505.0239000000001,-0.0101999999998271,2962.0,345.0,5.4058469286560475,Growing,0.8956758391291201,0,0,0,0,0,0,0,202606
1004,EG146602269,Prime Roastery 1004,EG,SME,Food & Beverage,Payment Links,Mai Ragab,Onboarding (not live),,,0.0,0.0,0.0,0.0,0.0,0.0,0.0,0.0,,Onboarding (not live),,0,0,0,0,0,0,0,202606
1005,EG215907507,Green Logistics,EG,B2B,Logistics,Payment Links,Hany Soliman,Live - never transacted,2026-02-15,,0.0,0.0,0.0,0.0,0.0,0.0,0.0,0.0,,Live - never transacted,,0,0,0,0,0,1,1,202606
1006,OM716128158,Amber Basket 1006,OM,Online,E-commerce,Hosted Checkout,Salim Al-Harthy,Active,2026-03-22,2026-06-30,9836.384699999999,0.0,9836.384699999999,220.65,83.3292,-0.0583999999999916,209.0,35.0,,Stable,0.8565573770491803,0,0,0,0,0,0,0,202606
1007,EG614561530,Blue Roastery 1007,EG,Online,Food & Beverage,Hosted Checkout,Mai Ragab,Active,2026-03-08,2026-06-30,25326.409099999997,2497.4756,27823.884699999995,895.9863,318.2316,0.0008999999999872001,2769.0,458.0,9.140803417659013,Stable,0.858072513170127,0,0,0,0,0,0,0,202606
1008,SA663148534,Bright Mart 1008,SA,SME,Retail,POS Terminal,Reem Al-Ghamdi,Active,2026-03-24,2026-06-30,7885.239799999999,205.5226,8090.7624,188.9783,88.0085,0.0064999999999954,192.0,16.0,37.3667771816822,Stable,0.9230769230769231,0,0,0,0,0,0,0,202606
1009,AE940712827,Horizon Logistics,AE,B2B,Logistics,Direct API,Yousef Al-Marri,Active,2026-06-02,2026-06-30,239889.6011,0.0,239889.6011,1439.0549999999998,472.1333,-0.0033999999998286,262.0,10.0,,Stable,0.9632352941176471,0,0,0,0,0,0,0,202606
1010,AE886274746,Pearl Tours,AE,Online,Travel & Hospitality,Hosted Checkout,Yousef Al-Marri,Live - never transacted,2026-03-05,,0.0,0.0,0.0,0.0,0.0,0.0,0.0,0.0,,Live - never transacted,,0,0,0,0,0,1,1,202606
1011,SA864114720,Falcon Roastery 1011,SA,SME,Food & Beverage,POS Terminal,Turki Al-Shammari,Onboarding (not live),,,0.0,0.0,0.0,0.0,0.0,0.0,0.0,0.0,,Onboarding (not live),,0,0,0,0,0,0,0,202606
1012,AE278676287,Crescent Basket 1012,AE,Online,E-commerce,Direct API,Layla Haddad,Onboarding (not live),,,0.0,0.0,0.0,0.0,0.0,0.0,0.0,0.0,,Onboarding (not live),,0,0,0,0,0,0,0,202606
1013,EG850480139,Royal Trading,EG,B2B,Distribution & Wholesale,Payment Links,Mai Ragab,Active,2026-02-27,2026-06-29,254864.78869999998,11562.8197,266427.60839999997,1686.2060999999999,614.4174,-0.0014999999998720121,225.0,10.0,21.04175065533539,Growing,0.9574468085106383,0,0,0,0,0,0,0,202606
1014,AE186561367,Blue Supply,AE,B2B,Distribution & Wholesale,Direct API,Yousef Al-Marri,Onboarding (not live),,,0.0,0.0,0.0,0.0,0.0,0.0,0.0,0.0,,Onboarding (not live),,0,0,0,0,0,0,0,202606
1015,AE309318112,Golden Shop 1015,AE,Online,E-commerce,E-commerce Plugin,Yousef Al-Marri,Active,2026-03-18,2026-06-30,254618.77419999999,0.0,254618.77419999999,7362.6875,2888.8019000000004,0.0176000000005841,4851.0,720.0,,Stable,0.8707592891760905,0,0,0,0,0,0,0,202606
1016,SA996021577,Silver Shop 1016,SA,Online,E-commerce,Direct API,Reem Al-Ghamdi,Active,2026-04-27,2026-06-30,25662.1385,0.0,25662.1385,547.8826,249.42079999999999,0.0098000000000126,342.0,33.0,,Stable,0.912,0,0,0,0,0,0,0,202606
1017,SA620362330,Blue Express,SA,B2B,Logistics,Payment Links,Turki Al-Shammari,Active,2026-03-11,2026-06-30,1409732.7312,0.0,1409732.7312,7617.3043,2300.0433000000003,-0.003200000001243002,1134.0,63.0,,Stable,0.9473684210526315,0,0,0,0,0,0,0,202606
1018,EG995663124,Silver Mart 1018,EG,SME,Retail,Payment Links,Karim Ezzat,Live - never transacted,2026-03-07,,0.0,0.0,0.0,0.0,0.0,0.0,0.0,0.0,,Live - never transacted,,0,0,0,0,0,1,1,202606
1019,OM781648289,Urban Schools,OM,SME,Education,POS Terminal,Salim Al-Harthy,Active,2026-03-21,2026-06-30,34578.231,3180.8061,37759.0371,462.3404,7.776200000000001,308.2839,318.0,18.0,9.870901876099898,Stable,0.9464285714285714,0,1,0,0,0,0,1,202606
1020,AE950851875,Coral Shop 1020,AE,Online,E-commerce,Hosted Checkout,Yousef Al-Marri,Live - never transacted,2026-04-07,,0.0,0.0,0.0,0.0,0.0,0.0,0.0,0.0,,Live - never transacted,,0,0,0,0,0,1,1,202606
1021,EG310678152,Golden Deals 1021,EG,Online,E-commerce,Direct API,Karim Ezzat,Active,2026-05-06,2026-06-30,90341.26800000001,0.0,90341.26800000001,2035.8107,769.4504,0.0018999999999209,2465.0,448.0,,Stable,0.8462066598008926,0,0,1,0,0,0,1,202606
1022,EG448150005,Crescent Bakery 1022,EG,SME,Food & Beverage,Payment Links,Mai Ragab,Active,2026-03-13,2026-06-30,4180.1767,199.7797,4379.9564,139.78869999999998,68.2346,0.0007000000000089858,616.0,88.0,19.923931210228066,Stable,0.875,0,0,0,0,0,0,0,202606
1023,EG523240890,Coral Basket 1023,EG,Online,E-commerce,Direct API,Hany Soliman,Active,2026-05-23,2026-06-30,25918.7422,0.0,25918.7422,639.5337,260.1849,-0.000599999999963,671.0,95.0,,Stable,0.8759791122715405,0,0,0,0,0,0,0,202606
1024,EG879518264,Palm Learning,EG,SME,Education,POS Terminal,Karim Ezzat,Active,2026-03-19,2026-06-30,4480.3265,0.0,4480.3265,77.0799,35.3722,0.00020000000000310004,46.0,12.0,,Stable,0.7931034482758621,0,0,0,0,0,0,0,202606
1025,SA209819989,Coral Consulting,SA,SME,Professional Services,Payment Links,Turki Al-Shammari,Active,2026-03-15,2026-06-30,13566.7361,0.0,13566.7361,308.2378,137.654,-0.0100999999999835,250.0,21.0,,Stable,0.922509225092251,0,0,0,0,0,0,0,202606
1026,EG810896574,Royal Schools,EG,SME,Education,Hosted Checkout,Hany Soliman,Live - never transacted,2026-04-01,,0.0,0.0,0.0,0.0,0.0,0.0,0.0,0.0,,Live - never transacted,,0,0,0,0,0,1,1,202606
1027,EG782213097,Bright Wholesale,EG,B2B,Distribution & Wholesale,Direct API,Nadia Fouad,Onboarding (not live),,,0.0,0.0,0.0,0.0,0.0,0.0,0.0,0.0,,Onboarding (not live),,0,0,0,0,0,0,0,202606
1028,SA404185012,Oasis Legal,SA,SME,Professional Services,POS Terminal,Omar Al-Anazi,Active,2026-04-01,2026-06-29,104515.83180000001,0.0,104515.83180000001,2081.0399,928.5453,-0.009900000000072889,1120.0,113.0,,Stable,0.9083536090835361,0,0,0,0,0,0,0,202606
1029,EG392270526,Pearl Consulting 1029,EG,SME,Professional Services,POS Terminal,Nadia Fouad,Active,2026-03-27,2026-06-30,7848.0502,250.7782,8098.8284,175.7083,90.43209999999999,-0.00030000000000991966,151.0,23.0,30.294786388928543,Stable,0.867816091954023,0,0,0,0,0,0,0,202606
1030,EG618876377,Prime Supply,EG,B2B,Distribution & Wholesale,Payment Links,Mai Ragab,Active,2026-03-13,2026-06-30,138680.1672,11421.7373,150101.9045,1119.7546,335.7742,-0.00010000000006010205,79.0,1.0,11.141775244646887,Growing,0.9875,0,0,0,0,0,0,0,202606
1031,EG457063528,Blue Institute,EG,Online,Education,E-commerce Plugin,Karim Ezzat,Active,2026-03-21,2026-06-17,2619.4471,0.0,2619.4471,55.067,24.8722,0.0007000000000018,20.0,6.0,,Stable,0.7692307692307693,0,0,0,0,0,0,0,202606
1032,SA458701773,Sand Academy,SA,SME,Education,POS Terminal,Reem Al-Ghamdi,Active,2026-03-25,2026-06-30,12693.3652,455.576,13148.941200000001,291.0585,142.80509999999998,-0.004600000000012301,132.0,9.0,26.86223418266107,Stable,0.9361702127659575,0,0,0,0,0,0,0,202606
1033,EG699092851,Horizon Consulting 1033,EG,SME,Professional Services,Payment Links,Mai Ragab,Active,2026-03-20,2026-06-30,13862.515,163.4897,14026.004700000001,288.1785,121.3484,-0.0006000000000268912,293.0,54.0,83.79136606159287,Stable,0.8443804034582133,0,0,1,0,0,0,1,202606
1034,SA626720681,Cedar Outlet 1034,SA,SME,Retail,POS Terminal,Reem Al-Ghamdi,Active,2026-03-24,2026-06-30,10596.1224,46.7147,10642.8371,250.8958,112.78649999999999,-0.0122000000000014,365.0,39.0,225.82629664752207,Stable,0.9034653465346535,0,0,0,0,0,0,0,202606
1035,EG314856570,Falcon Journeys,EG,Enterprise,Travel & Hospitality,Direct API,Hany Soliman,Live - never transacted,2026-06-29,,0.0,0.0,0.0,0.0,0.0,0.0,0.0,0.0,,Live - never transacted,,0,0,0,0,0,1,1,202606
1036,EG229414617,Falcon Learning,EG,SME,Education,POS Terminal,Karim Ezzat,Active,2026-04-11,2026-06-28,4782.2080000000005,0.0,4782.2080000000005,105.4128,50.530699999999996,0.0003000000000028,68.0,6.0,,Stable,0.918918918918919,0,0,0,0,0,0,0,202606
1037,AE210471613,Falcon Partners,AE,SME,Professional Services,Payment Links,Yousef Al-Marri,Live - never transacted,2026-03-24,,0.0,0.0,0.0,0.0,0.0,0.0,0.0,0.0,,Live - never transacted,,0,0,0,0,0,1,1,202606
1038,EG586961269,Amber Services 1038,EG,SME,Professional Services,POS Terminal,Mai Ragab,Active,2026-04-08,2026-06-29,12898.8001,0.0,12898.8001,275.8869,132.977,0.00040000000002032507,295.0,10.0,,Stable,0.9672131147540983,0,0,0,0,0,0,0,202606
1039,SA321797987,Crescent Cafe 1039,SA,SME,Food & Beverage,POS Terminal,Omar Al-Anazi,Active,2026-04-01,2026-06-30,40769.3569,0.0,40769.3569,1143.7842,495.32590000000005,-0.0086999999999761,4095.0,317.0,,Stable,0.9281504986400725,0,0,0,0,0,0,0,202606
1040,EG841209363,Golden Mart 1040,EG,SME,Retail,Hosted Checkout,Karim Ezzat,Live - never transacted,2026-04-26,,0.0,0.0,0.0,0.0,0.0,0.0,0.0,0.0,,Live - never transacted,,0,0,0,0,0,1,1,202606
1041,OM129768291,Prime Basket 1041,OM,Online,E-commerce,Direct API,Salim Al-Harthy,Onboarding (not live),,,0.0,0.0,0.0,0.0,0.0,0.0,0.0,0.0,,Onboarding (not live),,0,0,0,0,0,0,0,202606
1042,AE221142304,Urban Roastery 1042,AE,SME,Food & Beverage,POS Terminal,Yousef Al-Marri,Active,2026-03-27,2026-06-30,64794.099799999996,2041.7046,66835.80440000001,1819.0464000000002,694.4131,0.004599999999911,4108.0,426.0,30.735295987480264,Stable,0.906043228936921,0,0,0,0,0,0,0,202606
1043,SA363280396,Sand Legal 1043,SA,B2B,Professional Services,Payment Links,Omar Al-Anazi,Active,2026-03-22,2026-06-28,827761.4878,62716.2214,890477.7091999999,12890.6934,2823.0542,-0.0099999999997636,7154.0,485.0,12.198522955019735,Growing,0.9365100143997905,0,0,0,0,0,0,0,202606
1044,AE673709124,Swift Deals 1044,AE,Online,E-commerce,Direct API,Layla Haddad,Onboarding (not live),,,0.0,0.0,0.0,0.0,0.0,0.0,0.0,0.0,,Onboarding (not live),,0,0,0,0,0,0,0,202606
1045,SA140143161,Palm Traders,SA,B2B,Distribution & Wholesale,Payment Links,Reem Al-Ghamdi,Active,2026-03-24,2026-06-28,387454.6185,14249.632,401704.25049999997,2112.8423000000003,726.4824000000001,-0.010699999999829301,205.0,7.0,26.19049997220981,Growing,0.9669811320754716,0,0,0,0,0,0,0,202606
1046,AE887809291,Horizon Deals 1046,AE,Online,E-commerce,Hosted Checkout,Layla Haddad,Live - never transacted,2026-04-27,,0.0,0.0,0.0,0.0,0.0,0.0,0.0,0.0,,Live - never transacted,,0,0,0,0,0,1,1,202606
1047,OM754795503,Silver Deals 1047,OM,Online,E-commerce,Direct API,Salim Al-Harthy,Active,2026-04-19,2026-06-30,13511.9372,0.0,13511.9372,324.8115,107.5949,-0.005800000000032696,262.0,38.0,,Stable,0.8733333333333333,0,0,0,0,0,0,0,202606
1048,OM722561468,Zenith Kitchen 1048,OM,SME,Food & Beverage,POS Terminal,Salim Al-Harthy,Active,2026-03-31,2026-06-30,5243.3814999999995,0.0,5243.3814999999995,150.3251,55.5278,-0.006499999999995593,522.0,62.0,,Stable,0.8938356164383562,0,0,0,0,0,0,0,202606
1049,SA940007503,Oasis Boutique 1049,SA,SME,Retail,Payment Links,Turki Al-Shammari,Live - never transacted,2026-03-26,,0.0,0.0,0.0,0.0,0.0,0.0,0.0,0.0,,Live - never transacted,,0,0,0,0,0,1,1,202606
1050,EG617191234,Cedar Mart 1050,EG,SME,Retail,Direct API,Mai Ragab,Live - never transacted,2026-06-20,,0.0,0.0,0.0,0.0,0.0,0.0,0.0,0.0,,Live - never transacted,,0,0,0,0,0,1,1,202606
1051,EG340916419,Oasis Tours,EG,Enterprise,Travel & Hospitality,Direct API,Hany Soliman,Live - never transacted,2026-06-27,,0.0,0.0,0.0,0.0,0.0,0.0,0.0,0.0,,Live - never transacted,,0,0,0,0,0,1,1,202606
1052,EG190957754,Crescent Legal 1052,EG,B2B,Professional Services,Direct API,Hany Soliman,Live - never transacted,2026-05-15,,0.0,0.0,0.0,0.0,0.0,0.0,0.0,0.0,,Live - never transacted,,0,0,0,0,0,1,1,202606
1053,EG360619428,Cedar Learning,EG,SME,Education,POS Terminal,Hany Soliman,Active,2026-04-21,2026-06-30,13929.4028,0.0,13929.4028,270.109,127.8039,-0.0008999999999908,161.0,12.0,,Stable,0.930635838150289,0,0,0,0,0,0,0,202606
1054,EG161830237,Palm Consulting 1054,EG,SME,Professional Services,Payment Links,Mai Ragab,Active,2026-03-30,2026-06-30,13586.7834,0.0,13586.7834,298.6499,126.7818,-0.0006000000000269,474.0,71.0,,Stable,0.8697247706422019,0,0,0,0,0,0,0,202606
1055,EG989242475,Green Boutique 1055,EG,SME,Retail,POS Terminal,Nadia Fouad,Active,2026-05-02,2026-06-29,5651.4265,0.0,5651.4265,128.8039,60.6464,0.0010000000000047,248.0,27.0,,Stable,0.9018181818181819,0,0,0,0,0,0,0,202606
1056,SA652243125,Falcon Outlet 1056,SA,SME,Retail,Hosted Checkout,Omar Al-Anazi,Active,2026-04-28,2026-06-30,13113.4753,0.0,13113.4753,352.96770000000004,136.9025,0.0060000000000287,481.0,49.0,,Stable,0.9075471698113208,0,0,0,0,0,0,0,202606
1057,SA126540735,Falcon Outlet 1058,SA,SME,Retail,POS Terminal,Turki Al-Shammari,Active,2026-04-17,2026-06-29,19559.3949,0.0,19559.3949,478.1492,195.6354,0.007799999999995999,744.0,53.0,,Stable,0.9335006273525721,0,0,0,0,0,0,0,202606
1058,SA951743097,Blue Cafe 1059,SA,SME,Food & Beverage,Payment Links,Turki Al-Shammari,Live - never transacted,2026-04-10,,0.0,0.0,0.0,0.0,0.0,0.0,0.0,0.0,,Live - never transacted,,0,0,0,0,0,1,1,202606
1059,AE899860359,Cedar Roastery 1060,AE,SME,Food & Beverage,Payment Links,Layla Haddad,Active,2026-04-09,2026-06-30,15569.8167,0.0,15569.8167,437.58770000000004,193.3591,-0.008800000000000701,1288.0,153.0,,Stable,0.8938237335183901,0,0,0,0,0,0,0,202606
1060,EG660517576,Falcon Services 1061,EG,SME,Professional Services,Payment Links,Mai Ragab,Live - never transacted,2026-04-09,,0.0,0.0,0.0,0.0,0.0,0.0,0.0,0.0,,Live - never transacted,,0,0,0,0,0,1,1,202606
1061,SA960678556,Horizon Cafe 1062,SA,SME,Food & Beverage,Payment Links,Omar Al-Anazi,Active,2026-04-04,2026-06-30,7435.7918,0.0,7435.7918,185.7946,73.26320000000001,0.006999999999997899,593.0,40.0,,Stable,0.9368088467614534,0,0,0,0,0,0,0,202606
1062,EG958671332,Bright Roastery 1063,EG,SME,Food & Beverage,Payment Links,Mai Ragab,Active,2026-04-07,2026-06-30,13436.8895,0.0,13436.8895,436.4217,174.3917,-0.0003999999999848,2048.0,229.0,,Stable,0.8994290733421169,0,0,0,0,0,0,0,202606
1063,SA377490747,Falcon Academy,SA,SME,Education,POS Terminal,Reem Al-Ghamdi,Active,2026-04-27,2026-06-29,21715.605499999998,0.0,21715.605499999998,454.38390000000004,188.07780000000002,-0.007800000000021,159.0,17.0,,Stable,0.9034090909090909,0,0,0,0,0,0,0,202606
1064,EG199464088,Golden Advisory 1065,EG,SME,Professional Services,Payment Links,Nadia Fouad,Live - never transacted,2026-04-08,,0.0,0.0,0.0,0.0,0.0,0.0,0.0,0.0,,Live - never transacted,,0,0,0,0,0,1,1,202606
1065,SA375005816,Silver Hotels,SA,Online,Travel & Hospitality,Hosted Checkout,Omar Al-Anazi,Live - never transacted,2026-05-09,,0.0,0.0,0.0,0.0,0.0,0.0,0.0,0.0,,Live - never transacted,,0,0,0,0,0,1,1,202606
1066,OM491917249,Urban Freight,OM,B2B,Logistics,Payment Links,Salim Al-Harthy,Live - never transacted,2026-04-11,,0.0,0.0,0.0,0.0,0.0,0.0,0.0,0.0,,Live - never transacted,,0,0,0,0,0,1,1,202606
1067,EG279725449,Swift Boutique 1068,EG,SME,Retail,Payment Links,Karim Ezzat,Active,2026-04-11,2026-06-30,7847.405400000001,0.0,7847.405400000001,185.8791,84.6067,-0.00039999999998478915,305.0,41.0,,Stable,0.8815028901734104,0,0,0,0,0,0,0,202606
1068,AE292119623,Sand Deals 1069,AE,Online,E-commerce,Hosted Checkout,Yousef Al-Marri,Active,2026-05-11,2026-06-30,9532.1908,0.0,9532.1908,246.3553,102.941,0.001299999999988,192.0,25.0,,Stable,0.8847926267281107,0,0,0,0,0,0,0,202606
1069,EG593655028,Crescent Games,EG,Online,Digital Services,Direct API,Hany Soliman,Onboarding (not live),,,0.0,0.0,0.0,0.0,0.0,0.0,0.0,0.0,,Onboarding (not live),,0,0,0,0,0,0,0,202606
1070,AE639966691,Blue Mart 1071,AE,SME,Retail,POS Terminal,Layla Haddad,Active,2026-05-06,2026-06-29,40051.3218,0.0,40051.3218,968.2424000000001,420.008,0.0073000000000717,1330.0,118.0,,Stable,0.9185082872928176,0,0,0,0,0,0,0,202606
1071,OM412441067,Urban Roastery 1072,OM,SME,Food & Beverage,POS Terminal,Salim Al-Harthy,Active,2026-04-29,2026-06-30,3592.3538,0.0,3592.3538,100.5197,39.714,-0.1266000000000059,340.0,43.0,,Stable,0.8877284595300261,0,0,0,0,0,0,0,202606
1072,SA711015471,Coral Grill 1073,SA,SME,Food & Beverage,POS Terminal,Reem Al-Ghamdi,Active,2026-05-09,2026-06-30,19938.4292,0.0,19938.4292,535.0295,229.9466,0.0105000000000642,1721.0,149.0,,Stable,0.9203208556149732,0,0,0,0,0,0,0,202606
1073,SA711109092,Zenith Roastery 1074,SA,Enterprise,Food & Beverage,POS Terminal,Reem Al-Ghamdi,Active,2026-04-27,2026-06-30,1389460.6110999999,0.0,1389460.6110999999,23313.354099999997,1928.6598000000001,0.0072999999997876005,120376.0,9895.0,,Stable,0.9240429566058448,0,0,0,0,0,0,0,202606
1074,AE155861221,Nova Roastery 1075,AE,SME,Food & Beverage,POS Terminal,Yousef Al-Marri,Active,2026-05-02,2026-06-30,9344.6533,0.0,9344.6533,255.78709999999998,94.5426,-0.0003999999999849003,621.0,45.0,,Stable,0.9324324324324325,0,0,0,0,0,0,0,202606
1075,SA945775986,Urban Net,SA,B2B,Telecom & Utilities,Payment Links,Reem Al-Ghamdi,Active,2026-04-23,2026-06-30,16958.088,0.0,16958.088,280.4135,47.9282,0.0049000000000205,574.0,16.0,,Stable,0.9728813559322034,0,0,0,0,0,0,0,202606
1076,SA445385465,Cedar Cart 1077,SA,Online,E-commerce,Hosted Checkout,Omar Al-Anazi,Live - never transacted,2026-05-05,,0.0,0.0,0.0,0.0,0.0,0.0,0.0,0.0,,Live - never transacted,,0,0,0,0,0,1,1,202606
1077,AE813274406,Bright Deals 1078,AE,Online,E-commerce,Hosted Checkout,Yousef Al-Marri,Active,2026-05-10,2026-06-30,6572.3346,0.0,6572.3346,158.4913,65.4648,-0.0009000000000014001,122.0,24.0,,Stable,0.8356164383561644,0,0,0,0,0,0,0,202606
1078,AE173430132,Prime EdTech,AE,SME,Education,POS Terminal,Yousef Al-Marri,Active,2026-05-19,2026-06-28,2802.0258000000003,0.0,2802.0258000000003,67.9402,30.1812,0.00010000000000329992,17.0,3.0,,Stable,0.85,0,0,0,0,0,0,0,202606
1079,EG148562196,Palm Cart 1080,EG,Online,E-commerce,Direct API,Hany Soliman,Active,2026-05-29,2026-06-30,13446.7373,0.0,13446.7373,300.0545,136.8948,0.0004999999999881,352.0,46.0,,Stable,0.8844221105527639,0,0,0,0,0,0,0,202606
1080,AE145067044,Bright Stores 1081,AE,SME,Retail,E-commerce Plugin,Yousef Al-Marri,Active,2026-05-12,2026-06-30,7270.0887,0.0,7270.0887,216.8088,78.1283,0.0064000000000135,189.0,15.0,,Stable,0.9264705882352942,0,0,0,0,0,0,0,202606
1081,EG779290435,Silver Market 1082,EG,SME,Retail,POS Terminal,Hany Soliman,Active,2026-05-21,2026-06-28,6190.845499999999,0.0,6190.845499999999,144.237,68.64359999999999,-0.00020000000001910005,246.0,13.0,,Stable,0.9498069498069498,0,0,0,0,0,0,0,202606
1082,AE299503118,Cedar Kitchen 1083,AE,SME,Food & Beverage,POS Terminal,Layla Haddad,Active,2026-05-28,2026-06-30,6187.9564,0.0,6187.9564,170.51080000000002,67.926,0.0031000000000282,426.0,38.0,,Stable,0.9181034482758621,0,0,0,0,0,0,0,202606
1083,EG886138867,Bright Trading,EG,B2B,Distribution & Wholesale,Payment Links,Nadia Fouad,Active,2026-05-02,2026-06-29,253464.57630000002,0.0,253464.57630000002,1469.7304,343.11569999999995,0.0006999999999378001,184.0,4.0,,Stable,0.9787234042553191,0,0,0,0,0,0,0,202606
1084,OM645016906,Swift Wholesale,OM,B2B,Distribution & Wholesale,Direct API,Salim Al-Harthy,Onboarding (not live),,,0.0,0.0,0.0,0.0,0.0,0.0,0.0,0.0,,Onboarding (not live),,0,0,0,0,0,0,0,202606
1085,EG191960141,Cedar Basket 1086,EG,Online,E-commerce,Hosted Checkout,Mai Ragab,Active,2026-05-15,2026-06-30,22700.2478,0.0,22700.2478,516.3085,200.59210000000002,-0.0007999999999981,715.0,120.0,,Stable,0.8562874251497006,0,0,0,0,0,0,0,202606
1086,SA674560065,Oasis Cart 1087,SA,Online,E-commerce,Direct API,Omar Al-Anazi,Onboarding (not live),,,0.0,0.0,0.0,0.0,0.0,0.0,0.0,0.0,,Onboarding (not live),,0,0,0,0,0,0,0,202606
1087,SA672797520,Metro Travel,SA,Enterprise,Travel & Hospitality,Payment Links,Reem Al-Ghamdi,Live - never transacted,2026-05-09,,0.0,0.0,0.0,0.0,0.0,0.0,0.0,0.0,,Live - never transacted,,0,0,0,0,0,1,1,202606
1088,EG514078840,Falcon Streaming,EG,Online,Digital Services,Direct API,Karim Ezzat,Live - never transacted,2026-05-31,,0.0,0.0,0.0,0.0,0.0,0.0,0.0,0.0,,Live - never transacted,,0,0,0,0,0,1,1,202606
1089,EG575473027,Coral Care,EG,SME,Healthcare,POS Terminal,Nadia Fouad,Active,2026-05-28,2026-06-29,604.43,0.0,604.43,13.858799999999999,6.1149,0.0,27.0,4.0,,Stable,0.8709677419354839,0,0,0,0,0,0,0,202606
1090,SA835667996,Cedar Cloud,SA,Online,Digital Services,Direct API,Omar Al-Anazi,Onboarding (not live),,,0.0,0.0,0.0,0.0,0.0,0.0,0.0,0.0,,Onboarding (not live),,0,0,0,0,0,0,0,202606
1091,AE678353607,Bright Schools,AE,SME,Education,POS Terminal,Yousef Al-Marri,Live - never transacted,2026-05-22,,0.0,0.0,0.0,0.0,0.0,0.0,0.0,0.0,,Live - never transacted,,0,0,0,0,0,1,1,202606
1092,EG565168796,Crescent Institute,EG,SME,Education,POS Terminal,Nadia Fouad,Active,2026-06-04,2026-06-27,1021.3974,0.0,1021.3974,20.9771,9.9213,0.000399999999999,12.0,1.0,,Stable,0.9230769230769231,0,0,0,0,0,0,0,202606
1093,EG743176013,Palm Shop 1094,EG,Online,E-commerce,Direct API,Nadia Fouad,Onboarding (not live),,,0.0,0.0,0.0,0.0,0.0,0.0,0.0,0.0,,Onboarding (not live),,0,0,0,0,0,0,0,202606
1094,EG314652282,Swift Deals 1095,EG,Online,E-commerce,Direct API,Hany Soliman,Active,2026-06-12,2026-06-30,2490.4,0.0,2490.4,63.0521,20.5119,0.0,93.0,13.0,,Stable,0.8773584905660378,0,0,0,0,0,0,0,202606
1095,EG471598836,Horizon Movers,EG,B2B,Logistics,Direct API,Mai Ragab,Onboarding (not live),,,0.0,0.0,0.0,0.0,0.0,0.0,0.0,0.0,,Onboarding (not live),,0,0,0,0,0,0,0,202606
1096,OM118285580,Swift Grill 1097,OM,SME,Food & Beverage,Payment Links,Salim Al-Harthy,Active,2026-05-18,2026-06-30,246.4499,0.0,246.4499,7.360099999999999,2.1846,0.0440000000000013,26.0,3.0,,Stable,0.896551724137931,0,0,0,0,0,0,0,202606
1097,EG612590977,Cedar Basket 1098,EG,Enterprise,E-commerce,POS Terminal,Nadia Fouad,Active,2026-06-12,2026-06-30,305814.958,0.0,305814.958,4031.037,-5.759199999999962,-0.000300000000152,10417.0,996.0,,Stable,0.9127310961184614,1,0,0,0,0,0,1,202606
1098,EG515839669,Horizon Online 1099,EG,Online,E-commerce,E-commerce Plugin,Mai Ragab,Active,2026-05-27,2026-06-30,6606.1603,0.0,6606.1603,181.4926,75.13149999999999,-0.0016999999999924,328.0,50.0,,Stable,0.8677248677248677,0,0,0,0,0,0,0,202606
1099,EG984603749,Pearl Advisory 1100,EG,SME,Professional Services,POS Terminal,Karim Ezzat,Active,2026-06-16,2026-06-30,4619.4412,0.0,4619.4412,96.816,44.1677,0.0005999999999914,81.0,9.0,,Stable,0.9,0,0,0,0,0,0,0,202606
1100,SA831010083,Palm Bakery 1101,SA,Online,Food & Beverage,Hosted Checkout,Omar Al-Anazi,Active,2026-05-25,2026-06-30,39029.952000000005,0.0,39029.952000000005,982.4907,381.6851,-0.001700000000028,2738.0,253.0,,Stable,0.9154129053828152,0,0,0,0,0,0,0,202606
1101,SA731706242,Royal Boutique 1102,SA,SME,Retail,POS Terminal,Reem Al-Ghamdi,Live - never transacted,2026-05-24,,0.0,0.0,0.0,0.0,0.0,0.0,0.0,0.0,,Live - never transacted,,0,0,0,0,0,1,1,202606
1102,EG189313449,Horizon Distribution,EG,B2B,Distribution & Wholesale,Payment Links,Hany Soliman,Active,2026-05-24,2026-06-30,85535.63320000001,0.0,85535.63320000001,1094.4969,241.081,-0.0001000000000601,45.0,4.0,,Stable,0.9183673469387755,0,0,0,0,0,0,0,202606
1103,AE330041822,Sand Tours,AE,Online,Travel & Hospitality,Direct API,Layla Haddad,Onboarding (not live),,,0.0,0.0,0.0,0.0,0.0,0.0,0.0,0.0,,Onboarding (not live),,0,0,0,0,0,0,0,202606
1104,AE725996535,Oasis Online 1105,AE,Enterprise,E-commerce,E-commerce Plugin,Layla Haddad,Live - never transacted,2026-06-10,,0.0,0.0,0.0,0.0,0.0,0.0,0.0,0.0,,Live - never transacted,,0,0,0,0,0,1,1,202606
1105,EG431349917,Urban Mart 1106,EG,SME,Retail,POS Terminal,Karim Ezzat,Active,2026-06-25,2026-06-30,568.6675,0.0,568.6675,13.9731,6.9849,0.0005000000000006,30.0,4.0,,Stable,0.8823529411764706,0,0,0,0,0,0,0,202606
1106,EG542524779,Golden Trading,EG,B2B,Distribution & Wholesale,Direct API,Hany Soliman,Onboarding (not live),,,0.0,0.0,0.0,0.0,0.0,0.0,0.0,0.0,,Onboarding (not live),,0,0,0,0,0,0,0,202606
1107,EG623969415,Golden Academy,EG,Online,Education,Direct API,Hany Soliman,Onboarding (not live),,,0.0,0.0,0.0,0.0,0.0,0.0,0.0,0.0,,Onboarding (not live),,0,0,0,0,0,0,0,202606
1108,EG152029310,Zenith Deals 1109,EG,Online,E-commerce,Direct API,Karim Ezzat,Onboarding (not live),,,0.0,0.0,0.0,0.0,0.0,0.0,0.0,0.0,,Onboarding (not live),,0,0,0,0,0,0,0,202606
1109,EG906795350,Nova Institute,EG,Online,Education,Direct API,Hany Soliman,Onboarding (not live),,,0.0,0.0,0.0,0.0,0.0,0.0,0.0,0.0,,Onboarding (not live),,0,0,0,0,0,0,0,202606
1110,SA226339675,Palm Pharmacy,SA,SME,Healthcare,POS Terminal,Turki Al-Shammari,Active,2026-06-16,2026-06-29,6299.0989,0.0,6299.0989,127.5999,52.6588,0.0013000000000147,132.0,11.0,,Stable,0.9230769230769231,0,0,0,0,0,0,0,202606
1111,AE588309133,Prime Bakery 1112,AE,Online,Food & Beverage,E-commerce Plugin,Yousef Al-Marri,Active,2026-06-09,2026-06-30,7612.7845,0.0,7612.7845,199.9159,62.74179999999999,-0.0023999999999944,383.0,43.0,,Stable,0.8990610328638498,0,0,0,0,0,0,0,202606
1112,EG767759112,Cedar Online 1113,EG,Online,E-commerce,Direct API,Mai Ragab,Onboarding (not live),,,0.0,0.0,0.0,0.0,0.0,0.0,0.0,0.0,,Onboarding (not live),,0,0,0,0,0,0,0,202606
1113,EG372163865,Horizon Basket 1114,EG,Online,E-commerce,Direct API,Nadia Fouad,Onboarding (not live),,,0.0,0.0,0.0,0.0,0.0,0.0,0.0,0.0,,Onboarding (not live),,0,0,0,0,0,0,0,202606
1114,SA359897957,Royal Express,SA,B2B,Logistics,Direct API,Omar Al-Anazi,Onboarding (not live),,,0.0,0.0,0.0,0.0,0.0,0.0,0.0,0.0,,Onboarding (not live),,0,0,0,0,0,0,0,202606
1115,EG851255904,Blue Power,EG,B2B,Telecom & Utilities,Payment Links,Hany Soliman,Live - never transacted,2026-06-13,,0.0,0.0,0.0,0.0,0.0,0.0,0.0,0.0,,Live - never transacted,,0,0,0,0,0,1,1,202606
1116,EG599578476,Zenith Roastery 1117,EG,SME,Food & Beverage,Payment Links,Nadia Fouad,Active,2026-06-09,2026-06-30,3801.5753,0.0,3801.5753,123.1322,60.3639,9.999999997489796e-05,542.0,100.0,,Stable,0.8442367601246106,0,0,1,0,0,0,1,202606
1117,EG940939836,Oasis Cart 1118,EG,Online,E-commerce,Direct API,Hany Soliman,Onboarding (not live),,,0.0,0.0,0.0,0.0,0.0,0.0,0.0,0.0,,Onboarding (not live),,0,0,0,0,0,0,0,202606
1118,OM761778384,Cedar Consulting 1119,OM,SME,Professional Services,POS Terminal,Salim Al-Harthy,Active,2026-06-16,2026-06-30,225.5917,0.0,225.5917,3.6411,1.8466,-0.0167999999999999,3.0,0.0,,Stable,1.0,0,0,0,0,0,0,0,202606
1119,AE724539389,Swift Tours,AE,Enterprise,Travel & Hospitality,Direct API,Layla Haddad,Onboarding (not live),,,0.0,0.0,0.0,0.0,0.0,0.0,0.0,0.0,,Onboarding (not live),,0,0,0,0,0,0,0,202606
1120,SA447288277,Bright Cafe 1121,SA,SME,Food & Beverage,Payment Links,Omar Al-Anazi,Live - never transacted,2026-06-16,,0.0,0.0,0.0,0.0,0.0,0.0,0.0,0.0,,Live - never transacted,,0,0,0,0,0,1,1,202606
1121,OM167083845,Bright Express,OM,B2B,Logistics,Payment Links,Salim Al-Harthy,Active,2026-06-14,2026-06-30,8229.0247,0.0,8229.0247,44.2913,14.538300000000005,0.0021000000000057,11.0,0.0,,Stable,1.0,0,0,0,0,0,0,0,202606
1122,EG214794708,Prime Basket 1123,EG,Online,E-commerce,Direct API,Nadia Fouad,Onboarding (not live),,,0.0,0.0,0.0,0.0,0.0,0.0,0.0,0.0,,Onboarding (not live),,0,0,0,0,0,0,0,202606
1123,AE433042728,Green Roastery 1124,AE,SME,Food & Beverage,Payment Links,Yousef Al-Marri,Active,2026-06-12,2026-06-29,1850.7066,0.0,1850.7066,52.6453,24.1989,-0.0009000000000014,150.0,18.0,,Stable,0.8928571428571429,0,0,0,0,0,0,0,202606
1124,EG653206188,Amber Outlet 1125,EG,SME,Retail,Direct API,Nadia Fouad,Onboarding (not live),,,0.0,0.0,0.0,0.0,0.0,0.0,0.0,0.0,,Onboarding (not live),,0,0,0,0,0,0,0,202606
1125,EG334957716,Falcon Legal 1126,EG,SME,Professional Services,Payment Links,Hany Soliman,Live - never transacted,2026-06-18,,0.0,0.0,0.0,0.0,0.0,0.0,0.0,0.0,,Live - never transacted,,0,0,0,0,0,1,1,202606
1126,OM742411776,Prime Legal 1127,OM,SME,Professional Services,Direct API,Salim Al-Harthy,Onboarding (not live),,,0.0,0.0,0.0,0.0,0.0,0.0,0.0,0.0,,Onboarding (not live),,0,0,0,0,0,0,0,202606
1127,SA614110469,Bright Bakery 1128,SA,SME,Food & Beverage,POS Terminal,Reem Al-Ghamdi,Live - never transacted,2026-06-29,,0.0,0.0,0.0,0.0,0.0,0.0,0.0,0.0,,Live - never transacted,,0,0,0,0,0,1,1,202606
1128,SA323733227,Bright Bakery 1129,SA,SME,Food & Beverage,E-commerce Plugin,Reem Al-Ghamdi,Active,2026-06-24,2026-06-30,78.2053,0.0,78.2053,2.3732,1.0132,-0.0022999999999995,6.0,0.0,,Stable,1.0,0,0,0,0,0,0,0,202606
1129,SA331543631,Urban Labs,SA,Enterprise,Healthcare,E-commerce Plugin,Turki Al-Shammari,Onboarding (not live),,,0.0,0.0,0.0,0.0,0.0,0.0,0.0,0.0,,Onboarding (not live),,0,0,0,0,0,0,0,202606
1130,SA384956414,Zenith Legal 1131,SA,B2B,Professional Services,Direct API,Turki Al-Shammari,Onboarding (not live),,,0.0,0.0,0.0,0.0,0.0,0.0,0.0,0.0,,Onboarding (not live),,0,0,0,0,0,0,0,202606
1131,EG851281896,Crescent Tours,EG,Online,Travel & Hospitality,Hosted Checkout,Hany Soliman,Onboarding (not live),,,0.0,0.0,0.0,0.0,0.0,0.0,0.0,0.0,,Onboarding (not live),,0,0,0,0,0,0,0,202606
1132,OM971061520,Urban Basket 1133,OM,Enterprise,E-commerce,POS Terminal,Salim Al-Harthy,Onboarding (not live),,,0.0,0.0,0.0,0.0,0.0,0.0,0.0,0.0,,Onboarding (not live),,0,0,0,0,0,0,0,202606
1133,SA370692306,Bright Grill 1134,SA,Online,Food & Beverage,Hosted Checkout,Omar Al-Anazi,Onboarding (not live),,,0.0,0.0,0.0,0.0,0.0,0.0,0.0,0.0,,Onboarding (not live),,0,0,0,0,0,0,0,202606
1134,EG826852141,Nova Online 1135,EG,Online,E-commerce,Hosted Checkout,Hany Soliman,Onboarding (not live),,,0.0,0.0,0.0,0.0,0.0,0.0,0.0,0.0,,Onboarding (not live),,0,0,0,0,0,0,0,202606
1135,SA544336387,Horizon Cafe 1136,SA,Online,Food & Beverage,E-commerce Plugin,Turki Al-Shammari,Onboarding (not live),,,0.0,0.0,0.0,0.0,0.0,0.0,0.0,0.0,,Onboarding (not live),,0,0,0,0,0,0,0,202606
1136,SA353625243,Crescent Telecom,SA,B2B,Telecom & Utilities,Direct API,Reem Al-Ghamdi,Onboarding (not live),,,0.0,0.0,0.0,0.0,0.0,0.0,0.0,0.0,,Onboarding (not live),,0,0,0,0,0,0,0,202606
1137,EG974495840,Zenith Consulting 1138,EG,SME,Professional Services,POS Terminal,Hany Soliman,Onboarding (not live),,,0.0,0.0,0.0,0.0,0.0,0.0,0.0,0.0,,Onboarding (not live),,0,0,0,0,0,0,0,202606
1138,EG332562861,Oasis Shop 1139,EG,Online,E-commerce,Hosted Checkout,Karim Ezzat,Onboarding (not live),,,0.0,0.0,0.0,0.0,0.0,0.0,0.0,0.0,,Onboarding (not live),,0,0,0,0,0,0,0,202606
1139,AE981938520,Green Pharmacy,AE,SME,Healthcare,POS Terminal,Layla Haddad,Onboarding (not live),,,0.0,0.0,0.0,0.0,0.0,0.0,0.0,0.0,,Onboarding (not live),,0,0,0,0,0,0,0,202606
1140,EG303725059,Prime Kitchen 1141,EG,SME,Food & Beverage,POS Terminal,Mai Ragab,Onboarding (not live),,,0.0,0.0,0.0,0.0,0.0,0.0,0.0,0.0,,Onboarding (not live),,0,0,0,0,0,0,0,202606
1141,EG464500775,Swift Grill 1142,EG,Online,Food & Beverage,Direct API,Nadia Fouad,Onboarding (not live),,,0.0,0.0,0.0,0.0,0.0,0.0,0.0,0.0,,Onboarding (not live),,0,0,0,0,0,0,0,202606
1142,SA468087046,Palm Schools,SA,Online,Education,E-commerce Plugin,Omar Al-Anazi,Onboarding (not live),,,0.0,0.0,0.0,0.0,0.0,0.0,0.0,0.0,,Onboarding (not live),,0,0,0,0,0,0,0,202606
1143,OM226712673,Crescent Roastery 1057,OM,Online,Food & Beverage,Direct API,Salim Al-Harthy,Live - never transacted,2026-06-27,,0.0,0.0,0.0,0.0,0.0,0.0,0.0,0.0,,Live - never transacted,,0,0,0,0,0,1,1,202606
